"X1","X2","X3","X4","X5","X6","X7","X8","X9","X10"
1.51158271701296,1.40800083130757,2.37334034679587,1.9643694230043,3.90736721121219,1.34619080286755,2.62983030595588,1.58457950802658,2.81000567763635,1.87196734914803
3.32787911772803,3.36021935241002,1.40988382461791,0.782954963891973,2.94519589306695,1.51502086352017,1.97898596041353,2.2904505763568,2.46014864881793,1.48431337103571
-1.66642481117223,0.630099902150132,-0.0558232018091498,-0.328639026769601,-1.19127583662642,-0.266698539323379,0.667919843585878,0.43639143655937,0.651927159800486,0.872276017496652
3.52385050715567,2.04876986000096,4.7856378184846,3.95740492340592,2.36833258377829,3.09432468155438,1.86694685770509,2.75604385473439,3.718155962572,2.47395385575849
0.814322994641458,3.52025908469209,1.20325500761886,1.97584967591884,1.382135865,1.26551727813126,1.81389381738265,0.671048539658547,0.870154664902095,3.20536726331474
1.34317020621481,0.37448948766906,0.369567739765658,1.39727082381952,1.34470696660358,2.67032580558856,1.83483643956138,-0.750930304295599,1.63082578889912,-0.239019267934304
1.20145527107624,2.28347676394681,1.90325361288672,0.623831178099585,2.88648417211458,1.65249733211693,0.8362965595221,1.50550264762457,4.2042695767171,0.791426739049268
1.67296076866868,2.19949666953904,1.7070065524136,0.765760254763436,2.89855599605863,2.1950412197172,0.947202199904908,2.25363276583496,2.3386237888983,3.36703819506075
2.44670570095625,3.74455920791842,1.5563888357376,3.11591659109832,1.74633915817543,1.15990447746591,0.661727356702171,2.80561149158904,1.76540345424071,2.29875869023246
1.36658334247004,3.76684680161884,1.15337162395104,0.835757417859926,1.24297215100641,2.61071248742614,2.24769252921617,1.99857253076183,2.45880943769967,2.65524884050231
-0.212782653233666,0.131869374586217,1.89120278100932,1.31173230131648,-1.2512447038943,1.21740101033367,1.86890585359978,1.20345801181535,1.61337703530404,1.56445230007774
0.296540421729925,1.38361365299302,1.73173588115985,3.02632659822035,3.28626081244785,3.6047834593487,0.497237922198405,2.95933499626713,3.1285085409486,1.49521180404148
2.72730759131104,2.06904023447952,1.60226031085473,1.52168034746338,1.5491242168796,1.32882888401156,-0.0687655381981744,2.10491231377203,2.04379364546881,0.365126827558018
1.17019548821863,0.438968529043527,-0.101883653510747,0.585683065450056,2.44375186298376,1.05991864140539,1.24018792982694,0.236064554532634,-1.90674562381959,2.24742269699681
-0.401184227657026,1.99344061896101,0.0315683598857437,1.26730457925502,2.29597701555032,1.20693267485542,-0.406789557119379,0.210326855372097,-0.430288618021779,-0.350624653778171
-0.218376197596254,3.2307507467092,1.96001997330862,0.831793872762933,4.05983654077799,1.46613149076895,0.219162736089964,1.16363968374504,2.38162271161806,2.32392670188991
0.254052731155862,0.774911707541713,2.38185984812371,3.48864920381199,2.83682785656049,1.31667710971124,1.12879529213787,3.43775002407415,3.64997429451831,1.8300594438728
1.31819007579189,1.03680211532603,2.73732454799545,1.28300430568174,1.646362527237,2.11377585696512,1.25829414885361,2.00671336349299,0.616997943572666,0.0788795490501895
4.97352314680354,2.9232476104134,2.39764798376128,3.57947818942681,2.93271762939632,1.66726796699072,3.81804836788394,3.73008154398476,3.9279872182159,2.64606922808526
0.919185829602697,3.67346569196692,3.14898769018866,1.47432755705156,3.02753589456729,3.04092636472025,3.60594313388894,0.483817500165408,1.31721536373933,1.94425917747414
0.563651568709701,-0.889015271607769,0.0214834973688309,0.00149568669070359,0.759069522002599,0.656727120382779,1.57210266754263,-1.45474344441079,-0.661613125023906,-0.29147668877597
2.22833431694239,1.96483151160141,0.794196736441681,3.83207396604838,3.07056518341623,2.9450536866871,1.58476235923466,0.919446685414335,3.34893640022848,0.0516682102326838
1.76070057036496,2.18327502812486,1.76719332151049,3.45517461048081,2.92317232118974,2.48868580116728,2.1854991530655,2.67911785109057,3.20470970598262,2.99609714879026
3.30063231268679,1.01773970767439,1.475021674936,2.64400527289897,2.15524418012458,2.12709355636639,2.53946635691388,2.77587599732256,1.73291172273491,1.51971136695585
0.417353321187133,1.59041323826951,1.127049514794,-0.250838498797648,-0.862515556293501,-0.129069956399656,-0.875632627218605,1.80463246187165,-0.611998272152146,0.640490147305728
1.05735863044245,2.20607326273156,1.2064703190837,1.83288784062865,1.01814781203415,-0.196408534744935,1.47290226227861,0.629194760479059,-0.757698864123146,0.721005411244195
0.928943288126408,-0.179660444028508,-0.294337449970017,1.28641249834452,1.07572851561603,0.376342091910151,0.620231424224163,0.397524971656938,0.485403782673194,-0.539911116084264
1.45207254927771,2.6553999896875,0.232508005935003,2.74916782677345,-0.37258517726275,-0.805060714817649,0.904501600634684,-0.450529229676168,1.37990134597505,0.377280509762348
2.57620960652797,0.696523028575266,1.1256351560239,0.24091234036234,0.16777872526717,0.282997568915747,1.86070086836977,1.45153327031499,1.51569246618421,0.030163570783835
1.48666645841188,1.54275688545618,2.43631711857795,2.10452287056268,0.342412888815595,-0.618256738413858,1.59444269772438,1.42163734931591,1.62106385908786,0.904375107859001
1.25569556485582,2.08246261613611,2.07114835571636,1.49876157042098,0.639786542055796,1.34277442956548,1.28693697820456,1.90928652540918,0.606932196676303,0.301415931941903
1.97641562779519,2.83600876528425,3.43360536078515,2.06360781265012,2.55705631982824,3.46970074100709,1.66822608071882,2.57080015975624,3.29692262593613,3.63277297117372
1.67183375919482,2.57511759342571,2.97504002729236,2.91073349616181,2.10686278577566,1.67368585374061,0.667106977937744,1.47485138304744,2.53816840157215,2.46807229464025
2.59695702675173,2.45104174902988,2.9492347874996,3.53774628928321,4.01207378948275,4.01944065167341,1.86335183891,2.88694844092053,2.44222706758991,3.48492530804486
0.084679347364128,3.2269786462053,0.0148422022042428,2.52601606812457,1.26850411790297,1.02525551671914,0.740583246092049,0.334557681967088,1.90858244452348,1.2569896181375
2.26379345250596,2.87919200542526,5.03087292791171,4.3665761351277,5.90801454138991,3.62727978625441,4.10821099621888,3.56719415627483,3.35263154301309,2.02643878091358
3.44281117178304,3.40235250443079,1.62195932757405,1.29730957046293,4.62713081409872,4.64577663868242,3.00117461303751,1.87496344759761,3.50423778850235,1.01187834651548
3.01410451328195,3.63728854694664,2.69054873472536,2.72793612875233,2.10305479467976,2.38018789154094,3.14842088076091,3.73498471058907,3.16133382922809,1.98212991883545
1.13428031637638,2.62906541904564,0.0374335074848926,1.20164866546032,2.77818820525185,2.84311455506124,1.25249905557998,3.93080542848069,2.95677026272391,2.88207024306829
-0.132856886459462,2.27544918741763,-1.073417322439,-0.773297684999237,-0.405554375814219,0.110765117286589,-0.0964861629488605,0.432901393562737,1.2463767838596,1.33164972854211
2.88058054994533,2.14661964695579,1.10838536851684,2.4944835592213,1.24799741434973,1.17719559745731,1.62470140669038,2.20355183612609,0.531709198256879,2.3291430653217
1.25706442857678,3.3638616365651,1.32179238510918,2.55012907337221,1.61770880527745,0.958496128686126,3.89305394951437,1.28565029448737,1.97894669953205,3.66499299482111
0.866824065462029,1.89098128621418,2.22021009743546,-0.376738564758367,0.00993184580057538,1.70131093988433,2.85407730833888,1.87587205500924,0.669997287117645,2.47789224586891
2.5593195478227,3.6039285294205,2.07970165288325,1.99440025735941,1.63867459999779,2.05622415561615,0.600548362676582,1.15784648310183,2.58250884608758,1.71104204285998
1.29393856827735,0.460287185306352,2.02599882357167,0.859074181318106,2.8470822050845,3.53065686783215,0.668668620365067,-1.11291308717887,-1.75965621713829,-0.0339293317938945
0.752715524689813,1.00341965894736,-0.223220969267566,1.52325341747066,1.0668606683301,-0.894890936178667,0.914841590394414,1.69370363873974,1.62656611548838,-1.08596021403792
2.48640656029253,3.63317765846756,-0.179518209132539,3.79790492801722,3.43865733706648,2.79126896111656,2.42328537278747,2.08396945829681,5.68851922673141,1.24392050397357
0.486985705047554,1.81922021363256,1.72904432408745,-0.461047965995912,-0.0480374833211725,1.03260378973771,0.689159864639117,1.01896564093612,0.918125517491175,1.21393780788369
1.86229348982567,3.26074318222745,1.34385229660404,4.1121499084499,3.77646047341471,3.17113762748803,2.08396980900013,2.64257323978617,3.12367721732189,3.54400309255738
2.74478574558081,3.29245989581387,3.25681448898654,2.74066962860232,2.51734387287781,1.65955202109388,1.59192250507973,2.09338512996696,1.21952288612123,2.71694222177429
0.336928008461613,-1.19168150808271,1.4597184093786,1.1325628783474,0.476094138093146,-0.442869653760944,-0.000176481423794783,1.67011250735652,1.87346371980804,0.12463881560458
0.219695000736406,0.198953227470706,0.932969745561925,-0.174806618903872,0.626744666838393,1.10106763727701,-0.740023029458405,2.02173878748921,0.195147806273942,1.77224340784783
0.541959741844513,0.3194461550081,1.15458260394883,-0.404371090346769,1.84901095346728,-1.08252999572862,0.135125719613623,-1.37274966636173,1.2571202575855,1.10382121078393
1.92137666239664,1.55107034682275,2.64253142024705,1.68309861595915,1.86543176301008,1.63537964113417,3.11541646373141,2.17037628739465,1.08528247824067,0.742957028512229
1.07723707191738,1.47987141634464,0.425054940083923,0.749061522093068,2.84217594624742,0.811484684649394,1.13909884209859,1.24956612566499,1.98237731183273,2.26024794161528
0.724237828222181,2.40781927438395,2.18851355590633,1.71251096601801,0.29056053422035,3.6104646226629,0.989474920685226,1.60891264148516,2.52763503465658,0.868397101429959
2.28033650921407,2.62694431742458,1.5897332169103,1.57256372947975,3.3706008268921,0.123748683597105,0.990691870257906,1.59446506607798,1.36820768475817,2.26419239180295
0.288378532901902,-0.206714531446999,-1.50237466439438,-0.613054487718916,-1.46318081045735,-0.310957383462766,0.0125715114495404,0.570099236278544,0.979841322115092,-1.56326460587798
2.88481866315955,1.9040162344715,2.88615572911305,2.33644962375768,1.41484921275963,2.53174126321238,2.03696718373716,2.00413637795796,2.08411469233336,1.51591660794124
4.67011103839252,1.89764699324762,2.23067988256066,1.66028255275986,1.08502393898209,0.953826008949244,1.01166219149323,0.882151158135199,3.11648984409481,2.10545680725795
1.0973513648529,-0.141957006785353,3.05514395470247,1.22964035852254,1.16715244827197,2.34809600230092,0.846651871078359,0.796986221520094,1.98060717679157,0.780005912398116
0.343252878488127,1.3299092073857,0.826731810497036,0.649507476483661,1.24982996506584,1.69446472495569,-0.980763088802499,2.71747580019635,2.38972215111473,0.0565013459907482
1.85718807897625,4.0886138475599,0.624760783141657,1.17525198163709,2.71796356924053,1.00629618523619,1.5968913170742,1.55036457285902,1.68220664667331,1.91055617571423
1.48858845195252,0.330821627366141,0.982958629458285,2.75141896739763,1.7261151987697,1.40777209405256,1.37526106743939,1.30801978953705,0.746093673721165,1.50192435824129
0.578075158167071,1.2226346873347,-0.908631365139845,0.995142731437987,0.68373784936235,1.08513919461041,3.12786248522209,1.09263489321533,1.35730711495591,-0.0614191454256101
2.74252874371583,0.565500147054604,1.38835524902166,2.45878230906501,0.850963577717335,2.59270032903155,0.652945916167319,2.28419297165179,0.47647026067369,2.27898077814079
2.26194471833681,2.93917721432119,0.0397310131895501,1.88892113657831,1.77033127104362,1.1716146433987,0.982338961289013,2.72735522344976,0.721535409476962,3.5001657768205
2.94398032396244,3.82837507525394,1.30181121498503,2.92312670476821,2.03677791911179,1.50830367854617,3.37370746235962,2.87451435892421,3.37278461570946,2.81340969473066
-0.0941274844027373,2.04240267296437,2.42402207866232,2.79150838982561,1.23000408822273,1.15256919311783,1.60092829224522,4.41210611023313,-0.743024107365499,3.07044416429291
1.63195655384542,3.55311604610043,1.03387911034888,3.48079160404014,2.41731528106975,0.776505347116966,2.08747362173355,1.70433941224348,1.07677739724692,4.27516326744755
1.93530935914802,0.807414309414704,1.6898150979737,3.53083917850692,2.68677261412809,1.05086636553776,3.44899053188649,4.10114451048525,0.544735416272941,1.40699896965228
2.49111793988432,0.603632310115133,2.64738197805587,0.898060730480681,2.08764037712352,1.50956160286926,2.42311538929167,2.34174700313213,2.73513146708993,2.63647640695107
2.32226155736582,0.742129356245566,1.26653519890143,1.11230643375491,3.42560636976567,2.12865026665042,1.32553988100104,1.30052560056863,3.62713940640322,2.0718567190609
0.879399784279887,-0.689436395173314,1.32769682747073,0.750673487557066,-0.350730116626594,1.90483440015999,2.01339158769779,-0.168874515092394,1.42077228316205,1.47483898950802
2.43340586531814,0.164783356659073,0.090240589251384,3.38151455999538,0.903685480474867,1.85256219208961,0.260952933180243,-1.26274426800289,1.40773771003557,0.883456176294356
2.50381150881369,2.04216420781783,2.40839830595402,3.2567036103206,0.194393275391141,0.789998695761681,0.888417903599135,1.5595210296355,0.302913383180476,-1.12154894620553
0.598440266969148,0.918578150645945,1.48250902331546,0.802493768561415,0.315539910950995,1.95928515583258,0.376605975996956,2.56528354271288,-0.349349355676885,-0.178485650509439
0.680014196935836,2.76942013406248,1.33605337402183,2.4865897472584,2.64217556694916,1.20161529945893,2.65973503568168,1.44839629367181,0.969315863921741,2.26453195732949
2.27329887747761,-0.330908270223559,-0.882603826538899,0.308038638476888,0.726442845530355,1.2558370060061,2.04768776250762,-0.545160822473706,1.00992110785915,0.466048152369286
2.52652774899975,5.27277520103803,1.94605640083958,3.14054069544678,2.92679739767707,3.5175259355016,2.9996102226122,3.36566099958161,3.11797749519658,1.44763782560923
2.58928786194767,4.25792846743496,2.30121732115808,2.99481253385236,3.93266380837292,2.79490609498045,1.65627313936853,2.75298313110226,1.08557557082789,2.74421778929985
1.81271270821073,3.56513965282436,0.878735360426573,4.00758020853885,2.29822880288359,4.49155161296539,1.61474156836473,3.94828128007737,4.12351247573234,1.95904890669527
1.87907970022797,1.33128670773528,1.00579379011529,-0.104712763730421,-0.155689558546144,0.370223237524725,2.11845586186655,-1.16871891060182,-0.052067647512924,-1.43251921766198
1.61178503527884,1.85627684361295,1.52092107164755,3.95324629111228,1.29643711137519,2.6256431396009,1.40515184248678,4.36360148042037,1.42841800125941,1.80976240604924
2.92982335058983,3.95449544910403,3.71756657764481,3.64082269558837,4.56019659511144,3.59807565195349,3.78057212499247,0.841354064158529,1.0639580751811,3.09330028268617
1.46048152317812,0.662565646056307,2.91008664387645,1.25908116185721,3.06321647184916,2.30746304676402,2.08601729096116,1.53858806951234,2.12249463618091,2.33291121707097
-0.30543621107611,-0.83345217563637,0.54260868284342,-0.966941079234001,-0.176141834627592,0.552591038378503,0.929314954886712,1.17492042862683,2.14764937858132,-0.585169492458571
-0.24946653852858,1.02426453423977,-0.154662297296354,-0.180179259799855,1.01106801288479,2.23354885986245,0.19475798285336,1.6811606831939,0.694879213945766,0.422991620830954
0.408202132282836,1.84700001303438,-0.0972136138935429,1.66765409366337,0.621673028093364,1.40521162236441,2.46486505240373,1.0122878482858,0.999295449110823,0.791610995299848
0.289690359281087,-0.349099810016637,-0.105306916253299,-0.289814571094244,0.557407376146081,1.26582702348466,-0.189564687631903,-0.0896736680243682,1.98457202111494,-0.440058333643279
0.430427107388542,0.863119152747186,0.184741073371277,-0.0836982828545242,-0.656133550677169,0.156973688775086,-0.512121834719462,0.000999233106735747,0.373612464774577,-0.170806238492638
2.34989849256522,-0.146625500887845,0.953061493551941,0.907892587528203,0.26041029800561,-1.21230945484678,0.526391395498267,1.63248793276887,1.49402446101289,0.473403046071957
1.85197491231713,1.45747705511171,2.56963039799322,0.811744241323492,3.26065074510131,0.831353241797473,1.31321092309927,2.82053442709211,0.937249912658653,3.74087261586619
1.26983049558439,1.45503523621218,1.81822801795299,2.60203457341528,2.05606614302823,0.948556922162085,0.415898785214006,0.424171229310731,2.69165810266189,1.36636736991391
0.475196329557975,0.590139383064655,-0.681304848861915,-1.11130890441492,-1.33510174130667,0.810836878981047,1.4017899674404,-0.820089885027551,-1.45630104672723,0.426129662964764
2.05566062999781,-1.06849443985883,1.45763618694976,-0.596464443187624,2.50782090585343,-0.536274359551173,2.54579463683233,0.622976928181037,2.29627671635483,0.748231297849814
3.09000395106906,0.830409577588233,2.04733765387871,3.66934195609636,2.52124524379223,3.04949633567531,2.46049793589015,3.7584093564352,2.54127860023625,0.749593716645395
3.23745673524169,1.35614545853714,2.76657762739868,1.77288217508088,1.40221745618227,2.56121621764947,0.4544387160076,0.670136471365349,1.63885643873566,1.72895021279279
2.19327286104148,2.41552071844831,0.38092900691594,0.629470285131998,3.9653251704131,-0.155558375231102,1.78441723071574,0.373597131518824,2.69820417285782,1.1406107204829
1.66577297418875,3.28630361134991,1.28264244841178,0.626724737189985,3.17107899192113,1.5455037597245,0.934759328002342,3.98635475822994,2.24714646851598,2.07318027300082
-0.324166843631721,0.172990955783208,-0.986390973949186,1.4882477503458,1.09344672450462,0.809071498203597,1.36038445375087,-1.01192187249512,-0.147145218476654,1.08369530657338
2.92887638823451,2.02478771336483,0.577521930386697,2.62470011510566,4.071587133432,4.09111099468759,1.33075316894468,1.41102948479986,2.33500801484853,3.54138980493393
3.26648057965191,4.70904834482412,1.98811538799245,2.09919339984299,2.62989786814168,1.03918163543484,4.29619330245446,2.32485525812329,2.8862716283546,2.76820125579658
2.10526516769301,2.08435916559635,1.66503955872965,1.16814313252544,2.07635234774017,1.07374744515397,1.89564763242052,2.31261548093797,0.072195687402328,2.13048241222803
2.62690026044911,2.22738900696874,0.98304902618866,2.70041766217385,1.5617247113763,1.53886649102352,2.31340952518123,3.24395615814387,3.04285167476667,1.43948784834046
2.14190435033171,1.88282684287443,2.10966817969417,1.94371689593223,3.75746386405702,2.1530522807483,0.263271716853165,1.53177922830472,1.45364399315103,0.418678619255338
2.79995264045868,3.01775345265069,1.77191467520531,2.67816770233254,2.24833224781128,2.45336651152116,2.23905531774631,1.40501787695047,2.22319175804877,1.26284132725335
2.53711792173011,2.4100897690192,1.03997585489414,2.9013983455353,0.845327027460773,0.965220365544769,1.48452506353432,1.66113163164339,0.261125483672532,1.01933656717392
0.632301965367352,1.81371326976732,1.38099813679914,1.12210862706083,-1.10667165337562,-0.27817532828951,1.61529525572481,0.786338633407596,2.74798627657802,1.47157571379167
1.98801071324794,0.903678923953988,2.04759391040716,1.51750045944064,2.58985299756266,2.00309910751731,1.26756374174518,3.3502796013305,2.48914123451498,2.44894924043295
1.4288722017483,-0.142711054009683,1.34360139959161,1.14550580419697,-0.0992526782105003,1.20242338038679,-1.68112435743994,0.184904000811177,0.0645940319474775,0.633351062414065
1.44760534394538,0.273290821964933,3.09319348135356,0.4395189468279,1.29299712013605,-0.534554256738762,0.622811546193443,0.599785794198272,0.524908242756201,-0.289371269416648
-0.453608111103891,-1.92982139937478,-0.548637980114231,0.237108315363476,0.0662634147498246,-0.467462416759433,2.7630048369871,-1.69204578985371,1.02109282448371,-0.517679935364918
3.32205242728401,3.63860284244668,2.15796278303573,2.67009503145924,3.97477547785114,4.00355577596479,4.20126122777133,2.4571283209815,2.16184781610608,3.68068072965398
0.61522934288813,-0.0101145697202807,1.29192154091683,1.39593950996415,1.34160305320848,1.89342055249969,1.45072048924492,2.77928372151783,-0.459768827018477,0.569473605179656
0.440110108010058,-0.791393830727536,0.488337023229882,2.20086012230962,0.953584753367993,2.47695320149136,0.554859659748747,1.39038905073358,2.15159981536955,1.96360366221898
0.977663081882736,2.78449471259925,1.49300133905149,1.69789739992561,0.303260282766984,1.56700987002337,0.961873360675595,0.177714565015769,2.14938381355591,-1.3695884225451
0.0169590517498694,0.215230983977681,1.60931115203072,0.378411344022415,1.20613611729536,0.937502501137996,0.462053445864766,0.00713852669782433,3.03019189293499,0.446311849344831
0.364049542037274,0.478385031372555,1.2366474152712,1.39912633756529,1.33902046736987,1.12978318812213,0.993690622409394,-0.175798655759321,0.369691734361753,1.48175236947858
2.79217666963877,3.43250918898561,0.503392151006056,3.68245782816336,2.1623994965115,4.12295766039291,3.47153556524284,2.48069671465744,4.36268493133804,3.48856061157933
2.3684252715765,2.32547557965947,1.58280499526071,3.12273198998261,3.21219947542171,0.506471983292421,3.52538158021934,2.81148941057463,1.87993961302767,2.06488820004139
1.63973392962265,3.11413098885472,4.47453073785186,2.67352727798118,2.27549652110172,2.76947593637322,1.6050081867095,2.36051256856808,1.89715895727681,2.0711515956247
3.92230164514869,1.63516510403869,-0.0341127843328342,3.43824346822063,0.541256315860023,0.968313667560948,1.12044988524426,3.06576951274899,2.51288874675208,0.116487943543133
0.0287341706562059,0.21440828725546,-0.28727486276811,0.868575058536201,-1.34306569141574,0.767718022362049,1.07184716085756,1.42800184280399,-1.92322976834442,0.263358652059543
-0.0353325390142563,1.29450051942531,-0.897058174344407,0.637088770106244,0.62186835337627,1.20754289897633,-0.047110214564128,1.74998653193798,-0.633453906311177,1.8310006560099
1.50058487663782,0.688305021779193,0.665986178893623,0.57143061387291,-0.561411239671874,0.524026740913342,1.35546912063082,-0.153726192872699,1.75775391976125,0.484888356108581
-0.268384629521169,-2.29259811089386,-1.43911958614377,-0.319250924771556,-0.858211037537233,1.13764336663005,-0.963612144784275,0.78417122699269,-1.50298531871735,-0.183988136377617
2.57675889181385,1.29607808306061,1.73001170383273,1.08906148608017,2.12552342733913,0.912488375347348,2.76849865022187,3.48902415287448,3.13252428681929,1.51373082665789
2.51152879729905,3.24184311279653,1.95226392530314,2.21120508228828,2.12369860672682,2.22452826232842,1.17683192211224,3.13483617629411,3.00183327747352,2.86106926858514
1.9081660479174,2.33948118901775,-0.0283452721289748,3.16829931568665,1.30472679993915,1.00446119678824,3.06156962405834,1.25729457910847,1.42004719721824,1.95543580748465
2.76321621739801,3.81464553814384,3.76927920280913,4.62112081038647,1.99670744260371,3.51483335663514,3.22095429758477,0.815955429658312,3.69557919901593,2.35639730470596
1.89231470368816,3.22523769794646,2.21700215134404,1.13816601904072,0.0733003417220683,0.797204194404348,2.14268399834767,2.24207243004858,2.64302755211133,1.8943155810996
2.28342807003892,1.1790249951715,1.69455082991172,3.13422009637198,1.00260133660126,1.77913897667425,4.68114720421885,1.19352013186462,1.55449997227891,1.65744472908515
2.73664846197268,0.809200981484482,3.29560521207937,1.69573830233667,0.427813698044424,1.74083219078495,1.73052218955283,2.42532722495464,4.15765938460807,3.03472224405901
0.383285547103067,1.53318263240046,0.448112125462112,0.227751455405978,-0.157536704343165,0.254801993117375,1.0479422258217,0.90082987116756,-1.62261331522724,1.9386020351772
3.02400746681599,-0.023383334351887,2.86148971212275,0.0377398630856345,2.69286841843955,2.59542109737108,1.7685429244555,2.31338180618223,2.6367910458337,3.13991189980158
1.40761019051526,2.90734858826512,3.25364638060514,2.53225959491597,3.27928869331508,1.01222399646341,2.62036492593368,3.58876591729724,0.842165038898988,2.40716903190147
1.6375095966235,4.4401198420365,3.21496076962566,2.52247254241714,1.60934491529061,3.04355249030233,2.41496957665696,1.8435671511375,2.74134632158265,1.84704155214002
-0.314651633642703,-1.24814912081886,0.441204015511066,0.0669756986220814,0.236526599502441,1.32601197902876,0.299523099908305,0.851604711175446,-0.183012000056298,0.743392383846618
1.4264040232215,3.37258311487361,4.09764380282322,2.1124852388204,2.06437902290786,2.680080046194,2.5032375565766,1.04320924406642,2.05289170288331,2.21906513993537
0.191532823765897,0.601990918006785,3.07868807407835,1.90636023569797,-0.269382764698639,2.39539136549767,1.89112818762269,0.341306062960958,1.35799637318094,-0.35104788084555
2.26971799325927,-0.413551544280218,2.9495798805026,0.0246125608757919,1.29437525384801,0.737460547964047,0.439534366415466,-0.532226216900938,1.49228423499859,1.53961814436154
3.69124915380933,1.75040734924771,1.93035798100451,3.04427647339744,0.317682445118891,2.6740123314951,2.83717701069906,2.13059053360783,1.9637329875809,0.799172213886045
0.216042550881196,0.947843151253418,1.15313446523679,0.355320385371462,-0.349872426506197,0.801485973555375,1.24431377227746,0.349510929676156,0.947750968152651,2.1646735683737
1.44795138750607,0.858064413506809,-1.67480600359891,0.941023373424805,0.841013337558462,-0.154981151336826,-0.328024856400905,-0.274327532681022,0.813835923185088,0.694646878327819
0.784657749880681,-0.266223772795718,1.6028091293019,1.94487656254689,1.29940762117063,1.35576786695011,2.20081384639431,0.611095037580683,1.0426571416121,-0.150980682285133
2.65693458418669,0.362763181140943,1.16812100677531,3.15302716322353,2.1002286435031,2.76834265423652,1.62121776297416,-0.337785678766815,2.24396168655762,1.00872732623394
0.00221770676058102,-0.307393927478386,-2.16165945989036,2.3080359270696,-1.45883104192066,-0.504426319018973,-0.142854859936988,1.45438867952294,-0.318099532814952,0.399821689302682
2.37993811103327,2.26191950646166,2.78623964259073,2.43812836146297,3.46991774922011,0.943636727668843,2.88767396955452,1.71437329765121,0.701733964807227,2.63356992532006
2.50755610804003,0.909036145337754,1.00289208624803,1.51137195594404,1.89669644578338,1.82716458948739,1.46195504325951,1.34287782948895,-0.222374271051124,1.967577075509
2.99358493326655,3.24377896418354,3.95792047152121,1.64676234301125,3.08180825008625,2.27064714968698,2.2234335665937,2.55414219404376,2.53476360290764,1.60769465422289
1.69062477385915,2.9138470338799,2.75995384170073,1.42286668248125,0.571178882626955,2.28204688222763,3.02074330087015,2.54562284329146,2.12986515965682,2.48240484027316
2.44743253181075,2.47984460577858,2.88515925209425,2.15998804778035,1.12827081494522,1.61367143355562,2.48309498220892,2.37723738640835,0.0268077431065927,1.38763223300956
2.1118962818474,0.964635657041165,3.089927785355,3.52490983627884,2.84882467293775,4.67631911493902,1.08964961758176,4.32111268984574,3.06317253033342,1.92689811117151
2.0757592016278,0.450301146882182,1.50085809223499,0.972614147404678,1.19425743159812,0.547264189313557,1.27373156105673,2.0878923533158,1.72114251304398,2.32794383954396
3.15358458878171,3.03091180401578,4.040123144564,3.10761780819792,2.24566447933523,1.53011686221034,2.02336487792568,1.83230713389763,2.69980843123437,5.28611770247975
3.1328186919343,1.60531207929501,1.8209603384588,0.909353144495085,1.0249747367532,2.68206276047801,0.734975930769906,1.486373523132,0.595905859453771,2.12369145692357
2.17802540205766,2.39260479613935,0.340431380894177,1.15790223679998,3.12996307436229,2.76345213862276,2.57452158100311,2.82490442779425,0.793684955605263,1.65094547247495
1.29838206442741,2.88034775690497,0.986515235872807,1.14465103584481,2.99308781574599,2.42956731694285,1.6311191935078,2.22077113282878,2.85222749053896,2.4018043781019
0.572767351802876,1.2773303035225,4.38823563200736,-0.267707083298643,-1.09054780017928,-0.981092365429129,1.26427385394966,1.56911994026474,0.675158434011129,-0.597649817416231
0.74028938910277,3.26280598653503,2.30137783958099,1.02260975788032,1.53854933646162,2.24378009208147,0.846904958857366,2.49072581323719,1.55802758548897,0.802072671358818
2.52154981707469,1.81383536809207,2.05468108495241,1.57636892337486,2.16623800939379,0.824841752172367,2.73321820543906,1.68283960403596,1.30536712064854,0.190588423145771
1.51879470850126,2.74912933114448,4.76418169590449,2.7585912428202,2.98665913189038,4.10651394392844,3.10802180923109,2.0952753934603,4.5550559822045,2.80601683443744
2.5425633066398,3.32992743571637,4.39155780732666,3.01568213737986,1.63203041368483,1.1385167881887,4.63119243789523,2.15417419408183,3.31901146815361,2.50651639727371
1.14458333118489,-0.265249321595066,1.83834506925547,0.454628194037103,1.73908905069091,1.43131819305716,2.71482396121581,0.546537924092391,0.369783546411538,1.32844734794166
2.26388724405842,1.47785813949086,1.17660997991084,2.33512905325554,2.40402354145753,1.99455670338826,1.86506811874886,1.83645191574902,2.82409075042551,2.35056631134052
0.815856420327423,2.5826124201964,0.586904984865607,-0.317193832134792,0.768324795852073,2.89972073679347,2.73562491654553,1.54303117004071,0.507404091747305,1.8036310161093
2.16449031868829,0.864551122898529,3.30255449567904,2.74524942858149,2.80098212854249,3.09628004734301,4.71678958089555,3.27870826428588,2.98636414471988,1.91485672142748
0.651305189503768,2.28845072330867,-0.132976794385232,1.62035767224256,0.811280652494488,0.44284346144152,3.16686844731525,1.49362523040308,2.19023279944216,3.00920250075075
2.46943315160269,1.11408247815764,0.753916512482955,1.65817001698902,1.1377749946745,1.42331495698039,1.55658563009328,3.13416515357665,0.62899963662811,-0.138453216617294
2.44585266152199,0.667250056964413,0.179944617861715,1.11894317937157,2.0937464275289,1.92394210542372,1.87377025009124,3.64042830901968,2.81748758767478,2.74568523545635
1.68502439986281,2.28995340715515,1.35005832305106,1.61796282421779,1.91386989120395,3.20853482788061,2.44475875391617,1.72790122449381,0.600719841314093,1.88374213426571
2.15435002529748,0.197520695295704,0.796042314556403,-0.673857110313441,-0.314747922947538,1.74817223192588,0.0487329363469891,0.775769158700353,1.49444285747215,1.22664674839866
0.702795394237588,2.04525445553474,1.29674476485898,-0.621720362908202,0.347495636898188,-0.0143369004408425,1.98363238286298,1.52634981418446,1.64744939356868,0.612327707625232
1.79407499555973,0.536108089883389,1.8763220874116,-0.0993236629939866,-1.06830299815941,1.5834499814111,1.33959027469886,1.32618473061411,0.789746045111808,0.867790702931015
2.67922435991214,1.8164269750565,3.00375084478323,4.38463674391957,2.96936839481919,4.29096291813395,3.38906159677714,2.27936028051057,1.95162883122297,4.09526737525683
1.56806965162618,0.941501703930237,1.68666963623239,3.12532566537894,1.19678002751707,1.82670057489159,0.469700103484906,3.28939854973643,3.55117426743018,1.29683193300561
0.00920049210943885,0.121751569068657,1.37300812467868,1.0314539096756,1.0137489278616,-0.0202653072377277,0.796579578468115,-1.13014928794147,0.0650958590094805,2.21857120974555
1.09440083835712,0.834005183404289,4.05151058219955,3.77813616643521,2.98790722005687,2.27665115933585,3.66192013045778,0.903706410149585,3.21495997719211,1.49298362874316
1.488811789543,2.0287959418267,2.03196276274221,4.82156249067969,3.35390474851806,0.83718116561068,1.6787794270526,1.37052034226362,1.63212246769979,2.04154611530072
0.224896373672934,1.45952422675377,0.817379768768833,1.79096764256565,1.07602306164535,0.93859755719914,1.7242076355267,0.728236061362207,1.28834467644082,0.966674773670425
2.50104168030686,1.80433065386712,0.519317379648863,1.94543679461299,0.287302171921327,-0.0371154479456246,-0.291817098826042,1.07659299662634,-0.342361094080109,1.50118207291558
2.77623363986577,1.3876687070326,3.34156629039983,2.5462865761689,2.51334450378303,2.49294117628799,0.58693645420779,0.725853871616297,1.67495154238695,0.890989927555538
0.372081217593861,2.48440749327609,1.69356613841676,1.46327010439642,0.717414383721133,0.336090199405706,2.37610091690994,2.08393974425997,1.94254818170178,1.23066442883887
1.94186775897651,2.72705523354415,3.77048242974241,1.74000772074868,2.95866861501848,2.67443230631358,3.03643355376771,3.07947826284993,1.81527141798279,2.69270625877284
0.365014792314011,-1.82655547623802,0.440378372076373,1.29292759638221,-0.341403373226159,-0.48204328896951,-1.00952304930846,1.24261849720558,-0.0779213277034509,0.875962772401029
2.36748067047378,0.873445264925785,1.4797102075644,2.40209024664139,3.26859313196735,0.167975756479656,1.84780600193951,1.19399610827356,1.25245578134509,0.492480964268798
1.87612523660871,2.41951403560058,5.03406620501123,2.54270368649746,3.92080577691399,3.23315033942731,2.49023844099728,4.31596622216361,1.77624212575549,2.91580714941849
2.46468491722564,0.872131634852993,1.42012596227724,2.61051549060674,1.72478951500297,2.46518653149234,3.47331988798709,1.80292248688643,1.92389313897285,2.00691346353327
2.29199523047789,0.381570899012367,0.251507244043725,1.22603632803384,-0.507545937192988,1.76095665155293,1.18964340058529,1.2457705830138,0.250430456012129,0.573216022753137
1.90732324269116,2.42690288215061,1.80219240048506,3.24344803765388,2.27616111905118,4.08445121146116,1.54165570321929,2.86638779790347,3.24802850584933,1.95189247630357
2.39346543335123,2.63131163175552,2.29054325964185,3.26802235337355,3.32658988606361,2.65107390254348,3.462063463088,3.62527644571931,2.49585161094916,3.92369417279136
2.27079829548967,2.21925419158043,0.530190886501787,3.25117700365756,1.77634130818794,1.82654834282316,2.00949970130311,2.60650030628876,1.54483844681155,1.02339769555493
-0.298757241784423,0.342614118056806,0.452045859538191,-0.244240898149752,2.15773059097237,-1.64524224170424,-0.204579645780221,-1.3959283838016,-0.133285602325415,-0.881255501873065
4.22168315043896,2.60961031253665,3.05798592279693,2.33871481924076,3.81126815431752,4.97970731369691,2.77361527023086,2.83927630573323,4.09358482703214,2.44484424464416
0.843886722213951,1.36560970929617,0.180785239681122,2.00495292237001,0.795157151434005,1.56423337190161,1.37194763868287,-0.415767377197293,2.49927515870546,2.48143422953995
0.464961142126563,-0.639498649740079,-0.224867112946049,1.17060275405147,0.44988825038221,-0.768710534111337,1.39034814703867,1.35778393709877,0.427330000469506,1.09597522111094
0.74290059617789,0.466256699922303,1.019464927206,0.940105843819942,-0.571241311202721,0.996106371714676,2.19025833336982,2.06401583875028,2.04058540310337,1.07807392188779
1.21867030171258,0.363851227264529,0.550364125493005,2.70899938994766,1.14594397659892,0.544543862189007,2.86730790232698,1.88850107521092,0.913788765973032,2.54551856810162
0.998001804389476,1.69521816301036,1.99186195963627,4.72712388377674,0.950325067330048,2.75138130757022,0.561877899769797,0.166588646027512,2.55775244910384,-0.924150200445998
2.25211863785927,1.59864003057838,1.45995008035708,0.971791958325156,2.01084120568655,2.85529985723573,1.04813385529226,2.64986631624804,0.967950371713016,4.04510803051613
1.27641688720818,2.44787510669574,0.356320341989116,2.13231383212508,1.28786350867039,1.69768930149932,0.848739393727274,0.529045249980392,2.33856866137445,2.09717749714125
1.09429061765119,2.09934213264157,2.36794936589697,3.41452659611086,3.84581523061932,2.86189062653326,3.75897818811639,3.84771115427554,3.93312022004798,1.78232530925061
-0.801427595418629,1.68031620385686,1.60931634124123,2.02736212349557,2.33057971934088,-1.27949569201719,1.41823583065524,2.55751756945477,1.17561237321382,1.23032665331399
0.13841681755432,0.289918749719153,0.29287560811078,0.95746365606302,-0.257098154383132,0.880880122421516,-1.05279091261047,-0.0483954732953357,0.469559171207824,-0.408845209190811
2.61547684436426,3.41204121086642,-0.83121385101994,2.59683867861962,3.25267190714765,1.11029900178324,2.4535696712137,2.33746847883426,2.183901392352,2.79903087621369
2.64147905553675,2.41646390394473,2.32625352218733,1.57641947604813,3.13311008002965,2.75941182431406,2.04802798235923,3.28775817811172,1.11251855423067,2.95394688902463
1.76911408000727,2.03064310680627,2.29827304215263,1.44314795485854,2.12645962179984,1.73979978299749,0.0351925195870888,1.45545275381578,-0.0453411717833474,1.08650818253291
0.96537285914664,3.29400554115879,0.0592400921726594,2.1580015472319,2.48227989948002,2.22379477887079,2.11715975566028,-0.465143899991086,0.967792209924795,1.97323691756001
1.82333888052332,1.2677041438812,0.457960602680646,0.473361459911699,0.271723163515719,-0.323516474319489,3.47768536740317,2.59559201351048,1.55737139374187,0.365906520496537
0.0940117986183204,1.42265086771584,-0.737373530496607,0.0452331500356371,0.930794781829845,-0.29955736864599,1.44498585923692,0.958751919251694,0.587624224188094,1.61793323247345
1.31708010768178,3.05051924072067,1.35419281782289,0.707341533685182,-0.192823923326309,0.304265436202424,1.7562573984778,1.88799080768833,0.353929679209067,0.730515973946837
2.17615059381297,1.83099699641879,0.832482564706829,2.68877425677694,0.598290678682111,1.96512086582608,2.64538116709494,1.48132871882634,0.00153233834998856,2.435174126663
4.4960912486685,1.98263529545092,2.67113125634976,4.09698623712525,2.69720264370075,2.29249770029527,1.71555704100276,3.08493644361376,2.76468286505118,2.83256376904033
1.08634617912381,2.20075133702097,1.94715236974587,2.75487318884023,1.861854004545,2.50031744761529,1.67822617914247,2.47082162719342,1.70167716400559,2.7438495834855
-0.141043912467166,-0.363606840948053,-0.570725753183626,0.152912779489152,0.616137563243337,-0.656947930346605,-0.121486539261839,-0.640088761010421,0.405880434114516,-1.00724745376757
0.89831939880387,0.316614781248957,2.29646888477465,1.08973245859103,0.789919054066086,1.21920864772108,3.21214982022818,2.44521689516443,1.81569359151801,3.63869495891557
-0.143040195430903,0.977007780070126,-1.27925740090546,0.305476347597016,-0.782159365084324,0.781302193697085,1.07972292032045,0.759814030060112,-0.709702974802549,0.716749647826648
1.7072328202429,2.77315986167137,1.6698007100513,3.18944472169846,2.05783353443111,0.929544072102192,1.14636490718405,0.558388216855255,2.39215139937638,2.06948935369653
0.629955223250335,2.91276814785336,1.46847700727285,0.67118740369928,1.53147619165164,3.69892189757891,2.31522817075087,1.38090180610652,1.84215186789773,2.39981265127889
-0.371642377693781,1.29529819178731,2.59614369714945,0.414113448180396,0.281986140639779,3.25072119492711,3.25020744772363,0.751309796987341,1.481088767903,2.10129631942851
4.95383472532919,2.05423909955004,3.25558204103646,1.55558920207786,2.58496207626044,1.17515391566571,2.01840138259472,2.16367679126524,3.06978971941019,3.33063733026369
2.14918360455462,1.62499286982559,2.65061634707088,1.52553480008755,2.19713743401023,1.96683640815141,3.03431932858512,0.584279226716034,1.27238490470773,1.35759375625185
2.12059326013527,1.59104196882502,-0.260489625729059,2.70592145164642,-0.699713696414342,1.65904364854618,1.84461046441904,2.22450161945103,0.900656201507149,1.73101846753448
1.67292618451062,3.62696029086585,3.74119816329708,1.14794547990351,1.75975451596845,1.34937449866982,2.30340626384329,1.45568668500021,0.595005001396332,3.47357768995781
2.07524529419816,1.75515252966548,3.02878158809448,1.37253372055864,0.913178417554462,3.38740666256136,2.82058283836365,1.43907316060874,0.520795348615673,1.48419763697384
2.17341232957802,2.61668620559163,1.30351869995444,2.46497939179255,3.59585879974603,1.9292054836164,1.13928467676871,1.52784708762388,1.29339796413759,1.85882248525489
3.43044569401871,1.62974418788742,2.92669570135708,3.44295859593607,1.3528568208818,2.53872471305485,5.41677067253127,2.27631653001949,2.06454798506514,4.59479065695449
0.361613873468196,2.28751816739735,1.07852600091506,-0.687228547962469,-0.62581523111105,2.2244238024839,1.23141478013109,0.564982098065679,2.51314211255806,1.32109596235771
3.39108254818376,2.32553581154911,2.25400074234171,2.76593508433718,0.708312225088147,2.55620356178848,3.74460787719221,2.74213600322663,4.08007568665611,6.092746663558
0.884859507810155,-1.85353405788938,-0.807686424799884,-0.0769974838670891,0.386313198128615,1.26870052348008,-0.973510193154928,-0.232544620677645,-1.20945033430568,-0.465906744116156
-0.411540131750721,0.228486771144626,0.0402506620747409,0.120409241832843,0.0681360115711613,-0.956903089652372,-0.186848672085323,0.693571921162729,0.298879180680142,1.28516247251082
0.720504169874012,0.620733015112177,2.02314865693725,1.28228037295951,1.63057912377435,-0.490729369941629,3.24130061038428,0.244295722801594,0.988665452434775,-0.81795978248448
1.86908538827293,1.20370061088138,1.18310328925169,2.13535352645965,2.70666058214657,2.72135581109987,2.42687863518014,1.99668058748708,2.10240874877369,1.6869585621613
0.514312936986153,0.773092286664293,2.41085153208636,2.7281508598682,0.915560798809674,1.61611540171453,3.61192574901636,2.51615701356148,2.62302349847381,2.78706466487961
1.18773068219483,0.537216168607975,1.67833597747974,-0.828314942916855,0.331041877623886,0.733638117982557,2.93932433387373,0.261649006628027,1.70285721375749,1.91983481617384
4.07562704659886,2.41766752886293,2.74441924098315,2.58480292750733,2.15458938955793,0.485217006428152,3.0943629199855,-1.5786593942954,1.20766691431757,2.22292321915657
2.96901465505504,2.47517746186669,0.871822646042747,1.17874167268905,2.92216133966512,2.37353391386055,1.90532758558491,2.13174014475501,0.617913519707059,2.1101238550643
0.108335950210738,1.01408320268856,0.892380299814288,-0.703736566682732,1.55357300891235,0.238693022986569,1.1775440216867,-0.271621572354595,-0.11101094592703,2.78113028257855
1.14565267633187,2.53281685891906,2.74583982135737,0.699918794831252,0.954241999026878,1.79377763099314,1.09129606188598,-0.00998471868622408,1.09385310407894,1.27263350690851
1.96129973507814,3.71205261355687,2.90492471088564,3.55892158501387,2.1286789841902,-1.23653061935518,2.76133656210474,3.03312949239915,1.99375046667168,2.45192850978905
4.4946224214263,2.40413855147637,3.08716704506866,2.22053752771201,3.50495867474631,3.53658135725674,2.68285226575385,2.53942439510803,3.85004131646919,3.98656325720055
0.160740262067299,0.364798253153798,-0.266909789188533,-0.192915747037815,-1.2869292801625,0.250569917824863,0.664489703818206,1.20044207170882,-1.4073788172726,-2.6484501332338
2.14644753463214,-0.194176061064661,0.734433154943558,-0.798344227904306,0.442478897298486,-1.60488297887452,2.26437192986074,1.12984773743221,0.761035459820831,-0.139453100517656
1.26541170877918,1.22375242204303,1.91230318686772,2.76980077966607,2.89318851030071,2.73006750184737,2.22129593757143,0.493843699239465,2.41966725304968,2.89656066837312
0.91117978615333,1.88861551734187,1.73710629783478,1.03984420399435,1.90515892593453,0.758369820701351,1.58150254680517,3.00560058797945,3.156596315854,2.16497702804928
3.00879129218112,2.18162264482951,1.11924182453339,0.969747601387058,4.37099020555483,2.28769378012357,2.5320001880466,1.98655681395827,1.17740127282685,2.51693529183132
-0.654869068800413,-0.136382008102618,1.36170473333173,2.49967584273084,-1.11015881085926,0.512399259515987,0.897039553681361,1.86336207178789,1.84483382376118,1.63750167067931
0.979771288037393,3.89182891252797,2.62869752892928,-0.124636062231778,2.25769532961563,2.71025041121083,1.23219865617792,1.66232519563614,2.07980881793459,1.99129028855507
0.366067459810863,0.215916581870726,1.16376997651563,2.0899524407165,-0.574627839150031,0.140141335434183,1.29176284287471,0.651993673895016,-0.967152069153389,-0.506957007576561
1.72903073943118,1.94862139150191,1.68177174907373,1.78281340184524,2.20703633452933,1.43639615703286,2.15378313777322,1.40653102324461,1.66588841848807,1.63445546322085
2.76939316864222,2.66037513369522,1.22980114189162,2.45740341656525,3.19983444398645,2.91960299957168,1.16520135395234,2.15805813492595,2.08376549648334,3.0226242905271
1.74967881604722,0.438990575021458,-0.763758965791681,1.37301050539734,-0.135105940379719,1.34811621548367,1.14021572204922,1.85842065529433,1.22903301016947,0.925165518172691
2.84651023973139,2.93723683480242,2.20472633779896,1.26523159535989,3.25529106600049,2.46374426908151,3.96843582074293,3.39081346770216,2.20844863397114,0.941830273172489
2.71171531697527,2.86972967910119,1.88271638672897,2.71521168272615,3.85606165059995,3.15000962485034,2.27817714653429,0.751589722476568,2.78870983965134,4.46476599624075
1.641125952606,0.990496935886662,1.31151072869207,1.63918424233295,3.79097308650127,0.85606391093209,0.407728576779351,2.9528068416428,2.61529359567679,0.405528658562008
-0.0852374151750417,1.60562565915127,-0.445350567724712,0.0279948272909234,-0.150961028368443,-0.34782718229215,1.07615754781705,-0.265969987996483,-1.79309106926896,-1.04676228440363
1.95844246414323,3.22164888372266,2.19068210329478,2.79237399307009,0.841974997919859,3.7738391314051,1.75159106212335,2.24005678782053,4.0895431742667,4.54148937401542
0.347653356842305,0.910239687756462,-0.0154237550845022,1.62906886104571,0.808443352447462,1.19326607569492,-0.167426930594723,0.528457482423359,0.3494966349671,0.810857038160948
2.35133947448386,0.46632510260455,1.00021811147973,0.270756064067322,0.89621401295028,0.130735402287647,0.0534621622348411,1.58057135344781,-1.13186871121792,0.298891098697568
-1.79144368495975,1.3255451146721,-0.415082745400504,1.4206466910175,1.49919842322559,0.928965041986181,0.88465523577729,-0.646592142083672,0.573990078707756,-0.938779195282994
3.80499166170386,2.35183627139724,2.19482658001868,1.3505361899969,2.33797521882177,2.38910824026822,3.85422291176163,1.55289552639038,0.39448037118433,2.5978574481309
1.61240316448948,0.943470010158912,0.126064311919549,1.8924538437925,0.690387401934894,-2.15483693326293,0.555554185889054,-0.261199573326235,0.866786082217002,1.51531594626047
1.31628090135273,0.87878686031377,0.26776874751782,1.48954349852851,0.729022853969818,1.69641807843293,-1.16904007434841,0.172484368454459,0.872782250223981,0.956367334120337
4.89106984147964,3.04512138906726,4.14498873980955,2.17627670591263,3.07936110706891,3.93931500728388,3.57257597147749,1.43265531826255,3.39880573246391,3.05452163355719
2.09879004487862,1.9809745289923,2.81712139621195,3.05848927689699,1.21343713927016,3.31297199162127,0.72969189812989,1.83854127428386,2.16138730546541,2.21434140296639
-0.13029011185302,1.22011321475406,-0.51317770975753,2.02170313251292,-0.0221699502675872,1.51964556686474,1.67528510410124,1.59023882104942,2.89414829356256,-0.432349535868767
0.000571525281740135,-0.511661268533461,-0.172666228352029,0.396706545452928,-0.988739377338192,-0.263509669225653,1.94854678303425,0.0212202562339382,-0.884220519558181,0.120899158471948
1.89386177248978,2.00188362821433,2.2106008728611,3.16723987388201,3.31312386717523,0.758453818252923,2.08310087875533,0.543350014605277,2.38135635014948,1.49032960104342
2.67008052098135,2.93513840076803,3.4386845613948,1.90529587603716,1.98221976378638,2.46085839169271,4.07642738728064,4.32279389668106,2.61986586039588,2.82931308012924
-0.398411509891154,-0.728610845011888,0.858785061883173,-0.864036178766751,-1.2826440480154,-0.304602569635458,-0.868616143882308,0.201030535754651,1.06781356341146,-1.73915630190863
1.6859820793623,2.17806254105864,1.21685417930697,0.175025985899163,2.29071443166031,2.33436842152952,2.2926358500508,2.25964624670325,1.06014517527996,1.09747796954345
1.14662213724571,0.888968847099398,1.20088397528359,0.99996570965785,0.700052559650113,1.4303719192405,0.423201560792353,1.94713742796028,1.26824403998914,0.816182545755408
2.18128494814027,0.758724806649036,1.75949223503431,2.96466755859081,1.59195751245848,1.62030707039672,3.89144154715181,0.309576817284799,2.93524696455689,-0.284289690200291
2.80800931542321,2.36306047418325,0.937788138146065,1.27060473975638,2.60423218144332,0.993978420426984,2.19534386538691,1.38552966060797,1.83390762066868,3.2746744725803
-0.3189391966875,0.434404857417173,-0.853363117141563,0.226269733574768,0.0688572384086235,0.540746924012023,1.65701875651974,1.29653283037075,1.08363685986171,0.658107023482676
1.51066526714845,2.00074973124242,1.73125305885029,1.28486612971149,3.40151841247488,1.89614536851854,0.379295687317597,2.07244001623454,1.36802902975374,1.9203624613955
1.49721896821951,2.6355291738917,-0.359956310242432,2.90104925589277,1.11900965042685,0.355013398880587,0.951028215722431,2.23438329306399,3.60524768551446,1.61410693058029
1.7349580636992,0.951023964366567,1.79120393557488,2.62689319093072,2.48083150928354,3.23564926320781,1.86137117191366,1.03864598480462,2.11529500503709,2.66564719589667
0.767522237000294,1.76329026204799,0.537956588744404,-0.219088547537177,0.743313524437996,0.909091506345414,2.76459101213108,0.190761231521916,2.180609120998,2.40373202574595
-0.0599503945168383,1.76121567445494,1.0422247477698,1.10473109616551,0.214780314618783,1.47980952511788,0.282914375439853,2.13350216147908,1.23722286347968,0.784991399324727
3.16312498563659,1.28428281409902,2.41855566172839,2.99903940575196,0.813895193143084,-0.0498949568718536,1.41934150163323,0.241253919586625,0.385804012579758,0.498856476515519
2.88637594194414,3.77219657640997,2.97003215698828,4.15008435898134,1.24631756465894,3.97990829351068,1.71762286468547,4.2053718642003,3.84866059368042,5.11920607435371
0.478730705890088,-0.595430887295554,-2.23153115694557,-1.11181629433873,1.36429065969947,0.707760596830278,0.0155554124826379,0.252488855524938,-2.26535154705546,-1.10992691328455
-1.34541798281232,-0.00772454931014957,0.925835093752235,-1.55428091016309,-2.90593970437746,-0.294377129276288,-1.34518678697799,-0.334194752822303,0.964452404815461,-0.210586113335721
3.00359175958406,1.7690194289497,1.89887679885923,3.3625957847699,1.60405640782355,2.11825568655528,2.55615129871207,2.39226221247444,1.64242581142378,2.64885409435429
1.83447987237916,0.530002065270102,2.47994774694105,0.6432784413042,-0.309172941324905,-0.319016261087337,0.745779570403975,1.2569040642204,1.23046981185549,1.50017523012328
-0.153044404215396,0.0184920691723142,1.56012485497229,-0.0635185102566962,1.36894416804382,-0.0290236124413881,-0.884575428422806,0.895271522924795,1.08541526523782,-0.259354728434464
4.07709875400965,1.07835454767773,0.937557820481908,2.4830188816403,1.19148072869768,0.96817738784142,0.907539334847081,0.464550765758679,0.902276828808446,1.3626329041057
1.86958502281269,1.86073818619162,0.824481505761327,1.64652274237528,2.42878178126861,1.52751939940586,2.80268880620894,1.93013429648009,1.33615112759567,2.98165536181606
2.64679100096723,2.73134358035476,4.34228694126931,3.72444599810013,0.808293971541973,2.26990864627348,3.10251826665655,2.76878340891357,0.438819995189463,1.37501351405799
1.98662443211426,3.65329766365642,1.46928761470462,0.827084722232826,2.6565168145915,2.34084381195983,2.52022759802748,0.937084166356817,1.78655664160613,2.50767478111823
0.836673164086071,-0.19570277922221,-0.221424428730956,0.412553280822344,-0.110987444828669,-1.46262096202877,-1.68323591869561,0.255367630644068,0.833385943468954,0.537104266663428
2.10138224492983,3.05160768919658,2.05216364315042,3.38410462709209,0.0433949416537029,3.0983674729204,1.03817028549807,1.48394001835139,0.759061750449925,1.7540256108099
-0.785862257379316,2.32263270246498,0.912669827196931,1.71939526343367,1.46597977852742,2.00601770435835,-0.893289640601943,0.864869759627899,1.51517279801392,1.68801628284107
0.278022294625425,0.463665610664525,0.962578574059593,1.44740019203456,1.06263534282454,0.61052809705583,1.87774378914166,-0.536686267551544,2.2167050044977,0.432509450874902
2.45297871367602,3.59624946644898,3.60111224017993,3.4691379909831,4.18451046346501,2.69194201969154,2.91552097755105,4.1476148613671,5.31921058225202,3.45459848682533
2.19166422181499,2.53062218524668,1.21712191606434,0.352219156247806,2.54893458228522,2.66073443973852,0.875029940539452,1.97898365977686,1.38808003729895,1.05668057253719
0.0326471485395163,0.595719378779122,0.77258779483687,-0.0386521660117467,0.780819985334485,0.626575826521483,1.83260829301325,0.65334133215355,1.63207677546886,1.76568445778599
2.47305506336166,2.7247130465104,0.735717105815366,1.79470769255175,2.04402826821289,2.41107761376867,0.960956415546418,1.49032933547706,1.86188384931037,2.04061764687037
1.48871407311618,1.41373028241311,2.31390349329107,3.37909997910623,2.3617923155333,2.57883795415151,0.894795211555867,2.61744078633525,2.11619828421949,0.983892158056048
1.67351995091707,-0.371609039866984,1.82461125904526,1.78849271857353,1.94071051203105,-0.159516368870604,0.95196062033534,-0.0887735555983507,1.57834954537809,1.51232223286453
0.255684587399944,1.07666862308278,2.11755978361964,2.3489062601769,0.803673411984769,0.841151880590937,0.145187927495816,0.967820072302569,1.42093737334907,0.699846057967163
2.55041322938252,1.06929056563985,2.20238844439213,1.09568301313394,2.21983093972708,1.74690495947173,2.11886349767371,1.86785249970747,1.09064693695342,2.01984406910551
2.82452786682704,4.31477025857077,3.07333018305294,2.32351642538336,4.59251666861042,3.57414705813961,3.0562656508875,2.27993472458589,4.258545538069,1.16734539523397
2.06679372152845,2.89644741659923,1.67329209065305,0.45300931543937,2.40870710466674,2.60191351389004,2.32547876846791,1.13941101981592,2.61860730477553,1.39994719122099
-0.331605749566108,0.0521959297172552,-1.42978666924218,-0.173310856743112,0.152591397647451,0.32460838483095,-0.0163362719802475,0.437977371402271,0.156954853974103,-0.980701605503026
-0.451827480468209,-1.56143176412537,1.80765762408939,1.02856837306405,0.0242961566577345,1.8506954981853,1.89563604924735,0.060489549909684,0.00942882353721375,0.749504452202439
2.01359421604866,0.900853767464314,0.457375500532533,-0.913272111769836,1.22288794668984,0.716213133907557,2.05362952790085,0.214570232491663,-0.0871885094113136,1.51873568716851
0.842646609714811,0.203377370360867,1.11837628998532,1.76919674353265,1.56223320440275,1.5189216110846,1.15519842569991,1.63556376693212,1.55271161452212,2.58321109850258
2.46838725061618,3.64119189759607,0.491442485631526,1.17283987141865,0.382708539020157,2.3619688098865,-0.3690272468599,2.34229480496246,-1.06577746771594,2.34343021596816
0.515711468728997,1.12397109139954,0.966887400435916,1.66385523312774,-0.257233284257609,2.40713831425724,2.58101404388351,2.46639393766151,1.55985355737705,-0.148987654154833
1.46539465003451,1.39413337296524,2.29189095575873,1.29097908966388,1.60827449137126,1.56620142376027,0.406455436155329,1.60474587749765,1.37073620954776,-0.273060749545064
1.74833850978658,2.47462449060232,1.35616607283411,1.37557683267055,2.35143650891903,1.29201504217615,0.485391182823464,3.25322576791201,0.787520218149148,0.483746415253305
3.49026232825888,4.42438896648421,2.55168528098817,4.92677347187386,1.04038092982674,3.65678415705182,3.35708447942901,3.72578725041856,2.77698821017224,2.82127603152382
3.19620289820809,2.54693306734122,1.85347650225173,1.87483518193045,1.86315708821749,2.76057011794871,0.789592700350516,2.17407511595115,3.22328983283723,0.725985020121743
0.113586135611615,3.88027456840011,2.55982684940048,1.39395481016563,2.04450446095994,2.70724113645827,1.33797746802194,3.02258140727105,4.13121564953165,2.42975294568582
3.18609987982896,2.08326691057646,2.16047442608391,2.21316251796179,2.60427522302983,1.43634695062485,4.32338423425307,1.7529881390673,2.51058111132753,2.87216057358738
-1.15675727295698,1.34506625757431,0.278040266397987,-1.37806899714918,1.29235921589127,-0.552237376872179,0.438310331329909,0.460801098935216,-0.0996826874457564,-1.00325911366179
1.23009325028414,1.39928727436415,-0.725776473951976,0.708987919024184,0.0279367368972177,1.75886097717395,1.87338541871251,-0.765238400538611,0.0628999048431282,0.972863596109648
1.79999072692472,2.25439862907683,0.748163643850696,0.317426970068863,1.71097959464363,-0.239465327860152,0.659255040003815,-1.49280562149184,1.60218709930807,1.34798569323204
2.5398348587002,0.73205694533605,2.68859783591508,1.04759223773745,1.89870381814059,0.890979970227231,2.60584922615425,2.86148147758354,3.25572042200841,2.67856524586053
-0.0499203856062672,0.0509194861133247,-0.31175057977121,-0.329277302705891,1.04220358370349,-0.0970816746223646,0.594478612915887,-0.312490105065406,0.146673479403016,0.0909462721292324
3.31889021562238,1.4404437215196,3.24002987148913,2.1538191529452,2.57891536063967,4.09931330519875,2.96582489587961,2.70438320062055,4.32330387759063,3.72872042843725
2.67606153548414,1.57449745355599,3.72216602340116,1.87287670825206,2.12079380857829,2.64968543659651,1.29216684239419,0.307506658577429,3.94773025375736,2.2722237865858
0.925923643393992,0.427310762560197,1.33163695932137,0.263607043340542,0.420817259008964,1.63119626797412,0.256573945470931,0.466946681880899,1.70186233401593,-0.828027670670533
2.7064108458047,3.68234341325318,1.86032421624614,3.396686134739,1.56584753177399,2.62537734539761,4.68802492996976,3.61341924013481,3.0945283233447,3.98546298131322
0.814189595462801,1.63288035808513,-0.965984148617845,1.74160446339858,0.075230229662365,-0.982081067792366,1.47621214666197,1.90722506264219,-0.211513795497819,2.00691888539058
0.894576829039349,0.54215660382631,0.315950292243855,1.5274629014995,1.00769521904591,0.606989949765343,1.3733510039977,-0.254665947449949,1.08595300203745,1.33437591560083
0.31273549720362,1.54488818969131,1.33215222119603,0.331883633832454,0.676194192302872,2.09201194380664,2.07361809269255,-0.0914710418910034,0.857989950282174,1.45417153084802
1.01654449307751,1.02067640307685,0.617980223022847,2.38618671088887,0.64227904709644,0.959762039506143,0.905859405175018,0.290585938978965,-0.282238650573277,1.83079265978025
1.59025972864165,3.4392668344452,0.851103652106626,2.67274155122834,1.73907669567254,2.20052972891532,2.75008560786473,2.85870241538033,1.79140936886089,1.00741703156938
1.53249423991049,1.94346540259933,2.39474479611288,2.75644123527027,3.16256205384275,0.4216378799142,2.83011146952367,1.33648334776872,1.19834218965032,1.84001425983873
1.79726452455881,0.0649758469070668,1.91875130901264,0.0661765742774385,2.2239336611736,-0.285479702815857,1.14356190801517,-0.122448381379701,0.307309057940069,-0.745457137581292
2.39706234556144,2.84637993145639,3.58647377706191,1.7131725186727,2.20748654851886,3.32518476907557,0.482280529726022,2.49676924862832,2.50191958973127,1.68831517034617
2.99566880393777,2.45757036970029,2.29243320576259,4.3571468963056,3.65582097925294,4.00045229515803,2.85907381363822,1.18581936147618,3.75599732888911,2.90554541875129
1.46094678407643,0.507954817617269,-0.254904369466332,1.40027367439518,1.40181817752467,2.19150908536757,-1.25406384801933,1.94168612812735,0.483994724334867,0.13309164272144
1.36633111222767,1.02954178185397,-0.385328182357983,0.373807071018631,0.817717191042244,0.816960595950549,1.94557152538208,1.96754974114293,0.372306949849204,-0.212949036550054
4.266371197579,3.75745757274979,3.14401163830036,0.425845316632993,2.82150098478728,3.10328922799872,3.52299316895378,4.25130310903807,3.02270639007748,3.34498961534688
1.52106394804515,2.50351885844538,2.71807954997732,2.56864586871395,3.38619087315359,4.17491057195297,3.11635283470546,2.20439962881094,1.87803797267077,3.15560665482855
0.494620128906103,1.74642975656201,0.48086979178196,-0.103749316462186,0.051954883340861,0.436947887123504,1.1728338247722,1.69257347426367,2.14963939410197,0.983675878625695
2.20876851155948,3.4207078718881,2.55351392444942,3.98702063237184,3.11513267438099,4.07336945832912,3.69413997775179,3.11420783028651,2.90815627652045,2.9916696012121
2.5277519129331,2.60257284707259,0.202505813904891,1.92573199008501,1.76931955990581,3.26936542940196,2.11511246287831,1.83057849324427,1.73953122692667,1.9146876904571
2.08347513676701,0.677095711292216,0.0664256856330371,1.2425003976649,1.14533240018118,0.372433079462087,-0.190769162498774,-0.114163827296433,2.29151209162236,-0.504882148492997
-0.954722215649829,0.897871553333915,0.398347222832191,0.717247946430346,1.39460983418822,-0.201814940495245,-0.00275439539175863,-0.172800684946063,0.330746654858219,1.4836633407048
2.97527290322487,3.55274979132188,2.42882422939849,2.59789879946137,4.17271392755488,3.39603957765772,3.07035333647655,2.02336675114489,2.84475305307796,1.75233386038892
1.77945713989054,1.16455774758919,-0.3406983442457,1.77991543696373,1.50665163124999,-1.00083774456078,1.01627542075744,-0.189526382428064,0.743906897511579,-0.504339476972989
2.04181391793649,0.490581563421493,1.72047912482435,2.42334478339735,2.10284030169053,1.16057373185229,2.20384365013964,2.04737144306429,4.04277458269953,1.35663308985742
-0.632048333770695,-0.475140597872327,0.613017352385274,1.90812068583678,-0.513322725812196,1.50363742783829,1.26769285335512,-0.346202301239142,3.96568804063165,0.449736766243078
0.993173447577972,0.227073750621708,0.494052217310646,0.897027729877157,0.657956060724513,0.430754294965081,1.91189780468629,0.532706438874588,1.09058061302492,1.68725571443859
-0.091463034948454,1.10371909990204,-0.230231065884865,0.270047384239816,2.18768467636555,2.18253690170717,1.5992432694443,0.463603601023887,1.21039897801205,0.641311557851429
2.96553773092906,3.33938585064033,4.02777528468784,2.49376418040375,2.79292570701715,4.13624125118185,1.44139568624878,1.34143528605965,2.55652889773849,1.49778729181806
-0.83367232170706,2.27687222642158,0.433233245684085,1.13624556802089,0.484976246356146,1.26315560073092,1.92999795848342,-0.837047680396096,1.50837898137108,0.399867770626329
0.927046858237175,-0.483057069442151,1.82603256552185,-0.520044628608179,0.687347937149441,2.27770104812087,0.0827366701369092,-0.206615401785714,-0.149990693032998,1.18840020877094
0.672291201727158,2.54182942370954,2.71915391323272,3.32568020117707,1.19292984698838,4.26198959849532,1.4797561733937,2.75322342450248,5.17556195286813,2.79829192436196
0.133263202847489,-0.414593701035154,2.28322380930827,-0.550417468234543,1.85315323748002,-1.76529319571159,-1.0117501133978,0.795283735476634,-0.443057244357465,0.653057091627269
2.52338352628508,0.713653596060608,0.213886671190315,2.50844527580053,1.19465145533178,0.552782244121675,-1.27674749952901,0.722473668959242,0.968321187436624,1.47320461156942
-0.465201655158231,0.114674662258987,-0.304846433672861,0.477069424514364,1.42757781403082,0.965335157895345,-1.38338023604454,-0.447707641121291,0.605907408588698,0.511464317516217
1.25605206935966,-2.11258023002739,-0.752287244646528,0.342434540319797,-0.67701658236514,-1.49417549845699,-1.50231388996105,-0.621659032643307,-1.47554449616919,-0.766063819759171
2.96670630313097,1.05230366120188,0.830808569485413,1.49561859548357,3.38117891844807,2.87650859055376,2.93010402314268,0.987800180800197,2.46987968654784,3.5948605821323
0.953976171594777,1.2851187845988,-0.659781533550242,-0.481022462102881,0.764434828679362,-0.305709963521319,0.826922149727888,0.0674463873221726,-1.12584128034814,-1.91596932868301
2.29981758230827,0.640164965827243,-0.186492158089654,2.18223139969622,1.96516086235761,2.671356047677,-0.286146478672951,2.26609060709124,-0.0740871402614693,-0.0512119575658385
0.286572656016454,-0.256342121323657,-0.945195574405297,-0.16656069988366,0.756514455126909,-0.602705551144625,0.199561761672867,-1.34030119274771,0.464495965312073,0.824247739119034
0.396721519225474,-0.911490084765544,1.31648303346884,1.14705039734642,1.68480558543238,-0.820683991564154,-0.410139305212645,0.406077236883272,-0.946556737281983,1.39113068185997
2.8144175311593,-0.683360071321475,2.60887903830107,0.957080650967402,1.44569341863874,1.76693601733993,1.95289567463435,0.815866064174181,1.42996174377779,1.33756267062903
3.66620337407902,2.23981306409531,1.33623742240049,2.87251478404988,1.56079802967017,1.3752090578663,1.4092784741256,1.00911203250316,1.73653657651974,2.54274198068532
1.8494567494769,4.07158179805098,2.92167248122883,3.93652761507248,2.56019359700452,2.82298469494327,4.11857922272178,2.39960553071123,2.84380845478479,4.72551603132679
4.02089181057146,2.96016297053216,0.947938346990669,1.73585141195529,3.01411956875027,3.88704137560711,3.16995090152387,2.76725009304454,3.43168738477836,0.963611781786842
0.854581889629242,0.422590781223246,-0.495780402401217,-1.08278682830189,2.20242396125342,1.15167375757756,2.03073119574373,-0.266374080964162,0.941035860732731,1.68006593915329
1.49812077752141,1.97296091961032,1.31948489532086,2.39926171858248,0.323294561417782,2.00448744687501,0.265975008475845,0.369179766297838,2.54030332774799,1.34380501591019
2.72258861219812,0.327838791034095,0.399032773539554,0.504170102902477,1.90475547859458,-0.304325195807311,0.949563746459349,0.3891633754704,-1.36490090613485,2.28287926694086
0.212912542660754,3.15649682101199,-0.483204877260803,0.477370485254499,0.457671554529342,1.33700504947602,1.66471922412631,-1.90441381378742,0.554296118938537,1.51540530120267
1.49483488861945,1.73532819045956,0.605338923204752,1.51021488173778,0.524125042232703,2.06347349391698,2.94226984300867,0.17088722394493,1.55507957624813,2.25270558938659
2.65629784474828,2.65612320565675,0.481678503678139,2.00362548919427,2.03071449858473,2.86879602376215,2.38710273139738,1.95676775139712,2.56864226351331,0.58190919014714
2.01734767262956,1.98865142179268,2.1565190589281,3.1719134231788,2.9921886282127,3.91922496828596,-1.44674082000462,1.26106201060225,1.54651834159554,1.88461775527714
-1.29459006338664,-1.17665515292767,2.63605694193056,1.2246291625836,-0.735050680237176,1.62813038605003,1.68732161700807,1.05241544331,-0.747088536074372,2.23229649801121
0.130457377265509,2.10672028954507,0.806221637129059,0.437382530494091,0.463200693144309,1.12808476932291,-0.165382196581644,-0.334754377308281,0.10099960022035,0.200800802003271
3.23849145658115,2.87684887750262,0.292847922981615,1.67559536361381,1.84561866786656,0.933638211280306,1.3024632263231,-0.732800119064687,0.906622917238656,2.42269444123825
-0.432538791408816,2.05436359870363,1.46640461986922,1.14202360377893,3.18925596773961,1.85207628896285,2.03110572718887,1.40113750589679,2.75465294969901,2.34469493803131
2.3415411848003,2.54366199736499,2.91732024307901,1.22643869901722,1.59350982076858,2.91710560927931,2.47569310094331,0.23222740019582,3.92041140865806,1.30494122884822
0.356061616918918,-0.154218295941459,3.25513212822758,1.84114885049307,2.7483197258712,4.13117764096831,3.29482183443034,3.93909817781678,2.1397685764665,0.857252463450933
1.68624336653553,2.50656611688121,4.52210094638865,3.79231668159458,3.42998955260445,2.66006917498853,3.34683896443327,2.91995265343168,3.31592965808164,2.300765746202
2.42026952544931,1.60827771595149,3.25662313971734,2.75118366434057,1.92389989441706,2.12042210323309,1.1332282089725,2.88597171632679,2.75385767361771,1.63094459578587
-1.26583920296239,0.00782406909797481,-1.07321855651855,-0.394836158934073,0.816681034012558,-0.451792159036615,-0.182144652656655,-0.830651415352295,1.23108345962613,-0.291660171257238
2.05644778606722,2.08447763978762,1.39555709797428,1.25386396284071,1.90557236000964,3.26630908412978,3.47778959036325,2.811885713562,1.45572076087736,2.76860183429266
2.09192206751733,2.71143653284485,1.67879555491848,2.81997587008615,0.466010886214023,2.59537588382586,3.18906769002609,-0.123403697476168,0.903690692291312,0.735970338725616
0.97122310648098,0.819040466648402,1.03590598051433,-0.0538372474717155,0.792729789432811,0.210686512415765,2.27682955293318,0.855473962945443,0.649160985750842,1.19316272381042
4.20417828037104,3.83580469957768,3.05996333379463,2.50182274712571,3.56322958906653,3.94049643225954,2.22949062237013,1.49040596912014,2.60271491676777,5.55600569925649
2.53338592377035,0.946274202601837,1.48435249703311,2.13495257429221,2.03000284224493,1.72342075354816,2.17479634943734,0.376405897176221,-0.351093655520624,1.2443472798903
2.606670398204,2.12950190915942,1.90532152920389,1.71451906065945,3.11224069397373,2.4194462229527,0.700770391049969,3.01381849121609,1.57641751315052,1.13639914307358
1.36421993840676,1.18639995059755,1.01298526696782,-0.583472338430229,0.148321322500658,0.15921433503926,0.693628705406181,0.498936310304038,2.76049457827393,1.10178097734945
2.63964376667436,3.04318277028689,1.16095457035988,1.80418789503405,0.93657614801378,2.43599732845013,0.924331208130948,1.50228566057711,2.70730769864225,2.63664426147851
0.799249875773141,3.08946077703362,1.61396586004198,3.36121421995377,0.981452327076559,0.811918071350944,1.96535024859973,2.48865961460704,3.19351017788019,-0.0561951658019684
0.527667227747209,1.17471871122593,0.704980039874984,2.66645259529811,3.64057550793564,1.82054512538367,2.29787649965125,1.68167390114798,3.15644796823326,3.04871054694173
3.9909292957819,2.22857934733963,2.76198705487593,2.29311110500174,2.27935123172984,4.19721550981078,3.32046794942912,2.59246163851459,3.19028442179257,3.06003047002137
1.13085257964112,-0.370460215581517,0.881718393956721,0.384043100668801,-1.85339464112199,1.72231357607297,1.92577937081083,1.35076617384837,-0.0273378370358346,-0.567350395180416
2.71210076843633,0.744233622054431,2.18009533465311,1.92369768075664,1.42790692637666,1.51886741007497,1.24838883741768,0.437223779941221,2.14670844532317,2.93335561622884
0.528557979798855,2.08328293555802,-0.861464866757354,-1.51903404809588,0.507116012786405,2.01830616451696,1.09455772245715,2.44440669086884,0.594595856470282,1.29733813009551
0.718499021312756,-0.539902263337414,0.773837671854843,-2.33679979406944,0.333101711681265,0.788501588984574,-1.98168557726981,-1.28095212038098,-0.924235495430078,0.603266462473528
3.21226090317078,0.75627060359666,0.515912808158104,1.11995640357832,0.660532379853132,1.03456645255878,-0.197029613923141,1.16454485893521,1.0648803193299,1.01621568258775
1.01410003291697,-0.177821275547969,1.61883355995233,0.953839012105082,2.61129128167625,0.293313350518548,1.09895994920215,2.70091914580077,0.977563332806609,0.179554872299882
3.42024005808532,3.87418909990294,1.4303602752821,4.13933172167199,4.06652365387113,2.73700808624888,3.72286755568562,2.74999015985516,2.24560730521699,3.63018950050336
1.15286268774569,0.0540715522871135,0.948264424840421,0.0344429647811075,3.94757256499436,0.517398097283984,0.741286808143048,0.621950834297898,1.24041833094154,1.44804545238702
2.98542557158846,2.84866970323042,2.24098100179015,2.97876728125304,1.71652718465184,2.95434816469931,4.27565658031759,0.308936535951867,2.19537779505632,1.04188581704786
0.759056425072154,0.650897221011581,2.16512973256111,0.672583870827001,0.998045955238431,1.78920261901141,1.19627524763879,-1.31297673354269,2.37754654195519,2.36487268545948
3.32451733888428,2.57600940227177,2.35103049388467,0.835198711258402,3.59398033272271,0.0523152222021861,0.637587410350554,1.95551765460414,1.48648923655986,1.3983255390816
1.34026465771701,0.530714696424833,1.05500051357168,1.808044970942,2.24850064639267,1.10848772063654,1.600988317943,-0.266956450838366,2.1563800444002,0.582190479634578
1.34978979900824,-0.718824809967698,0.0225237551555039,1.93407965055781,0.275997666664616,1.28701797055464,0.749063002670582,2.20042037567477,2.79007071749812,2.91663413900725
0.547198860475485,1.11969785338766,0.290300943379906,1.75549226437351,2.69097365818096,0.598562712733852,0.431818304359124,0.834974835773867,0.769750394322926,0.156302424025984
1.70650623957553,0.591617262586186,1.10376824503096,0.885018492294272,0.964562296721475,-0.853985079815864,1.97431326371915,0.497533444463654,0.24641151679942,1.07161484274038
0.635725002361249,2.27780015255869,1.64108090369309,1.64639034713782,1.21175048625352,1.65234230542767,4.43570272229651,0.516828786766459,2.6000521785966,1.783776984249
2.37202811326297,0.963550665347088,1.60905279884185,1.75046567520277,1.8491077613421,3.2496927787209,2.66511538225344,3.62798977923193,3.55206099425759,1.16662179343024
1.9084029008501,0.559412255318441,1.23462568369915,0.934713948350413,1.44524964574193,0.843383187215111,2.49220550919188,2.73393985161495,-0.237277692189341,1.95849790382777
1.3436366898752,4.84690992930496,4.84614080182264,2.52967940292999,3.69244463191435,2.76499515987892,1.82516629244533,3.99316497793632,2.97888496736474,4.59653506797299
2.55146608831872,2.88763364573714,2.18977836957102,2.23127243494911,2.36801463701577,2.25198051922174,2.70966447778257,0.923017842154173,2.49301091300657,2.23219790524662
2.20532086067306,2.15915262463447,0.755203221497383,1.26366556629459,3.96112897811938,3.00771915905759,2.22801371840204,1.8031513836208,3.12360483318671,1.86996197429577
2.16420148937348,1.60902439900208,3.40881466130525,2.77823013793279,2.11266174799497,0.914776776990243,3.63800923125551,1.6789312800707,1.11883450764756,2.05799109950883
3.6053065328379,0.529448008740507,2.88046949088876,2.45594270773296,3.30192773000247,0.5205928288441,1.83012401598077,2.47174927779742,2.17743775533926,1.56610166640772
1.86837861513638,2.23047206414054,0.905308336208409,2.39006810733737,2.04011930109457,2.1134274314666,0.37779711228965,1.2735657326476,2.40062586651659,2.64848777215796
2.17437717676902,1.87439571419095,2.32285957394499,2.58667487553814,1.79689208356903,2.31861965756625,1.64102627182541,2.85444351324771,1.85727327316903,1.8831969940924
1.48719616178405,2.21677050884705,1.47146064838329,1.38688456816935,1.38824098646948,1.65712947670045,0.42241932266078,3.7736422563075,0.823823424350837,2.22386350037081
3.90298177209069,1.80932645916734,2.4280627897398,3.81347448565534,3.36123226799868,0.517163776350553,2.75118067085568,3.6039589863439,3.36783703863401,2.64310579445877
2.8595172316207,3.12290377369943,1.72727252466818,1.83396438414553,2.45811014914075,1.81100906059643,2.3354281488258,3.89637859169707,2.85603679455218,0.821034521981324
0.491820090629505,0.286599552322985,1.54814066900211,1.43034573836118,1.090375317246,2.75402916735849,-0.459234066896446,2.05574818537812,2.03591879648631,2.65865009328976
4.14551037818875,1.1346232262751,2.19093969403103,3.3563688560795,3.64583545009538,3.84466624721219,5.22941837506467,2.00030211965591,3.5798569795278,1.63403360152423
2.50341811777832,2.61203256098217,2.75611270360274,1.81405077406111,-0.352628826112954,0.524117147056983,0.158262682279109,2.33081121909378,1.49623992398179,0.582630339531715
0.189591625617861,1.83367240033268,0.899199067402181,2.85681461685161,2.62575389278185,3.46074533443298,2.48250806509897,1.88127609897024,2.5329897664179,2.47741744410688
2.14431859118597,2.94686783384742,2.03701278266426,3.09080470370782,2.16209787611719,1.64469456978705,1.66076492532001,0.215248743301391,1.37022822656869,2.72109653123294
3.32194759387979,4.52966947573475,2.37796825728643,3.6417875333881,4.92229922438067,2.2413266535884,2.34797758522882,3.72758959044694,3.93651000718865,3.74822789435553
0.599875645001231,0.784469822865057,0.979562310250401,2.06331838105204,0.613430509004839,0.795609434094906,0.664428976197056,-0.224947272837713,2.75299763952962,1.22717621924794
1.81635081497534,1.78418340581647,2.29748229849758,0.749431153353019,0.470324594007902,2.22858463099637,1.58263936755441,0.954039120637847,2.72941366678071,0.917145716187273
0.746094875530356,-0.143300441405527,1.06523992092519,2.37323841107889,1.09455201449968,2.58008979274263,0.56180627978457,1.47858161698464,0.253163200664844,1.23405368692454
2.57724234145293,0.834752942038457,3.79809463146087,2.47382710200614,2.33600219157542,2.11534162451877,2.93826470821339,2.19536678062459,0.804910715586765,3.71776450602889
1.79340926748174,1.9859055920853,3.28133201486549,3.48579406129998,2.80110941946884,1.74077817620234,1.32758646149854,1.91954126040774,1.58105910069764,0.57497751101199
0.881128370297075,1.53799071679916,1.38081019661892,0.586082894138822,1.39380644023216,2.53467739302082,0.722345960308212,0.729634992278854,-0.689594414078203,1.1849394575525
5.12598050115603,2.75491295594724,1.96105992993655,2.99042984724447,1.55302237987536,2.59273514086727,2.81423407875854,3.05958675169716,4.3825294004999,2.18481384001502
3.58676993857908,1.51769129255194,2.9407145515993,2.35131806640582,1.92492406618276,2.1773380477175,2.85386497143952,4.09682925596521,3.24461624721529,0.304049288126325
0.871946337542857,2.21859022838388,-0.485398022506092,0.648419228221555,0.951881974634443,-0.24231608510227,1.7497403058938,0.561324240039128,1.43783623242387,1.73920493914962
3.19137161950059,0.625560276644241,2.3766413154812,2.17730872847583,3.45756388648582,1.73214338641039,1.62869296105794,2.86910055595759,2.70557235884978,2.8277104834061
1.50862482571052,3.77488204106296,0.341440926119571,-1.14854623217383,1.28224830924317,0.532125693289782,1.50101473929263,-0.493820759814207,1.6239660807649,1.19175913345599
2.4492165849741,1.79889977414274,1.71475110848443,0.777596307372808,1.60963516414334,0.236141759370653,0.944082006027901,0.607781874610282,2.00882716313132,0.98521773800772
1.83053040387007,2.69009523521471,2.71814249187736,2.12822642191849,2.42779451302559,0.457097542019325,2.21728783471879,2.26698341149565,1.30452310629948,0.859748356304603
2.23662760164133,3.21338440236315,2.45433891250047,1.46091673660547,1.86958856444566,1.8299524848102,3.02312811480395,2.33694700655879,2.33958347006158,2.07528561578115
1.60680734464783,-0.0515835411968908,-0.168658419307135,1.2696105418144,-0.198411360902381,2.42738781262793,2.71652569943817,1.96577235580795,1.25542906987219,0.861410030030949
2.78784376947967,0.607387189813249,0.552815886397157,-0.594126057535484,1.22984570753664,-0.756153818323496,1.63938821566582,3.0647676232399,-0.0531851251674484,0.0619892147998404
1.44067412660345,2.01043447211791,3.29926103639565,2.33539161985796,0.840976058256048,3.47267944613947,2.71044884485566,1.46397167808498,1.90455513338926,2.05282603949686
1.27308717746845,2.3703013840291,1.11540286152003,0.566671528525463,1.14603808650236,3.01065047135083,3.17206306482716,0.549266679335836,-0.229322045902633,-0.0815813335890034
2.38747535663666,2.72808218853278,1.19567675396402,1.65653770240773,0.562054585093564,2.07229967238066,1.21803702315402,3.40428759338889,0.88735826365885,2.82791129996264
-0.23841919049164,1.28479720540744,3.117273141751,0.733834610069547,1.8906556081112,1.27325772081958,2.31284881937111,2.59594573237087,2.55919704818316,1.74421765986011
1.14904287171638,1.4873628959848,0.0727068417104594,-0.520297473903684,-0.727980935704969,-0.15143483878773,1.61192557232179,0.00702578322505031,-1.10476886231372,-0.816688651971958
2.43983986920566,0.665807752970799,0.114789093006732,1.77298414575667,0.974364895045437,-0.495409367306526,1.64835947985278,1.56465274959588,2.9769316928089,2.11730984184567
2.49653772588606,2.62880696837748,1.47963570871926,0.749332197774206,1.51418730194552,3.38559964803924,0.334034451731928,1.06027714586022,3.43029904205325,3.01397129106415
2.24557439453069,1.75063813687858,0.815462413371012,0.385268060690938,0.848047306454134,0.100043391510248,1.65624604442798,1.76457070234404,1.07282437983961,1.80956847403772
2.03170476131574,-0.35329244149211,0.656534141496809,1.01808295817095,3.37384629948615,1.61071261294603,1.80214395583256,0.915409090944021,2.18378118294153,3.47659153690608
-0.605830941461042,0.944172109099921,-0.0704023891003299,0.856228645981314,0.643296498357797,0.756813096852486,0.523496613574752,0.216736461402174,1.31732515494706,-0.71521204905282
1.4595640155414,3.38100647181799,4.40012722316869,4.14228790183544,3.43556755672693,4.7955865763539,3.10247451485406,1.84936745850025,3.54869054010003,1.84577002911605
3.68205463797741,1.4195028147983,1.81736662609221,0.901910565482097,0.878480488085341,4.56857888220926,1.54675885002903,3.02431671703107,1.89956571457675,2.58898791516469
-0.752012399666581,-0.365819018857299,-0.164589119392615,0.0363559418719573,-0.00865846249083022,-1.24155921215694,0.641340003551849,0.21408147546344,-0.492395296770762,0.141136905463523
3.48261733245371,3.01791744769684,1.61269320742617,0.442493079911166,2.22630288685052,1.65628865393575,0.915268805565872,0.238104156675214,1.85904264941108,2.74879028528438
3.44932487808044,2.91599415662467,2.16663306266262,1.53605880660204,0.729370299768699,3.37053660540891,2.80921232276848,1.55495719298083,2.20678325427926,3.77781510403033
2.20467817608051,2.09739031558296,0.542842595601901,0.0235453408004876,1.53383381512449,-0.188502140749818,0.923548732795245,0.874054640255799,1.82403058025058,-0.210771788835303
2.24290914174121,2.43058344788609,1.95872439807073,1.4482407584856,4.85599560622503,1.20471715420584,2.99434753417363,1.86696524539221,0.984620294350813,3.07407300080652
-0.864872146217776,0.319923403562515,0.582699548384039,-0.220197370575213,2.14119760010976,-0.791241919665289,2.21376013035352,0.938599771706137,-0.537621718438452,1.48997122566006
1.60190303854474,2.14900895089864,1.80402172247976,3.08424686115101,2.63886968704872,5.40875897567347,3.83387461421921,2.50356423253569,2.47515742578264,4.41398355506746
2.45617091875175,3.36822694949583,3.84438941432048,1.70225091891706,3.30907419874265,1.72266294624197,2.3185083735541,2.92903927639213,2.35928090017489,2.22109223031646
1.43622910438668,1.76578967927848,1.7137221431237,2.03117716023989,2.55259723842172,3.65156209447626,3.63056756893112,3.03675528073262,2.14076101522579,0.966214977489752
3.04359861956045,-0.489195285735404,-0.790829707954853,0.140083272267338,0.991303354872799,1.96177964233664,1.35449758485642,0.969173321148435,1.30952821993364,3.18641536644785
3.15598134789476,1.61761934900238,2.44607636819232,1.86945604196995,0.482637389498553,1.7658147353902,1.28345448151209,2.01588952168785,2.04601557312907,0.0090743252221861
2.14886695865848,1.91545093655214,-0.317349397337104,1.64861219289196,1.36551648525032,3.28884392404517,1.69768730126948,2.19439056620446,1.67206546718789,0.266988750624953
1.24653132102172,-0.707067165906697,2.91993057965284,2.4415082640067,0.277783057730982,2.4427653833546,2.56026640727767,2.70199754163946,3.41666329337811,1.43570397539458
2.72321389791527,2.75190659363374,1.04691450989276,0.962541453196986,3.10169876380234,1.6338560790372,2.19207972021246,1.21394336055945,1.38343571765312,2.9695090054679
0.989716138508792,1.10540524320481,0.113928539765254,2.21134955039224,1.14998905656143,2.50585756273522,0.88509639265333,0.689401718881638,1.4273641344836,0.355030585325253
1.79411913479807,3.2861814694035,1.62721843042477,2.45256052604686,1.7457878079282,0.248017417195283,2.19725830375741,0.13795859720855,4.31098738775877,1.88154285976646
2.07989114912179,3.28143340725478,2.13254662461363,3.37259002227347,1.74922730897117,2.08498890359509,0.919331585677516,1.55083580412393,2.58318056362686,0.754794355113871
1.20244992646461,3.78731741431132,3.10681664582608,1.36786674923269,4.0865039956424,0.558638996250189,0.855136087450872,1.78611812890342,2.28545247948366,1.13010309538857
0.803067114009443,2.57501432834203,-0.799963466629946,1.96334862048889,-1.47461757271826,2.80797806887004,1.47806969247088,0.85057995585427,2.2663247376853,0.800526271470873
0.134593236754357,2.52666606444258,2.44674037977389,2.34731326230951,1.25266645164047,2.23553864711416,0.167941994850003,0.759771122145998,1.65668400748164,1.57915081180036
1.25960070098392,0.948560749123746,0.598011853973999,-1.06120811101238,0.905540736380631,1.75805106922558,0.402927242495244,0.736296724957633,0.262387441299811,1.59580694024212
0.827628926351831,-0.0395084608615826,0.207256366826126,0.141869574948447,2.22069127459031,0.877060668381152,1.18548767084845,1.28108462750583,-1.0359781909144,-0.972168284724658
0.858153770303542,2.11805583519581,3.61924704452211,2.84167965721104,1.86793367849366,2.02257690331219,2.11203262486488,1.30381484528397,4.18280193233645,2.49957725612734
1.90058636640433,-0.811790755797307,1.86228623547022,1.40395023172795,4.60713275722529,0.664123758562763,0.959911568764228,2.82130377476767,1.5693720251301,0.0123959602010278
3.1718463380329,1.73166889598752,2.04133524655397,1.91842564371322,3.07732762871945,2.17622993848166,2.13022431291983,1.55288349910016,0.300399617469979,1.68813752749572
1.14874332531396,-0.0493163077466328,4.17012782445603,1.27066189570898,2.18490731043861,2.13617551874372,2.60381454708335,2.44144343255663,2.57607909519735,1.44825224499437
-0.80713801771521,-0.16838623499425,-1.58107536410911,0.0261453203148021,0.194640361503476,-1.35694420179658,0.722950045385659,0.0959249687702072,-1.3770804385002,-0.250684819217861
1.22275882812858,3.01679294351753,3.09704892599909,1.59515481030599,0.903157122382345,3.74611266598603,1.68211792836349,1.85347721699278,0.314728443188802,0.0617671496803247
0.277909621498899,-0.2166165249294,-0.747982654158104,-1.66437861967111,-0.820546748496368,0.273087006533638,0.201867433578772,1.82265646462738,-1.34508140556384,-0.0610042543661927
2.44751676576695,4.86855223735608,2.60431154445312,2.46795326500373,3.59604715857726,3.08533923921034,3.07704568116471,2.87235194802959,1.66483784263557,4.58805540087592
1.56606871602064,1.6471440319081,0.23730321653387,-0.0224345153773005,1.47736896484881,2.17273350561076,2.02295639639018,0.657238094255582,3.21526369280632,1.50089965004941
0.916060388786653,3.42819181645516,0.517660378959194,1.85924567214867,1.27045428338895,3.04279729603593,2.91718664180058,3.83953233735144,1.6021388275871,1.00733700965963
1.83226588341608,2.33145363386077,3.00663064221862,2.16899037048254,2.53501893362136,3.3650153967644,3.38183170370169,2.40707234941341,1.86189146851839,3.0983947672743
0.792434926034062,2.31214783246538,1.06214448678878,1.54140166500015,1.73667961455705,0.912772398777804,1.76139771566243,1.34382756380264,0.432855374038121,2.98104381570621
1.12155105603379,0.904373117483725,1.8719416802339,1.02292763916738,3.11352174742234,2.68259806836017,1.43799150921792,1.93897200654806,2.51390310743953,1.56201552592159
-1.31744764005082,0.992139026329426,0.0961752500422574,0.0148840828266896,0.0430253732601525,0.760695881323022,-0.521808818096585,0.218473938264421,0.475123077535506,2.10830687936627
-0.0591139453643713,0.482777846629647,-1.16043120187096,-2.68671245886045,0.651863106010101,-1.08713895314836,-4.35629457252944,0.0792502736697009,-0.351359808941638,-1.16858571632395
2.17861897311263,2.21072998531578,2.34363900908122,1.11305139348209,2.31294227493135,1.36447304080472,-0.222361026907218,2.79153713274212,3.25267269748358,1.74563757877551
1.01955433539859,0.663351531498073,1.30786821022922,-0.566584897417204,2.05561466035493,0.657929564188388,0.625592764997395,2.13902278337637,1.4782488814526,2.47309539594515
2.32687698803918,1.99406121843004,3.77265754909865,2.15541369131508,0.751659923513527,2.21968350812042,1.93813254636019,3.212951873252,2.71210479008871,1.09644914764075
1.09477729476298,2.57848498218984,1.7133650476419,0.349758674064662,3.65698033698106,3.01891205623606,0.727008969283996,2.2337404173192,0.423543509126602,1.61573554730249
2.30165089051405,0.852192517571753,2.06005189087098,5.20060157288926,2.30072237389056,5.94290366212798,3.76224768682784,3.41737397689115,4.4641914674035,5.01955870695455
2.56582838088262,1.45622508564899,2.34436363699192,3.79262465760353,3.59448629058763,4.1073139550456,4.35939031677163,2.42667844502622,2.51905969154111,2.21866180200614
2.35116186519326,1.15231460099481,2.53887579929181,2.57146585107234,3.32675611421856,4.42868991640937,4.3408372943547,3.26235096432771,1.99534857234485,2.33380102839548
0.765502945785205,-0.375375361659853,2.7745007353408,0.55282500015258,1.28758956072526,1.73313996810189,1.89398705802346,-0.210150278948604,1.10841186080563,2.74398127960974
2.2760352090701,1.86845620376219,0.588158373985463,0.450178575710937,0.497074146603582,1.41844670506393,1.56217483750976,1.06505941337608,1.26975439937935,0.654211104092836
3.47431069396812,2.17574018363643,2.70877621155609,4.60954655259334,2.18360251921074,3.06116442559407,3.49496701405222,3.17201376741433,3.21242399921252,3.35774462626161
2.30997572609457,-0.0856499804389075,2.05651138142143,1.6002445546236,2.71096779275009,3.05061130759569,0.529029108957596,2.20935057620234,1.11333916193661,2.23104816651153
0.358027831549628,0.37976259450773,1.21859591472525,4.02183455416459,0.0809256908534797,2.67811669627162,-1.3132300651081,2.0823087402865,0.168691292666103,2.83215797278243
1.56730110607914,1.68816752688094,1.08063377665322,0.574667533823261,1.64463208029823,-0.230493806047467,2.33523975984061,0.402383917031566,1.78994865581929,0.418831308981379
2.16593488569966,1.75161548648754,-0.820291399137704,0.235805993944446,-0.352021926844653,0.261533538563807,1.19330900310285,0.539954610195421,1.30021805966433,-0.169613106213083
2.4778033951546,2.0774279771944,1.82673612584594,3.54307308982268,3.08291277009071,3.29791218126621,1.30616936385397,0.945650675167589,2.52752790103289,1.56347774086512
3.01922822369117,3.36717573646985,2.00434033928157,2.98500646378933,4.1938017413408,1.05837247139631,1.2625197442114,1.43066956043401,2.88893666652293,2.5805006747016
1.91028146546584,0.982288715328138,1.96649364182751,1.32055460252379,0.494233728829016,0.148961491060019,0.640322954291711,1.48618594601823,1.89964234788344,1.69425958343173
2.84016220018483,2.94511115176537,2.43826238728229,3.39903859888757,1.08636652544668,1.85000090743943,2.16208873351631,1.83663307558865,3.71853061129245,3.06552528713138
0.796279461262916,-0.568068767228218,1.64625980852269,-0.323164103578835,-0.488520961511378,1.81562903088667,-0.147799069254223,0.295924790413655,0.317811967478366,-1.55293508037643
3.1866145649402,1.08160757139137,0.311434931154919,1.24246977164241,0.657316303777394,0.293092522825273,0.696087251787334,0.978153958035804,1.08130525210655,1.96160638285978
-0.299422270662016,2.88426653736412,-1.76056096653761,0.622918429398396,1.74418568474447,0.404227058324951,1.0703364486434,-0.679924750893469,3.22130426026502,1.8487090621529
0.404455489047271,0.425240207501242,0.978590078911467,1.66252884016348,0.479672877114146,-0.504077429759633,1.80222371477286,-0.404307942182188,-0.709109612641473,0.672502555540859
2.95200207860489,2.27354042612064,2.56005811993504,3.48159610650629,2.60007462419127,2.65559748835227,2.72867230774105,3.25253929421008,2.85251770378946,2.3875653909028
2.54214760650702,2.0127925615874,3.33665720893505,3.2362516315733,2.32149315242075,3.42471393705759,3.1595920098069,2.27644486520604,3.28594306187831,3.90092729991567
2.17958206369169,3.5217287183014,-0.297296123564941,3.45663810202509,3.91756658683685,4.81377435532677,1.94179137602189,4.6878763550205,2.7998624463147,2.4766466666256
1.43893309323314,-1.00748405033249,-1.03344926780724,-0.275685888813927,0.652199985651642,-0.0676151244337911,0.485189445201566,-1.06496990242178,-1.03099853774985,-0.714022010956453
0.617517429501869,-1.38975535093466,-0.557737695562973,0.524519693309086,-0.185338901022961,-0.719308795679458,0.408216565532036,0.161301033680714,0.341439520444735,-0.438588156517052
2.9793627061569,0.407203762543192,2.82244946726587,1.44277251650589,1.783409474014,1.82640554443211,-1.12727527513695,2.25066486227073,1.64684001119623,0.346998319035115
0.031378806574921,3.19027137638427,1.10259160796717,2.30248648327071,3.10352154013124,2.05875095133967,1.38212637698281,2.69322774537642,2.32420309421468,3.1319893363569
2.63770195896237,2.75226304610214,-0.73714112803941,3.52641055586703,0.666721246570142,2.60389185056811,3.75668320404497,2.32545008720121,-0.370438353992454,0.305951394163503
1.59797419745124,0.163993422299721,0.0229575327838151,-0.428127752634027,1.31011016038465,2.88994258113725,-0.23262940620456,1.17497742659793,1.74022610668197,0.418614389468053
-0.750025627165835,1.24974969514857,-0.69682790989623,0.638892708416567,0.64462069683612,-0.320394722411431,1.22739012961528,-0.240249629753365,2.09809784593536,2.04373424743235
1.65266628095188,-0.550181417802186,-0.319415169322479,-0.967711438102276,-0.128323453857067,-0.130837484697405,-0.08565323564244,-2.51506815878365,-0.988052168693343,1.48812810340609
3.21459929145528,4.18631769904406,4.51788445058713,1.50595212180308,3.65551769994084,4.17130945814594,5.14113261259274,4.92297279719901,1.90821765997407,5.01307354509137
-1.05997567082629,-0.151720581526454,0.782384105608855,0.0672766745203516,-0.754078559073334,-0.345885742647905,-2.24808100662099,-2.00576408623799,-0.801383389945384,0.932025435369283
-0.70456712667604,-0.892337093857138,-1.23997336398893,-0.514918290158318,-0.618996183362768,-0.766201107138872,0.662898081357002,-0.923951453498968,0.255242384970296,-0.881237816239308
1.10050525247994,2.71953955301917,0.770448296929703,1.53982371690861,2.91377364689916,3.63683869002484,-0.0542368892672052,1.84965415542366,1.22957060759392,-0.519883720084356
1.31945585407655,-0.154379936324751,0.444984100024065,1.00316126194757,-0.259555238162842,-0.685802486228271,0.398241388349481,1.12823787806394,0.795197342801637,-0.824033382044267
3.28758366327757,3.35536066608618,1.98028393384983,1.06953549971643,2.83120186645843,3.9894935419839,1.5002840836434,4.44339533294925,3.31676924316053,3.6570655727218
0.496894671872772,2.74135501620768,1.21055911740681,1.50657071723275,-0.137601375201168,2.13386256538424,2.49026469460499,2.74823120807255,0.558016304694602,1.30628696749705
3.11703135023497,2.27841184474048,4.11968001366835,2.6011815896396,2.91840405787733,2.86026672535158,0.606272593406072,3.86680704684666,2.56179094815516,2.00035611147716
2.3665353465733,0.901024148009117,3.83489054342663,3.39737952426538,1.04122219257948,2.09722937709503,1.18794077453991,3.27913537777894,2.95153639599536,3.11851302405724
3.25931993232924,1.99150275499032,4.36915182515057,2.51457890797593,3.83081361028912,1.77734484099506,2.27639889026063,2.22281568561026,1.24193024231778,1.43767124251189
3.06786865863922,4.32517620549226,3.1830968903608,2.1401551275564,4.4131179436059,3.7788715528318,3.0964521089986,5.25630065469626,2.14444217639189,3.2082362866533
-0.0549121087641391,1.9394719781245,-0.517571235509736,0.648806883233355,1.30142260047827,1.00349744472616,1.73591890067967,2.42371659048633,0.91636339843376,0.565147595369802
1.77061491643212,-0.118834569255904,2.79042360813997,0.562469083037056,0.760857934183965,2.81619505751616,1.70242683663111,3.0171827376522,0.523438213357042,3.91521548983159
1.04159736531814,-0.023331385041794,1.69064987666558,0.980839604266763,-0.0664740987748402,-0.0587382197935915,0.310394348040812,1.26291410052069,0.413236218813764,0.555616491675183
1.23552822956406,1.10640069755648,-2.18298216219634,0.790104099124117,-0.052890569913831,2.01846380585162,-1.00920178236294,0.111149820047526,0.12985009790736,-0.276424558271791
1.55779689485557,0.396813810673873,2.79987724078578,1.00726869886899,1.86366453613662,2.15175375574153,1.29801633476218,0.338590577053171,1.06808518270731,1.88016776576183
0.718390620570856,-0.89771580295684,0.790063492725205,-0.742561050276306,-0.381184426330756,2.45538590447548,-1.37785937827381,0.88327132537421,-0.00114007285896642,0.521437832954869
1.65112597736423,2.35307341603191,-0.70701118896737,0.0847272251560505,1.9341120728869,1.40964065790127,2.19693530692618,1.46737553724291,0.748733758538819,0.988632399095098
2.78093940169858,2.52057107438433,2.35261318488157,2.6911868929901,-0.333176715185236,2.33808362377832,2.96307699910836,2.82970679619981,1.18924283653513,4.45256455722722
2.01050041340446,3.3203379240444,2.92562681496676,4.47922427906225,2.35510190073455,4.64165522774592,2.45959551688302,5.67926602553158,3.09982919564147,3.68516637472003
2.95499935700442,2.79337197818505,2.86087025173341,1.53611064045427,0.619712153029457,2.15824841142909,2.50170642761021,1.98205171996659,2.46099434645436,2.73594747073197
0.997771168101874,0.62373453538509,0.971383331778124,2.3411518287453,0.327035554719007,3.05651110309081,1.88392592461287,2.01615783001056,0.161335128173349,1.17371792256606
1.78054696755585,2.90055417625299,1.80696333298615,1.66210224227185,2.95229113602038,1.18806602675589,2.74586210595404,3.13336731754704,4.10849410507557,0.5318628490243
1.57105255355695,-0.120318163693612,3.05642537780489,3.40258047616846,2.05428504448949,3.71112747032032,1.16877002439859,2.86236447088266,2.48911958389492,3.0651174596968
1.40595733444636,-0.356938117126104,0.0335739179965494,0.54948188349361,0.131019459020583,0.07189766042418,-1.02438781788894,0.655546293167162,-0.367768600900858,-0.188384985219826
3.01188022003654,2.13649193587632,3.09419800907132,2.82022502625309,1.11653364156345,1.21192643635121,1.10800134332799,0.728059793775871,2.68654280917015,2.56067849263913
0.395203078740094,0.178447062413578,0.341010705174837,2.81405763803378,0.201220528333663,1.4623937179556,-0.0510993488606355,1.14188134918087,-0.260516660991061,0.561388696522174
-0.454951770358384,-0.0378396284528213,-0.145618103511692,0.950800244409335,0.598129938305671,0.712621513017936,-1.86303880325482,-0.825744835616113,-0.236390129958183,0.0607281311760742
-0.517639254301958,0.882557834148965,0.185474002677314,-0.477870147552735,0.29806680440407,-0.549654918125176,-0.0948078861981754,0.125832763740645,1.53777294635118,0.902007376260872
1.03532639817491,-1.36935199851494,1.65229587672694,1.06714808543184,0.298656300808658,2.2470028146685,1.5429097965273,1.37096691513192,1.30752624685062,2.08080759782503
-0.128280128601019,-0.0805223268091873,1.59241028612417,-0.305585553476692,0.596912499258044,0.0435035901839178,0.512744978058778,-1.1035188997525,1.24136684878391,0.194187766129655
2.51455065218006,2.11032427174958,2.10466196149093,2.05413957425801,2.00418088347463,1.53802934430773,2.78285133570092,0.357923432194467,2.37928418765302,1.35281075492748
1.02996817028015,0.641315433478093,0.055568197212698,0.593750673415696,1.60026509704114,-0.582249555415381,1.810235163863,1.61755037046475,0.222344133678599,1.04236026077681
4.14558720895562,4.80055250410198,3.61465665758948,3.60205826650512,2.7541328318359,1.01799164188051,3.05703447548409,3.38466704646908,5.29454604051106,2.34647945461891
0.441100322551933,-1.2656815965198,1.21023433208642,0.769716533809064,0.776659017080738,1.84174647127294,0.648018540887194,1.07004751327196,1.92876873220956,0.147655901417577
2.27152528532613,2.06195276119808,3.02181479433084,4.48992090048652,3.59033465012559,2.68096976371879,4.02083448101624,3.99143526237135,3.10102767187678,2.03944030554654
1.28419187526645,1.83477922738224,0.383126554499316,1.43310189644404,2.3701602145732,1.9101953476302,1.418030428836,2.1886603816951,2.15736288068296,2.11573822785948
1.84260420826848,1.83667404723653,-0.802953285633486,1.37349140445609,1.95197292517541,2.89003941404138,0.151586979592066,1.69199590185919,0.349916356874008,-0.887779112640928
0.0836057794212266,-0.497400230205358,0.864605355191171,1.40904777254968,1.39142909410289,0.601503065802687,-0.0337019455898033,1.23447341453185,1.76087500894117,0.389358093990884
2.50981090953612,2.54226826803363,2.47937652507355,2.23225656283594,2.71838783793468,1.9446037995137,3.5874919086449,1.17717705953853,2.15330509086483,2.14855386347471
0.859247739363721,1.38013777429961,-1.20542752786609,-0.342755819915101,0.581639027903423,1.10520843564367,-0.454164689871097,-0.190060099300382,-0.0075451947995241,2.13230431943555
1.89513875540835,1.21653309814227,1.1516815537022,1.7898926666726,0.140413970300871,2.24472649930125,0.702799019460846,0.828490508678136,-1.6988551998705,0.61266988928037
2.21551752047158,1.35276209546781,1.25142875073391,2.44950544789191,1.88182682381724,1.46633927085463,0.478120391656547,-0.204596989831943,2.19984396279294,0.709026400341767
1.39985031310693,1.55432885039281,0.259093083759568,1.2044298450167,0.109388060302929,1.04320031302747,0.721090477444528,0.208962428243571,1.54858739164155,0.0768068503313668
0.281664956003933,-1.84575902857767,-1.38555142958724,2.04142240142864,1.4417195399234,1.34081289830406,-2.19693371114831,1.37445794740317,-0.74529978412015,0.358574101087395
1.94506225483138,4.63767381767255,0.33167788185987,0.752910999244787,2.59513753451517,1.51378319980134,2.15082086483403,1.58629380887644,3.08800801250938,2.2800650016409
-0.331111984229005,0.993024147545648,0.39324419623163,1.64431646727299,-0.500435340771347,-0.16669304383204,-1.96967349963721,0.674447380926355,-0.844876689705238,1.15465980664374
0.859100171383649,2.64292398161854,0.841620301791651,1.40017990458305,3.59404197437226,1.26356482182388,3.59321342007599,1.01809066347736,2.42806724793252,2.23991853020306
2.24162192126962,0.777261401510966,2.15736869813657,2.72283463527275,0.475122162571848,0.808301162668253,1.61698628517854,5.29711032674506,2.29907605857162,1.95247411843457
0.119713174574099,1.23987973918891,1.1207507449167,1.23443727298703,0.816709888687416,1.56614847170342,0.237065789065357,0.797885655514208,3.13377724581595,1.73183032316873
2.37408406797184,1.00644757108611,0.649806240225272,-0.270065818131751,3.25137569612668,2.63087044328198,2.26176149246705,-0.0785759873258161,3.30257369301183,1.56053204530493
0.816490083079434,1.25825465627182,1.42664145548922,1.22671556572927,2.77043360634615,1.67542470494354,3.13266261114032,3.33325508982917,2.62335564064024,2.59309774569315
-0.711775090731008,-1.27906329419227,-0.990635280171457,1.53793351132419,-0.422192655804365,-0.170194458379866,0.925319861992976,-0.0349275361889073,-0.433956397458947,-0.578465577253622
1.4419460024688,2.21073930116303,1.7514337305952,2.72643942561582,1.91578371182329,2.59994600508769,1.89700014373312,2.65281123507143,0.472582047159805,3.13886633093273
1.45276865162015,1.50668947810906,0.0717185193900244,1.73892419965137,1.43453353072919,1.65373412479261,1.76288370713434,-0.295632664370509,0.143751497608744,1.38948460093223
0.475977352650861,0.978933415889497,-0.610158179559567,2.05377271583303,1.77223786070898,1.46656644969836,0.79273540051573,1.01682636375513,0.701282857034547,0.97167962759321
0.633155703437411,-0.481624444870797,0.770103181867278,0.123233399201066,1.76598138968762,1.92799102011527,1.256346837662,0.957091855317741,0.732280729854362,-1.14749803690918
2.96025312106998,0.756302663944627,2.00088827640265,0.242992551468092,3.14114135935012,-1.26908858382388,2.26498842264301,1.58496143973117,3.42785252424957,2.86759295255019
2.18932120178621,-0.023334571295522,1.82502087641668,-1.01495718132431,0.608186829838467,2.77294700604759,0.572972615488309,1.04278945072836,0.162360921306303,1.07060158738026
2.03809229952464,-0.686285168632155,-0.269894984918701,1.09023221501216,-0.16652146805222,-1.70482020548914,-0.745475046545997,0.204075577740715,-0.945303165355734,-1.56662814326605
0.347305565568489,0.245039725589565,-1.31129503328054,1.04348169506592,0.397895203196671,1.33604793025061,-1.37642848826359,-0.921059442343621,-0.105098947978875,-1.05486025730713
1.75216486762075,2.38231046124163,3.43377436010981,1.53610894709989,1.01560129870916,1.66059778727359,2.74959768215302,1.54447509335227,3.38054033362874,1.82567476163415
0.718100284058518,0.589721399964498,-0.461027988502336,-0.816542064769929,-0.647459721269581,-1.09706629963605,-1.22575610080229,0.761322973167944,1.10797110341431,0.945449446825889
3.13288446149281,0.360461761150114,0.519364942828057,0.663046663710398,1.71416363693868,0.84863942923417,1.7566208487832,2.4015693482652,0.261103036746404,1.66829543186861
1.07130560883076,1.45802845086198,0.48661365309752,1.50846741494605,1.92445221114868,0.322413139879984,1.64866637217954,0.849452418046479,0.169234200487012,1.05883905793226
0.608226243538761,-1.81367565561134,1.40282661051033,0.87551739133222,1.91378577129725,1.75294471890927,-0.615221013300687,1.73101122290018,-0.901749168543575,1.12201340407883
-0.222569212933521,0.721497830608335,1.1325783728458,0.889418116998551,0.0491881005535437,1.48612504077769,0.942580963542163,0.472395454805253,1.31362001776111,-0.710635107826441
2.37517124487891,-0.955349215532415,0.43385296156057,1.83307097264911,1.98992357455939,0.779989180083724,0.3717049009031,-0.147593443259348,1.85198488112145,0.577637963539452
1.81628241957719,0.638030488768449,0.451880217605371,1.83351601424605,-0.867453714497276,-0.869131532781392,2.80997111739652,1.08747233491449,0.584707081374187,1.13388856481177
1.38395161344275,4.28668655693186,2.49188447360924,4.13691841864753,3.96776528610177,3.22890110006435,1.45352328958597,1.85695890266458,4.93503085433605,1.50034439326494
3.09181761553961,-1.18585586116136,0.499325918295848,1.98232956263133,1.82318811440224,0.26245367332248,0.382050473966496,0.223797924893279,0.120635008210831,0.0737640562635582
1.12098144134914,0.385884735620635,2.0400871068995,0.818372538556866,2.19468174893379,0.680553843575357,1.45256193179095,1.89150200119507,2.4082045827357,2.0527198124647
-0.665457899810445,-0.0458689309153751,0.175480714839965,0.490372614236605,1.81996235568849,1.22359134350524,-0.243722620796023,-0.223414626234536,-0.421847873108695,1.03411851533554
2.82471432312056,4.35009732819443,3.2603047720129,4.95063981241361,2.10038989003469,2.76543290944959,4.06586710027722,4.03666536104751,3.24817735328261,5.2856739099995
2.27485709054252,3.31401846292014,1.9586411078441,1.20928183652528,1.62697286454874,1.90839709300074,0.653893104234247,2.35611443112438,1.80923439212827,2.52702351989358
0.907244784108635,0.162786228995178,-0.113523794774943,-0.553506137510346,-0.442549763543532,1.26158609794102,3.30251860697604,1.5944036608867,0.086568893826506,1.70522592459102
1.24879105134991,1.28199021244606,3.48411806319485,0.316050211464607,1.52267750968286,2.50298222622646,2.45943683995125,3.21654502167759,1.55510143236887,1.7145771136626
2.21762026794763,1.61198282119844,3.33421539220031,2.65965944794338,4.14482084716114,3.64713603307368,-0.108550428087054,1.38523185231996,2.81990049578185,1.64755689940636
5.36440079652494,1.85341129455117,2.41579327425505,0.485896731837361,1.79336313244375,4.54354469417629,1.353634034978,2.99898459101823,3.7271193028172,2.29967616177762
2.04696720941913,1.80104441593097,1.35248549414433,0.892056933997926,1.45391976080976,1.70490742211347,1.61402421250291,1.26565275766085,2.79525697426659,2.67234107645928
1.13327058600037,1.37230272419228,-1.19331386400896,-0.76521761518071,0.584453650451713,1.40535030047375,1.47948015381121,1.45422632296498,1.39931955295166,2.37680762462888
0.242822238240526,1.79112769566184,0.776324238016734,1.26636557493112,2.3997123418952,1.59529419781497,1.722782658048,1.92030417568916,1.64574830341248,1.45216887930817
1.9216740109005,1.69102112661199,1.5005370213371,1.54224376530869,0.0767952649902137,1.30837215640891,1.10943186109838,3.34263715262662,1.95963645544729,1.16137725362586
1.06680264608999,2.50369068482658,0.0329842826722926,0.0794987843877174,0.557094993861107,0.71339612489514,0.226058236510252,0.087546793546555,0.918033000909165,-0.296803070619412
2.47741423699052,2.80906703760068,3.22867726563175,0.883740869443925,1.81230550475811,2.14822243329439,2.025087037202,4.30404075850862,3.68698456967198,1.59090749043597
2.03340808175899,0.609456429207676,0.742441732573033,1.68415795973671,0.521693899839068,0.93806935072848,0.729910515590494,1.70975401077363,0.361838240562745,0.859598684260199
1.08893061005456,1.27552112930217,4.22123012016421,1.30039464252636,0.490449372257747,1.58440947909895,2.39065127704197,3.25781049434451,0.961802285703886,1.04920652123992
-0.123708350006645,1.53646209965927,-0.912727929907344,-1.04231052325997,0.413702485555362,0.943080439246686,-1.07437381221581,-0.803438815499225,0.683957724576709,-0.829279862023221
-0.232584622170069,2.78780439167634,1.8235014450562,0.79232153931656,-1.44935149936307,1.25255289168056,0.38489936715794,-0.431461800914434,-0.216608562938566,1.32160360695452
1.97863146293936,1.64230042365238,0.546414898235016,0.573382467202166,1.94543445772461,0.590221938472542,1.74231930863051,0.89122563769214,0.893536356142504,2.08741647167295
2.0352354144961,3.2171695944631,4.32334632999289,2.8943128300975,6.13867703628805,4.98491665823524,4.12122438266421,4.32824154183514,1.54571090076256,2.13836824030753
-1.54992703741166,-0.0795672190961961,0.00282491002029976,0.616217777345165,-0.0412023456675423,-0.889793395437438,0.584270976669028,-0.0373704838441634,-1.13925047731291,-1.31427943492662
-0.0339772210045992,0.716395644537701,1.38125303403656,2.36922398819998,0.437235564777639,-0.450325703016387,0.334076290535811,0.314218869263896,1.94636509476755,1.15047157537774
3.78172042022302,3.10833735767413,1.58424797730478,2.3436567760974,2.25491562260808,2.48392182616163,2.63167964874542,1.42149182041613,2.10604830309616,1.55997795841551
-2.42659839993084,1.23287595257732,1.96960096899156,-1.84310827066593,-0.145343325939736,-0.627777625160456,0.750353585333283,1.06674473056607,-0.395966552024504,-0.657976252268359
1.92448895778035,0.547642936976317,1.90328209328088,3.37839054677686,1.46627277982035,4.05565089194933,3.61915361448325,1.89095380892986,0.314317775325914,0.874363882664382
4.29550903251794,0.469989194743296,2.81841936401157,3.43882605077744,3.92910842532882,2.76965734123889,0.862047704642798,2.86664951776654,2.53023497378727,3.36051468921384
1.70419060068484,1.14643127943419,-0.272468848033937,1.17623815348968,3.29024933063328,0.787957239355148,2.60691736957299,0.516923499222464,3.64620665657469,0.539963565738184
-0.390529825069357,0.614716230369848,1.99544669852574,1.59723409788005,1.30938543640342,-0.444990667570996,1.13097160150049,0.183481700495995,0.447430227983397,0.317289817226354
1.35286082095805,-0.990513844670479,-0.471346441682726,-0.490543082434457,-0.534985187054647,-0.0310840681894713,-0.0339179616155024,0.0296256907249086,1.73869637137343,-0.633125575962431
1.50605863961074,2.42817521690765,1.27065534921669,0.524621032756188,1.03684325466412,1.63969021424388,0.693591431479163,0.930251300001865,1.28518813001245,1.65531549053263
1.54769462748656,1.38914265100303,1.86245814849061,3.09269369737553,0.526284492263839,3.39096087036966,1.66779498007273,0.56127310754029,2.3278491323413,3.58543683010262
0.782718663761648,-0.380269117156194,-0.0313060975138986,1.78190534024707,-0.62436572890865,0.621051646241406,-0.590871192640364,-0.31729459248369,-0.644692099350791,1.27694375840738
0.514773680004181,3.38666389238132,3.71711431777696,1.93944452431427,0.865828577149446,0.988184340067439,-0.236948602188253,1.05990358444692,1.82319358670238,1.78418553400314
1.93471669230551,0.45194138369013,1.44056741024012,0.246977615207051,-0.0948381708269985,1.65797477099102,-0.874113881623761,-0.303624291124765,1.95794079879107,1.03923797808151
1.76794941073676,3.49846632406083,3.45206635926179,4.25946640889949,2.19315972515212,3.7717282749072,1.36034462570517,2.12688577946362,3.25439877003623,2.68694211424595
1.92736035717357,2.33882166668373,0.672844733599622,-2.61973276010067,-0.443725203587489,0.961297142920161,1.54690265974894,1.80852134758592,1.47041793402593,0.919100304412321
1.68406350054865,1.56768213826785,0.631473693533499,0.0945606280072935,1.44461740260902,1.82133103286026,0.974020668834569,0.802941392019926,0.886942818526131,-0.115495572206841
1.61207262218096,1.15210948564519,0.447060000343863,0.549990635866371,0.397113658132402,-0.458535809944577,3.16211806006048,0.860162343061441,1.80294560825657,0.327111847779874
2.08279369078722,1.03448625644959,0.117893538298744,1.80422551756727,2.76324830279618,1.28708398115872,0.669298416769233,0.487281836244831,0.712466484348103,1.21199953567517
0.845431153795655,2.58968256221269,3.18396750066936,2.89306186688296,1.84084843977453,2.01733736276999,2.18255998549008,2.38575924031031,1.79476175141725,2.42755798008022
0.479116287159244,0.429827083214686,1.52341180388387,1.03942152159577,1.3638936231937,2.02266738484936,1.66655659947971,2.54748599133876,1.0477205188709,1.02147199839795
0.991937145236412,1.81853762789458,2.23751407808111,1.32922674164911,-0.164403526599461,1.90966683170263,3.9467110119221,1.8408637549395,2.94344729346064,1.72626810030706
2.16352780129912,2.16338646008678,0.692304091540484,0.907677610296685,1.57450812918179,0.848069945006794,0.585539465023459,1.58514621195002,0.886076334859047,2.00331080425915
0.194661489265809,2.26288593077376,3.09446471893704,3.42803979866963,1.85978445400785,1.89513677204526,4.66740185112523,2.03227044681942,3.8666413817492,2.65603092147999
2.91153893666683,2.33402012410332,2.25777020566665,1.98776020432636,0.6530622078522,1.98693514617756,1.89866033596399,1.52491940625059,1.66849466461523,1.18822948946289
2.39835566822054,1.82789813100461,1.68032040697188,1.9490130408662,2.02345935100829,1.22164376235764,2.529153920654,1.47270203087925,2.2975102041006,0.872952272898026
2.23098806179474,2.46786499160633,3.93685333410131,2.13321149120281,2.97907332454372,3.4667899165285,5.58141272077662,4.79451037613202,2.72818831140872,1.25405939580372
1.51173082604427,2.68492610882353,1.74501482309863,0.200861812722788,3.32095250207747,2.54629902251656,1.98778363281835,1.26846410477785,0.703770658704316,2.21895170127854
0.322372241400072,1.14486495139444,-0.322940245338729,1.02976597133727,0.978378238094994,-0.48768661982335,0.675292901737153,1.42858115199267,2.82529291571975,0.309071169363781
0.00422375154733468,1.79409507769225,-0.21083076820029,0.242496014733198,2.19222780048667,1.84229561455122,1.88945008315269,1.23165281203987,1.48493428362297,0.835807861311121
1.24194867223294,2.91721247393889,0.490375466911329,3.18895079010798,1.83807530180847,2.89297958836021,2.0164335018023,2.28074340098449,2.4737613578983,1.73556371863339
1.29490175695867,1.15863165558075,2.60413261547256,1.54989710091954,2.33297893244322,2.42213481715243,3.24860614000131,2.91671454159458,2.24335762734109,2.37435095244134
2.51639135372924,3.12345819536497,3.13407606037238,2.79775153651293,3.77345615784063,3.02786171349025,3.19000599505049,3.1861966970014,1.26697456814609,3.05653286360636
0.970993200804777,1.67800160335383,1.45873569839882,1.09974135792681,0.788720833977298,1.44198718462847,2.60297791139596,0.0604183334596485,0.28064204698455,2.97084878561676
1.11282767299302,0.316877660366041,3.26447518651333,0.782450758098747,1.69653537165507,0.409424958283665,2.1476596048503,1.27646268220137,-0.461174921116184,0.0107003016852146
0.694650222711332,1.24673107904189,2.1307296282499,0.988532666116007,1.08440732621301,1.33069748992869,2.17924214308029,1.11380931735982,1.23162351806489,0.397485813528823
4.39853736411826,4.36944887646545,3.63210986335773,2.82240250108122,4.07416301544253,3.60107113197709,3.23441239281471,2.8159226684968,4.03494588021291,2.22052556924267
2.2502253167158,2.48520515415593,3.09827683556309,2.96401353185757,0.345216767929658,0.479448209877638,2.94443556597533,2.3900417759482,2.21132019856823,2.52553702357517
2.27401999451606,2.10935382640188,1.26949369226808,1.26356580840622,0.0920220885980513,1.78313206753827,0.148075921092807,0.410445500537935,0.757853777644568,0.206746033312921
1.1757013805519,2.08423300408981,1.12883859942855,2.46630983306157,-0.364693978096319,4.08159982697656,0.875731315765805,1.59197598833346,1.2812976075967,1.70952455461564
1.71396849770566,2.25815504900078,1.28723197991988,2.15354811384263,0.996019999656693,1.47852275404807,2.03434220133107,1.47786750332813,3.05335832819307,1.496397989085
1.53625300572072,2.80540801047789,2.40744800555175,2.39122801553854,3.19145118595476,2.85123246692142,1.96123115196965,1.68316856766331,-0.635398923919042,1.68408617042172
0.404576149209717,4.6082736461406,2.52889071907832,2.93795557882605,1.2505172031043,0.869658906750132,1.49402078147884,0.195792227195465,1.8729057057432,0.723296880731398
-0.315190215139517,0.300017341759514,-0.579541301819003,0.898023554703347,0.203083709953818,-0.477449275257458,0.410609866413753,-0.228496581681925,-1.71633633796426,0.382671769594166
2.66886869859592,2.26613027997474,0.964584829196904,1.40541318358188,1.87537978743859,2.36316681929268,1.75208215667565,1.80640388345808,1.93858912184259,2.04297316953294
1.03617305364122,0.0673185710071473,-0.419186160908543,2.26219427271684,3.47013096008329,0.344240793580234,0.60242196755023,2.00416105460156,0.683997106104425,0.339216499329742
1.13072806058403,-0.318039213777313,0.160390880794548,-1.82207611158828,0.318349702522334,0.0791315040883106,0.511016683650434,-2.86228015109326,0.527573651110304,-1.12467508793972
2.21487113808835,1.82155276087308,2.2683390617541,1.99959377221357,0.700222425688652,0.902246737588922,0.237115248699562,2.53522751973402,1.08714909450192,2.10901126015164
0.872235861467676,0.42512523305792,1.52144731335801,0.952530689368493,-0.401034748802089,1.08663743619389,0.308758289268621,-0.784716677574818,2.12721610416552,3.60509000477742
3.00830936209184,4.2747621164642,5.10819590833228,4.38027738420842,3.30972748148134,2.67118818277172,3.73987338430615,2.47295804656469,2.8361898004038,2.18816136799466
-0.29011805250831,0.791085836862153,1.10682673294885,-0.458236908393744,1.50249702940836,1.31190022344803,1.97340455409991,-0.818593670190762,1.28657286195855,-0.202442200939903
0.063837717645863,1.96878707776393,-0.473109792510857,1.6775129122203,-0.611373179220926,-1.07177811866577,1.4014576753011,0.926336147523334,0.550770504706805,0.235591887517839
1.4518950566209,0.913385282242407,-1.25561249253204,1.21800550263594,-0.0431714368308826,-0.668124457165176,2.31626027743407,1.09836980268867,-0.758410607133844,-0.696278914517522
1.59231600580013,-0.583083999933217,-1.55040612626188,0.0807023179447506,0.436699168676968,1.03594055140256,1.13267559829642,2.02526904891084,0.414260669528971,1.24487195522408
1.6424202455104,0.66315939979639,2.01433831252966,2.16212675241662,0.462098875911442,1.87553599607674,0.486962149508513,1.09815373883874,0.343123987091602,1.6168189435017
1.75597421906623,1.69240793118219,2.24167283229442,1.97851439844492,0.869409446176879,0.432850092455105,4.06159667674619,1.86524967351651,4.27119016883797,0.722177304914158
0.351813171530126,0.45838585912807,2.76695724226024,-0.849301964556577,1.73631777905568,0.186859032118627,0.223606704385439,1.8934983069953,0.564312390886802,0.787176688756256
1.6910005882871,0.111861759019208,2.35041597156562,1.67545581629181,2.41944904183169,1.03306521040276,0.848154092121195,0.660633615051569,0.712149441669843,1.53122269331796
3.39172469206311,4.1312827830921,4.19064167169086,2.4887262158824,2.10797854981884,2.50902603931286,2.99001495747087,3.27022107366154,2.79879290991323,1.83430749719637
1.7472929242666,2.06195100586245,1.1918008746719,4.40992824322101,1.18919038539699,2.33750343065873,2.80426065063062,1.79594502982517,1.01142793015764,2.15831112246681
-0.630580202643229,2.0249565400719,-0.483917141364798,0.252069701980794,-1.23633014893611,-0.0975672263771487,1.13800478617092,0.752605653933132,0.0684567644442993,0.441438118049779
3.47179641476109,1.22554186988197,-1.08010241817458,2.7669397944364,1.36856186280736,3.16600335838089,1.40895855090991,1.23525623662082,2.14771249297812,3.08691239053086
-0.803391281991561,2.70979234414332,1.22248541739425,0.300005749437009,0.100264617660653,0.677663781009979,1.66228815524783,1.65881974446623,-0.233028732206913,1.04918780553864
2.11799266436555,2.20376693407562,1.28112989572755,0.957984014038726,1.79191001894362,1.80470128907186,-0.185080672260834,0.532946981093944,3.2966022445427,2.27380806149428
3.70612920127411,2.30362109395419,3.38123206575073,3.43933964441414,2.93180103129416,1.16333264761971,2.44434447037267,3.46469132336792,3.41844758041586,3.38233831350127
0.289301466928441,2.69554814670199,-0.872126557803713,1.83063383367498,-0.307232296475336,-0.956492162175729,0.633196888301446,0.0479626066400328,0.910542451512568,1.16937919396583
1.79918256333624,-0.000936088437713423,2.13603395149393,-0.463001831072866,0.983528565834264,1.61121138690008,-0.355117150240575,0.071918330875185,1.51098895540438,0.642728094987402
1.94740926517073,1.69754666218908,3.3172099258249,1.81493617641204,2.88680617511839,2.37713540563401,3.15730714027007,0.0640210369617387,2.38887921934634,4.22365978597948
0.429115787477803,0.256573930006747,2.5177674689282,0.808370289724678,0.387516796750204,-0.172780058745172,-0.670966502087376,0.0141578718509785,0.240974337262924,1.01973456722607
2.05816015371916,2.53681407601214,0.603202387857575,0.826568952072528,1.33404111329944,0.928623552588472,1.83174241178874,3.35027335197673,1.06230700311301,1.26516069707716
0.913759501370204,0.762893051996987,1.59052386004692,0.445247701654663,2.16842746265331,3.15293624091764,1.06396450619754,-0.146917423229179,0.359504351567194,1.89709053341709
1.43188181276944,2.3875611588315,1.74386128560845,3.90762362918342,1.49332991865528,2.22198165182937,-0.100284064945988,2.91998733268263,2.78807749943309,2.65444229030969
1.61175581176644,-0.470755543391472,2.06417411921462,0.721336443207369,-0.500652938504903,1.53676284001629,2.95449319007525,2.26623022165517,0.47883869877472,-0.69641704154879
2.33366520894739,1.12075959668373,3.34826747088924,3.99316719154629,2.53228797529009,2.51601547733112,2.53669893638767,0.637010236241516,1.54695191991074,2.13696148744897
3.50939605965671,2.83497427158109,-0.179829187476601,1.5043376179119,0.527360311344152,1.97279046497923,2.35466286599968,-0.289171970070706,2.56453304933689,1.55892745176652
-1.29310760219562,-1.10217336601881,0.854561122986138,1.70608837896944,0.51116178141438,1.26555815220806,-0.509653914471766,0.822124316043647,-0.0793423975641391,-0.709415737526407
0.166762769247195,2.86634334277469,2.821015311591,3.04707013201559,2.7701935276747,1.5681097147593,1.50243649953534,0.0482273755152807,1.41467097838369,1.43794129730569
2.77526671798006,1.23826134668777,0.0633000282501262,2.15931367969888,1.57501589469718,1.68595759805838,0.0267468570289144,1.15806356891163,1.07122237277105,4.45157782303274
1.88196459399307,0.909195031467687,1.98630151463767,0.777437690387758,1.22706745942345,0.0804310265196749,0.566720610169692,1.5967921664646,1.01778719164526,-0.0151436913254572
-0.0350972351117784,1.57123987664992,0.421311466566001,0.297132974677891,-0.245181589160514,0.0241300839992487,0.91831817289287,0.421706091542746,2.30586560557872,2.59782515391355
2.25503403115084,-0.205040508201826,2.57204320047397,0.579491532078265,2.89940343813855,1.2735205925736,0.640405462736682,-0.513622815991648,1.51417599717518,-1.06281995910166
2.35852244175496,0.934557843880789,-0.315668752520786,0.985320269607779,-0.98536775329337,1.80761505639818,1.58732141669875,1.03184904771172,-0.0472887978950149,2.0215854942272
-0.251548735836627,-0.681411182207899,0.822815293365682,-0.905963085543601,0.23409606856592,3.29654926689145,0.378702894892066,1.08651126004285,0.378118820492525,0.880635602315912
2.50189253250296,2.83246296573415,3.5220295560283,1.35168938291686,1.68668910742637,2.88498464090969,2.42323416106355,2.2301158245702,2.7575409479618,3.9138121900212
2.5820935133509,1.58722966005869,3.09331892002185,1.21445450648493,2.29537809881851,1.23477183930487,1.42753372114537,2.51750695181751,1.81448671239137,2.44646678034138
1.13721939872552,2.03298509587353,1.05140195607277,0.421721989761275,2.34878456004505,1.28452886333393,2.30740800412646,-0.328091592530777,-0.915024633864434,1.31698255745297
1.62760657088972,0.1399558671845,1.1844044339396,1.20714751118137,1.39612056294998,2.53393177846762,2.69423269634575,1.5093191659894,1.55819863404006,3.06412434824065
-0.34836640005337,0.339096901631166,1.06990684248944,0.283420702935915,0.914689024786314,1.78045095433268,0.667808166033079,0.350600035260547,0.850875892366633,1.94502773208608
2.25361710594025,2.30783850799622,1.86156859660084,2.63485792916513,1.38373743676097,2.70062400879543,2.23680713775445,2.3831425468433,2.19803802291196,0.494003366967098
2.97309700802482,2.17497419761776,0.215813135586732,2.66039666903915,3.81565973496676,2.60021409016923,2.14010209189601,1.18609554147011,1.29404572295737,1.33248595456008
1.05553361690192,2.33472648276807,4.22301848827952,3.92430477798387,2.19966162321254,1.11676062522646,2.69854562066076,1.70442364039338,2.71929275570113,2.10668903910623
0.988344647077864,-0.133978913191132,0.36521976804014,0.130712650562954,0.103885255326521,-0.364332399392555,1.05069589172793,-0.149505146118362,-0.696400756254963,0.389817278640017
1.09393999542626,-1.85264206586473,0.690418951655419,-0.0928039475192387,-0.187601054352105,0.947542964152024,0.449342717025972,-0.942099028622531,0.111058583044288,-0.395969646718423
2.49521098758983,0.696378605314174,4.10660792997747,2.7917344203806,2.18909661477407,1.84052466067107,3.4286967262311,3.58415891309923,2.25598672473009,3.41669906027816
0.612846915119551,0.0499453482030471,0.359040993368013,0.90198965194268,1.29802523686323,-0.490229964305446,-0.532717328151828,0.822886397045498,0.390760688796787,0.961248016454049
2.64616363189038,0.388948163566725,2.2814146212028,1.11164193974701,2.03800512605271,1.43627242654779,1.21451096363058,3.49321902055321,0.981637021247481,1.20836782600865
-0.084131006371875,0.61510311513142,0.397191479334943,-1.03259812450525,0.708113150714332,0.398558922948799,0.876615881970495,-0.405789984975382,-0.239890120809014,1.84773627707916
1.20686031275362,0.562687281068381,1.53070381421079,1.04084393214968,1.10795506886879,1.58310147408135,1.9558138938527,1.25532689106253,2.21537766813092,1.15834582785914
3.08966769392393,2.95312202737448,1.4561177362052,1.83862212159638,3.7564186294114,2.19862858593552,1.53167310162386,2.70796955329652,3.25537932419605,3.28741354911648
-1.70401983209997,0.956219378289832,0.0882486960684874,0.306050226220584,-0.00398534045765611,-0.434729062016648,0.5338639369986,-0.188372400410772,-0.423257549675032,-0.378572790624868
1.78937259910795,2.63522400934084,2.67387663505528,1.15884232934968,1.48312120443255,1.28487662819887,1.55462644260209,1.0631345104181,2.61427865689331,2.48058596277682
2.06931555083549,1.80395667297312,3.45353781432205,1.54378013752335,1.4206042079526,1.8325711863096,0.296599478565346,2.84163579102188,2.9055739990956,3.73689537223383
1.83180703961281,1.84543816347185,2.18746650184451,1.70263172057704,2.06690263249148,1.74546535559314,0.738002686200776,0.829907066122728,2.46083148287166,2.14606045059987
0.737601905747996,1.18352658719474,2.93572033236497,-0.280362574891478,2.06444787874708,1.68739130043673,2.29131931942569,0.63564989399903,1.73244288534252,1.23218448873953
1.84471680868977,0.73150930749136,-0.206513788657086,-0.0931168602155883,1.41029150866328,2.26744162552593,-0.0666273541262803,0.701031657385274,3.27012613790223,2.0724585578249
3.90228595487641,2.8594322300284,3.15709328611051,3.35250087283753,1.99144930476584,3.15070296359612,2.26552863023748,2.3525661033472,1.09984717107428,3.92383055866525
1.16050056637093,2.60137067434412,1.71448462705789,0.965969447466809,2.02638411031868,1.24617304378731,1.46610617935209,2.32438730351192,1.03977096431323,1.58009794294549
2.17221107450059,1.96356009502721,0.896839339804407,1.81511649569729,0.541063478687365,1.36596784304443,0.996803871462193,1.56397086494979,0.258992927223862,2.30581406949929
1.2023750099409,2.02126842812954,0.702059625540881,0.503213165326058,0.185039153043444,-0.554402506506042,0.958740853143078,-0.156861666715542,2.30348660349924,-0.845630804913357
1.80938870944488,-0.55400330443162,2.01458175604425,2.2325100762447,0.335244961372107,1.7339886776399,-0.0922462393492958,1.22539202980573,0.86524003475051,0.391938472048321
0.0608796682857321,-0.443241994508039,0.0513111534962161,0.572771761557249,0.754638131906203,-0.92954933293268,-1.54419838708653,0.912644264540202,0.881375753138659,0.434140013707192
3.58919663794323,1.93194892962514,4.00830341562954,1.70618063941704,3.6589674898185,3.05163149902919,4.25978259653842,4.3526970988386,4.0743861822416,3.69622260006561
2.43802152992127,0.60267202274805,2.79267869197948,2.53260515955753,1.13398080558539,0.482749245542823,1.41743167667227,0.111890152239945,2.46314636779313,1.53505541957665
1.3150700493002,3.38444099710368,2.97436368400634,4.61008488813606,2.86261080341136,1.59241373688296,2.65499104324132,2.9898520700921,3.70791487955713,3.79695078992671
-0.330406563973161,0.736529337469399,0.00929681237207347,0.676092849947989,-1.88401851773701,-1.30969106887451,-1.19481568395091,-0.885110041807868,1.33072754511989,0.15001481990695
1.7904390881721,3.97681410722415,2.0281754009189,3.85042791496934,5.74562247032588,4.24054805723929,2.12230275441089,1.87738310906596,0.860845640461748,4.18596360256827
-0.155826474139956,1.1013666060787,1.8048255583276,0.61665138621252,1.99322789557854,0.638818065086551,0.794272272323636,2.30807117084405,-0.941618292107959,-0.0133092242002404
1.39291659041197,0.701112806773915,1.66868843868695,0.952205785273722,2.87085746224864,0.96270442149838,0.603946163573648,-0.296980882573873,1.52070498643146,0.0717178343235957
0.809549621288529,0.406444930582144,0.8777200973522,1.54418616814223,1.07217387929751,0.317804936029045,-1.18189200094106,0.846529732950167,1.65587492311872,2.51066289006568
1.90085215578547,-0.720330107599162,1.15606914238041,0.529816715895742,1.51168310020091,0.286349594606977,1.71866915833782,1.99647196583952,0.85127502892329,2.0820718320523
-1.32599318442092,1.39517081261272,1.78986591022415,-1.57613838177275,-0.546064986309822,-1.03766507271696,-1.15197294831831,-2.22080249119959,-0.0693616824876815,0.931771336335082
0.906921876582998,0.712727801881352,-1.21992098487646,2.28347722926507,1.03301852519905,-1.53494249965349,-0.870935648323121,-1.20459676728699,-0.810402820461731,1.47508866619798
3.61699360829442,3.54070411471325,1.69035165957119,2.89248819455752,2.45890784382501,2.22472638581446,2.66158017267231,1.48702516016922,3.64891450544938,0.686015143225725
-0.292275093978137,0.632419989412621,0.236822555772616,-0.291659187512791,1.9472125069306,0.172169196815909,0.761163278941573,0.398099835806337,0.642577993847704,0.14855667747495
0.495891176581241,-0.866537790690672,1.32571748762868,-0.193295754755497,0.0308844493220336,0.740193454666156,-0.103881687750251,-0.676550975272495,-0.963827217566731,-1.08828974676623
0.651286753910451,0.722757101578751,2.13916267635339,3.68635186402896,2.46594129094616,2.40519100501667,3.16895736884485,3.13199712927768,1.75796883194913,2.30553831773423
0.674917561219506,1.15147269051616,2.36486709105306,0.502531471702775,0.726668388734312,0.391242823097761,1.70829173199735,1.9432189622575,1.15779125436948,0.948454878350013
2.32796590360034,2.28435411518331,-0.729056770948456,1.70183888114356,0.660856014993379,0.799893104960653,1.76855294681736,2.67230816305062,1.00432158460106,1.37933937939148
1.4867251237483,2.65799398302854,3.10308210320134,0.571870250009439,2.47841351857646,2.19850027485163,1.87553328187085,1.29569893232257,4.30005371497307,1.60702044214171
2.04429640183055,2.00517655651462,0.644972273453368,2.30831083387698,1.6135450312773,0.405805487683715,0.779289585435437,1.44721376288384,2.8857776756848,2.16639371350125
1.80824904181599,1.79471873056633,3.09451298637297,1.86601996180727,2.69505562749748,4.1237925644357,2.1791949887276,2.84873886917188,3.10409280375803,3.13090383746726
2.96797463225844,2.42454427114898,1.97706861867536,0.979445580400479,1.43886305548561,1.77432043736764,1.38338810268726,3.56704906389011,0.296421470750374,2.48005878300576
0.645296975146812,0.993227328315535,2.06526530293079,1.03223956939727,2.3733875659333,0.576032335771741,-1.54227970726472,0.407784270086127,0.777328300170466,0.573640835682916
0.657197657113106,0.198108510879353,0.978422903783939,-0.256099703222234,0.663754206713675,-0.520404448384167,1.08552306937106,-0.0505950796316861,-1.37965371915832,1.29149331280717
2.1802402112249,3.65533372259021,3.0832035473637,2.78140247823717,4.01917063798784,3.59108913373651,0.431666562489762,2.54603833535793,3.70187230612856,1.70400930445905
2.63222000716282,2.75302509313369,0.97108461027708,2.7733339892093,0.62065235755416,1.09482917105034,2.11033670694681,1.3130978046704,1.45666235762002,1.01280923062985
2.47190800584663,3.61931281214309,1.80991181674756,2.18701122921859,0.830238355138633,1.44728937405355,1.7086731000233,1.4657483083875,1.75920447858581,0.33903483367174
2.19264311322599,1.44227649639639,1.35383506433349,1.78706203445212,-0.26906429866534,3.26055224030831,2.06449793930703,2.35135118752467,1.82483635108724,1.66181654886582
1.82768094139613,1.53115328684924,2.19270039147908,2.09639440879279,2.46966530724911,3.58382065788198,2.48050996515198,1.48597377744065,1.28109756779213,1.90974875896795
1.50658105500102,3.21421700281323,1.29361472674755,3.43740682703405,1.78475451712374,2.64656682133678,2.17906698761671,1.03230100743165,3.01263690367582,1.3751979861206
-0.185566490750617,-2.78203760442614,0.873942783358224,0.299833146047367,1.03443378641205,0.196399070806949,1.19135355807372,0.638540362791448,-0.981403715034152,-0.214626386015741
0.490142039036317,3.68418699033995,1.08100258669227,1.28221226443829,-0.163520456136747,-0.733724672864835,1.71863067051716,0.935131695727242,0.621265981240685,1.57471999454708
0.343288554407304,0.50943210007202,0.595878512859885,0.679204711100729,-0.273747650709051,2.49059287917492,0.749548678731795,-1.30202523528906,0.599214405259849,-0.484244720804258
1.87403321351095,0.660333390793672,0.770677549704512,0.655260110584827,0.679639433115283,2.19326228919947,2.67716070400076,3.12437889740004,0.048230033605199,2.97274645675564
-0.578230623627777,0.128583139601978,2.53231360414747,-0.444419019949492,-0.145610375387571,1.95173764133306,1.58434014120633,3.06826209500611,-0.149286409583024,0.194902082456031
2.15122106070898,3.1113806596987,2.80881315910355,4.27267715444844,-0.163482879843307,3.86373538477776,1.2894857472385,1.48796077877387,1.77630124418114,2.75889331789671
1.36877997150272,-0.636353369850963,1.40848759933364,1.3649469258213,1.15758839530068,-1.02132799694366,0.316119220852906,1.25278381520993,0.971833874903353,0.890142876588114
0.865852535556942,1.13910989957831,0.109613556220564,0.25878322505175,-0.14513567579376,2.35287754692572,0.651214380282077,0.829974321414522,0.93947772715255,0.856207166776993
0.473592964939693,-0.0739863244241728,0.918204797862273,0.462191129957251,-0.899700207265455,0.280681986458809,0.0405407698532509,-0.631620079958573,0.435957706590526,-0.729692515147146
2.09390550858278,1.88009906234796,1.62791752261267,2.17547478516158,3.292201054823,2.12483695606708,3.20554492110435,3.09275988733502,0.190989579633791,2.14754809123676
0.167082585696736,1.70391273669719,1.18249185460503,0.649607480287972,-1.26354990119694,0.813851497182262,2.23096751314469,0.306469006384203,1.007766930675,0.69277312081855
1.99668632311956,1.58901807601597,3.28802855391658,-0.153431606381764,0.465397825939344,2.71132242706413,-0.175236337970788,2.3452137687328,2.61294017115523,2.30808091327374
1.37087299516552,1.7444081405892,2.22160988430782,0.232519410622001,-0.501337358913187,-0.472339531157894,0.150198972380796,1.05104019817731,2.59413679063496,1.30194882188607
2.73857885770763,-0.26183474419039,1.77202710480905,1.7949493107843,1.27135891678489,0.535777446385203,0.244687694918024,0.967844686742701,1.29072092305718,1.60845390299933
0.81122552187982,2.56684066296347,1.45373745502672,0.602462282129509,1.55898105135926,3.41676178740658,2.08247755275889,0.269131125825171,0.0509415368162893,1.49666283294496
0.0274578131861098,2.01602485396464,2.00389028389002,0.390232061205364,0.881541559529622,1.00295946571918,-0.88821444889228,1.42118644736128,-1.20777309176385,-1.07882478818228
0.527544705084402,1.08463854897192,1.61439800893546,0.242769587188403,1.84640996848054,0.986928287405085,0.559378308866956,2.16027841873945,1.62270395759897,0.685130868848088
-0.776130450336115,-0.443134089395233,1.26056412645328,1.72327972352474,0.320663471894249,0.368910443721004,1.99995043649342,-0.0598085633624807,2.05106120063667,1.88987001597737
2.99110181167845,3.46759629491908,1.67767156994969,2.58320935433246,0.833587668345857,4.11463750407062,0.536134152580821,2.86568990104838,0.5945097266538,1.60626950486104
0.666217204604289,2.89984287456639,3.60595215776282,0.706570714016081,2.14540289378872,2.59523351145678,-0.268723044163925,1.47966050663545,2.39962365919802,0.660560392298668
-1.78863096160254,-0.210344921923345,0.861505603187909,-0.891320249382064,-0.0132084677607833,1.0667667224922,-0.7845644191741,1.04078047118832,0.381604162809603,-0.481975965149355
0.201616146684167,0.923874340058962,4.19558532291923,3.21814463286445,3.73830417483225,2.33136408968038,1.05162767030516,2.92934160981562,1.87079394283001,2.77147968082171
-0.599079013012858,-0.639805345018929,0.0938638321747543,-0.0613695267475449,-1.84619267391318,1.65171218296917,-0.780358849856411,-1.8823049650009,0.687909059791462,-2.70857175563394
3.01598135958269,1.02670509206059,1.26164093971497,1.81944733566912,2.6321227718932,1.72206630856996,1.79295572692962,2.98738079281818,2.52689481173992,0.76674673893493
1.24578581623369,-0.257116786189349,-1.68523862965357,-0.946147138641296,0.311464129852627,-1.60369472881479,-0.367232966349611,-1.39632601935728,-0.533533940540521,0.366788457222976
1.0688857263571,3.5787866350882,0.910429092133716,2.97415743794871,3.08761577977398,1.87929347467536,0.263234352739949,3.08921035145103,1.23367146419481,2.22997858571998
1.13420068649216,1.47701967215394,3.16347848386533,2.41768852068242,3.41825384538974,1.38969687097255,0.0735859971070856,1.33143557068351,1.70269199562549,2.51730930385086
1.45596670250023,1.57313617788301,1.52409818933666,2.70991471045868,2.99331737432474,2.82269244271198,0.61859246069618,3.12559249890098,4.28011273189019,1.08814343969974
1.79734258358852,1.40861754591414,2.91048234506327,-0.508748660803455,1.07353994259642,1.03291598597913,0.0918255264519229,0.47641685334808,2.52363948547254,-0.501043436369356
1.20347379900064,0.01679951976212,1.25037599276142,1.14338533770954,2.3616670355806,2.49853308466663,1.42435634421521,0.724363017071937,1.38141852123268,2.84434044268367
-1.7310212681225,0.66927370894284,2.3158524532971,-1.69557829548229,0.099012286814344,-3.53990189076486,-0.627015825309798,0.174138118096641,-0.925597012583341,0.43869375936152
1.75096980722944,1.61691425291221,2.83428440681715,1.39440933778707,1.69784765916779,1.55196607329998,4.10438827193207,2.30183430100845,1.26783633001811,1.33511167079272
3.54480221196615,2.93285596264647,2.57966568871658,1.71569124064459,2.37115790411167,3.46734348099038,4.10235702057736,2.24401287478696,2.68674325988596,0.461683312683164
3.34738104752922,3.23955319816688,1.7466023969489,1.96596817019903,0.995811828009282,3.09034713809479,2.81844661062238,2.68517046953872,2.64766718299397,4.07682831528237
4.87605860624949,2.99882376255167,4.55212349381263,3.87545522493114,3.21819882358385,4.30877541071995,3.96095365653154,1.68382271500144,3.22957690155349,3.31524368517969
0.453884166848947,2.83491208926108,0.9039244722778,-0.0169723938876341,2.86662687235477,0.981592980506303,1.42461303470608,-0.22098221066116,1.24972760268492,1.46498219995745
0.661548710385822,0.313465854865193,1.02130410361825,-0.710980819806679,2.11790624800045,1.48580568547283,1.20957521420301,-0.180530133602074,2.95925627767169,3.32641323394854
1.48975981498039,-1.3917374058034,1.98471119738854,1.67313100213869,1.70290827779781,0.941603345174934,0.78226952743764,2.18588895647935,2.43964604504848,1.12667911446901
0.282275139048685,1.77762620641139,0.0895656230065109,0.386824371048079,0.851091201206692,0.880895151137075,1.11780268755045,1.03516083228097,-0.00928866755212576,2.89259790521598
1.80760514643764,1.77673400699868,1.41128314945551,2.05735871172603,-0.701038665113481,1.89901769635566,0.386571123378854,0.487854378534801,2.12131612475472,0.118310928020786
-0.297260279964006,1.46028305968732,1.55011053939243,-0.655854551976368,1.24318002858627,1.71757057745127,1.52238390189046,2.00984027021558,1.78282764154574,0.0541602723891146
-1.00505646134387,-0.66951058552383,-0.506418478253125,1.70593985769265,1.14061576402288,-0.47481322182354,0.648423156981519,-0.357206737926551,0.212792980391257,-0.33019092881251
3.27553474970499,2.55481226346812,1.88959413963529,2.00597990041828,1.1182728714503,2.42984307616881,2.75104327634805,2.60181852525063,2.0070300095919,1.23380219314694
0.926514562964282,0.182963657130384,1.38475877346107,3.32811530629644,0.84306060225804,1.28499694406816,1.75293644865763,-0.953883806001223,2.13516879705304,0.880529505286103
0.161596278853676,2.08271208028568,1.42486493854648,0.88097870666719,1.02304871068392,2.46253495215098,2.52648124109446,2.98394616605947,0.640253945002505,2.2514352179472
2.23818046313648,2.24747416539252,1.04215552204018,0.470793493085701,1.63098250289304,0.926118837879153,2.21714684968655,-0.717103146632667,2.44488382718901,2.32625693078692
3.38640153982002,4.97027879678522,3.14933049121735,1.21698382085367,2.91286026210466,3.75412441861335,4.55418319533131,3.31648339912373,1.81337708197847,3.0521557391232
1.21466094261537,2.41875106657511,2.11456085882877,2.63868495582253,3.41506221528716,0.155395438446218,1.34927433566502,2.43625766420852,0.353725169745063,1.20787524843772
3.00986316669166,1.23560321168735,3.31229584655165,1.59976792105301,1.10457048297985,3.4510219221517,1.55683990913923,2.0887664837115,2.1048580740642,1.15512115675247
-0.70480438457012,2.84378902093786,3.40604624709864,3.2786458061224,2.54324048873431,2.3977576810974,1.28213511156123,1.58178953632572,2.77844898493758,1.68270738390878
0.637739224842221,1.80843240361612,1.53837996680436,1.32240504180915,-0.113801160023623,1.99498640021031,0.183727039037841,1.45329936348052,1.81749966593861,0.481881050893942
-0.97989346123585,0.811805417201764,1.63639609571013,2.16783201847677,1.85925647522688,0.273104511714168,0.775499711363092,0.419511595927665,1.60043241949508,1.22847379763598
-0.147984132410713,0.787795951473771,0.292104615207811,0.741726111325884,-1.09116391845403,-0.477248872224413,0.734955292028464,0.0996546346280445,-1.08493826811532,1.3361868943333
2.12143540062722,2.34479961593856,3.10832827886875,0.32144160073684,2.49838685452678,1.26880791875528,2.17157385031458,1.14760472236004,0.26504853711159,2.60418265600401
1.9748912252208,2.11487384758971,3.01699674366367,3.48231557826991,2.31449353756326,2.34790485541044,2.32953695065867,1.12833673648751,0.520534529396555,2.59224614562191
2.47861281489632,2.79765302318856,3.54589500129991,1.04746734085045,1.30951474566587,2.50836539328851,0.117213098193737,2.62518141483202,2.4952154708618,1.47354505014945
1.20507402272458,1.33924723553152,1.20510032480105,0.22764455743229,-0.896499848479818,-0.240259918337571,1.2976885256996,1.62919544776091,-0.440835949434016,2.18020509086192
0.923305714841599,-0.577935572333345,2.21783985039262,2.51230727783431,1.19195980194266,1.83773290169441,1.34677763253822,2.22880348827849,0.495584379867996,1.79774657210916
1.97831590383495,2.69344129580419,0.45248487666514,1.66224976234065,0.503978740964255,0.387437416282656,1.45910098297381,0.484868244452851,3.59624810578804,1.9712484264351
-0.299440241447513,2.31334223467651,2.40356025944076,1.89016554388877,0.483827573690695,2.54013584252273,0.158982201313922,0.452819602870556,1.31793844745373,0.339412773628635
1.07535282297917,-2.70973838621461,-0.988198748577218,-0.351503427635005,-0.558810421709131,1.22682636371149,-0.199751061464357,0.276184296783685,-0.539717518478267,-0.401785013446772
0.60660192916485,0.92944438045413,1.8732089033254,0.375855406767842,2.31436783008214,1.8969575150289,-0.280450740236422,0.846924952360373,1.36518019251601,2.76765276559014
2.16083182567433,0.148059298286325,1.78101177580486,-0.578277119597107,4.30970080820468,3.51696623240275,1.8347008305036,3.76130490794159,1.35831421818149,1.93194891250975
2.64677824206702,3.74302177046813,0.736450406577113,3.6622008177358,3.24898718731537,1.46327177822905,1.319243724558,1.57412204526389,2.3067568548931,2.18259988136374
0.632422034398726,0.593806057324988,-1.40536811175289,0.718000203615408,0.943922014814017,0.408693048911048,-0.504102723243337,1.65458155155688,0.0220214199229155,-0.632312653702669
-0.272939097476915,2.54652742655624,1.78546201087541,-0.464756323542399,1.56168043727525,0.688130719858685,1.59716786007288,0.767885192281007,0.125227247902719,2.36486243347218
2.78229133595914,2.1160204871808,2.11903923871253,2.25184149871905,-1.23446716315047,2.63482833139373,4.18441818770941,2.09983166116007,1.3924840441599,1.77653509060995
0.252294943449202,-1.53225948003637,-0.0969700036860811,-1.62511899260806,-1.65174371282027,1.36579066749734,1.90125642939064,-0.792210170530366,0.392509485069484,0.787834857532851
1.10666719665461,-2.10317549783672,1.04084594001449,-1.04047839242208,0.268334876680569,1.08471251450068,-0.48021965390845,-0.987766789393671,0.875938861149076,0.117421727972003
2.02589559405371,2.75789318532617,1.50503105815221,0.975067205027572,2.01788359994276,1.57560766786904,1.24483663015285,0.355898705099159,1.33885937526926,1.91213458564074
-0.278138344465461,-0.195030661799881,-0.571222005695036,-0.166890205222458,0.649644444851833,1.33908429111553,1.51719814237775,-0.82334293232659,-1.2855813777137,0.794577973557997
0.863738285469713,2.39124979985843,3.29011548342458,1.91990500537758,1.69276877078591,0.706148111415525,1.92778180450209,0.978857717858853,3.05634621860507,0.37344631357042
1.32650331301579,2.28590895834115,2.41833988935112,0.436640321046594,3.08365368389782,1.5484720652173,0.83649632936102,1.36505030148048,1.3719710242027,2.20303758935089
1.07342165308591,0.413447303513751,-1.18438275897385,0.755737185475994,-0.874514718676493,0.629642998840467,0.0292554749909629,-0.538740143999757,-0.147800397280139,-0.978510037457196
4.10943477891211,2.2551974834607,3.47380215828687,3.73298525252158,3.20487008892328,1.66429244769574,4.37996995917786,3.32046885177145,2.23437271424468,2.75883431316153
5.06629018916247,3.48369295149842,1.95027636520605,2.26804630637234,3.01275094059473,3.89159751716308,2.02382476580834,3.21209642023475,2.69513711973012,2.27283828536728
2.80630854732556,2.22188549527925,3.32563790855811,1.10165157258867,1.10470381928877,0.347681326766493,1.34031517727433,4.03195037607019,0.289370192226436,1.35606722660417
0.8149587917995,-0.288050497159418,-0.0664173440260214,1.89046130177414,1.92843961891264,-1.32838455554013,0.791226467093554,-0.0176744470889143,0.587101939636078,0.421767650026174
1.8194995548685,0.902419113567652,0.497402095343669,0.623277522746044,2.45137833771612,0.948742689196436,2.03752975536227,0.584063971691279,1.26223613428849,2.0739684622324
1.40062174558927,2.60402098365159,1.97207282914956,1.12629177151009,2.07630854969177,2.5175428484515,1.85435503508438,1.76892743035033,4.16839107267299,4.1226533812679
1.89929089736023,2.61431108706388,4.05664170044334,3.68367830500791,4.58472618036134,2.71880376380368,0.749978416550544,1.94527604087594,0.672842210468515,3.19933709741085
1.18889088044371,2.4661835687777,1.93787642667666,3.15968184256049,3.46313421111827,3.22814967089093,1.83340682088665,2.86360995115465,1.97795516423325,3.7680347021901
2.576978130394,3.19711325937924,0.860510547366728,2.36601894565504,2.97032195882025,2.47160885185393,3.16762274495355,2.89480494143909,0.533869795041516,1.86223540102915
3.10322765138629,2.65820657228672,1.4809324092107,4.43603535754534,4.25651494891303,2.27404814560767,2.75133333920881,2.04167569762564,2.53009591539198,3.98339971356911
2.52375532258337,2.12047428294934,1.2449759960844,2.26323117048423,1.88633660909072,1.06239150867048,1.90422883121383,1.45600878256407,1.40592731829543,0.720130131160287
2.38517673259351,1.75564058432719,2.29292811795743,1.76584303167382,2.66865112993221,2.88428400800418,2.08630595806334,3.97065416690584,1.98700441993868,1.2140138278258
2.32195376061831,2.9456355155186,0.938916532881712,2.29697438528478,2.11476789754528,0.727871734820053,1.40640226695454,1.34312561048455,1.64746701615607,2.34578089316068
2.80734640336082,1.96442929024002,2.096848803156,2.18089666524269,1.6545186949722,1.16875174011423,2.51113925826153,3.14151003849597,4.07112844304349,3.98028194513152
-0.801671217561352,-0.397089969795432,0.953486098453166,2.72704357989192,2.95617186246387,3.42218555922975,2.70238716781311,3.34313273608328,3.69172541569674,2.52315607945082
1.46484940957424,1.15395182920063,0.230007812369054,1.65509767052137,0.471834899665285,1.68154635572418,-0.267866082243941,0.719407347690302,1.74986530437649,1.9118133965207
3.08458943788816,-0.722447765456953,2.11319180584128,2.50268097625077,-1.20106477749916,0.277900120481295,0.679886229821031,0.076005762375415,1.25603532180536,1.66080426404449
0.450290051688183,0.581023502923396,1.95760655795296,2.42919594522548,1.13062165867399,1.16631935727459,1.020614665924,2.46130995226071,1.11880513505061,3.58274393629511
1.61425222191546,0.0947312744170871,-1.33180281785221,-1.43309442546332,0.375672038667845,0.659426758010088,-0.39678162390331,0.938819901626235,-1.77405796832036,0.483343828074523
1.38924343685777,0.759278905660001,3.48825578405363,1.05640162294629,3.17408210468211,3.96599338424255,0.886893434230773,0.647094367395997,2.97184009598215,1.93131607612712
2.07828423097543,2.64657545137068,3.69359805841682,2.57208719435492,4.01321660426626,3.53381379518939,1.80877663585848,2.73850043525298,2.49424971700204,1.55962938546687
0.0469334972229528,0.678407988241574,1.64784147297529,1.03285252786556,0.857206955600292,0.480842680811778,2.51060791697199,0.289959079672089,1.05859178806364,1.60194722190414
0.455703631922473,2.28024616798147,2.06232639409728,0.808524443580049,-0.304535246534339,0.718279280304579,-0.132901706710997,1.25364191643194,-1.56245954710675,-1.03633797671197
1.87911691636873,3.05339781271693,2.43181023803455,1.30481333162617,2.24298837029888,2.50009973539219,1.0834109857431,3.04515274802904,2.43339458156867,1.85301978171507
0.284397834101054,3.13094405059581,2.15722148521038,-1.13591256697377,3.29604026390517,1.88127448776552,2.93044132268983,1.40664488585886,3.06333828705275,1.628954222627
1.58834380216719,0.25589173143917,1.92479907738274,3.39715902758545,3.32583759648606,2.13980008616989,1.96799363618958,2.3781565822959,1.75532254398824,2.60736676409144
1.48789142711314,2.92028864751449,0.442399522930914,0.343077641117959,1.28014002738678,3.51045040615281,0.628270950774223,1.75165787373323,1.08620294836296,0.982317693781335
-1.34575683277544,2.51543652842982,0.374749244875841,-0.342263230537952,0.441455839905585,0.411099882411783,0.454992391341567,-1.01824201838634,1.07294190450013,1.8690339945228
2.05265604616636,0.727516275519467,1.44185423667781,0.634658200449724,2.77024126044452,0.55821478479984,0.5277214584754,1.62476352661303,1.36667480321236,1.43348269298675
3.15630004583521,5.7293054827511,0.674855786909291,2.46213573944786,2.05936269482532,2.45435458524067,3.1998882658399,4.69370471951289,2.6983916484663,1.99153745453782
0.636266027534632,2.20300899075183,3.28559358816827,1.24306340942691,0.720354725133879,0.301487479763524,0.535325374948204,0.0474050898709906,2.161843117769,0.785573901272672
0.0640134884195146,1.94200757069517,2.06691000959458,-0.473747483709697,1.00986367940938,0.461409741209265,0.437567644453187,-0.289964886394382,0.49385640717761,2.82518593271436
3.36260893216736,1.30555726513506,2.82260198603244,1.65722119470685,0.858777572812712,1.75719093541826,1.58288329913905,3.3645005346138,2.52892524117816,3.10371482236094
0.558844841303894,2.11229867179796,2.22742156263863,0.0533572027441993,0.804233547778795,2.44432920011655,1.80565513823878,-0.301401287035722,2.27392564781098,1.46563328285298
-0.261060400241339,0.483140057924097,0.496318632967204,-1.49478285808243,0.512391257186515,0.933693832571466,1.25959978145793,-0.861606724998776,1.02235737254708,-0.888363834384878
2.23050082312556,1.2919435938316,-0.132938688503693,1.13040028787447,0.978296183196043,1.72048940405503,1.89257706041524,1.46828143764938,1.62943234662281,2.43173256174692
1.87689866965235,-0.0572264019170419,-0.11656261430011,-0.757994002167795,2.09887882944982,0.831030786276129,1.62349080294181,1.32183725716805,1.44239801970582,1.86000976534908
2.79115597886392,0.298777961399475,1.61955797663043,0.996339051946295,2.72373909286317,1.72841219626032,1.50908743150011,2.81475536095968,2.33433542978337,4.10496656488955
1.23070699881265,-0.00508531428471038,0.424734154538118,0.758391362373232,-0.833601136367026,-0.46610616427461,0.410156652350406,1.12116746392897,-0.415238124960104,0.925939825413987
-0.297743004290759,-1.26110887615588,1.66622151979929,0.331961935453131,-1.10090388234386,0.581905008516014,-1.27490416653966,1.63218323876303,-0.118170695802849,0.376583189228913
1.88812084535328,3.98487386161248,3.8762137371668,3.72730960117766,3.95554686217611,1.98694120561091,3.76345388713738,2.67632935335889,4.54013071343401,1.59882386407682
0.721770730908785,0.812971364836639,0.432511543596462,-0.200991949059024,1.51653684804728,0.630495193188657,-0.203719949356766,1.55209401569245,2.44151554077739,1.55978705241131
0.417603297136908,0.827131218693567,1.84046646577027,-0.727822470440201,1.54707624198704,1.21370969740229,2.23394145395883,1.35696935267923,1.84990831535508,0.794605897408863
1.47824253869472,1.59246023882491,2.20335481188245,2.376126423064,2.02870006343589,0.870452304559206,2.13248973276847,4.28703274983187,2.25154786045118,-0.59211361269111
1.13927089351594,2.15408976840706,1.57572731887808,-0.27500839035562,-0.105112622687748,-0.865434469785182,0.376847360913174,1.29708521814648,1.37326918552684,1.30550264242912
-0.175990615339934,2.33917195714386,0.428396893112398,1.86366351003261,3.26543043785438,-0.285362860907745,2.85512837791797,1.90568405610554,3.27843342619842,-0.426279986746572
3.54125969830072,4.17161397295354,2.23447719463105,4.32985413207914,3.40281103781257,2.5892684895436,3.5463175788292,1.86909086728987,1.50132390791436,2.78309020393608
0.355708969986663,1.53502475654741,1.48152907530609,3.33085463976999,0.351294437405993,0.0180381651638012,0.696107842056824,0.328697709833192,0.726152555151167,2.0470401545932
-0.196849999908408,0.998789629822337,1.4154762894388,0.260029385451795,0.253598895017961,3.69039120768038,3.42114545654327,2.95484219770616,2.53209320702141,3.23854061805611
2.86208656619014,4.09065702799924,3.00893174986298,2.72919484619968,1.99817977842511,0.0509430223634957,1.48260732082805,3.31844409902019,3.47405696408521,3.3673174794052
0.440522770083503,1.91050543704753,3.68049954154931,1.33052506101095,1.39500227054142,2.22683303594885,1.31902269191809,3.1850829631725,1.02177078820277,0.547398060056246
2.42690501834588,0.499614454333104,1.44341015345668,-0.0692397223812029,-0.0955214420377699,0.748511330117092,0.146726052003011,0.155468555802643,1.25741358285295,0.699819812040329
1.91946320984718,0.54072435396563,1.32942255269911,3.08768982621754,2.41696163922683,2.0633702016355,1.91977449921703,0.845763095374248,-1.73814924190186,2.88769628646771
3.22903181202446,0.841240001438953,2.93568834885368,1.14875752816084,0.604104688994866,1.18831008266754,1.80980942774696,1.6609991326332,0.255636905307675,0.671106545575462
2.54833033272653,1.72575665094231,1.92843304066151,2.07077100804834,3.42009043022879,1.23908646908373,-0.369683206747345,2.18775607126955,0.47829189382823,-0.639069527521895
0.937096748738437,1.23119760341925,1.66107796981953,0.559653934158189,2.59531120103008,0.379541902634786,0.215131969123497,0.384609185730545,2.17652391744213,2.5341670699948
0.696370317396932,1.48945805944094,3.04521124339422,2.35484488195925,1.20642772010192,-0.432776250229185,2.4497337667444,1.02667481120791,1.91961642466332,1.24940577040575
1.99525771574049,3.92353204206933,1.25348941812805,0.871811405148539,2.92057083261075,0.565449093886602,2.61665111768761,4.062483736832,-0.0143449087293619,1.22795184805161
2.93933298633496,2.14776040378161,3.40464105049492,1.97732164170588,3.2605928463399,3.91059987503123,3.28035253961988,3.08775176713154,3.68616170152103,2.64268501858217
0.61293209286333,-0.00427895847778159,2.14063132327472,1.76711045923076,0.51235251583478,1.33054476443352,2.25171687056534,0.461991810730827,1.72626628692721,1.27298129858723
1.04101311607088,1.17814740194342,-0.629534625248549,0.311150837501245,0.438322591899665,-1.47491899916207,-1.57215968816731,1.17599607965086,0.861391049423954,-0.891748677347925
2.02544618339235,1.84488942554928,3.24587288069505,1.16953610500112,1.47603941805039,1.72190567149929,0.747789990025322,2.29044266034058,3.98235463210654,1.81529623913954
-0.0218993619219192,-0.244577420885786,2.22037340522628,0.589416697513046,2.44561130128165,2.03624729834272,0.881874199925465,2.38108282332355,0.482601938275427,0.147392852019066
0.154118937872331,-1.66983044552025,1.45228325443341,-0.536858791012169,1.20879007033573,1.68525236410646,-0.178539989623742,-0.110769344308316,1.96861783259037,0.421337387151615
-0.639411150051091,0.531286009650508,0.533278578649328,-1.87795304649658,0.66053570616795,-0.609291806320335,-0.264120657989967,1.49031356378987,-0.323746197252041,0.204326237674818
2.25451466908201,3.12008717966107,1.32746577030447,1.75890351378303,2.12774651893814,2.95821382965323,1.98347664408074,0.972669592291842,2.38861167380341,2.09085115382908
3.91699693352243,1.8743658779122,1.49282181515745,3.82837250681617,2.12428652779222,2.4376872715423,0.933411933896867,1.07272465614487,-0.544695459902265,3.01046003249242
1.64720050858388,2.47607709054323,3.30677395503084,2.39793518638669,2.5060022905603,3.76611434759515,3.40316397540601,4.03977160931189,5.02856192961445,5.92235726044262
1.771021265547,1.27200801860901,1.01001122938919,1.19404171072662,0.47411476565822,0.71849525053183,1.14913531272301,1.46785675682901,-0.739455145408134,0.765940914647379
0.921440614104733,0.93133441668196,0.0569151327961959,2.7426436993507,3.40359124229389,-0.0582300639004394,-0.320630624807352,2.10957621210554,0.208191911853909,2.03013341913633
-0.913211884926783,1.79876238727094,1.45398869859155,1.90670995751909,0.434713014579122,0.199803790261328,2.29717499754008,0.150117919596471,-0.0910430477790642,1.7543040338817
1.63085017983703,0.0788530375997465,1.13958042927197,1.63052761003418,2.27507059469954,-0.0598630575639274,1.50034618340138,3.70520047882375,2.09143450614934,1.05334880481847
1.84432194127522,1.45601968304309,0.791727827134063,0.883400092264194,0.208277936429782,0.69705296766014,3.22297232255157,1.93997646775259,2.06662590954313,0.00226243059723652
3.18896848121647,-0.604116268930736,2.12833285031073,-1.73620571130744,2.21714167753585,0.70077868574179,0.462197009935527,1.717664488675,0.521969226143703,0.473061176063904
1.11823753050965,0.838080041643848,1.02609501772535,2.56524011153106,1.39402548760995,2.25035408303037,0.666089074310048,1.01201572404765,0.51477167274875,1.06176371141563
1.7554130230413,4.23210923285914,-0.742861060096256,0.519462525909701,0.0472496770235208,-0.436508845872538,-0.997052501282497,-0.638018286496462,0.276137629251953,-0.993797903291022
2.22094983204497,0.6548234809941,0.838992500044079,-1.21920073886626,2.31421967338833,2.16168504448752,0.77130001227592,0.535063523860358,1.66126828956651,-0.157095778993625
0.0497077806155509,-1.33838821290302,1.32816870378407,0.148037291107487,0.258837187201324,0.336983150605335,-0.316613118956077,-0.678168552376606,0.401575118249061,-0.456090496793924
2.39202095547819,3.11487014022121,2.8374028955244,3.578363981016,2.65836615661336,4.17751530372956,3.25728686589381,3.47601307524897,2.38284071867234,3.7679948400479
0.465478199127861,1.79695212257994,2.38668342750316,0.487547195913898,2.07864527715137,-0.180770921121032,1.01231220825811,-0.993122942651641,1.74848316521044,1.64405582196688
2.22249219079866,0.80756183887261,2.20685615684063,3.76394972030009,3.24215197866594,3.42459703717114,2.62938465577821,3.10020433513524,1.89287427272412,3.16931078126363
0.00715136572399389,1.36892021416854,0.988363949350077,2.55866176032217,1.18397195339998,0.511033414320577,1.0043159193917,-0.233627758984856,1.51398626319139,1.74718328744086
2.44162022275465,1.15000880034533,0.242768623357697,0.97962534537575,-0.619398629974785,1.04589807860556,0.718512800088001,2.68491246806877,1.95236059635817,1.04262489486215
0.313380896890839,0.718943646550693,2.81476804111417,1.25026718925556,2.22817480624944,0.535051908262698,1.63310147719657,1.58617745927749,1.62261442300724,1.15972582292456
1.34716783503745,1.40280864337887,3.25772106941805,1.68694974848636,2.586744099737,2.37640038023813,1.03693925696774,1.02523096420351,1.96945343422459,2.36152324933921
-1.5570037884928,-0.183716169815154,-0.378273031082187,0.610695830706498,0.600448946442794,-0.88316059979885,1.72156631901802,-0.917227214245799,1.57085134556826,-0.22341520122586
3.46264605613349,2.86012610497341,0.608794598498151,3.22622843127919,1.60164790241733,1.91368099960837,2.35942077893897,1.04160055835151,0.65472621828216,0.935960703096941
2.2925182955484,0.532719992296981,1.30531921410206,2.6383742689699,2.93828449950253,0.452655906583539,0.640706580476719,1.29694535362918,0.537362140002827,2.06598916443806
-1.45677264770448,-0.929749603681466,-0.234967156982266,0.0195824831750875,-0.338669081976548,-0.932539697050513,0.202735227593757,0.973804892138812,0.807187486614582,-0.478788544533517
3.27481807210956,2.36043200955985,1.07480435161039,0.228902991588084,-0.446319955701194,2.8987863441355,2.5359541106738,2.09670285095587,1.24814529890018,1.3670035665795
-0.127690966338589,1.32555167378114,1.42460954017225,1.96097480287408,1.33018213425618,2.10630289227801,1.38118399808634,0.461966513455876,2.00412341090119,0.201315346022891
0.953832901550008,-0.578472897602004,0.839736259364652,1.72560552980753,1.96472982872744,1.86004191710165,-0.433927708592187,1.76986626736392,-0.964668188260515,1.47525028044221
-1.09306362825919,0.979584973971165,-0.627203910897926,1.5799470993331,0.566808398886968,2.16110190476446,2.34615069464467,0.411979597702816,2.08551688294407,1.00197124242779
-0.233869889712533,-0.18896910972291,0.398490029376575,-0.141404304051844,0.176150086788849,-0.320804772240531,-0.661618210075559,-0.771303778623227,1.12299484497577,1.82605758302574
0.86565099743837,0.434733281076125,0.723255417963404,-0.922644518864621,0.354051780664055,-0.0873366421305461,0.335488216259023,-1.24997080576394,0.176948970536542,-1.25727726500648
0.765112459213351,2.43842634838018,1.2112630921616,1.59578182077491,1.43781825332035,2.05411606585184,1.8545844178273,0.0720841463046602,0.187382661935353,0.574430173668969
0.314376715434867,2.28228947071898,1.90289778188739,2.75228020654028,1.44733719864738,2.34174974923484,2.54871250588465,1.90387488930555,1.49147468718184,2.41972325596512
2.04549383726763,-0.831286583255608,-0.860734087691991,-0.335557365425168,1.5267444705245,3.81489626825097,-0.841243800353195,0.626428053657601,1.69876468238516,3.27568929958127
-0.517998080200728,1.03272279320354,0.600882952792964,-0.344275465939985,-0.260245350804965,-0.314159590492062,2.08528275427545,1.27212541232538,0.19576816799421,1.67703178486891
1.95270180527758,2.23033038857963,0.437166514722828,1.26070412650048,1.76667529560651,0.173828350149891,-0.373433338542536,1.82206124741049,2.06018970659262,0.6269818242854
1.25590860779858,1.42038917400405,1.12352114298801,0.772905622675504,0.797968829486924,1.11267854668705,0.987851724435032,1.35298500825207,2.59397413106053,1.3060231809242
2.37619800754673,1.32989814850718,2.09025558235079,1.5550999007303,1.19292420079675,1.24942306916238,3.05031869921547,2.21998064086216,1.19141263748658,1.10964749042389
2.27414653218997,1.56211209750901,0.700877285751858,1.76437685167332,-0.932144877019358,1.06783606003235,1.25203727630869,0.149312901177354,1.54707848364256,-0.103536143070412
-0.958922115757298,-0.706322205876295,0.145297705625778,0.315337610865859,0.216485071676816,-0.884578725344227,-0.74416992693192,0.0353396255483711,1.01020755472915,0.383794475348218
1.56760164888313,0.5429329192627,0.32027068480205,1.32087963084096,2.63763788242536,3.58208094637389,0.433809369428107,2.30527850430991,-1.03259967416112,1.79819453380688
2.95713012521691,1.68304493219985,1.711327924026,1.72687122524447,3.18533948060895,1.23090386315533,-0.516140685965461,0.794390823739128,1.95969595249968,1.61761525925236
-0.0973438425564179,0.872764920817994,1.35125994396326,1.3168431416897,3.1225355675814,0.4428431554422,0.907146453485412,0.866977367780435,1.32342467026976,1.49457286665373
2.47235686548186,-0.0339829589468179,2.50030201949703,4.23265807834209,1.77737762400405,3.00275333561885,2.52096024365215,2.54524964413615,3.32495642753163,3.81647084218719
1.65596421903523,0.985849302117333,1.91523432057998,2.97276206459865,3.10592474516016,2.31548749002867,0.449459508534582,0.790742671126463,1.94774245123028,1.7925747037778
0.621198571842982,1.50085559566566,1.78445371577446,3.103867030079,0.786128943815343,-0.394176194087766,0.0447318627603943,2.84178200264308,0.634209805375072,1.42584110004506
3.36463266375601,2.66057891382705,2.08084160734558,3.71666835099676,2.34086105421592,2.80237675475467,3.13219944236796,1.26272369157579,1.67524966875608,1.72878917762275
3.77381526610797,2.37023685606291,3.10700930924895,3.66888870571832,1.31571529190717,0.774160325675063,2.40674849906563,1.46725110948046,2.37115491503905,3.40500726644126
3.58715986285281,1.97134777957493,2.44407381531381,2.54054914194949,2.59836648144836,3.58341428912488,4.54207900252051,2.482867484448,2.95975269408439,4.68232977212716
1.18375575687739,-0.245211306845284,0.74708268545322,0.565509085557298,0.542872716093296,1.98689535860239,2.46897000881896,2.07667839725352,0.673832551820564,1.47511182698376
1.11874345395277,2.1672893195586,0.413319498110665,-1.5070036788972,2.56527128038065,1.81937164982126,1.60129128565598,-0.36854250270171,1.56849333522881,-0.159490477125634
-0.267191856807769,0.0429097370058105,0.589263552402234,0.773731020579616,1.41176519598314,-0.00338545268919832,2.11372607831138,0.791358941704423,-0.58684818953573,0.850623105731731
2.22175899067345,0.555182050230857,2.06823086312487,0.775853178597719,2.07076966733227,0.07964725506337,1.61916505447583,1.67928054558185,1.6915633548207,1.20123352625445
-1.88337895159513,1.21719482802872,1.22777554620532,0.473314127537616,-0.355842683329147,0.205082149629107,0.0558486424581574,0.332429203599163,-1.15489897041428,0.845977986540726
1.84638780276537,1.11278990879439,3.99596752596137,2.76048824587599,1.51620749742114,0.378842828727134,-0.224553956352709,3.47846683952692,1.04015891225423,2.29047245895308
2.39640484578462,2.17921259959269,1.21379259356106,1.1426176634446,-0.439135712448984,2.81869479965038,1.91972744920287,1.07764059002165,-0.355119255076213,0.755690385349925
3.28558731708879,0.713306085777541,0.734296519230653,2.10943764912447,2.83063632224798,0.461495778929046,1.71846636974972,1.04776532458599,1.25845603919308,2.24096681657584
0.575446188225576,1.71075258275484,1.67070602258473,1.54630148277152,0.222432684648184,0.684602177741874,1.34238986394423,0.433685356649637,0.00891754016042567,-0.328754846770851
2.95872486055203,1.36401486248893,0.695806842029552,1.35675173124212,0.874535950858262,1.52322493103243,1.28484620056846,1.70539991907838,2.55295877640064,2.7933297843212
1.60347934698379,1.67265895938124,2.73447567828686,3.9655503763576,2.69795446770716,2.39270187441868,3.17396133604403,0.933001731426735,2.09850863094319,1.25350248338565
2.77525292831998,1.52048612692623,2.47182183376473,1.87762199337964,2.7674349689627,0.397923805315768,2.31905073696844,-0.239167947269496,2.4319117265165,3.37844151263692
3.71540126056282,1.66954829596015,2.80020479454067,2.41555763282523,2.01216583325932,4.76949371569843,1.10085403137108,3.5747684840133,3.48309027326996,1.9414482548352
-0.0110243343782424,0.64903619690447,-1.4444880383033,1.28803508772557,0.353514992424165,-0.0565394265623403,0.0536919632171673,-0.345844365289278,1.65576388829024,-0.97007148163313
0.90758026166103,0.492285180577122,1.8290332141606,2.20139845834283,1.60812053951156,1.21903176871645,0.23643101772497,0.742875330174315,2.70126634881525,-0.164975270945921
2.17344267757108,-0.563362625268817,1.40199818529352,1.95187702749441,1.68661886436886,1.70672024888638,0.551017906334138,-1.15954931694727,0.537874947490516,-0.603646615920154
3.25126983316656,0.661466858654376,1.84433754860821,0.956228762079908,2.27327904773613,1.53753663267211,3.43170806432929,0.812750476950497,0.111010239516825,2.21174844581246
4.37266634192374,2.04241788358335,3.96713781728675,2.43398711311425,2.57968019893326,3.62237603775271,2.37010941999983,1.63633793102232,1.24163683600665,4.71495987230801
1.63750711888319,2.90012543122246,0.28570961575501,2.72477958895046,1.02362016832025,3.46243871968329,1.42726926929108,2.25331725120591,2.07282912196727,1.1494907331591
1.34735289002614,1.65126082052378,2.39996675939226,1.76551397074903,2.73826267413053,2.72177904315065,0.81242212797557,2.37616442838154,2.00304581511241,2.74399613156296
1.05117304954435,0.122502571804165,1.13033460335329,0.411473461115582,0.852878327972527,-0.164825684898132,2.71163514877954,1.80433033167255,0.949767398864298,2.4185033369322
-0.184255282311852,-0.586768431936998,0.927084054775606,-0.834044396801959,0.846181766178416,-1.60263988254037,1.6337177039067,1.00307960096134,0.0149557639595022,0.577512558351028
1.72298081469552,0.39151888120401,0.642101677166323,-0.98093704869303,0.511704607101796,1.46468072412882,0.955989074707921,0.142491330488191,0.686175332153002,2.7806070698176
1.69356807310852,2.13203436117181,2.00093177223066,2.51803119115102,1.08256503862225,2.76870071403149,2.23888596182346,2.27981485547163,2.79760552355989,0.812680338329409
0.0844233553047133,-0.570806516693863,0.770486410957038,2.25608392694434,1.16652450795046,-0.663925996226522,0.256976492222443,-0.0740364871487747,2.1747691053219,0.980246932889786
1.91615012931394,1.69789357129526,0.822830550259023,1.48402152565987,0.791999503049704,1.14760132638492,0.285117451751871,1.95141074689503,2.65383697209395,1.91325050680233
0.733554620583539,0.680529635068058,0.480441147714781,1.91873153177894,2.16717218087803,0.270628758466966,2.21345222072167,1.3851255347298,1.06953216119319,2.47247123259831
-1.47480882716439,-1.17528127296282,-0.384536653795811,1.32544006544499,0.394244932204992,0.706071926317441,-0.48535993983058,0.0777816632568506,2.0768917262007,0.131551223660744
1.4830704142575,3.55726158780326,1.69422251342041,-0.0313381583725629,3.17465732752601,2.10960461346983,1.36981115529659,0.605578284793486,2.67303626378286,3.11936513525848
1.83545272486076,1.14013225852788,1.2722984653959,-0.261097104895457,0.145495476195936,1.7817130583647,2.02762671435909,0.958568971154279,0.32022965692487,1.35809921517768
1.63702484827675,2.4386680111708,1.1059349906127,2.2390067928832,2.3570812056983,1.1765780264884,2.80689270620217,1.63647497853188,2.59985852817963,1.3816519062289
1.96283962850761,1.03853619960273,1.68949031689121,3.35899909907316,0.473109831496711,-1.1283931369674,2.2342272987897,0.731446766320333,1.77444465376532,3.02057776106525
1.59954131509355,0.733569148734857,0.37397223082268,1.8276901666316,0.940201656010724,0.407968008279842,2.57576265592926,0.472214498116265,1.72097958402049,0.138657743397455
2.94666461825835,1.43902041664745,3.01798710893574,2.82106186446559,4.07301659669725,2.89394025566831,3.04814854938668,2.36936489257059,4.26639897363827,2.79717815099867
1.7365356110972,1.88640235481114,1.89020446291476,-0.132119250041078,1.01925884595231,0.716848643600209,0.954201277648316,0.00886803363792199,0.440609835673416,0.621712382709089
3.1443729605513,-0.164024518313432,1.45296489173084,1.24775190985551,0.571551408833106,1.37004018160005,1.17645876658752,0.596894206768771,0.0858845414269691,-0.484133412773975
1.24981758903158,1.40996552734298,1.65309108714411,-0.0430904769557725,2.52068504755785,2.27169729401345,1.50096083092699,2.45351469353955,2.05926163187902,0.836656088205898
2.50202227811211,0.495115939220182,1.9441023539019,1.15614558340855,1.72849819150102,0.765343524528048,-0.582127491108199,1.07587191011549,1.21798730907663,2.40183280235189
0.195959937784634,2.10336794478221,-0.298646552591712,1.92642887342862,3.66305821196901,1.20910134365983,1.2261459239761,2.00016153258463,-0.0162789273722348,1.01105309684787
1.66604304035578,0.403318934708368,-0.216701241448087,1.04772478347193,-0.164464496186468,1.34387660385525,0.54478051803892,2.50535856879936,1.53226199200528,3.85350941127403
1.65221818228007,0.375574599828155,1.42950781116959,1.50604979402948,2.27085761479572,2.42648033742755,1.97140204659037,0.665087142707,1.2139605825401,0.0887210159530437
3.362994935344,3.31590385027686,3.13873535953785,2.25726676591143,3.40535434606835,0.600336697472314,2.1709999570776,2.81167734496476,2.0615342088912,2.59157417310352
0.461990808078288,1.04505019405294,1.5671588639101,0.674211180424593,1.56941891953983,2.6807596089564,1.09018592542733,1.93393292877202,0.897391190550257,-0.319556597089546
1.96212611050046,3.08627495982804,2.81683440435085,0.634913749964393,0.602552761560149,1.65976130851302,0.287194872748334,2.8083083449069,0.959672002867676,1.61321646558584
1.06683597986991,-0.00946395802212074,0.0917002567341247,1.82108638686857,1.22725841987975,0.360482492677237,1.46939078815861,1.49817391769507,-0.152581979157873,0.721167492038789
3.16224985745175,1.67718892844495,1.11973435279041,2.79478656143326,1.23170127066053,0.836088677729901,3.15791025703603,1.69979686515568,2.75594566259647,1.82146841095852
3.02831531459247,3.13698905033976,1.76048764909742,0.956101200494694,2.45115641293352,-0.734406651711363,-0.929429172802876,2.27665591535353,1.44109072039799,1.91071524358212
1.87359041660453,2.05789561228852,3.07510507543003,1.52491671953593,2.40145820654576,1.81112438302846,1.13304811805167,0.812503584421913,1.17584860021669,2.8570070469406
-0.602947703011134,-1.24593722774349,1.23911914778618,-1.88324692864349,-0.40776676052919,0.194386344905323,-1.01457739637524,-0.0552339816849229,0.707023742117993,-1.26069791572517
4.13260219777559,3.29964772472255,2.60409678452111,4.61799653414493,3.88899189830182,3.67009695125932,2.27834923252628,3.55767952695452,2.91889579803287,3.56824742625835
0.612017175663157,0.428142076045887,-1.72310412105485,0.394643925168283,-0.376329209000428,1.65384185844009,-1.13900382601895,-0.445574339609829,0.0999056386833575,-0.990807993313156
-1.38959873931573,0.339002352594352,-0.154786643881079,0.612099606559596,-0.422941430473376,1.89367780813644,0.835632931754695,-0.409648685421285,0.842665694572472,-0.142633465154668
1.03956282809924,2.24996150336845,0.512414197284564,0.508337245528795,0.611745439771469,0.683498352296882,2.08002978230332,0.920961964166406,0.0396962630982225,0.938679429875759
1.57881558783599,1.21553139567093,1.49108865844606,1.84190914303775,1.37532104495718,2.51257264058401,0.817348012621562,1.74827770688226,1.8041769327826,2.82475231517299
0.436108866692554,1.0319574693898,1.23462584661334,-1.17781529847793,0.770225772663667,-0.206798520217193,-1.10683427409032,0.646688154106985,0.348860711181511,1.06994081677027
0.22689291802408,0.150263135846463,0.373137480781886,0.814958289394158,0.926268199300395,2.40262492328028,0.876577094869087,0.660016216294861,1.75518745128838,2.22526540505846
2.81750201441597,1.92284886380406,1.46148232852345,2.14380442910888,1.70981617299507,0.948986013618008,2.80305133005949,0.600168447239626,2.5055683534563,1.90934478365417
0.0860156416828217,2.46536909790125,2.80433145022494,2.07676806763671,1.12633866328798,1.53132648593433,2.71301664518373,2.10774014827034,1.263128474126,1.01423476189837
0.437095147959626,3.22721571296811,-0.181770935338152,1.10576213025773,2.1467077222757,2.01877787618403,1.00410206334674,-0.325821210377148,-0.392054390487213,0.195656059154686
1.28804117758784,1.08617072479494,1.38487982025509,2.3879059254543,-0.920018390001012,1.135106726983,1.30192340871886,1.6343723687518,1.75049464205868,-0.381684753926794
2.7489896180662,3.58405417079718,4.10446423639646,2.44813371395896,2.98028851592171,4.49700058185573,2.54501830239134,3.19245760702649,1.61590300673914,2.61801694498131
0.023138346082376,-0.305960444534282,0.953032021629961,1.27742019177369,0.346650901722835,-0.186175143866941,0.213893338973659,1.10642820273727,1.93971812453696,1.24392184407004
0.888985766960894,0.271476527906106,0.153473113220152,-0.664258529265883,0.782741476395488,-0.0610852385327027,-0.207410121841058,-0.182240414454405,1.28022749998571,-0.867643757822338
2.40248955154934,1.13672370605482,4.60923448137912,2.73855087829975,3.52495011100731,4.32654310833212,2.45208668125444,3.59554358358347,3.39278313660261,4.13809892796088
1.42964789501104,2.36872390577863,1.27709815878367,0.517291229603842,1.99361713885916,0.188227142111219,2.07684625110247,-0.178729995152574,2.01764672145645,3.1676801849007
2.0258850880433,2.35411233136495,1.05217672830272,0.383235346414883,1.59834263640213,0.794428901506602,-0.952942345702144,1.54875277250683,1.04383642476035,0.632208837013632
1.71864254902624,1.35932447736162,2.35688889896628,3.78185915726452,0.382892269129278,1.47851606158264,-0.422944336254664,1.86465207295207,1.05409566544942,2.79726397150089
0.685730925547644,-0.0253660464403971,0.556988190110932,2.33833882401108,1.201985409815,1.47322742115466,0.177059932906472,1.68367883154442,1.69224349979342,2.57433199002499
0.821816124390099,1.04824060874461,1.11123959612035,0.854946383304855,1.17539782394211,1.13971681213214,-0.473964600462642,1.09633277864922,1.43681762671687,1.45364414398626
2.08666020125251,1.3509010828357,1.23270690167196,2.7544076430976,2.16413555166965,1.13427257088705,1.87308494283209,1.77585497055735,0.578044793667122,0.397295499149229
1.65477917596881,3.66698106469906,2.4986862445735,2.85271444395927,2.08504702238662,1.60268934903926,1.03658204181347,3.03206715808776,1.1575861276579,2.11932099024898
0.318282190660151,2.62370116656205,1.00473360896972,0.787397708198131,0.736406519708764,0.0451635903189809,0.463312888270777,1.03001824053674,-0.416947451268128,-0.238990085619236
3.08567475363105,4.69362425687732,3.43849319937493,0.413104364046815,2.34680810174369,2.72233033414746,3.83721529007079,3.87991769769325,2.970485342711,3.33951192917912
1.23529160721092,0.35844629139506,2.72244316936617,-0.168466835942543,1.31690186892037,1.26709608265526,1.40747347551892,2.08382179426455,1.11390826354913,0.893242324859999
-0.410330015653434,3.41779400448957,-0.295489611545416,-0.24198013791032,-0.591505211916313,4.02189462036839,-0.754287310025348,1.41639408781469,0.523369520994553,0.882004599101899
3.75576757441915,1.16618432748794,2.19073618121805,3.61712861173735,2.49169637802894,2.35067992981755,1.78619487820497,2.63647919227568,1.87496546938747,1.83998710710691
3.83844482846645,3.80018305427103,3.25558831642406,3.0670967270479,3.90365060525281,2.71004699133906,2.95876755022166,4.11099813218141,2.56788037692084,4.51569814783924
1.65711211282405,1.24789869753972,1.27889944030151,1.5952363023787,1.66507613008257,0.59212041490303,2.31047208126156,2.10189810667757,1.80716628973716,3.19771986677175
0.962427157584729,1.22340736304241,-0.0856208268590082,0.426521773831937,2.59870021684153,-0.220302000832051,1.16814609519993,0.465052527255354,1.58290754200881,0.927313515565732
2.61318386162499,0.892804376746546,2.53816264513796,1.55413675150568,2.03281771912989,3.86723453104041,1.31205354319004,0.0950088704204288,3.43610933121819,2.20327606616407
2.67004140971173,3.43686343371359,3.5610273303865,3.06670327884759,4.3021654637858,1.26752003690044,0.760482174301941,4.12318049042416,2.62667721574854,1.48222066275738
1.58436271053852,1.25514091315344,2.24691545343624,3.64236118926422,1.65157489594788,0.959652126690577,0.66847994178171,0.744885339486139,2.25644233829889,0.913681035317629
3.85389508432227,2.31557797639201,2.20731630722394,3.81856946666913,3.20509167667973,3.08536340538671,3.72873518772267,3.41256666321656,2.49038794140918,3.16491149965713
1.80262757644269,-0.127583807985417,2.13950823821183,1.46074743663989,4.03617909223781,2.52681077409207,1.08552422423476,1.29755450269029,2.75214555262568,1.41350191864231
0.527158344469635,1.29925459204045,-1.20552023152299,0.240927867238247,1.73919608623722,2.36932043377747,-1.32187077025197,0.772496814512913,-0.0888362217650209,2.66392478925484
-1.34025046566648,-1.2835665501524,1.06415728705749,1.11612361579095,0.214267022330561,0.40312479079924,-0.379040269567118,1.71372710083057,-0.640579338593425,1.80445930994158
3.17271148133681,1.49769945296383,-0.986138991695821,2.78147021366377,0.955263068211545,0.131838510594333,2.76761469028493,2.48851053515028,0.697879976883204,2.9509296347186
3.09692809077786,3.18917885306952,1.06715512613181,2.03755038067739,3.29770095465469,1.52705781563204,2.44599123218408,3.48329999158853,3.225157286203,4.17892839217407
3.08511964910945,0.906484937478954,0.620079879894203,2.9262167175909,0.950467264230923,-1.08291295914388,1.17088022941632,-0.0499512776495659,0.194319146237794,0.649666344063137
2.67245660219667,2.20052566898948,3.28841957295012,1.91894815997068,1.0213824650406,2.65874279659821,0.491071946635521,2.73034460015426,2.49860626578756,1.63892210835952
0.418059300731982,-0.579296008016032,1.11751826184021,0.841360681508165,-0.0497797914091263,-0.665789811288633,2.56637844643259,0.29146271190767,0.370207541796594,-0.962241439535164
4.2444973120058,1.27624946814389,3.90290519043282,3.1924196751287,3.32745740756345,3.11939301958928,4.22427446911157,3.72811426578481,2.0328099375452,2.28228216679434
0.194342710825027,4.17481483475027,4.14179362459622,1.06314435630635,1.74911464782936,3.63827527909706,1.44829786386174,1.75422886452581,2.97610391803375,1.17570769786792
-0.347674679112599,0.84496020494984,0.43306750253388,2.44112734626711,2.68450857400955,1.85038810179747,0.730824881654593,0.392193387258484,0.752561069779207,1.99275713449742
2.77802229276876,3.06533722333727,1.75587138497664,2.88668871377232,3.79134101290918,2.17693591943266,3.89918433136761,2.63091996449284,2.76588304340693,4.05692220322239
2.33774500741192,2.99419664887476,1.87196242279187,4.78907848618274,2.89183150767459,1.498569151039,2.91943860111681,2.04321871946178,2.64592104803387,0.618810293832246
-0.498083737192965,0.052427039784554,-0.738288396645488,-0.0590066174254893,1.16515434693695,0.445582340624943,1.58566433626828,1.57287771768583,-0.333716355722046,-1.45647191024391
1.64001737588551,1.05809813835761,2.56865080642672,2.28638407926021,2.75870469181186,3.40590474726941,1.37931074198832,1.91910467967487,0.145873930554724,2.46423849038268
0.300188165943797,-0.226109768814894,-0.526250807779484,-0.480914890624301,0.861915989745719,1.72880351089732,-0.0220171680750436,-1.34360713833914,-0.252377436046153,0.111750855380488
0.776402333268569,1.66537309141922,2.15447052918624,3.01614924282037,1.55823464094241,2.62914220077658,3.22777504036765,2.90227347495049,2.19014110979448,3.30972331759049
2.04724151007048,1.45405840560419,3.41235099211282,2.75811720616838,3.25498355554331,2.67758581041098,0.0182049828038229,2.86639607777585,1.42807190218664,1.44285515392068
1.33184976040358,0.188470016845123,2.46210809873092,2.37926545506401,1.12034222783027,1.2142108898597,1.23553441538773,1.78917721235116,1.5426536015917,-0.33294794827679
0.814585814685087,1.78566048410079,-1.7869165243482,1.06439866596782,3.42805498832896,0.498110787844349,0.953516199707721,0.883638033671429,0.681933938476464,0.1791827435612
-0.0315553043776102,-0.0859434946978026,3.92521901027369,-0.360860892925373,0.166114228209766,1.58722797754808,1.25054051953391,0.800606068598346,1.14938103614577,-0.254842006502422
3.81528180473103,1.39385044489452,1.74406212379346,0.819380022156238,1.44518647751587,2.1731346785472,1.55618091134234,2.15310014021134,3.12686478198199,1.22096530342666
1.82611809008731,1.56986529570418,1.90804888905663,1.38901781691452,2.34151153938878,0.0410920977484013,0.845297430459644,2.12810391014422,2.04643448825881,1.11858378944364
3.25510103797692,3.14613741939236,1.90172177802937,1.24545523266746,0.948054373593933,1.69617737324776,0.227541305745105,1.69270824583001,0.711167603920523,2.50040877589807
0.157279296494785,-1.47154021155775,0.747110885472992,0.495765254509976,0.410932918760341,-0.276797191251897,0.959536089804791,-0.748378639194795,-0.546257547709496,0.300512325378429
-0.173464254867829,-0.203251122759679,-0.917286546276136,0.337320952215228,-2.65374888061854,0.675334989149226,-0.431065085987489,-1.70800335477905,-0.224908302244418,0.517478564342445
2.50238431621531,2.03165587114594,1.7192441808578,2.81755144242155,1.45194824931313,1.95545439938129,2.71923182065962,2.27763320429134,2.3644264595543,3.86041983385733
1.57113456681199,0.0777640686830269,2.18681796093645,1.64201288530774,0.862290703133576,1.31408649741745,-0.340648265542104,1.73300660989915,0.685939663285425,1.09981742830242
2.24693328008638,0.435710022064302,2.71120948462005,1.864987588748,1.69153198835913,3.15998098319607,2.74145221142381,4.18983006190234,0.575316066992284,2.50897085836691
1.6406125183515,2.48307237033175,-0.648455451563965,1.25261009503765,0.381726421597177,3.75509177765696,0.805743125776641,1.2044270722347,3.55386079496219,1.48820165960419
0.155711898173415,3.87508551542561,1.66213799400625,1.36874576248783,-0.16426872715326,2.82618797442439,3.5029468142653,1.54660810471935,1.09742049859238,2.78986227274439
3.08092151650173,0.468236509021413,3.11532535505504,1.07326019999425,-0.444504454795513,2.34811336702596,2.0458867204581,2.16358116946209,3.32077991380476,2.54135544402542
2.16233667224376,1.65437907786412,1.94064538514209,1.82720063260662,1.18302189902227,0.902009618823641,-1.18996365177661,1.36256677157486,3.10097344891881,1.96977786753999
2.46283450226719,2.94614339935513,1.41029965700016,2.6284731677652,3.80969632020494,2.01692137435199,3.31665494856679,2.30947145155001,1.18273477591013,2.27722477799313
1.29961413915986,3.31890565200041,1.69625072429653,3.1709509673316,2.94096938140596,1.27568137418099,2.14080989207322,1.87080722665427,3.66486784200455,3.42480267746038
1.27677428004302,0.0772670126826336,1.57151399975818,1.64492651358541,0.40414783620328,1.93797480012844,1.43121996879549,0.144496398022818,0.503965431193798,0.331789592903232
2.93185421287875,0.442622350767248,1.89902282493191,2.44345217933655,1.15036754149208,0.485019074507577,-0.215189335019199,0.957001688965965,0.586332734111814,2.75777201346063
0.96589454146092,0.79283511135754,1.57200868530154,1.85740411083168,0.668245687279949,-0.294728732448592,1.02320427807178,-0.773834883145158,3.6520697439717,1.84076406604903
1.93803068898551,2.44832330827504,1.18614965252047,1.39010344251134,3.18069442977117,3.18796553620756,1.3619097941325,2.3641208998084,0.505888221232194,1.9806709940726
-0.610917931659459,-0.978715521100906,-0.333755131500834,-0.289552572097308,-1.12597095893562,1.20981424677328,-1.16405136967789,0.914292163434723,0.462977044644143,0.236281178083583
-0.154033423187292,1.11046663016451,1.76867619587092,2.00073483120361,0.983909060552966,2.13157153408819,0.891816341066837,-0.20663007087752,1.1000022727353,0.553436661038829
2.41956204818199,1.74664712553699,2.99498199277331,3.57157932661233,3.26806769823201,4.12125280305455,1.46731982728261,4.29147463788776,0.158512542149954,2.39572678253856
1.00902868451558,3.93544163290558,1.35067685302486,0.034682649826834,1.45870067393748,2.23726258775642,2.89506630929402,0.842130306547828,0.895952028369685,2.22106060624463
3.08817960032726,0.8609849839501,0.955084433768895,-0.073788104300972,0.769480738107959,-0.0600507106763883,1.06040576534134,1.59321448129767,3.63770345786867,3.43700901936922
-0.218307850662033,2.3921484001587,1.48472557178957,1.63228478049821,0.163219898884419,2.54341392014834,0.33740219848698,-1.40160865842128,1.60157403242733,1.33688960744914
2.45345648497231,2.38064171990211,1.80292814078531,1.33282400839289,0.143769865032203,2.32858693067821,2.63630913137225,2.35393327770138,0.556707771971234,2.17406951662635
0.43804986884469,2.41933872276207,2.9468689076947,0.987641230391634,1.71505516495402,1.3920515490407,2.41932122999264,2.276375414582,2.24419843031347,2.69200131398023
0.426096590670348,-0.932354777567293,1.5485772483632,2.19008282476505,1.40811776943636,1.80747418058079,2.27467855922163,2.6825794859694,2.46736587224072,0.527869870338732
2.64910142619796,3.18730273017338,4.24561772092519,2.58056956878625,2.80103982065316,3.49431091237707,2.59133295624435,2.46551565776965,2.8785840694423,3.65791804671388
2.09568303090077,2.35471878885265,1.9479202164151,1.33018300050785,1.26900898754309,2.59408268427414,1.30516294158629,1.79959669933631,1.9646752002432,1.47726591192994
-1.87372234917854,-0.146245366544416,0.0466224005093655,1.73546531116627,0.883292034968553,0.426647081850433,0.966386710576826,0.122676151532578,0.602409184428561,-0.843988338032755
3.00642227346736,2.55400171511212,2.61517466540311,3.34651824169303,1.76006035887485,4.23155354783817,2.55768910272368,4.43478465448636,1.32853803602691,1.92047013799878
1.91546224029777,4.75080660266751,2.64654105069703,3.30868698186016,2.25617867480272,3.28587931961885,3.91627584988752,3.61767977079446,2.81211306063148,3.59197718760626
1.50372340554756,2.07681756769634,2.99418423466921,3.82953246108027,1.23814666718502,2.13165123966246,1.82297039327348,2.19911665810147,1.73683523900994,2.57966981557693
4.83652046416843,1.55283970047281,0.564074453945291,2.43689463022053,2.37067550002019,1.15179788859549,1.03739262054497,1.28135347485593,1.52452480514191,0.70913901632563
2.34117698172282,3.04908762094962,3.33550491833475,2.84911980637616,3.45887709266035,2.76074212607268,2.97974053121966,1.9944526573634,5.15428830119732,1.18103459673403
3.25627030713286,2.53336878310184,3.28287390873616,3.15204321552363,1.50281954512736,3.13424383633392,3.07260936147841,2.89342046514728,2.14435010069131,4.38544452953518
0.20019408478965,3.44975970251741,1.72222156578152,1.1173013206631,0.481424008636348,1.66744982833303,2.19341751094741,1.04973958532115,1.86574745599799,2.90682754238101
-0.450999609825516,0.635936573449243,0.694962875478741,1.65192814207256,1.78358490940708,-0.151855068728194,-0.0215330682497179,2.31935984979255,0.774385194427483,0.28354537747877
2.52561512781878,1.92658190217516,2.15642189348369,2.69531745322972,2.09070870810147,1.83444683640898,3.44087711634681,2.09931450805342,1.66220155716723,-0.781523453719552
1.47253571427317,0.531806874613341,0.0886368605685245,1.75253911341863,-0.53931299860929,0.351568566686006,0.358254893463095,1.51314229223328,0.334832472848595,2.22415677581999
0.0355203232683028,0.725354557347426,-0.654699784113379,-2.07595370348628,0.748588049369904,-0.294359302296596,-0.536537867800344,0.471127136488482,1.40184609818938,1.08088125244542
0.503364158911309,1.54738720912618,-0.19024554419327,-0.019996915284997,0.614846009285542,-1.20046373665969,0.310382353490325,1.90400674595825,1.39937043349739,1.07288737243785
1.46551527028324,-0.728081432489576,-0.099409018209643,0.446595406056734,-1.04617383619957,0.627555446778495,0.953364122062183,0.333982721872117,-0.293345859433192,-0.188560009770192
0.83340468385221,0.415489320535969,2.66915675786344,1.90351896094526,1.37833556982751,1.11648052725746,1.85565109313952,1.30274686304025,1.76488529315995,0.305321833318338
2.98864868147741,1.99362709443212,2.81856783204843,2.74665783530557,2.66024427646072,2.23233216532057,2.54534774070136,0.874807890287435,0.909198116788013,1.76677072857843
3.00699663172074,3.84486567696607,3.80363377426604,2.70748375687335,0.983479226416407,2.58791585431121,2.64582889291189,3.0556026817468,2.78285150795804,1.69384948561749
-1.1018895245341,0.527157106907909,-0.577297285969827,0.544470807801009,-1.386392697097,0.702906104109142,0.658178665039505,2.75032511106668,-0.530957177925057,1.22193650863011
3.23099496503178,4.27498156519395,2.05915778167465,-0.454423833879729,0.443822559142009,2.37147279612254,1.2042250987498,3.59674446574964,1.25308259957164,3.5854119481298
3.4490073179382,0.299782746922731,1.18220806897746,0.510679129903543,0.684676302463919,2.03268120072901,0.260007374179395,-1.40677725796595,0.481519778028764,1.40503516202519
0.903962643502661,2.13742652675028,0.530974950639808,2.38025832766808,2.8065137865157,1.4668087427373,2.03069705064979,2.00141038503697,1.28022198679178,2.13721145271035
1.7337191294825,2.33073910588299,3.37257878755181,0.667850297278978,2.11384810937101,2.33940002203339,2.14702808545844,2.96371684851478,3.46086970363854,2.33186787966252
2.03056166631247,0.751472389047256,1.91379892217521,-0.305142483199376,2.32529188192553,3.33234736820247,1.56548411582865,2.14007157627884,1.95013998845443,0.255171270806229
1.22694593975068,-1.34998064838686,1.02544620412412,0.740026582214376,1.75667764726111,-0.770344901457667,-0.523818955130242,-0.324070116083215,-0.616662342503982,-0.576786744311476
2.28271768348739,1.54845562831325,3.49192984102671,3.06579636453962,0.966398885886826,2.3556070361082,-0.0111036630600938,0.894730432208652,1.65934035237276,3.26822408374034
0.0667595743357394,0.973257860894099,-0.0980651479866126,2.62484574508699,1.7504425633801,1.54706770477155,1.9765275626889,1.96303541958604,3.62765789895296,0.731148929324469
-1.73767897289018,1.27370716516842,-0.729785348019175,-1.42331988053405,0.591730997764248,-1.95446827141839,0.946537333608392,1.31033565929943,-1.48407261491075,-0.374907186753945
1.13859860590526,1.56702181549136,3.55271676063001,2.49587385484583,1.97684368710484,2.40274311985935,2.55280500119981,3.28084634982437,0.890353810382329,2.27303083683646
2.69059770299911,0.708258849713232,1.45771905031478,0.737275278306054,-0.171363838886776,1.53867730355328,1.12264470904366,1.67478190779192,1.32321768738084,3.05187906931343
0.537990565983726,1.94291847475924,3.53968212180115,1.80411227140503,2.11411318516829,1.05127796774278,-0.185410495016192,1.94371745541904,1.75929512714821,2.65444169014225
1.77311615851463,0.747048287025613,3.17815561582476,4.97197258773589,3.32479456895071,4.00361250592977,3.85361118426481,3.43258883794951,3.37319703186124,3.58884525775775
1.92915032897259,1.78049790810513,3.79483759627005,1.64649627673135,2.79194626154545,4.41574042497235,4.07662929145546,1.81642633790838,4.46153478129971,2.1261890184196
2.7832426466608,3.00576967135218,3.28025634792624,3.1281255396312,1.56221399692204,0.980033851461918,1.82288523857817,0.82833119439631,3.6027516161398,0.670183390286618
1.67112273096718,1.6593899399083,0.943840913410702,3.22911067657037,1.30351134018592,3.95539801517796,1.93776143512165,1.67745805302919,1.89269002319644,2.63877950405878
2.40581945892655,1.85892387618591,3.41123704538867,2.6019368161688,3.58847019207721,2.29063077107273,3.18946126568982,3.78981907510773,2.82618168425783,2.82613701974112
2.23175591866236,1.20440176577204,-0.307942702807503,0.155726873653846,1.42030569179549,0.685270661731576,0.805380535608088,3.02899895702933,1.04736806617394,1.04569602289796
2.04271027268855,0.633506959402298,2.34864380504472,0.12605289526668,2.25749356928815,2.65072090877432,3.34909827528431,0.135348050301699,0.955125751971644,1.59888390513045
1.98980099083155,4.61933261194415,3.12808097032173,2.62287970519687,4.89496749337465,2.35681753123913,2.88810372564335,3.32849273680383,3.17603069092541,2.95529374896552
3.05176204903052,2.72630966092972,1.15771454111105,2.00570330931505,2.45148787801846,2.15545778196203,2.42321417579177,3.07523896899916,3.00295851807993,1.40198961357733
0.939652399521939,2.81379971722878,2.46593466427043,1.80750256701603,1.34722900453509,1.30873626035384,1.64660736414441,0.542353573137021,3.18452831909742,0.880079557224785
-0.324724101157992,1.56427823850194,0.680907433628483,2.21918261683406,-2.1310962643004,1.3136404226566,0.257184954747975,1.05547252426257,-0.76739075673168,0.0405584862284333
1.89749811077241,3.81812446539583,2.0449483090018,1.35532533643558,0.26160852715903,2.27756042249657,3.55401920237611,3.18378697565405,2.78279491909642,3.9553015881105
-0.207026499446649,1.15988077660748,1.95050384925595,-1.02327675689781,1.51734902541169,2.21116674208934,1.38692707966939,1.38604792834374,0.694094169374797,2.02835357268771
2.00525727498536,1.8021253211619,1.63725582786572,2.12842814609959,-0.0421362983499325,1.52594041118318,1.77863297709337,0.558762648445233,1.15463467482655,-0.964287870442737
3.43946592997363,3.80722582896331,2.25219368868353,4.45343654472073,4.04540309152109,3.27432160368855,4.04659450636005,2.11893663410242,2.09364725228974,0.76488485136411
2.15067461225177,2.36461531062626,4.09628620337964,1.75731256627691,0.24491129185246,3.27232596903662,3.9580228581815,3.13351596386258,1.95089405428321,-0.378527443598919
1.27803681905724,1.53796482043129,1.47741563510512,0.708303258487039,2.421838871496,2.7408276938847,0.86072306811196,1.95155088399951,1.72871177672443,-0.399638209158473
1.36837697408208,2.35203485351725,0.214288896521367,1.34528419992415,1.03745457704306,2.73674054665558,0.773361513215633,1.3924228344164,2.60707473120048,1.58260845428553
2.28042085900865,0.293445009433476,3.25407588701173,-0.853199371208502,-0.0877986027095863,0.780637392826897,0.147755893126827,0.489334548949901,-0.321835491833654,-0.0853621436163434
0.324403284045842,-0.0905090827985739,1.19519132632361,1.16316400148248,1.17452065865546,1.14233266400557,1.58682413643908,0.9602855163702,0.116142523973304,1.0769485099202
1.2962619991793,2.6348436087044,2.66870488062814,3.32090310173867,3.58712292561053,2.40515095034479,1.56480812283113,3.5041708994353,0.952229269047451,1.7702060677955
0.582124662289049,-0.80734911109304,0.814658666986132,-0.39949793308742,0.33233236684701,1.26400813856351,0.792795308555045,-0.863881712231724,-0.139228560057241,-0.82439957703398
3.92496769961644,2.03372678176018,4.26357968895958,1.57398707865081,3.25471681677907,3.42004922313998,2.90037054575003,3.47095595934684,2.5419843218652,2.33242372117996
3.61700749860925,1.22926525847694,3.30737561618282,2.85776266593037,0.941054584160897,1.24824194575922,3.70901957204908,3.05476060492641,3.25249630943227,2.31377069686413
1.8043097071019,1.28116094554192,0.13092124963687,-1.68979216897225,0.807902004686134,1.20054821981076,0.368874332107074,2.19820659082706,1.06333996941314,-0.0668035202360482
0.784573206438709,0.690488365745636,0.576791132096247,1.2774657903521,-0.51111338056913,1.13199814445835,0.0285901590473734,1.32941315743848,1.12809885045894,1.25072359024271
1.35923079702103,2.22837043197224,2.33086178778286,2.78476802571513,3.38334218524281,1.81793679384824,2.38557311975089,1.39944101463931,2.12142595480477,1.79691020027579
1.40556062961274,0.501824435352936,0.525429757445448,1.28277043020224,0.470017758395828,0.959249599698899,-0.30868564393039,1.48303304895157,-1.59460356743904,0.847110582013611
2.73300418646578,2.11556812695334,3.0184708795512,2.02907207043441,3.81390761238574,2.78918347888138,3.20959725813581,2.02420301546834,2.3484558323451,3.80876212542653
1.26563559023897,0.413544970323265,-0.346101333198022,0.0164450561041572,0.209589440903087,-2.56812400539821,1.2254982315608,-2.29141325727181,0.801872825923042,-1.05179290170147
-0.253859916570695,-0.0489037980109715,-1.51673306991451,2.47152006967101,0.673815439290219,-0.0802440892189922,-0.861485913231403,-1.34933590694892,-0.0948892444462849,-0.945330157447259
-0.417882634190293,2.24718609422755,1.13555071522623,0.468691497743188,0.290058282335413,0.641517521502929,2.3129548020179,2.1742667181164,1.84567614325,1.84650358850662
2.27665416375675,2.11865489177304,0.859806924922295,2.65161574036709,2.88552754683166,3.19088996263682,2.61452926946203,3.13189493232777,1.90590973028417,2.49904865735734
2.22237947088777,1.35150442357421,-0.0467008418473898,1.61947617388838,1.58044571347997,1.24485620659884,1.74166458640684,2.04241722970832,0.134892959684992,1.67728664261058
4.03039568327756,2.33754190422448,2.42616398804304,0.997291779382361,1.48434212172439,1.40076962604529,2.53291793946143,2.63337235049644,2.4327259879673,2.67955141603282
0.990402162724016,0.87833763846642,1.27152292661779,0.0707061609212958,1.96836015851232,1.35663794290968,1.30991475369526,2.18582559131755,0.519572082534568,0.253257422281754
3.53374546213995,3.38248162468549,1.92280346872478,1.91126556104749,4.1061291811336,4.60224144837923,3.98131735907559,3.44409607305022,2.1752274100362,3.25451126570023
3.07933585884758,0.507092294892907,0.305689367157016,3.93913079348157,3.11753129179452,1.96379913958972,3.18513045727848,1.11082288395766,2.80774364278822,0.94448343548041
1.42954426486489,1.65040977015333,-0.560013407597211,2.09801851688919,2.19332838679711,1.11638589296254,1.92761839222892,-0.391171047328834,-0.671543996424416,2.01127602486831
1.93350006545501,0.561141175192661,-0.376047713618247,-0.226650117429469,-0.122429102762387,0.601413640292028,0.979538714364284,1.72924150964782,2.86357551558049,-0.147436571677621
2.30427707222966,1.53251680413781,1.07007397752346,1.40774370234988,1.98210763392952,1.68512367650982,2.64338914420485,2.67278741787493,1.47632298459037,3.88103592762039
2.58135780862124,0.927507464672228,0.689580424854731,3.5459940912588,1.01760405469331,2.57734744478481,-0.0992725594110335,1.17025581299796,0.738588023670842,3.08577547205381
0.214878033447771,1.40126051752199,1.46585692981746,1.13168537054936,1.13288941737532,0.904362696210814,1.01686475134798,2.59495108917788,0.579313402465735,1.11611596452055
3.26398414333194,1.1111830596398,2.37923444715007,3.77039412049738,3.66972741914296,0.699632977225999,1.21111444865511,4.08070295295724,2.98416652440427,2.50454632646793
3.36438502224193,1.43269303012471,1.67338691067021,-0.355983788878721,1.24433960875538,1.25443838752959,1.54629787332271,2.5843079771441,1.30082604003505,-0.189259538878703
0.206403725456572,0.0215219988039809,-0.795342006689102,0.919083405284824,-0.280010186178475,1.60529435673981,2.1841862994608,0.741321445800442,-0.035177867573714,1.65875189529066
1.26447933676646,1.63601450789235,1.80525888587242,0.251538354143532,3.08312895567078,2.13274890581894,2.17240442231508,0.931791754684078,2.21805993701725,3.85282652159456
1.82579811068046,0.115735035841582,-1.05890101224995,1.8799019550837,0.575382651480238,1.65685673535663,2.22123857666272,1.86492705267745,-0.724598049943153,1.35150326941585
2.03014774548703,2.50674194475854,1.90410343470906,0.577682871865943,2.90851328461396,3.36640185317287,0.831854180843807,3.86310669742531,3.54118116867461,0.423967391154876
1.73764473135575,1.87218212993871,-0.198485326701493,0.735095993413143,0.532940341324,0.0587241156126709,1.74935697562137,1.32162070711215,1.14820753470653,2.48689587811607
-0.170451948328568,0.190849876251935,-0.338446892250677,0.510912974399504,-1.30283918657377,-0.503838981343753,-0.970870804330332,-1.29631046279566,0.939084073795556,0.400433501207863
-0.0410781552057722,0.506360528435661,1.68482329213182,0.844386198733769,1.24810332918659,0.683500909795273,1.85192039512415,0.720576426211938,1.5956267611177,0.921556061916113
0.753961678377826,1.46648093903068,2.1250552527793,1.87342981515751,1.57542488067069,1.83862459522055,1.18069195132271,0.0367388993050621,2.37753535144843,2.44660665588546
0.372450295490072,1.89686849562056,1.81965355145333,1.9347340771026,1.28918247183362,-0.270370843209768,0.267299074193071,-0.00113552702131448,1.19869664286809,-0.254699879889732
1.76455808004943,2.45633377710609,1.19899231820952,1.7424609366876,5.13786788522795,2.21543982054509,1.57654621589878,1.29601071253031,2.49852569001009,1.49305679154732
0.195795858164019,1.90435763598994,1.26570041106906,0.58358870773722,2.49375473186378,4.11080194050237,3.07982073850222,2.79023957035651,1.20748621628946,2.45730835479137
2.69399632288716,2.08114086414681,1.79469230117718,1.9737976806943,-0.228607862073861,1.51567423448117,1.55852631628379,-0.199092635164075,-0.879573733540603,2.11520201618999
-0.0347782617005838,3.51097597297075,1.28328646675142,1.47353343349803,2.40924165629822,0.651500649719244,2.93630555718469,-0.0559372611895739,0.11926146661026,1.00983926858394
3.30829186285353,1.73714774888772,2.4984168134707,2.10312736713984,1.49134073224422,1.12512802816829,0.644459626583656,1.95255483665012,3.53604810574113,2.68166463588421
0.573563903018883,1.42794249261203,2.61746400386507,0.472634440968594,0.527828646076612,2.51074022501549,2.34570367949551,3.58826215591454,1.17665617543917,2.20937489347092
1.41623358460881,0.69470099134051,0.314836078617355,2.61103099691,1.9154170412652,2.14590300729696,-0.257557316536676,1.72692797361929,0.855911425602934,0.769330044377212
-0.58782817727098,-0.348041529634068,-0.615872228787905,0.875673399780476,-0.0138357066718737,0.509562366530926,0.418274969858815,-1.23592784346414,0.0824131435008981,-0.770010291556576
-0.202605660462243,0.737392102830377,-0.0412094354755512,0.66254973778463,0.268606653369926,1.93568005666128,0.252859613271446,-0.263118837414029,2.04386757658501,0.418781466278404
1.19041320317021,-0.463574347550626,1.72611413666767,1.09101746583815,-1.05573210202354,3.18205783729131,-0.245435258008345,0.444769849259333,1.02456209066535,1.08052550114346
-0.643019685099721,0.327087619060957,1.01806038996636,-0.800265082900245,0.156745272923307,0.688991459700157,0.10378410399883,-1.08520991074832,1.10565342545419,-1.10464535070848
0.704593947556649,1.49762116092252,1.75988399663402,1.5076750469115,0.00741374131043826,0.0273178263091596,1.0265300383779,1.06802656181656,1.48952834056299,2.13167721291747
-1.49093912570882,2.52534346778378,-0.477776822155532,-0.600151699024622,1.20701644662439,0.468468798643155,1.61809473661307,1.48498247163659,0.734925345021905,3.76043759536491
0.949739929276176,0.790215022302933,1.32654502403891,0.36873770782064,1.34105908500335,3.64985451072509,2.7944148869229,2.03639217242126,0.963120937150764,-1.19438120163646
-0.0220412451054162,0.978227693648036,0.892528607040006,1.5928994616333,1.90017627853855,0.682279813297682,1.66834182836077,3.71165880538896,2.47093767003267,0.736810740179455
1.54100448226794,-0.895621150224978,1.42142615171356,-2.07115322539046,-0.755475079014555,-0.589128146446659,0.513277130542429,0.655482103427513,1.02991889997838,0.41022770995375
1.48272997486937,0.745348862165384,1.460191899581,0.704415847965503,2.01604532283153,1.68247758525878,1.43636803852452,0.774692146003775,2.5594379590959,0.256706320454729
2.79687509627597,2.32017680541757,1.40320448513851,3.45605825486631,3.91132026201727,1.42968873182941,3.11465655954238,2.53665682196716,2.63557642451983,1.79406459610305
3.08909338799247,1.48349424157959,2.61729525244418,2.93076903753206,1.9785030066683,3.87271761810682,2.13395424717985,0.663705736337535,2.66195080016214,2.82302938780575
1.68500730811496,1.20528764762031,3.2768167500533,0.858115196038306,3.19605469462013,2.0870615243969,2.77002785514845,0.309596986705168,1.99241123982209,2.75277310673789
-1.15193563882905,-1.56900019374586,0.371397143190104,0.336095881562209,1.48107231760684,1.67848815231832,0.733327116732191,0.970065700017089,-1.0421226372229,1.05210360249118
3.80787002946774,3.06521308928644,3.06684129801096,2.97485761852961,0.0300007366065009,2.45900034891885,3.3512470764563,3.39344857833416,4.25659898769224,3.55761770395225
3.66287357043848,3.52224877313672,2.3779690444132,2.18365582762454,2.75932801006567,2.80047262892552,1.56443402141031,2.5204599450015,2.41849499302391,2.53082800597923
2.23469609806712,0.117281657588672,2.16994376452393,1.29553826233311,1.91842184556687,1.69317314618165,1.23183073440372,0.265718140705727,2.03320377170141,0.153100204321285
0.998129908247055,2.33016157453281,1.37528102225119,-0.390640754069727,3.56331844038633,1.53450067612851,1.44512661523365,1.97102912466777,1.88162794086996,1.01619167312239
3.20668583118777,3.87449734231886,2.85214162239298,4.06200025995519,3.19150736298122,3.53404566830407,4.42481755211023,4.44981239684172,2.29695154496439,1.72794460930793
-0.232616600737784,0.546080165149146,1.42238337030633,1.872331079688,0.923387085805548,0.921308608557236,-0.0952743238580607,2.22581607123894,1.48904286395476,2.0675485497803
1.3305593267478,2.31855707747809,1.43639598130525,1.33306493528642,1.12573420027367,2.47586058799506,3.23141519918495,3.23089152891557,1.968037831997,1.78545419373391
-1.00323612902981,-0.941043301550289,-1.02786598555741,-0.143589689329991,-0.281517684803608,0.962941218994315,-0.993368970747241,-0.160746690399616,0.0243224766687701,-0.282229957472306
2.13001108044047,1.7738257643628,1.31741802169879,3.17401157316782,1.13513729702017,2.97714462626575,1.99311690544644,2.34267175245925,1.95532761075097,3.36174695616342
1.04047905183062,0.333920069230128,0.601574889507616,0.601790340085617,-0.456722713976506,-1.33929923674018,-0.442788540925535,0.607621560858431,0.601655248019582,0.0651640282328452
0.518484697563157,-0.740290584645324,1.80943255472533,1.78167751899707,0.720044053360046,0.765025364229963,0.346482384927312,-0.130947990532285,0.370479494715112,0.452316716790079
2.47434515960549,2.99143398556553,2.10122152232512,2.77001305277015,3.00319870822229,2.94326750369548,4.66342320092477,0.449088074977581,0.988096890590458,1.39134247076282
0.589272647520359,2.07182978116991,-0.548940551576033,1.82180372589115,1.24251868181996,0.895982978458262,1.70375003957179,-0.510175547052251,0.12066835903479,0.791517027317433
0.918191224669619,2.86182153840248,1.85988897622716,1.61079328898076,1.33996440335265,-0.280954030838153,2.20520170526635,0.395329239914005,1.52696913221277,-0.642226118767861
2.64191016291513,2.2425345238366,3.22133032674164,3.29991378111409,2.625086413545,2.61890854549106,2.56882207390636,3.35001999139001,0.583549346494509,3.22008339788113
3.73992822755926,3.19455932618744,4.68645011294874,1.00658230521911,2.58479693876735,3.50034477783206,3.79160237288382,2.00715238843935,4.64470628362049,3.54860999568927
3.47394963347324,0.151539168338182,1.96061666489085,1.50046597801178,0.184469139886162,2.4813142875239,0.297790510863556,2.15049931988991,1.36772665994416,3.5052224042359
0.147830853775801,0.303279527449682,1.13099647406469,2.73955710738765,0.458340480828761,1.0381322263115,0.157586736204908,0.0349848724468689,1.44600494479568,0.746546255541495
0.326106018320525,0.931042032389579,0.118765464573433,-0.424190124188517,1.10403114908938,1.72891466417863,-1.06017062057457,1.01851744510245,0.338779365349548,0.780980766396239
1.86360669684041,-0.225091326210345,3.32966637686459,0.238064663801039,1.34682006002638,2.53696242431339,2.56445630550671,3.37481175071532,1.53137440397401,2.41143210196194
0.0191488855484322,0.460327610986057,1.05412692186306,1.35084847176052,2.54602754277416,-0.349252467331624,0.22215539342629,1.30237618433896,-0.354784999164267,1.7913590171491
2.17341831274037,4.2594960614428,2.63878416808492,1.59201783066511,2.72904841559926,4.87830770646372,3.40738455389686,2.41532795373181,2.79860868222011,2.90017786672826
1.90436629716357,3.44106883871927,0.334384165377825,2.33414538969793,1.22233936955511,1.51698553069193,2.68057430230218,2.0779978920007,2.6793363237026,3.93449043142911
3.24588300889545,2.01258546458591,2.53891127014568,1.52189385938504,2.08823155670696,2.48275269161255,2.44952723857631,1.85596535907989,0.813207594716872,1.66158833080871
-0.408425349724578,1.58657422704712,1.00894609648495,-1.20755132770722,0.859386850802607,1.17944103504357,0.82899241450731,0.669437377183296,1.46664961035401,0.853148174314421
1.4218826663951,0.738285640240342,0.219598422486203,-0.1359035654094,2.00968127092372,0.462276224527329,2.17697546450769,2.7954155445798,3.44967525327862,0.663102391739557
2.56857880167238,2.47085866669337,3.51008892749255,2.43443809282432,2.2858976849079,2.84297459475066,1.18504597088983,0.0278547697949647,4.54321306315572,1.41192392527519
2.95736397998041,4.8502995700389,3.69947584744891,3.75688024069832,1.64713163707091,2.34147076046513,1.83933193402379,3.4657083344244,2.18179672646255,1.55483597047676
1.68576069427006,1.29751003818203,1.44322554809142,0.0126994416502435,0.57689064883169,0.321315886472756,1.22783219742596,1.32781627167343,0.936876250549364,1.37424804797358
2.00361588844503,2.46800144019842,1.71295666345348,0.746307410502252,1.06519367631442,1.45341614395324,0.269682090406102,1.27287487856416,0.293693580152078,0.694553087655446
2.71310496677267,2.06826176226918,-0.196261740283193,-0.214658161508807,1.06649910174036,1.4531943725801,1.48999667239136,0.649702985379959,1.43402323405575,1.05545067874463
0.19372921996559,0.210537653212685,0.425327300714509,0.559497816686683,0.851574786320636,1.96472702709616,0.879744055286841,1.73026375440401,1.51879833178056,1.71526895371222
3.24601389830139,1.16184852808776,3.77049108368711,3.33348203559354,3.14554390877735,3.09515857743842,3.59921115622617,3.47441691411377,3.96573100769696,2.92230147467301
2.29989514821179,1.2626804710437,0.989167726737979,2.71117491649079,2.98771156599535,0.433966283258123,1.3721339532069,2.18074180561048,1.10412727851387,1.85154922989999
0.886115828551119,0.564920047815441,4.35620676114856,0.570643555823197,-1.24983458197378,1.1015269992786,0.107046837581319,2.09101710624381,0.0266531461046094,1.06259855876666
2.46912605467382,1.19439958992668,3.84264713598004,4.07551781931383,3.18653443202464,1.84945924136709,3.42914179579193,1.05945803533654,1.94254770865646,1.93236050309755
4.39219168182676,3.10722440608042,1.29730751620071,3.71436590849242,2.38007576737546,2.16335322112631,0.50902778493208,4.06049455091665,2.45905641924929,3.00698185329838
0.485364513729729,1.15324722980824,0.0609932248484979,0.543332071856596,0.259223147553972,0.915576267993314,0.228014109502132,0.135227296342768,-1.91340746370073,0.920334385146168
3.9356346636112,5.21022860558347,2.78286460636933,2.82177226298381,2.87883409501983,3.84100134397044,2.23648754290574,2.77204614631003,1.85914405553951,4.04042164605941
1.62155256058172,-0.468897032332651,0.874889071103949,2.12518738034324,0.113893151580807,0.0592077044331405,0.627611735831215,1.01272068359732,1.16683247743858,2.83597166527055
2.66732274010169,3.12859661027128,1.72186086350235,2.13777754395884,1.19673098310058,2.53787107525406,2.20051831728752,1.23337641571947,1.20752778047858,2.56416542265669
-0.813027122728189,0.896067353159374,2.58002775958455,0.18440169386278,1.71053204779345,3.12468166331061,1.94481557442412,0.309057598029047,0.888388469242442,0.530151062967324
-1.32251448312373,0.564121725372008,0.567999841833236,0.0983104647464536,1.08920285210965,-0.666657812147296,-0.33505334245253,1.7496395021402,0.236125344860538,0.153345308691204
2.23410584458843,2.04244897171498,3.04238353644064,1.50964887628503,1.35463691337398,1.5179278751792,3.39452096170606,0.201422169372404,1.57131260648356,0.405059542145085
2.28842208390028,2.49808406775176,2.22458700214627,0.630649063320248,2.17299963840676,2.99003760644497,1.16322731623942,1.02222209454281,1.71492726701111,3.53536483900445
3.72483777093747,-0.0496100594842286,3.9124713428124,2.48621277125273,2.74643307797412,2.21177111885846,1.60900893358433,3.43356068290848,2.47160182499427,0.0227613804510449
1.61359393045104,-0.497914822610419,-1.61104898361914,0.426243326823091,-1.19191205097641,0.127473886043501,-0.117923590389656,-0.669926507735917,-0.481145000299651,-1.26007771620959
2.70525705560411,1.01533271010979,1.58993265364353,2.74170501561395,2.45071473067886,1.00520211609069,4.03640875773976,2.55893077227423,0.779282665074196,0.529284772627064
2.20624238591027,3.66540659396654,1.63325344586368,2.26072265905379,2.74030799858383,2.22091905047019,2.56338852025493,1.83755595436115,3.31208552450356,1.99051897668405
-0.57850299153361,2.17723890666329,1.78036549858641,0.840830821399174,2.15298730016865,0.528322847611975,1.93164815585661,0.723359893792846,0.0521820832751847,0.759615343644774
0.0738926060062696,-0.0309630817037766,-0.555580174095753,0.395361464780742,0.70189335027704,-0.305253955540189,-0.201471458818585,1.59167007750693,-0.921529873196191,0.395586200390223
-0.582150436990842,0.899445914331419,0.573136061084574,1.56477634156872,1.30595462132588,1.77666892924255,0.218673395836513,0.428233167286855,1.5992958624483,-0.470417578317834
1.09068636315797,1.57589110656007,2.6855484829744,0.502820911179201,1.4207630324012,2.85373365396286,1.66241287782417,2.94428009339435,1.8341108067845,2.34020571857422
0.332123241085523,0.602412253117176,1.49205646102855,0.461332176228064,-0.859241396745839,-0.0679702524892085,1.95659198034908,1.05373368882635,2.33583899592734,-0.283250454265676
2.83119387481567,0.420078408355684,2.34335072992637,1.21142670702408,2.48713780929225,3.00567409981829,1.56502174320646,1.43345497484305,2.76315353918315,2.30573927630465
2.06872176375792,3.1930356020826,2.15641566059197,1.53424798792139,2.64015134979316,1.51491906201788,3.57871439144928,2.0426676313712,2.64478093892732,1.00606416937697
1.28013197543276,0.406751904215486,-0.885619104069435,1.0310361611492,1.50776062698086,0.544116775764189,1.17272143936641,2.38434379125171,0.253757203043078,1.30490670170894
1.92985965005151,2.11029692160871,3.41116480945291,2.41524738693808,2.62446655949158,3.28532593272557,0.738378050983724,1.56001128519816,-0.391479318790002,1.15957321339186
1.1094450226091,1.0333311221009,1.32021190101372,2.42745032285656,-0.0237679223548171,2.10836070107393,1.65262089949081,0.198696750079891,1.54179824393895,1.02522732449471
0.677178035029308,1.21789092479134,-0.191098131299449,2.19571168065269,-1.36307852333272,0.0522913998029647,0.175654724247108,0.783213443333908,2.73428342670181,1.2511454385428
1.96811533918397,0.909518577566216,2.14631534919491,3.26391287319982,2.01004533165196,2.10437799070684,1.51509135704391,4.01768829762376,1.97992355126275,2.56199046637801
-0.514557947813153,0.456855723852007,-0.275879021725659,0.673827673598156,0.535103291819569,-0.0216537488282584,-0.581101332870942,2.77279056203185,0.273869333407447,2.80465545238876
3.46032919262319,1.98063351911277,3.06786210273465,-0.0429723243235749,2.60229542214261,1.81190661373274,3.34289479588416,0.682456180557041,3.25185599574953,1.33028397803129
2.52167147220689,2.40199665592413,1.34916886887684,2.79273186629622,2.02020879489739,3.88992646359837,3.10267609459268,2.18433227791701,0.540174725759185,1.88032224652032
2.80846902406103,2.71140582639103,3.12772484811163,1.98286674224082,0.899907617237137,4.19031348732044,2.52357362367784,2.62282608454919,2.61233500414102,3.80963235322871
-0.642570497306729,0.497578860369128,3.12832375547132,2.86722722468637,-0.0598350649332064,2.42331230840117,0.307247002523996,0.607012913171927,1.50371011593722,0.598693556654477
2.85328947795872,3.6570482049585,2.45232698706951,2.96121429750339,3.17387252311956,1.65950404280459,3.31621250510568,1.21646321537125,3.08572649905792,2.437261336572
0.932646278673437,-0.952365039915802,1.14407388610246,-0.0855448811491619,0.88440181053256,-0.138310614379609,1.21581148422104,0.470947165628402,-1.4973069275915,0.169802219881071
0.503514117118504,0.0169950912127602,0.648911100473257,-0.445989066045925,-0.860346701117885,-0.0972159253695567,-0.155309800851388,0.574853368239226,1.6628959355212,-0.143419445259326
0.4321089233735,0.721162215980476,0.635047151882166,-0.0874650505040253,1.68372185019994,1.15487434287324,-0.518957696503794,0.911683195371237,2.15772262496442,1.20978712496672
-0.681453314811863,0.564541756823632,0.848458587029295,-2.17181879253278,-0.549441214468406,0.769980950393676,-0.744294946856304,2.02590350171216,0.0983214576841749,3.4329716262231
1.76814239080044,2.6138259361032,1.36924323981934,2.15078748389283,3.77281725461087,1.58151457401767,2.77303493768,3.76883922608301,1.98489204197228,1.88007113500201
0.1482942230252,-1.22097672171094,0.0685090050201362,-1.02952682010504,0.581593930398493,-0.19965593295418,0.754956574490839,-0.175343272696481,-0.0753083103623961,1.10082402530733
1.20413283459981,-1.27042257156656,0.817398470191152,0.0314168703833788,0.827571341483779,1.52321561845912,2.05147600391509,2.12902035154129,0.596609182938734,1.47772216333091
2.73504412277155,1.41083774273929,1.5591607101668,-0.185044120769271,1.10595371470122,0.564670968471747,3.15612465233724,1.8435438497073,2.66161570298481,1.76117839599962
-0.060641752297649,2.6359435803398,1.26246533768147,1.05826757358472,1.14237896172293,1.26571422559335,-0.506110678688418,-0.236831474912841,-0.108243895088439,2.75831984989068
2.00290685087329,3.09735616092988,2.2037436237144,1.89453125019043,3.33371586651432,3.65721808367665,4.06472995521802,3.22163779352895,3.77989356753916,3.33276886130538
1.55303496370422,1.23373664200294,2.09091012289983,1.07405453330033,-0.109138670110039,0.73920157291901,-0.305746876836057,-0.346928834914682,1.55389401963574,-0.541987755220682
1.9257123169247,2.647026315996,2.45516016261953,2.46812190347594,3.9519979373772,4.11977357247475,3.51728375458765,2.76032518659919,4.45805469133861,2.46113814104091
0.00933303623385298,1.26264192685005,-0.640606599818661,-1.05494804901431,1.82690861561268,0.292660528731313,-0.203609943953577,-1.06628412515607,-0.573218050934558,-0.603768306432101
2.32052568212856,3.63225198450393,3.30071334658871,1.80453803103468,2.90423410957315,3.56006489600051,1.77057239336958,1.75365532170262,2.20086071078394,1.68626183643078
2.21494050295496,2.44845527668928,1.46277505522892,1.71703401194689,0.562553691583412,-0.489772440843677,1.18640073278324,0.651234615537826,0.944212530349053,-0.241435939737694
3.17047772029662,1.95705290108614,1.62450740389867,0.985529161374719,4.00645511839654,1.64349527204973,2.3252515083893,1.90245533393553,1.15541550369778,1.5573132575053
0.370173055186327,2.07317368298967,2.01784681324712,2.21736957761267,0.473127489600918,2.0938937231675,-0.518094896720143,0.737460793903458,1.37920865996707,1.84928635913226
1.85402685384596,2.81256366255254,2.00604214252203,2.31485382222434,1.95223430146525,2.02549413492632,1.68102382702764,0.82399854015286,2.01726148806703,2.98657485483782
0.680213035433197,1.6641038837469,0.225206609766424,0.537370602605888,0.341876163639326,-0.0708432642875116,0.980989569336684,0.857156816116815,1.29432784040947,2.17589302593046
2.51316082869529,1.45679699358459,1.66885045981885,2.59371063511414,1.627651018804,2.9964806729687,1.61787708576054,2.29032853592812,1.5240618228016,-0.666503231091815
2.39238122495757,1.31750716705342,2.03769561741679,1.77870308816911,1.31631385815345,1.74701106731181,2.45788591698304,2.39873501013119,0.281853646678409,1.87367631495944
1.90839565700812,1.07947386244486,2.54097336363696,3.55105519539423,3.18063368879654,1.50914723569617,2.16127387961222,1.02119872148081,1.72046088317951,2.83468144139967
0.159785914064528,-0.774885134531859,2.42987085683538,-0.220786207245691,0.361725788949582,0.738340881500097,0.837511901786563,1.36009836841793,-0.420533931608962,2.56385315923497
1.57094568629265,1.19230868889738,0.873919425034593,0.685530744419802,0.966164415045331,2.19582414828625,2.93983766044057,0.558083852548949,2.73848671676994,0.577127850136953
1.33359141525826,-0.330785987204228,1.84359856100413,1.19137467607212,0.352856189464782,0.830818199431056,0.807537009263688,0.320263983295515,1.43884527401131,3.32902185920275
0.990540869084526,0.233506933665154,2.00903377853563,1.78515620693502,-0.858570062759858,1.13283584621734,2.59043977574586,3.15213871288527,2.25982160831282,2.53584404365882
-1.00152430615226,2.99596194337136,2.64681981705283,0.162677387523114,0.358058909239978,1.54220670025587,2.1429667898911,1.30263976835231,0.513175027989124,0.0849235540625745
-0.810682253233067,-1.37928429013421,-0.99614089575387,0.00836255313368846,0.203057280243021,0.13067181650773,-1.52381306921368,0.301640690850844,0.844628272633979,0.100702342049157
-0.767016442838369,0.946923859247457,0.656085801342494,-0.898671833224015,1.40626126818508,0.481107220939488,0.70518124528533,1.166062984325,1.90494111805939,1.80508050531512
4.49406679471765,0.537196646028361,2.41366505176005,0.864737268712814,2.66744602775885,3.70556657324735,2.77362055184493,3.09394131763612,0.463539539482261,1.65608258974773
2.00309213493929,2.125758547554,1.54176131280601,1.07675066864058,-1.6133769909792,0.869076257654695,2.66557723754327,2.42990663504242,1.13528549075226,1.79251640764627
-0.734771283242865,0.436026213841376,0.348502809799034,1.98880961886841,1.26666857374622,0.243492220893847,-0.428150479136515,0.666621727673981,-1.35257114957197,-0.788662368477817
0.956623746033256,0.349928961202076,0.491294987879291,-0.0404001208999669,-0.234047731414059,1.51895172296535,-0.174605264962594,0.397642478539409,-0.143009799230098,-1.08553205361702
0.996051882063494,3.06745317565038,1.73732786782891,-0.13772996943428,0.31104093042343,-0.383072600032944,0.613628601262089,-1.20003108525654,1.89166620607516,0.334471138715965
1.07967472128627,2.15046151848497,0.851633019862087,0.198631514336498,1.88832674717517,1.3087537754129,0.0705044887587355,0.891165818302596,2.37675887909675,0.41668528598001
0.186445439696679,-0.567993141888037,2.66228099783408,0.905112037044792,0.892895574633629,2.09867162128973,1.00117635200335,1.87727682302095,-0.488741039991629,2.01917932848794
0.310983797046705,1.33989525177143,1.87240703077554,1.30877319879187,0.835127661745937,0.176374759994341,-1.32854051311913,1.43009109519378,1.10680523924473,0.221327218621162
3.60095015214616,3.12922220935293,3.85029476848436,1.24112847954273,2.82197938723872,2.71006542042797,3.96003217274366,2.07648718737395,2.88212112094309,3.84959268836398
1.84481384708037,2.70937426008487,0.216682164324155,0.618023838187814,0.344977897389197,0.997708496654564,0.788768812184865,1.74366123041871,2.45430915033799,2.29123368821275
2.30446692489902,-0.104486324483348,0.915713908083569,1.09077765666165,2.07023166000702,1.02555773189589,2.35644396676908,1.79652275365655,2.50319278721887,2.36508610252204
-0.109693276820455,1.77740242305864,0.224634615970902,-0.383282871718627,1.30062676498774,-0.513788006182514,0.493328529038099,-1.90902007082566,-0.131728655613047,0.51759964051805
1.67035822795461,1.48574478957254,1.60285601309458,1.09661856561015,1.51960340327948,0.836807680208248,0.453434198548148,1.79252499119832,2.74131488273735,0.898785126924407
-0.318018935974459,0.429994340227617,0.121197906615481,-0.258660053640219,-0.575142463342069,-0.960058606013428,2.3668597638855,-0.0718345856603985,-0.748636397647966,0.502078719170983
0.749077357344585,2.5203195652119,1.04641896652713,-0.798860777237841,2.11464770050695,0.360268210986105,1.15314256184947,0.449411728408858,1.29339488187772,1.06379067983673
1.99081150464404,2.20999057386934,2.22431081202277,4.28028893613641,3.44744396199236,2.50543767951614,1.59192244249497,2.56162971569993,-0.978830973150987,3.79163063913254
-0.110283311648363,2.94841607451766,1.86333131434108,1.21657605626066,1.20086198950377,-0.533737569688507,1.38887634592168,0.645114945340494,0.112097586594265,0.860293578322727
2.0398767589387,1.31966285965204,1.19295302203055,1.11076373521328,0.0892331836428041,0.855921514371412,2.12989517709972,0.385571686611113,1.89656749127201,0.355152934775244
1.61625922408917,-0.0616719527695404,1.5595953502894,1.20315820386101,1.22403395642444,0.363996899684835,-0.0849666821233113,1.89894271619351,-0.677487784000901,2.00963583549436
0.925388084038238,-1.36218820639015,-1.59824148583907,0.727115521801744,1.61506283598155,-1.3070598239597,0.110524777969936,-0.518344475141077,1.12665717411526,-0.666940648530201
-0.539451940321976,2.04975207230302,1.84751848523611,-0.26428168603185,0.907860270376137,0.800101763520414,1.8095888012002,2.44563317210219,1.19506482655119,2.02134648033973
0.293672147837005,0.740035303230815,1.14733832562136,0.133242864433324,0.809443554308485,0.928421073175832,0.402330859189211,0.958744031256028,2.00191309810914,1.99753668558109
0.766975919049787,0.321651969105798,0.62233335115213,0.178006318809995,3.4077100696028,0.183213607748509,0.644693914325332,1.64228737402307,0.556723376503079,-0.152396742011381
1.76200911883023,2.50367667519876,1.11013617486086,1.20142206116506,1.48444144901517,2.14171094591067,-0.64394776010198,1.04605709945708,1.23670477642206,0.879994995902697
3.06103626650283,1.86806292371981,2.87470391875997,2.72543490457358,4.04628275821056,2.05059227731076,2.07881122551974,0.599018405542909,2.2646629663616,2.65067250854252
1.63577021406936,0.658330186756231,0.550881758610587,-0.51475880947843,0.959734809881442,0.875313467377216,2.10825625397893,0.213074952871708,2.86840808918326,0.838934042638094
1.71906621632493,2.90063084924922,2.16070133895942,2.81238216393139,1.12179363676803,2.20078869848722,1.41366691441019,1.3346329551339,1.06103065563545,0.990056024412882
-0.0552303777747212,1.73342471457678,2.87505035709581,3.45563807175691,3.99666571493188,3.95370620280524,0.627838109629469,2.06623680575355,1.14800980005291,2.14221298827824
4.97606630033867,3.73239516235894,2.41558957204314,2.57751902183445,2.75980538148046,3.39986689490431,1.76937116759493,1.6472941300504,1.33348804350144,3.2823336010328
0.0423046093174967,2.00050585059636,1.43759907012252,0.545350447088345,1.50293446966578,1.1615725180932,0.632875264525415,1.8817399527828,0.778153853121909,0.0375967848088425
3.77579772959146,2.81089458245359,1.05854223976095,2.53176032859934,4.84285292808905,3.49260355944774,3.43264513234246,3.82035424091241,1.5734702433117,2.96231718269584
1.55909620813685,2.15927582867716,2.38384506702282,1.99489641286348,3.39606530938042,1.89549237420965,2.47308554267258,2.26876973190855,0.579834650299272,2.16468102518401
4.63758593821258,2.65703337615429,1.82223438568933,2.30654909489149,1.92069233275762,3.51666138903728,1.65638188641496,4.21087662079571,2.1248301683971,4.23918499458831
2.48016252466397,3.51433710088486,1.45684355736486,3.33227111300691,1.60820156116113,2.54481138900652,1.0148472983455,3.55755304787686,2.71024036428701,3.28516353734045
0.279083417001315,0.664976213318677,-0.0146009718331286,0.621194982977989,-0.405539648237143,0.439485267319664,-0.772799863815773,-0.664563973310325,-1.20637741371297,-2.25397980702408
2.98895627477669,2.74918356637854,0.461195681078897,1.98552069205723,2.7151092815602,0.633964966629248,0.985033130538533,2.05106469696284,1.5381286506613,3.50095917557703
-1.66266769410444,-2.91962444564152,0.416581480513316,-0.529849095888166,-0.061530249514142,0.21181867374087,-0.250744577322575,-0.103337546766934,1.12074818148671,0.653169256689473
2.13997885304109,2.05180124426764,3.07836419961296,0.97656869529587,1.5617945841872,2.46527878811051,2.88661664007979,3.406121946679,1.17480035663018,1.44307390162783
2.74856115710519,1.15301704262943,1.00354930145704,2.84951295488534,1.82999997170115,0.965397965961347,1.01303735734065,1.53359501944024,0.855907299536932,1.02114638780285
2.07905763278852,3.40927051271712,4.31400167329044,3.50769173612718,3.50105015096026,1.48038753407928,2.04693569001347,4.76763282585169,2.42469971900386,2.29932731612185
0.806600469013904,0.727824522369804,1.29861185276945,1.91487350495193,2.55177067176992,1.10987954682785,-1.50634199205289,1.85306893059146,2.82505278406373,3.34766359271595
3.54575284872176,2.02067912273741,-0.335871117490306,2.60779059808391,-0.458486938164811,1.94047525575721,0.811189066849991,1.8549779357628,3.42712573493966,1.61614341545401
1.52251993483526,1.19673712714412,1.9261958371382,1.40385732491353,1.37245466146315,1.3648838818108,0.207807304283261,2.8477305361194,-1.13521744764021,1.81915946308452
2.23087466024737,1.02540437987194,0.567202502100737,4.16065639317043,1.65603742947172,2.5931289357041,1.97538383958232,0.265325753936497,2.8071043618323,3.09809328079485
1.63118969854134,1.17291421164235,2.46207532478951,2.19202738527128,0.748793646161623,0.774821884509179,0.627516054451781,1.00337432489164,1.01955095997622,2.88773485152871
1.24890782565119,2.18511298078927,2.52191845381774,2.26563751755532,2.29703806888027,0.621605411155567,1.08435509917695,2.08091998547284,-0.270042683934983,1.53296453219239
2.14543986275475,2.16780212757753,1.92054461298658,0.0843208181555583,0.847023287372027,1.02594781623816,2.34679920025679,2.22890053869421,0.738372472016396,0.194745905323813
2.16415855116008,2.90428502790039,1.93689511785834,-0.6832850050158,1.76602578732757,0.393334982825949,0.43987615909752,0.999375190962057,1.37263349600181,1.24824084984383
-1.50603973525861,1.66317636774696,0.339971640640299,3.1033890650612,0.726288489917929,0.428485996797833,0.371883170824716,0.905297742408653,0.0494992075998679,2.75266980991561
0.646879138531849,-0.786034656657701,-0.215245729995535,0.807628848905204,1.13164385223571,1.66642428890277,1.61239825586676,0.892662837815385,1.52463954394747,0.452094032145417
1.83169509110307,2.55194088229591,0.868743938310843,1.05595879121042,0.503308221055461,1.32081705255496,0.852952760313481,1.98975014922614,2.27904557706898,0.606603603788209
2.37787401169676,0.813790351654869,1.62041943494583,2.36254634528675,2.16811258576976,1.16811950588749,3.91057270202254,0.714108611051882,1.47299681493392,1.50904865568623
2.31443634821547,2.32754906619083,2.37014103241069,2.28311670612862,1.73529715478791,0.0137614252427258,2.74834681497978,0.120221307786254,2.83898151021917,2.5239644124291
-1.0828194490853,-1.2622527886984,0.747832498613297,-0.689524798977327,-1.66140938135416,1.34249078165878,-0.696010826582217,-0.625567147873562,0.306241071258295,-1.36378016583788
-1.54767729348655,-0.0983384774983007,0.825235184955924,2.03910690827098,0.659079578447308,0.437670420766831,3.09700437976932,1.02160454354817,1.22221046637203,0.921443337720218
1.99259667135679,2.2341980046951,3.22272386871239,4.06354754436057,2.05651715709471,3.2465872777336,1.84947057031346,2.26240861437179,2.72712305670726,2.46745344329579
0.542233421257539,-0.75734688450303,1.00975378168992,2.6912737930429,0.887118290954901,1.03027645140326,0.810814375781673,1.45883656954194,2.46785249361233,1.99701020021925
1.59239200043595,2.57511445611861,1.95378762281586,0.769601655728919,0.984355785502201,0.979617706395389,1.08711974962425,1.83556325558679,-0.474221235744122,0.318518477993939
-1.39302547152351,0.494333280934714,2.4755161472448,2.46668583989406,2.40408973705959,2.4051026446819,1.09616148116268,2.48226666559163,-0.0565542012780402,1.46793476479502
3.32684562664289,1.32727740132142,2.38932641004883,2.70792783590439,1.95294849635413,2.11021384002966,2.6147804857195,1.23802256400738,0.524929767627068,2.2387294767233
1.0753758237842,-0.0229431518983734,1.65847950984666,0.227955701726535,-1.03014625529133,1.67440752274108,0.298334424466213,1.46438709897361,-0.105037964196892,2.79493752251227
2.22905702815015,1.96410405191404,-0.402202677887123,2.71933769204678,1.86613419210658,-0.328408736663905,0.280811468514935,1.64170608222483,0.0556816912653589,1.54401759687899
0.431752820008823,3.10760246949825,2.28423510493099,1.40755186379535,2.04513645624559,2.16627527594729,2.25644584573833,1.7122974177519,1.11741604899515,1.79793162417828
4.0887057522319,3.14300957236837,3.14608446365219,1.55476352208406,3.95275702333199,2.25093284522075,2.39260041761054,2.85104013078103,4.4299339494798,0.752079087846793
0.731891418855341,0.527237983789857,3.29036549107925,0.911419258354189,0.525713203628984,1.72991057486614,1.08541939349271,0.895008673691147,-0.122577311615826,0.558060374580878
1.65849504290884,0.649320964323333,1.35878482855532,1.10673120745615,1.38468071184651,1.29071704419449,1.13015822103122,2.89650479098322,0.0684359628378266,1.89161992638736
1.96127989897415,-0.168693294960443,0.966845477213275,-0.355370950851811,1.16876872824036,0.834472597407441,0.724259933909536,1.0936901475359,1.10768913139324,2.36466284125286
1.17692352179797,-0.989595969513783,0.355174215617091,-1.39008678246355,-1.42083656677735,-0.0144062828461273,1.23363532031373,-0.316150914967063,0.718937421354328,-0.270494890606406
2.40412782935286,1.63466132544009,3.55023158161354,2.86578229271852,1.72191763301829,1.31435022021739,1.63325126479335,2.99437585213285,2.292462292116,3.69327074702852
2.98874370148598,2.58958708878105,1.32844242268278,3.33945447620243,2.70991659982901,2.51866687635309,3.02575075007802,2.58079825071321,4.5457502876041,4.60701281149302
0.997406843579563,1.46435842094846,2.12396636964033,1.50255061632508,1.26564459566434,1.28335837962613,2.70945130411067,0.0313621299997126,0.485000040416463,-0.150002434413671
2.20425191487885,0.977440071857242,2.09303034309599,1.20341209457482,-1.14220326540476,1.42508684641252,1.92552470149261,0.703470550584679,0.055427908339455,-0.916496408828481
-0.455395168492692,0.24078184089333,1.89218460244831,2.22841292125011,0.621466601474905,2.79001948434621,2.95557513944767,1.0206808736933,2.88803734510951,2.13075457655417
3.60317941014884,1.86432272672909,3.56516802565814,2.86568140968472,3.99804579716372,3.07554963443297,2.80632996429046,3.7619585328905,2.93259031105597,2.42023085723103
-0.027823440663705,1.99515746358824,0.686145143406302,0.669133687149286,-1.63160205139309,2.267022834666,0.93063417104549,1.21027556523549,0.682933690514941,1.7346216722741
1.05729822881377,2.59270110041032,2.4983659581743,3.15349592940768,1.40392370618601,0.174733633704084,3.6166778938375,1.53262152161835,1.14445645106485,1.78958825854744
1.61736582877484,0.502644751681971,-0.111514474382205,2.02627027320881,1.54697184390865,0.995447758122305,1.74396648409124,-0.259455092445043,3.0936624695896,0.772424417760173
-0.198525415519044,-0.432286698767625,0.618926140312304,1.238811562761,1.71695553237405,0.314375408488556,1.32323795858158,-0.41749945723362,1.50900485994024,-0.194643800800044
2.28105710454661,0.804016314151505,1.39238074682825,2.12041583198265,-0.516511173054037,0.581505307867592,1.25073491573808,1.08051543939221,-0.12427133446282,-0.546211033030731
1.33081016868425,1.58486832703839,1.97120925835201,2.36148973954417,1.37893744217625,-1.68341277000672,0.767746071384629,0.878396170098367,1.32826517017572,1.96661495164881
1.22006191899624,1.47627453842356,3.25334352485801,1.69620281105003,2.94423940092119,3.40769306425634,1.00069412769506,2.1456255249957,2.25049412419698,0.609797276085626
3.33248371693592,2.42228935369329,4.99272273214361,3.60764216070717,2.73649940799802,2.06930184562015,1.62069420063279,4.26010259945964,2.27062086710335,3.48905306430689
2.08782278245673,1.44899379400736,3.27737206008839,1.48226756655675,0.906346057427786,0.167808786057724,1.69558367405016,1.52556997880166,1.62204504097282,1.93791633288195
1.32452701387246,2.40808159788523,3.053168587122,-0.0288845052036668,0.183222750693875,1.47222388782709,1.4571130768914,1.5002373437899,0.948296923913971,1.11766706404883
3.0585218278432,3.02530890415136,2.6360372656291,3.50272056873157,4.13562489157633,2.80197215726277,3.77449164229468,3.17290011341785,4.62737820110298,2.57583580379554
0.923551705371731,-0.515399347936928,0.0262776395192191,-1.6087209038014,0.213493909415756,-1.94412018436978,0.739187982458173,0.0500380925333584,-0.854193775217746,0.475613041061211
1.10167975628946,2.48787037439484,0.153748585312513,-0.90610492517511,-1.18940932504732,1.50051732290537,0.0631355744557181,-0.0424790069087414,1.06425204059072,-0.468230938742188
0.597899472687117,0.476751774689328,0.995293577941219,1.25430210807748,0.741739670089406,0.535190240031556,0.912507512868307,1.35213369444828,-0.436151881164024,2.1884475599949
1.54600327306581,0.690975508067722,-0.132624572923532,0.0396709981426214,0.972998633291836,0.206423451699978,2.31673954050676,-0.012203768964526,2.0594159011498,2.21434338693298
1.60980883265953,1.33380136545534,1.47638804511711,1.76589660749601,3.34341617615845,0.601318962429888,1.58726875378195,1.91121829078414,0.140516671688266,2.20919124691944
2.39973565203482,1.23171921272924,2.33571947785003,1.50115630079453,3.44414444712025,2.29558166834976,3.1016735673823,1.58496004410987,1.9252638863917,2.16609907042981
2.94138589932011,3.40802413465453,1.99820280120636,2.71534938638532,3.24197358862544,2.44052207167909,2.0631247870189,1.06950717897861,2.66172005264153,2.45259394875605
-1.8620626424104e-05,3.17435552863003,1.19364106843492,-0.691886733741458,-0.311131253595226,0.552284156391018,1.14694231901848,1.94741744252043,1.30549119292634,-0.365804742961789
3.58165997900955,2.35652399903458,2.67232435462407,1.69225421677361,3.97868864187507,4.24110835992541,4.42756948182183,3.10202109327334,3.20507388721548,2.33008718279381
1.53676240845118,3.59204980441743,2.61329884477065,3.31981003406838,1.85303813069555,1.84898987505036,1.83067344316454,2.56879004185637,2.05588773470998,4.61958781554882
2.67045773852542,1.09178626494463,-0.156092644915705,2.61510345739624,2.02961440621666,2.31172449876879,0.290612305586666,2.63752045934324,2.58641902447708,2.01790915050591
2.48611589731353,1.69346689191431,2.26249869476469,1.25070529391322,-0.166208985955409,0.966451544121983,1.32304403105473,1.87935585261189,1.3777898583384,2.01138142077815
1.54359196466826,1.13634413566769,2.73885499021763,1.42270458428486,0.66839220672104,3.11689492819708,1.90898380030491,3.45022379996278,1.25038862241266,3.33621677678736
3.13985791589527,1.73384865659936,3.60190851569916,3.12071622230186,4.32430164938307,2.24361048665637,3.82355488461686,2.82444384058725,3.90305353322756,2.76899811913426
4.66994842475833,0.734989041313501,1.066612691569,2.95564278128477,3.35651250170632,1.01795077630709,3.73769937561671,1.03183831942045,1.65659963363604,3.39811897825635
0.369433275342545,0.528484352192601,2.39115560228886,2.28071186739111,1.1058870723653,0.62211383016415,-0.817375583387462,2.36616999381539,3.73412222837893,2.08211940211526
0.713029256288476,-0.0540396485821379,0.530850454951463,3.07115505170596,-0.566984884772979,0.44009850262431,2.17176183955728,1.20263728544189,0.997832179153008,1.00145160954329
2.70093178993159,0.180400861068537,2.8047311957861,2.84312804883642,3.94189500226741,1.17459132553567,-0.823539525442718,0.394755020999997,1.81021287825586,2.35905481176242
1.84202255300101,0.826718761445417,-1.36782651869351,-1.28153129108994,-0.484450192718784,-0.250367489665897,-1.31857572536556,-1.06068287918105,-0.450146055245425,-0.0166890517625135
2.95860418549681,2.06381425893304,1.01590344808441,-0.111328302358433,3.17949153440509,0.815180263268733,1.74139941273173,1.83210006698575,2.60228939509449,3.41281059032802
3.29793049699673,3.07470234592874,3.04921090966762,0.443727739221937,2.84132831612941,1.16390402003044,1.40124244642728,0.597502204319105,0.525685291435212,3.42544980096177
2.29046059259211,1.28767006282099,2.20416888899792,1.13393894862191,0.397722340798744,2.63529273806309,2.03013784932515,2.78309202382895,2.91470294681569,0.819511042601449
1.67954179822946,0.0268582150501571,0.535540480882431,-0.314005866095804,-0.505595157145432,-0.56069600538153,-1.17776445848279,0.0780711667346243,-1.38440179903126,-1.48941226256476
2.80559964698588,1.76729003595173,3.45325247957814,2.54681814540352,3.00250588390515,1.7890684096498,1.97622278672889,2.49933773384375,0.172510973320104,0.0946294604500399
2.15891342068846,0.913256596886317,2.02739717051533,0.842856818424384,0.591766803358097,-1.89898287286475,0.262113016532416,0.841290141236902,0.512354161724729,2.12474525114568
0.381607650558018,0.812699903466559,0.835648771371212,0.435652700706628,-1.48334418955293,1.60344902588174,-0.663211174529263,0.449093456555952,2.36246717029922,0.920056201454495
-0.519442604980332,-0.356590363628133,-0.99407705104039,0.23642062927234,0.731685907380149,-0.32443969324918,-0.519478354068968,-2.10849903345387,0.109966267236511,0.86752443249225
1.10911609531995,0.120507985409238,0.707563834390589,1.79689940372401,0.100733972850334,3.09861135839953,0.392003322671195,1.98852773547778,0.543614767317945,1.57570412590932
2.67714093967095,1.87589678682415,3.7264723133052,1.96136024258498,5.20698344819348,2.85521474754453,3.30675083176129,2.18909941111087,2.72659314359335,1.33319970093267
0.290378000793935,-0.270651257775665,0.859769483782648,0.134849086751034,-0.636165502861903,0.878969985717627,0.0526341704981848,0.485206935088327,-0.338966430831076,0.86794100421334
1.72172527299033,0.723456911764585,1.70896390961796,1.55695125279993,3.53495469131396,1.29349322753826,0.471668372615401,0.919243916485585,3.72938417068975,1.5819072338467
0.90556872299115,2.99482251681635,1.38566281167074,2.18391846045214,1.14401166916303,1.57029592409929,1.15768047669536,2.74636871695356,2.02047668073851,1.53310755018934
2.01307605355987,2.24017243529055,1.74607911127274,1.83752846574922,1.92897373827825,3.31749572176634,-1.33594361114459,1.82461301718094,2.50090421058732,2.52790449317226
2.91856121920388,3.6226801225741,1.48620846473824,1.30929105524134,0.0404738134157114,2.34521367454715,2.03731140804286,0.597303179936893,3.6925988030425,1.9345397380213
4.18153876365039,0.967089146503028,2.47995715973739,1.96625880692388,1.73310586841714,-0.0185370620459824,0.81878766037283,1.15676763875439,1.16107080787395,2.20768831002006
-0.562758120907218,-1.83046292528673,-0.913051909018654,0.618656755197626,-0.562090559588294,0.733367940426375,-1.08532703226427,1.11721700779223,-0.752285559387181,0.490847779475752
1.92134676919597,-0.48003077734775,-1.22574994071914,1.22617654231817,-0.998058978876526,-0.617576905360778,0.868035834075153,0.955709780505099,0.261104055682014,-0.00485426275937985
2.23965176672696,1.91280251858732,1.81310818482651,3.02416092369749,1.14393446617883,3.08279961419652,1.71433615779509,2.21954963410441,1.48844243049576,2.72279318245655
0.681213004284321,0.870253203756932,1.95833307514092,3.29861609293285,2.71499178932781,2.33031691474682,0.928929846227788,3.67006186602797,1.7835536385447,1.89615015121153
3.0805112100888,1.98756457216838,4.62113130119835,3.07354644497011,1.6617756381131,1.00382271183235,3.54694313705955,3.96729106517647,1.65813020384417,2.59393471317467
1.69771436528708,1.4037051275183,1.43216751755861,0.939233560150477,0.780660644311714,1.69667694030916,3.61446099221669,2.90949568327337,1.41893994511723,2.77988012806783
-0.0986054736995188,2.15662237790617,1.86972163633725,2.22767505311897,1.79253195826891,3.06629598607451,1.58635431994284,1.94372641576445,1.64604517006756,4.21594362839238
1.32498994796999,1.54643965647013,2.52816520013135,2.64877579001797,1.50014361897064,0.707312733038288,1.08107984763777,2.83221613898984,1.86993887698034,0.625067524113556
1.98627975252689,-0.0849921177942757,-0.984205858875421,0.570980420086451,0.854793584247417,1.33383172666235,-1.06940377435169,-1.62157323902558,1.68492521981696,-0.450511169711082
0.26014900734566,0.473512749120529,1.25677989912384,2.47370187868686,0.949091486572626,0.0325418328074902,0.46778645488806,0.788441946747155,2.03302270988439,2.24568362021424
0.0576114612332351,-0.374490334150845,1.66018649508825,1.76254759363627,-0.7097912264557,0.854729783000912,1.2924418555392,1.5042355821322,1.28825834854182,1.1943744494454
2.42634226772164,3.67324198537621,3.46147140098747,3.40263441396579,3.55590816920366,1.58193628108377,3.81539739448682,4.21669143161714,2.55461878981641,2.59576670192335
3.70919369078085,2.33635062580938,0.501430649926688,1.02209672429252,-0.344165678556504,0.479542569021223,2.21628269625661,0.749992609524123,1.46418878895728,0.927054446580353
2.59209535818502,3.11212996852445,4.21981983207388,3.40053123153581,2.2436155865592,0.762121684776355,1.34605766026199,1.32510285318052,2.0310756598195,1.51254419125721
0.0583080163707617,1.55070347088504,-0.339519641785613,-0.534943475944925,1.92719206756411,-0.390821651141934,0.701716956241803,0.155742175453509,0.742307988983449,0.721425481446645
0.622478769029302,0.768418908598399,2.78942294481213,4.6006454713794,4.51946187302441,1.11491215473816,1.95989119006568,1.04583788689829,3.90119689812417,2.96809846813466
-0.358360413627146,0.232128009888767,2.19253856008045,-0.189633667547916,1.75183604118463,0.296949435205225,-1.13447437392032,1.94373951930484,0.426632460700301,1.06559666622228
1.94079612894978,2.28392616154275,2.14247497052518,1.39715299195105,2.15910509641446,3.48973087812262,2.43747441131576,0.317118724894969,1.94531106355667,4.02465451339386
1.99136671752701,0.256131628063913,1.84576215512578,0.958291137013843,-0.209057014706231,0.174319971610152,1.65804742519077,1.18808900552577,1.80580181030316,0.71175072518411
0.0987360903630567,-0.532175309196884,1.39619662262248,1.19631002032659,-0.194224767765927,1.22525405671579,1.37905805740375,1.37363502613207,-0.577743309869722,1.83013425973026
0.116968497059216,-0.58998836584439,0.115247009427181,-0.250618482896195,-0.573096187499723,-0.236173220970079,-0.83825421841478,-0.771559741848024,-0.559359783126624,2.0090323289993
3.94939080006699,2.26564845593718,2.49510701301157,4.44183027517505,2.15803067277839,3.3814162896193,2.3513159196799,2.20045462149836,1.75783725866485,2.98072145271934
2.28323755431606,2.61870359647575,1.68133548216326,3.50586877954704,4.93864871760425,2.43746864090714,2.56180461621409,3.43162224425256,3.65849919039909,4.25197076357761
-1.23308274864875,0.521474966332543,-1.43824069947049,1.65584284079235,0.29596007817754,1.68851600681141,0.127186208236614,-0.873833506796357,0.563353934263016,0.274880006864163
2.63667151084232,2.0297476762055,-0.222550236925539,0.537320883900306,2.56237482397824,2.27598697418619,2.00763327893233,3.17125935916005,0.445098336994281,-0.0063251663218078
1.1038328632398,3.1708296787711,3.06927587046982,1.40118188180612,2.65926120227198,2.85012801730722,0.940686793540501,0.789469063183639,2.68569605192554,1.40466418016954
3.4024046150651,3.55317826349383,0.936496652661692,2.22333234642932,1.56552837452534,2.31097912434951,1.03320186640341,1.91649697222157,2.07465789034735,2.65315855368793
2.57929751866886,1.01684698901607,1.43560000095051,0.920293321571038,1.45554873337266,0.818741350156413,-0.0602230247224247,2.2696088863761,0.0255507200115457,3.10241911601965
3.77790976292238,2.5398462387076,1.03288228066444,3.40156351807129,2.85186017110075,2.8801802942355,3.80491760747898,4.0364047544039,3.0760877887576,3.54203562323637
-0.155093096744824,-0.358226917384111,1.0150068504293,-0.507042155468867,1.7647627631804,1.6282811972012,-0.832325993535848,1.176949700598,0.646801485157399,1.67778295786677
-0.238545711076944,4.31032962927804,0.815835799920265,3.7976500786857,2.29018668176525,2.57237291557752,0.000896822515007223,3.35026023527994,3.120547417349,1.55480336143529
0.859308191832309,3.13122447729404,0.535659618488466,1.90820782174801,2.70282007192437,0.689734494009039,2.59377159678027,1.50211856976139,1.97603826425931,1.0067701326857
2.28446862333923,1.38686979547008,1.88151839407774,-0.0965960538732071,-0.0545324329301298,1.24229956674282,1.52317183952844,0.208210872383508,-0.904825528185001,0.155375353149523
1.91603276739134,1.72912974097288,-1.64186698368368,0.156676940507603,2.1977030323504,1.78809207232388,-1.36878159043542,2.15225194465233,2.67917937429682,1.03854096420475
1.42408575219403,3.05163419571665,1.74181554332015,0.240035073518371,0.795496157509462,-0.133449652683613,-0.0695203604738606,1.30071445521067,1.51933363515824,0.996896113323862
0.836665323234806,0.816491724734316,1.14023410099665,0.98608027892752,1.42392391003362,1.88391654844382,1.51876941466889,1.9650305572834,1.2190984213036,0.43726573205134
2.96719954518859,2.02167072894874,3.30232756489392,2.07797131074022,1.0106396025032,2.83279570567895,3.10447071600312,2.93168288065178,1.6572059442754,3.57013014998877
1.47907074484358,2.19973450085114,-0.136901854814395,2.43777676084574,0.70967103535026,2.51039354711094,1.40746420942317,1.72297040938591,1.77706026017778,1.75336026741886
-0.678404796200974,0.425300801539943,-0.363078956399357,1.64656839349607,-2.11479117053948,1.01348799564254,0.0201523080661251,2.24529377039175,0.0257323092432095,-0.515378096277427
0.328091489665089,1.40134935231895,1.6416660069374,-0.189702497273009,2.29795094782299,1.4867071537381,3.23148299620598,2.54126034532755,1.4796655197663,1.3739383137283
-0.0971282125551088,0.54241162701357,1.19391572988538,1.06614235665951,-0.192580198413393,0.806695990267621,-0.179718666954264,0.840961081968223,0.98555770906862,0.796055509217216
1.96555530351862,0.272189185500616,0.427168770268543,1.64066816876469,2.22633784328716,2.920122370286,1.16335766692673,1.64503343554299,0.916724747251262,1.33931307329773
1.87264785542534,0.324905649714579,0.705964584199145,1.64685562082744,0.188981547634565,1.75637961461982,0.88863634446586,-0.526318531395834,1.94427513897743,-0.179925118466342
1.22445695551384,2.17941624192092,0.509016525853652,1.85778701878545,1.79538253588661,0.944611146428693,1.66808226425267,2.65227593464665,2.76349719557302,2.59223165001007
0.629799055720508,2.42195715426465,1.46640272220211,1.49381570884684,2.29790170954426,0.946569097394045,4.38483422868666,2.4168223288879,2.02396000974845,3.43853535108563
0.904014914504442,1.36790191446498,2.63510776802488,3.29525525544307,0.27712272945858,0.3995091918348,0.585720286637429,0.675123903597621,0.804340416560326,2.9274182890675
2.15261760123086,-0.422959070278431,-0.235493221711238,1.99550412103291,1.48118424572473,2.12072958575208,1.01907848081122,0.293707850228672,0.211858220271669,-0.177811476041744
1.22131518736068,2.78619640854148,2.23347211283087,0.153508014877361,1.19323868561468,2.0190697539949,0.939805910636207,2.73760197987234,1.78052126086996,1.97371773619962
3.42105553892926,1.54416435604101,2.56455397466489,2.50019688409244,1.68022577662769,3.04828949861641,2.84065461321203,3.10281792008132,1.69817183082486,2.62611045589138
2.04098456285067,1.77869947396627,-0.315064378135803,1.87346400094684,0.0757629257681538,1.24589657381865,1.88004133501414,1.46804224248296,-0.72717715411963,2.01176248308839
2.011256552213,0.333631224672262,2.11008342280215,1.92454366873234,2.51094904655467,1.81046942481495,2.81242901762535,1.75157974030938,-1.67608593544121,2.41009268960475
0.564576420749157,1.45990506652334,0.484610188278716,0.292351309152791,0.903067696602923,0.727349068584462,0.240088782254728,0.094299080330346,0.430827299594335,0.747866609022849
0.503704769468424,-1.38588777695013,1.32607368317663,-1.93535114058344,-0.189178606553241,0.81860280280305,0.110276043280572,1.25941776973192,0.930901742183597,-0.479429273563478
2.57311962884752,4.75169303382071,2.77189221825749,2.81766117959944,2.47169941541432,4.13611469657716,3.37213718380823,3.35533016035059,3.30901979296256,3.25975887452086
0.845855587003394,1.38100555056733,-0.20873278147859,1.56655286414189,0.59417405897025,0.633884616108694,0.252597281767842,-0.106285409483935,0.660618570691741,1.49012073034891
0.49897087707093,1.42568867511439,1.7175398296311,0.785442168763029,0.836124130487028,0.422685270032887,1.37212674119767,1.60132638082886,2.25893203802265,2.41233991717509
0.317331816373826,-0.511395385268741,0.212917709086638,2.10284427488661,0.424332841293979,0.352257156853792,1.71457443090469,1.07182247171547,2.2302414435406,0.349854101858805
0.0654352605204989,1.82341426680795,0.51480143976938,-1.2614530875123,-0.0876544513602392,0.833666505950842,-0.593282390400291,-0.377908461680229,1.25428978979103,-0.871139758981993
1.92662954309699,2.15342934455826,1.6989693264478,1.22982972868451,1.23947289237811,2.47228235128011,0.00341316015332294,2.40606551317346,3.40376159867145,1.85849683667067
0.868421049682476,4.67183293397866,1.35367158691473,2.51695145102018,1.81453389714503,2.34502728354112,1.50073918251795,-0.587417588622124,-0.13076165556478,-0.428244729516431
0.264545409632245,1.2091875356407,0.598169319942615,0.463476845317159,1.11705633349222,0.413104653796393,2.62904606254013,0.577178180165931,0.245048529971941,0.914477705403668
0.649905535305646,0.879383562073534,2.61603306141274,0.720351933217844,0.560979563934594,0.565139256826859,2.82357372838358,-0.140645420895162,2.65212517127225,1.33326334338858
1.00647710242773,0.747932690217359,1.83565775282065,-0.893761828285961,2.42761215797373,-0.111098259664941,0.680792381841584,1.26107106721302,1.63747973246508,0.942046772343219
3.49574212576397,0.652846117335553,2.42521262464277,0.788057951701654,0.903697680380997,2.5707610840212,3.42427035701295,2.75158398100014,0.457160254516748,1.83860006720036
0.700042570708585,0.516600827137713,0.417957230541863,1.36155043795498,0.42902734225765,1.150124015408,-0.0602596605677623,2.82784520589141,-1.18267740578906,1.44624603427296
3.45665552390394,1.48700665660444,3.80579326164143,2.04786628831075,3.98073008470594,1.10288685703962,3.04307344874628,1.75494368567283,2.29483151951756,1.98627255645128
2.73243214665549,-0.00387867244917683,1.0051615201225,3.49709754507131,0.783812355157627,1.48908331617883,0.0251732071496478,2.43162432107322,0.731055092296304,0.173167325231259
0.253349780389715,0.879665709551833,0.184296345953848,1.73557462956827,1.738080399441,1.21018378704331,0.646307177309121,1.05331442813356,2.03824089169689,-0.292404471875646
2.04030912488486,2.09657539745403,1.65772629225847,2.36166605984847,2.13843915540449,0.372889361984422,3.82114482726461,2.08358937485749,2.71086488062028,1.22392953985654
3.41871645013254,1.40770948171299,0.236107731824917,2.24822270869047,4.21444446026432,0.678603286746142,1.40466391885225,1.39085094684443,2.02823155840571,2.32401196510053
2.42056249212651,3.03537730925376,1.25931857998475,3.03695968723805,1.10974419420498,3.25578163899606,0.899558629204938,1.5687323779848,2.5008898338111,3.41993053538629
4.76090582565756,3.02093228313345,3.1774571245346,2.12932473181641,2.21594273952571,3.66881917953778,2.80075857836533,1.67376037845395,3.85121239146613,3.90075921196711
2.68971709866178,3.23187842187963,4.4863009091165,1.43363693218563,0.756254987807913,2.39411171126538,-0.105645999563578,-0.50716401008908,1.42354412528391,0.303789146254645
2.16186925308604,0.699804957405427,3.43374621872861,2.01099634348975,1.77115294090326,0.556679468969512,2.70223018929092,1.17018123925671,3.61187346419362,1.16353301894176
1.18125885814585,-0.213713785975044,0.57356783477959,0.560924730542781,1.06153813240944,2.40484781439715,0.367852550576657,-0.178747362924742,3.05408418410323,-0.17158496803861
1.95248368993371,0.562150593756582,2.06403045651549,0.0584803575075009,0.138403013344357,2.351778225605,1.9961228374861,0.507959429569482,0.462556301691024,1.36355911629755
2.44639004742839,1.15447756250828,2.70390924641463,1.43978367511712,0.413054856084691,2.40949608151836,2.74911443751654,-0.861544381529875,0.534551516497454,3.32634314547196
0.232874187202016,1.72624922097343,0.46842040109286,-0.0539228168761026,0.966149053193575,2.27059725749913,1.94555096863622,3.43273164313106,0.851451566685554,0.999471264320042
2.50639104700232,2.28371622212357,2.31222519781967,1.31957918810104,2.28407831030303,3.04763552579281,3.23523146384613,1.35256009827147,2.98372747054885,2.79899395797774
3.70420945121575,3.99783488642173,3.80240107135872,1.54741118574875,4.00332499134203,3.53772904373594,4.43128430796688,4.64791707931461,2.87953188447269,1.55102349785104
4.12645994585751,4.09937101975483,3.53854963335828,3.20476136184257,2.89220302996656,2.96902157396789,2.75518302899126,4.35488038186542,2.92992320434616,1.331653531278
1.2832174408209,2.79138427272623,0.333240107351939,0.501502866239452,2.0864162201713,0.0236028139083211,2.03561856993345,2.23764711232253,1.94189885801629,3.23503688217334
3.09717031143539,1.79325887772267,3.25786577600446,1.62010893109404,3.7440512494151,1.04849190273247,2.43463218681414,2.17400033049728,1.28927263218899,2.38603372165637
4.10508598277002,3.95751946253213,2.37659641615845,1.81453015191022,2.11227828350751,1.87281258212156,-0.533619845677735,1.56402497850575,1.43471626207318,1.88625935365293
2.38838799166586,-0.404068496397547,1.09340323668362,1.11774360758168,1.27190018942803,0.749727068548241,0.565775554619029,1.44001306469978,1.22956929254887,2.06981491912069
-0.461738567346146,1.34290015103079,-0.0555672116201082,1.1522724747616,0.691886569812448,-0.0809784732106316,-0.097505703879037,-0.282342325991965,-0.104690821620841,1.41043558683151
1.01841121548891,2.58456088432445,0.859210584184596,1.97462008801536,2.45747502842171,0.528923610582792,2.47465842968955,2.35638496469863,-0.242050420451025,2.13999453872015
3.11737469891262,2.02046759148586,2.72795462946578,0.891634063296538,1.0595057260158,1.71392718448014,2.06734168786746,1.67131522785994,1.21621682871519,2.12376021213202
0.877743200996274,2.41333111822747,1.49744867291437,2.28602720040241,2.06748846336056,1.49902627509048,1.0930609611037,0.856540410706097,2.05727480680918,2.61630996815886
2.73987837704921,0.160338390993952,0.730365062324025,2.01643147520798,0.0744126574101317,1.44564586695537,0.916049728847759,1.69826201381185,0.00350988003377695,1.7713987503979
0.711017121160522,1.89369072102711,-0.478685224492128,1.36582393334196,1.64225899362065,0.8077048676881,0.880919694289315,0.204644464595473,0.561496930260338,0.310580718755138
-1.10278797755252,0.328585892731176,-0.197938819561127,0.584136752071302,0.728886535079447,-0.72477875878727,-0.741971267384156,0.113849015903498,-0.132871872754712,1.64232137264751
2.11282107026372,2.3768255697019,0.506113022277112,3.0830490739781,2.44942453529157,1.51993358990595,3.01249435859849,2.58690175493115,4.45671132650827,1.30636323036814
2.84108650319722,0.610072962284637,4.1485129413217,2.22629720284098,3.36098686194177,2.15707587284647,2.68926845866014,2.42913577409765,3.86376617423065,4.23058590297191
2.11820583869992,2.2495954169475,3.81496337695553,2.85624387778166,0.947965393797198,2.84663743495965,0.781619374802971,1.03028181155441,2.73982466408454,1.49684269667247
0.392461655579918,1.34083369259611,1.86355095196056,-0.0816478362757262,1.24136561970513,-0.162326817851628,0.556664828804297,2.08777632566732,-0.080744955337082,1.87848847106528
0.681865399736671,0.142573364815392,0.327203043568382,3.13691682578336,1.08013772264024,0.29200953749606,1.53416267941955,0.0801845765893202,0.729080823117382,1.45491120152998
1.66361126126514,1.08394991462985,2.93906058876025,0.338821668227809,4.45348205895715,1.53678943001084,2.35577525917273,0.816098124937561,0.0437796531740102,0.908727865303431
0.636219602994721,-0.0311958743046201,3.22777333157758,2.47942724767326,0.254362831509005,1.84885451065148,-0.115258102554258,2.49575718776695,1.91155716829183,-0.545593725538923
-0.325425908746294,-1.29550003384956,-1.25448828833237,1.73720433792505,-0.688040412060282,-0.355465476305563,-0.173906943259699,0.152782991066302,-1.2668093757307,-0.14402767195596
2.12586517657661,2.42288592627079,2.27059831229016,1.96387287132855,1.6747370562588,2.36104617797243,2.39436796311657,2.17285987004343,1.29159663351433,2.48135563003294
0.143776782070357,0.872230502926571,2.32907650612831,1.1632193244287,0.960607287632527,1.30384832788643,1.34837917092186,-0.174329866766598,0.869271099471479,-0.134856540151086
1.95880186324569,3.08516938433433,3.96728045665786,0.562092711278851,0.557769896233305,1.73721004011023,0.261019180005554,2.32137182910404,0.919349533841065,2.83760527216354
-0.284461470013885,0.304364852571234,-1.33968071095668,-0.0264208636672173,-0.718409389710891,0.210502731794663,0.363926771386749,1.18588355561704,-0.441334506571906,0.503464955011362
0.138855371558798,0.91364700291255,1.78749953399152,0.366944674541846,0.960470343313182,1.65208399923238,0.20991826174136,0.0258901482262458,2.86163019022791,-0.104318594771318
-0.413009213552489,-0.523889052235186,-0.00415350543750095,0.656228892223109,-0.0653528034940648,0.933292380889206,-1.8934523131622,1.7536210249591,-0.55676961863081,-0.787827914791568
-1.60902053059829,0.409543204556219,-1.46171228118994,-1.07110977551807,-0.946326227920772,0.224298924974012,0.588661390503951,2.47368048205843,-0.435268655482293,1.26398632980336
0.913897972215499,1.63263368823874,2.0836358765218,-0.445552413249611,-0.856683117827831,2.19137986206704,0.711119168425253,2.05643144769295,1.47985155512028,2.73456043936473
1.29893946192907,1.13764533538071,-0.0894052865178554,2.03289144051405,1.36273314301616,2.44421975754332,-0.693007515416746,-0.0118246360774454,0.278973048862842,-0.584276891012327
2.44641349687544,0.802253887968255,0.723625147757259,0.475925428100793,0.592033219487853,1.85905146601953,0.270367964990012,1.06146884457327,-0.887604538677127,1.44171066852067
-0.354413073414317,1.48815965144525,0.692343166961749,1.07667823497083,0.549027738855486,1.04003364968772,0.0928085514324605,1.83728752289121,1.21689478482158,-0.895850762186104
2.90184296356443,1.95564667145105,2.48473150734116,0.522293801212403,-0.0844622605668914,2.13642460279038,2.71780092312659,1.56328482141321,0.208341418865223,0.726159539588251
-0.516745064320041,1.28313986242705,1.01900561894678,-1.28457699567662,-0.515579242400719,-0.316976176613112,1.04951510644994,0.727450775634752,0.248649320610307,1.11861616036021
1.44777357978682,-0.118577955760886,2.68990754457229,0.317572943279951,1.12168293237629,1.12112859515473,1.29012851741622,0.494903830862429,1.82384615165592,-0.612045891795443
0.235417652088619,1.65929925044204,-0.837875075343354,0.0795905923478362,-0.172763716567355,-1.029258491161,0.903641158215708,0.563630926852172,-2.02599765180141,-0.441262638730643
1.02949682240756,0.263799241140052,2.30535402697156,1.99533524116888,0.449795557503688,1.03170825930547,0.0176341909732698,-0.346217110182674,1.71758789100478,1.64520208271992
3.11862844257612,1.17795944327645,-0.0126047646570553,-0.996359289074928,2.48754966534545,0.622249159697662,0.221920246186074,1.49731553885875,-0.0592254678624911,0.13021335986494
-0.838521278171515,-2.12016385054228,-1.4209735216346,0.102240437556877,-0.622758060802596,0.0128904483584112,0.985858024757681,-0.0605328450191548,-0.582301234975607,0.066413337853868
0.185021607949487,0.615909598500398,-1.38566221114199,1.48591439832084,-0.881660630655342,0.00873125134214214,-0.482250808835273,-0.679848579714124,-0.0635323048593405,-1.0770899842982
0.886426345394102,-0.851624428248924,-0.540029839195861,1.77479964006823,0.65378223124259,-0.665254876802107,0.765239500918118,0.577265812125073,0.722775481864928,1.62575208802621
-0.823073962358802,1.04413490440878,2.12254150999529,2.29043155493062,0.414750232939936,-1.21612733608073,-1.17355126042776,-2.15306665114868,-0.0260801616198753,-0.201939367964082
2.99395521695232,1.10459457083321,2.41062456324181,2.95220706235904,1.69344614153912,2.36088805335304,2.6852045317597,1.10610083887315,1.35640724393217,2.7908351345957
2.77346942303554,2.48340972944767,2.39559877795393,2.98370060499704,3.97780737407079,1.69547590257824,2.1651934738811,2.5678904176016,2.00471179915384,1.29209788333934
0.948010340154362,1.7373032288241,0.559497934498727,1.0821025035149,1.56343941820129,-0.752592957374734,0.233022058332571,1.11811389684415,0.566546739669549,1.14000615751911
2.34516172511186,2.59133685338273,3.3191778230768,1.38106686282102,1.60342957048314,3.28197301146923,2.7951813605383,0.792756052573924,1.03173015547391,1.91623609860372
2.83099510699259,1.85172567458321,2.11594761394707,1.90750260996981,1.0956281439836,3.69142453057989,2.23721867106837,3.59787419593266,3.52210679019978,2.8182728645047
-0.39218972546943,0.568898881180776,1.95407318313817,0.848280525255193,2.47342290177729,-0.522627538643996,0.0641774016832166,1.42807433381725,0.296159993065738,0.790541839079681
-0.451546250016577,0.354508691354921,-1.2836409468549,1.39816858137137,0.204515397962912,-0.408429487446443,2.24668797021104,0.0763000148016447,0.0530949059354399,1.22950158566041
1.25077352866057,1.1150380896225,0.44298659912224,1.81751706939023,0.660270691117651,1.65812943049397,0.814611433746787,0.187584517855162,2.29913417138361,1.2012225990151
3.98870574741339,2.42568489667935,4.78050292446308,1.57461080253922,3.86026979032543,4.78127227464218,3.16501761566942,1.65838815217679,3.06639133776858,3.25651337244313
0.45173745033325,2.2021234967979,0.525635630487994,-0.339462745181615,1.28834046966464,1.44478829571168,1.62160476105073,0.0397243079990302,2.45995529362322,2.11917786446947
1.2416376336752,0.471598358835841,1.4975117500651,0.22665408808584,2.59593320466863,1.68249714427733,0.488385421529588,0.375536831896156,0.647609502707874,1.84609974093255
1.66175894007646,1.40422033473861,2.5042694876377,0.0399253636677389,2.41317634222596,1.40925392975184,1.71806726313477,0.938837596027522,1.82253518603959,0.20878910405031
0.844227649999232,1.89667739628964,2.52842740696774,0.926947770703561,2.6793180795746,-1.07351099173353,0.85343192271656,2.39087797359342,0.985955766576343,2.16214359940609
1.51477370238892,1.39112493252439,2.03355319136503,1.84538172077435,3.72201450731247,0.230766506495572,1.71376001410468,1.76532874779515,0.763056148769403,-0.967817998822948
-0.699691009111474,2.41190811101554,2.48765818016579,1.8017685345243,-0.0523244701802064,0.105553957128183,-0.0454672336447766,0.824039578661329,0.890014202822559,1.84968514867163
0.762541377510647,1.12984184792544,3.31211765936952,0.88277387622431,2.58836735006086,2.76641549769438,0.989145750113326,1.20139872208301,1.93701124284743,2.63512290534976
1.31577900602239,4.21817972250808,2.17798855274097,1.55521134029308,1.84098800420278,2.07196225003479,3.08775396298007,2.08481862724812,0.165455402420124,3.24504781753128
2.74818523742409,2.46041089152551,0.833605298079298,1.92676028364732,2.3729262193893,3.1248390631044,2.38616654712804,2.89615531182523,2.60949954986744,1.84065701662782
-0.785479089317553,-2.0104721788953,-0.402745127818296,0.123420377769201,-1.81970723054864,-0.605373971401326,1.10937867800862,0.11385589943244,1.54776750783211,-0.788309261109552
-0.836175652503256,-0.727355712282371,-0.771453343405658,1.17825965545564,-1.68335614801323,0.6379209273588,0.412330269389215,-1.30562701293855,-0.287233129801775,-0.493954444519294
1.28572801011686,0.203274336459735,1.83089147037971,0.542614388867295,-0.232823649459859,-0.0734571927806735,-0.259988101812228,0.945104747183857,0.455009613798948,0.0454625471218439
0.937041280534949,0.688051989924862,1.66032538968738,1.07613021651348,0.154621257829764,1.09971370366824,0.680963607795334,1.92298510550508,1.79694105065003,2.15361116484415
2.26417771805138,1.76831307143259,0.782954493090974,1.72597940960148,1.10381715055452,1.64440955463912,1.37555577738925,3.32795914418509,1.67146118999585,1.63110923311518
2.29106058481874,2.31238690883803,3.57087697397246,3.43655834445731,2.49293134853391,3.27018180876656,3.33986830589558,2.54405776685865,4.8438384392309,3.10201745695944
3.70288390286544,-1.28601447847404,0.677364537505754,1.73226234545804,2.49717305552895,2.64606703325131,2.59060143080933,-0.327580104154492,0.88852785394245,1.63621710912604
1.21816391307344,1.260287126787,2.41110012644273,2.1995112654982,2.84021069856806,2.20291838025658,0.788536526723863,1.50504987684871,2.213575875288,1.35365295351086
1.88611357440397,2.13144577623588,0.974817185622809,2.534273461735,1.319458455199,3.02523189614575,1.55940556836046,2.90596198151553,1.13624106723576,1.55061418005806
3.47843796828893,3.38563567889418,5.00708023831381,2.75130307194849,4.24167055982454,3.55915696361664,2.8813229331942,1.8613320405807,1.4944047552346,3.18764655970112
0.243828799661205,0.529578389853286,2.04747607694568,0.791735082218812,0.511400947608556,2.28876263110662,0.703733681102796,1.66097677870923,-0.360090465860624,0.828942548293569
1.85578228825805,0.85423924344044,2.05739284670592,3.389417012703,1.09974758639788,2.601611551583,1.73091835892055,3.34762575981435,-0.338648998444854,1.98084888383046
1.59543838389167,2.83898314682469,1.78495280461575,3.41390871526729,1.55463774016697,1.21697324696277,2.69538126471935,3.86981773476418,2.01336523198075,1.54423400101829
1.55825486027932,1.2317189636005,3.04913495167664,0.707752562537297,3.80512033335252,3.9124943181883,2.94462729997456,2.86405171447399,2.55978595461788,2.97183371871441
1.96669055517285,0.37551429046825,0.378701469645943,1.93085656666077,1.96985662554385,1.34388353439132,0.943513681063407,0.904036011907029,-1.0873617083143,2.55451161416429
1.42392988422413,0.495409858425751,-0.0148211671098208,1.83864871131614,1.51619592882125,0.648719618595103,0.771640981770079,0.0627614010478041,0.640856851394815,2.33796569568519
1.69532867964906,0.334926214435123,2.3498695177073,2.61408400692531,0.942569133110057,2.7231886285254,1.27132627203899,0.946175765501874,2.266289886785,0.296298393784931
2.8661843024625,0.205296953466944,2.54230584452932,2.10594958336259,2.63348331498604,4.17626268077014,1.70901584194979,2.56901940512296,2.2433678639724,2.05916879096987
1.86077479490243,3.99487558241734,-0.282435625964556,2.34280693319105,2.50728773392618,1.37147301692294,2.80955409908442,2.06351413243762,1.52155292818207,1.47656093421419
1.42567340543811,1.47311384317461,0.0695149421314897,0.0167924718144523,1.27169584769927,-0.350671172927005,0.834773026689578,1.16009680748752,1.63972604056032,1.12832261079313
-0.0447240947904319,1.52018276801971,1.34353500106501,0.991077963925559,0.417610701481512,0.67347403896093,0.142834873359587,0.846750612380578,-0.774521341514326,1.52807137806617
1.38782515502113,2.68397903805908,2.80642298130376,0.247523623136752,2.41885784119998,1.60679905585945,1.73333825043807,2.56995598864977,3.06308921978215,2.84866622348277
1.93035801330653,1.44487761384882,0.534110763417236,1.78227082443975,0.0496453191564821,0.702919847208432,-0.432580159173697,1.49099150399711,0.0187075692811676,3.16774670646365
0.725257091269617,3.04929605034835,1.95261839263815,2.20528072499635,1.52028091083238,0.8250230082613,1.79088825001281,1.60613919732594,0.230955307962951,2.58896195862187
1.13277566030518,0.252991349453512,0.971114845543269,1.73829044595012,-0.134649763103751,-0.0544846392286122,3.07474115373092,-0.0670103994811644,-0.637472620330164,1.0216750924493
4.170250594661,1.66230034578382,1.31700325316766,0.834182019749245,2.18814306035626,0.680153941817111,0.500829819986734,1.85645778774073,1.4702611848934,1.01886196243501
-0.505385279329799,1.2944917437137,0.101650906544787,1.38908859998883,0.916478952745776,1.07839741344429,1.28640522612823,0.0119849059273883,2.41932361403915,0.361366682680757
2.2913281238796,2.22567266542052,2.44749511177518,0.887781735143705,1.24023719751625,1.62618026823748,2.91071160920398,0.85170731060133,2.2503191301494,2.03242409576718
1.6019858913572,0.402116448714539,1.77799644579503,3.10971551618806,2.06921361783787,1.24296201515531,1.71988022019532,1.88873498115968,0.889987010127002,0.461683073050969
2.19406728502391,3.36435955488298,1.39497130346932,2.48025381914057,1.64876251278396,3.2601683648188,2.95467516067255,3.77236879766391,5.65098599468661,0.503669509068396
1.25591773549242,2.95642526948801,1.16817971804549,0.70067525498141,2.68826390974544,0.619454355536804,2.09531559388863,2.31064068434256,2.39546136810181,1.54602044356995
0.651955625894403,2.70366831128855,-0.116422075177597,-1.30846844378548,-0.366099101160229,-0.24668950648815,0.249186144766742,-0.475173164302245,-1.28032097678059,0.48733503903552
0.312294835380871,0.526684424359922,1.74847633181936,0.577859696208805,2.37857318832574,0.0786285839659601,-0.697449153020467,-0.052557089966347,2.40238591623226,1.72542002057243
-1.06731504273658,0.999889598059779,2.20806852494294,1.73161296501478,0.791446039675906,1.58624902436621,-1.33911941187,2.62070726777944,2.29333820077518,0.977566537642545
0.136810304189372,1.07028430875349,-1.07830087057133,-0.966374539189063,-0.293658478168445,1.32789030985618,0.176924614504799,-0.765481647228374,2.39452386132709,-0.879280588910863
1.92632031254288,2.40961949336472,3.55748908128819,1.75936456533909,2.44028571031319,1.45304058484164,3.32657798040862,1.97121688895614,0.477012414973804,1.77107084001594
0.726390597935883,0.641302248000337,0.558521221874562,2.65984930613182,2.5669358877422,0.934584487045514,1.90089432128828,2.36077643903876,2.36053733743682,2.09100809319646
1.91114317233629,2.49933937846065,2.06259903133276,3.75207314327227,3.91748539424461,2.04651903640567,3.54582818973553,2.86840776472353,3.35499254340205,2.20077290203232
1.30333025733171,1.81338027033355,2.02413350059744,3.29237136728165,2.58824980363968,1.58093594732391,1.81616028449785,2.36962234675757,3.61615607803702,2.94198598935721
2.82973283259678,1.55359110869188,1.30740806236045,3.44681678704623,3.36588324481067,1.96104299955521,1.84426574517306,1.4242565014123,0.498035936359503,2.75430899147096
0.285874958765915,2.81501344091581,-0.21708932537641,0.352365123841528,0.118981561047147,-0.447149262476927,1.8969656056211,2.82926441626348,1.15578117009365,0.862077855455196
2.50072986362206,-0.0664524968516798,0.890541030659514,-0.157654188076454,0.745217765130851,1.48112393826626,1.21834494298358,2.33560665864454,0.909997481312767,0.912034372444409
1.07700207013534,1.88588002201541,1.19788738711781,-0.364609107387037,2.18626114502171,-0.116680033965761,1.53684180299613,0.545485286486318,1.5912597105276,1.01663279213808
1.7367259720557,0.868998992512463,3.26652300047022,1.91163795576324,3.86336839481113,1.61526657550683,-0.252517795675762,1.71975022360909,4.61882918908489,1.82771763153383
0.657665659352115,0.968880559309308,-0.482210067591486,-0.00313511675298006,1.38010359511684,2.18095307235763,-0.914938016825541,0.398302001662745,2.01852041245342,-0.637879910116914
1.20763916686576,1.23911935677521,1.02344319754387,1.25958678237293,1.30328072244657,0.860004944015877,1.53971598445696,3.13341288135705,1.52734815915885,1.43366303971202
2.27501789448206,-0.312963520465761,-0.019197630902001,-0.64413786406931,1.06218507387613,0.866351337125442,0.849612673727977,2.63044704070222,1.83827686126677,0.213361547989881
0.696636871068232,2.69240921426355,0.532614796492934,2.09321271447517,0.249434946044599,0.506410099676392,1.85776444068062,1.54642762035687,1.83638948846338,2.75960270073281
0.864429053238613,1.67644317555736,2.02322782759607,1.42642478331949,2.02635727504198,1.27660250884231,1.39100181159141,-0.476338559431799,1.65451769314261,0.699323521502879
1.73527567628388,-0.995192002844129,1.9651544755253,0.475484872421358,-0.0575377344628993,2.0311044335403,0.388522858470807,-0.47394198670758,0.710192797507885,1.58294020585672
3.35981217519342,1.57868909052053,0.539204495013236,1.31234118607943,1.8151213255752,1.81903631628327,2.15975427466432,2.23970167058502,1.65788023815642,1.59308830483274
3.93948859538793,1.71950219392934,2.10175740071134,2.07713848231223,2.08015233659743,2.77267540268965,3.21205927347115,4.26478361416868,5.49133228826779,4.69506664253771
0.159677659264385,3.20611849079826,1.05599980082079,3.19510261786827,0.743433817484355,2.82635631760728,1.0014705622926,-0.602138072148068,0.143532951232973,2.07645800765068
1.79118921157667,1.07552155380379,4.48104526936585,1.61352000295463,1.90138626067066,1.68946358001958,1.70968842869582,0.853316597204437,3.01190506670582,3.69577345232557
1.54664276610332,1.76026703923612,-0.201018760653655,1.10302370175555,3.42776423922124,-0.325039898356834,1.39121506946506,1.78736758751303,0.44017925360998,-0.3548284723505
1.48460841593413,0.735182782183866,-0.221281827762606,1.66767507596939,1.10868714377653,1.40045395295834,1.46739286283365,0.333860894387152,1.45414143716573,1.24420819570717
2.19692963129637,1.97817180503752,1.8221669706911,0.387333329724332,0.300892617832448,1.74065278548173,1.37081919214576,1.7091994824594,0.363935426866878,2.32952148862244
2.00291598246984,0.0454160045940459,1.11521905145042,1.26611850276388,-0.271787750055671,1.34837738614424,0.344265643997653,2.64139645055839,-0.457803811859388,-0.88678878865148
3.4391439716621,2.83176438846526,2.64957168542691,4.07726794096631,0.733330549234461,4.39522427599557,2.30939101444534,1.26071108357736,3.80003695493964,2.55138921424344
1.76682747638906,2.14899957156428,2.82535789004627,0.789164396888336,2.36382370032494,1.35041520421012,1.52440031999162,2.8144007692245,1.79821632179352,3.93563956282456
0.887257486679355,1.08850762896056,1.81736669192209,0.552822990174141,0.32706236513559,1.49133297028985,0.267389683242792,0.0160709540777741,0.762658278094999,0.838637484881554
0.581985505081184,-0.182376893172612,-1.25917720735389,-0.298526823840351,-0.799353079400993,-1.87514744649939,-0.709775728932491,-0.474426704346303,0.0751964539753551,2.26192804290832
1.81241199276552,0.306178271029333,-0.535267880536866,-0.815251885945889,-0.37448875462756,-1.29253434010003,0.239248212738572,-1.18271460695007,-0.282052825016668,0.39677504251823
0.332892949381981,-0.0251811359555494,0.661220872552451,-1.30611457279513,-1.38691162962465,1.80067223881956,-0.506581962229177,0.949010721658367,0.835617402197189,-0.530743791192959
2.35455925882,3.2595291138999,2.30789025303359,2.59980580560789,1.66109177766029,1.67644418127184,-0.0960028636930543,2.52571563024727,2.73642414875079,2.32017508437011
2.08682593955107,1.90081654722994,2.00155335239274,0.458591750339755,3.9933148079701,0.970815615768055,0.533221425244456,0.488177067294101,1.90617675998411,0.677900523453504
1.4757460505137,3.15275095608577,4.79366305160692,2.64510705657055,3.01366170616602,4.18052126014613,3.31333248621153,3.57992685841197,2.06328685930453,1.69228024897338
1.36191754719949,0.0712957144191984,0.4298935678571,0.0780226454833917,0.32057889252241,1.39404495529702,0.921905501687423,0.281128090508984,0.564938521025337,0.446178145124126
1.10057312530826,-0.327733242004977,-0.0943064655491568,2.00095731697091,0.103296172549771,-0.627958452319938,0.596706256284827,3.16165557651418,2.96418087540131,-0.00165025874321656
0.367054021515582,1.13069836710287,1.6083068507988,1.60934677670745,1.82994921789566,-0.0444847565188358,0.56400065966527,0.0516159910598917,1.0124427613459,0.439953207668455
-0.861286796442948,-0.590087394914549,0.855915950631186,0.25765715737452,1.77981915606095,1.21227029654949,2.23408683011516,0.800607520143324,-0.0197762847379883,-0.965658851795198
3.48405068818557,2.1011317138885,0.0227497656622224,2.68849334649734,2.27321920151941,1.82676026888005,1.50463314050572,1.18606051509311,1.22493409801446,1.15562268224581
0.361327041399528,2.17645170953296,1.66242323467177,1.46683766089101,0.320976883834156,3.34532262902629,1.06048867562861,1.88458023983322,2.53699456187363,1.46750015060252
-0.0982022487413152,1.00508505977831,1.187643304818,0.03363231139745,0.86723178822678,0.33754115836646,0.382737878831099,1.75754022799547,0.275291628139862,1.1438197626197
4.36356449647183,1.24344100053421,4.31605760417041,1.8069397363738,2.25976914628835,1.68989423433349,0.997743790621584,1.45615036370022,2.91743102668115,0.344837130364136
0.883988933655136,1.34958720559328,-0.465939036664899,1.64631661543361,2.37348072158584,0.00966129388285175,2.70013827717659,1.55475791952159,2.0534780029805,1.03694851560092
3.55141253221713,2.11995901192669,0.0255608851336133,1.44151177572565,-0.577253492852663,0.458091952952075,1.86689566989649,3.06484619596351,0.065191058006097,1.78864012666468
2.14191664547796,4.54066797961559,1.90065678110905,3.11226033982421,0.0024356984458358,3.14998198879133,1.8994582074383,2.71731333686984,3.70328008859124,1.59494007933372
0.552380528975148,0.579549976061124,0.836492160544634,0.800325277999786,1.46077768239581,2.8853476708305,3.02267689051367,2.55031540586991,2.30992637804897,2.32225976763278
2.90735552829477,3.20797977244875,1.31596251614009,0.730240190847803,0.820150857022593,1.38920247394103,1.57321786752648,3.35358484764203,1.38709804059806,1.3453782480728
-0.754270651560411,1.35974451573496,3.12738402154239,1.4327325744379,1.64452221408835,1.76046692114835,-0.012548303583283,1.71985301840051,1.80859955805937,0.771595334096973
1.13965525766854,1.85998458029291,0.941051837075828,2.37780457021034,2.62213734627212,-0.869298413127607,2.94003192727317,0.856318616032406,1.62535166188384,0.364554908820215
-0.271205449992355,1.80743366082011,0.823914832647894,0.759435208964249,2.33727881333524,1.21625523988969,1.52729317692537,-0.170742388907146,2.34762287135404,0.79740193266267
0.4629655600342,1.06329025949172,1.57727807179591,3.34755653636611,0.891515563535732,1.73249309200189,3.04496702573034,3.90576287698151,0.928579014601497,1.37986560269489
-0.212505829560774,1.30278582760545,-0.577078267697289,-0.403332938140365,0.601321573330536,0.663727583376941,-0.572622775383111,-0.345330210306923,-0.630864717324185,0.567323252325956
1.05459225963094,3.81813272058652,1.05710177840601,3.28577206649457,3.01940776464838,1.34898349116595,2.05276727603116,3.0519536572221,3.37350089869474,1.71299645195066
2.48031524262102,2.0750174476839,1.27325230620862,4.96422144191832,2.50240560071829,3.12880880630388,1.66179685301685,2.04847679042408,1.33299005338397,2.07100820680506
0.160044057657043,1.95307926197225,2.15989731926518,0.854810574792801,-0.612732299984808,0.666130459815331,0.231832424945418,0.594456400083097,-1.09858654548296,0.332515239109444
1.90859643154894,2.03479832604348,0.895973894635524,1.64838776140709,2.30106773171352,1.13054348984947,-0.829994980627159,0.83868925526965,1.14111308988735,1.35550035074283
0.159680419829362,1.08042382650903,1.54606748978921,1.71882551198625,-0.295706259161422,0.148228113070151,3.91228887246724,0.829688020188993,1.96451913560711,1.22672345754511
1.68478930027559,0.251961651182032,-1.00579219887177,-0.432655862469557,0.728701971337567,-0.110083577603435,-0.417354527340644,1.08292663917235,1.03609012753017,1.20394848819077
1.29298726031524,0.0748810834333126,1.21530601560445,2.47630613128027,0.618963458259101,1.58910414690428,-0.598066490412257,-0.27736307741456,-0.115442987845464,1.34479511793331
2.55078858174882,1.54716984169944,1.71995312498169,0.64463051682153,0.0714295077905455,0.86862280789291,1.5236633880094,-0.383651114324448,2.54707330588553,3.10806359753735
1.19782007494579,-0.529096664095155,-0.8259360242442,1.03562446346913,1.645372415526,1.72038783779507,1.58582127503745,0.950198008658287,0.512748103591405,1.16670488280785
2.86391598486127,0.0240315325470224,0.576581480631154,3.27549422181279,1.12300619536639,3.45504520917537,1.64246094102491,1.30910601698524,0.78798717686857,1.52727520130826
2.69850038672777,2.64991127115559,4.10525054216706,1.40729650185067,2.79550561643299,2.1499247319054,2.18524925338306,1.10066185728373,2.09052324429483,1.59575443133762
1.39727813246386,0.267707829764092,0.657098104291259,2.31942086119752,3.14236844447257,2.73409206638186,3.54492107437776,2.3590690871103,1.87904954723003,1.60065283430586
-0.0701862666102206,0.790799290275118,1.86321860928996,0.73132966697798,0.389775339392312,0.690572123017184,0.650747418152275,0.195988943843644,-1.59690133762445,1.84323143393175
1.62231204608621,0.287089160870396,1.363987746447,0.436679570549383,1.35575673589669,3.12467573006201,1.25746656222524,2.81651043692738,1.51060421661744,2.42306410520684
2.57396138044032,1.54431592487614,1.1933285042746,0.282437653485464,1.91093596451811,1.85860444226983,-0.359142672094679,1.97571557404222,-0.0854940523246568,1.01292611570304
1.77280332692444,1.03852176805678,-0.64064744803038,2.39965398612369,1.50013773842945,0.382530738858004,0.991264264243958,1.6847228716874,-0.326541380491129,-0.0712581895927527
2.53708617633628,2.96103671459392,1.52060527106893,3.85360863513121,2.92066745584789,3.07181696217148,2.82127531411282,3.01874495295074,3.72495347461755,3.33898301483271
2.03393205242413,1.83640490516732,0.887686227484137,2.30152879549599,1.05001874518143,0.445598168038616,0.313711750694992,2.59395449007465,0.289039307508564,0.464339787257188
2.29706653038511,2.85603485531476,3.39236714874883,3.24009526869528,4.25396052632708,2.89824192708011,1.5790112282276,1.58497898312171,1.88847049160485,3.12412518499812
1.98933340202619,1.87140941996779,2.81763635694159,0.878390792128304,1.77842057364974,0.771268957050717,2.77269379050056,2.48244194415522,1.45659215149847,3.15544958642205
3.14364354763173,2.16312605973977,2.27695524481256,1.50796806801169,1.0690932246692,1.23987092811398,2.66337363326551,1.21842244523387,1.25585678751744,3.42630409846258
1.54489190594487,2.22232546149651,1.492782614793,1.71853841769286,2.68824147095033,0.381094258886666,1.06998690207086,0.510484098215011,2.08069425319087,1.32076264288398
2.67382283387421,0.967741583708257,1.33178233336506,0.604741334419179,3.28892907740727,3.22248151808995,1.91042363284971,2.32768007283314,1.57330459952946,2.2523617744995
1.35278517691021,1.57760501411064,0.453912200729557,2.11985648239306,0.227742428299627,0.256157309257317,1.08839459118247,1.06010864945913,0.914039178523236,-0.295286595709712
2.8776507091948,2.51540116019061,0.708558204334134,0.449746969413821,-0.1631789621749,1.38490920545244,1.2046565798799,1.75524403871444,0.915746049212102,-0.833483927652849
0.116294071033855,-1.11641719842919,1.72842172769464,0.394901971025055,0.127574443952248,1.49868519855903,-0.218850040414027,-0.731258369771293,-0.423568575084865,-0.461190619377406
0.989151119168467,0.807311352368739,0.436975936521561,-0.949021351766771,-0.293796530011362,0.958122622462518,1.99322305854282,0.396469163647839,-1.77804126176275,-0.425237634770931
0.583909957776702,0.48913830608215,0.93707972013967,2.17251900367136,1.24711832901534,1.11274515151906,2.19924394643858,1.01886483245602,1.14243108337336,1.13629119013044
0.173731796147723,1.38188465761007,2.35750556131834,-0.186958096853737,1.76511081160113,0.992604675857424,-0.244470217495288,1.97310917911529,2.29043241678569,0.755137503433015
1.96989011673387,0.660493272149621,1.25898246293212,0.951126584344805,1.12359012788366,-0.0815466651946322,0.804910020732802,2.41763321789336,5.77740692574527,2.63491114696602
1.54004361015807,0.811918593667466,1.86598602814145,1.18028076996318,0.53930528043317,0.832966084489798,1.82841747816725,2.12143674396673,0.176693133218706,1.45493675965951
0.689138438351793,3.06240015755044,2.69170380208043,2.74576180837728,1.75597474484688,1.74700506862275,2.14915720841232,0.367750686774669,2.87613958964074,3.80419864504015
0.841673979658658,-0.413261361513829,-0.740751970675252,-0.226268666470443,-1.86982759343667,0.00330399522242415,0.392118705957658,-0.0854033385416112,0.240337970739085,-0.159512006415877
2.64856119111789,3.26426112892153,2.53415672440054,1.77445946945671,1.06873129043226,2.17105872288864,2.22902945818157,3.03500962464883,2.41091951927033,3.56189253989774
0.817891616588685,1.09259042661399,2.4170262907845,1.01416623911466,1.11560675658682,1.14303824185843,-1.03620255017545,0.92950872849757,2.18531451024335,1.32586489580153
-0.359076447340915,-1.73244027836939,-0.0431218324090528,-0.335759692658819,-1.23132391400503,-0.747950877579957,1.9080183931194,-0.081244010498535,1.44179552372794,1.21082457468435
2.02340619161379,1.71547039399422,1.84273582010786,2.74030535398104,1.70289067763515,3.91513137042204,0.547720411175743,1.91369327363783,1.47761522241865,4.22481177737995
2.36762464516756,2.20388970196684,1.01118096445134,1.27250041594493,0.915837618145448,1.76814097846633,0.779344930296836,1.2347552036588,0.189734115579802,1.34471074857403
1.26003047031896,2.09075067949255,2.83979853727623,1.77327736812753,2.20146725572029,3.62179942408027,3.60563218895545,3.44144185725932,1.86777955373753,1.8342977751573
-1.64905567696067,-0.423995168043758,-0.450525249573477,1.25971462125906,0.0784270844466133,0.0881135249743175,-0.326000517368847,0.877303528787576,-0.511225329043279,-0.413352351615497
1.65948066647442,1.6511928277421,2.66341741294789,1.34494145011483,3.18953490524733,2.66071375626768,1.94964380942642,2.63439315631496,1.03896971284136,1.69881123877113
0.452621087865067,2.2771076465593,0.783093684262247,1.01959569718115,3.06535649858557,1.67152666229586,3.62443495368726,1.09110977204357,2.21802463840101,0.982698493525095
2.72773326588807,1.29841742963994,0.316261643872351,-0.298026903667759,2.59353685152043,1.80615811529682,0.0508322747353596,0.644836202514607,2.58781107063225,-0.773438277543889
3.1715284758003,3.12728650026348,0.222775022071431,1.23920764830658,2.7122721800659,1.51738780063118,1.65816242672667,0.952296170062575,2.99424663685572,1.62113688579934
2.12958879011858,2.41054407993633,2.93192836525178,1.89126137336821,0.416048755748424,0.436774303040895,0.539864550003758,1.07580021056232,3.97842478380259,2.30982921900761
1.36413731152931,1.45364993837284,0.919866280907943,0.366116181188599,2.74665754142091,3.52736519197773,1.46490582181259,2.88889465923941,1.65681073298112,4.43957062016581
0.237242253146367,-0.304308783769769,2.13968991189149,1.24735127533348,2.29819964469876,2.1728940761129,2.92729383643518,0.799500019318027,-0.495698743272097,2.72715869086289
3.702892442569,3.0894604698282,3.64210911812357,2.58422365946969,4.22626545484079,3.82671888765124,1.63965392388084,2.41644185634103,0.798002366991251,1.05842797997616
-1.16357082560208,-0.383919808635426,1.1147382628286,-0.457444976606876,-0.207335035784834,1.3468954448799,-0.609530683319439,0.69814438895743,0.883095517288854,-0.619876114990235
1.06141876127607,3.60328069299078,-0.999654321754839,-0.109475561600052,1.23421668984559,0.354269278941484,-1.77006409904764,1.44588330541734,1.9460367165386,0.00473990113071088
2.95257752520484,3.00212405604181,2.37966512788534,1.30732293968435,2.53783953113104,1.32948920013495,3.80917988871147,2.22723652041504,2.21815373137729,3.19573098767112
2.65047774392307,2.39225720806931,3.36300599453731,4.02715222079302,2.12759727456411,0.826159955608483,2.37700740782859,2.98773719018486,3.43269759133498,3.05763923505454
0.0237825564422019,0.488065758957262,-0.928979757616586,0.413869632770791,0.197770494471121,-1.27978458243339,-0.189155689556315,-1.06041989835579,-1.29188528053601,0.440582703072712
1.36109926253071,-0.625178398862362,-0.517753438084301,-0.710131719736186,0.238553428191416,1.31076687855351,0.928468868662767,-2.2551692018842,-1.00246172778185,-0.0755295504598292
0.187511830233562,2.50759104520998,2.92544366375494,1.50922270003709,2.34798531031431,0.922852671648779,2.47980496714374,2.69985123132988,2.85234233575923,2.32412977705367
0.0486501385677371,2.61993487127561,1.92727722743631,0.414349495669316,0.13639807018091,0.465616753324649,0.421600354768979,0.483416153514666,1.82499659104076,3.56165477181116
4.08728913199581,4.62384070517516,2.85088893845041,2.00673069598232,2.53268846974209,2.00684666250006,4.14760276482893,1.58757593490527,1.66438508833282,3.55611446995467
2.13684358246321,2.73410157454279,0.747110256654726,1.66513843840416,3.61528228537728,2.45279612205634,2.19218866944923,0.88217422077006,2.13193702712478,2.51222224708359
1.13887842491087,-0.659479763989187,0.390160600537004,1.12164642563618,0.293896168489314,-0.311877408969347,0.204651004973523,0.930479723985688,1.21520202838232,-0.865647331701884
0.535235131173822,3.62588964766034,2.71581400620017,2.645195451228,1.5231368918481,2.23220179362909,2.96367823763151,1.96217295357711,1.80571094914447,2.23949532069429
2.65458785434731,1.2845218357132,3.1800822725796,2.90977551570642,0.103075250403166,0.349501924346078,1.28646548424151,1.18256725034605,0.408596458708601,0.27262214618601
0.773690050527927,-0.976509386142659,-0.467151838498146,-0.28319607192168,0.517739007822576,0.747094707281172,-0.446255901429258,0.137098701442484,-1.10921745474251,-0.457401268545117
1.31235355660119,2.63942248122752,1.86582276027596,1.77508055078909,1.22229119375076,0.593388507180169,1.31466697903884,1.93607165240011,2.03348921463723,1.85195457082451
1.9236250502091,0.249315614839023,1.72967914773138,-0.166002604859972,0.728448352837444,1.14533514352153,0.375232345100034,1.97083277388438,1.36347674587451,0.942346425829483
2.08472427288777,3.07692083675296,-0.451144566356844,1.90455339701177,0.753698174983197,3.30788964002017,0.205939004719495,0.595850647060411,1.41138102883008,1.39119152517353
1.36010251122638,3.20150864491547,2.56406999181417,1.82191285448865,1.5554427850899,2.59816422059795,1.79150356227416,1.63922189179538,2.05873526741532,4.0907485102494
3.22376271209825,4.12937282542346,2.23661038985054,3.99626924067499,1.08375701924472,2.43710506909558,3.28262125906079,1.54614510123268,3.24978491434553,2.76014516443766
2.503575934305,2.69827746293939,1.08620315091288,1.94652773806305,2.74689110675307,2.37247779078825,2.09982200380724,2.46035687932714,2.39852976569708,2.71502802258427
1.05916331163138,2.41658617070454,2.3749504375455,2.21723959238352,1.76509482770365,1.18384987917926,2.01298247878758,0.255585313463677,0.757164447040232,1.43227444519185
-0.687239608217931,0.217628409742833,-1.05765815398347,1.16794495986874,0.301191100627525,0.901342320272097,-1.23856713321175,-1.09495567414986,-0.562761153374603,0.288480514933506
2.09652546979496,1.42899656340832,1.3795476420421,0.932727269298142,2.67219426975995,2.05161607768041,2.04907371424864,2.3224054159948,1.26170644775841,3.36838617342423
0.748641845235797,-0.145822308924834,0.484103388352318,1.73858995519956,2.12323694877996,1.55660577325052,3.28344239516495,1.3097012779821,1.52496418952008,-0.0931481995818566
1.8691717730095,1.15335659621671,1.37038754682548,1.22297469122249,1.23456281779372,1.54779990667237,-0.0419369546998394,0.777429732538967,1.75616810638379,0.539957844530418
1.42680272930866,1.62355631215141,1.47544264192376,1.71564067424648,2.12320576079016,1.27508010098325,0.64619055926329,0.146314453993031,2.03302269030081,1.80404357226175
1.02803529592889,3.2947899420612,0.925731339176989,0.996807232607762,0.458547312936774,1.42434881344202,2.54112796994437,3.55140773130408,2.18399118819608,0.993816502289193
-0.0977083869775399,1.6401599482192,0.304910861348602,1.83724400044063,0.391809756663213,3.31663454070015,0.806079960325537,0.6590000900483,0.338887788472575,1.79850848504365
3.34865344124335,1.64543945525576,2.99909721527501,1.07477888461541,2.17558650455328,0.566240886583736,3.26611512992663,3.37111399312718,0.998562094170865,1.96932089383665
2.70357182948206,4.37439321652655,2.71643801178832,2.1788815078181,3.97181597487256,3.40841461084121,3.0952353733183,3.88296267413681,3.76038828827193,3.10432088192459
1.36021777987893,2.88674581536309,3.44869469379817,3.26815068970104,2.2876865972907,2.46309663373342,3.54331835480139,2.83609398128164,2.55662777569828,2.82477875769917
1.2676847511523,0.915329285615819,0.0624196606460733,1.31527633572501,0.997128102001382,-0.0759603480652269,-2.79386621149984,0.760836704807586,-0.482739001670491,-0.340184975402768
-0.280442964132591,1.17812292039372,0.889368179880861,0.841769715672512,0.103302445034576,1.70625712553949,2.52194116455179,-0.418692784873956,0.408952963351767,3.18254360409531
-0.108202004598603,1.91096502908596,1.90874330441993,-0.533765074289581,2.24707660193559,1.08724054276013,-0.963216373440263,-1.69580983998596,-0.72492205729857,1.06732464710925
2.8096160166593,-0.229403432216825,0.13171003190411,2.43011124625625,1.12375872096471,2.24824876297826,2.90701090032008,0.368704353684071,2.57488497623896,0.458702514713186
2.58589223573883,2.38111506326966,2.45705214041277,2.59809084507157,1.36143352824515,1.33739842191243,1.21543871747251,2.2964573316285,2.98924676299593,1.98991502320863
0.222213536547887,2.21536868806251,2.0550337459028,1.6512385700561,-0.974933181080849,-0.416784437874238,1.3226640887595,-1.46549213406409,0.645437390440871,1.75082533570355
2.56766658421594,4.78639061423071,3.97202045761539,3.65521926316077,2.9212921914823,2.51705029281944,2.60838154432665,4.08006696294237,3.20315796785486,2.15891820872948
0.237661252596784,0.143746958452212,2.08846248914324,0.317380542574381,0.389386769658054,1.32536767477359,-0.898175958687394,1.13618882913922,-0.296540712466022,1.60274559579734
3.11967077859269,3.81755807605916,2.55296046876597,2.91226343337409,4.02044179992177,5.48290047240251,3.96794661881235,2.42245066760865,3.67844649199923,3.93524388347407
0.269927276516778,-0.20410265384418,-0.0887022858744492,-0.607425930896017,-0.985901468471653,-0.852166801112103,0.194938572964759,-0.857393390884999,1.45270564927176,-0.396299750194924
0.602372071294035,1.18606097520358,1.31827717620113,1.11790544917581,1.16591047297845,1.26186934630936,0.359290839784338,3.24083738850323,2.74605106740223,1.26687376482345
2.54541786391778,2.07520855528304,3.69201799666284,2.22444062339778,3.02656961432346,2.48266862699215,2.70712773069841,0.245918396362599,1.96153202871246,3.40295922400341
-0.223134198723794,0.704028944374021,-2.03148973760413,1.34018124140011,0.65658793752648,0.342543690838651,2.02541299193261,-0.745620538233574,-1.12897890960784,0.492125026386714
1.41684636824205,1.48130119128516,2.28943122956446,1.48560622088937,-0.344352501146793,3.91354648386155,2.18709813646425,0.722172354629673,3.1814289648368,1.89200279931652
1.15742861199789,1.65103947827331,0.366236692168604,1.46105607037698,4.13743948155445,2.00860739969436,-0.387191426955026,1.81449912675216,0.663103735424256,-0.315606419292341
-0.817530715595082,1.67424728182464,0.827310455764908,1.53518893852892,-0.716556764747319,-0.329536734241673,0.0203145226188592,-0.802330087245555,-0.589097126893781,-0.0285595287028003
1.70301051242277,3.71393448880044,2.34456081240793,3.58250016358232,3.31223736615487,3.36598063911211,3.42085246033449,2.96154107308535,2.07960158431739,3.64916895078013
2.92779081047084,2.07232462129934,3.31969001360943,0.51658801625653,1.43403496573692,2.91672695322726,3.32748630171551,3.64627866060956,3.26538296642887,3.25868580553264
1.82147221584541,1.0841489204117,2.3504954626328,2.20010089298399,1.31570394901442,1.97688663260094,2.4512801633065,1.23073332470408,2.12694615751424,2.36269861812076
-0.326164981775797,0.938258749337114,1.15886862343155,2.08715502343386,2.12955326221366,2.61968556198087,0.822518140182372,0.450452414203964,1.04915700960023,-0.173789594732328
0.0417498512371143,2.44749837255731,1.42946088992786,0.214198219217754,0.352340656693087,0.175259277753926,2.43494570202945,-0.132146791061678,-0.90775275268455,-0.00652137367840777
1.64172096901135,2.29337478874436,3.7634869904013,2.33984994306417,2.22206918882317,1.2832648407732,1.90913198200721,1.81923844883729,1.93587925306947,3.42813964426506
2.83966211642255,2.60479524940597,3.38613022833083,3.82010665164047,1.61144028489024,4.24465819737184,1.85460062635723,1.62967404285213,2.88768796218285,1.64172452750216
3.4407611553099,4.04447726792814,3.09846712121734,3.36796066182468,2.57434029322736,2.00477199531469,2.31149656576814,1.87164954977836,3.42020164962531,2.63801224763676
1.7449709174614,1.67320560019699,1.8987268132149,2.23917721929393,2.11240602082098,2.20587231421702,1.06970071223522,1.52302870735262,3.81910589184102,2.36141195071728
2.20763681716513,0.664534810681005,1.50882168437769,1.11575449398923,1.76295396328775,3.22337778204633,1.92313867036711,1.85435276102452,1.53488537812708,2.40507165936786
3.66203610283189,3.00226482177655,2.37934497369757,3.09949410642986,3.42299903174565,4.68790099353369,3.56236026610628,0.965645496617303,3.14361951908644,3.20038594881624
2.07640246673613,3.46633010105197,3.12032324938586,2.10948389979605,5.15368200501078,2.44850252969306,2.56594526688975,3.6623163288918,3.87788967866911,2.8758927400879
2.75883388088176,0.362177683569599,1.33874336726786,1.96754237671536,1.83467808842486,1.44037230832291,3.47368044691799,1.05607878902411,0.784389301515611,1.27967693880456
3.13559919150342,3.23959578518701,1.80756870288193,1.60203604735144,3.433621747731,3.80212795183897,4.85306365563461,3.54958817798298,3.49936123406451,3.48807138516411
2.29370628159678,1.9818790099181,0.916954453589001,0.970821288661666,0.971774907300033,2.70117835690153,2.15785739600979,3.13495765779965,3.05878492844276,1.27857142049024
1.16311166755128,0.00812655626125876,-1.13116626390925,0.925004246615419,0.52279660146631,-0.16335708833492,-0.558127938591728,-0.359455757472122,-0.173559299568453,-0.33426984222911
3.1689520137522,2.91378569869843,1.26420739622061,2.49017722821642,2.78765661073379,3.28669461462283,2.34922805331203,4.94419557186662,3.17025361962344,4.6002815396628
1.48192044532781,0.629310803052855,0.680157172097338,-0.199630744784824,0.222008526288822,-1.95364439435529,3.79693454287402,-0.0364429694301285,-0.231863094628731,1.53932903869793
1.3083745941807,1.6770451513772,3.36769669127564,-0.313827388526648,1.45464273610248,1.50140838782705,3.93691167081675,2.56739184664101,2.40061983832062,2.30043326635641
3.57903895371869,1.76671384710546,1.43495419904702,2.44901774475777,4.05586026026526,2.59055472043505,1.64644385648061,2.59062992202067,1.39824696795389,2.46109694506647
0.694271749221206,2.02867993106535,2.04626694936584,4.32594637219704,2.19372216907237,0.483734830867039,2.9158118025978,0.372161367178226,2.53273997325505,2.60125878399069
2.38774780115545,5.41312666777639,4.48507437313573,2.9759466705659,4.20367508507218,5.15594896238428,2.11474187781,3.28716826130395,3.37052406067346,2.66962716626324
1.33645211299257,2.03281961945605,2.49192101961229,1.69618635899501,2.33440033101421,1.2510042421494,1.06582016312428,2.96443411135594,0.290994095407301,1.20557556165311
3.2288458152832,4.60416742780259,2.90783474293828,3.27740131985648,2.76330236573137,3.84239769130798,2.50779795483568,3.18207108384792,4.75735559065265,1.1245735270462
3.31279868959357,1.64280659219899,2.75708170461459,1.93916361584234,1.04493331463572,1.25374302471514,1.73675133424913,1.58876011969997,2.32711237586286,1.38960758237401
0.865454956588985,0.230350328218314,1.21878410315646,-0.507575039805425,1.20162939820848,2.03438065233397,1.64753577454259,2.08443614814011,0.812487116220269,1.47863526805865
0.572977411843092,0.973228822327474,-0.139869783833306,1.01816987535881,0.91988592515342,1.15652120486239,0.968650590833957,0.0370800618266669,-0.314109465996367,2.67713087580053
0.691260934888529,2.13202525017126,1.24241527301997,2.03412076783656,2.27719361121843,0.752716354273075,1.08656043267986,1.36855760416788,2.28680522301956,1.40849196895656
1.32308670759183,2.28725357283356,1.7137597189829,0.380180000373955,1.97745788115327,3.21969472229106,0.950820737608184,-0.230266484505129,0.841549870748464,1.91067175065151
1.14827333158821,1.22596758863442,2.15039283079272,2.2972803630279,2.53847961204677,0.551384968714504,-1.24009374979465,2.18973031619305,1.55464291173096,1.12453787516648
1.2067592614161,1.98789224683972,1.7137655011958,0.467525536233039,-0.538419164151124,-0.423968668828686,0.50570774701473,1.09194826745794,2.20239683492483,-0.171727849254089
1.96862588039292,3.22802245869091,1.68871111630015,1.57640778619528,1.7472015595657,3.6846214920023,1.28091072579645,1.90264710231103,2.03297792097137,2.02963307987545
0.804186786294147,0.291691274306912,-1.21165749532777,0.295830912828398,-1.64631959246212,-0.657030493688854,-1.26480994587998,0.104497984315007,0.741487014836305,-0.215251351889871
0.544041716191797,1.38163533446655,1.56966084529687,1.86102132985997,0.242256555726214,-1.04056004345294,0.421521455628923,1.62935267652723,2.24883047039107,0.989664896307502
2.4048617847116,0.204518691667663,1.75492459357767,3.57476535686414,1.6801139581969,0.156724417397027,2.02982374147119,3.03798749238627,1.4221767300017,0.969973678372387
0.675805594001701,0.25895904197442,-0.831034961339725,0.372299684737186,1.38058241539014,0.331288543779675,-0.424855589092749,1.22285200661464,1.9282711739506,3.7210679818265
2.53837827005844,5.1446477929561,4.88798442003372,2.10421772930385,2.67419758635344,4.24632926374456,4.24116477574495,4.29427986215014,2.11750816698056,2.0257319708216
-0.731216633696759,-0.675538016004645,0.124015576078639,0.931289728917763,0.269453599920345,-1.55516591941084,0.0223934041571345,0.762559237399401,0.0518353857153847,0.313204864603159
4.7062684712611,3.15948163744904,3.25572478863831,3.83291091916152,2.43246840243176,2.35059379955801,2.9268116644422,3.34101218488267,3.13153205983298,2.40242009926456
1.83165633028847,2.2309205088208,1.25793251224613,1.80309698780771,1.95684430041568,0.99074290525926,0.318224981806619,0.614783550748306,0.824941117926642,1.08980600524422
3.45366249375712,2.02547276341447,1.51800254779175,1.69909208209351,1.22452810812998,2.3749363192308,2.99496971780094,2.00623107140458,1.46976826377117,4.71634416951302
-0.0225124472927358,1.42625621133478,1.12584587385011,0.476108315952268,0.640337857791194,1.13889614638327,0.834149902014887,1.69857463583465,-0.593041078592213,1.88005145587395
3.00412453765374,2.61832151972044,3.1985380493919,3.20364032037362,2.25015310947214,2.71520394658472,2.68246632856441,2.01314502859027,1.64236669850495,2.63247214154584
-0.228995181953822,-0.0893843492113335,-0.931621442702357,-0.616700545217567,-0.639323633117092,-0.0755180798643963,-1.3228206750173,-0.848988953413686,0.596875236011872,0.153297572299617
2.27393041870772,2.18976687994426,3.38840006186524,1.48652740485327,3.89460002352704,4.69957659985422,3.22627066959214,2.81265935611402,3.59494669927889,4.08241017308179
1.44031026541743,2.29786825299931,-1.69251077898249,0.640266074423309,0.685609970247055,-1.15330142325131,0.21543123270091,-0.51476689360339,-0.0688696324711971,0.300112764878999
2.14045673603535,0.515565580465159,-0.12840516919821,-0.278621379934249,0.450788728393072,1.1157197091081,1.62534887304005,2.6561569102773,1.14543398570721,1.42282168733494
1.26629220788972,-0.577189657792464,0.756185002962468,1.49162247768576,0.599157802022986,1.24331533370323,-0.152299404708897,2.00635904043242,1.02724642957709,0.162189287313669
1.31858536977292,1.07613636432173,-1.14664603533506,1.41535883264428,0.116958438414429,1.49827693241625,0.513175864345181,0.311398503307639,1.59840164183607,1.03944614568812
-0.0617270975481823,1.23497392824731,0.896116106008489,1.70717030301021,0.586214662442522,1.05285875137156,-0.394585250243888,-0.199389635271411,0.290324931115921,0.391689056585138
1.28304772800956,1.27538939407639,1.3468811669855,2.21191555997467,2.88097480346512,3.45114190254204,1.9270676086381,2.99765189669025,0.235268540041972,2.62797559479174
0.582420642907716,0.634214610400589,0.249096432804946,0.604747986815249,0.344335799668015,0.778429264875996,1.79438144275067,1.54571262827692,1.86816260483534,-0.224360956489219
2.49051870884178,1.85598810033003,3.02963120885953,2.94704623094021,2.0958057071323,1.90146706354632,0.945496852345789,1.51672157935993,2.84336154162272,2.44343905725174
-0.637776369447529,-0.473251225928841,2.13017766192181,-0.239669775037809,0.213065828835756,-0.117156375175932,1.62076895898172,1.52757234811673,0.715805468215161,-0.490136825462191
2.78121459039308,2.43684919235139,2.90948864006889,3.31585105574626,2.47395412017064,3.41356801366665,4.52312182348543,3.10233013698728,2.01342798421993,3.17261561316418
-0.513722772249176,0.618430492345248,-0.488352616638662,-0.0594298695124475,-0.478104497920525,0.84266355247007,-1.18028618074064,0.805616013387779,-0.268504515484268,-0.698792673004371
4.04358309691154,4.24833488663005,4.8420661302314,3.82897369168729,4.23149638959365,2.59701135986481,2.42760902607201,3.48792303902863,3.13041417012186,5.60950767908671
1.59394732151189,1.75776843606918,-0.381370524054696,2.37569217291929,1.05553074973502,2.1149035698433,2.42828538801923,0.728817500683499,3.70888213116552,3.22517545699151
3.06156384590929,2.37759356500277,2.31744556744539,0.389372865333877,2.34752896787581,1.50698402701549,-0.0816380531209759,1.96732145442544,1.6357072218027,2.22991503708372
2.85462380912535,2.39821593738594,2.29306999982568,2.25725427165118,2.4750957972379,1.87341509991511,3.86749353165174,1.95690010662561,3.54740526213754,3.42144328779251
0.571861142714999,1.76298997039148,-0.185051032279538,1.45703066709105,2.43893643257502,0.848902499666854,1.72081993186776,2.29338095295163,0.612335117474237,1.20556169832675
0.134803635328404,0.168304508478493,-0.776311366236445,-0.15846773585867,-1.11134415898405,-0.625856484709806,0.463448518300161,1.92685569412542,-1.32553664664974,-0.387024007063536
0.237167948540298,2.6580928994939,-0.929755163981297,-0.183770364721318,0.916282875440466,-0.00999364031752514,2.37328836003288,2.69854826747333,1.43659216475369,1.03661594598054
2.44067053638674,1.54223228531951,2.62748943462864,3.24266816309371,2.25807117288023,1.7492577110714,1.47867697952027,-0.584448902731737,0.369475567698193,1.73492485377812
-2.02960399157457,-0.92513029921468,0.723126350394939,-0.0818961554096678,-1.4618088420621,0.878615218377711,1.98037526083183,-0.831999268833744,0.334804838903358,-0.695434630192032
-0.446279979716691,0.638135777120087,-0.119236256721114,0.33651042703577,1.9900077793842,2.09385407090208,1.39530791057537,-0.0210249417164026,2.32058774861618,-0.00418741650993271
-1.58016811837404,1.67520126941663,1.19482487590621,0.766790513605429,1.7969694166484,1.74382243635239,0.431476254768294,0.729842909415288,2.45966668256221,0.244291672346183
2.38976978182973,3.67811001826654,3.76600091768882,1.7984491804634,2.40025907477003,1.0807092534769,1.50744896539251,1.25024650273588,1.10084074005951,1.97050183128241
1.75231187132133,-0.142879254785139,-0.59985430775583,-0.264670316866774,1.30744485328958,-2.20904558526911,0.24624278033111,0.261525204781086,0.422925766125557,-0.693822825419228
2.51390155017608,1.95559215847148,4.31837130911509,4.26494049666069,3.83758377603275,1.73267740216626,3.39449750245704,2.60056211344426,3.69115062016597,4.00696313360143
2.40441131647841,0.867785443278827,3.35132306343744,4.08414099576865,2.9901263150488,2.10293327164563,1.21249074655347,2.4889094278669,3.13498026825279,3.51005908666803
1.76509284346401,-0.630992226503563,-0.476680048622647,0.843704496890823,0.790848425228257,3.17718809726998,1.74174812335267,-0.403871399485251,-0.382549513365153,1.89037673199968
2.36690826960043,1.71119815260038,1.50071511745332,2.28552322430043,0.945369794470615,2.38802120870424,0.854415506793295,-1.11049798836783,0.118047246542096,0.138272304133826
2.59717074930828,0.0798279219846734,2.35990690196229,2.28301260945599,0.770170858268903,0.830923132627833,1.84110771006271,1.50559562528961,2.9379398638741,0.646392080725139
2.47903037070196,0.341764277428565,1.10535961481329,1.45039764122526,-0.99456443434119,1.93914294270666,1.59750944306969,-0.082612221826994,2.31103516061272,1.90097023834778
3.35651283466525,2.89582676621773,0.554914153969783,0.399196496689924,1.63684949754816,1.96427268430851,2.76081320864288,1.30605947412664,3.07008999895431,4.02923311902186
0.666740006531082,1.95735664651822,0.996366090411845,0.503751735220245,0.86319081071909,1.45321457068913,0.951927008632265,-0.291865493689299,1.78256763494642,0.87941633132618
0.707055645864133,2.40225696460227,-0.528364033656455,1.996088287904,-1.18197519269063,2.9178314588094,1.12370978570553,0.668564627204378,1.15142067547979,1.11585463664606
1.3134919183194,1.06230576059968,0.242616606962669,2.12838479323189,1.05785088761327,-0.504970872699826,2.63748542543655,0.0188224001698604,0.227801704107804,0.855395847247069
0.0817738072356647,1.17921195780022,-0.0734058799448241,-0.285043021114279,0.442049686977096,0.519002316102108,0.489078608557388,0.94698019643018,1.97846855024596,0.707526967467104
0.0313249546713814,0.659168963517383,1.4022939012329,0.279750304224075,-0.296112311369983,2.25096267320194,1.24008399861307,0.199141526417461,1.6460977198908,-1.17703554557265
0.530825550245286,0.901492945926303,1.56488872429601,3.2080869281002,1.73264270586651,2.47586828871642,1.92085386694443,0.511649989786108,1.91169099543116,1.32659118285493
0.100307285264234,0.307238785961584,2.35626142723168,0.648574705074273,2.01144954442927,1.35205109297231,0.611422851512835,1.17592939769008,0.794336646333035,0.26828723087762
0.54607294593134,0.55175172431887,0.224592871519812,-0.338180824977271,1.74988657014456,-0.00225574833194622,-0.315273157909581,1.01660140102937,-0.10929027521624,1.04722519533962
1.64739600413717,1.11147484916039,0.018135423085237,0.0950411517581665,0.331345089469733,0.317280330983715,0.384023382909061,1.25701471065064,-0.161955750118491,1.78352590778926
1.38346107563528,3.13011344917314,0.265649343532824,2.50289840537555,2.03694684986536,3.27421988845087,2.85663107061435,1.72365007922699,1.12356640177212,1.67070217554388
-0.692289656926154,0.127711939726154,-0.68074857738097,1.23394047922994,-0.279250358157265,0.37184172966834,-0.364061261913561,1.3062836556451,0.764672582638541,-0.439832037178285
4.22040349607828,2.73172683410519,2.0330390982282,1.50945295351587,3.24478193724508,1.52327288831868,1.74678027146345,2.31173936223598,4.82964473467115,1.9908196165878
-0.663838596364976,-0.663567135801128,2.28888541207338,1.13164014883628,-0.400542885164243,1.82753555546569,1.47193362188646,-0.603672581488524,0.807548417648426,-0.300413223929033
-0.857334135416164,0.529379127770346,0.886933468027705,0.982359769122762,0.84902948483128,2.28063156296106,0.89255445556364,4.08758971062654,1.53278157390683,0.744974603880918
1.27817024771502,0.419087625980476,2.49054804990007,1.78168079041988,0.783090519437677,1.22174060118953,1.23302920467903,1.97655873856611,0.909450832517105,2.33708624899397
1.48376009321122,3.76134076238817,2.19750819910626,1.95357969796196,2.55399211912529,2.84573516127099,2.93222681490886,1.99797270497117,1.98655162424443,2.35013092761927
2.66044499295087,1.46013503333719,1.60858000751593,2.80833670835763,2.54383903344153,2.62526163115749,1.4550861462833,3.10000810993013,2.52277533615104,1.65922872118878
2.46162287002812,1.51849569762503,1.84276755914707,1.47495513590269,1.08069588745369,1.08425414990451,0.721695981481889,2.45575197921221,1.0638369027062,3.01023560515168
0.680637797362137,-0.154128446143319,0.180579436902368,-1.30019060404718,0.977467062455552,-0.419302606010578,-1.48556552986063,1.86844570790236,-1.03321118120175,0.792801568678255
0.678333368054678,0.751346697148913,0.145248829670414,1.1588460280173,0.546466837679132,1.78690165089139,2.81105082762037,0.0597682834061957,1.11159592769858,0.885138375208369
2.87871488567813,1.15889880045927,2.53084778098636,1.43030861200099,3.16669847677661,-0.914640602177705,1.28777493157294,1.7800604463533,3.60346660391902,1.84196183146323
2.06572396949545,0.19382877889596,-0.890246077653803,1.0603128624489,1.26960214834045,-0.049354379028528,0.641237790578269,0.832855720338401,1.09831104696913,2.63775052275853
1.31743499757914,2.5834860090738,0.298061860335709,2.0916258698759,2.2189642861962,0.315073530187056,1.80720000022286,0.445838183086539,3.28748114712428,2.02771388078497
1.32549426116911,1.91202403592332,1.90271913710981,2.99476693022962,-0.575156925188282,0.563514009887158,2.05172411822152,1.46503362892947,0.380864641354088,1.12119620334197
1.00386220401248,2.85640786972408,-0.163026535985263,2.88760429259203,2.42254481787436,2.17783584772087,2.62403825016974,1.76448442706376,1.72987197802427,1.5522329376655
1.55308670672412,0.196678979925888,1.26496161005915,2.42326699146554,2.71987956343475,3.10702671634102,3.51361976924387,1.94720489970294,2.24698338738805,1.68996842899842
4.32906890439628,4.25836780928871,3.16844669287166,2.39913938169309,3.06785637579819,3.19699742341506,2.39013260826535,3.68763909326391,1.37952844156558,3.93181384817706
1.11229917527855,1.03954385814862,1.60813440603805,1.50188296229821,0.810873946484915,-0.612878482452021,-0.735787300919682,0.967348301547849,0.896399255881324,-1.92127815697711
0.989737754298668,2.2868509643506,1.49532225320319,0.815018233966536,1.09607902102503,2.8319323756534,0.164363390721655,1.1966140304236,1.09644522779346,2.26527594952118
0.413060415213564,3.28674901938942,2.09443475180968,0.78426400507473,1.75900035472165,2.62950647869928,2.47004622492822,2.51029280600044,1.64862524534417,1.72474157132795
2.50469331854835,3.05146837869293,3.88150566874787,2.61147574541949,2.91156449832199,3.32520032811286,3.60544488921711,4.06557878864293,4.65082966144936,1.90384746551457
0.456208091509887,-0.228254249767736,-0.382955211413643,-1.13296239841315,0.305578428781509,0.594900887056004,0.868025436736234,-1.00694025309278,0.275392796809073,-0.0545765870556766
0.478500938151946,1.70161716889476,2.16958232551383,0.228505951854445,2.06729110506555,1.1345230868752,0.2316290631585,0.468759488417844,1.56616073868816,1.08932431483733
1.38876207904622,-0.721732237558555,1.01374634493088,-1.13733332691058,1.00473402399313,-1.76004231826594,-0.217871836784949,-1.75747232232642,-0.0905642122027997,-1.51069477590957
2.81724527697313,2.97027747315202,1.86199219031064,1.65250600597886,1.50325796561658,1.14457965558312,1.24030656032038,0.370705531544173,2.55914901453141,2.30360665412934
3.11127003632087,3.09772818787952,4.70117845559679,3.31504243417748,2.38520326267788,3.09522274216175,3.77224608776886,2.8101227592021,2.9311464009617,0.614286098460628
-0.879290378993361,-0.055830611483962,-0.73598454385652,0.38848229863906,-0.106832866042437,-1.59887245423356,-0.0889418599454308,-0.759569952539356,0.48202306540775,-1.23868255266488
0.693081705761333,0.777623005108551,1.7077485339493,2.66812412487733,0.156094296549405,2.59827502831702,2.1294448531962,1.91043521148687,1.99742467145119,2.6425476921999
1.6430948169434,1.61908871236826,1.4065259064416,1.39040840266138,2.98841340764973,1.53139846500613,3.65384141516179,2.01524298392933,0.450365045405541,2.29109770890263
0.693130670293328,-0.633946271082342,2.18426075554268,3.19762787446607,2.95878679537095,2.36381332187692,1.92472477589187,1.60885895312077,1.32434465620537,-0.777976064006666
-0.450733017049327,1.82766211681173,2.37643134133904,-0.432583624922459,-0.210416884205349,0.507678181914315,-0.466849193831835,0.481782397346695,1.31662705067068,1.02709138308441
0.480824064348179,0.661914160243896,1.72279832003695,1.49391255427372,0.408664605927139,1.09096554008444,1.67978812182836,1.80363198760245,3.89140085545134,0.368342725548499
2.30114029465902,3.28294877763445,0.88967376866587,0.308268844082105,1.33450107490249,0.769336434590648,1.75191793722525,1.73334282937945,1.68590214846652,1.28594772390991
2.67592556840343,2.119330399856,1.03649799153353,1.28546466410209,3.8359847834854,2.46829184479433,0.56463904574003,1.31194361011293,1.70590520230366,0.301872852104335
2.84305737299518,0.530609018122039,1.62354455494739,2.26636630481985,3.01857108236872,2.93300825472895,1.06977730622477,3.81827929063292,3.0921564573194,1.67331457696779
-0.438183051918866,0.281237895339896,1.49091585758625,-0.229633876240406,-0.895098916864271,0.455490709515702,0.325037061242998,-0.289578349480273,1.01936049520458,-0.629112640918803
4.20843852304082,1.40063326892661,3.2441215047271,3.99982741090349,3.1561477107644,2.88877264632778,1.94261411142423,2.61707995697656,1.93754443799277,1.33747166514894
1.47626529406643,-0.24516516624798,0.132613818435627,0.778539120346377,-0.254478238133407,0.0688074478319498,0.578641568333677,0.831374261473153,0.629172768863941,4.2566062355807
-1.15723401318968,0.761984292687172,2.61785501348436,1.22629151801358,0.670252957087521,0.567729941598221,-0.223772210686439,0.474720780665623,-0.866985944623652,0.896774534769038
0.228724712806358,1.66114366596092,0.701694650592044,0.413062189588016,3.02357047179386,0.0910486222326932,1.83828203297681,0.0964191325229206,1.22700387044666,0.933183852046932
1.53843377399024,3.07696702552588,2.34331761539405,3.64034889621446,3.92351201784489,3.32681022462424,2.23126176211758,2.77571220475014,4.62931905642358,3.45828827047399
1.86620300299942,1.53569909480598,2.2436046422357,0.206434201780153,2.58734568311801,1.51253385491242,1.41919103353356,1.56501046616687,2.4063056891309,2.06317583134171
4.33115224168432,3.79635004336376,2.46011062525994,2.89951914462,3.15089626720802,3.16337833054785,2.09174795839541,2.26436412977734,3.62992372744212,1.61889456053222
0.0316483832508495,0.158616203737876,1.72246578882287,0.690357028340005,0.484160969642,0.332988572041818,-0.324355553094695,2.64547608859067,2.01865124324376,1.60093307252634
-0.194490107167256,0.199765865322257,0.792463998772915,-0.522288749208949,-0.283594111181564,0.609438789374488,1.96702437993149,-0.30636096770533,1.48889816307396,-0.568171200502549
1.23640197159634,2.00363474085105,1.04188416674008,1.50963828406735,1.64682441588261,2.35120340607497,1.49784358455814,2.90682849683041,3.38939167459756,0.128739359648603
3.38034135789703,3.42258568394878,2.6851814078175,2.9524217624839,3.09283817486949,2.9251091262301,2.99633937563625,2.14869854514715,2.92507227939956,2.59679036690641
2.49277854272231,3.57131313868832,1.10801978415668,1.14665869292055,2.48615968478923,1.09952310881825,1.16318827559948,1.69988932797747,2.07721327083866,1.33866246394562
2.01796370269382,2.92770086395702,3.69314217735135,3.4689817579778,4.51854069431873,2.39130267550403,1.53048335201604,2.85965358089461,4.82858726597095,3.86421841692386
-0.765435688802925,-1.54253966743702,1.33683001020131,0.0737888037967777,1.06800862785664,-0.554427611689739,-0.305049559727377,1.33129870454988,0.414215097955971,0.0454859950647604
-0.757213090343876,1.7067519724812,2.12079607312591,1.56662587119339,1.93221427249884,1.70665240243441,0.21532342012519,-0.0357671119586995,1.88882202473407,1.32517521502493
0.306079378812941,2.93078723796607,0.70016806674528,2.87142715171733,2.30318379916131,0.28205212020115,1.83440578282413,2.07246260948164,1.90678315523854,0.609325462946469
3.66305922787242,3.23791860554063,2.47952467472124,4.76061011474897,3.87319265399854,1.28515514782266,4.25648430093724,1.92037395102623,1.23190772285309,3.44887575948673
2.53771047178218,3.23653109528568,2.18010578302255,0.477604848760147,4.20428302449899,1.37371954120728,2.38231270133875,3.37603258281459,4.06550242438029,3.64624160699339
3.41646470707209,1.46670467218249,3.04273753639432,4.1063758388504,2.91467818431915,3.73807349985277,2.63037558255966,2.31782948334079,2.72477720966813,2.32508070678861
2.00809360723745,2.05281751059249,2.98297321728058,2.34626130153083,1.41474627037062,0.751802496891115,1.00980069994463,2.74635191281364,2.83634573019659,2.88214890538749
0.237968819787041,2.14040579320791,-0.409431728967855,2.16006065202401,2.79963993887261,1.52632947621421,1.63334241263732,0.809266523046711,-0.232535812482032,1.36591798087611
0.141159050793284,1.02367953629198,1.22278659276259,0.0089109593615756,1.1416641143395,1.61165111892275,0.736439234366264,0.626634504711659,2.28295403920307,0.808663789518582
0.282294064130645,1.50328040018129,0.805560360132719,2.53068051140908,1.57017162605707,1.95338357146418,3.05629253868046,1.9406962989587,0.418540152097079,2.92329964222088
0.872495512380999,4.1137237522711,2.17458310636089,0.735751213541895,2.18717794972144,1.52673993318242,3.8493036885256,2.00914757710114,2.78444148308589,0.930798806478427
4.36688167285442,2.04552537179319,4.15386991842086,2.56403614462977,0.943563770761193,3.20647879610821,3.49062334384026,2.70296925395554,1.88994351203323,2.24905992780504
-0.61849513569663,0.85925364817725,0.876944394842254,0.17045343726138,-0.232772351262968,1.62695784098248,1.69745044272117,3.86238733962867,3.2238841842041,0.534534683047929
0.923724251684506,1.95856868181675,1.58724339947509,0.625437186087854,0.738885457981481,-0.227184170539033,-0.303953934640887,1.45594416879382,1.60138451090888,0.887198943049757
4.19113777002151,1.40426395324162,0.653680554145059,2.36537535081227,2.05592411802514,2.66473728884538,1.6688092980174,2.22074372930555,0.491377313604276,0.602535260793267
0.841959918877546,-1.00303146888683,-0.0459631618694172,1.39008047336857,2.24174390966774,1.17162214617818,1.1146213133206,1.56875518798642,0.880207550980002,2.29138345780159
0.566229529327086,0.886650008219254,1.40859141272301,2.19251178500887,0.817856255787357,1.86347081948914,0.790608660684541,-0.493624327416971,2.1532838834455,2.7109577595544
3.27470061343829,3.69205248393177,3.47794882640081,4.0108305902466,1.82862711442667,2.33394426560765,3.47773837028472,2.24228108752616,2.24437097239415,1.42810815640425
3.92516444150978,3.79569538042468,2.34035960443583,3.46475479516276,2.74662245592586,3.8104272437459,2.86595276503283,2.889198486927,2.63341593146326,3.66795069057258
2.63884487763458,0.0982690017471542,0.392130680287784,0.578149795509337,0.191906679748299,-2.12749019557293,1.80973356279786,1.07281570425401,-0.449794976484964,-0.789739158799141
1.2058435417804,0.333560882239621,1.16590566433085,-0.409066922238561,1.27750881264362,2.34518321700907,0.104957181904355,1.5797495086822,0.652993162177307,1.48874964305833
0.907019086679054,1.77890053581663,0.590700430442386,1.94230583565091,0.671283228401378,3.31214659952525,0.230679103870469,1.09823560372098,1.8135234364346,-0.0861920472281223
2.31637126788862,1.9398803706196,0.288015148561948,2.8217864951808,0.348520788056515,2.15382180259057,0.929709793372985,2.89179894417573,0.825499353677819,1.45179044554021
-1.28275281492687,0.079996681225028,1.19682646677054,1.68425507064209,2.20742145389196,-0.0657366517953535,0.467680898048751,1.05826893513625,1.18590616121794,2.10394287398339
1.70000329137744,0.598441795632978,2.09868109132003,0.496794967210285,2.56049558386827,0.409941587903684,1.62998477641273,0.996645411303222,2.10906781048586,-0.11435888115514
2.1834426388899,2.22563433926118,2.40202743423395,1.81715331227681,2.2719149134641,1.73317271610439,0.159429519692766,3.07450768670155,2.82541113747937,0.970525650595596
-0.720968854182975,1.50822126233661,-2.53184736348335,0.671877193459947,2.37191695014952,0.996942486942313,-1.01121580087305,0.147187712608852,0.408533898496853,0.727438895182691
1.42695003815143,2.36611425323486,0.98155865444776,2.71752952246912,1.62603441884225,2.17432311348636,3.35104979038383,1.74343791160935,3.8160870733659,3.00040536491572
-0.0725393908250049,1.41663001641935,0.86915701329927,-0.850788114046448,-0.577476269193601,1.27383337340304,1.78335073624606,-0.748366828632302,1.09366614593255,1.35858640168329
2.32811958195496,3.13711731525015,0.062284811909725,2.23536299791335,0.971822742647134,0.789625906016477,2.10116828039094,2.77154958375678,3.33716014665039,1.25596205043118
1.85604866344193,1.55170462001977,2.35488489308726,1.81797583771023,0.754250578790313,1.19322804796241,3.79551884486406,0.954159353939511,1.31999793097373,1.21521616540882
0.959365895536044,2.326710225071,1.08070281995148,1.55428318638206,-0.569554852581691,-0.456446141360164,2.12920189786542,1.5975946238666,0.721890613470982,0.192810649853507
2.01936721345009,1.25786206326168,3.10866847802623,4.21014721534668,4.39603069064093,3.05831856423958,3.09985206491271,2.55844948679766,4.2569920618436,1.81405464300064
0.557112493666769,2.28352844139688,1.21356826488937,0.832426681814221,2.7741475957839,0.769156944076916,1.21435305035788,3.15142503129331,0.343149259205612,3.00036194632032
3.4624121775433,1.56314499369113,2.34430754788277,3.70153259072206,1.28904314782258,0.858463914463477,2.99497700664487,1.38009770254043,3.73979632782692,3.16238601843514
-1.51803914187602,-1.86921953725455,-1.02498719790923,1.44732392778085,0.344364054621591,2.06525324406458,1.30517005403578,1.06080730656533,0.255060836688309,-0.15117756161479
2.94184166598716,1.97254555437855,3.92882776753665,4.92518407143658,3.78830677564865,4.18949063659052,2.55330384960686,3.62496711650878,3.34948029179202,3.45918884184384
0.707040121132913,1.72210244091991,0.503918940701528,0.918594401483952,0.447068424388564,1.1555023653921,2.51365666030746,1.33551610288869,-0.687230607043191,0.420224789972743
0.62791507118506,0.907765177166083,-1.5895540120075,-0.452758693720785,-1.28859223672008,0.804851003076863,0.344848120579287,0.39301059075409,-0.356359839165772,-0.303484075929045
3.04304370900563,1.57914158025979,2.94896047030851,3.2412860558197,2.92952138118769,2.71971250870159,2.79560470192132,3.80047277036026,4.99281621970784,3.60978031691432
3.07982189860792,0.101798642168733,2.25528554100434,1.13437442401251,1.5460696282926,0.29768406731431,-0.459035348360304,0.335388709072071,1.41016143642188,-0.0569242627183335
3.1231429330484,2.83550517585617,1.2167634667339,1.90806226033806,0.994394514494702,3.59318063378104,1.75238938725619,3.26863026056752,2.26169395645302,1.57861749172431
1.86991266409078,1.07596063832427,0.466494351513598,2.99318658367045,-0.210791219570749,-0.123777124571883,2.4382327880722,0.174997724146419,-0.201177123241182,0.574722827050991
3.02205355856409,0.519816411371558,-0.53785785657791,1.19710373497769,2.65176621996771,0.694349719544155,1.9635405877018,2.14038590278143,2.97264669122877,1.19944805850434
0.720036136974253,-1.29159508189274,1.23555188823829,2.55446943975839,1.85207592880316,-0.331326296828647,1.70711589665113,-0.382589434587112,0.511588761752502,-0.142009910022466
-0.0149458137998852,1.76654346267281,1.12040503693516,1.20988719441837,1.9024210015107,2.14081613106516,0.771715110360978,1.48917330221776,0.185748440872926,0.584529009593254
0.625386285058901,1.93067614613016,2.30659394603573,0.995644649730587,2.35723547501442,1.20056549381439,3.06451583536781,3.17771465907934,1.9632794034539,3.18719265434485
2.34231180431468,1.69243335829792,1.93154677743359,3.29970566530474,2.56849397576222,3.49278538897572,4.34481276062128,3.20484517365846,3.85379452493754,2.84730156284964
0.482348451470554,1.75128462221153,1.918897919441,1.34919046080577,0.867213661200896,-0.284564370600495,1.47541478662811,2.04002606272536,2.03023382485369,-0.187880311965275
1.08889204668369,-0.180548186655276,-1.25500390690087,0.0996216011589053,-1.12413676203749,-0.504056456781561,0.589761289478645,0.144065714735563,0.454879088412514,-2.27747674446131
0.479811444284473,0.446801006244479,0.602844883850391,1.99649363064141,2.20297952011034,2.17396660565694,0.462963591773613,1.50795810845631,3.28117451690057,2.9500233113848
0.422249282157152,0.599485742626343,-1.39656271998275,0.0459232195937739,-0.224951030945699,-0.756877681960654,0.0612098781110661,1.13942934183209,-0.213789890983783,-0.0435438333536987
2.22632768136177,2.35270644003848,2.69555942061607,1.62135236330346,2.1983648769634,3.61543734887254,1.63633329664545,2.79448684490621,4.68553599402729,3.18748358959023
3.58112121781591,2.68816024575255,3.82743862236088,0.635000948082054,0.695304765446317,1.00114101500846,2.25609535523605,0.75191458245904,2.1826780398361,1.07042678916316
-0.837521703910208,0.696761744750019,1.69556832748909,0.456653123704438,3.20526806123696,1.05645241281516,2.61901946558915,2.75695916186813,2.415003181034,2.04260211664116
2.48619492104798,2.29789708851391,3.08444160667166,1.72441403209817,2.71160990600138,3.70495424038334,3.81418293322194,2.63628058894511,1.9406789874499,4.57848920713864
2.51890085950358,3.86555699990333,2.02616685616316,2.07699540910867,2.78734638728287,2.96855739730472,2.36123616129639,3.79761285655577,0.73191565030225,5.16706293340948
2.75707864468782,0.960051418996921,0.609772794367389,1.82753654297888,1.17661482107799,0.728982612599329,0.0295700299917002,1.50632731662043,0.373058984693059,1.10721330693128
1.71626686573745,-0.510364825385925,2.85326422993656,0.130568762982743,0.0203701315494027,-0.28881308375683,-0.535069417339648,2.35810055654719,-1.20131004532109,2.43980805028792
1.47804114167054,1.06759401572392,2.11651057417142,4.564329696862,2.32695172076018,2.36885874429944,2.47282878949463,3.00990907910068,1.52175802208484,2.74352045530801
-0.726466772459436,0.892045687810539,1.08304336279444,-0.340368926822662,-0.485369299934184,-0.0119804064965014,0.432951782441473,1.63874480936776,1.25475029555953,-1.80317931699716
2.02348397096241,-0.681098148578405,-0.706523391413739,1.01660574934091,3.01148230906486,0.793634081076345,1.4998706021247,1.80541419189885,0.389931340972738,0.965299827361897
0.281378225319146,4.12736659668096,1.03644649738655,2.14459203524302,2.01001727894334,2.02477927333719,0.752957990000297,2.55426892198819,0.655278528998148,0.507331428440244
2.16070688014443,1.15981384529807,1.19038777108616,1.91800958588357,1.23098372160913,3.6858139371137,1.56735273203814,2.90938236689592,0.820359452816732,1.14261942734987
1.16992702904814,1.9627326905513,-0.488832294278792,1.1575023557872,1.46636392671951,0.118150622079976,-0.767143457994346,1.65003774954762,-0.106363049361512,1.05478738145905
1.35290118026107,0.326052861291885,-0.185973681208036,0.128316462800141,-0.984118395830712,0.429709909260455,-1.64761959451496,0.359824866271833,-1.05750656672894,0.196530190322806
3.32171603126366,4.20360214081772,2.24958655534382,3.38563919033578,3.34241288767487,2.97756277776765,3.30188829195022,1.54939818451038,6.45630724544292,2.87229502134156
1.43431017883748,1.98814533721103,3.15618785620468,1.29671718800924,1.10310182051552,2.66320607727287,1.12683463857573,2.2304069344587,2.05719053692877,3.25755682328035
2.6354515662952,1.58882323178381,3.32238602357486,1.72311877296328,2.84826215590293,3.22629088856293,2.97332836114386,3.15715435382613,1.63913383476446,3.82688081989973
2.11982176881652,3.10897043843134,2.95248302312443,2.22719549146991,4.39428256898876,1.283230391133,4.04551449975716,4.02116423507012,3.31766412992285,3.50514441970586
-0.264580767412737,-0.73676355331298,0.807129246087532,0.272079024654255,0.372303081546355,-1.07582401269346,0.538034105294323,0.223558083880111,0.0923488919563717,0.0588179543980964
3.16325355662978,1.9335264977055,2.29879261311937,2.22500113071473,1.79149268423749,1.17165985274936,1.43179212135559,2.04145885744898,1.25623663308328,1.26037206208899
3.42801989192493,1.56889387601192,2.17981984257269,2.63458752869789,0.408096452906208,2.55244806890413,3.06624285185278,2.44737831166756,2.23042892874373,-0.878232747440035
1.37008412984767,2.28779836206028,2.93268209872185,1.91217152640759,2.12398967368116,0.845543223468235,1.98125757379129,1.7574022475391,0.658427891338192,1.04967194720733
0.243621158445291,1.5072112389531,0.48032544630121,-0.0235320662172367,2.74460082304602,0.969933032111602,2.21984747387572,2.23767404631793,0.451419090105724,0.357636512113834
0.39853933818927,1.53172887554906,2.06614132562458,-0.226243905127352,2.60691653684348,2.10783186441285,2.23138716107303,1.92724441924597,2.7067558784856,1.91492301131399
-1.87645291573242,0.550528618348426,0.530253884755484,0.151828700696617,1.7071722644586,1.49271793302928,1.10620318541278,1.12031494274123,-0.23951792589627,1.55144141304682
0.389277809451844,0.537793340305864,2.85492036495812,3.20760969266063,0.235842079599647,2.34571721107507,3.23758622824509,1.66463221025081,2.59402961762142,3.85711421864696
1.34746821211526,0.694221756351374,2.90273643971664,1.4364994482275,0.214640365203113,1.76639369179902,0.581621600160741,2.2010155531778,0.360095900256474,2.12691190103599
1.72829992349919,0.631147048365224,4.48033946983691,1.58508102064537,1.15673890248509,1.16488664081109,1.16635863573584,2.46867487808799,2.10946553415658,1.09435956491287
0.66142932206075,0.849383204662935,2.14537123042041,1.03368384503754,0.991482497151674,-1.53788680664762,1.17907211883624,2.8244843108069,1.75269909390499,-0.388495645562472
0.541205143327805,2.52603328469998,0.544206994778737,0.47117533481562,0.851981101829858,1.973084399642,1.88125548555675,2.31425033130604,0.657688828428513,0.864669934123038
0.264007394207063,1.5850852664544,0.694541561887895,1.62990870122456,0.127071097672688,1.12004786040605,0.714408713179114,0.735258543001006,0.491127351346181,3.15485582061392
1.73933764675034,2.65557615722518,1.6833512528918,2.11621023796728,-0.220110768133346,-0.700663545719207,0.870669298087115,1.10616108758095,1.0033522971728,2.65415109673418
2.47491601950091,1.95973382539267,2.60438694198497,1.4485156009567,3.28582662460776,3.80398315108289,1.62395127106848,1.60476440533999,1.57457003684107,0.952854315969263
2.1346815258171,2.11344069963069,2.32696628381902,2.18297971516787,0.626525864959864,1.34007212696808,1.11802706693224,1.51963813553069,2.11802652401674,1.66055973191668
1.60370888578907,-0.650875099509721,0.130081961927076,1.90519501764558,0.433405632247494,-2.0666926629637,-0.593310311048892,0.77756463250836,-0.26384852751118,0.703648759040054
0.278372615165831,2.03115392370684,1.05992289465012,1.99886493743688,0.525262682226385,3.03503641452792,-1.15632196012759,1.02883743497476,0.789440000412527,-0.311878209816703
0.518507180107737,0.332631555506757,0.48684676052797,0.740340303560266,-0.114838208061891,1.24677175023891,-1.43551998583025,1.29855259262333,0.0489213888960969,1.124446172071
1.74438289397644,0.935092774651547,-0.588042730436407,1.68648345769513,2.49010795192033,1.28319910238834,1.08387659878835,0.778917077907556,0.666305924379627,-0.139756886636305
-0.440019501030468,0.26370355616294,-0.770820209235952,0.604136607931307,-0.448044031522761,0.642924741112887,0.789259681598814,-0.220259367895188,0.476835633171569,-0.408826144331766
3.65469166181692,2.04713596856193,0.997268032520509,3.79290313119224,4.42485658634414,1.38000937455815,3.23863313373155,2.29713610393764,4.55886426740172,3.43305609437574
0.193079549684342,-1.14383975235219,-0.065187101910531,-0.8926555874136,-0.0598911370430585,1.38334529421592,0.589635479365066,-0.690510776856754,-0.799541704980275,-0.638527608315696
2.08977035744313,2.88748390467853,1.00942673249926,2.60529186768247,1.52896096217141,0.549546149982355,2.56580488256923,4.01984850212928,-0.454845957476592,0.390183430795793
1.03273257101793,3.3669290437679,2.40133351617441,2.43544380239293,0.974437518284608,1.85354064534653,3.13470530838854,3.35783672046296,2.75641682439071,1.82061717870691
3.05055406822817,1.65345771336792,-0.593814015859966,2.40012713206818,1.94132977385569,1.58023128566241,0.0264652266201275,0.976792621889445,0.534129982842844,0.744421623736207
1.83182114909973,1.67039589169833,1.10564329444462,0.259351666157716,0.0104896834724486,0.188910349982028,1.08124045298168,1.19987644475116,-0.083981548679213,-0.268106613360681
2.15277872715273,2.18975056804782,0.64106358820477,3.04150633873512,2.45143812910683,1.58448694439031,1.53168125824745,3.06659511042005,1.82914395623522,1.81637673325082
0.531323480295639,1.87318324895471,3.09805111475206,2.54144694592582,1.33565888402391,3.29043705045337,2.47257200692186,3.30697601304241,2.83939113514737,2.50234167559317
1.40378826972354,0.453821887427296,-1.27874119925596,0.203011145699693,0.0123333279229934,0.780868846090383,-0.610423607403983,0.664905956753908,-0.132128234447499,0.359248781281376
1.79109451659705,0.424587974349715,2.50218864838228,1.36374034030973,1.74248400329666,2.4813151062608,2.04552244543047,-0.264163573617028,1.65433937867571,0.0879277627422437
0.591449570890871,0.911239746305475,1.47578461898172,1.05010892041198,3.9439716943187,1.70168945449696,-0.0243657386889911,1.87438628141087,1.64813003915937,0.62241195082193
1.57051901378701,1.09909985748773,1.04039245805923,-0.113280487331361,2.85256553625571,0.413652046808395,2.48641350384996,2.94220244661343,3.66250077847042,1.67118716248232
1.27300393506253,1.41451507973656,3.06939734836038,1.09842947425603,1.1835678918932,1.36258721514475,-0.595261335960348,2.57887564841412,1.07398246260233,0.24284207836558
0.0928467485493932,0.511371541251604,1.7923019146921,0.872568094383581,1.98662077775889,2.55640765808359,0.0603679738310776,1.01821767247626,1.84919503486807,0.201062489780451
3.11211056158758,4.10807532601993,3.63925212649859,2.82708991333193,0.724337188841581,1.95000240620867,1.2755273527837,2.4000344222188,2.86990607110292,1.86294364410197
2.41466952970728,0.589461241182013,1.94606281547634,3.25200505322489,1.20304014841324,1.14460147387218,0.894577816701658,3.35740742116192,2.15646406135533,3.34784204533864
3.70129025632252,1.81146900156347,2.718138796592,1.61230691550261,3.04381109123403,3.51102081737899,1.41068330604891,2.69491735123101,1.96858150746619,2.36183199468596
1.10233107564691,1.24899907041108,0.932789364698906,3.54561534124659,1.72259056277924,-1.45241264782524,-1.24624269288342,-0.582305859769663,0.712554768842792,1.13027004306439
1.86687446169078,2.38049287019076,0.252621400449058,1.37052632032479,2.17774728201747,2.43567099775712,3.08287526752721,0.462664439899429,1.51181321895375,1.41579746334137
2.2208600072761,3.16521458629692,2.41221281847108,0.94341069553452,0.640319538974651,2.11732918691385,3.28853624542542,1.84918306254694,2.42886083861392,2.94403033548937
2.50353871658137,1.04000855025176,0.252854000983893,0.171783191604515,0.775552880041983,2.00031642337024,2.53130199050687,0.737491338882852,1.61630879455676,2.27423777608301
0.198198203794445,0.323312792195598,1.73329854974632,-0.42117031186222,0.293773442709708,0.060742343171597,0.388713714472012,0.843232806356918,0.492635735522909,0.509991020875185
1.81335444548176,1.74923259857771,2.10907369115149,2.52529658348412,0.773840373689406,2.84293243000625,2.44628025957706,2.41393254441426,1.99745321989319,3.28443121645891
0.7739185599485,-0.129927320044704,0.657968410185314,-0.447022744529715,1.68847779801417,1.16199117244545,1.38097778339528,0.773856936602302,1.53504024466932,1.02915411707365
3.12624452205933,3.10470818036519,2.65938792310368,2.17166697552976,3.22530242523378,1.93238378879499,1.70555319926724,2.26447825209527,3.25433405565627,1.74680712416573
1.25720040770666,3.46686746728099,0.951959210704269,1.47401039559439,0.0375414141903595,-0.192146348031629,0.719777291345627,0.366875699468759,2.1105530650764,-0.234711973764176
3.00967799663167,2.74980406851272,1.45686323171296,2.06232134664615,2.66161700046343,2.48523006676817,2.83248902785617,1.47571531525287,-0.00170659527984141,2.45900504494886
0.638954360560551,0.53815659287411,1.56785071554568,-0.905426068241754,-0.287537504177086,2.4381628512894,0.272611931297393,1.42178049407937,-0.364960670811981,0.966090290345549
0.105522236264317,1.5569187981315,1.21186041033582,-0.105931590027391,1.34094308608887,1.90267745341579,0.809596122227058,1.44550914587338,-0.0804198292369334,2.17820439114938
2.24381048287177,2.01832671444249,3.14787923422096,2.70944875042891,1.48553210407374,2.96173406683049,0.932036436255302,2.76297212984936,3.51022527179989,1.85981535764556
0.0293277509459162,2.84690608497795,1.45503638232732,3.09100329788561,3.38617997252779,1.68848832676508,3.23626621802144,1.48119051012727,3.13031117795048,2.56197901095203
0.390329987166806,0.63901041993103,0.499451738816035,0.890472336173085,1.52508722203992,-0.177686642230329,1.4975981273979,1.49270034342081,-0.894896959148075,-0.329952947078299
2.78442594121028,2.219866815304,3.36267977754071,0.733675042709775,2.1488213153957,3.533278650493,1.61723468213288,1.63759323485204,1.99384852217467,2.44497400765513
1.81699207664645,1.39574981788521,2.53485222906939,1.45616787475531,2.00927853529735,1.48159004983434,2.95238349122594,1.50043153445301,2.35013508070053,0.509081684202663
1.98254328529009,0.230144744306802,2.17646040417084,1.11539376013995,0.665401875566282,1.41070323077944,0.411805510722235,-1.05488241353414,0.258169979532277,1.29602820180036
0.27638577914933,0.233121823460446,2.29849376215725,1.87106602983161,3.23739752986836,1.24396035917497,2.62966010660704,1.90740341223211,1.90549315222163,4.02081799385202
0.359684207320251,-0.138806711429424,0.705381034729419,-0.174125892491266,0.100950687667957,0.473930742072117,-0.613371289755208,-1.33354319056481,0.696157843002098,-0.214184354958471
0.966661572496229,1.31844420581938,0.818999285207182,0.193687686440389,0.261021464277326,0.886209192806401,0.770658825984745,1.34070057491277,0.386445234385449,2.49821915382023
-0.00300268357373423,-0.00340864098332383,0.199029749410747,0.15069081033757,1.51104239550447,2.41576895841511,1.22191997184096,0.914954952951091,3.08194937118091,0.431812548335023
4.45319902647315,1.53984748342518,1.82192617843021,1.94578782659456,5.49566712121912,2.87644604517897,2.48640780398247,1.66600348069408,2.64835082029511,1.38244164591189
1.76851079495791,-0.903979430802354,0.221139558797321,-0.330515108920552,-0.721107726949611,-0.053511728409697,-0.701537258317943,1.95787416311504,0.592119784760273,-0.834999044242868
0.769483125292502,0.180936839000928,0.82952282523953,1.38604798501107,2.69430877715419,2.44947284718664,1.83877354518818,1.66123699655402,3.91065760247508,1.2997540800219
1.07200727334894,0.233523542128385,2.1628966478055,1.20281007799986,1.77081013847469,0.750642054139118,1.40677263837403,1.04005521292562,0.858487510777901,0.648271869571707
0.289220454196258,0.323593549151987,2.06208121052817,1.83033668905033,1.30764584840863,2.12690923909839,1.53279089685962,0.839136017476763,1.26330566261189,1.3970281152798
2.23326014198314,2.20840967502456,2.41814975943847,3.03526046851052,2.92644037598284,3.55083672619561,3.06872735079796,3.07551510150402,1.15945904241734,3.18599093369395
-0.833399530210111,-0.715704711282238,-0.384816532877949,2.10374538545214,-0.0612422274566924,-0.32441794050473,1.28463778253556,-0.503663166849592,0.371599208782034,0.942260395182104
3.31774764974411,0.547717491225733,1.84655266803424,-0.349740726181999,1.23454267359877,-0.429342937810349,1.35154891706889,-0.768559327271914,1.20521149925859,1.45070596997806
0.545009973389475,1.71771893324033,2.91547145049157,0.95673969208522,0.610597161046399,2.79659281874064,2.22944841260136,2.79120383322837,2.21554081822795,0.943919963129215
1.0544296667354,-0.274927047872052,-0.337652036632432,0.496777915557918,0.841320247451037,0.592885359185296,-0.0398306096435084,0.822753453426189,1.31973272445825,0.757615338480209
1.52354495333039,-0.159473135261518,3.43837744929268,0.597102777405731,-0.381185931792213,1.49954964675725,0.13033653524562,1.26470504216892,0.00630112831467222,1.91710534017459
-0.045739622749619,0.523094563587483,1.30177272530535,1.05880786180527,-0.319852717135861,1.43668736109613,1.41133533029378,1.24422820588467,2.05208737435026,0.116513723659385
1.30142730426354,2.56214185401226,2.7721171776484,1.85448681138769,3.03214962756498,2.9121703091307,1.73943788208378,1.76565977054227,3.05179430159028,3.61886745051542
1.10696057431335,3.22359535364981,1.41798885683058,0.219650378953446,3.01016650274412,1.63481888433422,2.66677924445114,2.63857135510311,3.11084518865966,1.95435863108278
-0.515962219487818,2.41350527677799,1.43560445990009,-0.456302299773794,1.31113701788807,0.401270339995045,0.0595380381544076,1.25321089201908,1.95302850868779,2.67636113378792
2.78152202438661,2.06907131985325,1.69690515046296,-0.3070074043199,1.80325809244434,2.05732922870596,2.33452900041104,1.52999740981265,1.48030322620102,0.674010289957182
2.13830465043136,0.0138078651133132,3.27662456501632,1.51699425007146,1.60731518964599,0.853874284360438,1.82161734990687,0.838356858950438,0.707862689438453,2.27157872234613
1.38315661249187,2.21972368372273,-0.196459594121333,1.86064266804748,-0.39390759637702,0.553098831536278,-0.100971369568692,0.273505461864791,2.28406827392873,1.22481184086876
2.04900279483447,0.963255246209043,0.64114890528494,1.37675911996692,3.46852081502303,3.2453157460423,1.27241624533151,3.16778306580948,4.24174129222518,1.0184715322626
0.393458060817888,1.08323035540462,-0.613819044808114,0.127311565543668,0.8516498728352,1.87609410795146,2.09522898516102,-0.385021048897028,0.184029615857452,0.767128849743325
1.95623493937804,0.542188259198383,1.64136154359611,-0.260858093749955,0.257533562861127,1.78604754605629,1.7340089348091,0.726934376371202,1.30328410346278,-0.0469660104176217
1.415930282539,1.47724470430354,1.15972766488911,0.976162357176794,0.73155103053522,2.11889174054474,2.02039435558406,1.82186735084155,0.0412928754044598,0.0154166720957759
3.35607298968438,0.899971641333431,2.25706860780898,-0.22025862062481,-0.267392207177606,2.74847125953864,0.454846837176224,1.07625870219523,2.0898500138901,1.94453522608642
-1.02025685105609,-1.3569140230016,1.97447460587485,-0.0205712939352722,0.432168929672827,1.0112583171501,0.20664705130952,0.509930753694696,1.08964374264128,2.21621858645494
-1.33502022631434,1.23499280344155,0.479451067821617,1.32118505124301,-0.143740007475402,-0.202370243761314,1.72399265247719,1.41103260702106,2.17700336801851,1.21383728743635
2.89110831402578,-1.69153002569855,3.02144179882496,1.01374913730464,0.0508349274901478,2.25578868029615,0.426526761723335,2.19899749009312,-0.520273099172392,-0.428915809006448
2.30743975206284,1.78166207671108,2.97956541535521,3.50112953111744,1.99258265057049,1.65177884256737,2.12070142670584,1.97895875799101,2.71475083058071,1.43129975597017
1.87167167835192,1.18673549955422,0.803104950551531,2.68598757588312,-0.0365437863368474,0.98375855809855,0.481399952229946,3.20045201515822,0.501118636892452,0.51064006905869
0.0191757250372354,-0.0547202314492498,0.343441390135016,0.674931709774297,-1.52795478334697,0.232206895127393,-0.736047912866184,-1.01773763743682,-0.856794011505736,-0.236168506808028
3.89092347912513,4.32672286137712,2.07285327242845,2.46777274900642,2.36982945219298,2.31383023902661,1.93934765595083,3.27987041069678,3.66315725981137,4.5844876891942
1.5700637176134,2.07580524303406,2.40848822635274,2.27103690405817,1.5965270204743,0.990084354506146,2.28040599197064,0.289311694352384,1.10116317697577,2.57548758256491
1.09815076124214,2.82045202451203,0.433428448127619,0.886409314864145,1.33324491522174,0.478158799180366,-0.0194330771654201,2.33025523583677,-0.189088054033126,2.90594834469453
0.934014372016795,1.87293936771006,0.368717306220418,0.106953416546289,2.93907945331306,3.0519178060556,1.76086579485365,2.3899118687297,3.03382683155483,3.14239171058323
2.68758643859166,2.09767486801428,3.10382625316884,0.899947367326096,2.36110520780894,1.54473447648002,1.57181087213142,3.4676222356284,1.33422109989521,3.04814619515868
-0.246889985168475,1.30313706746738,-2.02352171498422,2.83290483940772,-1.76883095152769,0.115701271633894,1.03264107707972,0.404875109671203,-0.132210314893501,-0.794427420343188
1.18039170447129,-0.884639850104557,1.22913796226672,0.66255187273109,0.276265542050777,1.47443371985376,-1.5362392892686,-0.680698062313465,-1.23018083874948,-0.613796693838037
2.36448079490903,0.278810483190529,3.64957184697988,3.379510262344,3.15466821147517,0.93789364873475,1.34900300072391,0.689702594091179,1.09986513774609,1.56594340993273
-0.381349295779275,0.10770338159387,-0.614477595932787,-0.227674485067944,0.567597334355977,0.0619380744613836,1.06930492046815,0.349189355290341,-1.87118160124726,-0.285369144932663
0.0485750177692474,3.00471908469179,-0.95532720582314,-0.969051845770059,-2.02103138997286,-1.69309960253539,-0.619467228619031,0.278390971688939,-0.455199631353507,0.625290006708892
0.22856040417576,0.224489786862781,0.495326229421305,1.01463580186502,-1.03277841325437,1.55928221991843,-0.971955239525843,0.0668619724340588,0.84264131092716,-1.81182143981213
0.145979026835327,0.0205134477359753,0.689182144073513,1.51738719241102,0.784323340394451,2.34918637890128,1.3737434426894,1.7110913575255,0.779974417173101,0.336103858314894
2.93124740306504,1.77139237493285,3.65822533261363,0.248160704691488,1.39016602390061,1.53023333136187,3.24048777917357,1.63560907497039,2.89137985809322,1.65020465406356
0.559143346579459,0.635247684354612,0.644571873162392,2.04764919389973,0.487051651704291,0.572695304704632,1.49474589653305,2.35096093493697,1.8865869536157,-0.59209953828822
3.94551204625207,3.8653648691731,2.95356232738288,3.29846981773982,3.30391296466309,2.85299294799002,1.13002052444664,3.61870312330636,1.89301361041233,2.88694967272542
0.869075206140398,-0.732491132373615,2.7175836874371,1.98574318639208,1.21230355179931,-0.23040657861718,0.00921503721702421,3.37121866557065,1.91267693512653,0.641521608565277
1.06928214274724,-0.702008295765381,0.760505051386595,-0.868586127202191,-0.496368275912858,-1.63978908824882,-0.585373228629687,0.374569282029325,-0.731813386065518,-0.123077163628361
2.31262400853239,0.382033075262475,1.40894038374784,-0.174479949932434,0.493712525930841,0.886246100951794,0.362117565947583,-0.128559025593394,0.681215925403293,1.93466041686302
0.0380590271143434,0.295423722293682,-0.704828970123648,0.918762778076912,1.15554038333326,2.5760281222956,0.404530473111192,1.7939163901989,2.66267957011534,0.416662752096623
-1.23579856760747,-0.475346357908899,1.09883163868495,0.272015915669562,-0.448646922145403,-0.586067928323313,-1.60686403873486,0.504286975285727,-2.30284943374182,0.0564354274007449
2.23908484327151,2.14049621693683,2.43641523763361,1.09921475791255,2.80527851778911,2.37480397807101,2.16234906130284,1.21830610215058,3.42892115882408,0.921402924260895
3.2613534318175,1.18588592617805,1.06779974122224,1.2367173001876,0.725144061419696,0.554374542106181,4.08017174473456,1.26565009253445,1.83597529413182,0.267247018656917
2.49111965991289,1.0704271523449,3.91451438939265,1.08995806732536,3.38828680163996,1.07869179105067,2.77441437666423,2.81758566602508,0.907840910401233,0.924795797438649
2.26480128264722,1.31641329806485,2.4332623122539,-0.10242608579703,0.6821166628598,2.56744700426733,2.45336603317963,1.86367717103566,1.7406633605131,2.95043714906307
0.347791777793363,0.870751023054309,1.55635390494069,3.54088486127939,2.52855585912679,3.07894460222785,1.48791174257166,1.36072823714567,2.35503821191093,2.20287310330268
2.53645137152071,3.9256370792019,3.47401804837081,2.27194864104055,3.06726720148919,2.97297797590678,3.817374846888,2.49295068876527,4.8723944271997,1.57976256065537
1.7016914857204,2.38238077434151,1.60880226851962,2.44593097492327,2.54235061797654,1.58723752932996,0.90321196081519,2.9190899096278,1.20912990456643,0.139271661389638
2.61334641953199,2.54491625964249,2.56425353377984,3.96388994675954,3.25653532208578,4.29439566804864,3.15463345863402,3.18151646430536,4.59831995650382,2.22582513761609
2.23261467808245,1.02947607279016,1.20477354026046,1.28587210710399,0.445690783897561,0.103262937550237,1.48378304217679,1.27646540259309,2.40972855565992,0.171050085927552
-1.20205250705241,-1.59601195542141,-0.00310006065095281,0.858021841055039,-0.0666996268089621,1.09199970077532,-0.815693462659469,1.74166795470928,2.37919155756104,1.53998107237649
1.61593240457318,3.39051427551632,3.14296485621795,1.84881948366973,2.1613773838532,1.97605614493011,2.18897122180139,1.62410283324542,0.598676793504541,0.136828898844102
1.60377371331658,0.157586675114977,1.13861940349006,0.785755428388239,0.964601686042082,2.98478718871401,0.234277057214364,-1.06142600676146,1.09300147494595,0.14591101102719
0.760910632435984,1.25088716254666,-1.00331938829503,-1.88466509825467,-0.0428278226131077,-0.613980756842931,0.275564826518666,-2.02490795227802,1.15380770279764,0.343023384597117
3.69313003037625,2.813112321164,4.41420467352893,2.00882047579628,3.26035088223403,2.39509139905957,2.86175609861829,3.95322949448007,2.94927436016064,3.09776321431125
2.31420945880052,2.89724472797795,1.05166001018556,1.08261272198585,3.68506413889392,1.2440115938256,3.98379279923286,3.0780466454555,2.25184441739058,3.16932396634379
-0.727355173034355,1.00426538759306,0.65038339885535,0.629284991485052,1.5826041126506,1.33792104672065,0.255746918243888,-0.625878202024315,2.61203658258566,0.113710972880942
0.0520518533761003,1.77617803838997,2.80825357421014,1.68380706145199,1.29952004054102,-1.33720720375911,1.72093338469171,1.34606628419992,1.27910336224319,3.12508553027284
2.29099034004792,2.0810405550926,3.28375516687056,2.85936194458767,1.96016709488936,1.63144831231791,4.3860595711845,2.19655700689839,0.629086685794,1.25725685004779
2.99305333594254,2.44921045868477,3.48518136739918,1.81781091735935,2.13455483202779,2.07332093616561,3.41565971100011,4.64439294807618,1.34216865886672,2.58107146908096
1.48200042234877,0.882546765759745,1.86661981198975,0.921915458984854,2.61842572779994,0.0598343034650833,0.585450530797048,-0.911545881320825,-0.229634618629508,-0.358254288900132
4.36083848254003,3.99658241996291,3.20106329219198,3.25670514279285,1.93842710558978,2.196663903667,2.15677967747126,2.4165951017313,3.93477853963009,1.96021192922182
-1.51594721297783,-0.87605095736885,1.37212608303485,0.0838627553046931,0.64912833587299,1.08698332843911,0.434125785047211,2.438081488061,3.22542441090046,1.77432089923722
2.3120597038558,0.911154911379174,1.03909020813681,2.6997435444592,2.16322179309695,2.18694715732886,2.1786567103216,4.11853064128792,1.97674058257345,1.56429839679486
0.446460977519767,1.57607665821049,-0.824442118390879,1.15444248141874,-0.333356038826223,0.113100966547823,-0.108126389512187,-0.0572347668581767,0.284498518158804,0.815529226681055
1.9202572312557,0.784658532838191,3.0346550048445,1.21712862614981,-1.02913432375266,-0.186191522040297,1.04152303530832,1.73267983649394,0.894204581565687,0.533001085678641
2.37798992886965,3.21468014964868,2.29378946151342,2.00991783887326,3.92481508182785,1.80670782940731,3.39129273216364,3.19649246732564,3.06187536114171,3.27491600028744
0.624931220027913,0.841967960089395,1.37287461194938,2.6722950196932,0.381173145395509,2.06470596069802,3.26160960682492,0.775841165193496,0.541984958280181,1.80687047149025
1.68758006965883,0.636836947830134,0.668639399300996,0.48368504582211,1.62807340570837,0.519557710192513,1.43753846389747,-1.70390969431016,0.458600402504141,0.804917481434856
0.687997871083371,0.367345255248433,-0.546394084825177,-0.734381910842372,-1.07970331543264,-0.0606800956459542,0.264621316399305,-0.179674955998001,0.014862478551466,-1.27791584052157
2.21716039958163,1.49674608504996,1.03173651888638,1.38359621515502,1.75498927798289,3.15295133362128,3.59794748711128,2.71137743834839,1.55925193484567,1.53397201898027
1.07277621248737,0.952609734226752,0.756963953591582,0.89300760410898,1.25861836000828,1.0275855928054,0.691346303388252,-0.473650661862616,1.70175985245881,0.295772500830428
2.48438975595605,1.64031093297507,1.31593057329778,2.41680510471049,2.81367038042851,3.43459645491594,1.34969389900365,2.85849559961855,1.93451208183851,1.32179920820934
0.47312738670736,2.48706914534147,0.841988721964518,3.29507651649259,0.994925213618575,1.16352438169344,1.39615651834729,1.18410578762078,2.01866175762728,2.82310701151997
2.06244576325492,3.09532258829159,-0.989894799449748,-0.642067266362329,0.772213354203257,0.024894928843789,1.18226621674786,0.730527804549014,-1.39037597882368,-1.03068762593318
0.876005117346717,1.01654762208625,2.70081889872441,1.35439289486213,1.44068694351058,2.85202206274458,0.698735346470371,1.01675832123698,0.712949314807226,1.69730740665437
2.96690623923293,1.68316834144855,4.16065807429555,0.859328509506991,2.13241161221067,1.4833635879419,1.97876152287847,1.48732154394447,2.94139910501777,2.53874597271314
0.895183984036267,2.15409725927121,0.946249455013727,1.08176459122901,1.39817784716497,0.694049116961374,0.425620806588641,1.49949477652816,0.553314294344884,1.90569726901162
-0.116690987299628,0.926334870771836,0.382647579096581,0.934757392754207,3.01026656182016,2.32451405439167,1.88117615408003,0.303433571986166,-0.382861153171505,1.20499003330148
0.850574008714906,0.196493017275409,0.279726804073203,0.780152606226423,-1.50648604727923,0.632522044182057,-0.704828662783655,-0.456825788768585,1.2048704787862,1.09999455430791
2.07515392907609,2.98301683973958,2.75295076756433,1.3425694616214,2.12384665221607,2.97615402773498,2.72676513579813,2.03710944860939,1.36993451313222,1.9936574394702
4.76449644756708,4.53127036390662,1.47280450323581,2.74925692367019,4.28345540323561,3.15041676566705,3.70424689863547,2.5699784728462,3.66245981584905,1.38066496628814
1.66568462111233,2.57181499192694,4.85707706564697,2.00627795746205,1.40075757963379,2.28030034969962,2.05503285864197,2.08836684029761,2.28338134138747,1.44317797297378
1.11812578103592,2.9657155147673,3.56375101090629,4.82992351266599,2.10473954016124,1.11180037549584,3.08212819017685,0.953575549202172,0.550668450580925,1.11250557716528
2.21392810718581,-0.192903275913448,1.20050560765898,1.48226801275432,0.880053869394408,2.19502894149585,0.579920836087508,0.816094152570035,1.54028042904992,3.02130787563602
3.57164409175135,2.55009541422085,2.23699414633567,3.49000428239537,1.61774340174838,3.14473575414964,4.4367069870016,2.72031070649415,5.66089223629636,4.60579048275526
-1.15031282483712,-2.04999537362659,0.534146610793835,-0.920477352909398,1.25364269644369,1.46922609132133,-0.102681341707385,-0.206966509302743,-0.91629029213559,-0.357225024213626
1.54770902217543,-1.16065587151598,0.0601774538835219,-0.148936580786875,1.52622528037969,3.0041445586359,0.339481987849026,0.377365692828664,2.0588778528894,1.66716741981187
2.61950874567379,2.77434002136433,2.01041600161347,2.28878481930376,1.60911247368408,2.51355660114742,3.73548017253929,3.10739797614691,1.52948416185237,1.82594153908698
0.527031435181916,-0.83553614651427,1.67055093781429,-2.1216576710205,1.30975296071688,-1.36035404931737,-1.61770895469294,-0.348889597733217,-1.23232854042175,1.08637556464414
3.37925596195401,2.57674630395381,2.53332291768161,1.99417357797725,2.70817243513105,0.31777772721359,2.65751617198124,2.91200277609103,2.27445737697377,3.76321190596138
3.49057931901701,2.74748832584003,3.05718934968492,4.26888675811419,3.26206058996103,2.15062278589358,1.89427970546772,2.17704304867217,2.71094159288834,3.40226257861145
2.36205062752741,1.34315228461668,-1.33242023473686,1.63789195952826,0.515353795727241,2.31171591033546,0.320640160171997,1.91431973907723,-0.265822363988974,0.270201034670958
0.344096038954201,1.70513348775452,1.03239378777155,-0.917054398595533,-0.0648167699152178,1.12222188847915,1.9102154646129,0.757802521535923,1.27630627023707,-0.143212621634597
0.122797819482145,1.93947000212338,0.89186976989923,1.68829566883721,0.485026971244545,1.16538935711447,3.4260501803503,1.96724760480524,2.71001597974661,1.95989934807792
1.94669596079797,3.96223107566141,3.02265955256703,1.79443013647351,4.761027613902,3.55404484982815,0.760811132869721,0.563158885166922,0.640373894529573,3.46516062507759
0.0183502084676957,-0.444312277885546,0.666822613659571,0.382881865190158,1.44107841034999,1.79279079047393,1.12987199693165,-0.375159254944024,-0.388080473177457,0.676690030416361
1.95099324229303,3.04962332119883,0.941856544492815,3.46912661857026,4.07186124130754,1.38501785885953,0.791992172501649,1.22301890785356,4.19990076679581,2.71109932908737
2.46884657300773,1.70445704676831,1.97578661572805,0.699097289244485,1.97175989186762,0.936133101729091,3.21873380392692,0.875520977559556,1.33947070232139,3.1088883342558
-0.6731992548843,0.196364748660511,0.702233497471264,0.49858800940119,1.69746935553413,-1.0862812326194,-1.64456159638669,1.714484842081,0.276418089729535,-0.0667122111510075
0.584496834303527,2.55352887909546,0.979925815299953,3.76533509365072,1.87532824468611,0.186437314062312,0.452402322510897,1.51417336212775,1.1440595697234,1.38728547390127
1.59275411478234,0.53386645772216,3.46864922838647,4.12312040956494,0.958192008800262,1.18650343914459,3.90302959463243,1.51416437675702,1.51588537166501,2.98230511360618
0.442682111615939,0.408028946038779,1.34222587360151,0.463861661727571,2.49310691137883,0.849455865787557,1.10590134370408,1.6593398224544,2.36623287694367,0.126357952333253
-0.261538376386472,1.72644578741331,2.4655703367381,1.52132872926165,2.34831586020576,1.76665533955078,3.00748762335369,2.3339175927483,2.98102646110265,3.31244811330311
3.07396202453191,3.65201462929125,2.45965395830294,0.387821739514901,2.51797187941838,1.02222597931804,3.47059982999228,2.67238071244798,1.98464177509263,1.1128315854291
0.436047866068981,2.02640082657212,2.03094914850378,1.08095251203694,0.620412472652067,3.68595531736435,2.61719566184921,1.91516648281237,1.54669302113035,3.50831454971995
2.98515069576535,3.6540370987101,2.83814522247678,3.49770405114223,3.39079030176604,2.28657627143126,2.16129164655389,4.27743591586715,4.14696464626207,3.09865131005615
3.40431979959353,1.50354776184623,2.80333856565463,3.23071525659351,2.93001395718806,2.87899635007365,2.86197915214872,4.35742636326651,2.4896265824135,3.49523692901819
1.30393448698465,1.87714015134123,1.17518212902293,0.772909105624676,2.83101310664244,2.16940976302995,-0.245425266725265,2.04764320023882,1.7474262290116,0.260689615542638
4.23171447861309,1.63161555000588,4.71137719114627,2.6000193207453,2.64498424767715,3.29865293348454,2.69643850851531,0.944557856019564,2.04772772899524,2.87403899168078
2.04101976540405,0.0518978028767551,0.59481627465139,1.16085644382507,1.74782486983079,1.56994374876818,2.35651544246079,1.87068151846028,0.315918064654922,2.50967892191222
3.30404526439781,2.11525422241792,2.68767466072069,3.25411442264189,4.05601343378034,2.45133523559844,3.46313323557803,2.21429843883533,3.40463582005605,3.85768965634297
3.58808012923952,1.84073436366719,0.575048197993394,2.01647171175848,3.92784831189874,4.29580516271781,0.569755398560237,4.55628375711045,2.88021384624245,2.75996533143423
-0.615792097814538,1.50300862111337,1.84755242669075,2.60086238856666,0.491102132405246,2.52438573283969,2.69409171982322,2.34014981126954,1.44213290610608,1.04395485539896
0.960183892485868,2.22605642814349,2.85449030734784,3.07726921019315,0.757867289677505,4.15125247718308,1.46129847551759,1.61328824694281,2.7546885740274,1.91352414851297
1.84682285452983,1.48356227085193,3.22599644580948,2.31771881977791,2.21615553901372,2.3302815298931,4.28010575729638,2.2996920656123,2.99830129766003,2.54702123122241
0.946531843508363,1.88709487513961,0.797353258107766,1.51162238530327,0.838118927949684,-0.657641574447628,0.815213870307753,1.19512697089017,2.57700344750925,-1.30321123411494
2.48361934269195,1.81196714831714,1.32446196133569,2.57740244348128,2.67605988118542,2.63731315937807,2.13745210914573,3.83855755577053,1.7930479705728,3.26860390875965
0.970245276484748,-1.02659364609107,-0.0240355414283604,0.0420342683403261,-0.834390138582705,-3.33111558837039,-0.624511913488792,0.259880231356362,-0.590465768131138,-0.183546137636851
3.50149543820741,2.2300318795063,3.03179052265663,3.70239692928008,3.82120819308531,4.17357474528137,2.72489838594547,1.99116184477784,2.00859945063213,3.24810545631657
1.56779055341421,2.85027163375654,1.25014634742139,1.35992360752993,1.85434231516287,2.86321368003544,0.962619308787532,0.846184897100567,4.24952436137055,1.07483559228314
0.671202301839275,1.91815216595251,-0.0537014979658452,1.61347953185774,1.79404691034181,0.228147238887474,0.512968624967603,2.15067780888457,1.29637166358298,1.84941469531362
3.92844286900069,2.56687120179633,3.69977619677149,3.60300511274833,2.35424614415943,1.7993994283458,2.51532444891023,2.56721942193483,4.41536321304443,2.28072076902115
1.77003546906303,-0.1001826511175,0.0107195720055686,1.77374222194975,0.0615716117666862,3.44935951351093,2.07659378718654,1.12673989662663,2.18812811353054,2.55602407249263
2.87452692175266,3.49313262245475,0.712221644078421,1.79645783135398,2.94212881453886,2.55770919834077,3.64075509517065,3.0574943952231,2.87569233084002,2.7836690399553
3.91562429782372,2.94628788357428,2.6080701750243,3.06358264195437,3.25959715151919,4.74002680049805,1.50711938285096,1.53534253188161,1.77908775071546,4.81500152688969
2.57401118516172,3.28291427273585,3.99421099589868,3.83824241156656,1.10272897419065,2.64800009283497,0.406374613926156,2.51305054835331,2.20298136222173,2.44007756201308
1.37069481593019,1.079718953238,1.3191157367713,-0.178948207372041,2.64455792920401,0.732338113252809,0.0225024764368615,1.83751359876935,1.07177018258642,2.9199035363648
3.56777073888453,1.54423803250326,1.7193873586704,-0.22176265659071,0.770033035892722,-0.382592836328542,1.16490298352014,3.06425785389045,0.849312683007715,0.733359173075088
2.38245029007816,1.98665200422808,1.24090394438406,2.41127355346374,1.92735288494512,1.91366102930003,3.07565697197256,1.03591236323232,1.29231536694995,1.40022276556444
2.91602468311445,0.73219074841724,0.924520724928564,1.80628327442008,1.54147182043126,3.14301089464592,0.933963962112308,2.08619492585909,2.28579014372386,1.83976452784664
-0.319694426652513,1.30458317057173,1.16333334958123,2.74851342275616,0.872977287179657,3.4534949410647,1.50151252376507,2.56913326219154,2.15901092660125,2.38260737577399
1.77813050748312,3.44928686192163,3.07166136986303,1.9798233388074,0.919062825657269,1.53723567278252,1.45066437528325,3.35102096315741,2.19697690462554,2.80809259836236
2.2951286956667,2.77350439822037,2.72282443386387,1.08873942252771,1.48126152274901,4.9882365003429,1.84545306482714,2.96415431674307,4.35530067387651,3.06589447737266
2.94495827933986,0.83456717716312,1.53348798941196,2.96226479088792,2.24147776831391,1.14925178193191,2.17535730960343,0.993110509107255,0.0599999397063591,1.68923479612016
2.16590812937378,2.66774094768963,2.00677049202514,0.995879361580505,1.89836676676329,1.27921738473687,1.92233308300058,0.995148839816548,-0.480752839974167,-1.07491388972425
3.18638016059286,1.07532451356309,2.90897820179068,0.566297219379145,2.77671246652866,2.75956942077576,1.8807141413466,1.27466517154797,0.535813276316653,2.67229882890903
-1.00960668924089,1.53929463531457,-0.882054842678704,1.46404114627795,1.76546449046559,-0.525769712994868,-0.149192466404922,0.387991702719703,0.503783411100275,1.25639447939617
0.311757718429571,-0.482228078045909,-1.24912020020147,-1.45271044136485,2.08239388788659,-0.419496626034264,1.37704515485984,-0.630746736655677,-2.52403130773433,0.114690229786147
1.59132703517241,-0.19311179477708,1.07789528262193,0.584120571803558,2.14229635392782,-0.294851379710295,-0.428462704521268,1.57922992803035,1.47971786927777,0.860734398323058
2.75539251244181,2.6621857247279,3.31991486299666,1.71953245635428,3.99268160392665,1.73187217022256,2.26896383863344,2.92421330799366,3.76492832771518,3.66356426953582
-0.572720252016187,3.74397213939695,0.324319233838537,1.61382476938383,-2.01503149298982,2.19706003237858,1.51949952226958,2.3146286637685,0.668471940074801,0.792797916096251
-0.244881819793944,0.772033952343968,1.13358168092527,2.26040764732694,0.337309918783666,0.1288165561927,1.29957854123626,0.689191077298583,0.998795951662408,2.62886737219887
0.0989740530106955,3.60537358677313,2.52367181658122,2.4945265033824,3.93391562487519,1.57839230551762,3.36735828046283,2.46156171026348,0.557118774065459,2.17831043046343
2.97563452633525,1.97780638264894,1.64031242610641,1.46681738075919,1.02860944818186,1.43735893119316,1.5353887189517,3.82092300565041,2.47635403927838,1.67364574273411
3.6050168838533,2.44647533358026,0.661825985183291,1.54966718116416,1.49914501744747,1.64628155225505,-1.02452963326871,3.49689101360972,1.58809371098633,2.46716888352586
0.256072396701135,0.675566437115837,2.92816475539997,0.454411558898633,2.3148129108178,-0.240921074153076,0.369210439950067,2.15404410964778,-0.303674366024299,0.737942765310858
3.63007297888436,2.9986515243519,2.72766559220863,3.84472792761169,2.41537252386494,1.14731260484297,1.99641798308003,2.07571300809333,2.64652288920212,2.79982301607126
1.7909716696331,1.22110216945502,1.44993594960399,0.149489653109744,1.09901061789484,1.31141597875254,1.29845913526568,1.46262314759023,0.798379302008069,1.82723880147646
3.01019790397551,2.10183497843852,0.125927011558628,1.85584506970826,1.74966464933392,2.47348262523092,2.70673273643104,2.06033326315148,0.392990764178631,0.895848184849455
1.0108844637357,-1.43082928404705,-0.163547674688495,1.95826683133988,0.487224313829993,1.8075981736389,2.03361159785226,1.36104774080944,1.53632932016692,0.666127094407515
0.624916741858032,0.924048403209799,-2.1398997955743,0.070864045221707,0.0694903680625659,1.28740490603318,-0.612002313848551,-0.361321863654007,-1.50497027698813,-0.660325485515285
1.40081853884617,2.3103869308594,2.03224488246151,4.05923466254547,2.11240401963263,2.17181321170844,3.0690038530958,3.09582631859969,2.21420894139728,1.92377618360742
0.670725567203114,-0.0517256063108982,2.16756826110483,1.35510455634435,1.49956072091231,1.5127503922315,-0.0914524464640334,-0.180941629019463,2.06998262951807,1.12984985985438
2.65047915076401,1.84613777993817,3.42018294606276,1.78992801695265,0.122077859863732,2.18595048638908,4.44664695233774,3.78416658887603,1.23960989140098,3.20607269859976
-0.564145151707595,1.7448527072295,-0.410519042998441,0.224893584735922,0.0469302887146254,-1.01099858301616,0.15454069249702,-0.520771629755322,0.337235406437479,0.248279349640142
1.84436601985408,2.27235728109999,2.28032374518567,2.48157718731487,1.5028417858886,3.57647340752539,0.89876730767836,0.5082046391593,2.30013235132821,1.78571161977733
0.767446618855149,0.818330886403471,2.53181267629385,0.275195217444777,2.23950482010798,0.67697782204311,1.61653580015668,0.23741574003179,0.994939044156183,0.514682249921319
2.40786294448991,1.10440859146356,0.843575402898693,1.46343003958896,1.84915714250793,2.47803359736698,0.427598018738777,2.50095766974263,1.6326065195761,3.00837202391174
3.14770619535488,3.36343098369641,3.06100434397858,3.78132241047579,2.6604081917076,1.91724204713319,0.883599205330251,1.0422094147157,1.61979728774432,2.32383650636651
3.12818293106308,1.07156598002992,1.94224866402074,1.14488441971777,0.71740786070062,1.82089313254871,1.75420450353136,0.280785057343542,1.54213217553108,0.116890857024462
1.54601678632709,1.98889975146696,2.11908494049251,0.780261694935765,0.603630296856657,1.1880169369467,0.648111369906575,0.561280043608075,-0.21193599743024,0.604103798240172
2.53556481839637,2.14356940569862,-0.517538866046848,2.88093812343999,1.32676042447081,3.24888927914796,2.78546548291498,2.16654246133453,2.04498303110011,1.22695609374989
-1.09251379307712,1.75344041032604,1.52325163826715,0.774349682582546,2.99778495733534,0.645037634694463,2.41066284270016,3.74272899465143,0.118064292764321,1.46432980979724
1.87078713131637,1.71921971670635,3.44305265496567,1.69693775934599,1.93211957382236,1.39021516657704,1.71839497439428,1.64389645750969,2.56101875950397,3.66834363693073
1.32365372502592,0.833985759156366,2.43835778660397,3.13853488196867,1.47283118191722,3.69054086781571,1.81540445228861,1.3760627113208,1.59588115023652,2.56409952372309
0.953584748106103,1.86084877483793,0.192698598481367,2.54674860994366,1.82303998196412,0.266408093980246,0.82787201755094,2.10489757156745,0.715243091244631,3.0136265907744
0.878180855912765,2.38231974048294,1.6087029246326,1.22358474467776,3.92528193993157,1.44418762346451,2.20889806146534,2.8648386473569,2.56938801439721,3.34623225390176
0.938180789691,2.33652744791154,2.90264334190484,1.20697818144439,2.80573773846694,0.427288393440433,1.62403762547378,0.901907366764845,2.7132608809453,2.94026847404642
0.876122790644532,2.19047332436593,0.971209655159577,0.0854340989539156,1.9364370678916,2.97709815292556,1.97612323166342,1.85103065830499,-0.471764096973446,0.951193680594636
4.68189540066702,3.25703527358632,0.951622984374235,3.32718224035423,3.33150377207492,0.86711377365273,4.04924250200995,3.27642449878797,2.03253461641991,3.52219745867776
0.113306508274304,0.485913109009266,1.11785116560771,0.486244307846234,-0.555635627654025,1.2641682912891,-1.07233385537565,-1.13346904137416,-0.513436228849141,0.0141252256626534
2.19274060574213,3.1403697386487,-0.280706437734628,0.830598434588711,1.31046595611911,0.993707785231802,0.92661733278404,-0.906295651903787,1.00578327488353,-0.212637022329596
-0.684074897964229,0.433690197080989,-0.686450004277792,-0.139014420955102,2.12867385491173,1.96903439406676,1.4270085475871,1.53611411601319,0.0325111950512623,0.447092805514669
1.356770483307,1.16784328709965,1.23392737826952,0.871673210318822,0.462103364898391,-1.30436734183011,0.565363642774393,0.0892319378060891,0.628454240923296,-0.219678165711803
0.299108299216873,0.780740540323004,2.41588311382623,3.17083189127138,0.541344904899867,0.780702980363907,2.1939874447882,1.40020557539587,0.936169398049385,-0.203132386629684
-0.801813492855309,0.596699598857526,-0.796488018353757,-0.361809669339318,-0.867664983193103,-0.226271960205783,-1.63761220312194,2.34089524892263,1.21252131811144,0.38752337576643
1.56278739940836,0.993866569239755,2.23139338865185,1.02730948994619,0.894386605076491,1.23781480423122,0.486428864843464,3.71534573490855,1.61594493324828,2.07430458419307
2.96997887341337,4.46346102684689,4.3931442089522,4.25456770288421,2.70917149355647,2.13043712673828,3.2921711050323,3.25828846785554,2.02309734886454,2.89223361897858
2.41119343774769,1.58121370660623,1.01589587858587,2.97420755451382,3.19985956677788,1.07524478773181,3.06251511719839,0.602560820007987,2.33491209239573,2.49220665037488
2.0117080506433,3.43397464298921,0.87060367921812,1.66395647647334,3.51372264341981,2.12309486013592,1.11644397204525,3.20917099120886,2.60949319676177,2.57296257274344
3.9926807345034,1.62505255725701,1.95335337286273,3.56997024773695,2.48706928471324,1.29065549886148,2.31591336573252,0.966775209874558,1.54435368278572,1.01973970308557
1.69659780053458,2.05163825239737,1.43722856062594,2.6175982833869,1.81802607198249,0.966840435971556,2.81390696646906,2.63258699648107,0.961187944818961,1.16892975238791
3.88854924393089,2.70041732424349,3.05183821161638,1.86886391972834,3.63024341714735,4.76688894618236,2.75664601328108,2.59304877293392,4.35795174078799,3.20591100777891
2.51451795742073,1.25618076867672,2.42998629521129,1.91561766280678,1.21250718575317,0.927784295378457,-0.491341547435926,2.77458914353326,1.63720893660919,1.91589952112137
1.65694793434872,1.8406386985888,3.08782192782917,3.11711825068441,4.12706472783951,3.49450362555244,2.21884807625417,2.96559791774518,1.85668975578237,3.44330103114267
1.02938494140931,0.721222039143969,1.79718580302217,2.99656309102823,2.59094267164661,2.5451158570565,1.39638843669629,0.386381272109329,1.09500735538163,1.40822918585037
0.205551839633886,-0.0844328718942218,1.63625772428298,2.06103886538561,2.08189420498486,-0.145970716479385,0.728782052633008,1.57039959260521,1.15973639321419,2.42583238292494
0.607072809104475,0.22109528294863,-0.305733335475443,0.790564174991679,-1.07152365015362,0.267317465474642,-2.32158850699417,0.386674685579577,-0.728346142455809,-2.08239941072745
2.31154021308248,-0.659761689497668,-0.060907297904196,0.263705344458993,-0.486310412021763,0.886785449254126,1.08191344815606,2.72799267672503,0.248685439237272,-0.455765482432445
0.813325829423575,2.41403320720734,1.08365444927228,0.566321154526611,2.62110415095706,0.0932117652683964,0.0512720621716859,1.66554281109095,-0.387280713321965,0.707955292580237
1.79585391422308,3.17138210970882,2.75337146581888,3.36236509530187,1.94993494014535,2.06581137527797,1.82730274890269,0.927210192693187,1.6024610527306,1.58149133103092
2.22059203317394,2.08534634963299,3.0299423281935,3.86049665799317,1.59354401941953,3.23509590874749,1.95755784703396,2.7588100375236,2.34570376216275,1.73956501846123
0.134372754049204,1.08773407748584,0.293611235577038,1.88896755601181,3.00202763693453,1.89035497746626,2.34818002403434,0.248404652764057,1.43831918261267,0.518458472325322
0.416882572927269,0.89268373129029,2.77106735345494,1.22289673416897,0.284188770701239,1.38328717984701,2.55325073725663,4.16069567936187,2.17518185447118,2.86058551144731
1.11626664850952,0.769375574711113,0.539016992864457,0.738273376225113,0.898462433744851,1.83106512730819,0.980272730461481,2.53768034753796,0.924983718666201,1.14024858504053
2.55511816135764,1.35109038915962,1.12935471054928,2.16797943955562,2.95688353321312,1.40934143548609,2.2658223537022,-0.366988283264326,2.66174192829501,2.19156653017281
3.16222234559297,2.66199263942488,4.59673210393028,3.36123760731656,2.54323630323251,3.76777009170892,4.7569524426479,2.3334094318578,3.04462681325993,3.40234999448591
1.82514168823761,1.32003887221634,0.758767582631975,3.07218611313871,3.40404936591164,1.42995352017207,2.8463326082516,2.15372485600511,3.14860947169428,1.99763660973608
-1.17027434079244,-1.21602297619301,0.387313721103565,-0.555965855706406,0.441772053954943,0.27481400364779,1.17985643492634,-1.10349143546643,-1.93770413125496,1.43215323027192
1.24695822699821,-0.79645828276625,1.44165453467418,0.156444560828923,0.738731980606032,2.10756663902152,1.74956409134264,0.27600999632308,-0.335627164742421,2.41946642013334
1.63852152400458,4.02823129829561,2.56482989274852,2.91620202242623,1.25387346331882,0.919835488988707,1.44882748831849,1.8010374711095,2.50861968160285,2.80423577090072
3.96868841743976,1.69443016270598,2.70746961259291,1.73896474765387,3.14447159676628,5.50490083795826,2.51418503383185,1.55855955340943,2.22453043118403,0.572720492868646
0.585596899724264,1.43060382979161,1.46566558800169,1.39523420751989,3.30540209828938,2.32164073384399,0.94333780721758,2.08836809007393,3.33040246605706,1.55825378853722
1.45945168755741,1.15371887763301,-0.528058273564713,0.764622942406048,0.423371931868389,2.08346671018196,0.553127226423817,1.82288027966934,0.583091409079651,0.131642581449269
-1.02323394686247,1.26777349453283,0.187931194459938,-1.10980882861307,0.194279542086294,0.16780801448927,-0.803972517747828,0.989224693975307,0.175199607951158,0.20239951467945
-1.12105234086764,1.6800090122091,0.178145504406152,-0.61216240004569,0.323737288773762,-0.532019782547199,0.356237327301085,0.113744210490701,-0.505198436506151,-0.0316193844119822
0.437258455543704,3.3886570038539,2.51481721830992,1.23964275294435,2.20987008672353,2.10169025622681,1.7987644209758,3.70972445646808,4.38424667635304,3.18019778139354
1.73502663072629,0.152799929829207,2.46062638358577,1.31503085209527,2.26595772858564,0.480716225468945,2.1337508384595,0.698533404702868,3.50859447323164,1.8397114972014
2.83133381595665,2.5807758678031,1.63232003219378,2.89409755563113,1.28904636025787,0.769871757383323,2.65663263236756,2.43985346879249,1.04273916430537,2.14267225054285
2.50999740613865,2.18753211629363,2.49575443888841,1.47531615039264,2.10995552510656,1.76466426644892,1.58336857019322,1.73673376832097,2.97297874590713,0.458768880344506
3.14284899036301,2.24620888584204,2.06424357075483,3.95990308182602,4.0912412013795,3.43756287317002,1.77259739726805,2.45328790822847,2.10107768918465,2.44205728912202
-0.767329802564274,-0.320391688959552,0.651304271776393,0.298592992065919,-1.07470692131441,0.419936557873095,1.36038382293347,0.333819649633018,-0.0165434669561643,0.44717673980865
1.21248892977542,2.59549524712228,3.63077357751117,3.17422959019818,4.18687625271792,1.87346744818871,3.13291835772195,3.04296958635736,3.77719876943391,3.31513644992457
3.03380685023856,1.80204088776013,3.507844425827,1.75418830795913,2.77277914697495,1.85313327733836,1.71536666252182,1.20806115390939,3.05660170781695,2.35987764972754
2.38730246277593,2.9802601012241,2.70919196335013,2.61074759965152,2.20644563951285,3.13570508274828,1.17111619003029,0.383448020624219,0.274522768757778,2.47180413164379
0.784077552302122,0.551818441097655,1.86478301524585,-0.625905674162023,-0.291809267153918,2.18715671899919,1.23961610557106,2.62022202155583,0.58417579345156,0.412249729580389
1.17340255627766,1.2042471007465,1.58341613165386,1.83524511444236,2.54502157966868,1.29441114503942,0.659501619202892,3.28218417387976,2.94986164207717,1.39337448553356
3.06142420487455,2.36697401767018,2.36582679860683,0.352496845973627,-0.367782928623914,-1.6275723810837,2.58144964605705,2.24480157718185,2.0439098965476,0.256285513022161
1.36573361977178,0.386767931224582,1.41205130013488,2.0722320839401,0.326633288144445,1.68922820450714,1.61040164441622,0.884267821108316,1.13800437668144,1.465456474772
2.11998775768766,1.66871079134758,2.60642954012531,4.53732256672039,2.38002578967083,3.57404790306504,2.50280890564018,1.94867266191596,3.55223443685694,2.76851305681258
0.900488590621297,-1.49883984411321,0.103527876480006,-0.0797232880261685,-0.208550597076305,0.543880158771538,-1.50892953610838,0.222324395767074,-2.90028121577924,0.399890426578041
3.63145972732644,3.41388562653037,2.43733897458534,0.124139254999094,1.75239631462324,2.68534548820216,1.61864587392733,2.44837598792028,1.71303418677845,2.776271137054
1.88558473317219,2.5427116804266,2.80054815810945,1.45609467769592,1.88965391357176,2.92334387724852,3.2380658667944,3.00191914924528,2.01975233721523,2.79540467586284
3.35760306900179,1.2404092705928,0.00770929995629022,1.81701662412217,1.6308910284708,1.82646115340668,0.786082093408591,2.66146571652134,0.937026993220005,0.531554703857497
1.6513060535172,2.35371973345749,1.63952641241962,1.57977124676562,3.05754383183063,3.15185090682231,0.257713444237043,0.807914508005514,1.30730240824795,0.415356902007857
1.56653689299998,1.11283900272777,4.75425295207969,3.71189139197684,2.03325486166236,2.03388680057565,4.0010113496452,3.81482781307751,2.95078191411522,3.03440858393637
2.55041214209786,0.266696489986057,0.617561943950973,-1.28677310352289,0.521885634394009,2.11215176011219,1.16446684219334,2.49273451521768,0.641566183836091,0.688611386919666
3.3226512932012,0.128076488263208,1.08196751073573,0.532101082541798,0.899685128172153,-1.10693886816122,0.505440621977271,0.371503770417465,-0.899252760897576,1.76297449915029
0.384179823743826,2.48052482638397,0.249543576245521,0.3990535754926,2.45369423950625,2.59667725113947,1.43243999543537,3.25209505589443,1.20208340927389,2.69568493210152
1.92079549809753,1.19145322412916,3.24100824053756,2.08689855151713,2.57076946336174,2.8819482817018,0.560920102844303,2.73064582794427,1.11866203895642,0.363826191146785
0.176881411912286,2.21595050611394,0.78739468121149,1.65755678326548,1.41311460373661,-0.685919744769355,0.67904867927192,1.33611085504133,2.17569196665685,-0.0858800266736572
0.112986763223976,-0.0741428874909738,1.53980628761094,-1.48498134139509,0.458728325369932,1.72078661252495,-0.404447021659461,-0.787010258650126,-0.47230821796138,-1.80883211086215
0.95280265998255,-0.113328618028775,-0.460501922056791,-0.950079128333114,-0.977009468052634,0.296552685828803,-0.0316581110827519,3.52621424154227,-0.321249652560957,-0.377254256195429
0.937284330054171,-1.6848231726349,-0.06546236759826,-1.74540548710666,1.29771780996726,0.284201175344781,-0.799734220270909,-1.2621503698901,0.691961504964746,0.601284337635452
-1.50967347753713,1.90143773878558,-0.00128101901844618,-0.840497450491742,1.83820004257988,1.98743704627765,-0.307779972306847,1.01159700596054,-0.0272398715369282,-0.259231163864907
2.60555243205108,0.414268128602941,2.20768467333364,0.854143988710393,1.8909401825786,1.30016053017012,1.00616133106856,0.300235376761623,0.435377803380909,3.29902535160974
0.182884615316271,0.590902113159645,0.553662389257167,-0.794391127163795,2.53140603932417,1.51025538735624,0.823076151044863,0.425454993261091,0.405304983298764,1.81326487239431
0.546811398455874,-0.0793007939584771,1.98521941994134,0.545529990938692,0.397877917215166,1.15881966071107,0.0152136330212118,1.43430422086778,1.34638345488164,-0.0633467600209163
1.5794825624114,0.595831532776182,2.05753741597801,1.67779032628567,1.64225831761879,0.575775146769073,0.910178352254607,2.77023989192658,1.06976888682047,2.1221872014253
3.40418203904359,4.92575538568134,2.45073515387841,2.79347196440331,2.16491625543153,2.85817474002347,2.48439610769981,3.57120556170955,3.11672096443727,4.23884533345187
0.535715933756463,2.09388035944444,0.183632050488781,-0.167332075825245,0.919964996589229,0.148648533075238,0.612492938046859,1.9964764543829,0.766468015314932,0.283477880217542
0.832511034432837,2.47016888091761,2.62274596206023,3.57812005565013,1.33839182365835,0.184697037286156,2.39169681720328,0.312475957192973,3.25725119487759,3.38013416323822
0.417333920521367,0.666251576254385,0.283024184612767,-0.126135569120578,-1.14501455554719,-0.5311525765249,-0.0583275571036638,-0.071354706725066,0.414317081380227,-0.25564974697106
1.10460908113947,2.22120126324167,0.130403586530263,-0.0668326675880146,0.322275318637587,0.193515296081722,0.51809411825664,2.79025416442905,1.34304659110936,-0.40259868056651
-0.671132812157094,-0.926319213020212,1.14812569314816,0.998050098877732,-0.959380383153976,0.245437250338045,-0.883200856817742,-0.912217417156389,1.41521818775848,0.0672923629940925
3.47596895615181,3.81678252395831,2.48281983687459,3.71514348127838,3.79100552097372,2.90575245747072,2.95096965538167,2.89809284709367,1.93892973538428,2.63579594142657
-0.107444948467982,0.55190869949311,2.75104865504143,2.13739802116487,2.57616692970493,2.50577470022664,1.77920802463847,1.94344675966068,0.341513725444742,1.27360818995207
2.76676040984443,4.33114089823934,0.970647919619083,3.22548912349494,2.65253834447512,1.00913596793011,2.24631645753324,2.64480617149259,1.84449575428583,2.11782647085632
1.71521466934596,2.12681156821932,0.961154807684835,0.821562147269421,-0.55547069623571,1.02536255367116,1.14409248156046,2.51738699414088,0.515998736121756,0.373032678652332
3.18858383575414,2.07287240878417,1.26805898286957,2.47369141109247,2.25527784436598,1.35124534877688,2.72402816687564,2.74184802734019,1.98098969843312,3.33091589834034
2.5519140775876,0.449355471416915,3.28743235224245,0.876482814276258,1.30662332273274,-0.552135315789211,2.71926432951147,2.26854396079072,3.02323657668089,1.57122896549617
-0.105245178205071,2.86007556814189,1.2258570208554,1.24946551700767,1.76523312393696,2.0686100760644,2.0406193356588,1.14989287400456,0.519878421490727,4.24302341199362
3.04061522313383,2.96883643059377,2.9933895666989,2.98995400403555,2.83290847647726,3.97080703467801,2.2279989041118,3.00977915952165,2.38244792767256,2.68580214769743
4.37029721432139,2.72931353138818,4.60910981537386,4.41845335007084,2.44961547360294,4.33214527199335,2.33412718163597,3.53674104512928,3.16624767903748,3.24380074497296
2.41088986312156,1.3813604562936,3.56855936583487,2.49053266205165,3.22703658610002,1.38153174064933,0.8344496542482,1.50423984231302,3.95415924831952,-0.169658819418509
2.7599754642203,1.98764838909271,1.2310355173272,2.69399001958164,1.33925723861249,1.09646397746902,2.63104058318605,3.54179659452106,1.73187724153683,0.863108267526207
2.13088865166106,2.58644176229208,2.28069033897869,2.54921029250976,1.51854324610199,0.896695296579973,1.26974863403496,2.67951209337461,3.20383683445548,2.8918351771197
0.470795212294247,3.07598519962663,1.12635295908361,3.01724505919134,2.26616032786214,0.893837967879103,3.35147722138314,1.45487083593889,2.4286887718972,3.36034452274304
-0.0570183659669281,-0.847078639512605,2.26091516371527,2.77146489512506,2.84901431909905,0.457848725662955,2.32716369433817,1.89090344768095,0.320369428659026,0.130821963732617
1.13977879161674,0.145738414411932,1.19674252291537,0.203896505449207,-0.127664103079631,1.7137936804446,0.300698129732519,0.623807350683052,1.35233588598978,1.63270454970458
0.798757131191064,0.726316986595236,0.633071881378222,0.867749514605049,-0.495425822786587,1.23203954189399,0.751540144534554,2.62582013308471,1.6624573620355,2.0491864903319
-0.503805711842439,0.0692689507387761,1.43436093592916,-0.704068598567505,-0.536575759674584,0.177974107750342,-0.0840635209706813,0.538218325507202,1.02259066041176,-0.137448023042557
1.18877304084492,1.28082235743648,2.44139885365004,1.31958020276121,0.504482270745734,0.883574124076485,1.5501858318624,1.95820852918689,1.33230024544135,-0.564701892126747
1.74678973232997,0.925856495125285,0.112682419920588,1.1425018200467,1.51027595719258,0.684282360943407,0.128360341302575,0.965084859985428,-0.704037900605015,0.722200879359267
3.4830978937385,3.73218089256909,1.34663651929014,2.37397927417299,2.73626222780496,3.91371826269666,1.95766973915992,3.41201564669343,1.25287218346649,2.63878393181293
2.60701055759822,2.92450028776399,3.23751106827013,2.5666970243991,0.921362253040447,0.0644692427296283,3.18471068011419,2.54890161890819,1.71043708151425,1.69189266079591
0.810505751620667,0.920553868030127,1.08567779089658,3.56503245843599,0.515724924876788,0.479936887364974,2.09006017390084,0.006426778414376,1.08490391615739,2.64399635957201
3.34650402477886,3.64326924073009,3.87190930671146,3.53367068807889,2.5804264178755,3.51249906583725,3.0096591790099,4.29365533045334,2.5763140178052,3.20845770765361
2.23911038127995,2.78861494529114,0.97096327032418,3.82969144645534,3.53590018388269,0.927221602001277,0.878566462431271,2.19039947804212,2.49072057535741,0.394316088507523
1.05585205162596,1.49066797639854,2.8538360635709,2.30988280688265,0.943930505891471,2.05332558705988,0.0216431517291251,4.07478142416272,2.04428317058535,3.20139310802894
0.276312763884627,-1.49556050997661,0.866220248729046,-0.976218593885004,-0.446068190187561,-1.05252936901787,-0.300476305072312,-0.733604509496439,0.481777711833582,-0.500360805280763
1.48166047715288,0.671817699186889,2.07324469183147,1.39437850374431,1.12436247333176,1.25706977807839,0.624905289884373,1.90529519044177,3.37495928527146,1.29324995838985
1.00664779980109,1.26540418244513,1.19425830885055,1.87008344498185,0.923497020606173,2.26934105504753,0.985279769967966,3.4201396507573,1.72365562342606,2.52116754688019
2.12436691756297,0.679465699542398,0.334157249199802,0.586671830991814,1.58385289951258,2.0060697392941,0.635347738231909,0.977982477339507,2.0443676468342,-0.262077080284746
0.81886514739164,0.590618726244003,0.310121251435725,1.41198684095466,-0.199350574101722,1.17638302300198,1.85569522492305,1.29063615380373,1.20275523994266,1.05156781856823
0.584598259802845,0.943513198304819,0.381620223908787,2.7461508025507,-0.489400750909676,1.30147356638843,1.46494361029156,-0.282808136917643,-0.479937918801611,0.72631020018016
1.00302225557936,0.592448241939471,2.74012092790341,4.41473521535828,3.26235909870277,2.31430496747349,2.49189364794055,1.56036304903597,3.05833871136936,2.19658851642279
2.45713383744537,1.12660558460713,0.456480941454497,0.531328977126934,0.928239999981049,2.58417333747257,1.78750540840529,1.10156094890539,2.55126315594371,0.64779531089276
0.223256779631513,0.486538224503596,1.55574829435526,2.26632293304977,1.42500372423159,1.50802228801132,1.46595305537507,-1.39249900465778,1.70647787326424,0.393603772295592
0.34332124701378,0.396480602993831,1.81432423963289,2.00609618947038,2.1116805162805,1.02419034894157,0.511704059258877,2.2221745264353,-0.68316329418448,1.07878736987366
3.76401631380938,3.78672069939505,2.73478939456238,2.05862110500754,2.34581890042608,2.39181575153847,3.18205135598547,4.11592059144392,2.84327656901235,5.60664880187453
1.33305123663056,1.02055131519958,2.3200444893041,1.17927251419827,0.838343343412438,1.13295600727695,1.18824575684847,0.455929151146798,1.8682877953888,1.56143007438318
-1.04471013707071,2.53327708514497,2.78096632810117,1.04738712304406,1.86327182769411,1.37282661857139,1.03716387479987,1.11644961182846,-0.50228691829702,2.0835261374963
-0.142675826672219,2.29486169327212,0.925893821729918,2.2471346878325,0.912167475976694,1.56727413094472,2.34797754212223,0.696705822559161,2.01540298732989,0.858179396552586
0.89210407850956,1.03134805204817,2.56843087006491,3.43288813446838,0.906864186262741,3.43283408933116,1.12814250236313,2.29713380040783,1.73067977530029,2.08369744637679
-0.341762434544716,1.37198100341793,-0.511956627649424,2.93479511746358,-0.931620804123183,-0.537338791794076,1.73040472303267,1.29954757091036,1.07503081328496,0.286669782867329
-0.364309498161484,2.45407241615125,1.90703344430604,2.0789125329029,0.940068071297988,1.03141380509612,1.54914586984268,-0.0334929584925792,-0.484493246994571,1.14698127954574
1.80654233254728,2.20815376075686,0.618809184466931,1.26461038510275,0.0946330225888674,0.620717938658157,0.111890610129157,0.51008928583827,-0.0903238359397775,0.315855793791672
1.59251150886034,0.532036116950186,1.10691133059112,1.11545157155095,0.302882227838651,2.97828707042888,-0.241990798539695,0.396039326503011,-0.00809743860587764,-0.0112817876271036
1.67431760259276,1.41046779634788,0.588218741637543,0.636609134529134,0.789293375378805,0.484091584964672,2.89592538458412,0.359249852899281,2.41252850502924,1.62657968215863
0.85831661958334,1.9403481509302,0.28593749325721,0.804548545219685,0.490814700056353,2.41066739079194,1.28156601134605,1.12963126373309,1.74147536153013,0.0695006096102103
1.14687775324856,0.171917533649605,1.74171019534718,1.56102560711494,0.849830527720836,-0.431866345247086,-0.490802984884839,1.47484139657692,1.82868710755506,1.685794644758
1.38256529558264,0.621212284968524,1.37103577358164,1.35699546042451,-1.18846947296981,0.83605924764906,2.83022078737813,3.61689046564602,0.73409002587703,1.03494664820575
1.21719152959259,0.221469672880671,0.216104418363096,-1.04839097071677,0.942651552479036,-1.35730517093969,-0.158475181640098,1.5225531418281,-0.23618280636253,0.100822389259845
2.04314725093325,0.712300876178063,2.11528704404357,2.34435375292942,1.85069020916074,3.05024004474549,3.96763470302992,2.05984642624126,2.37856385444515,1.12694039670675
2.87317706002227,0.523885884509494,-0.499092060866316,1.59575315946227,3.49678509817258,2.7245522460955,0.694998669139261,2.20140050104319,1.80565249517624,1.81235575912211
3.30832435169107,2.0928005678221,3.58778246865997,1.44866434280634,3.70361433252955,2.3590831808379,2.51220592431788,1.82573586921824,3.55774266233336,2.26648220542621
3.33371044030414,1.97886640677286,3.83353855208654,2.33495526432633,3.39848270688169,2.34674177269166,4.64593470375885,1.18757458723572,2.50064314262341,0.689236093103929
2.07124665898668,0.342461790385116,2.4231912623287,1.68642267816565,1.01878275508464,2.75353266575965,2.65507271818666,2.94571300286148,1.09304275332206,0.936115869938088
2.10299830855172,0.689423007297242,0.377965693261754,2.3127164878809,2.7898517759807,0.744210942997872,2.14547307488983,1.86240485523693,1.85787399011307,1.41176483668599
5.18238243920089,2.46478476605113,3.10737221660817,3.76828002151593,3.24271352040581,1.81402328912831,3.09104039966695,5.0129671557166,2.54328631322073,3.66933281621322
5.39120503566726,2.4039992933755,2.49292649758309,2.17570853411025,-0.0368733594817106,2.77147625460295,1.76288598879844,3.16426404163244,0.697687935789529,0.996149372727828
0.281045552338038,1.33164483427209,1.64950262815029,0.23766924173877,0.565928918164911,-0.595700774709301,1.29668457585279,1.52073116236284,1.25002334928664,-0.74923228776412
1.4643147074865,2.47606355482332,0.831524964232655,3.56237190972301,0.426894584705031,1.44167525369434,2.43878835898036,0.599094464337597,1.71457318803795,1.64773786916029
1.3584763467064,1.13106480255509,-0.273773493795913,-1.84093551396526,0.74677942134637,0.0143317452259181,0.601714399815497,0.69370457945644,0.0558615560807981,0.785005377155624
-0.326469868794639,1.08092345195378,1.23066118981481,0.514184885583779,-0.871655341322354,1.39766011159791,1.55310642326592,2.42391779962628,1.47807930652065,2.01305254429531
3.51316682700342,-0.340465363175342,-0.420153197620751,-0.0121318719369303,-0.533365966630749,0.148827244416417,-0.0525525645304832,1.94436569788095,0.456272531661268,0.83664455053174
1.39671428840403,1.14268337781279,1.34930789833695,0.139660884043122,2.05190381734129,-0.718643809454294,1.19350414848703,1.76210291466799,1.21116217409684,-0.180540959357684
2.23236246828903,2.16869251332661,1.8162829703339,2.96113529005194,-0.400056076270993,3.02780727925998,1.40522542654026,0.00304682030971914,2.03388178772879,1.85992544154494
1.88027801173856,1.1805951705131,0.946543120816824,2.19161987433357,1.26040604971919,1.46704426924173,4.4213218669839,1.67591396399972,1.8045389691371,0.25684358538945
2.24357451423589,3.25173353038864,1.58995568431507,0.996119765162348,5.09364669426195,1.67611900060006,1.71137002894425,3.25974175884175,2.39863883572505,2.4344105825483
-0.727587988595158,0.450091281663268,-0.524937199006097,-0.322092129751909,-0.828022426765634,0.0204986424039921,-1.21760719815337,0.0705901147352439,-0.0958433188135345,0.244938193799866
0.854253069416517,1.28509203067834,0.863145252070864,2.63890311029974,1.01384016375372,0.280198430968693,1.81726282114021,0.341027666191278,0.0324954722566085,2.27808160659731
0.487568738030557,0.678870757852509,1.52142885275038,1.6783058451434,0.343715789724265,2.84335687869608,0.492534509829096,0.761206091486949,-0.346893979352486,1.57314855195988
1.37829902706624,1.89417080994092,0.814890292315013,1.47947399914684,2.02688968457885,1.93916591838225,3.23011187546354,2.50609272894709,1.33660528551535,0.546353780024346
3.01867750956773,2.33614557564268,1.35823132601175,2.31605818316212,2.29031663903042,4.42555364156804,3.3097248008881,2.83520028380346,4.27943703307901,2.49488204519152
2.98435515757245,2.02051104836698,2.40602830968987,1.13273827458194,0.784463679439022,2.11278862637991,2.1021532510323,0.220561753658855,1.74198378160407,3.23222878933596
1.9566079233576,1.94576714548092,1.16938975804583,-1.76928152857,-0.166533837630473,1.06128960990643,0.471869356478683,0.907010439130247,1.28698085836109,-1.18864433258307
-0.122042075771343,2.70395256434802,-0.0158312203803068,1.45558200438962,1.47090005053389,1.40001509575445,0.831700467086204,3.24285075979422,0.11395372026561,0.799705695526001
-0.335639927082662,1.21966166339423,0.541044928365273,2.58488056122394,0.0575051842025479,1.24882649534406,-0.547251776679992,-0.100926980151845,1.49221766381083,0.484099143851873
0.863568773858856,0.588558435053413,0.392701796834936,-0.0616867017244283,1.07706783403645,0.525916163562697,2.46036563313379,1.07870031960702,1.06123109984455,1.49210064698202
2.03726047059796,1.02251913733326,1.09380320641483,1.01880299975957,2.49720005771763,0.779812142359705,2.39590330831674,2.78429236070048,0.72909641352108,2.42352492891965
-2.44024679888772,0.811892686546508,-0.0304096644313209,-0.918618196200176,-1.08823078894639,0.79666400492532,0.231252881548626,-0.644057914730491,0.804525907793585,2.17081102806934
0.438329451119706,3.47816606337624,0.951262182982046,1.45133749749835,1.41534457933908,1.25609190889221,1.8470983915604,1.67207044164423,0.73808943378966,-0.221381695117059
1.04216488698442,0.274742404242487,2.36479694281289,2.89597422888533,1.50209839600399,0.348375581282887,2.52332257335673,-0.120292457471409,1.08165870082819,2.14347318603059
3.42004939166215,2.28150821979239,5.47319060348427,2.13910139876025,2.55407866005513,1.38878928333,2.18333056088625,2.56295978527407,2.17647495508337,3.89094304019683
2.02049781011135,1.17765318610862,1.26940868746773,0.15548885587252,0.80125887743327,1.88317192172247,1.39959645167851,2.48194610913847,0.416604061772589,1.7751905818263
1.4887920805403,2.04458149423509,2.91555385926431,2.33688577345439,1.35563093257792,2.19762701110695,3.10570460021423,1.76620317675291,4.24774718626822,1.70297385273883
3.50456861462953,3.41484089310089,3.25495679965799,1.95282557741145,3.46029600664972,2.32179683172961,1.54200136695047,3.36669689746568,2.46411578989913,3.3165533297108
1.75881603574459,0.930999334497313,2.21091328999723,2.18105550920641,2.41973913505852,1.93507798435337,1.89962941988544,2.99908795413298,3.42502149121628,1.41841538971837
1.4479107058223,3.09430819626516,1.47068518667482,2.66776688820392,1.20070862876434,1.83165019272135,3.09481059535072,0.744511052446882,1.17889044401661,1.1555637550349
1.98105312572813,-0.805063018851042,-0.043246643735823,-0.124818945716488,0.785652769255164,1.51162274001663,1.40385106136888,1.21952997777283,1.02916681551123,-0.909586388225816
4.91771727001865,3.09128624192849,3.6048181485952,3.93941713105766,2.61774222866533,3.6137539811374,2.30759349485574,2.99956511594308,2.70495437828717,3.67481858773575
2.29829986876408,2.89215512089673,1.0320091321566,3.4832886598569,0.548716121867446,0.455270485531087,2.7898324798586,2.28293264925085,3.69043503058083,2.17550467140928
1.54973805605344,-0.0865184330812143,1.68385343214217,1.23264663519817,1.33258750203753,1.64128461788845,2.74542451114479,1.23424293683196,2.46615322795065,2.74509312749273
3.47276550615441,3.1931168064185,1.10182286817335,1.92730524199945,0.924178331221088,0.904301900079262,1.76514562953955,2.19423417723458,2.00652583416196,1.75923317013667
2.63732996364589,4.2563113954802,2.99858927783494,3.18734871382967,3.98378077431371,2.58641826198082,2.47229042908999,2.74569223740857,3.73533905184864,3.04696005166759
0.582987274705373,0.93925034321427,1.37752569164862,1.3057438051865,1.8733874155232,0.805582443763574,0.0192276997726898,-0.174544977368972,0.276684278515505,0.760119754466331
2.57584646969534,1.24932609329128,2.192842941559,0.686315203353949,1.0885943967312,2.11036776143067,3.19566630628452,1.59191313805434,3.7116811516367,2.89717844843464
3.80793823144578,3.62996734557108,3.7465522335856,3.83590905307694,2.36934642496807,2.40019235662339,2.68506448413062,1.46374227981079,4.19775561738915,2.11687881861845
3.34707839459733,2.43581452161864,1.92352799570872,0.966304441196453,2.64424583143114,2.25635506332672,0.848096069688687,0.32373970307413,0.738998031405073,2.33275675170897
1.07034485702592,1.57170768736098,1.09358546269009,2.71870680011627,2.53871400710499,-0.242624368505671,1.04832029141894,1.01905466961416,0.265604281097323,1.31266958449984
1.19806878007249,1.06201936181498,1.40416988536564,0.252787233525683,0.896147536100313,-1.01630735590998,1.26732099232433,1.3338490688085,0.52206638185247,1.59730853859766
1.54238451985643,2.18808436350502,1.59505735159241,3.18367596149495,-0.202355787679557,2.02821811130373,1.63668792233795,1.0595580311043,3.10851489361128,0.809089534036942
2.18141609213435,2.68852729113183,3.59950254515795,1.86197965572736,1.77279413565935,2.84010764277284,3.37895165688682,2.78656363203157,3.46586260986977,2.68343442004426
0.230862821967092,-0.0002500595908006,1.90100090008193,1.28400745132407,1.91254114972244,1.18643575522145,-0.782385245511659,0.493658388635702,-0.155406293588404,-0.188233610818502
2.87353230891778,3.6277238214321,2.04487791481212,1.52067880751914,3.21976995307443,1.31961905942237,0.592032764136311,2.91503106389039,1.21318732494051,2.97260335119621
1.7169855438247,1.68268709307738,3.16831933696871,1.58466867511391,2.24251906577202,1.94588181552723,2.99045224486237,1.44369200238559,2.00616861383237,3.11910263243951
0.384684021849357,-0.419293863374852,0.274568107566535,0.258519983911847,0.980122496961448,-0.348260443695842,-1.00321487228061,1.77259998784229,0.362384984883764,1.1700154397174
2.21964077303523,2.61483391719986,2.21304513543326,2.07968608623368,1.30708147866348,1.33522478155639,2.63172671767612,2.77911176156353,2.71821495085333,2.48292885600062
4.20023709723509,4.45347017921128,1.86929937528002,2.35411346786442,1.61892838015283,3.14874176394484,3.84504329091134,3.20960959824299,3.86038289125821,1.2439418416516
0.978208728439241,2.55102360628661,1.11312070221923,1.62513287796472,1.85568184940773,-0.424701543529659,0.184076957882819,0.677500993348967,1.43319223175761,-0.149266853380218
2.49858281814989,2.41805143696256,5.09541365349611,4.59756641010809,2.79669168797605,4.06494370534642,3.54600371290381,3.54942921064687,3.54830924828088,2.27280836022552
-1.08231344137719,0.150870730859145,1.29977320712561,-0.526638087445946,-1.40247288945235,-1.01175129661925,-0.494889458282252,1.6075578166006,0.910501840044903,1.08918816443047
1.25229914570852,1.84651755685829,-0.204499581865077,-0.610691288897541,0.554005459753408,1.65566605421671,0.278982732906569,0.576971682274305,2.29932238142176,-0.0619604081848912
-1.30241141064539,0.299928781904996,-0.0561775458413452,0.597613454500372,-1.47267652261973,0.465148173354887,-1.71780410894817,1.48902735704545,-1.13249542664939,-0.664393899168439
4.64148541873363,1.7440836638329,2.02692905256567,0.458482021228284,2.14847224440153,1.21779545062777,2.01701990229141,2.98827924684955,0.84937169230048,2.8374209571013
1.28771665863857,0.0877937820774083,0.0991070301056426,0.744637010565054,1.19067689762219,2.49731694955927,-0.283325156606434,-0.588221340543399,0.940367889039486,0.229019062901339
-0.175903050964012,-0.188007248384115,1.40934550938743,0.362839471727707,1.21573915256575,1.03240921464845,-0.414937986279199,-0.597338641409383,2.97876948997362,2.04965536625604
3.22369177043011,2.75669481960881,3.76730667344656,3.93389725631414,1.39870297143247,3.25094166524704,2.16628595627504,3.37587285384084,2.79572702176778,1.57810410921397
0.390873881945612,2.32626144671377,2.75905777298487,1.41635624631075,1.8988021582059,4.3700178890497,2.18043459689132,3.78969970545073,2.53982921958061,0.591401509598371
1.74344869664625,1.44860437576311,0.232751709037291,1.59416001988751,-0.175765609800414,0.184442783173238,1.21701030289124,1.03610171229519,0.564609581425562,0.911966132941704
1.07420277273211,-0.209301604798065,-1.04823713763094,0.980337678605451,-0.20231242533818,2.38299760536873,2.00862694240604,3.04838441362236,1.05677400254455,0.288864067989266
2.51502153857743,0.15880587053654,1.60312994929554,0.45431323804298,1.0934124676992,1.07125705312411,1.32934950676261,1.88609227953057,-0.210483260350037,1.35152822395866
2.85329188558746,3.66529244471963,2.29226878457567,4.71911364174738,1.68882651342064,0.711362623444161,2.15039861594988,0.135677419627063,1.88888420523539,3.3325238639349
-0.376185330987711,1.93974718444568,0.254982020075934,1.32207721703011,1.00798079597038,1.88886780081453,0.545360472174594,2.01311177681997,1.78333676666623,-0.281661242473968
0.331179109939455,-1.66937782818884,-1.08423523173879,-0.136841946452991,-1.59123718034794,1.02835170870941,1.44176404105163,-0.412497982862218,-1.47657791026917,-0.317541646123025
1.95522358392215,2.677658349871,2.81144388046945,-0.437467008675827,1.76666489992229,3.44335492166116,2.33610116855996,3.45766940773411,1.19376039349355,2.48869489833463
1.5083419154307,-1.24687365903563,2.22047006473307,2.38854957845459,0.494294817281477,0.886090220996334,-1.06699599032541,-1.07737976373436,0.468158788784165,0.678014105918961
1.1606216241668,0.923992937537267,2.3395954995916,1.36719516358586,1.45634707106615,0.103118627698073,3.49721836679548,2.26528532497186,3.85862774537409,2.51981462866199
2.19799198622352,0.201055617834092,1.05911978632414,1.62895624755339,1.47300440535469,-0.238079247073117,1.12096172786364,3.09940073694189,1.52852122796348,1.51623953465252
-1.38214417625694,1.84631483478902,0.565945044414902,1.00366439460165,-0.918909164854183,-0.0106590598143928,-0.0964238515459752,0.87476199629311,0.700321638091175,0.645566692406616
1.29034169318316,1.60699210876174,2.49573126851757,1.93110336992936,1.7076579112332,1.20605862133794,1.97322625180047,0.261496824265094,-0.748426011488768,0.95901588885177
3.33792245410399,2.60003176292911,3.23518571674845,3.02742453578896,0.935986062945737,3.41902924187694,2.22098889346171,2.7391858817369,4.90479142769392,1.91863743846357
1.16053401483266,1.61524244338634,1.65150265138318,1.59088593395788,2.048287536386,3.63057315459246,0.936438398727841,1.72261410531695,0.885170360232583,2.24086481160734
1.56355144941458,-0.0459075345920517,0.640012614460536,0.390338297145419,1.97061932432445,2.52000584583629,0.431435539527128,1.14826308584833,0.103922764443842,0.717106738918095
2.83383897555591,0.24959740408151,1.27961230622598,1.82610010090104,0.875297064038243,1.87071220124288,0.81508232355817,-0.12029025388584,0.26378007844694,0.677871369984893
0.558160488642921,2.39610560693313,0.304753063682871,0.899460766086573,1.28704990620884,-0.142051893466943,0.501100148470451,1.4792113778501,0.977921151368134,1.75572001176853
0.105167484413308,1.42976465627037,0.146537690673371,0.873979172197357,0.867992150903674,-0.921120917049973,3.09098076355159,0.0411278519042521,1.61187162820659,-0.724964838494036
2.01750347331554,4.22422891031958,2.45938043674801,3.88738769422159,3.41573635220436,2.44522554347136,3.86801824111869,2.55477365536474,4.44581376114193,3.53950359550087
1.2359643014159,0.609222843503061,0.384281774749695,1.96701128528107,-1.54202115415589,0.0780298068838567,0.788651033445665,0.88509850420065,-0.935164795995816,1.16591262559527
1.71595886656072,-0.768864239910721,1.35585757583875,-0.189471126543378,-0.559800783688986,0.780399878426492,0.636903061120895,0.341071819466279,0.734190116444188,3.38035708756822
2.06047705415624,2.27946409870283,1.18554158857935,1.37876445587843,4.3029940926356,3.45145758867372,1.05288184553163,4.03386176159368,0.400501783135377,1.84925380572956
2.44863369254357,-1.37844483016624,1.58767034313104,0.194952539830579,1.19707692866454,0.863807808266057,0.0868300256390068,0.25532833010963,1.41905916356775,2.27038587543529
3.07671234110412,2.99213970916266,3.05107808580288,3.24967954562833,3.41750586480879,2.94277836733704,3.23123322739381,0.966340958864483,4.24973713332819,2.3241940053169
2.6433161760636,3.67067549988362,3.11861285540057,4.16707097734218,3.03237577321798,1.32066983700395,4.27681138944777,1.92733572016039,1.30428250414648,3.64008132374138
0.76221822766449,-0.104937836479041,1.24236429210305,0.644650154749256,0.772322271642019,0.788229405304431,1.00784304244421,3.27220977648243,-0.0338567041187068,0.714847749305169
1.7603737093347,2.32965595182393,2.32897532720442,3.20949219362101,2.50073224009177,3.13467201480049,2.35894970959012,3.17706737152158,3.39028412660194,2.52119309144433
0.910254712318578,0.728594416368693,-1.17461346486636,2.54297377982659,0.71827543352719,1.90087472219078,0.883733171176299,-0.528677399248652,0.0278776126068672,2.04574424665576
2.72609991760461,3.94456654497586,2.62060359370543,2.53059832863652,3.04414214160998,3.60099308335245,0.251718051045874,2.5196648844993,1.71756526534512,2.83967403290237
0.0674576214644116,1.72352422890265,-1.76056467712245,1.65202508891422,1.12192275693223,-0.0220606322597502,-0.450434529289132,-0.32840485358789,0.185936257690016,-0.471786500025309
2.05918842981901,2.89783844818865,2.3862664441605,2.73460760752691,1.5352119552297,3.31614566980524,1.41133341414817,0.947349478729135,2.4616865153493,0.992868165327151
2.33645964236707,0.491506495975224,2.41738186371423,0.503687765337761,-0.635350307079719,2.67954494530021,0.327526766496404,1.08836300660077,1.97002809980979,0.487312799330833
0.565388742764413,3.13648965072169,0.959309285636966,0.550672458273756,-0.50609557167689,0.122757625659341,1.46809624853671,0.436770658945964,2.11569567811141,0.557076579584191
1.32333789445188,0.567237341415179,0.305243443039098,-0.596125501505735,3.2656035056898,1.22869254259435,-0.0463490862473495,0.251759378017517,-0.757082153934288,1.76766941786982
2.38323097495617,2.97702144626121,5.00229679754703,2.51906372593258,2.6259422163081,3.14739964862527,2.71558127925351,1.97741632680678,3.851190432091,1.21952074268248
2.00661326263689,2.64381956428751,2.64723055627103,1.61874185363296,2.45475318593209,3.02095986349916,0.756611293784927,0.92022546346328,1.65836687786238,0.943371037007794
1.27315912547986,2.20693424952204,0.98666328130132,1.21137205286948,0.907367979807999,1.23218192666798,3.0822751852744,2.05825230572066,0.599851371348504,1.91609610731309
3.3994094553193,3.25708456078476,0.985964980739394,1.89290374258596,2.41675043380939,0.976230749227979,2.1133234509704,0.99826948539329,2.97034970474878,3.06648340759664
2.45220219171169,1.69173490459633,1.37082216744339,3.76979761427583,3.2034234526783,2.94161803586321,1.39480526653482,4.46024440347042,2.24183322092254,2.61305733441095
1.59144748623443,2.15224723447553,1.80097473826026,2.96470326365774,0.14847540614951,3.2897358931235,2.52916406869895,1.03710495481944,2.08139297513972,1.46592225053545
0.45732217605611,1.01529323476508,0.0516621269565065,1.16704209599698,0.609726439695637,0.485930470551511,0.926471346099878,-1.41332752337751,2.22777204076857,0.654139181162888
1.87539438665567,0.183055254807914,0.50319614983698,0.560621011641513,-0.403267195023426,3.39679747071604,1.66417711810279,1.19235529007453,2.47454495792213,1.07578313266033
3.46133120229489,1.12637002813615,0.534225555734835,1.39867013832412,1.27128345649527,0.661045721280279,2.38655278260124,0.109269805226601,1.17209648077662,0.492295904289902
0.938762215306689,3.32351124478744,1.70032415801193,4.04489290618211,2.01942917911413,1.92573650852769,2.8036764497256,-0.205687545101883,-0.253701094769452,0.969280032625534
2.8600890193523,4.33513643787711,3.23296477047823,2.74068254128093,2.85080385624756,3.52139089685764,2.93176690922546,0.980841445886075,2.25842137029418,1.79915839365127
-0.191984590214058,0.482468756904625,0.87399621182261,1.15790972115803,2.15361940792746,0.898078817625461,-1.21179429345218,-0.2771823901508,1.92923378384409,1.08995581012041
1.98632825628427,2.09304995588335,3.15084252087313,0.878196696011537,1.58206390179917,0.956950256104523,-0.380530235319732,2.23275900821696,0.956922591615548,2.94347123972671
1.47485338062287,1.45938751009211,2.59286266471396,0.753071717771111,1.70552520671701,2.80471714129392,1.84995792363753,0.0486383265935587,2.61219925217008,1.46117981823868
1.29490730565928,0.640307385408163,0.157086170946845,-0.420931694675995,1.17338758337406,-0.162375266959007,-0.794067506167685,0.692534650552003,-1.6649164928048,1.03412137913306
0.394682346645676,0.124979983917226,1.11575470184349,1.09106503473431,0.624370910404081,0.280317444221881,0.65328848234813,1.96375463972356,2.87753037107651,-0.154743537469129
1.4163909684546,0.462053781254347,1.05685097162004,0.811572057673422,1.14292809668843,2.56195665480429,0.504547709255925,-0.338571902237539,2.51475722561907,-1.55536585968925
0.064389834414561,-1.70283070294798,-0.106342702021757,-0.499709305302997,-0.667003930680082,-0.391095272712161,-0.0429537584035304,-0.338872388045581,-2.00551508951504,0.115684906693595
2.71850773841228,1.26604596382386,1.89816526781268,0.0828723361516774,1.44761485442891,1.02288312295596,1.09329835439852,2.56316802095158,1.48547330615203,-0.00427971081086431
0.736934017312763,2.20689720834642,1.63239425488054,0.99107266428163,1.97947642394919,1.48920983766443,-0.71395161316782,1.10725033180463,1.01097588864406,-0.302246105393191
0.900100482202485,-0.81438991147784,0.720880473598532,0.743866695629369,1.29034412432843,2.25055487493109,0.145330792674907,0.788636370072402,1.18386818044898,2.98681236784336
3.29877911507156,3.11187196888252,1.02470427174736,1.81856831359219,2.96252751727825,2.46873969590787,2.57159308050475,0.850369715381943,3.12771637468077,3.52699015919211
1.23837223914615,-0.0573526695224504,-0.0780507956023579,1.6690599819289,0.705057421263692,-0.343083031251727,1.72980491345266,1.53527026003464,0.421270369559045,0.608124822653088
1.24991276110515,2.59580784234484,1.51804546881577,-0.436009268843739,-0.341803958664371,2.67077297014942,1.75182995414754,1.9651715456228,2.44027068758179,1.53174906105604
1.05772212674478,-0.293797113750578,0.74042851281436,2.24488398943086,0.624853266980405,1.82594454401177,1.28880738156411,0.0431312163615574,-0.209831863250671,1.07659321641343
1.86114749126167,2.26896528958323,1.07123620343851,0.43322643052218,0.356162558703364,1.95016518298105,1.53798802733002,1.35657345866853,3.58946386000815,2.20282849943642
1.56874555215825,2.52691463698987,0.403038841300855,0.0318232688858706,0.884350647288753,1.65131042052372,1.06570637724621,0.108125599821563,2.34320197568332,-1.44028063035381
2.1572293922822,-0.624695885155249,0.487892323075073,-0.784950928897662,-0.183863465099516,0.0951385371516076,1.2375286713449,0.685755312796536,0.83201226190213,-0.329844198503595
1.57931338865482,1.97307642420092,1.96930242078009,3.19224843742788,0.85550170309017,1.9211011541473,3.36448700632558,2.43728582119043,1.41014081162412,2.48954029320829
0.994854691617088,3.12925824288392,1.46164572978426,2.89860350216719,3.30968998195203,1.95325291416099,1.80552907656152,2.76385505768041,2.32859441032117,2.3725324744328
1.21225598670634,3.41957791234926,0.747733291779428,-0.274833004405379,1.40255897747616,-1.07540354895535,0.159978004815563,0.766499131550854,1.92327530277346,2.16084844956331
1.62811197694465,1.8163803759492,0.344831731106343,2.09933783475237,2.84878359071631,2.03767220809377,0.604825303269778,0.598173049550606,1.17252366664554,1.61036622949396
2.32384128886652,1.39703275049345,3.50118902439741,1.19971259702435,2.29157247186545,2.68164832245552,4.00485562233628,1.45262020548007,4.66810152297931,3.66857993337157
2.01666533085934,-0.409817020708493,2.34285982451098,0.744405467652838,2.7636496978417,-0.528467873554061,2.53587174553672,1.37732824229723,2.47010624319977,0.170972730409462
2.06314961142205,1.41720732241651,2.83529323734369,3.64569354346328,1.57588489902627,1.07047268625515,2.3199022694298,0.824835927482401,1.84521380564127,0.713123249778808
0.0220822097929346,0.873695537351643,1.01687100563801,0.624940162042171,0.29979738752783,1.50754321416956,2.13748524743615,-0.211904963057735,1.31706019513099,1.61846151098615
1.01392933072408,0.337612013645787,0.496778304325448,-0.672309726750163,2.25853834085324,-0.330989163112833,1.04349278885578,1.8860423760116,3.00594292150264,2.93039020449425
-0.0605770865140041,-0.773665836107074,-0.195405311348587,0.643694691300088,-0.458471342249892,0.476740249399703,-0.979171668989388,-0.481705475806338,0.755177881703219,-1.67944527729096
2.77455228474854,1.84868554655931,0.285778945749981,2.68619805873459,1.09619594598088,1.29616117831952,2.7813565581888,0.0286253970459835,0.915436368101163,0.916307499326581
2.44221257279207,-0.0656339532622754,1.40239553831782,0.245740077607435,-2.16674257214876,1.63335540910462,0.631547100184123,-0.557028885960983,-0.0829407457283882,0.941605079876503
0.229519656294113,-0.115698741008736,0.154422538888006,1.18858601068437,2.03918196540463,0.160529396165842,0.94038191620919,1.29158640913056,0.459254414513995,0.135948906234471
1.36531153979865,1.27477098631559,0.822329725982687,-0.60063412744092,-1.38412271383116,1.23040382661109,2.37063975032316,1.7445003285207,0.82777190858736,0.768988185909507
3.48982213815235,2.44495737626689,0.19276661055921,1.65451571869342,0.258153193657642,0.564644222353266,1.99307803232078,2.32925710207941,1.77679151525756,2.00254895772236
-0.747093504617597,-0.030634347964071,1.80934403408565,-1.31967198870607,0.351002745863543,-0.209911224914796,-1.4916874525738,-0.838907449935796,-1.10157015718422,0.746852381692867
-0.390458212730519,-0.126156783831809,0.477513132187973,-1.05693112860537,-3.11994252563642,0.474435234439769,0.82055403176358,-0.566762134981395,0.0939410227790717,0.789570132951072
-0.784676001105262,0.631377693235005,-0.548748387236261,0.471001921390957,-1.7142137309232,-0.976559204920068,0.94453605010136,0.119768716153451,-0.6590260125576,-1.49399237102562
1.47074158657386,1.88758881800287,1.65146621369665,0.423316169161634,0.852487600183385,2.3512712753706,-1.19288259131897,0.898566282584198,0.357799098885735,2.3556054635681
1.31774463039788,0.655677414831364,-0.313952682644523,1.87342679911609,1.29418401403017,1.54611769978709,0.233462615906633,0.248887626047787,1.42693174280374,0.665712087023347
3.58912838056404,3.3136176517791,3.42185158937339,1.2374773950381,3.68417440475658,3.28617959500572,2.18919341231067,2.18147471797908,1.74562244283988,1.79763439974261
1.78125531846227,3.57097667685585,2.26271085005859,2.68504582668932,1.72255670320484,1.47103538447344,3.97048167472176,0.66182448693417,2.53053592531121,1.52232442846571
3.94367636980295,4.33245611321577,3.01142372015205,1.15650568565228,2.66946493277207,5.16790120678235,3.1000574033159,3.08451957845967,2.02776080966783,2.33142914342858
0.849593446684406,0.913635495173292,1.0543718602312,1.05623775061767,1.06394731102582,0.442603970923628,1.56785655916116,0.158931962534583,1.88983835583391,2.11846368950893
1.34057647749807,1.27036763853576,0.501987919354042,3.16655260330101,1.76006137589054,1.28644176074528,1.6836314976783,-0.698216042706128,1.7325740375177,3.75448502587665
0.33822387754725,4.21594961010486,2.28705624986131,2.64440269066707,2.91080480568114,0.812795459073669,3.28182817642386,1.88501247974903,0.863298921662738,1.5409035022104
1.64974132071531,1.08135586350046,0.672773129984047,2.83163416480238,1.38187660748714,1.34409283471517,-0.263532945142397,0.535223623995436,1.96982848903232,0.577299727444645
1.09944313198065,1.64773995954365,0.0929585034267881,2.13992285250378,0.996356124532145,1.13502054069085,1.29521116149044,2.53497109517024,2.41589696470847,-0.348963412450151
0.825781217984461,-1.46751455148316,-0.734763897965503,0.595623122155052,0.120463010562333,0.3120390408587,0.902282758592839,-0.0362130140671816,0.665403437173007,-0.466334464355269
1.41393873303873,2.17897613171904,0.696870940919668,1.98118356365512,2.14329636390755,0.432596923424553,1.54418979854722,-0.527932839426235,0.277868428780977,-0.117712583095662
1.13805756415159,0.276360900010698,0.983349690073129,0.803842916898014,0.528556550442054,1.37432460525726,2.08977312775514,0.513309528844294,-0.474501402070951,1.33577199998691
1.81351470698474,3.71007383842504,4.44138425373963,1.57568847070655,4.05024736365136,2.64481202314041,2.26823121454718,1.73378284518302,3.08603802490706,4.22790587286794
3.88476017028267,3.7110900655223,4.69285600330259,3.51185611699522,3.53086988361806,3.98203017796438,1.91163566843758,2.4168956676275,2.73500398902853,3.51553588030149
2.59551663322291,1.10877044429513,0.981250598530153,1.92169151092412,0.436409189123954,1.09774920287133,0.560294740729955,0.912283865984548,-0.287284814413631,-0.0281107189483323
0.546646177627918,-1.08194857397599,-1.28334729579638,1.09297656916579,-0.400906913128753,0.359629061527543,-0.420665039428744,-0.851604060329435,-0.459510799163589,0.34486033067749
2.64186315784173,2.8708063782573,1.58046811819673,2.25578224107127,2.05133289535334,2.68625940565989,1.52977425189334,2.28951240047352,-1.6025834939494,2.93139026472828
3.27369746327061,1.00829272117553,2.11549782237851,2.5189080539051,4.29192287864212,1.09767765269521,1.80819979306307,2.0001244702583,2.16908770233884,3.31902098927876
0.237349499335044,3.13948404701227,3.03359386218447,1.87523180462072,2.0073063773112,1.02073904719946,2.05805863543895,2.70164060835582,0.605085024898086,2.05595744981537
0.77679965783981,0.677334649771808,0.481022117775675,1.64754901818446,0.96871008850437,1.57569493031332,2.38030118434297,1.65051361050689,1.75285339924466,0.81596250754145
1.57163517006829,0.690508182824625,0.114199660542079,0.348939893547864,1.21867864239717,0.0989914805036549,0.258968574324652,0.408364452694986,1.71548129397051,1.0067730595837
0.307617636803067,1.0423199691153,1.22874349219677,1.10012708550441,1.29106621943045,-0.995368927301004,1.02789066018239,0.67782547420004,3.10718149692531,1.0350008541527
1.77647667767824,0.0116782434905346,0.780383536881035,0.679409746790011,1.44682990447754,1.7674934430574,1.33039742378858,2.41200799529174,2.08953704829795,0.366350571313951
1.64530384910712,0.237554441604111,-1.53183525534483,0.919285943363361,-0.276201558279285,0.311474522838268,-0.598548037678829,0.847608634077342,-1.838994890217,-0.200089589702234
1.19954087746666,2.06162281514629,2.78105855468824,2.44353941549353,2.59625083824007,1.81578827744888,3.15549798927708,0.426292497528756,2.22093925929795,2.42608860872388
1.49483859944428,2.68249583697502,2.31125591459294,2.54518816651429,0.345200015451159,0.625722357130416,0.341549588535111,2.97118651804892,2.67700409505019,1.44098043508297
2.46915152567103,1.47243738816545,0.146415259381934,0.0806570124055445,1.08381057712952,0.267492901647744,0.707601122703097,2.21378435412067,-0.788918445627538,1.95999449188064
1.41065374845466,1.57341711361223,1.01290918801833,0.638309275862172,1.32054528121913,1.33575003200817,1.48022269108542,1.06203831745452,0.280923780455049,0.85564357956266
0.27946901506071,-0.876133353938268,-0.634529519506024,-0.890334197406022,0.51010691136105,1.53435558179641,-2.12450955175188,-0.219000663221175,-0.0289081066522977,-0.162145009768862
0.386902193443881,0.570125262210321,0.655555204323785,1.03834555527875,1.1957751869272,2.4706813075888,2.73287617311164,2.2035502869775,1.43770964366584,1.2528199925027
0.418308602332638,2.45357761762281,4.19313268499582,2.85536912923491,2.89673441111355,0.353550053162508,2.22902460174505,2.55899021522569,3.38962850315778,-0.63163475729719
2.34645359007961,2.9483365024796,1.79655523299567,0.797583421424427,1.09160843501731,3.32856821598917,1.45703067247354,0.931656771539517,4.14792505937654,0.529767349922908
4.16122380017977,0.5469414527353,1.77670805240532,2.42349504637537,1.72311353894884,1.81724769075576,4.95654119748486,2.67872430612127,2.21362465138092,3.67804134705957
3.21242895100053,2.49489387635608,-0.563886035351963,3.37963710260416,0.308113543655174,3.07296369724252,-0.200745443112806,0.173617575538897,0.390184234568434,3.35805437241058
3.10630998725176,5.5465787993822,5.22099383256464,2.84871982842324,2.35317673161082,2.92702515183458,3.31652135472755,2.63903891306613,1.86212075338636,3.41739838460367
2.98424241594798,2.68669716949693,1.70201999719039,1.93306008533816,3.95723783398663,3.1072947514708,3.84011814851372,3.55004318826133,2.50153190529095,2.51990668446332
0.553286963895789,-0.570448884509877,1.13511062533466,1.77112925361892,1.29773380097347,1.37370057086054,1.62982583036333,1.35117396726615,0.259092434339304,-0.339589333605992
-0.250844340465828,1.54494168172848,0.396686422907817,0.804906840027996,1.05539380126173,1.18332113415346,2.10295060678223,0.788919613609957,2.26516279116377,1.01008168775603
0.805254636038607,-0.41886448411295,0.778765110822342,0.632461391953145,-0.688986101854843,1.30735733941779,1.50391431900799,0.987389286688219,1.94268289322657,1.70548454605126
0.907690689381685,2.62224358935376,-0.423897904556305,2.22539921192416,1.64560020708806,1.17768649544013,4.84682178428722,0.215717387212398,2.1773973999291,3.04376837305297
0.127368059882382,0.124296841083194,-0.372908291519175,-0.10405616026425,-0.514026281434738,0.26606125517741,1.32957447824061,-3.56192012650161,-0.204273587988001,-0.44161963776455
-0.851572663484898,-0.0331496211970068,-0.244124517157352,-1.78870031134277,-0.165816031632859,1.39461966866867,0.434627243359211,1.130243237559,-0.226498308825382,-0.823701131641421
0.898267395189737,2.39233292540674,2.90822013911925,2.066648971106,1.65247349713219,1.54917648185954,0.251437670768508,0.789349676766981,1.23355737239916,1.65912374078659
1.33185229599085,-0.694946261637115,1.20278060947838,0.777634419789003,1.54126338830612,0.439244119774852,1.31815380206321,2.20632687543054,1.24726968251515,1.79975929477118
0.131676244527845,2.16629292439172,2.00238926034054,0.0732959165850111,1.64959215002378,2.32570581197372,2.15024280925975,2.32264827657994,3.12260797973363,1.50913209306383
0.850034933233559,-0.415288384228363,0.0723399246036447,1.28455545788306,-1.14385136644654,0.263981488710668,0.249998313732095,0.108942246949714,2.84519361866272,2.29423543226972
1.9264757688826,1.56452324013182,2.38588992437289,3.06101248273914,1.20221597425021,2.92447954958342,3.32572904506318,3.48838678587466,3.68432076826509,3.96370646227205
1.20337249947932,1.17442578322169,0.790478594558863,0.339198007104018,1.71647904168596,3.12366832107038,1.02236298891519,3.25976261901461,4.12756936760888,0.774625156852449
2.16392549708187,0.00111795846495866,1.22094891129314,0.526429376272391,1.15279520768206,-0.974401411847952,1.39345089824144,-0.0931297664780943,0.64135495126918,-0.582850382492127
0.91151330674015,0.229126038599741,-0.43111126112546,1.56988864545442,1.72148921252259,3.26819845713936,1.74152119198997,1.79969327347899,0.803811342663012,0.606963942645918
-0.0594367111540597,2.54319574205275,0.263447587829015,0.885497364945398,2.47289230012214,1.39548564655707,1.98912469388187,1.96545557358243,1.59475534653191,-0.0419151831817552
2.03993495065029,-0.14953375806364,0.429032382353691,-1.43492994012642,1.18721705049665,2.15110732729868,2.28212169619812,2.13115278974647,-0.802028828033754,1.56509699939366
0.978595060380223,1.54915750895491,-0.910119919964177,3.1535087059187,1.82217596611521,1.29625949001996,0.931307477534293,1.15406037750085,0.878508882951189,-0.808507563664727
2.24351467064715,2.52357525220443,2.5420054981605,3.05116732207886,2.91131339915463,4.76527386087757,1.55426564020909,2.8292662401491,1.36463687758712,3.73749918097798
-0.890297875555615,-0.734481368849681,-0.0876871805143909,0.0161124813048686,-0.164335486259476,-2.69306621649604,-0.713891172607102,-2.35030662419482,-0.531570945683844,1.44165679617462
0.810609393145371,2.7575465517519,0.389054428997281,1.27597645183504,-1.25064588220293,0.0379456907722249,0.718793194594779,-0.902424512037099,0.642678891652845,-0.0458333449439634
1.34649429559282,-0.593778620055835,-0.0266780259493393,0.410117008647382,3.34008873642078,0.277716072476877,-0.145405726863463,3.2424249526897,1.62918902212573,0.911603609016537
0.777639754223881,-0.78591299909808,2.2210587485998,-0.311295429254371,2.31089066764225,1.73818081896417,2.0868626014775,1.64726357965527,1.17214567188904,0.593190934325361
2.9208172687178,1.43000411249864,1.99352247484577,1.69552021531327,-0.029344650383107,3.15990095093383,1.22590584653848,3.36004407271542,2.21660355001256,0.912986287232114
1.71295339429418,2.58121502807965,2.02364008567291,2.34197305124327,2.03713090441994,1.72973277478125,3.44454461341803,3.43675200599549,3.32940719667854,3.66197179706261
3.14040849105169,2.7439279044491,3.51444887235153,3.55370895606852,0.70651078711122,2.90775797987687,1.55983914798687,1.89136776606867,3.53406092974945,2.67869334681804
0.103158091287671,2.53321508559186,0.333406643115427,0.452446730675604,1.87966661127822,-0.423473166859526,0.478521316230222,0.325749762173415,2.15700703780032,1.98016921883986
-1.15779839028628,1.23875845333201,1.53068003487357,0.590689338742828,1.46288688206074,0.176109142006412,-0.46672168216013,0.386880069834663,2.09238694857535,2.26270595044989
2.02385400528303,2.13278778867826,2.89989183409561,-0.362453445873034,1.99272432306828,1.87640336764274,1.37555598016392,4.0022219385231,3.66013668088602,2.62923685153101
5.49150499093685,3.5871815361598,1.89475039850817,2.72858212918219,3.52074677481645,3.64980937287493,4.63633333191697,3.29182817027836,2.63222798059606,2.84218390702025
1.54950698591686,2.86849972011981,0.210151698367443,4.29648145954308,2.72250738775916,2.46147136405794,2.51896677557584,1.70647296003967,2.78304361063288,0.864224159718552
0.303352336561593,0.780429765281118,1.64688568820403,-0.231837094791858,1.15575218783552,0.261454379717779,1.43251894509281,1.79302796861192,-1.10514689775596,-0.724600400303923
2.12138163557426,1.13804778796198,0.172574176425291,1.20650394890522,3.91728899019892,2.41244995232042,0.610871437174668,1.39124652248995,1.40807987431962,1.90781698893071
0.412153888088693,-0.248378115013564,-1.06822087375071,-0.96631620117974,0.386082536706488,-0.0719434595213831,-0.318949962428668,0.0931808650279313,1.00177087845264,-1.18636816698616
1.12022420302842,2.51788247230252,3.44352697707313,2.42242033271481,2.90333042015172,1.71161416913452,0.0344117553720378,2.01005122614287,1.4304683271668,1.73725119625584
-0.0370408503972217,1.32826262076314,-2.27704479440832,-0.747021500456048,1.39963512040796,0.523125912244453,-1.67933805331167,-0.305819555691338,-0.67963682050258,1.34354723692378
1.33980029542678,1.24298535537923,1.04241899669969,1.8469693298105,2.63610950623372,2.74311111361711,1.33195883039765,1.78335424443359,1.32344116305262,2.19276344734266
1.53146943130785,-0.0711507640062032,0.811514152150419,0.793399261457209,2.22374722371299,-0.214611988826976,1.50542489869401,0.672569572888321,-0.501127126528933,-0.299738456996608
0.493445069123937,1.23028092260209,3.31435301388338,1.99869373315357,2.61891293612028,3.67292466040309,3.33691365594974,1.93368490250007,2.0768605410487,2.30718263230704
-0.645575894751756,-0.177813061638927,1.37696787797248,1.09525648527461,-1.34690175191236,-0.0351555404590195,1.09676180365844,1.05276174176391,-2.43862397195361,-0.095647477422838
2.26374935185496,2.23872706225762,1.05549905911957,2.18586199652764,1.5086953150969,0.817800189925928,-0.538548433609361,2.80182640072175,1.13374892558427,0.631760118899522
-0.52627551728127,1.4884336140064,1.65901882835253,1.52492525122834,1.55472261673162,-0.18507379264541,0.53072294426224,1.54241833830027,1.26401901766602,0.736938168692952
0.162323039385459,1.02357814747171,2.65379277468013,1.7608465821418,2.27027647098867,0.657897017514295,0.514465842539608,1.48458750232727,2.6214202684263,2.52421558445493
-0.981675393890358,2.34537872908908,2.57587019443698,0.525287108233294,-0.102846406287956,0.791112191016523,1.3179382801004,1.65588274833907,1.22150110112185,0.431694613188454
-0.104339726337759,1.28632174069126,0.896089100423844,2.2656940830329,2.88762560082099,2.10685574399169,0.0670577010489618,0.278018010425801,0.506815650233778,0.412042390982757
2.0843624027766,1.6565486624771,2.77409855412733,1.87634306911724,4.15862417495136,2.05886845568186,2.14943358990541,2.5303649722159,1.84880709208203,2.29562032490083
0.910062666234219,1.27628638309157,0.933374573269101,-1.63602504083615,0.853333116152728,2.12978118165504,-0.375254169851226,1.41727164469273,0.336337903117234,1.52645547584394
2.17372417760391,0.77013258060264,-1.29990117904904,1.38483066672052,1.76078735174201,-0.467864953059816,1.07583413986708,-0.88750661419358,1.12363194039949,-0.15949296740583
3.51323727217596,2.75534670276023,2.89775470747483,1.66267362860882,1.8237894608882,2.26805700284932,1.59120879398951,2.45923953290133,1.37342241083277,1.86018548389259
0.814122997151956,1.81407440385132,1.6219075636545,2.03889964838316,3.89286260699679,2.64267078534051,-0.0757174337080526,3.45791509357939,3.6327284128174,2.02422887186937
2.69125258758046,4.41004670061164,2.87089803656633,1.8594513976537,2.73636326956998,2.12317294152399,2.37116136562443,2.38936611554389,2.33439187625919,2.32854478020964
3.26955440756145,3.42510817076721,4.20473870884208,3.23133053102592,3.40078789445197,3.41658679074051,2.37916436482789,2.90283574548722,4.03156895893067,4.35594898452904
1.28320614027372,3.1938963267139,1.63863952120058,1.90683429881496,1.92118875366168,2.29173937812868,2.20233851297312,3.42231771679588,2.78039967664008,-0.254560474231772
3.7440011762924,3.81470492084469,0.780947844014067,2.47322079864358,2.03112815326159,1.76637360438406,1.63639061158835,3.05657481195591,2.11622665809251,0.0256233175954081
0.154898536041904,1.99243942267117,0.79704056369657,1.10581699822367,2.65961766601165,1.22195777763545,2.49178906013441,1.39911713591018,2.02305299740844,2.34775014322882
3.06124966023679,4.67475673232282,2.60349644267662,2.86203648108259,3.98825913913725,4.47082812843558,1.69339981584968,1.51717845855817,2.56106780597086,1.946478882857
1.52554944281609,1.72320722266416,2.5562050113289,2.22800863129897,2.49520206890159,1.51457462068208,3.04864438097442,2.37819390100767,1.35833689096549,1.82295862009688
-0.332423974389749,0.650853984990761,0.0756736738883384,0.521258097341274,2.09696780676332,-1.75042944271995,0.143451269001636,0.690305996279674,-1.15748475179593,-0.61764603122373
2.14283944681693,3.17403137837705,3.37821118523429,0.767139868502362,-0.062804191601634,2.13310632299656,2.16141994287525,-0.0547848981595012,1.04160905676345,0.376131516327518
1.6160650258941,0.715214264474232,-0.240344327032074,1.25886641821807,2.55294428568677,0.0643285432823226,1.63514544893361,-0.086733581366554,1.22973260204097,1.93269009861561
0.346712308412032,1.14331109952506,2.13789020424186,3.13580600375204,1.60415502148916,2.58713973354564,2.22801561398917,2.82807326693698,1.67024944549102,2.88730645788544
1.09356932525988,2.62467776984579,0.330262644625942,0.925756946173741,1.16824582296734,1.0900891852209,0.780802324079009,1.30324106429684,2.96715147383341,2.16223068255877
2.55149010986552,1.71309954411319,0.568357372281518,1.12116433460325,1.56703122197573,1.52963139266061,2.03940845834794,1.12592898234965,-0.480339176628668,0.698125041487324
-0.29617609984932,2.17821709865211,0.663705618463444,2.52785381653656,0.733097505378598,1.79665950073948,1.56528794656459,1.07980990217638,0.954226457019623,1.62437726018755
2.13363852779609,1.44341939209459,2.81282886097564,3.88614713403091,4.45306600984655,0.887385960490789,2.98346715848495,2.67247568177674,0.131728364699498,3.16939179896095
2.87387353480392,2.02537362447342,0.850392677822071,2.49008443419652,1.68705949740655,1.28681255350545,1.22409789701367,3.18392642186209,1.58609742142497,0.863904977859998
1.6146622331385,4.48256118715366,2.47329782168566,2.82582953000955,2.35738460459949,1.28573600172006,0.0641344185493558,2.14687329389494,2.83111729725633,0.751807170580086
0.711860071224292,1.02366183293792,0.941421371447551,1.87704997017244,0.633389453256278,1.7210921802091,-0.946279145467823,-0.530234793494702,0.257650814617497,-0.204654348394836
3.04643503689735,1.3518204672419,0.452433610472133,2.38278065330368,2.41583794873746,0.228372358845299,1.3963122333608,1.82217819267477,1.58796958320341,1.09980443717679
2.7535441341713,2.51760691533952,1.61059868785531,1.54456853553043,1.68363435215518,2.87858533160957,0.922944863550097,1.26313841313962,2.09278915532476,3.3112230913369
1.47663056461718,1.17927148878503,0.0737589876925481,1.41442166566239,0.374525200844091,0.791352008295841,1.07809697635955,1.35332384593286,0.595855561440329,0.338515271743983
1.0014265502671,0.333358050625593,-1.75834961578001,0.0580451987982379,0.937911973892275,0.0814478960125172,-1.19055003878925,-1.53980789497844,-0.151514815999511,0.730056105654489
-0.511467058615873,0.676988706460527,1.62263806882758,1.3825987333008,-0.134814745656036,1.13502178501237,-0.682592869486288,2.16354794497826,-0.385832345924611,-0.151568902255864
2.9192174531605,2.1813847857702,1.87852397634384,1.26747448081293,2.34789753108698,1.57892331328328,2.80516190217387,2.01365712533439,2.72750804551897,2.4477791746064
1.08345826205902,2.22863346352172,1.26600944638664,1.31856336158092,1.10403530767787,0.660770094273965,1.56077410721405,1.3574237250502,0.727238362348874,2.72093633527237
0.325822585633914,1.45164045296902,-0.180054399751709,-0.862197563276936,-0.266325311854318,3.21095311239094,-0.25241770879578,0.56310395758165,0.00493776578179698,-1.05157464512766
0.678642748365297,1.03229256439495,-0.594424862689236,-0.359559131498673,0.2726563515935,0.754314492347336,-0.570529751362806,1.10473865012161,0.358080133387577,0.620615069200262
0.0988617728550899,2.25879305446511,0.664565620110778,3.26470809276175,-0.593216363141675,1.76952324654917,1.25670573867033,0.65640008057089,0.630071153980246,2.64565971022772
1.19407771312136,0.358995872011475,2.13861463467917,-0.390460823507236,0.815032625544719,1.58842878505961,0.225215353631992,0.296910313040712,0.69352270728307,1.97035742620153
1.42884676892846,1.37499041500378,2.02238507607262,1.88787543984645,2.90148157170731,2.53339884757243,0.241330026412604,2.38904130295749,0.92140962696451,1.27312391687562
0.251841266804745,1.60758284701282,2.54852522395168,0.970447109991987,0.886317713131644,2.03002824356369,-0.184985598905112,0.675177234555071,1.20612356002768,1.83088244318864
1.6817851316135,4.46835069817624,3.22105940096586,2.40849701916992,1.69824685049015,3.20078744812286,3.00029620746137,1.51840789511041,2.75456232582567,2.36901835105252
1.46117196524451,-1.55362355918945,1.22739910966225,0.968918841523559,0.977803995451253,0.645810980931536,1.08475598284615,1.89019025324089,0.717739964049689,0.162173396510406
1.99903579201925,-0.453114474706588,-0.137060809403678,0.507606210681347,1.92035792313266,1.13369478319047,0.491915221075225,1.39687572307755,0.354016316884627,-1.43542208415343
1.15790121572149,1.28542323662441,1.37386519090835,-0.186849085835239,0.390297486419971,-0.166588833422333,0.460620347323757,-1.63643457768247,0.182962462090605,0.104206219567244
0.681484258816449,3.66710480624574,2.61764758067984,3.27213045132979,1.93628223293327,3.32210050369225,1.60110611400573,1.28791565983027,1.20891631478633,3.78762009284452
4.33757144696774,1.72826653424921,2.80454770955537,1.95716232159089,2.45355655450862,2.15187007040988,2.88403007624936,2.16593550385251,1.65166688328888,2.59209114693551
1.94973510641391,-0.411793812988411,2.25660822745286,0.806979497894292,0.421915874247002,-0.294926466496758,0.2616646277913,2.5543420248694,-0.339633409105155,1.20566979911172
0.755036892472933,2.10811209044552,3.68576626411059,0.890394455068241,2.84144513887165,2.87011763863531,1.06732911690486,1.95910472333607,2.66861465415742,3.64717491025449
0.204683779551468,0.21187311284551,1.03116107146255,0.756829275254269,0.576874867397866,1.35221488052791,0.627828536657766,2.0468506469482,1.4099527041008,-1.17157696772153
2.2359543645355,0.351935204639848,0.805478877789329,1.24820293676958,1.6626015336763,1.44265214132679,3.86899254274937,3.00800529350669,2.47545991625413,1.02334070804118
2.20041121805923,0.486254690273804,1.94226489570659,2.30652369988372,1.20012420237061,2.51990288931813,3.09503039567031,1.45595783357385,1.60945669981287,2.27596150879869
3.43476999056706,0.786728102166342,1.180126082991,2.40697726618724,-0.54140409008275,2.44655289533063,0.910593109866882,2.82556180002086,1.1882193823291,3.18859128907899
0.122776957869179,-0.149115465444162,0.384005447104263,0.735443175368369,0.258441670536995,2.23322566831413,1.28488345094536,1.02405199059483,1.54149031923007,0.453927668054961
2.13478656072183,2.36642338402425,1.59548737626856,1.40824065699614,3.64168920727125,0.0455013713547094,2.69692389892452,1.00597722507145,2.69654885727186,2.5304907010696
-0.654914599279322,1.22271381849892,-0.330919022881838,0.869717107249506,1.71216219711157,0.182767241948555,1.6226268120845,0.533269475289963,-0.0997951376281321,0.114483567716664
4.83175954783609,3.0237002881834,0.841167909716241,2.23293346170822,1.80556210986379,1.28089568595967,1.28680039572994,1.24663958536695,2.77979312942092,2.04262427190157
1.35311018762028,1.72295224802244,0.0285374172274574,1.62655010961417,1.18782064241147,0.371695421115779,1.67425948440421,1.0448205659629,0.0728098917828411,-0.774063544452945
-0.19512336584219,1.01810152191469,0.444938006373829,0.948265191935175,0.208504420644229,1.21455501063951,0.240436154437815,0.825088492433299,-0.498947646535606,-0.0397227828984705
0.375839913180368,0.604024122341361,-0.406343764199365,1.02386529494945,1.74077129994522,1.60856068778863,0.532807344119745,0.319833489011302,1.98703723025875,0.783965393979877
0.583384664031783,1.23883128223639,2.37040037065959,0.125748439091375,2.63397366113574,-0.229101974017814,0.458016220936286,1.3274791075421,0.0537019034673837,1.88770911193397
3.39063104926357,4.295016071867,2.64478508319179,3.0358466719695,3.05939231197512,2.86879024829026,4.2630134417397,1.3713398464157,4.10729986389976,4.53049500364639
0.0496983387729689,-0.741693600150607,0.996537499122442,0.235855152327086,1.76686552029816,0.0465661486846965,-1.07516841084646,-0.406543917766999,-0.849922448806036,1.35251301305421
0.600139457537795,-2.42108087255549,-0.260497779494218,0.0684684674129866,-0.510067526849647,-0.234552594863425,-0.488237409700365,1.08126961387491,0.218510832515684,-1.06477324306718
2.0739187038836,0.229736769576369,5.58396438211083,2.8264497497095,4.33631874677876,2.1259533474103,2.22700467605626,3.02820972730382,3.76492347171367,3.33629471543714
1.8540459978633,0.37279576302728,2.03945370609592,0.362762357250612,1.5708075006134,1.22312789122681,1.41436180880245,0.792476526846486,2.10642345362737,-0.121315250283273
1.01902905162869,3.2105189125101,2.87801101740103,3.28041988714521,2.88229369803693,2.86217773885482,3.09085957282693,2.05330102315411,2.15516384846209,4.56608508828662
1.9533327557191,0.555774894210227,0.705831778634273,0.270146025209318,0.741146020727394,0.793961766503944,1.56574738658699,-0.273391872579385,0.521454801579329,0.855413054041224
3.30311231424697,0.67607205771879,4.51713175178204,0.234093602841658,1.80486023299339,-0.547898936300421,-0.912507298675339,2.32922875367554,-0.607009631389137,0.678996222605285
3.03839716126434,3.02327908540398,1.7867372929081,1.61574439114058,2.01718253720558,3.21817701831861,1.59326949176696,-1.18301105672201,2.27735984700898,2.9777243944137
-0.267900079231353,1.33640797596472,1.70018896210589,1.2066476152244,2.02449683644593,1.73365292813648,1.4853944432935,1.83143570035124,2.97759796401138,0.174253105401881
0.871707476077967,1.4477579578762,2.6197319486153,1.75680045426172,0.733187175948238,0.957489950765386,2.78117089335412,0.448700728541508,3.34380343968262,1.5119696096202
2.15299600758266,2.42935452481532,2.60819628547431,1.75220979566879,4.52486967860707,2.7274422181652,3.28768866519832,3.20259626253433,2.95250378827651,-0.638779202540399
1.45572814899517,0.799280154008347,-0.055853359795363,0.819950998468551,0.386344723492593,1.31955542946058,3.1579903832317,0.869040969693948,0.872466344713061,0.829067570289449
0.91751206702345,-1.03059497715492,-1.96058108155175,-1.54014378916195,1.12489971023787,-0.137419511676671,-2.90597753501527,0.240485803503893,0.223284165868273,0.689113369742988
2.15535732711363,5.69176878362989,1.7368826160681,3.62050491744552,2.836353855029,3.31787391144699,0.387552956264894,3.92768908646687,1.40851742386102,1.9925724495904
0.355046345697736,0.350015349927571,2.09089968409889,0.958664583713084,0.335834265599817,1.64457936590857,0.114516599393621,1.34106938550265,2.93387493454423,2.83974430716144
2.95563509626494,2.0290089712527,2.11208106419516,0.47738347832825,1.69924165710912,0.7560182724213,2.49204369497514,0.915342746904934,2.40164168728012,0.356285871277412
2.77131234179919,2.88095076645015,2.61898395773129,2.71984560123487,0.536056752693995,3.08537564485221,1.66012175681085,3.0813754213726,0.482494753824532,0.732534211478517
0.703199093724454,4.9668903647722,4.23902457017475,3.05820532071897,5.56581490954144,2.22401383310266,2.9043418089864,3.0790805536216,3.50152173501942,3.87086684243305
0.952165205804014,-1.58336163873918,-1.27593872066416,-0.557895977998462,1.36275497798695,1.91004623002373,1.94102371412588,1.66045545230408,0.65416206780723,1.68846940895256
1.76681614775686,-1.06198993429868,0.277861414675164,0.735934216212071,1.33688877790833,0.994299843073978,0.84486917029944,0.608261093661144,-0.588780534885351,1.63319274507084
1.13827368065149,3.70080941333681,3.39951039610467,2.17612079097637,3.29359968454592,1.88341482710661,2.70508189593785,1.79359713880227,2.12171766540654,1.86039771034659
-0.11840805317447,1.0547194848097,1.31393400458866,2.80704636214843,0.400801073393652,-0.473080829690976,3.25131408222328,0.726236229941239,1.94679039419653,2.70700355925622
-0.482173190076435,2.38592151082834,0.0467482726756293,1.24386575174013,0.876777112991083,1.26062688748391,-0.762523342860416,2.0443797808768,1.15326973627278,4.45263995587752
0.584877141082895,1.37018222761942,1.74705022180451,0.129761546539728,0.749426543886393,-0.361755699430696,2.07867053345501,0.535245147831211,1.52150905068896,1.38124610073709
-0.607593864208577,-0.524065254236287,0.99966913720303,1.9507032231472,-0.674326927020454,2.17701586925531,1.54446481966134,-0.0490163851231993,-0.263435535906315,0.409259561626391
1.95348816340486,1.20023737427421,0.548153446248561,3.08884423258032,0.458266564931843,1.77273869742757,0.697863723563093,-0.0524122017835591,1.23162441732457,-0.478141236490985
1.30153101979822,1.31569255829522,2.83923542432272,0.965680181937933,0.266773543642064,1.39420498545354,1.35866991548615,2.09326453508253,2.71953653513925,1.98907197016937
2.11490739813193,1.63064664031484,1.9506414169585,2.46711556664925,1.60609460137396,4.08376124079111,4.56714413705724,1.02307464890712,3.09608445125275,1.52452256238752
1.91663220040364,2.26180550687958,0.537718995423699,-1.69272643866031,1.66834010754467,1.98012632411724,-0.714302017098255,0.372498954436648,2.00738813949747,2.08317067605833
1.39497520880688,1.43749386674059,1.74033182930886,2.9979695153812,3.94408981348933,3.37970397571019,2.4677198410664,2.90413322149143,1.57983702033699,2.24890359224948
-0.207296206599415,2.37155148781935,0.068288683807941,-1.67152442970908,-0.899715921195157,0.0635694213580132,0.613585912374377,0.337796619763155,-0.0760111065696398,-0.657490105676319
2.05948250796085,1.65464386325172,0.698119045740249,0.965457288281649,2.23498670597499,0.967161652652714,1.46548870901038,2.2250160571813,2.36777399081192,2.89243165493029
0.971381573360695,-0.731593958331084,1.63720846457814,1.87455823685,0.830555854113486,-0.0113533418625795,-0.912230490168345,1.37432320750342,1.13533588785426,0.540610528152803
0.611288894480335,0.989715631116524,0.397267723100775,0.824991296282094,2.86319969166986,2.29802740424164,0.749756726988916,-0.0585750681240567,2.05645630707034,1.49068575331891
1.04452117397498,3.01436629444068,0.960456324259875,-1.49837576605983,0.728525431752775,0.854333635594378,0.915805966807132,-1.09480110774274,1.43837875679788,1.01770555758842
0.588546940232568,1.14432905351348,-0.599853370450656,-0.754413937944112,-1.46621874417616,0.297124128438425,0.277692831685286,-0.084302216090285,1.49688308847448,-0.415390308971039
4.95260367127382,3.58724780289817,3.11499930150457,4.46581033616953,2.17515791234211,1.55295836047757,3.13805600447406,2.59101094776705,2.90387831030497,4.51759708819648
-0.383464879248401,1.68481741214612,0.935227353356769,2.58897242449297,0.354895262244958,-0.528749702458834,-0.0871042121081644,2.09500935057012,-0.0967043985049705,0.000883598821649234
2.28689257561828,2.73684154833952,1.99080304231335,1.415012447347,1.67915036326179,0.993126140815369,3.11918545832616,0.729926531481492,0.797168770786979,0.192547551844314
3.39373766357404,3.3382972028442,3.4277895949504,3.96093328408957,2.16145721731637,2.13992940125718,4.23468807558281,2.07878677801709,2.18123571134736,1.21413700416878
1.40999100116475,-0.216315465697064,-0.407186804201105,2.13615688851939,1.04683518656879,0.35023490888061,0.634062839749152,0.0634326914485566,1.655260272272,-1.17762517706791
1.7627906208182,1.72366134889501,4.69933853575449,-0.0277519231711074,1.28521370092107,3.13300026108344,1.19763516236397,1.66518800621072,1.62476912812167,3.41291032985774
4.12883355252684,2.06020267268259,1.92788734863748,2.47647899409587,2.82115048862917,1.49874149589669,3.58239699597244,3.36739492275671,4.74636020988011,2.21935415942819
3.63734519677937,1.92759985279306,2.63800314648917,1.56329025522435,1.8767697921643,1.91718973999863,0.135061059553899,2.62524828039855,1.3666843325925,1.4961838014074
0.606383705043921,-1.12857968907152,1.81528400817594,1.26357402946964,0.981285873583346,1.60108202507808,2.71096565482686,0.162597151535223,0.303407301049732,0.902498169938551
0.684124574815616,1.45331215551985,1.8041080675839,1.95210742690691,1.98770042010556,1.07657991322843,1.62576977258612,2.47123869243819,2.76479605516991,1.19806440719943
2.88811842112521,0.657613353878053,1.46354140764367,2.74238574394934,0.65376434573901,-0.0871951900370922,-0.782245840752742,0.302664905572101,-0.000692966936899353,0.00830534115134673
0.717129642519155,1.98279962479635,1.7842467945266,-0.397577842674073,0.779949959095469,1.45921271739427,0.293864081739706,1.97852859079299,1.11320566440454,2.05053481919973
2.37022964576547,2.72595766836963,3.56668043065062,1.55368438114433,0.907187362994517,2.0651654781699,-0.0208501299105093,1.28207591091326,3.89251684219483,2.86740499480655
1.52712080583364,1.68633234185124,0.86917913422617,2.20117631024035,2.0168820558189,1.88655097805286,-0.800639216117295,0.272073253327858,-1.2028046209033,2.04984200676773
-0.258516461770924,0.320905079273981,2.77530619701424,0.570344898352208,0.485410219296895,1.362120861332,1.91127728554554,1.69637999926154,-0.982385022649594,1.05378808909989
0.471699660099542,0.366314613269615,-0.727998074417481,0.0461566109933294,-1.99923664444718,0.057716755090878,0.568320560710486,-1.4450033494722,-0.151108184162917,-0.618645960595599
3.58892246797223,3.81924403607103,2.62317621365627,3.54267338139864,3.40944550984498,3.51866462715243,3.01496593181826,4.39536379041014,5.04009874345271,3.11785650538197
0.38475737923386,0.904239467790961,1.24500029413776,0.875067647765649,-0.913386535225531,1.11208672425295,0.755637898873916,0.27167832981589,1.54217050582322,0.604337302426674
1.36402653022165,1.86392534477093,1.45280849973871,0.185017283079327,0.5967612334145,1.23137584412193,-0.0486073803564053,1.55177425797238,2.23910598017941,1.44833356865131
3.27852584496967,1.87941872852036,2.95382029377049,2.94517039539679,4.15836209518178,3.12949348785289,3.59042094188665,3.44277665138439,3.75050084648095,4.09119882460301
1.76672977989131,2.3743467978983,1.41838306831346,1.19649166091571,1.46596459687584,1.53047777036436,2.05382878611203,2.03119118321857,1.94569818947529,0.303932576209454
-0.0775563468242765,0.485669859107658,1.03806676157027,0.251373564607539,-0.969727779614763,-0.769936857292743,1.63292477314684,-1.73456005760534,-0.944822554879613,0.387582710192625
0.398369103716239,0.127828656888287,0.241361302798754,0.187589096913415,-0.767409955601653,0.602758688766805,0.777499139671494,-0.602559564721704,0.45887043090605,1.61995226411352
2.74265164177095,1.11298316159738,3.05697852722291,3.69079121147617,1.16686518302806,1.8458404166985,2.30357801207268,2.27809734206128,1.70368297493113,3.95665755283984
1.00125588957536,-0.350529617772606,2.63119077472233,-0.311042505206551,-0.0488748642704242,0.246377262720101,-0.698546111944424,1.1115189146897,1.78034509492174,1.83082537055765
2.62540583933939,0.855688174977725,0.537408599756801,1.77415132169647,-1.16830301133628,1.08390894448782,2.33026658000936,0.0363760835696723,2.56281073137653,1.76077383705324
0.4862639755487,1.50841068142882,-0.190216073748914,2.85575829823849,0.768905525958236,0.800646415265191,0.60264851765253,2.03885608981509,1.23670702499589,-0.170810062605887
0.769243673621837,0.441847833364762,0.53359670066967,2.5964542380055,2.48283500396786,0.0515155126100285,0.233623014588813,0.677983914582975,0.0785436236502043,0.483715445095373
2.72043391560405,3.20494227916639,2.38747095656882,3.1227686575066,2.02895952951271,1.6194466777505,3.19100607731448,2.18614153532277,1.94940113840617,2.34182894383956
3.42297599992929,2.07135213820876,2.85898889696999,2.74729223860397,1.49744539854039,2.69818047793534,2.29706709205612,2.31872491788913,2.19570895107732,2.09848453539836
1.06130467981719,1.82134837066904,1.77817056965626,1.34940756697058,2.85791304469255,1.93717848921428,4.39726241542464,2.52631257687608,1.6168106557017,2.52527832012697
0.0707864038881473,-0.244154418136285,-0.0220698377049929,-0.585175629393896,1.83003262639715,-0.956317942557423,-0.460044885753479,0.369043295800439,-0.515198190066816,-0.437573183594456
0.617344715329221,1.57632509857971,2.23781719383917,2.70352293000672,2.82932179355482,0.829035831161385,1.34227441388678,2.9143762868031,0.679680607296684,2.17808413493835
-0.730006147045612,2.04856149362197,0.253344657140042,0.805791501418206,1.51462079244867,3.04048136113047,-0.456413602980454,1.04176848350382,-0.14492356454048,0.663854902261922
1.91537977505995,2.3466536406483,0.736584674286765,1.45530296025721,-0.0746592492325231,2.16387622492857,-0.105040611372773,0.581384224098741,-1.30933369520604,0.854637581817993
2.24236189522602,2.26631423648416,2.53589684669554,2.41458969635499,2.57842080582713,0.723903937964804,2.87817293297499,0.900286014220157,1.1417431975654,3.08659886663103
1.25011793003281,1.19303273752316,-0.463490562327339,-0.528941163171165,-0.918259336975161,-2.32672558143629,-0.116782419597075,-0.22909098871951,1.38566813234741,1.61793649782887
1.29080331338624,0.602557166288444,3.15464135204449,1.39374196539014,2.97753746934798,3.22917931801036,2.61278956045891,2.7262058807535,1.58844007937649,2.99566149824875
1.78675140578648,3.25921656111124,0.631606071505299,0.777084339911457,1.29421621738684,2.23617691697161,0.0492329720406997,2.32637124694963,1.93696660983442,1.35132646362776
2.68649584078935,1.79120591528985,1.5797060034721,1.03489716524283,4.21139042322309,3.24081400566122,0.549817866234793,2.24106275899115,2.52823587330785,1.36425323223774
2.79157083155218,2.98342546895423,1.90236900199648,2.43369437896296,1.4523597295809,0.167729526449687,0.620699204085333,4.57700886606023,2.0861291867558,2.94021389957097
4.00555601879541,3.71504530908454,2.06820648217568,2.50575699658014,3.39666081446961,1.90702226607354,3.07270302644607,2.65083863327793,3.74061398593296,2.39531631350436
2.28165247551794,1.74294689211767,0.794243987134455,3.66649239373973,2.10096403158649,1.51689518188785,3.54356877571835,2.88929440439265,4.19342338670854,5.1325042259071
1.58349505399042,0.531497770857669,1.10933512618131,1.89089993241381,1.19332740447498,1.83962818634557,0.602823055438886,2.55846157821124,-0.10215211803082,1.92736348508963
2.39477289017005,2.00618571705459,3.14796917600745,4.32494901433137,1.5008708596663,2.42716016047323,2.60223903334441,2.85124878407241,1.94342823125077,1.41511828735821
1.98261956883924,3.47870198601492,0.857954446116917,2.22209167832395,2.76858097183807,1.31310002554045,2.34505598012542,2.42714361295875,0.960826813867756,0.292819882167756
1.12596132827482,3.73086942602572,3.73625146448357,1.98302159557339,2.14672677273593,0.48764852575036,0.406111650186724,1.26959608598674,3.04848082258248,1.92114505934204
1.3440017862809,2.58963609689023,1.14884071061106,0.415699121335953,1.81183461623188,2.70063608019071,1.28087215177571,3.18546413026521,1.54870256917182,1.52348893463811
2.30797402400098,2.67245304140313,0.100858705069904,0.184987210445845,1.6250247013672,1.30649932122678,0.0692977613332253,0.539352437137867,0.144900556427448,-0.726295187513643
0.367098800312626,-0.152603320530774,1.0879460543757,0.885266887588301,1.57867480211748,1.45100001919333,2.73435882439554,0.719423431711675,1.19986360838378,0.840899520681362
1.4659851063041,0.635992513538644,1.14361998750376,1.53981390914029,-0.619646717281725,-0.755647484704836,-0.584070056161093,-0.375292997098467,0.0221798100765009,1.80302630456722
1.75817331401781,2.54309782351703,3.53641235603457,1.92008816452464,1.65585780260711,0.368684152871103,3.42042687680989,3.72255602992797,2.76934684170958,3.53849799850804
3.97416854752553,3.99081413289716,2.94980838037508,3.07037860162763,3.11813780532511,5.79593085369364,6.32609811241476,4.73512481854361,3.66724788878501,1.66509151737364
2.15608508263843,0.0368749522022896,0.971070397970675,0.948793889573565,0.0383180149105415,0.80535702506708,2.80351512692514,-0.433999222627598,0.780483953840761,2.79379912822716
2.65906992134725,2.42703476031435,3.72054600751361,2.41654339526968,2.96188228634327,0.577861741152916,4.84112868088146,2.50248509470297,1.09723136472067,2.60059046432755
2.5210794672389,0.968726825512454,2.37500909166779,2.53956565307664,3.87969376582828,0.459756223034873,0.56201341086139,-0.604706080722018,0.757603943402729,-0.258810813584128
0.916167519538956,1.36029742957021,0.997615389021649,1.14493803552459,1.27999377023759,0.955333706819041,2.08189576090784,-0.47929779993336,2.63032194680981,1.86257630976484
1.80105364222652,4.70356662262498,1.85731005340591,1.18108507665537,2.52996449936694,2.93447343807516,2.81817170775543,3.27394719250682,2.57287303716352,2.70299320835639
1.2617365832592,1.6748284004538,0.0544207705543864,0.600338931276311,2.02550664891675,1.86134613261724,1.15980563644966,-0.364311065654995,0.922262532195538,0.518877741054732
0.201364299330465,0.168676937476265,-0.628074078539723,0.301608778136588,-0.413542972445484,-0.803535744106497,-0.0508026626706896,-0.624563686151453,0.204691092925383,-1.29406308241149
-0.144318966602693,-1.02897505080455,1.13329003469131,-0.121871011360764,0.478641695762855,-0.225131351410791,-0.540806181845635,-0.943627981186301,0.918425042861311,-1.16274836980778
4.19030473553117,2.31739017594786,1.59319790392134,3.1646348483653,2.8643939232353,3.65185056315699,3.79752307859281,3.22908200014456,3.2645917083352,3.31009790656149
0.52898768706093,-0.171830052926695,0.585059179706129,-1.15387718689732,1.51716651863893,0.979557893048543,0.929208852721329,0.794855028742719,-0.582475510648886,1.83704582985257
0.892728770972313,3.38895620837989,3.4014229462013,1.11371611241665,1.53784329042728,4.35459210308828,2.27594280348331,2.29318496919582,2.03344112652894,3.349546608843
0.92400222880371,2.72441800854849,0.808373957969613,1.3541715773253,2.741375540955,1.09511721657342,2.58992557994072,1.06993522404191,2.16668833103899,2.75461202861111
-0.17833508699829,0.741206826232191,-0.157378227001558,-1.20469666511239,-1.12354429867686,-1.544348290194,-0.349346818819301,1.4322904361563,-2.18179136139744,-0.151443171596037
0.387540179995327,0.878255054716982,-1.42118658390637,0.973029080018031,2.85647985340818,0.117934282179683,1.29123758288427,2.37538456436352,1.45747868528345,3.1478190211805
1.89646927581901,1.75824612168501,3.87344311119886,1.39479367686791,1.42377702514513,2.61757780562122,1.00551964785398,0.490085876944948,0.699728426723454,0.534446310708448
0.145345415404742,0.509297324108738,0.0827965935020541,0.37023847423672,0.298342560408988,1.86602566199479,0.548153710453023,2.71832427199182,1.05048036223184,-1.21071452221933
-0.12261951819194,0.433487398555302,-0.83668316470979,-0.634946373599938,-2.01608125266987,-0.0447818318698663,2.1883538089568,-0.228750561571819,1.5694334024373,-0.377195487992095
2.8058060620609,1.23553190595435,1.04963657568165,2.63336845413934,1.4623753782629,3.96543392305758,1.30147382758182,3.65388669687449,0.770277421328335,2.68660127622176
2.80541628257434,3.45018951449151,0.692950214168018,2.65238535001837,1.32027766926895,1.62661092845624,2.22024677364627,1.39463615455023,3.8122849855387,2.1769154298227
0.525273877529514,1.15346284396202,1.04584514510419,2.27586744216506,-0.941095247409408,-1.01813736139379,1.1436071036775,-0.176429272715712,0.791238929415997,1.19428286397253
3.28958755492993,3.25217521581062,1.62272253049509,2.97779995495905,2.94180547581561,4.67412340935965,4.44445266162565,1.60138271900089,4.06687534135876,2.777970059874
0.832947919460279,2.60913336560204,1.88205275507472,1.59080753691492,2.36323679513836,2.80856513692245,0.533687689131107,0.32845938273027,3.81135309252099,2.14694067748109
4.3003720530015,2.25994085147926,3.80314211501303,1.69597279656957,4.10337287748363,3.45320613213381,1.24171103118153,3.17943236675571,2.23401619392994,2.30216586534934
2.06090385553127,-0.321526938370474,0.0370819933802032,-0.387909892079034,0.263758902516094,2.64733460714565,0.0777614035612531,0.679985413141337,0.566463996911365,0.398591112030762
0.746977448148204,2.41308612757751,3.08532184331471,1.47481093801146,4.36329612569909,1.55909480162856,1.30174564274988,2.88519631780495,1.80052670547024,1.85755111761579
2.26991898488819,1.02896078382176,1.10087677621251,-0.417992075171043,2.21559273779215,2.4420847997974,0.366114185340025,0.0516314559311156,0.820034643438463,-0.841994442969193
0.259011552336029,1.34626366925487,0.456528719274273,0.980541324468859,0.126837816065769,1.54272490349339,1.38399305567145,0.92407659342461,-1.0228288871677,1.04965627974217
1.32022474563037,1.19902036920195,1.52874633458654,2.21190030447835,0.443669616364589,2.76765586510692,1.34741300292271,0.504859988995818,1.76536756659432,2.77289995700309
0.54286130988189,0.909032290871598,3.79272314376253,0.532202120114381,1.44364077381656,1.19636636463055,-0.0017151772803079,0.600733803990415,2.48989420437962,-0.982762578749631
1.50843383467243,1.68105899516647,1.83162767876362,0.605544589565129,2.5540114402814,2.2958913859098,1.31215451060111,2.40663984477995,2.14862703310411,2.21057785269438
1.80049176881644,0.837729253641015,1.25093079254835,4.47168746830241,1.82089112031701,1.49629443870616,1.75189540155872,2.81735813043625,2.12482949709904,1.35323690513038
1.9093038354316,4.67722291659119,3.17377977506398,2.15879725732139,3.74657542930231,2.58721082875503,2.85016964873573,2.78173329668297,1.45495835018054,4.75529456877522
1.55599825433807,2.84279423064817,2.68303945313758,2.50882514289092,4.1222827654281,3.10088983343369,3.908855871605,2.29508474463663,4.23633662741487,3.33771597885991
-1.54727418466466,-0.255918784376726,0.0217080861251268,-2.11849795508077,0.554101945783787,0.885025998137708,-0.531556941700572,-0.563801062742428,-0.447411246517246,-1.57962925600057
2.92280361605343,4.01739284322758,3.42669128652405,3.84648327579317,3.98011710514805,4.01114180679514,2.67203079840646,3.66105129079087,3.80544934086807,3.57107433036095
3.02728782357246,2.5095135860676,2.41567555822986,2.22844483432119,2.348215950336,0.51391688534179,2.23847561504363,-0.224770536692194,3.00344173237706,3.57483602400438
-0.232199897814612,1.76263789494983,2.68940546564493,0.403127429427814,2.39151527694332,1.64905001135105,3.17552795811327,1.67205975981724,1.84592469452349,-0.346628536136679
1.90633177014816,1.1253864078584,1.54061566830393,2.20748670861414,1.16287395186694,0.639926004975482,0.556611445141784,0.810526460919907,1.15913173192317,-0.160055119299817
2.16336801894279,2.05856295688093,2.27340498592697,2.68990078829264,1.25171243553788,4.64218777553613,2.76252446572389,2.36883806388353,3.17407370896883,2.48374804588391
2.58414645056681,2.11208987509122,1.38559850955773,0.0474186214676537,1.10815863861473,3.66944081218301,0.555566364786399,1.1146223902633,2.65267396282937,0.89594368490305
0.510307740712129,-0.575084355808031,1.36321881703348,1.92436862165193,-0.184737631494254,1.92855131228838,0.775050361913385,0.259124758982721,0.594648304423204,-1.52164999055934
2.12918773122687,2.41160304942922,3.21528973391527,1.1391085976781,2.74778536211863,1.01434370784029,3.39458994008056,3.56366661910232,2.03532828259079,1.95215075179276
0.540932243748569,1.62097575972421,2.44544524081036,1.91490546347932,2.56031975388486,2.78051495189811,1.44051706214085,1.19958043580399,1.56485328257621,3.02566177094511
2.3729538932413,3.97447629178868,2.26740023907534,3.31509730129281,2.5302337484601,0.731820786294189,2.34525573263713,2.68056351397538,0.470147243515525,2.02262008033679
1.89388355872484,2.3498789424377,2.57645523194385,1.02284031872758,-0.158926152286215,1.08283378952977,1.54135221740677,2.37087711831868,1.4327641937648,0.874323778953554
0.987857310901983,2.87119985158445,1.19977128511611,2.0995270170504,1.23685377786148,2.38743441824989,2.06138925573591,2.53702336034124,3.92695706978271,2.15590156550914
0.390919111393684,-0.216462168577831,-0.749898129658033,0.695220718464973,0.444077569259866,1.18077745997215,-0.481287977451559,1.21515729586141,-0.188498351262827,-0.143604208427086
1.32758147827336,2.74744988562647,0.495330148712195,0.236795440738197,-0.467916382889357,1.10190605978955,1.72021260838612,1.62356292800504,1.50141395189252,1.20882658148322
2.06687622989937,2.27121553359262,2.88618958317297,1.03931459413844,2.53392720260558,0.765991210668723,0.891368139191763,1.70645333041954,1.02004599144452,1.83169209973557
3.098825283966,2.7546216896523,2.97267672467302,2.29378703657607,0.0471531808990315,1.68557915769738,1.96753423677412,3.21557123077103,3.64580188076566,1.72081098153488
1.10519025115863,1.82439157724464,0.476352000725853,1.39374112398613,1.80156982548741,1.42373755373108,-0.154979304621114,-0.0197239601206092,1.38790679058757,1.89338562507329
2.99170012242062,1.69070010023359,1.58326224546895,2.86294862489004,2.47817225611727,3.17383901304296,1.30565311185572,0.611798594455496,0.511479515346105,0.660203299632794
1.38325945916097,1.85733140232185,3.66029912282105,3.84525112833861,2.8206288759294,2.24855584794672,1.57619062849252,2.35841557896109,3.12954550151211,0.925285073997717
1.95679323204254,-0.532297363097925,0.537897980476529,-0.646058345524873,-0.253898212714815,0.726810655288576,1.02620256486862,1.0124757503409,2.11841356578838,1.03597017566368
3.61228799873107,2.10366404112134,1.1040722531049,2.35680113532249,1.77900117357101,1.00292220877472,1.8634019179783,0.760459380846495,2.4085252359456,1.71255575576031
3.22363972384575,2.42721677668424,1.35588639370338,2.54598532772108,-0.70097669021468,2.61899623397909,3.65554772516637,2.16737980571307,1.78845695992834,3.15235165468397
1.79384731399722,1.32394787745699,0.544918463902575,-0.307018536210243,1.54821002921777,0.428051056727408,1.59462668602969,1.81856196822959,1.10866469026884,2.88180884507539
0.472862415112192,0.192981038132846,2.49019584685738,1.01297457579648,1.16388719953637,0.909580410353573,-0.465325192438589,0.820046696934825,1.86410350236837,1.02357153154235
0.20237606894471,0.639199274578564,-0.243301538711987,0.830287657663768,1.82509675550818,1.14705653087119,1.05427048049715,-0.00210743649162981,1.20728674780232,0.309908536913604
1.93435798735985,1.86815855357045,1.46906576511643,0.841757378945046,-0.525554420938321,1.19572535078262,-0.0408799955823,0.859237875237665,0.675357632612652,0.86916814211004
1.42690196998371,1.89863175288336,3.32457949011906,2.92842605717445,1.66716762313486,2.88445986192369,2.1285715931768,3.03175071947804,4.34063113758598,2.06374106350425
2.21784688682125,3.2823790326125,1.04578177268942,2.74967905717824,2.53873544563495,2.18416740054931,1.32568899358415,1.09663202568936,2.42866016741075,0.56672445331455
1.97617925698926,0.53767668156001,1.32530607812954,0.890006219885215,0.641795870083918,0.812880135070433,0.367566006834942,0.801578544612695,1.98348597364777,0.762657888535111
1.66542848297819,2.98706579197567,2.03292483229807,-0.34141374402389,0.691253860646617,2.36869253747159,2.82667109084211,1.76272118914693,1.15846635734253,1.95731932302583
3.63644711551618,2.96442283765119,0.218634141664579,4.04394408654956,2.53439003027438,4.30552696263918,2.04964292106871,2.77384241714158,3.79616051196406,1.44536383808946
3.54242240137377,5.26702748874782,2.99352134617796,4.23716993281196,3.21281898291203,2.1591103418554,4.07677875415484,3.35766728592621,3.02326154564106,4.50158085273913
4.19092465518741,3.2599630700904,3.40762571883101,1.29687150663451,3.43687570093541,5.92823371896042,1.94118705525941,4.04894097530912,3.06769206999822,2.93721265625922
1.51085328137965,2.50504961660645,2.9776312541302,0.276590753485089,0.758473047562531,1.3306820108114,3.04473598912218,1.64415545507935,1.34124134254192,2.58375056845363
1.13427222177531,1.67690623381463,3.21002678758804,2.18624017344059,1.27036461776064,1.65418111697104,-0.309677298402329,2.50312856988298,1.80345649989943,0.71453355909038
1.67951474554127,-0.638796680301586,0.0381496396094853,1.32786556354356,0.245441826209997,1.57387646256893,1.82594992250875,0.528967653336864,-0.241881124063967,0.79281835770767
0.554305572799437,-0.890433576157565,1.37665036584193,0.133714968212862,-0.160220613142152,0.430893611803355,-1.17496196424124,-0.0815991273086689,-0.730778187546895,1.74757819017054
1.77671523221825,2.90292190745123,2.01410275789815,1.55025846151019,2.08668917895237,2.1891769797362,2.05000398282408,1.43429780193583,0.215189617243145,0.867092800398809
1.91386592126212,2.47097383906252,2.38007717038485,2.30007674462137,1.80696879876838,0.643836591293556,1.74330868026021,2.86600686673568,3.14449825501845,3.85965503190043
0.549597509623208,-0.0451226280593169,0.183387139909338,-0.0332935753763008,1.20330033142758,-0.808776729206161,2.63974116834104,-0.147603382357903,0.864196556820106,1.4039854877053
-1.15535097906449,-0.73180181420891,0.208549965768249,-0.626031622549725,-0.116161756433901,-0.236065040347283,1.48393918082897,0.628731787054945,-0.607935414500855,-0.473232209777998
1.37127904533229,-0.190800497997843,0.543261510119046,1.08153740262143,1.74448087687926,-0.179378243107038,1.57548464106468,0.973169131337936,1.39731361023288,1.30199218262871
1.48779585274692,1.89052650411256,2.26672591051445,2.27011083294173,1.37568500758717,0.292672781566611,1.60049740421758,1.06464577190998,-0.267658082061671,2.30803781357017
0.707305674207943,1.22374433282142,2.09885981371056,0.518331805214648,1.01856656210811,1.34779766660239,2.02583690679681,-0.330986415574054,1.58931103469979,1.50277385040212
0.788189180989821,0.315284628854953,-0.835572765621947,1.5128241361164,-2.2409829763581,1.08016218159072,0.274779997822406,0.298896241179707,1.16291125373167,-0.190430183075059
3.36253542516885,1.49762716948022,3.04929497622989,4.62414677544492,2.54484300721307,3.76811752191942,1.67012660643756,2.92711666087257,4.28854328122407,2.57605491000018
0.287965133237064,1.07094469000936,0.975731370618348,-0.342395590513956,-0.956463338662338,1.03602077296612,1.56856734197929,1.0230613524614,-0.413759422463674,0.593037589057439
5.17318177010427,0.118958710744704,2.60354981208569,2.20353588835378,2.30171297141457,1.80809184937121,1.88096285349283,0.773784576512863,1.10058312890586,1.41527597995373
0.855069682676966,2.94281027745938,2.47773237259691,2.29856596009601,3.58943300770853,0.113451721160219,2.82855739109782,2.40976066931739,0.57414876320983,1.82182324117378
2.44156500699035,1.96958421853296,2.00749508830688,2.29839669134345,2.60908111136594,2.11807804368088,3.37914312180937,0.632895028486279,2.27182506668621,1.11771133040263
3.89261972175556,2.94585762253683,2.827247683014,1.46856847972343,3.3500165429562,2.55071049754217,3.28202105997023,1.63887014438512,3.82778266890736,3.10479464441803
1.74852489458192,2.3138492268628,0.387515036872854,0.477960650134807,0.0546023619187829,0.879945263763665,0.483514992985289,1.12700300781506,0.0349880209804649,1.04341022653394
1.4258934991509,0.566436831561916,1.34461728225414,0.168344557205982,1.66544550781185,1.51766655027524,1.83852126982489,1.5713056906945,4.22954318230714,2.42620585862564
1.31203001342188,2.03463277602923,2.33232264994259,0.231028094483076,1.81295461320102,3.48975390441766,2.42124536425395,3.20172670651932,2.55964514628598,2.5610954626056
1.60304315106512,2.62506601792575,1.21310815009911,1.91118906091755,2.42506225460272,4.57838135811337,3.84325237760936,1.32546665115019,1.1409336294436,0.831944429501232
2.52002195843507,-0.457862226466259,2.3024009567308,0.767905400763956,1.83138606270499,2.80629495847069,1.44135922297597,0.842194459031768,1.66939696983261,1.96543190688665
0.578025109588289,1.89560731747427,2.67696449650317,2.08022486100493,0.567360513915295,2.22974354327424,2.87507454238695,2.4302888896785,1.48407628191394,1.23024769711607
1.44644222494828,0.920659807057893,2.16075143334221,1.2842834974875,1.97995537087034,1.3898733429847,0.943296426757356,0.971944790893882,2.4951602482249,3.7187524026799
1.49773211672291,-0.0188655513853955,-0.605932483016006,1.92122876511482,0.56307447222492,0.117079083296394,0.156476366320018,1.49539997484348,-0.132632047768369,2.63694216048966
3.34090767093322,1.0753459654538,5.82773201937247,1.89815613760238,3.67051269551633,3.87952777380731,3.26854389012606,5.07766027298102,4.38375458772056,3.9171785727546
2.99197335411444,1.22921419685026,3.02507409393468,0.437173152764016,2.05646733375788,1.78193330973053,0.246700882183057,0.662145056691421,3.78078697620461,1.13576074296644
-1.72189251701566,1.47969403235316,0.933808808295472,0.124324469981163,2.35095320442803,2.50718527286237,2.89657759680665,1.03350468329796,-0.362561474785097,2.37723470136513
3.79963531394002,0.846262730623608,3.56111757436176,1.55167914316738,0.231366882841891,1.80734585747122,0.23060260617375,0.365994629729832,0.254601331841779,-0.354356337758697
1.18397954037057,2.32670178003943,4.78402741558779,2.47611837694727,3.20967786249652,4.51678212506796,1.40289111565708,0.489010053160238,3.34065635277469,2.92164599714731
2.0154393279055,3.054365803055,4.55714587956331,2.46202700132382,5.17922970225116,1.88275211035108,2.72846119582788,2.92193819772419,2.07104745797663,2.88519897523995
0.425769684292265,1.16479031870421,1.45126825446151,2.1365541669883,1.69956362078534,1.35534174821355,3.03194085666064,2.42889425507643,3.00272088773472,1.35556724426614
-0.433023462654702,0.118605593927414,-2.16683510319185,-1.41176752479826,-0.074974452405772,-0.636510235048223,-0.840938958735681,-0.271550988378552,0.0469221596831144,-0.297863501784492
-0.462755404524428,0.894967038051369,0.189249558130941,0.605946553358061,0.352800305504493,0.820448324459154,-0.419325510507061,0.612243699691983,1.19013584327752,1.91559040196426
-0.0899343177122636,0.348573195619701,-0.788531494320841,0.789846531525244,-0.203420887615291,-0.0566841447139446,1.47999118430874,0.654581224214725,1.09794313068625,1.44111539325283
3.21971280758043,5.02992496843468,2.81265644729047,0.677544330446274,2.8487065138597,3.26207244610945,3.29367132107854,3.34443131133764,1.47021800655111,2.4630277700656
2.02937206946414,2.37010016367598,3.09271421181817,1.63798504267506,3.77863346668385,2.72700424966491,3.21255541098235,4.27001692047042,1.27561594895641,3.04172273692709
3.07612569112231,-0.776626459855487,3.20743321318469,3.00414660791147,0.32461275316871,-0.0586928046028494,0.498276579333964,0.95405127268718,1.73672973461437,2.36920317837142
1.47936473684178,3.76837980130003,0.651760055434521,1.90507178912051,1.32703076598332,1.69875680915316,3.52638005099039,0.744842743735677,2.0840515048565,1.46909943781221
2.41574421072478,1.5330873639998,2.24759725204147,3.12529490288537,1.13745481099165,1.32926408759325,2.59463711261516,1.33220395824497,3.68016444802374,0.837429081255911
0.770284475669287,-0.308597816281152,0.885765967568288,0.146013552903129,0.832054197045123,1.75566606434368,2.5573685051552,-0.501908476843519,0.5671678397393,2.10096529160012
0.4364913895232,-0.949148704507352,1.28070442396699,2.35372699054348,3.28753205268375,2.63432450791427,0.223708200592542,-0.131266941078131,-0.187370952620904,1.65911671113815
-0.46491459253169,0.355669389983587,0.726877956776767,-1.07638657501052,-1.6422282741639,-0.480022736395887,0.714924559225872,-2.83426822377481,-1.35098380585311,0.468028345485052
1.463574382852,1.46699883073207,2.90856109485124,1.65921833688189,1.63834695777148,1.56624780267652,1.80145941402372,3.92813122833836,2.27792651981233,2.04800741183191
1.01432952570355,3.63675027956925,2.38815709574864,1.26560182645202,0.0418579061569031,1.79548738717274,2.19661198681613,1.5752600707108,1.03553703239031,3.59552964015972
0.506234892297447,0.766050479114604,3.01341686612525,0.0673550379590733,1.62643904237763,-0.73976712949054,0.161149361446337,0.171118940027803,0.788573740449673,2.6146901843942
1.06863586247193,1.42592594732877,1.31401619354038,0.0955309577254048,-0.721660192117574,1.94846981668964,2.25757810657114,1.30609691238024,0.915279582201053,-0.20837470186802
1.30730625177736,-0.241274585119192,1.47222536791461,1.28959899349338,2.02064431078751,2.01304874839765,3.04223934243809,2.29626221634414,2.43327935489433,4.48764746404569
1.09743655261634,1.81310313978641,3.44526347445822,1.51564288470668,3.17297435963673,3.72214440945898,2.67415991188675,1.84720855657795,3.04240279871366,4.3502404713107
-0.114955802634521,0.847352763122198,1.85950666840297,0.481036145487439,-0.314150446945146,1.47930233714626,0.838211446276284,1.25753640721035,0.505412367976953,0.71355686077687
2.55688315664247,0.662968652078255,0.982965558991569,1.37418217776642,1.65964201175544,2.54369279062091,-0.108284535454164,1.04641947422907,1.33611123816182,0.153909130179671
0.726212927461488,1.27437172500219,1.04464556027713,2.58740544249371,0.889003654927843,1.02275893114454,1.0294409483869,0.694059936999991,1.73718182978323,1.24783873524696
2.77579865029895,3.87406625068758,2.25841966861599,3.01019906695204,2.33359811418704,3.0490300611615,3.43859869830644,4.43162532894509,4.12318093348826,2.57428358703153
0.851404558528625,1.55270200705882,0.224077714551216,0.78981085988421,0.0578606677050292,0.920018904550004,-0.960094420504393,0.00526762093841349,1.24237893648334,1.40054503693597
0.0459234329508136,1.11633846994541,1.37943001649895,1.83257359132509,-0.576311223843681,1.51211643939264,-0.687861731824776,-1.33313693487925,0.510243389926271,1.7674006986423
1.6613246332746,2.6614483990675,2.60709803551267,1.72895006942782,1.45204798329906,2.51579845771219,3.5319797255209,3.50267216560539,2.03230718197921,5.24504890685892
1.43498333240971,2.71610575795723,0.481390669003471,2.85801004994481,0.73467572894187,2.90601725884996,0.644676082609664,2.91509610596811,2.50019148620421,1.88342872331292
-1.26375106907507,0.925920341649159,-0.934193965618364,1.22679204758004,1.14082348558424,0.270715682978304,0.87475380631863,-0.382052344462831,-0.209679431240189,1.26934297062953
1.68331090266243,2.33667698338894,1.38317941592126,2.79108040251976,0.84039214651714,0.894215064683469,2.4912973095787,2.69003677855321,0.694277143765863,1.55149815389781
-0.0372220722086818,1.77725568619509,2.02962620817041,0.848440620081031,1.72274112479898,-1.34765434907994,0.49747291327852,-1.09205409450867,1.41064128515251,2.20701811114476
1.13486900295106,0.552118801414623,0.495926643900188,0.393101279311014,1.86727566385581,1.30097298260859,-0.00143248868753232,1.15545240325755,2.21318710254205,1.12565728356873
1.35621097534782,1.65134829093894,-0.782030127214513,0.0768808829267467,0.0804412910378591,0.931944515079958,0.514968069121517,0.950605499536484,-0.791371628909037,2.02881255406417
0.0228653087315488,0.439099387194654,-0.744108580434212,-0.422989603887926,1.99194596373596,1.66152586362881,1.42470396407416,1.04747410601935,0.873077374514419,-0.155844690884996
0.0668662606340366,-0.196888189001366,-0.829451049627208,-0.655571574885149,-1.45941243726851,-0.650380080777725,-0.810002416534543,-1.12173974121686,1.23680222460343,0.422897688061081
1.0039782178451,2.00131230319653,-0.805593915404859,1.89333197635991,-0.767557606814585,2.05100186040616,0.259757801258276,1.67347270556624,0.21264275409125,1.386651544922
-0.192078288085606,2.31977975522201,1.46343172671407,0.111451262268868,-0.598268557370198,2.09868153990111,1.07019803221636,1.06965199506731,0.426262268373105,0.189288347170025
2.33245603363191,1.18161386430557,3.77545594966448,3.53549257288675,3.43812993811766,3.68243833900205,2.44861380825781,3.20494462038444,2.39952660254756,4.35751090255905
2.49838871551323,1.30163426849355,1.35406426463321,2.57329441843359,1.15853752212861,0.785402482098905,2.75303516922307,0.951515450011876,2.82202415986383,2.79042726658031
2.76163611265104,2.33094886920416,0.832058446509758,1.96533142936594,0.194921377245321,-0.307022746585891,1.19593632068386,2.26197027016138,1.2610094983471,1.41324508137819
0.682510875380035,1.18248825321477,0.328979666325215,0.256201288557473,0.717780301601987,-0.830809985766564,0.25254616261253,0.881136604463509,0.595926465985617,-0.168049766783979
3.06212127215295,4.06661681963823,2.3742229115083,4.40198525896677,0.134346455530231,1.42019473966738,0.270857357300686,2.7376053947483,2.06402915891553,2.29253926140405
1.37470611821286,1.71015791356051,2.23289076734354,2.31617438628278,2.30512271098236,1.38160513773222,0.170040686462549,2.38037721844522,2.96343806223517,2.95348723061741
2.21923773145557,3.63645127263751,1.95112709586933,1.46909284435039,2.19250595761695,3.15393314191386,2.27936041662938,2.45708550864041,1.0854801748231,1.58284601510832
-0.431191184897523,-0.462900190415327,-0.59183754272332,-0.494246419414331,0.326636660253472,0.59314935552093,-0.757491490028736,-0.160975434250835,-1.30059367549583,-0.903201598916251
1.92261767821776,-0.161828029141174,1.44346246597564,1.24740185894805,2.22344610963596,0.993112333678873,-0.306040344245019,-0.518040120028886,2.8574734862585,2.42568158593183
1.55481123203977,2.53005236893513,2.0693249121226,2.63101111451137,0.763240016481247,2.68501199391255,3.03267989580577,2.15127922517337,1.72347733941892,2.19101214874979
1.64746945018233,4.26734534090089,3.59671811247366,1.38552321089147,0.0268866043218217,1.21798156774043,1.65715898834051,-0.142114776625887,2.70625077057495,1.88879974207907
-0.454684184071258,1.74580768399968,0.24913055845126,-0.514460120972342,0.90906303398674,-0.0591306241703148,1.64352243859488,-1.00119978434469,-1.08777934607026,-0.164514013454215
0.388461735937833,0.992605390161702,1.38373651815692,0.166791651835383,1.38122907860473,2.37151464091905,1.77321241290505,-0.210435596614222,0.766048395804356,1.53169063287414
0.368099543250701,2.39443545924287,0.108077460106059,2.73586544977861,3.18731041216076,1.933846906487,3.59040332757682,1.94367407968758,2.99362018454143,2.21812137100298
2.15535523063979,1.8560141765591,1.05511080956988,3.04916214911633,1.12923704942769,1.04683005554089,1.32090144531178,1.6728307245065,2.0623737572816,2.54911623676666
1.03829725160456,0.106196385990509,-0.0286747795606735,1.16938704747984,0.620732626502413,-0.892275066882111,0.630237639590089,-0.231580749793521,-1.36943831897788,0.582276180759471
2.38388758739261,0.413205530015966,0.782985540323418,1.73726747663258,1.13303891725927,1.03559951038923,0.102775646727036,-0.0837411182637067,0.188659366881757,1.48732270116473
1.13658550399006,1.39342761464901,1.6851217127261,0.762492784642868,1.34407182048412,1.18040476839675,-0.202879437657524,0.18875221359845,-0.22547085799681,1.02663197596513
2.63094092957255,2.07096916202108,2.78840433266691,1.21125983455129,2.78637367776786,2.4347152241102,1.00825613786296,2.0964205335422,3.65338714636896,1.78867725399633
2.73689830280134,1.70135354976668,0.905455248128119,2.36269503747103,1.19401633556582,1.77246709698363,2.38704345868848,1.47873054287518,3.08704165760473,3.57751366029672
0.328940299892784,-0.177547497352656,1.16797574275097,-0.160440502798947,-0.392141907525434,-1.0637370613556,1.33800122420228,-0.832483246089559,-1.24634730450035,-0.228055855577531
0.336739045338608,0.201046305380072,0.310620049147931,-0.0540948268118815,2.95877622315064,0.746536401158999,-0.357539156238768,0.744912161046981,0.483544319368874,0.868669340834085
0.791495334082909,2.11847071730463,-0.155696551763655,-0.144854253854902,-1.23577537755091,1.46048831316412,-0.472290404670643,-0.52656195970977,-0.966622637056095,1.6883327242765
3.56294754162839,4.20066414681858,0.561779297544192,1.47943616785038,2.00363441892016,0.848598870780511,1.11337473400258,2.10788114715077,1.34678283386482,2.86482290967126
2.18173340980903,1.62599927993096,1.6980178349671,1.34830054415106,1.94944752923037,2.67150407316163,0.771153236123612,2.31809630500587,1.08604006824664,3.02737585234386
2.25422962678707,0.750247499405571,1.91782990449094,-0.335143126601046,2.34470854122174,-0.158051698232313,1.31445647057157,-1.68254793706014,1.93194115338111,2.18948761000847
1.86136530262369,0.375464928005881,0.738107172244418,1.84874663968509,1.3985775076967,-0.378469746662495,-0.0803799041289746,0.728730323942345,0.885937295381612,2.45876705075993
3.02092478478438,2.21217782962889,2.64935421253408,1.58186772245744,3.36035726136256,2.13659321767625,2.50167183021151,3.66310578426856,0.0690034114561424,1.58755761073038
2.42640874428658,0.939748523099841,0.276139077824944,1.00182113116823,0.00586231245357405,1.27084430050612,0.772168414763109,1.06117326857927,1.619561757788,-0.189564658053129
0.659533357982819,0.999981865180116,1.38139439767161,3.2470665388597,1.797875829851,0.331165134362795,2.55350396780319,3.21277164770563,2.57345259697992,2.85406678060391
-1.05762331576356,0.807267266233118,0.0908045650000673,1.70580757247884,1.43375112866405,0.40498016816794,0.92190523869897,-0.053035494951946,-0.329364632139199,2.48556669416283
0.908538603914298,0.673233149326816,-0.600874129268039,2.72015356335374,1.08941704010743,1.34940921823409,1.74939184679009,0.902446878181162,0.689235589899677,1.67828200534115
0.399473113259004,0.85756492864751,1.64404517626717,3.43128428286198,2.04127683070173,1.47556940328247,1.34010361948481,2.77085202766238,2.09680596874482,2.33365503481033
1.13123510757111,-0.667056213893764,1.39953762714141,0.270494174696189,1.75604714022939,1.03931776471271,2.39966960337955,0.939743058745678,2.17825977629638,1.90662793845792
2.61723312213399,3.4397594926612,4.96018838378016,2.92953248411352,2.75344694067769,4.21972142855941,4.25345675034437,2.87276357921593,2.72671502863181,3.56017287557295
0.67589031673126,1.23548292775453,-0.406672301997592,0.655966596318201,1.53409935552624,0.113930268144346,0.651387364556507,1.51016716501943,-0.709755821781619,1.03312649908218
0.214904868919928,0.905145421931924,0.812172036496927,1.15116790650253,2.02457654212796,1.03514764799235,2.89722085431515,1.64833952031042,1.28456061512668,2.61992032764798
1.23200497337465,1.72210037548003,2.05762597057783,3.85229323849244,4.44798823530299,3.58267179599767,2.59779691851579,1.98196763648136,3.429417463022,2.19248311450833
1.11123976508098,0.775456599916541,2.81366502904841,2.62182365532748,1.25214740262706,3.46569400266463,3.70132508347962,2.00339812528546,1.93546067417265,1.86233892422233
3.1248218075141,2.5316153367314,2.90571320211296,4.41525604873071,4.09880590977727,2.96957463197036,4.52490981230925,3.51029222938666,2.78321214860327,2.85212414196605
-0.521876821099466,-0.499013340399836,-0.49350949777112,-0.947827985611011,0.474780613422754,-1.50741053221162,0.681908919034523,0.861785905448386,0.0160584211686888,-0.584135341295308
1.20669883667701,2.35969430501237,-1.31006316387901,2.76929048051425,2.7367138241089,0.138150819451445,1.73566355992977,1.85552871177391,4.34940885352482,3.74707825085214
1.86946943188238,0.193484678261281,-1.39791158069866,1.53649833780247,1.71293060074079,-0.401872214131036,1.06818373982192,0.768701052499503,0.431899528278685,-0.0317908088391765
2.66800370467858,3.50630517001482,4.90732684179462,2.2968816814752,2.16348900329847,3.2432035772585,3.88344202642299,4.22993806468219,3.89373624554741,2.32533386794304
2.07419363807495,0.554212220918487,0.546826267163617,0.514993962639328,0.80870604056682,-0.333672453929919,0.707050752964847,0.522307005644543,0.0271507705855719,1.32550691973396
2.1372209830705,1.94381820757732,2.00487673229687,2.10258234020054,2.78113016509966,1.147734419305,1.98453386350132,-0.964693657319683,1.93277944185275,2.28874149387569
2.68245123600646,-0.89067416008686,0.223781953300365,0.293232674614319,0.975527106753938,1.35095915129376,1.7434924840369,2.70982123767828,0.711731235639434,1.82808938724955
0.900010197813595,1.42718028419486,2.59210611234047,2.28609400276282,3.23726597106951,3.31574491463278,1.14118373837982,3.31993643689593,2.63330551269788,1.78382357593058
2.07831232052905,1.32954263416595,3.41846065580275,3.55914215946361,2.45235917498314,3.76702362881973,1.96098382211403,3.70698413170642,3.89579052333007,0.110412893814879
3.51344224072849,0.960081550889057,0.965639666419941,2.03460810421939,1.71706393546087,2.67087739397344,2.76303435661268,4.41427325376026,2.55363964631198,2.94659342066878
2.93874678639319,1.98804436577484,2.01806565624548,1.64438384427705,2.29476013594554,0.833307157829311,0.940446077149723,4.33570819154455,-1.34870115305033,1.34156160829017
3.19197342202575,2.70040458540505,4.23561309973649,2.47143161115872,1.12903909631964,1.08041358273767,1.04692341298069,2.34916419307795,1.46328685792656,0.527111717056651
0.82319260347979,2.01387438881008,2.11004553950391,1.83531696636259,-0.0525327535624796,0.420469452806663,0.0370729906974654,1.82014154811063,-0.415624494967858,1.31636213543787
2.92590401041716,3.29060324669706,2.86354261014409,2.75096906187044,2.00290983270592,0.885389561386829,2.21116209601938,3.17621898722858,2.42345567716518,0.199329043642121
3.59723799038656,3.57552030619053,1.50033848852404,1.60248619701886,3.43791865398161,3.37033794016226,3.43344088232471,3.95316864101678,4.41844271652855,3.26235708562952
1.57560670620722,1.97994282823013,3.21661912894343,4.86637404703827,2.46910002687822,2.25183781484824,3.94764386620175,2.89618749469387,3.45888243954223,3.58930965217588
-1.71638580659445,-0.136991363643221,2.74856452171004,-1.31397645892801,-1.05110176851743,0.0658277300981114,0.85952542773313,0.0897194195144134,2.50587817054583,2.01762738071769
0.428275735598172,-1.45111021892794,0.53665970585792,-0.98344035315545,0.259011543349129,-0.710434124967289,1.54267170670534,-0.415631439282784,-1.20900317324235,0.449607389328283
1.16187427854197,1.26739352536591,1.22602523983305,0.619799252713803,1.64976478214972,0.27800770588994,0.012850974481504,0.992233724563988,1.37849704663156,-0.580898760085531
1.91615726493593,3.15629212076662,-1.10657466802388,0.743627004854805,2.29502102770213,1.26949853138474,2.00587022262954,3.11419837425844,-0.337624546948083,1.51182675029977
0.712240759406123,0.166696150801651,1.2430325249604,1.98587356193786,3.46997551846354,1.74518019908667,-0.146063929372054,0.761536326781609,1.3291466576584,1.17890590121406
4.69310678304777,1.750451836868,4.44381936609596,0.114494717827528,1.76049073348719,3.40521576658106,2.94367233105163,2.98783078299813,1.39019892278524,1.7898484200732
0.612120450993755,0.929766404442586,0.970802018447047,-0.325843257277179,-0.219501051232484,-0.470125178867693,-0.810187815541213,0.335371500193435,0.28149358627818,-1.1097227372509
1.00467572198834,2.43533917473567,1.72515506717832,2.71808176683952,0.278960369383917,1.51505903548587,-0.390170731209459,1.19370595575183,0.654347330576797,1.61260979401598
2.39497908875949,2.93924879592877,3.2086538406116,3.89135729039575,3.10820654580637,3.97165160874831,2.4136815814488,4.49193839720533,2.87664065742444,3.19160774147623
0.113555909578265,1.56924289415212,0.0491234791206137,0.821835406971972,0.299129599398804,-0.0646804439670354,0.0510782027636262,0.749148533122754,1.83753378258981,-1.33365106978695
0.741345161711413,1.46764777032563,1.84743227040954,0.210117529237654,1.3909412462047,-0.124023680045787,2.04622359501475,1.00573144740877,0.586178909492903,0.55171118990441
1.22569167636238,0.910780476229295,0.683126594407929,-0.357241430421402,1.5884172568771,0.0373769852233282,0.66958639681298,0.244350785039953,1.21694470697051,1.6664375645099
0.731533072121799,-0.588395126178417,1.79797965562555,-0.0843281817070571,0.674108677237492,-1.06869045900535,-1.31475769477008,-0.865905891073712,-0.442623559851964,-0.977426984059381
0.0197621415582782,0.0601374021809317,1.37653308340524,-0.733747911078974,3.36454188155164,1.07932012427892,1.83879866272969,-0.594940581143947,1.83154207230402,0.221685210657296
0.439592903765248,0.207427877420208,0.644823984288263,-0.181181094806932,-1.88784777267537,1.17297789370762,0.274183970608084,-1.21140886967392,-0.113774501635355,1.33658408083795
-1.18258639206829,0.886906820180581,0.288250387517103,-0.606422991597069,-0.590891641027107,-1.21343632534269,0.151721580250326,-0.173158636843314,0.814483376073473,0.0961663105022405
0.2293434527051,0.852434411189549,1.59011249585767,2.3011764944878,2.17012821460713,1.95376580018521,0.980431459742612,1.65295396120084,0.801030351295704,0.596441724951804
1.78184869039785,3.83458189419759,4.40348903864256,3.85312622422316,1.61571247155012,3.53383841306562,5.68369973825708,3.42562839233088,1.89669910658438,4.59355496507925
1.38833555322642,0.922343719652791,3.65557041704321,1.5287914989061,1.77899134789419,0.937910142871407,1.78050689526908,1.05824770527214,3.94480491976045,1.39588641878344
1.72245035658567,1.99548071171712,0.880091235110125,1.24964785710071,0.95360650113447,4.16189153321358,1.70165854845037,1.5219173467516,1.55303538170448,0.0905747872930078
2.20000805816591,3.3459458853529,2.5774089946288,3.24239255718807,2.33394489380385,1.68095194083544,1.00785880427455,4.42360917335487,3.82296796370366,1.04877068676048
1.57039057161369,4.28336509743678,3.50815737850685,2.66288379451163,0.711614000809706,2.77481208836154,1.58631362733289,1.10503234800535,2.56347204323868,2.48745526598817
0.319168494436119,1.4170546714473,1.28383550941079,1.2042786334991,1.69861582618812,1.57340398622722,3.25039554927697,2.80718870978605,3.8464855304641,1.3272206813928
0.722394070708413,0.576482136513886,-0.62712589868377,0.451126847621526,2.07645801437863,0.796284373259054,-1.51697747277129,1.40809472965783,-0.396365499771687,0.386084110331783
1.91044982686186,3.23115483268243,0.429075753422657,2.69262682784284,2.50027141738146,4.3907666621728,2.81387476623678,3.14977709077732,2.27858313411861,2.61342398304116
3.65734245498696,4.34824757469615,3.8145252019522,4.51452937970786,3.47830244537366,5.09660711865794,1.68923564405951,3.20011635500633,3.27023533034712,2.68443201609928
1.4206269948491,3.1907555754536,3.47922061950349,3.73250438619933,1.25236186078223,2.70009673278878,3.70080645317375,2.22347027477824,2.85204430253774,6.05140449710804
0.0971091778387737,-0.456355577749894,0.412393959534353,1.80061486515456,1.76108828446327,2.56016467234781,-0.268723535391029,0.906847265341556,1.34858809850133,1.38735210684815
3.11264898693988,1.18504058988238,2.53494263875782,2.11334211040353,1.2084302649998,1.76616926133548,3.60744172080656,2.4854943417032,0.862789488131267,-0.0869653401911434
1.72554403582259,1.90830117418758,2.09748342029782,0.854459769000393,0.82681878944593,2.67832037982476,1.2679069545424,0.425476439782346,-0.0896136299499042,0.171994012770732
1.99362444240494,2.87742487097088,-1.21484804054767,0.444846522426398,0.773602416742906,-0.202954172468775,1.44152535670264,1.18589239131745,1.21682926414143,1.80423204564777
0.15696116001277,2.33158727192928,1.16659671780558,2.53043789821864,2.5999233933822,1.02398803654472,0.262839296825901,1.15453374111309,0.651512088349817,1.52082174499419
2.69374513581053,0.274344321189034,1.25349677634948,2.12547744593253,1.28347887064728,3.64194278573783,3.43482668187469,2.2012946739047,2.21665502387758,1.67884705035928
1.53359325587379,1.20950370598963,0.794000421253005,2.38475914671135,2.75034169012569,3.506783992147,4.20805633910102,2.32975710877073,2.25908871191769,2.7122206768134
2.00638920748367,2.1855428035677,2.41116042859755,1.95484625946576,3.69966667472662,1.20803188781063,1.78994938255006,1.56254145958446,2.40078493537545,2.00365515639514
1.45139711288532,-0.0458246417196531,1.25542582318487,0.430572356297443,2.02114336556487,-0.105884222387238,1.98746935571506,1.57049696223371,2.12920656115018,1.4151927537487
3.19183710874946,2.70002656956089,5.24133906755018,3.57952681033971,3.58680919608697,2.18665557770652,2.74366636744989,3.83034077542277,1.07393226500214,4.85029028014382
1.64710030053312,0.544965999563649,0.713870691980329,2.11085939654667,0.0956744041467553,0.578235206892669,1.48566554457384,0.503488494637924,1.90073352985386,1.91068274116743
3.66768368019518,2.46478654065494,4.72043503067803,4.44132701142606,1.61882123633161,5.1539265112263,3.65037267441175,2.26728154339458,1.86340952497448,0.311612513456025
-0.0269584397648766,2.53322701130178,2.18431340209084,0.964212648501275,1.01716744682465,2.40813651786065,2.19471653136307,0.209327502391387,1.13774614108721,3.40476716838146
1.17974205466203,1.48132789601372,1.524743436936,3.31317886924935,0.91432509278969,1.50826288665835,1.79182896722678,2.10047590983727,2.5041616192478,1.99603146351923
0.296331859831971,0.107309006869219,0.555924766521587,0.6000223151877,2.57293790659394,2.16395647001815,-0.0886755491148674,-0.588810484167926,0.962575591553665,0.638104669260385
1.78438508430094,2.01813086451085,2.69685033756784,1.56070328552849,0.485264890475731,-0.00943276408900462,-0.48028597463334,1.48985295386974,0.887054623275549,0.896696839033126
0.0775852604000076,3.11261429179722,1.83756112451743,2.5970286002734,-0.416123441198585,-0.191824625952581,3.05050222428365,1.56207315315549,2.15572025491369,0.420733227519583
-1.16317316191999,-1.23739556023877,0.431480565426028,0.251241309178337,1.8509240154524,1.44433749065397,0.32532528537881,1.2775061214175,-0.34996518694648,0.958758517892543
2.43170005019753,3.44849476896596,2.18952168546526,2.87398120863113,3.80004417580625,3.56463917916297,2.65024774525611,2.77309727052524,2.27894130989185,1.90539839895692
0.0753272815727369,0.00921683374835232,0.590828508806748,1.51133501594977,0.00341229163030674,0.109359731989616,0.421483481003379,0.181145959085871,0.0851034588874405,0.302324346459282
4.0245923085681,3.83537938202639,3.88322348103934,4.03031918423322,2.94980348422244,1.41687105114861,4.29570129671224,1.56625433979648,4.09195649229052,4.20876058111314
1.74448430175735,1.49669986504147,-0.152023108688427,0.659032116140102,1.59513202460651,2.35401555925636,0.690655225949444,3.77184641841649,0.484637823434042,3.19452149935955
1.35594154539213,3.06337863793277,0.381309306716128,2.90858832649094,1.94747922480947,1.8400414070967,2.43128334042466,2.17164281811994,1.25901157186912,3.10019937896622
1.73661110166871,2.23229982172046,3.26094058025197,0.626199520585937,3.08354449301141,2.56260940678475,2.28102868522262,2.10745433871866,0.92370741939156,3.54068350200816
0.923157523409071,0.247579570920519,0.367068808025921,-0.370702974448292,-0.371149744592889,0.441412784819501,1.17918401845905,-1.32214832994487,0.560202015739261,1.37454227878515
1.60427024550928,-1.10036297026458,2.20665370786445,0.986219785076561,1.66577585198683,-0.028289610594034,2.35267563575631,1.21541960786449,1.05477693615929,1.35725522665502
2.70071844471334,1.56409131421012,1.58845334357634,1.25745659013938,0.952657892222716,2.17122044925527,2.1098955654047,0.524388238596348,1.87123293185267,2.0621025763517
0.356895223954623,-0.0213133367008189,0.167123416332636,-0.512847236274177,-0.0019720923039761,-0.218995366731773,-0.100873037483691,0.206953251191497,0.668101687202473,1.32526519678207
2.35026587405971,6.03198297808602,3.4087717582852,1.97968744383319,3.73023460908161,3.00010654615402,3.70995117757924,1.21636049662972,2.46690522867528,2.59462675178449
0.901085461245507,2.65412125446693,1.58167007936,1.00115376896089,0.87981066188509,1.88229234158124,1.16241263174958,2.04000953025318,1.0127039625095,2.19069448183521
1.05243948010516,0.670957604616105,3.16891081726312,3.99130161317626,1.14243357729413,1.35939918173642,2.35859369792704,1.11519099408554,2.53529765324577,0.915126857799043
2.99989734415701,2.03096631798412,0.682716138126564,0.807603922279263,1.50691356977617,-0.714413333632538,1.64603305544682,3.41207518924801,1.70394256606689,2.81985506703336
-0.269095149390371,0.474276461874287,2.00274293372236,1.68795742350652,0.712996212903376,0.28467053206945,0.957662520299331,1.67019958247854,-0.532883325981377,2.63191588848317
2.40132453779847,4.38000508554131,3.29778876260653,2.65409734123875,4.23927120593785,3.91112995352279,2.85418135372131,2.70250140585465,3.45428927809806,3.39850983109617
-0.0814344737331583,-1.18197735648584,0.0782573922039137,2.83146019160721,0.94555203192947,-1.55309551751116,0.244967494740451,1.43748443746964,1.68231959114717,2.62480284320063
0.775338673199236,1.39434390566005,2.28333285672846,2.75482922787492,1.4862739726912,-0.605423902115733,0.693217050843312,2.38891349539746,1.07735356611962,0.503369209623808
2.74563933099247,2.46341888456389,2.34470725345127,2.26191353185211,3.01620301009408,1.44316510716757,3.91054851800833,3.71652009047992,5.30189650201156,3.85966106451198
3.96133377784081,2.88881231484822,0.697853922368381,2.46760568637457,1.37327355029845,2.34343733970844,2.01858050809106,1.42476754757776,3.80936364720305,1.80245255846575
0.833023491073788,0.740881540654979,1.12737870881046,1.78945722621728,1.62405843390231,-0.647366354530932,1.42768565121955,-0.323649228611382,-0.802355241697485,2.50268227716752
1.70838583908488,3.80517818381483,4.04219668783071,4.41362727954,1.48461377715375,1.72247846789806,2.88973831731308,2.2827611551027,4.96134388002538,2.39492126864217
0.232517177432091,0.692137462636273,-1.63094547396186,-0.0481261767255912,-0.383656989377242,0.700071527029183,0.45531708204076,-0.048113831517403,-0.905689570916419,0.617978775226796
1.48158266558261,1.39859421060354,2.18223782493191,2.10874269274337,0.56024500827475,1.24130836747033,1.53441664003816,2.46850966766277,1.12986576624253,2.6654026730139
1.37912016391755,2.80244222136304,1.40713148429402,2.63823023377,1.40071187339771,2.32081826411287,1.13480018366722,0.934730081818799,1.32501787982532,2.53572616363069
2.06801806284167,1.7229434458736,-1.56526520436381,0.969640367132238,1.80200601344914,-0.664462550628081,2.31948586045433,1.10097655155038,1.21807916753194,1.42324107209698
-0.161121304763631,0.547022116648077,1.59712650866811,3.0904788955439,2.73365342554895,0.709317172913294,0.728540853432152,0.544999823528218,1.11177074289626,0.0822759817413002
0.665468553225219,1.68506094201825,0.136732416861268,1.75175877899194,-0.906221449835818,0.0669038512568515,0.984654802677451,0.786742107689979,0.653324799806238,1.19053775429828
2.24476462149291,3.62697307635527,1.62891905743565,0.95220627868684,2.57356881824317,2.53867254552786,0.976522234592329,1.68868032920921,1.95210630000007,1.86438842767891
3.88396940757589,1.61037241549041,2.83108998523226,0.513706035192569,1.63868207898195,1.27936023940842,1.23744515160587,2.45745999089748,2.08376858317631,1.08645872674787
0.778389530906666,1.25452540568742,2.07932733395547,1.61916764757382,0.426026890905421,-0.739936391778277,0.570554617994113,1.859339599887,1.74836117376581,1.53431796867247
3.02187430888451,3.23828885338578,3.28355015477937,2.35665524804739,1.61451104224415,1.68996055273074,0.927102494455779,4.98019597982025,2.19824625026421,4.48969123150111
1.98128383506094,1.74370425768773,1.27751284300805,1.78196949669331,1.15243046915197,1.94019088941343,2.41639529683545,2.04448319166977,2.52399642377344,2.17015558481492
0.994327248718104,1.33521627337523,1.86211657000378,2.07548184800025,-0.0585264002106547,0.768975646393898,-2.20944814701564,1.95433514201257,1.86577581986164,1.87712895114739
2.23533293847115,1.54281179752224,-0.446435118031486,-1.21284147177388,0.114628980204215,0.57912996222859,1.15853571107602,0.79110496972125,1.62146809202045,1.59626531887033
0.855882409375325,2.18217220366041,1.73754615824642,2.77354261312949,0.896839129685975,0.417497658891553,2.41852218116101,0.721562282074534,2.00961598364118,2.73292324643538
0.557250142716586,-0.119227731389947,1.0030628136086,-0.197536662716137,0.237224920029359,0.497253535612855,-0.185694201710638,-0.271386686114868,1.71624548698024,2.76368923877473
1.50757156355258,-0.484997186470973,1.99504293110935,2.36389914826836,0.591863568207124,1.64592544978156,-0.416614437978066,0.703683264342844,1.12109331997379,-0.534201296528823
0.623197208818456,2.79519575949012,1.55130023040443,3.28011044073637,2.07033335782985,1.97369746971296,-0.317851893807513,4.35747882774984,3.55798208593329,3.51480123821358
2.14374545764392,2.00814597488852,1.81234240040622,0.486574531239496,1.42367412405207,0.890232850541904,1.48714702204525,2.37192039441822,-0.108481753208374,1.19697651937343
2.53107060417454,3.48319621002333,-0.287038875985805,1.45410077350575,1.26387277547762,5.36891663225311,-0.0639969839097057,1.62548518124943,1.40248464735284,3.75818762338966
3.57612526364234,1.39838500486941,2.16141342679666,2.45398210884646,1.51923610043262,2.49348034668673,0.396114930025642,1.62275006664914,3.50644958299998,1.17771825869295
1.25266815720995,3.84185972091721,3.41141198161477,1.98603703860688,1.12938800858607,2.05140023333997,2.01057572827746,2.7978932200654,4.54631303425391,2.60730746260269
-0.405508299363695,1.613139120461,0.624402805605003,1.74266981946649,0.55723540884919,1.02457621896541,0.387920248834018,2.23017119940967,-0.367484256450403,0.846370513774918
2.15973027946039,-1.47050751551317,0.491603520707333,3.09485882664361,-0.421629953060497,0.641596014630361,1.22354936764988,1.66852579300965,-0.290368047368673,0.0254051625568936
-0.00333193727316661,0.671341620281254,1.32709639662781,0.247485076008796,0.913348573654473,-0.127710560953868,1.82914130671865,1.86723822574426,0.0999498185193141,-1.03045635666291
4.15643101684775,3.53872128771151,1.22325103961489,1.72859572370923,0.985383159655751,2.7016665264582,1.53612766589886,2.37984116764953,0.782073089172028,1.71107954509477
1.96337045286818,1.38309258159314,1.69279490322784,0.959826854881062,1.00330875677263,2.11539780611284,-0.496320177063847,2.38574389879592,3.36545155433899,-0.509263393732097
1.3875995582111,4.00621529041915,0.0429460764997407,2.65018012360387,2.51045952637092,0.996757328477131,0.984204761594349,2.34760361050752,0.763717527960792,2.98815255539807
1.14349990645752,0.582079458500302,-0.0552625236596593,0.88217961923288,0.682518994661021,0.391273115886244,1.30214249374016,2.07515304330462,2.16470322172747,0.257780032560695
2.73752217088708,1.7982990945184,0.201225125439745,2.54663206114312,0.590696436433109,1.71926840045386,1.88031375447211,1.77377441434855,2.11419207979821,2.28590239828685
1.86780340548568,2.93144847708829,2.81009599469323,1.94719804251636,0.290692485761771,2.98214806564552,2.31971889044711,1.75575407903992,2.49264889487961,2.07928485041197
1.41150352936998,0.773719840939688,1.26957395595026,0.0237964750466919,1.63230170003637,-0.206740018086764,2.84467231420702,1.00792812104515,-1.42020910970435,1.32007915915063
2.70696125682208,2.90856572231043,3.94678659057745,3.29295651099829,3.3995799500383,5.55895768763835,2.93339614021927,4.77204695031728,4.31132321650562,2.9531935995795
1.81126532640256,1.00787268903998,1.04594648527756,-0.171799160587877,2.60883248231481,1.81370695858627,1.48084520580485,1.83625991914468,-0.160866119284332,0.749790495308967
1.72915195999403,-0.448373953358458,0.377424122396134,-0.859096694401165,0.591439045656453,0.982661483738646,2.19602920711811,0.144496976149,0.586793216923265,1.39739679226288
1.04325315692096,2.13190125253749,1.01015878923031,0.643875777018853,1.73518687603055,1.61726654870129,-0.396142348672211,3.06383698969668,0.167964800490582,2.38141443408117
3.45829126998766,3.66256423230103,2.08882786398475,1.93389803903166,3.01269045097824,2.16543817268913,-0.375592959663552,2.66208721121679,1.56280670554438,2.86271443762671
-1.85886341170089,1.6791435226627,1.53147108129046,0.56079756142723,0.434495848260371,1.25612747252888,1.241820504304,1.60065002283541,1.09235004599558,0.409668791420451
0.532435648937221,-0.682876118765083,0.906633134029954,0.886440051412878,3.02391197707308,0.832286951572659,0.96366998059116,1.83291944142394,0.814465556176104,1.3722861305179
2.10279943344497,2.51026734435551,3.22258221494475,2.22104195616551,1.68401964015328,2.28217938851941,1.28482455807474,0.851018170630635,2.07707452999857,0.0553059721736897
-0.403570521441098,-0.50092247167549,-0.321106732863449,0.167873089929964,-0.105307335123448,-0.516731575185894,0.263064304240479,-1.00906782025938,-1.65211466642683,-0.401509185781727
1.25841877573813,-0.185959097869668,1.33833859698717,1.62734168878696,1.95249578884938,2.3962914039331,1.756587749148,1.54255856132754,1.74990775515284,3.57698498413301
3.9692121906587,2.70238000516409,3.68646540052621,3.86893036764728,3.34174124812608,4.70911489412863,1.40912941336712,3.88075464100744,3.77112135781016,4.0413722125189
2.68982276763068,2.493205978418,1.86342955876806,2.19002464390676,1.18051719185598,2.06008225173398,1.98990677413829,2.01525415217896,2.79089311336345,3.5503994915606
0.879798956120148,2.22291407530254,1.54183500986336,2.1389188077672,3.78486148658317,2.07875125251293,0.592065109424691,1.11879614054957,1.15759870479117,-0.362290852552754
1.79800716364323,2.94216389840879,1.21286757018951,2.54316718555753,1.5364377037233,2.67934233424729,4.01313394403504,5.43938548267526,2.93556061151075,2.4673148470383
2.85838613364002,2.97647359324561,2.25754381587689,2.7203019167084,3.41334625352004,1.55021132379488,1.91695270960926,2.05088463237433,1.39826734939632,2.57141782686023
2.47349810299574,2.15520240870054,4.12262766888487,3.3078843128387,3.17467678275139,2.5105450912662,2.63203940556217,4.17463361910958,2.26336456908086,2.80857393185555
4.94193955242439,3.26719722813566,0.628140167032345,2.8582133026543,2.08356632935699,3.41592706569462,2.05969039438747,-0.254879637066504,2.89592957099627,1.73820792464808
0.243180445134333,-1.24107992571942,-0.313225528444299,-0.852642138078835,-1.17475045315552,1.59459836149374,0.172458769968257,0.420606016816306,0.836130208570661,-1.72222761151147
0.793239595962917,0.587535400638735,1.89139145936257,3.06959296967754,2.11466826492256,1.92306997622339,2.01599428177853,2.95539933487451,2.22878104549847,1.32215830190876
0.19757775992162,2.54562960989996,-0.589616629237953,1.16891224456548,2.01811578586984,1.57389180356356,0.886375056944971,0.717615751368591,-0.0626626807228601,-0.266221160000805
1.36600888885048,2.63895867427425,-0.893655404970367,-0.462267680506807,-0.406802737486281,2.04896220945643,1.89382060459015,-0.337940080700216,1.74954404648616,0.89468032691992
-0.601585828550963,1.67162513406231,1.88325855559473,0.189915434744456,-0.384297594248717,-1.0935640160937,0.406270471992374,2.13125860042974,0.5173611630729,1.2747292339752
3.363461327267,3.38670825420037,2.10477868275027,3.11027372697795,2.41399999915489,2.80819435955885,1.00460060059416,0.771487172991171,0.489533765612377,2.44972349174552
3.26889212046035,2.777167505792,2.31571988599347,1.3544463983419,5.23484340564436,3.45402305114931,2.49765433593787,1.49947817431836,2.35098368240902,3.75627115218675
3.6759373080737,3.02478956767955,3.69920362041154,2.73276780936051,2.20608579980192,1.65425356708336,2.56549281183326,3.83979281838179,3.27952656401528,2.61252169085104
-0.150204782034781,1.88820409638507,1.96508275201916,1.72253900375592,0.943444686299606,3.27981714392287,0.991119131142374,1.8055236173467,2.86035886283078,3.26988443569346
-0.516267845204082,0.113776764612277,0.391020011043152,1.14731026558222,0.795513885573542,0.404267551455012,1.41768166454448,1.37934799312169,0.930504614351909,-0.329219676569238
2.82888075615663,3.95911802712222,2.62021674699732,3.67700814420743,3.95317233048311,0.921797656022509,3.74560458180571,1.74394029678132,2.83769929546433,3.91487560317486
2.62293140739009,2.28410480627478,2.96635833747335,1.59253961424666,3.37861853862153,1.75504472390516,1.05383490031932,1.40487779578914,0.0402897972782812,1.54069832618473
0.418931886330123,-0.264376721133273,2.9803019770934,1.88929273114082,2.19354999135948,-0.317578119158147,1.33220203002179,-0.0769124266436547,2.37323200876183,-1.18701461382367
0.539563325761228,1.97481131612392,0.812332853402607,0.482252364705757,1.20897167957678,1.12288093083318,2.91376239079547,2.07474107392761,2.17443139002895,2.59569855447266
1.99673440794462,-0.00258029352158728,1.1874143180215,2.63771354776585,-0.311348878815936,0.870364521642474,0.486695326009556,2.2167903578279,0.834633606463988,3.05154785366068
0.892231275707532,1.42374444871085,-0.70874678774893,1.17308498658506,1.19823925606272,0.0843907245664648,1.38379626850951,1.26433797888016,1.73003645961866,1.16135850418885
1.38846863158369,1.44534427909193,2.90385529972321,3.20121675478911,2.64503638977233,1.19323175213699,2.07107938189105,1.88720572364842,2.25727663926192,1.65134243081935
2.01497171967115,3.65915201071388,3.29815306921764,3.02225193445328,1.6514732057232,1.73888123174791,3.08909786275779,1.98204182162985,1.67650760287959,1.95972834112095
2.83255863152524,2.75990637183568,1.75279025719205,1.88734123086526,2.79446676092308,2.66047226786208,1.68498829276642,2.80731445130617,1.09191635684047,2.99367786057977
1.37416163491588,2.99226260825439,0.606398454794317,1.45614174192303,0.726683890180809,1.10130433798663,2.43989030814401,1.24960924299069,2.04715833630965,2.90381002512242
-0.190690308040991,1.27523192436354,1.11425553920669,0.492263305273847,1.3521755768148,2.24845314784731,0.510527680460208,1.07962040213711,-0.952556313154409,1.10711787832016
-0.839675225962695,0.737218147908393,-0.000510342417519699,0.0391336769649082,-0.445706479198646,-1.52165676017167,-0.933362381103915,-0.071054233468019,-0.920809446782059,-0.490678380550864
2.77078295744148,1.83920212582969,1.33652338079416,3.05824313784005,2.75701528241425,2.11759179965859,1.518975696729,2.84385012913012,2.46919492877449,-0.0850591923260176
1.15469198853895,1.37870958700532,0.54240088688417,-0.684382293945332,0.618865096013338,-0.479540871720618,1.48628563311861,0.744700698463061,0.422861048704873,1.24704744938929
4.1808954676457,3.34479436830039,4.63571146357013,2.48449833731203,2.36742849030853,4.1998135652977,0.230930227466344,3.43525400107271,3.97381467738994,3.80842023295476
0.807199024552658,-1.5947780072922,1.1295754521542,-0.561500460704439,1.38629251858696,-0.00300878906890922,0.420082076561791,0.949182497005014,1.61929116776561,1.17154585067752
0.238494194415417,1.1996228026179,1.48304936613937,1.91842107331635,2.84406719792249,2.33252027217812,0.614719076992006,1.25704004273324,0.315870143940038,4.15078568023115
1.09467779002524,1.27124099489252,0.205058793024153,1.96356422153204,0.263373578169326,2.84866047170326,0.992267540600705,1.74587641204805,0.228867592186921,1.92333984200214
3.38205520736607,1.23529931892927,1.20107304824267,2.83995673379144,1.92552709612245,0.602198236068286,0.875882970950989,3.55657170680957,3.00767920743235,1.14133981503396
2.66322540256105,0.612408842755811,2.11824188996768,1.63993864237935,4.14002471626029,2.43100961052578,0.60017920786455,-0.249104058215434,2.37363044332584,1.1078529139162
0.634419131124988,0.480961330548676,1.6774022600823,-2.36373756817154,1.61308373053963,0.308542120772405,0.935914550989361,0.361440355485465,1.88451089846303,0.677377693536478
1.47467732777751,0.469664003016243,0.914801745143142,0.962848079349655,0.0495188559807481,2.80933887860112,-0.485423738280766,0.377489136257302,-0.194067264791726,1.88594093171735
1.96625531057761,3.3900314948996,4.21651713813729,3.44105100148634,3.21055341668937,2.63640307440616,1.96756359315664,2.04937393337529,4.26348009686047,4.17870397790335
2.09990610134948,1.99421124303204,0.544416830467847,0.551339798639671,4.43655295890579,3.32780025694706,2.30234928813891,1.70001175746605,1.34125725071741,0.964899319900629
1.58418835029884,0.459018811719516,3.6949808211915,3.54380760983503,4.00994093153602,3.78575203670944,3.63211837996489,4.29814328810975,3.02297894505009,3.45441496597034
3.40210620394634,1.73126275973565,3.45446265922691,2.91343062440833,3.74179567940697,3.23812735204668,2.06324452065664,2.6774430672942,3.48031646065279,1.57504570789247
2.06336560829841,1.57587762072333,1.483598420658,1.354507648703,1.28747041556524,3.20456348991959,1.64070869983432,2.09019062327902,1.87857824568865,3.23534085344769
0.1541309201046,-0.866439647608329,0.258593182054903,0.677594680043838,-0.00416863656796651,2.82068367550441,1.20074964501461,0.713330627885909,2.19688554850087,2.12744207514517
-0.325626530867664,3.02839187549812,1.34508626151989,1.99026593340665,1.37655124331406,0.913064299496096,1.24045576018976,2.44678949882476,1.86732477128791,1.61967964290041
2.08740784685898,4.44571182092903,2.05251023548237,2.1210954953415,3.81358776173439,4.22231231698895,3.25760545419614,1.55421194064817,1.51246347797934,1.96940103486177
4.13199655017059,4.63593192405313,3.40768925945352,2.57824697663445,3.47412616802761,3.06720621246939,1.07296254455889,2.10251473993291,3.92562687168281,0.452399647815619
2.59908891917469,1.68374966033343,3.28609502805949,0.577707223509633,1.82747312679199,2.09682372121646,3.45892725988776,1.94833590652457,0.312682121128247,1.29115180697964
-0.245881132713061,1.94871834351036,1.85284944472093,0.883924711974114,3.06118583326178,2.28288028745478,3.58905325775292,1.67186452814768,0.705540964883246,0.0412444928631142
0.00782959893409383,-0.306886752878027,0.805848050425983,1.68331780387049,-0.703423094229942,-0.0531670964912101,0.790548018499695,0.370632839404011,1.11126065340453,-0.250377018028413
3.52199101944676,2.55639079038156,2.88629013855555,1.60762071241296,2.2305331036779,-0.250732485673724,2.38997890790167,2.76479007816309,1.75114479323967,2.78875700984461
0.458390969093389,0.135340731926491,0.21241907235974,-0.741288440419043,-0.272583090963234,-1.91003112881258,1.55027986188761,-0.940333150718203,-1.54948891643299,1.65267232213043
2.03836027392575,2.16774030195106,0.909769094113798,1.62834026481748,1.52033839844581,1.58032491135553,2.84165669901888,0.0482156088803619,2.35879272749238,0.610329651039573
0.817520473738585,-1.74833731565337,-1.07586704139747,-0.618873416888439,-0.605547150667005,0.964458994622443,-1.3680947819791,0.825782641998528,0.850802987419254,-1.57031119973039
1.90814624082102,1.42611210845495,0.853401601494512,-1.52572465976239,1.25103754515854,1.74202165177159,2.56246542400056,2.26122037136929,0.431552776457194,2.05535838314701
4.55402704701174,2.74443607097766,4.1822828360766,2.80665975547089,1.14613422306433,3.67756601041776,3.70828954273791,3.00314535124954,3.26242106046024,1.78517845902572
-0.0558535892112093,0.554492936757888,0.0836384084412045,0.592224925543791,0.841324632477886,1.04062585527028,0.867506455195038,0.370724614694682,0.952692701863224,2.31787926284204
0.152574834397711,-0.630067345556398,-0.916458338502904,0.304772479564306,-1.74245086486003,-1.33116597749204,-0.859928592743697,2.04176207085294,0.204157386740466,-0.0217782286946792
-0.782887444900524,1.01925796057176,1.67993321518711,2.20451869028851,1.03727787685672,0.476886916058061,1.02512728945973,-0.361328087731644,2.52182701688369,0.0414198213809017
-0.745167557200252,1.46430010433674,3.40490240103281,0.726848490618068,1.44272026728145,0.761264975930699,0.278567298459941,1.23088302620323,-0.127217449695622,0.834523892678519
1.06099863912105,0.486026366020066,1.08845637200581,0.451226609352067,0.972703492764057,2.44543788232255,1.54285133448174,1.51450270160876,1.37611419473663,0.516666559434417
0.350291370124545,2.67029456600586,3.04454180056397,3.20999216745595,3.12788259562305,2.69852924356745,1.36781497756412,2.86961463180377,2.04881085936759,0.956627913921749
1.67639774943506,2.29272783738648,2.59993086972361,2.12226511085078,1.9025905720464,3.4999404575303,1.15373131841806,2.62547876800818,2.54250658712634,0.918004058804272
2.35453001337778,0.978657815526468,1.19557779035016,2.72330485400649,3.76779653348413,1.69291459359565,-0.271273767385305,2.33103598618205,1.22036470229962,0.909859367712582
0.766656010744676,2.41113620441565,1.0354776347725,3.18296272003032,2.36624441078916,1.35861610377876,2.10363309739065,1.51511069110226,2.29099766657652,2.77741059176581
1.34967872834294,-0.879390107801481,0.276651065966427,1.16052728583424,2.40711375563973,-0.0535984137975014,2.32279653162778,2.23304835552893,2.21784397550642,2.13939461511749
1.6214186383937,1.3128713695886,-0.245249970824398,1.37294382543515,0.586739947805785,1.49083376695637,3.68227136146666,-0.444892603458289,2.30272791000033,1.43522042100021
2.42025850503092,2.03553951385996,2.71925252251898,2.98603118327683,3.20142705646191,1.38110221440868,2.32303733788794,2.13620006060214,1.19405137280374,-0.64271774727447
2.09976004685396,3.11633553859189,2.82179144810855,0.966044139900636,2.90635623651805,2.68931767056593,2.20857092207493,1.17542700169293,1.99657303982024,0.166646788412733
1.77704363605508,1.96392674432202,1.91327835384592,0.156283261764413,2.03080439368224,1.51659547564058,1.67460238055924,1.21853479875916,1.42185951272082,2.60588892458984
0.29077161598771,-1.13052856561639,0.467180484242686,1.11508236708198,0.634017841226236,-0.996065341424451,1.0734780016756,0.913153942079378,-1.31510566196683,-0.80846110851237
3.13329251119864,3.8953754630441,3.61055524761947,2.72535804590865,2.26121935675873,2.89146022621054,2.50400591922444,2.90691904267714,0.815446823909176,2.67248621819785
-0.465686291445895,0.436884798967336,0.772769330134114,0.0501387098782874,0.281149111070428,0.391249329943843,1.18191737826856,1.29558541319267,1.3317995549753,1.18835297150093
-1.15417466959939,-0.499459293135879,1.0599505283885,0.404394513253973,1.48058696352131,-1.20795026864167,0.073979681126528,0.96028829988669,-0.924116238533385,0.339224262869053
-1.17297114648806,1.9810422408224,0.566441521101634,-0.513483988454587,1.10649846287781,0.878025435264486,2.1908857947459,3.39556413992181,0.711854406823551,-0.15934832631214
-1.36189981903688,0.802680011598289,1.69635037718891,1.41751311111657,0.698084997576412,1.37633004361244,1.81167149322685,1.96832010877707,2.54580336903375,2.07108464085655
1.90860764062307,3.36369149642134,1.6582232809363,2.80780187015884,2.31468045694397,1.41468652274489,2.26036710799123,0.433335946079691,3.25144872546952,2.89294428513468
2.96246812901506,1.17090391350086,0.790211141814126,-0.497687533466121,-0.0881656090926457,1.12980239279946,1.30266348322213,0.5013020241486,1.61708673593595,0.895532110812383
-0.339535542281406,1.82256446777368,-0.866458930966504,0.610348964608881,1.96481914507363,2.10178633163987,0.299074026224208,0.66284600343461,1.4288536884859,1.46377898802504
2.28969256636418,0.74991447935826,0.622753325149832,2.30907617898946,2.32909536826137,1.42318913607105,1.74343069972638,0.476181275607054,0.486373883059874,2.24049144460888
2.55552599461688,1.05092663368405,-1.28567968423808,2.5690533164803,-0.173839245744659,0.17659531358119,0.708781810017487,1.53513846524178,1.33496964065215,1.36401679691826
1.94033920002669,2.63158674547776,2.34171163951935,1.14501995133009,1.77067284612823,3.12669449143239,2.32121789712161,1.35285622863839,2.87484824413375,1.7608521047813
1.13521469964209,-2.79345549025779,1.4646434972656,1.26157231207221,0.371773150353402,0.783930296221532,1.93462890295831,-0.684763994918081,-0.430261448284864,0.185209249947954
0.585481212717906,-0.623718944990709,0.382441770847928,-0.0978791900094971,-0.0443515361341262,-1.08172226842883,1.82525042221295,1.27475723030536,-1.02425745933651,-0.829339794395077
4.90857892545297,2.2695781912062,2.60177600630309,3.96358740729845,4.58596142967041,3.65164773963915,2.91507620412707,4.77187071226033,3.09226835761903,3.45067763506698
1.5171097211829,-0.114831237632387,1.95610154372277,1.79790354206319,1.30326868636839,0.172812259803752,0.765530359598672,1.06905398965114,0.510928877573154,1.82477105871744
-0.549376048080148,-0.230263364305957,-0.615902751040803,1.04751758386469,0.190424103157022,0.0517008795412584,-0.543027383499021,-0.029747145865064,-1.72093929094083,0.0505122590496721
4.49782292768451,2.13980823433018,5.18505629863449,3.07926803997824,4.0130277680192,2.56470758702601,2.06603998431828,3.22856514963873,2.47254457444891,1.86743966767859
2.3533747064776,2.09109014321518,2.97537950358583,0.988816393933539,3.92717580989161,3.00949385595871,0.710370424576025,1.31594235563887,2.91107412757018,2.15867203678798
1.56107431036872,-0.0500860378954522,0.304011105582046,1.32496824102,-0.507711078921617,-0.196013465302548,1.2842193615013,0.996163027777385,0.398511301275186,1.61801924595261
0.881998764073553,2.08223590444232,-0.151398165848955,0.371813970405393,-0.194865542765168,1.97508977193979,2.24176229738554,0.361880100266338,2.44859589413565,2.91706002118796
1.19804571682201,1.54542297603093,0.462678921029817,2.8939168244626,1.10150767879054,2.21104709558034,2.84268150296198,0.774475713273153,3.13123948599262,1.06826877455859
-0.775460497164724,1.4945176085673,1.99922799520009,0.222401652782453,-0.533482675766272,-0.254463639191749,-0.205092329858893,1.11776800211,-0.64549402410905,0.757808903724872
3.84710121007866,2.9250195281391,4.91564851654241,1.58246970365464,2.49168815118218,1.71945394838389,2.58378380433947,2.1965402176298,3.0938487751259,1.09602876270537
2.06147091162544,1.43174868766732,-0.0116385435706083,0.836047272823129,1.24817719580104,2.7244308622866,2.45724506851765,2.74711439036464,1.05007612101996,1.1490386907423
2.96274480584784,3.45105011990632,3.69472066214594,2.19776329835291,0.661333350368552,1.68294654849205,2.11070059599739,3.75043058673338,2.24679777020801,2.98429282728512
1.72973516682668,0.820061009428745,1.10719153689211,1.6552860839202,1.49336660241827,1.70011976582844,4.15953239412282,0.659616618175425,2.1435869814398,3.37690545750604
0.505394848960353,1.17591904843126,0.374298079549852,0.663889876800607,0.208076713684207,1.62011048606347,-0.454272994746293,0.382176134209505,0.298145681181176,-0.952268052186959
2.81028831998592,2.744691886915,1.69751941706654,-0.251600034731365,1.38068564275628,3.05724195617285,2.62806555511995,2.54268109761494,1.18566194326812,2.56519895548032
1.06971029423511,0.7551972620416,0.220924073396343,1.54710445179179,2.29057015293347,0.6825983295924,0.110630122245673,-0.872550424759904,1.04130214843412,1.66784763904428
0.393250150009184,0.665153563598496,2.19780186963211,1.55025841403527,1.5283585515971,2.0189286743579,4.5424940730459,3.02269857851342,2.81291997162369,1.35228682132591
0.537703847053223,-0.416501746751942,0.105093129958407,0.345374671721015,1.22772693637459,-0.311735462595097,2.46199716598015,-0.518884326207202,-0.590201231732465,-1.35529954816065
1.79618259976559,1.29950673030418,3.39033300544375,2.47276463941362,-0.611174315198683,2.41874863035211,2.87724868011741,2.92958137979792,0.0801518922979942,3.89296549452972
5.26238127659856,4.36007459768871,1.89796872072353,3.35128692339275,1.8793604649099,3.29860498061749,3.4255124675091,3.38418833203997,4.31590592426086,3.77703136930571
0.185828913947705,0.269021726191724,-1.00965433663487,1.01231112334242,-0.616114523108427,0.173293977808856,0.799121243830111,0.375222284329003,0.167889866517243,-0.333344701100788
3.33397823338387,3.44002619543308,2.53449737914532,3.30607592675155,3.26997336385491,3.15041611810518,2.50692674821079,2.07965335586397,3.70320851189187,3.02506691977674
1.72206353943758,0.666290983950524,0.387664650803738,1.5259659972362,2.05471004824307,1.65296749200599,1.8432909231064,0.950090482338274,4.24270571026235,1.71881038882275
3.06215411318568,1.45028471811018,2.05803347235502,1.79053671684886,0.695696166090235,2.20543253948385,2.2228579779357,4.30295633735366,1.76871857875429,0.947038422748824
4.38002344915436,2.09168079647705,2.1748192569586,0.868324415104733,1.98715179097373,4.22955281236777,3.21253281461176,1.44173832262333,4.20425062580009,1.58757533477073
1.29829323059518,1.82845232834995,-0.0129665713389109,1.17550687517779,1.90283443201643,-0.27985907174625,2.16655438092355,1.60204911519128,0.629393725314552,0.0342245751505628
2.15252223624055,2.23436826348059,-0.330710425918703,1.61587384148692,2.06239057001139,1.60714462452386,0.969809063844009,2.20890105624741,2.04554846375525,0.773570966572716
0.126081694441085,1.5642100073607,0.854829260482898,0.54522597392799,1.5734106506044,3.31682061962587,0.356110780476775,2.11538490961184,-0.586092150442304,0.625266912360408
2.44233937025768,0.826204019951537,1.75422418144642,1.3676433647033,0.951730059506464,0.74758300863419,2.83336646908228,1.8937788363756,0.299483881755655,1.719986929963
1.45380082533037,-0.663484921452043,0.388720613731112,1.1941643688379,0.589599655466316,1.76201323417894,0.830925956172552,2.46538933375796,2.62914510112234,0.46297902572108
2.06897703231034,1.72624650324757,4.39139094258718,3.28211026097372,0.373576874458545,1.95754011139891,1.59871392999926,2.04418244549357,2.02283484650472,2.67151228898685
1.62348237153315,2.21754936560939,0.27613621378112,1.84399999158801,0.659740949268047,0.931063599548726,0.417097972178401,1.69017845540037,1.46315694650789,1.24843572749765
1.65185420368436,2.1437154258496,2.00335882506038,3.01710882118863,2.19526049194166,0.458921642965139,0.402708456383476,1.73457313985932,-0.27432046552246,0.66294866906928
0.930554327412303,1.29752857247968,1.40497563944227,0.358770796846296,4.30042242817166,1.36809417647665,0.76291263323596,-0.249876495940828,0.126410051160566,2.50620066163948
-0.0250402862239854,-2.46081220217615,-1.27607388070434,0.774824754745692,-0.818171000121561,0.145436639352367,0.838857654914374,-0.0289139111922839,-1.24642633381765,1.22003567020211
0.693647708057078,0.731399256471812,2.60543608877422,-0.333189760012093,1.52733758652691,2.55508160444684,1.65852053541153,1.0410437623181,0.530519100051355,1.01441457794296
2.31189081901702,2.9931539582316,2.3492706582465,3.20220307056994,2.31510795723552,3.32926225907938,4.17449253019652,3.01554081973731,3.51426777210033,4.44710615882633
3.73794146034814,3.64585040633415,1.74097583810369,2.25862377547319,2.50147377552819,2.85181880618147,4.01275787695191,4.32887247820782,3.60516880609844,2.26898937452836
5.32125838239417,4.326443349841,2.69709761074729,2.87181027098668,2.93609113849195,2.98512746505964,3.59011678708398,4.39637680695305,3.36823507189141,1.47595349473855
1.0572988145029,3.29160340662207,1.75463323140686,3.46481459376881,3.84202477492246,2.75351866200292,3.64673129571046,4.1100255637984,2.88746779893713,3.38691593717682
2.54037588941934,2.3174369380258,0.437801608348459,1.81654129659827,1.91899239527533,1.16325264436217,-0.0687310000677219,2.892773473107,2.34063381382493,2.14020986012874
1.89851840574027,1.38175360117201,0.655806897079914,1.35968324171413,4.1265209731961,1.06456063790604,3.5049882262446,3.09684179460753,3.54251830502371,1.51945007100624
-0.661457711633909,0.281290985072283,0.840154446437718,2.80083921610258,3.20484308705343,2.39667664556411,0.823980764934671,2.70303752518124,1.82069750746585,1.49762185732262
2.96555182087835,1.87168110919545,2.16603692494088,4.85420175911102,4.514489558074,2.97375230702543,1.35028621793208,3.05741657494574,4.84284360383971,3.28513301995726
1.60154172646166,0.367650206193133,1.5521233926818,1.75372691234054,2.01890438330908,2.53948878541093,1.59709177636866,0.531215526167754,2.57286127865261,2.80519982400337
2.41045371539289,1.2686070948194,0.524292471313097,0.735914265257525,0.289634587542447,0.375257694711004,1.76561911991517,0.137502300569479,0.0867589360881438,0.652291579764715
1.7572619789453,3.2999864871941,1.49401859725364,1.52094243570411,0.188313193816894,1.76891282454411,3.43800535772707,3.83529265604418,0.815131731811661,2.34526033719374
1.46975737600753,2.74337585387595,3.51251725566795,3.16165421933266,1.27200929781917,0.271573166829885,1.47461203309796,0.778802905795677,1.08633865776749,3.28187931277419
2.97761308053755,4.20357474842296,1.93278696517685,1.11349231016125,3.12471943735902,-0.359716561916116,4.60525522505006,1.98542128832986,2.26443154682782,4.58521539385763
2.35327268050895,1.32410658037205,1.55210787711515,2.42915562646114,2.11209839890858,1.18609865149319,2.25776416116939,1.1274551179117,3.17465092945647,2.03272915275709
1.47123595773564,2.08884352627551,2.71387451501313,-0.394273433603206,1.33058968154036,0.944487206207704,0.0413690268745756,1.09446491847329,1.07587934853157,0.661815298357624
1.09797166119194,0.487229660170211,0.371028419529067,0.98798971397706,1.09512636791716,1.85940941751266,-0.480055020388619,2.64087819064362,0.768244185846483,0.824813857450839
-0.781583051324199,0.497766406403244,1.25458867408299,-0.834335490543396,-0.666901834435683,0.621363369273494,1.16862226494541,1.91257627796279,1.86151267700095,1.59532942445617
0.638794215535347,2.5739710412089,0.926926739394876,4.07345246870752,2.85117931557886,1.53415888516005,2.85618645427773,2.74481630263489,-0.494805938766737,2.18680927214031
3.41196204623444,1.19362803561959,1.80720720826797,0.0402521007015524,1.20156176698389,1.68067110798717,2.78199946380421,1.1576877221705,2.31971434875335,1.66528225400399
1.04256017486674,1.35907261020896,0.807483911681899,3.41797004094423,2.29767377765045,1.38514981348791,2.53555178985223,3.7470757670295,2.11920111357719,1.45517813283108
2.63464656843944,0.6390196367177,3.34755061718598,0.862477731310106,1.89055473492474,0.957090019207035,0.0145121339854188,1.33980767851169,-0.158739587498066,1.58029879255426
0.630877728846357,1.49575994804321,0.775597436434612,0.232896962454428,1.21304240793639,0.27210654865292,1.35160587667677,0.538655984018845,0.467013414659368,2.06781898082673
0.907625255787652,2.47650953775994,-0.0579472685737055,1.47947091336835,-0.759976518292638,0.686213424834614,1.75582927162125,-0.221505059057292,0.0770613937580927,0.59282591320608
-0.271635866502035,0.763052199327931,1.49123742976653,-0.228464211787966,1.08719361712495,1.26361746541642,-0.890475630796452,2.28539578788302,1.75057881983242,0.288568714822579
0.768151369744661,-0.422326348493445,-0.256748765593675,0.24321304996076,1.78282126428971,-0.240527818509866,0.116145099973632,-0.803073851926972,0.443796686267548,0.715620198261789
0.644861911238471,1.18020275518683,1.7073440763129,0.319363148699086,2.16978052490313,1.18720182754807,0.423324780240925,3.66494490019303,-0.519167679154207,2.18368601495573
1.12927137253152,1.42652501612397,1.14431861586875,1.453584701951,1.29176218716426,0.919220699431201,1.51759984448226,-0.0056232517315904,1.46956255666275,1.04870336811652
2.44516535880593,1.72682632821161,2.81842304042052,3.64824096357744,1.88679905576325,4.76577562785859,2.21161894856121,2.65221061563213,3.35381369426991,3.26973577241138
1.9960837612928,2.22761071702032,2.1141786189848,0.669735586384987,2.75976226690274,0.7455155307805,1.51939845383931,0.428917440974913,2.90186171822464,3.38300095552886
1.33317315968881,2.05497432433689,1.73256592568787,1.12146592783489,-0.225651115731575,1.53325854396942,1.96665906444014,1.37574501137704,2.60823471193225,0.561004340976557
1.35385016863187,1.2984483856133,1.55446863226098,2.50460341732913,3.06096001431106,1.59099676789872,2.72650837011013,1.11546695893154,3.16989537010607,1.25642012042882
4.30783254987655,2.21301296558532,-0.129935134167058,3.19306116995023,1.77961327923253,1.69790876298377,4.2860169469246,3.51787830740567,2.71624707927547,1.92623441388048
0.753005753892862,3.13810075648276,1.94143050625157,1.04414012083012,1.04098111521369,1.41461489807244,1.95731431467681,1.85855849783297,2.21324352004075,0.766621820008794
2.30845541138419,3.89651385026398,-0.0963750010998798,2.76669563015104,0.591832839913294,2.45923964675463,3.14925914812522,1.41243948761897,0.871521452224292,0.869979438452091
2.63759247522441,1.3377047942068,3.40340625863019,2.65793860649713,2.80632377630021,2.34024218969983,1.06455913276365,3.22441209236823,2.20185896003778,0.968757858387543
1.26993396041196,2.83823031191442,1.69155017321764,2.918872486284,1.89912764462938,3.55108099807868,2.45142120518185,0.560045900238608,1.47477201531647,4.05677197966049
0.588655259989864,0.583251977125469,1.38151883948019,2.96249443742467,0.894896548104065,1.34470476095416,1.2580339103081,3.01480598920841,0.933891072222605,1.3034372429492
2.18317783678852,2.03279254577738,1.82610837839172,2.6972606175039,1.53672953521969,0.711181066916773,3.93830390708815,4.48406597468131,2.1762611754358,1.51437212472346
2.26915285706424,2.81349529593153,1.297314924499,2.38557660642876,2.00775877318053,3.3498599054122,3.26153813096069,1.21645499521745,4.53110966108198,2.5606553823572
1.02259005260827,1.75941700722866,1.22784769490392,1.27386541088661,0.16089513451123,0.902790480361641,1.06576009374467,0.345559687267396,0.991271101747871,0.437488376457297
2.08606398220563,0.542879846945107,-0.196327247039312,1.213595631674,1.52786360142912,1.19977493782959,-0.736129822001808,0.529997090321733,1.40490956601102,-0.581282511454971
2.87188262401592,0.0925176857591086,2.21258329930675,0.462386409385674,0.430215879814751,0.819350846977025,-0.515031155786521,1.97762739260389,1.35072489217898,-0.388163389390961
-0.336014541211698,0.709939441232571,1.86738448159324,1.1777034280461,0.0708632588613951,0.223494766469378,0.704077908879581,1.3847855613205,0.564840009301237,1.97533080525091
2.69039894253851,2.11122238777142,0.806597021444144,2.14889098616581,2.01178462402112,0.933466079834822,3.12532180569479,2.47328763525437,2.07170342869893,1.54943299018495
0.80888491566411,2.51798079248589,3.18959566096418,2.17434141596709,1.86682486669807,2.46905676601082,3.8371054655976,0.959635005206543,2.89977758263402,3.48495129212294
2.09087803553147,3.72425056655919,1.82446645314948,1.0681945639346,0.94904882368604,1.64713804083413,2.92592186131204,1.61263656230383,2.89744841148138,2.47425905094402
0.989005426754249,0.156523188265044,0.734956628558243,0.391154415098935,1.40498426782585,1.79667766121009,1.0831496245508,0.345178163186716,-0.21317303039987,0.726585969336038
2.10682902891025,3.05967996891002,2.13218322521665,2.07262261691518,2.01457461669244,0.607072709889704,2.13967767023106,1.51039038030816,2.85447779631246,3.75302513099898
1.81369170345521,0.791739036791477,0.332392874545225,1.22745831724262,0.722681037818313,-1.67158563404913,-0.265821557605972,0.902809137185212,-1.21001196242649,0.542603647028132
-0.159728096690874,1.68894925994219,1.97982442630751,0.296514895704502,1.20934705233085,2.08284491291518,2.0866152759183,4.06631483033389,1.38806881019245,0.178696541907391
1.01613057595157,1.40394181710858,1.85637580208905,1.50350519542462,1.906028618339,4.54560292060084,1.46815760597605,0.533710276071913,0.499309427675386,2.00804115229971
1.30896007656978,2.07019678281213,4.66718278274147,2.65496707866113,0.0991783984287267,0.953875546514594,2.31513463850135,3.14125351458066,3.11748002436379,0.0355196471671098
1.07991617684317,2.97935169662726,2.17768409874818,2.61259234174348,3.72421557067843,3.68308958064082,2.0528474600235,2.53211185185296,1.31001274562783,2.13809901288762
0.174877996600083,2.16847710944624,2.09572842766906,1.85100724504188,-0.0570758442918136,2.23912157104498,2.68960386147585,3.29171800756152,-0.280378080856211,3.06506463700821
-1.19251715805216,0.372592291669293,0.385258902829093,1.32925942513261,0.620552630605817,0.534037134496996,0.898284380520149,0.216303272659914,-1.2448983188916,2.53266920719305
0.145581014366349,1.37537535311195,-0.564549762878604,0.509561035959587,1.00798112336633,-0.514181374465379,2.21823074088761,-0.0154797609332382,-0.428647771225081,-0.444692799539433
1.00011712370852,1.65368852601224,1.91139921361796,2.10082616572287,0.334575093891191,1.48029898088814,1.33342894311331,0.758297640999635,1.12692470670815,2.71319632548584
0.688116731760178,2.50718889446523,2.10439615629056,1.23824968988267,0.323615697523924,-0.270129479417733,-0.315725380592138,2.25701410014867,-0.448228733562619,1.05833539052379
2.44913769990536,-1.19449531182104,0.237800016282617,0.045646125869829,2.25405449013133,1.35796152793694,-0.443865862362411,0.524798496633813,0.119512160469323,0.152926914739461
2.93165311467903,3.59698746699816,3.90444783847263,3.57801534795145,2.31686241453165,2.33732848593024,3.56703266352538,3.68737797734755,1.88554837224061,4.83389197452763
2.16662855726984,1.0715304118902,0.571782398002325,-1.40842950640742,2.58815291022406,1.5091162209775,0.648544958793552,2.66686273300572,0.656767611726172,-0.298312203066419
4.32466103283094,2.97796591506898,3.71750760915558,3.57692098621088,1.73283671942121,4.78270580678969,3.68473435397209,2.60649613727581,3.33760067304712,3.92021728717319
0.844411797427979,-0.322530056419963,0.283779594417069,1.24087108143484,1.62718112858599,1.837597892931,0.806178364954546,1.28197372487478,1.36800131406871,0.753143583669909
1.45297465636544,1.78253618291376,2.36023684387726,4.19435335774851,2.29625475245509,1.86873328965097,3.30379023055842,1.33895744185148,1.55007810563756,2.19437053562176
0.63082951858295,-0.150060760622204,1.07292012076253,2.59860834607395,1.04581745332714,1.37325537850163,0.241335502969952,1.40931595311247,-0.830845042425196,3.07903535596514
2.03760200312921,1.41566633730503,1.74321301881739,2.31441652478656,0.959036400851393,0.900665942672109,1.17378946011554,2.14129007025148,0.24626983030678,0.872426319735919
-0.743229275322136,-0.518487218415635,-1.80991347764442,0.26899973841805,0.675618583497596,-0.426308583903498,-1.87763678593179,1.56144996300977,-0.744165551805086,-0.987585166532272
2.56701972090429,3.45385032346639,2.91014836982518,3.32531133064429,2.46578192059531,2.63035043181552,2.22149996506202,2.74863237146235,1.13315966712162,1.76636695716664
2.16274448486133,2.22534548358165,1.51793582646573,0.973907713199616,1.0748276004022,1.13996783981475,2.35660888801002,1.91413482126137,1.42248150584216,1.35379908987659
1.6622983037985,1.0966515951896,2.44865132979523,0.260067552814399,1.11746057775987,0.645773257445394,3.34817271542934,3.25106979329469,1.66090493435018,1.02537535609977
2.72015594472466,2.35678058356522,1.47901953375678,2.32023087222806,3.03623888928089,0.672671282253299,3.75396072624749,0.377714175545682,3.38657102124238,2.63570066078443
2.56879015098399,3.49041341778986,1.86593812805533,0.215313925562916,2.50146763248155,1.6611016758186,2.63468590290275,3.55674079151196,0.578326533908643,3.25276742101402
1.09438227534439,1.19171656446405,1.09723499464886,0.827454684603333,-0.29340065834461,0.136787180655185,1.29789861332124,1.76552464496077,1.49115574870429,1.17279988242569
1.80945234518714,2.19565648377426,3.77367339571874,2.19824804761629,3.46197323460683,2.37129141207698,3.89469599046756,1.32413872223559,3.13491470832708,1.89150814758825
2.23778416422261,1.05017419556273,0.600815143799814,1.41305615179815,1.79926658393649,2.60400724572198,0.0857417681253868,0.863654496052198,0.793862856241786,2.8265739016858
-0.348055615796078,1.40081183837143,-0.0245443153885856,0.843488439637448,-0.324475749315556,0.986187904225564,0.291037752535921,0.357972390951322,1.37750985714173,-1.52367405725263
1.48118611069469,2.89693283893856,2.4966004712576,2.96080889228416,2.51703065742027,0.77204822075355,3.20143350702016,1.42248739005608,0.7237580334237,1.92849354526902
-0.145858475022872,-0.636770663710925,-1.67373364264134,-1.06147027718599,0.586058828066399,0.666051909462872,-0.277887938448234,0.49970234626584,0.20729476523434,0.85383554962871
1.50161557941537,2.25606763764417,0.607635524230511,2.05119212566603,0.783397165851017,1.45032395613738,0.866182261957824,3.04156311743226,2.49228429362271,2.28428049272081
1.16214938708224,0.695394307588042,-1.48000718175339,2.2875500693433,0.435022838744357,0.877049095323185,0.962474843658409,0.148175842549089,0.331466834854075,0.715265835621423
2.96283088577642,1.56379297023081,1.56473131350239,1.0300551180391,1.50170648913072,2.78500407461085,2.46947640157134,0.909471126714576,4.13068877168912,2.76181479117505
0.603834156524112,3.07386827513373,2.52108977161135,2.05050848772096,2.8206492401681,1.03948549614328,0.688597180200974,2.50558411805318,2.79491674182607,2.59041565148361
0.230784626533783,1.53512848124279,-0.611266148048422,0.0683210672210547,3.299939845504,0.794240437838205,1.23154909586293,0.619001761608326,1.54868963987263,0.398540986926885
5.22093663124364,2.11689473478356,2.05087619916932,1.93842954502287,2.48730654852031,3.41952370313668,3.71105429881517,2.52290215369498,1.90299713438827,2.4170098093282
0.753643850352226,0.0149882018564615,3.83685401439884,2.38642931962479,2.52166007734427,1.69459943199709,1.46272656754283,0.884852229336359,0.0762602176527081,2.01832618039145
3.32083726181086,2.41615252477362,1.86922397715857,1.43826045448166,1.15346981065323,1.19604812211941,2.60130639175235,1.19101006429868,3.76223520489199,2.58384955738604
-0.548474161425055,1.06798487777506,1.60219131942702,-0.561229433123041,3.12492640923303,0.256178576840234,1.16732312503714,1.45948421870284,1.60420150596408,0.436282230128041
1.67830495398978,3.14357186370126,1.52013360403551,-0.040279894910709,2.92461466399895,3.85050204528793,2.81967156355112,3.24307287700184,1.63336595728945,2.10022645902522
2.04922774080286,3.7487904884481,2.70107371409115,3.58064720907372,2.47553504851907,4.66666240100494,5.04302760751648,5.27118819269776,3.47721965448901,2.28416392400004
1.51625904746466,2.16529982884573,-1.37536361883949,0.925344531603165,1.05290988821922,-0.170461137788109,0.140144258152004,1.84704707458445,0.495840896524186,1.29877851552502
1.29077787395484,2.86979244288302,1.73345356149608,1.86571864967891,3.06838414431282,3.28884903919653,0.507328824196954,1.97963577322107,0.655773770218877,0.340276074947718
0.584860964974836,-1.63055253514733,-0.875165612212559,1.00289435169692,-0.828064050976893,0.757355948010698,-0.88232340382224,-1.62728014767074,-0.386331520759932,-2.34763335344446
1.1839927045345,3.60695660756661,4.37157024561779,2.64962846952959,-0.0171649523481316,4.17481064681112,2.02898969529857,1.64688818934866,1.01257028733807,3.33701871247096
-1.11402736245809,-0.972227302232785,0.0781741883409496,-0.874719677052211,0.957160489938586,1.08225714810218,1.44125823754929,0.697812339076406,-1.37393075970144,0.661354924871995
1.58649762114786,3.62493258514861,1.5541860506371,3.18333746956423,2.9570074101888,3.09619040251279,0.158662835825988,3.77470196467029,2.2844002754442,2.54414262028959
1.98362580167054,0.872736717188869,3.56249669158347,3.28428153631511,4.05989242936157,4.29286065850425,2.56874387381548,2.66571843288661,4.4504663195596,3.85578745427375
-1.05596567437602,0.645966630141392,1.13775130266569,1.52779338722698,-0.0934462840404682,1.20656424767197,0.39914044922149,0.666620726823843,-1.18330713160744,2.17253640292811
4.15842346363994,1.26761515279876,1.42440390566001,0.920835382689648,-0.619379197292332,0.844369899332996,0.744319990433021,-0.0123132023004251,0.846742364327847,-1.2130865238997
2.70138156506841,1.12033661062882,1.42242896048326,0.789556237120607,0.940069130652292,0.329782688021703,-0.827852318621959,1.19087439404427,0.0961903040774589,0.189928961553628
1.13433752316766,2.4603070688862,2.19703319588019,1.67599810468812,1.67624125028847,1.44954932304664,0.797704320766039,3.48629399462058,2.16035212296853,2.35139754262715
0.814900180519139,3.47322602156393,2.08307261086876,2.20835424381092,0.98119331974321,1.89564523032077,0.871181328418021,2.57454446909057,2.57474218195166,3.26161277034897
1.97235777733326,3.55373889985988,2.34999170467643,2.40564651163875,2.25142080063612,2.03360648018135,3.13525622844393,3.10214635757012,1.19000052360429,4.51220736143413
1.33634882580155,1.07172486136086,2.6406197955121,1.22403955487004,3.51379553477633,2.9888191574725,2.48975249680597,1.17186581022145,1.47745820554531,-0.281659597190988
-1.8520606836289,-0.153294605121067,1.56050963791414,1.75155931812492,0.715040118955255,1.30143025095186,1.22581677732928,0.0632044093901183,1.6121400878825,-0.579273812373282
2.56621815231934,1.57209536866217,3.37851802942053,3.07789708699984,2.75986415772869,1.74736065831673,2.83319824785102,2.41308692899707,3.2248097456818,1.69004616297925
0.756836329136663,-2.63447261540012,1.56520153738479,-0.687183398044166,-0.940109938256,-1.12222735608341,0.101079665401654,-0.0850843285195785,1.94428631202588,-0.383531303929504
1.81992048726016,2.16418266745542,0.46862911996242,2.68464285781017,1.57301519586608,1.76144708954469,0.939606075415511,1.32789530263911,3.35363844160279,2.57708425572907
0.104808538042826,-0.107259957199221,1.33078343502549,0.602809690352346,1.14229926323362,1.04729526852002,0.209071967057524,-1.03321608742505,-1.35203497900664,1.45477409108616
2.93657163788448,3.85254887296883,2.88349134533241,3.65843664645951,3.31431298626637,1.74723257933566,3.71409321947808,3.07322624320745,4.13888840776168,1.54271051182605
2.27047388003709,0.903147271875621,2.15305862564248,2.31887694079636,1.42225167836525,2.94919372432942,2.86940677319602,2.50650294219642,1.5448186369215,2.17519864363041
0.933267264408545,1.46232540746994,0.211925807705513,1.57359574268394,1.8728576933201,2.05997266613037,1.99153540387775,2.32192564233254,1.38209040256114,2.01454734723942
0.275875461785047,1.87953340884651,-0.689603699949221,1.47842740117611,0.703112643903978,-1.75147570554071,1.75192049907292,0.935071729032589,-0.86065455922369,-1.37274217775466
0.439643516831165,0.543269915569717,-0.625656333810249,0.437955659934111,-0.321110628780835,0.75729674236474,0.923940838190002,0.996668645496515,0.177920622765463,0.712505526887435
2.96115823904967,1.72270449352306,3.24167947258286,1.93026902850503,2.08705091337252,3.52627869337713,0.855383469942201,1.55986469102755,1.91432363248695,1.90395928516425
0.806838312060615,1.62851771704697,2.34046265238498,-0.336708121619906,3.9856014160979,-0.0943336638463372,1.01790522041078,0.0489154429113627,1.07634318520348,0.0478280894884544
5.83942567892195,1.96031632848824,-0.095212691332053,1.14741677502295,0.57730312924612,2.82346941062744,1.80469979648566,2.29527040477281,1.39315438994827,2.23152096735363
0.95495684682769,-0.993449782099375,-0.543921346630103,1.21226113317654,1.4870006653102,0.645505983936929,-0.846407000969448,0.707426816226233,0.0125394404263728,2.10509055014812
-0.244512482887416,0.472700970849643,1.34777710254549,1.11240040309702,1.12044745661346,1.27181598450477,1.67524788787514,-0.911872042980613,1.55184868653658,1.17085670123492
2.21169715823498,0.754596050490638,1.16572829118717,0.995655983448273,0.385972088558677,1.57030270742478,-0.943016383996065,2.29188195436578,1.99091523931102,4.26259030435419
1.52342093063282,0.322870818762787,0.0590603231781009,0.0268038380544525,0.537116877696033,0.888363673325664,0.730951916380408,1.79933074770997,0.766125328222086,1.76672321063896
-0.021463731294767,-0.417746580150634,-0.253057519015236,-1.47004214143049,0.913916591885837,-0.453064796797782,0.292979275638389,-0.832945034410226,-0.722755495243501,-0.0627939603851271
2.18594549935636,0.505109524907189,1.87481520827062,-0.884141547169242,-1.44626189695591,-1.0076643589174,-1.03421728238767,1.21246041939181,-0.564309838213656,-1.74236713214587
-0.885149769306881,0.261783234958533,-0.71203413230778,1.88716389763339,0.937976260851435,1.19375662615985,0.756700752877738,3.36107844363762,-0.573108729954726,-0.0233311677278665
-0.325532166964844,0.0752629101840598,0.306503264926624,-1.42347350206252,-1.43658674666156,1.34375219428313,-0.0579751452967969,-0.478955107777982,0.720371709606277,-2.48081123700882
2.37661029332977,1.92328752430805,1.52346569277782,3.65067957642956,0.592756715827336,2.9006111656637,3.56922157501216,-0.27965132252252,1.06900426880963,4.2082545817128
2.46815777677222,1.99388315542225,3.4595068878746,2.0078452499028,2.88157674811371,0.701627816756847,2.94468063486597,1.80995293569701,4.49036648079845,2.82655380153005
0.756598129814813,3.1383844399423,1.68053238607537,1.75356469729648,1.65236312261316,1.25425341282163,0.305297443746313,2.96415245587805,2.09806996125349,2.72660944293273
-0.436717075595745,0.0264741586749391,0.000104915844747131,0.198397970475105,1.76540681776476,0.151131626762122,0.751775000111793,0.427767420077035,-0.0356931663161341,-0.144722079205756
1.85677692696758,-0.482831042195831,2.27690740322898,1.2578395641451,-0.143914809069471,2.04262756722688,1.56583228898602,3.06230515857659,1.32884648134867,1.42133815521466
2.03501667451647,0.590983231400647,1.32909189686144,1.56922740343544,0.857668563090694,1.94900332969374,0.462738042202433,0.90681380557195,0.715911886662386,1.17304055398603
0.928524868704853,0.656015596669096,0.43316759143405,1.94706494991903,0.849675719750915,1.08194141813247,0.345945521784302,0.0600794242099224,0.838946478202531,0.706424180046494
0.581784453405719,2.92497524973016,0.353368332681199,3.44482169115893,2.75704862802366,0.754130720131834,0.851889183256662,2.37915646722407,2.40583365110812,1.90424208582537
1.8148940587646,2.05118326174142,2.44418117982952,2.6375816126979,2.56143935404634,1.44395348577933,0.370886351081528,2.70087926901274,0.0474626079244489,2.24330251121284
0.641358208934864,0.107562508135843,1.24076734398884,1.83923442519858,2.39891565293052,1.40993303952527,2.76593094446148,1.87064014895158,0.674222648443155,2.27955799638049
4.62186407923143,2.62075471177139,1.9598407942158,1.73680018685769,1.05047911264311,2.53757793569544,1.6488070408898,3.38444866155234,1.14716266563537,3.25043465108041
2.95336274390416,3.23529639108346,2.76341903630739,4.10651863173755,3.04847874789294,4.05655135246858,3.10605220586942,1.78419298103051,2.83740660169167,3.49586046246505
-0.834673770729531,1.23875259519219,1.11583601391698,-1.80384885300328,0.294180426153177,0.288738072216912,-0.843968077014247,-0.718583137001719,0.680198720797116,1.26089973951871
4.15235059055605,2.60351875533591,3.90257231002917,1.64016583048424,3.28999524850207,3.59355740897634,3.45795414402615,2.67360442468218,3.15162531471631,3.10630159183345
1.29345610854655,1.22394174152142,0.882533718607636,1.0343267816474,1.9661201189471,-0.0583624221523193,0.416807574777795,0.793054268319021,1.02247780541497,1.11536994546966
2.12698987967338,2.48516519676195,3.23955934492797,1.42644381928964,3.87538370972942,2.45046344356009,2.51251286304456,1.50670555556733,0.823431816875439,2.02942769454642
0.44566770726603,1.61120089301241,-0.65219991994187,0.350013752957439,1.05691635512204,-2.13267791528451,1.65049771807684,-1.12292298247808,-0.0923944393451556,0.62681060757855
2.53712499932268,4.14568526397194,2.37299789718585,1.88054565867877,4.17511471196369,2.86311146694727,3.54998766682952,3.48797375324347,3.93003313594714,2.22542550871902
-1.75396542685825,-1.33558230624076,0.933946693346178,-0.454977726570012,0.446317017168886,-0.197504070359148,0.627949876409082,2.05233019434378,-1.35939661707481,-0.538689809838282
1.64219309964674,1.5920744448437,1.49254741864205,1.77461414378588,-0.703904058289053,1.15408004242904,3.60501166917568,1.17439343444344,1.54220428895033,-0.074254435423887
3.51380390300707,1.44245795735928,1.3072221798312,1.90214576963699,2.96256357528192,2.80129072159747,1.9812144170954,0.0876844639155028,0.928774506043883,1.79562568661646
0.596027011869426,2.32286616704517,2.78397754590764,3.49784503720216,-0.158409369048905,2.59012995680504,-1.71101483827136,1.27434856974685,0.586334772912302,1.84353293876554
0.8533904840863,2.07785280143449,0.234823507696532,-0.576471826316617,-0.781072659907273,1.51960946830187,0.849930745197218,0.655922769555597,1.8121971410454,-0.294400847616744
2.30386587880877,2.6995669689367,1.61661572513993,0.738032254404584,2.03084259146353,2.33536159303803,1.21325260804635,1.80563565422822,2.13768135699376,2.6108322401285
1.90915879834913,1.71256407964762,2.18147288127585,1.6036264045555,2.65404533085609,2.33282576412594,1.86411609730891,0.0464997387872736,2.79457451376978,3.37466405715858
2.36043740589188,0.86140539453604,1.24056130704733,1.02256023108313,1.40255076610554,3.46683134741059,0.244059582205538,2.56397572029579,-0.071648956528529,1.49617911215075
0.226891005874152,2.01613626298702,1.92822748612464,1.01578546893792,4.4332178840035,3.38296914126223,2.84620625287797,2.14311272448483,0.978973173824476,4.25556774890347
1.43640319950689,2.56277619940798,2.57444542838273,-0.112563774181911,2.12581323718797,2.21796996057176,2.99578474559227,2.50111578139534,1.09262981561933,0.391619416623237
0.55483289146444,2.59217230249986,0.996772583809488,0.600114865869808,0.730674492556842,0.952088777399072,0.409574772418034,0.469532146917233,-0.549488573590448,1.44895391072465
0.915458523153926,1.45984021019326,-0.247361292459236,0.428266190119028,1.10085002244614,1.62122595947626,1.63103990513899,1.23016196520584,2.30707681483945,-0.218493569539045
3.45770185403389,2.79781998211931,3.13964634710424,1.81090413224715,3.25489571890459,2.80559935212742,3.67334861807612,3.77677035017016,1.83162701604723,1.13365483008225
0.308722110857376,1.01354839337499,-0.261856141728468,1.07252837516961,0.131304028099031,-0.330441492253315,0.351395169628762,0.832447860622088,0.071314574030653,0.617481513450747
1.28058553932946,3.93304029194125,3.37319595894201,3.33823229309885,2.15734768092608,2.13714102348305,1.90707809267168,0.575603734216622,1.39595973036758,1.41134867040016
0.738034036694341,2.59001032169861,0.690964755213814,1.00868978596028,2.99990848781124,1.99671654869544,0.555154683319216,2.8719101665522,2.48674438719282,3.18983725432382
0.118277321366777,-0.31224712224622,3.27088324392726,1.09063778000071,1.6355491037638,1.12654810559538,1.57635403431174,1.25331388431518,1.42915369650108,1.07762433442654
1.87153886192203,5.9628811593203,2.29542313886332,3.16363261430007,3.1811223367974,1.8629991660518,1.50076079264673,2.89494176352338,2.69401535674407,1.96479157886858
1.74189990170058,1.54430985452574,1.12609171383098,-1.2653718114548,2.05094734434382,1.18915174826947,-0.514500674297194,1.92991587359944,0.548739208874573,-0.0451139043248145
1.75971846269654,3.21221261694083,3.47662088334424,0.916452288577817,0.892135590019209,1.81514912110641,2.29448618508794,2.39187047523204,1.17004772633179,0.89537357414649
4.22996232097924,1.53737258361147,2.72049747572066,2.22670438657193,2.88720257449188,1.77752588523168,2.72006199376749,2.88234547178818,2.0067042016815,1.15051272536513
1.93266742796726,0.597477795067785,2.64340164665852,1.89314158759036,3.5072561186291,2.12714092533982,1.5899177795144,2.07598692412517,0.625156547167506,2.6565771148369
1.6574762909706,0.106892620057055,-0.225679131206025,3.01390108599548,0.635109485439069,-0.168799731721172,-1.0929492333976,2.0979555594802,0.769246148400916,1.55125787716323
2.46549347437033,2.76527138929154,1.97997435650338,1.57412709238919,0.813151461417773,0.486551963301997,-0.533435745378723,2.10351678329685,3.12004186916774,1.70963199604628
-1.61825503629485,0.955349485427214,0.983942353615864,0.466009987853346,0.525908347101227,0.997231462512907,0.558445630366854,-0.380930601375889,-0.773815392373807,-0.644319145350837
2.53069493647234,2.45175444049852,3.15919274736981,2.74909134216915,0.614355121749801,-0.204182105712701,1.84715964204439,0.498353122245128,3.00108462214454,1.37674402102158
0.818514063107208,2.86834927712291,0.161270652901324,0.332662685639257,-0.0477285131732524,0.640170468603384,0.297463371667603,-0.253016487645446,-1.16495478713443,1.69395560181569
1.10870092980056,0.787873579006774,2.89107994288523,0.868627887530427,0.952322973744889,0.909196350514148,3.10333790822668,0.923373109627037,1.35848400147139,-0.615224831495306
-1.28576221652028,1.13231893327815,0.345769724582733,0.699228515630177,1.48456441055079,-0.926912299200272,1.92572670107193,2.37000687627123,-1.85102767528904,-0.902358149344772
2.94862492186761,2.05218134450433,1.80892890099456,2.18294104113592,2.86583844824685,3.95597440506552,3.03870608067734,2.93661732312393,3.88942753751374,0.975692960687827
-1.79653879273814,1.69325241328068,1.47595811163052,1.14643396238025,0.42405090000134,0.111069843792567,0.682337873950751,0.803801515330899,-0.00149392996442232,0.758090479898344
2.04747498540781,3.04947797444562,1.34182070118388,2.18669347070144,3.71428248772001,0.711471047134789,3.16323704484108,1.5443121302277,2.14217708050998,2.13288895319483
-0.748908419966221,-0.567263782642572,-2.50050715010467,-0.671984592668038,-0.245942512246715,2.96935475992026,-1.71798318377726,-1.25125552510506,-1.34896865274372,-0.791693843378505
2.06554868619155,2.18309682523722,2.36486118559796,1.99242629741217,2.56261141541182,2.10775959789913,3.57558589828095,2.64079969359652,2.90308715152981,3.32235757237319
3.36454625961925,0.48997670663895,0.821586135915836,1.31998676393669,-0.731068161004969,1.38028887071732,1.41428739144816,2.60097957004046,-0.574397457445421,1.44097830693609
1.00654829247614,0.95208015931314,2.08459431085866,0.185278114406942,1.86304475145523,-0.661164422963251,1.03083973353192,2.93917880138182,1.73939113930381,2.47383727049225
2.58198651026304,2.7093823516345,0.592896758283506,0.353967697796527,0.904984889667802,0.721013514707926,1.80053147299335,-0.0262420675937973,1.107582809819,1.41845345396708
2.95068234627022,-0.0516611248618788,2.12300411019041,2.09963644773346,2.01246637441562,1.50308819184592,0.565464559455242,1.27566341013672,3.46765891702743,2.77960933346043
0.755195934519908,-1.31529886387101,0.382280559298092,1.16861384688903,0.0394713402404641,1.17590075191962,1.11876916669631,-0.146436655176712,-0.0239959659728736,-0.823270810199944
2.09242281918439,1.5689007715632,3.09907431001217,2.20500126994444,2.60929666984056,2.37772535783082,4.11546416995326,2.5306252926157,2.121890465983,2.31576840386001
0.806188578507544,2.33000495151861,1.57861104939068,1.79674364119548,-0.497920835100254,2.77464383370197,1.69382174750842,2.18792460515852,1.59338334325922,1.46259122292832
0.54609928073708,0.820862364253871,0.573162455883625,-0.128803589986499,0.502839226590206,1.26040896633199,0.404851360788049,0.521929458167245,0.998277010159062,1.12226448791429
0.344989746848636,1.94037070143413,0.448648933722623,1.83434348229073,1.45091410213059,1.28299613335107,1.1786435503722,1.94312200947151,1.97523507332475,1.35949806327429
0.484934061901335,1.54797618886837,1.27166554735199,2.80845303211073,1.86104715992041,1.9162028287572,1.05454196681154,0.93945346290263,0.613191949128523,2.31788811405341
0.442677960958583,0.280720646629631,-0.0801184574090282,-1.08730728602467,0.313609908271888,0.416683681487433,0.732005138339525,-0.0296032556127411,-1.74903661423286,-0.669817158006399
-0.783813544025087,1.24159972923218,-0.830805475371719,1.72116889783657,-1.61548372693976,-1.44419744457171,2.47407832534444,-1.01237790337593,-0.410987741832094,-0.15862262631599
1.41960719779696,0.523432609898838,1.16083915626902,1.33279977347016,2.97197458605685,1.74074138455704,2.94102894153193,1.69789683429382,2.77461708065889,2.48443454466781
1.32977405291538,1.6145489035004,1.09063567989187,0.611516918998833,1.11472675924368,1.27758731688937,0.673363493933829,2.33570703701635,-1.09672610557011,0.619756202430026
0.239763308198301,-0.215984161811572,-0.612630862393601,0.162040710646995,-0.0838442799087117,0.4821002521282,-2.43603019685225,-0.485113061703294,0.331219720655026,-0.204371192795199
2.10484775451216,0.0574579512217062,-0.368211604961734,1.0541531142768,2.23943684931848,-0.38840938451017,-0.614314395558787,0.384824642301771,1.32619870124066,0.91647909578044
1.74426177034555,1.97266902075784,1.08089867913631,0.664489134712002,2.43252934515291,0.700749783206138,3.78414178015926,2.13328361639025,-0.0115405704299989,1.43786318109402
-0.337554683183738,0.55386135865858,-0.272953578687592,-0.35671372959196,-0.6374296629495,-1.60283466323411,1.60271938331397,0.474330294627833,-1.17210482793703,-0.663887549466209
1.13903471549251,-0.444815506801737,1.39659516922312,-0.259680972492897,2.0310454270656,0.333502064342345,1.95724101841526,1.47932697503575,-0.235706085450406,0.929394017739404
0.10615745908434,0.834829152784689,0.6805929023561,0.227573661504986,-0.620498173077747,-0.616696160293798,-0.287520536727746,0.564340525896335,2.010545768249,-0.663456862371387
2.19080417099785,1.35028958847179,1.89822862700939,-0.0581750195939212,0.893162527740437,0.968937137748787,2.24579508536954,0.392414143401081,1.62280962361791,0.273120480753741
0.45603561072997,2.13990150832193,2.98294941776458,-0.152846569598466,3.45798762587292,3.1719217957385,2.62328529659844,1.89865098183942,2.84453290356427,2.18987834188731
3.96910520555695,3.48005145749252,3.65409159816381,4.85411291178111,3.52579110499823,1.61606859383382,1.60318045458053,2.45452429488023,2.65497654044056,2.40253628959991
2.59212440294643,2.84055204053359,3.33050796317935,3.49687400014496,3.94793193527852,4.17724577074085,2.46017047083966,2.6994913071115,2.21770392055179,1.25963789933079
0.343969891754354,0.971170619514296,0.392312620133231,3.58487546260237,4.77012996723526,1.43054546111845,2.16411839877324,1.41247081149915,3.38279187920856,1.26769523927707
1.59723501142811,1.85818330962474,1.89095531583209,1.03866578287368,2.0470895060469,2.24801410108163,1.90656865738733,0.542359327175942,2.48046056503698,3.47375152199357
2.09968374757949,1.66002563665572,1.32077080459314,2.22989226669231,-0.0251684147983071,0.0534925248293691,1.27814752025599,1.32088426414363,0.694122283229362,1.3292467095775
1.93671364446721,2.67104673383051,0.800919109302094,1.6587395513403,1.91573114350563,-0.23862182558601,0.233420343465757,1.3874405271786,-0.354557504307448,0.747058899874425
2.29270854006502,2.39326440162593,2.87781346139879,2.617032210962,0.436005903739008,0.908767687337468,2.0072332607985,1.91732330709133,2.92638549140561,1.28785039109046
1.3607122300792,2.01841582892554,1.00993473588176,1.05507064809474,-0.156662063304222,2.68590652653882,0.92517551517382,0.720408815366366,3.13675853592815,2.82956196105401
3.06185629380188,2.47575238775653,3.25542885567751,1.41577850928638,2.3743548246484,2.74001289727017,3.80011446050466,2.67359732255588,1.07511248377339,1.04721801539323
-0.395082961024792,2.20371262103052,2.59771048634872,2.95421270887026,-0.0359791400647365,2.51575840502379,0.626586375300397,0.502985112459314,1.01456892669418,0.10776095867345
-0.370021751895462,-0.85469859245381,1.28929221388829,2.87503348315451,3.06586335496309,0.260778772429835,-0.825170426167291,0.430903303428494,1.13915264814496,-0.415631122250897
3.26236974603445,0.966381846669206,3.33698958355929,1.6298722069017,1.05313348567813,2.94660732621777,2.77200446532574,3.06473254227151,0.339302709194691,1.35291056703477
2.44731664153331,2.09965378615952,1.0497844429187,2.13938930661921,1.61896186074028,2.31031438669491,1.57379593702067,1.14219678393554,0.520176163690611,2.70816317250317
2.84312248528582,5.14141929889474,3.86229205938211,3.06992014196004,3.13940501197534,1.92322468617672,2.91199827627719,3.47904454936149,2.65707272661756,2.08639555476792
1.48585063599879,0.29912602652064,2.58150552394971,0.258285689774268,-0.574188560353124,1.77503759641311,-0.103453326239958,-0.349414448140734,0.267521120005791,0.0754642983719899
3.47423074515644,3.34787742427486,3.41470570203556,4.77302696315534,1.73456115501771,3.63323993111661,1.97691013583513,3.01515322658786,1.553469049108,3.45676165313238
1.90059287304638,0.695942180729468,2.27439492043226,0.982089057887064,2.42314659954381,2.55485137507162,1.51527645817807,1.45541153918923,0.920115703531268,-0.808640664601442
1.13127381617647,1.91212037138252,0.838618458148213,-0.386668687753579,-0.285740313139535,1.50161077856817,-0.163724133371183,0.127867613012196,-0.196853273257099,1.82907376587551
-0.0617271228469343,0.595274692098199,-0.597563508059654,-0.0150380602013445,0.569006166111131,2.37345150226179,1.63873489590869,1.28189141421786,-0.207288693324242,0.758222765429611
2.84632896446646,0.737926838427382,2.39043161977058,2.77278595895236,2.96426433415347,1.26904840984511,1.76768734741207,1.74358769913059,0.308996742487165,1.2507063227909
1.5651184267656,3.72658881860628,3.76393715422226,3.12298332067657,2.28443100274775,2.32663741598752,3.36482252685603,3.47196611946051,4.90092817923474,2.22070976001722
0.411744633130591,1.96009023117289,-0.152488050025845,1.00224361740295,1.10045764715614,0.0762219390858561,-0.0025854067658948,1.80535831151091,1.41614209277616,0.278166858127082
0.236520966250671,1.74827586574755,0.825162496102997,-0.394089502724203,-1.09394557890963,-1.94657436749291,-0.497793206017117,-2.59467049386789,-0.128228132827119,-1.360832226984
3.26203023294947,0.962495854079783,3.67877166663269,4.89662709166602,2.89001887488439,2.49218777572321,1.57231278102315,1.8893282228563,0.90218380215842,0.682560182686233
0.27679507629283,1.77173603113811,3.30274077860686,1.05100624317016,2.71169765513842,3.92548384173643,1.15301557466555,1.76851327320438,0.316132852012269,3.41167140302051
1.90019397683327,2.16840958601211,1.98702364469795,1.73556658683141,2.72344947645791,1.36518846782548,3.67921989870312,1.60522956304787,2.44588278395275,1.44645772512942
1.17086071781276,1.18716434991486,0.958944874626032,0.79603324013356,1.16861262012953,1.06612369904274,0.0238554812523826,0.0839555252323286,1.35826854900775,-0.364626007511777
0.811513496372565,0.965836543519456,1.38478797060228,0.400806895203507,1.65033042872694,1.43592535330959,-0.184263996248714,0.860824182225927,2.11590631184815,-0.0489486113374027
1.50297698280045,2.62766543896111,-0.267500928744177,1.78511048924682,1.3174959852274,1.60686980362566,1.65728316947679,2.94679953224646,-0.930455074386908,0.446319331073605
0.629447601299684,0.248867442106107,-0.735561504089138,1.36155970932715,1.47636165438321,1.23902837826386,-0.537083379002445,2.79637554485462,0.796103506845696,1.37613441018577
1.62703183969342,2.18710318905711,1.01331597499848,1.23883155836517,0.875854775070864,0.0788461180523286,1.23807623901914,-0.757563783013197,1.20058617897335,1.46609143556461
0.412817515518826,0.284646724405817,0.965576949160994,1.08118813008668,2.85500486197045,1.20919751642274,1.38954365817786,0.208764401829606,2.60916562462115,0.831640075108313
2.38846667402543,2.19406096787575,2.63423979954175,3.30325631281503,1.51780999641276,2.62587359696084,1.88589339267464,2.76244344103609,3.92015586485884,1.64617299937932
1.61799516416483,-0.133719182084124,1.6134666346132,1.72771012144186,-0.00538118278651556,0.119056938144469,1.11004427145599,0.170152261433222,0.632494321587345,3.1299830628771
0.344285723164319,1.46580816024714,0.424156184829513,-0.309419004421839,-0.772964237132258,2.13088915033209,2.21182255946438,0.810230290000497,0.0837668650628272,0.63636413637074
3.3656603080864,2.54299638141361,3.31970709493636,2.99515733565261,3.51325000380306,2.76528588805312,1.32633147906064,1.81163541171492,2.87553041255187,2.1468742985299
-0.0799100926474863,0.833510103974758,0.978264452122212,1.3863778029167,1.74511640220358,0.556843640661113,0.990841525684352,0.0872760637532716,1.62240466186669,2.17962982143413
0.413339162317235,1.011019099459,0.327829888404709,1.72949524334764,1.21259133812118,1.46131479120728,0.883710558638219,-1.03769924552143,1.46416839237269,1.40594647776965
-0.132913494846735,0.0307752277334226,1.84065867245282,0.951251674512356,1.52966718007562,0.401577087959597,-1.81366045444545,-0.0514567486423065,1.68959518853061,1.57895197510538
2.42552094202579,2.54782430110478,3.62880533199838,1.47190869619493,-0.284933489021609,1.92229696415549,3.33776806603681,2.08092443902201,2.63188688955306,0.73828732107199
2.68128436158218,3.44658764761679,4.78027483424695,2.67017538460816,2.30957877390247,2.61847488674268,0.859873488132744,3.54954657513541,4.13364441371158,2.94156214656779
-0.701264223790146,-0.660503662662034,-0.597654093895032,-1.07786012069415,0.227902027514127,0.756085001122333,0.510536009413728,0.0924282961424873,-1.97410783636646,0.375410257579146
-0.006243757754679,4.27290106872296,2.08043329150119,3.19814164037255,2.16237078538353,0.297594965107666,3.47259065733943,1.2660671526008,1.25225599560501,0.229299269559985
0.864931889989045,-0.318907861087,1.24521720046813,-0.154656511119738,1.70427995796801,0.493162427387662,0.437843014978467,0.570110201812429,-0.372616892538631,-0.458518746496775
-0.750183570651372,0.174224458042677,0.180471180940074,-1.42374726794406,-0.561873859879905,-1.17412871917858,-0.255327285698245,0.536951051304555,-1.23730337748982,-0.237873795635032
1.81679225954504,1.36136114039153,2.10873483514501,1.77956778465468,3.32410606464261,1.89784487120509,0.352109879942767,4.03322602616982,0.543489479665525,2.9788354004845
2.1663296686189,1.42299967925999,0.616642087881874,-0.31580200194652,2.70666095244306,0.837863895136163,0.469757115509515,1.01481349968996,0.404435830383941,0.848416309967382
0.174237182214958,1.255172529963,-0.297894913585603,1.49656921229718,-0.573956336000562,1.0738888796489,-0.0342158752591446,0.633757248580261,0.653521479257014,1.97159872446787
1.16173052454472,-0.167633294356709,0.993215873392698,2.12173199156814,1.20572248772452,0.210107188524326,1.2692324922873,0.521775376616015,1.78034297745914,0.238281483138374
2.30114945910535,2.65735519456061,1.83109359871922,2.77425766921779,2.56391746420477,2.85781391914012,1.04031989643229,2.87264639388181,2.30626242827595,1.80948576986292
1.64166561673567,1.94410358849945,0.00526460019776642,0.947259774182732,-0.0865704858574439,0.663124075483335,1.10079794105112,0.535405940631024,2.02585976165503,1.58080859445291
2.40370140181608,3.12580232917452,2.96238000090657,3.1684315122738,4.13523708305473,2.5676553002798,3.32922282001873,3.89994946760828,3.32476671049007,3.05801521564092
-0.0965206568985237,-0.997867036256455,0.748963364439182,-0.92612587460803,-0.0567206743665513,1.51892682851325,0.972830314754069,-0.543345925958684,-0.262992044185563,0.458650484999176
0.914422650190005,2.02568892325258,0.422946424819114,2.39599171652331,1.12314601222137,-0.967409098358447,0.338153090220549,1.4725003548001,0.986166999904949,2.29317759867782
0.822507077220214,0.414334047359882,1.07372746748783,0.187272270402001,0.571823431376391,0.54600833512342,0.0911447310670456,1.51276261865301,0.821509622799187,0.355936915472344
0.527651524359359,0.572489169302887,0.593585790632375,2.60603773256676,0.797922798454449,0.625305901904725,2.24631300530759,2.16951347698344,0.95821067244412,1.01065921747814
0.695296348922567,-1.7510882296589,-1.5069933225576,0.266628656536714,-0.805613478821441,-0.035522123938583,-0.332597808456066,0.122512349242153,0.775972566722511,-0.477205658445966
2.05540083667253,1.8830523286839,3.43558866956233,1.34614813311063,2.56522840718057,1.26169803242105,1.79491102477925,0.981834789172513,0.69330052248695,0.594172795438108
2.29985473740156,1.50879504147629,0.05561757487952,1.64520805369579,3.71657658683897,-0.145491815524929,0.190749209003824,-0.0776158929246782,-0.797548819644746,-0.000120694912049801
2.82864614331518,0.281228053746791,1.42274691530157,2.49536305484438,1.29194357594699,0.693489211367365,0.976219837469011,-0.0685451675523279,0.871645897526075,1.26658524372459
2.30439774456084,1.65820960291203,0.815676743248135,1.27035293716667,1.71252679833233,2.87226356130618,0.603466754450785,2.74591477812392,3.55135230492668,2.69698736595984
2.35414814954481,4.07529802518271,-0.0982482316123336,3.96773367897583,0.820034527364167,1.7279499100899,2.73924384755228,1.56640225463616,2.19386352634614,1.31947518512851
2.17875718768759,0.330074387231555,1.57577539251201,1.12471220492881,1.55240735300268,0.106355609927774,-0.893302300142522,0.858140428442825,1.63441291759076,-0.0686556821111477
1.55927700413813,3.616209913874,1.45955024770744,3.70428367081266,1.98607052045663,2.1886022071626,0.898365328407555,1.6810232888411,2.13061004981999,0.277929671477508
0.421963852434634,1.32447625217076,2.17198015227163,0.885811044092966,1.66098451396544,1.29056589333041,1.56195367122036,1.4028052844665,0.502004052129408,2.21376630881162
2.96879651209262,0.805133055888608,0.986920502980172,2.48748403849365,0.217048743521561,0.132842821288003,0.676215727600648,-0.00275987489174168,-1.28550987033898,-0.0139482822179531
1.99417479013684,1.10506043540594,0.272998308205628,2.2274378739813,3.3731453037898,1.49395645045515,1.29706901393258,1.27204059908314,0.968675575276905,2.4950296224454
1.39281915780698,1.32544602940449,1.74847427773431,2.0479246978925,2.11386673315901,1.872213512443,1.48119299281386,1.78414345174671,1.83518922661142,1.68295357887623
1.66337245599921,1.5440587766288,0.741412714561229,2.91546899438221,1.19735560604845,1.2062439546415,1.61493770253979,1.68022117708621,0.0238307697777179,-0.14614264464281
2.83896295487954,0.650383896652164,2.71798323496162,2.25231184793382,2.83142950683896,1.7547810097121,2.07153460342233,2.33973399754102,0.561902988107967,2.37581599069518
1.00011078359932,1.66708875651893,1.42988074062916,1.21648113032651,1.81399725493109,1.67676949063245,-0.359040293447507,-0.163139341567597,1.35615630094221,1.24679723930085
3.18689890692437,1.4994429342879,3.54336436643663,2.0500107091314,3.34523623230643,2.46798570142167,3.854539713558,2.77960673732136,3.01516201399674,1.58455578052888
4.55134844809547,3.28452940394726,2.60496228486471,1.99809022939072,2.68285146938548,2.99758036598838,1.71114639396661,1.12272798329147,0.468906014834734,1.56361001610308
3.23120490976225,1.91022608916027,2.68234388163436,0.803539503780673,3.79025992805248,3.37846259279857,2.35780765463682,2.92275075372444,1.82698538388744,2.24320130549426
0.211761906367461,1.54643515018966,1.91163580254839,1.53991695386683,1.56679193392486,0.779290013163861,1.53484348778402,0.518358217615584,0.901565279509321,-0.0951173476625293
2.76012385647659,-0.445995748309841,2.58028127599869,0.540571173701734,-0.637978987592209,0.49983334380729,1.28618499568093,0.940205136281037,1.15965250271483,0.0579751768375997
2.42688005965799,1.17085097067478,3.12993768515265,-0.968069619284514,1.16852746943362,0.641912788790768,1.2555139192858,0.340833422884268,0.913932569420481,2.87177287956959
0.706346042631087,2.53073347295576,1.30384920652322,1.5035424585937,2.27417253058965,1.94652656377271,2.52272744308748,1.09977222525896,1.92571271934874,3.98776951194422
1.34329861299985,-0.365049326617126,0.890792742098411,1.05274204775842,0.49332557515781,0.370512450090495,0.951209147439973,0.354217320920955,-1.07217710189543,1.40572748139168
2.83201770344417,2.40394092925093,3.26317364672484,2.04178621242756,0.926900651662204,2.04656084271193,1.71494153212487,2.09046937571735,1.4707710720038,2.92239783002203
0.734937056137162,0.493300852423808,1.57028099152109,0.535397390188117,1.24549814004778,-0.652306659879979,5.31309442262056,2.19422218435283,0.309952383563142,0.824129501958047
1.63720190779457,2.62676049700604,2.39848758840202,0.712511967547039,1.04869429876608,0.992032740958405,1.38995046900761,2.22959356562222,1.95758080951573,0.442007718658519
3.49962117214554,1.78251192649966,2.55805948904805,2.74611106220269,-0.954381782550088,0.936633833414822,2.02244066343336,1.70942810130237,1.31313752323709,1.29055028913819
1.30255804982101,0.61705040749077,0.689071774117974,0.781553548857538,-0.429299062736477,1.02728415037688,1.39989532585345,1.82615703083175,2.63190515424928,0.234253418268508
-0.351020038738207,1.74592147560595,-0.396701560300126,0.879718258247905,-0.0504283170939006,1.53494926998535,0.882416945381391,1.92777718263919,2.76609988674451,1.60214616055055
1.66539143140027,0.235670454654208,-0.652885541075904,1.63394664818427,0.968386114737351,1.76060029830559,0.897207230486507,0.638745406103666,0.536485529489135,1.1149879148615
1.02429254326337,0.973232764839669,1.6327402763116,1.3625372603055,1.89724618667822,3.37865874839878,3.72096496689439,3.28989232099427,2.16129515238221,1.36431856562684
2.12847457577305,2.0328555377269,0.742100953949504,0.920143564003533,0.943525234281832,1.81575704580116,1.84516387189707,0.584018857025456,0.199305909745105,1.80091339806329
1.00274902624445,0.234245110719035,1.19297766773768,1.01517306704805,1.28725614449528,0.91651089006558,1.92905498582445,2.46338208076105,-0.510198391226005,1.33986266389777
2.92978500046565,3.00108717954776,3.52872666582626,3.60470289114193,4.18110740109539,2.65204332693501,0.69594496700466,3.34208767941005,4.05587471231301,2.17782197256059
3.14376911769377,1.63888995770745,2.39220546878522,2.34630668043728,2.18730420055602,2.99295892073005,0.522138758116041,1.41852775080936,2.8020428846023,2.01078480296702
0.842496922746977,0.100314308878796,2.63686803999082,2.20184782134229,1.76437440356544,-0.205040282453903,0.803988138385076,1.78350411040431,2.54060791640033,2.8066167723857
3.28144500535456,2.23100727794819,2.56552148178854,3.58909361974991,3.69057150413214,1.81302356135194,1.88001746405472,0.394390101770792,2.60439528008154,2.44052605643265
1.88269191191607,0.731750280684771,1.86677031952148,3.23781377119438,3.07971548137291,0.700047555110984,3.45260600802472,3.54700204700839,1.71696617324776,0.415284000320479
3.99744576893755,3.90029233637481,2.90127837946003,1.89643905052894,2.9941364813443,2.62909886284487,1.55091017564257,2.10289500039855,3.47967090400351,4.77997147915786
3.28119352937213,2.90936768130666,1.54543097743512,3.07867690166561,2.23342972888463,3.888255374079,3.67740700084529,4.02514358330488,2.47358341209477,3.01880359909596
0.884042137812878,1.31865145859232,0.554752712494944,2.96272012678846,2.40495967020414,2.01353507165367,1.20635877681995,1.83494338819966,2.15600129939524,2.33535166514885
0.808013460943799,0.0283065298027576,-1.39828052269201,-0.880065122009539,0.0221776547800076,-1.01808198795251,-1.06329395450022,0.504432548038596,0.731566586297722,-0.114044923465681
1.77731464625901,1.98366992974364,1.64616381272354,2.6123067019359,-0.625127271568851,2.60932724882003,1.37147713970297,2.8625934803939,2.42222608170656,0.926607244726864
-0.391218536561075,2.51750947549753,1.63512704213351,-0.725681018482945,0.336138942098626,0.765960472732019,-1.00092217492307,0.271199319461882,-0.127076617297791,1.36684698706263
-0.266071997222789,-0.139235303006996,2.67544535540495,1.51883069519837,3.16109385020019,0.883991068081692,-0.639667029861569,-0.406187019201861,-0.637642783870023,0.390830202969995
0.308363474946311,0.915524186680809,1.32532959260067,1.8664003871017,1.64117812384229,-0.347917571413605,0.516197392866035,1.21487490326371,1.08584870498001,2.6592741602834
2.35922808330935,2.2929516146955,1.15522908520978,0.807299260939425,-0.0889978926667854,2.74990054172972,1.59526029579561,1.24712417956717,3.28744523878103,2.41448571159367
2.08797949276434,1.4227594178982,0.353209822395985,0.86583953654187,1.20438749830841,1.16300740557677,2.51313008853623,2.64915400948531,1.95115456061467,2.32009516712538
0.287443005136716,0.699120778664865,1.2885600573542,0.831915435188689,2.49534460418682,2.31872144125762,2.46361377576979,1.32232561735087,0.0145869992447731,0.801418954914635
2.05595128865103,1.46443306102512,1.71807250835276,3.22539989070631,1.57318585337985,3.10622301894325,3.27689119225042,2.90985972953532,1.88963766846078,1.28329665617452
2.61447760949497,0.825423656993389,-1.33867158712545,0.0414895361208381,2.8073242634125,0.151358071710817,2.0299579693012,0.82735947221948,1.52973956191627,0.138713194819757
4.80765808628819,4.57565646769991,1.73281814720243,3.31885196221671,2.78733764526524,3.12261051051256,2.48157081270613,2.63013431697982,3.44068489437695,2.63679754013628
1.09544363532148,2.62738869432613,0.79161562231001,-0.267136910783492,1.90419647025861,0.941074939533709,0.284387328416393,1.48759742006843,-0.255169569211236,1.2145190336243
3.10045841889741,1.97633996776191,3.75775418842483,2.79442813124415,1.61512593360776,1.52217099540977,4.38996343901825,4.47366949896234,2.22911775673039,2.75300237219261
2.53062738854312,0.696563389132518,3.2486120609575,1.6359112609863,0.408188351808115,2.38215933437262,2.68784005381552,1.7121134886565,1.91051500101423,1.62412861134743
-0.511841372092597,0.963090048189503,1.89748144757559,1.42473025215271,2.18338391448074,1.13533914986109,1.48336632423099,-0.32841479612568,1.70443643359307,1.90607415509603
1.56805933665271,1.76556381643022,0.832247649749819,2.1020818241119,2.07117847020436,2.22031961731641,2.65098147398371,1.24461665597148,3.69205754717403,1.30834822957036
2.17676704035573,1.44910945481168,2.58140664469682,1.57008636729018,1.08294680220883,1.12274282243317,2.16636096414057,4.74812959263667,1.46604867513106,2.68917335902766
0.293139728328779,1.07453735717528,0.024719554637374,2.04923605991131,-0.671788990263683,1.3339421209313,2.07314225567025,1.56976815743579,0.276632759923719,1.17332610008538
0.620713136286417,2.41827170583287,1.95139753502996,0.81251429668211,0.942871123130148,-0.658744308007413,1.55832320563014,1.93293968972621,0.919018799388582,0.741193351086126
0.744446729715484,2.64432501046274,2.30942686718615,1.68338314662948,3.39835702403384,2.45331997404536,1.84160263430019,3.20471467200066,2.26904403381065,1.75678765285265
0.623909414822858,-0.273802579637058,0.946030722041103,1.26177686919689,0.6418068979618,0.700688832331014,0.945384148442879,1.00380992005486,0.549929648299451,1.79193902320269
1.07750100460817,3.48886305704309,1.36058239194223,3.77629373797279,1.12445038587659,2.12296949214906,2.45997808992017,2.49854211679946,0.660387754550038,4.14280314495419
1.23836676037699,-1.71238214077525,0.245907475771512,-0.47088081177663,-0.217908220700201,1.60842437417448,-1.13302115250376,2.12500273134148,-0.653169395982573,0.148098354669211
1.15324188991655,2.29023382324537,-0.443180673757972,1.47053323162231,0.289434334576148,-0.375335944470389,-0.0831693705278214,2.73173720082014,0.680814511467448,1.22126835487129
-0.721262939211943,-0.509069559559841,1.60176880125105,0.862065072112231,0.0928457204190293,-0.115033522948848,0.710768211048674,2.41473553456776,0.539081182344929,0.92056745064189
0.224558344938367,-0.442512539251795,1.33088257158255,0.444501826514284,2.4192531974706,1.04210186121992,1.8241598402978,1.77262540857787,1.2203731091357,-0.589463272708836
0.216962066448972,-0.056064446500252,2.8171981012744,0.232623281805613,1.23607081447403,0.579329632185088,0.953431970871008,2.03846688208265,1.78883846835144,1.7203009192679
1.79298263033356,1.11248021768364,1.96769200215776,1.71572783647318,0.774244569627443,2.31727589490184,1.46188703009774,2.48442724151096,-0.548422749103146,0.963112602031234
2.48724822764406,-0.801834467402914,1.65057004559448,1.25626962746447,0.465519737723654,2.05865934638311,0.721391010031725,2.66135195489112,0.813495330006721,3.38680145988978
4.18682372678916,2.70666848658175,1.07228474723976,1.85666620789636,2.12009076888455,1.39797115381498,1.34511557757436,1.82250345234848,1.71733910183503,2.19565557850472
2.78103181149363,4.56908811331788,3.56797872464426,1.45617145383663,3.90279972338117,2.15103678756049,1.31499626438087,2.3402645456898,2.58139300080645,4.45779870779723
0.611878192733664,2.1568315525961,1.16485041863124,0.841344209171122,2.69915841211336,0.620665599549767,1.2380350433638,0.655374093569192,2.6151291895787,0.943272197888671
2.12595661491312,0.104433883714499,1.22611576496466,2.11119967089772,1.88047885142711,2.3298647032217,2.02287564437302,0.572602647933492,0.798269397476088,3.13096656026152
0.96921939970617,-0.207898356447184,0.0171699694485978,0.915443221734355,1.13161763958375,0.682760857189399,1.09006854576319,0.941703894475961,1.25741605438726,3.36732121405275
1.4296564481474,2.96176016139015,2.62300612892195,2.47986188327679,2.82187103874563,2.15661540529954,0.88667266156654,1.26986217342853,-0.844554656497105,1.64438266680056
0.43350864225131,-0.602877218831585,0.328216805505082,-1.47718017586612,-0.111017339003508,-0.635389339367113,2.85037668905002,-0.671989705958566,-0.636135307823004,0.104357783306572
0.775972460089512,0.877367163665791,3.65153123506409,2.33169994297275,0.518066770376032,1.932991700626,1.63890236257591,1.50333896651936,0.129858922401495,2.50502876145053
0.67925442285291,0.216326535914583,3.10223457144718,1.84291386090649,0.915408492119875,1.61888995786473,2.00007119143899,2.76155756357071,3.52238155190668,-0.621078642446121
2.01830658023676,3.46114226375439,4.00581207878411,3.69349813119085,1.27855901574488,2.29538170630083,2.39884159714242,3.84581185131283,4.30697240406555,5.71691709331339
3.2212693716025,2.16397498935703,2.90535640128423,3.54555501798633,4.01115050231774,4.47073984782154,1.9848657189162,3.33385285230808,-0.207548097782653,1.61323771828802
2.50074531178819,2.20051002210305,1.19330624301366,0.817086720759958,2.28127552805599,1.27908140316657,2.87178611837828,0.228518666122093,0.156187668689241,0.122304173332798
1.95880330248193,0.736901413753715,2.68103729030086,1.97275155111268,0.937937880445814,2.85238150542589,2.51846261862717,2.8419355350942,2.24810417608911,2.63220410062671
0.556118004987159,-2.20932470038019,0.725515881100109,-0.269551589298695,-0.272401887714735,-1.72696872266825,1.47723754051931,-0.565958027035745,0.437265826626283,-0.250627981838319
-1.20337200445379,1.20821647508293,0.787172792122733,1.4934359724149,-0.280140576597633,1.73632814229693,0.234567866446254,-0.462694495129113,1.00806060088893,1.74736638526316
1.07400138223665,-1.21511309790695,0.0294829627344312,0.0608911449436235,-0.549617422326049,0.998644652629376,0.322425026301814,-0.279505754266508,1.07634205296661,0.286214737425578
-0.010884480168063,1.60252450540318,2.17975220980322,1.51046144165842,0.907280824949333,2.27190294756239,0.894741620525438,2.44119534025715,-0.0451757937349946,0.981294956514314
2.66724700440881,1.79929743540323,3.34883716952576,1.57730616835345,1.78205023527883,1.96876462016642,0.632941382027336,1.76029801112801,2.90142959964761,0.440165901844056
2.10841872865125,2.92123275568277,2.61257190936318,2.49362479080276,2.04755895123072,3.1913785155938,2.91987665281062,1.47927425747431,4.23019312646212,3.25680302486881
1.7870999951499,2.93680029138365,2.2911870512928,2.76059495565034,3.13114590974555,2.92737517647877,2.46285001393347,1.12501855843812,2.95223742056605,2.70706309470867
-0.163543581970348,1.3645291030366,2.00232996925692,1.03969933403182,-0.152507935209741,1.58285982363474,0.199043081570946,0.855724635159892,1.11922723097003,0.840490385489126
1.07620666300943,-0.116968991126964,-2.20713949594867,0.0791446826894182,0.343378274549306,-0.0108292911322461,1.00787970541257,-1.85138526672669,2.11565202471689,0.504802625588528
2.75802878074984,0.65190452708145,2.01997302370135,0.567877376570928,1.07963424647032,0.253150641670203,1.01440028459932,-0.173314085414222,2.30733464125074,2.58653915017838
1.98353788455013,1.95196276074655,3.720048804069,3.75585960563765,3.51039910085634,2.84142094541388,4.31010864405833,2.31832046745163,3.1996356491315,3.59355496792717
1.98806809938818,1.49872003346242,2.38058864031168,2.8628471481933,0.881599796571424,3.78186080187937,0.946600081420129,3.73393483048307,1.39732226387138,0.771761550021762
-0.470082138647145,2.85655430015995,1.27871996274139,2.1200018518045,1.75163373625929,0.119909144003109,0.974642147198008,1.88323076641617,2.02411157302939,1.57940554026687
-1.08572620878693,-1.21057568546372,-1.93210111603976,-1.52247727782835,0.449255471016627,-0.205796061237547,0.107840132543485,-1.45829469912532,0.899743600007912,-1.0543297019695
0.489124643101942,1.12554395203635,0.66325659139084,2.68937672780903,1.27867697849231,2.17060383318445,2.31071503840926,0.924190209337336,1.8293878083476,2.72879756430376
0.846665156560101,2.4205859885191,3.45898674366997,1.79490132858298,1.4430335065202,1.97362591030658,0.782745627359912,2.77147108153515,0.814675472604705,2.58240173663325
3.27659871762595,3.76855635412384,1.1747414553715,3.85770399757923,2.67218546758825,2.53983106524103,0.77786793693588,1.30329706697239,1.95186086376369,0.904396654142295
1.20451893150757,0.633355491070205,2.07345648888202,-0.344384971803747,1.15820974483392,1.06689567666485,1.54102161455713,0.316092315353653,0.709446518096447,1.50114295046578
2.39635784052563,2.0347148732387,3.15485940570382,3.57181263768434,2.52360767995787,2.55864167057788,3.66618857343088,2.79963024409207,3.86023366541662,2.07824554245769
2.11475835139385,3.02531641320535,1.71657561745325,3.11620703243765,3.70689468308354,1.88432305016388,1.63833651975598,1.15383219464279,1.74391601776998,0.953422888044183
1.00374287174574,0.502845170170709,3.40074051974674,2.55723432374421,-0.0175539654329957,1.7692756490081,1.68164008786581,1.56049859040587,1.35908478095557,0.896194831507006
-0.877487720966429,-0.27716469125879,-1.02803631946572,-0.307339870375425,-1.26848887619635,0.908208649738151,-0.0409963740245265,0.313390786869299,0.831559913693078,-0.23514473148582
1.74875344862699,-0.502695151066349,1.93351942461677,2.74760182491755,1.28390864400537,1.78934313394599,2.10846881539883,0.979232865713905,0.773584041829937,0.950124449656347
3.67408068920398,2.17521247956893,4.53850458850981,2.83109832271605,3.59306073578323,1.63292929507458,3.03503527815562,4.49344796185752,3.65035168733462,3.67799974551462
2.21533919942072,0.976285748832698,-0.118679009287875,0.960539771183473,3.17413835614154,1.29234110475681,0.41900440313112,1.39585134502747,2.78002272535579,1.0632185028917
1.89224937389734,3.52532571977183,1.77224257136141,3.47125415089126,2.21740154115396,1.26684335071112,2.67573967049187,3.18627872366693,2.30635527978876,1.06957784647202
1.86911466900655,3.28655527428909,1.01512244614075,1.76072146219858,2.01046062748949,1.21212573233497,3.05954213618472,2.66356947794371,2.76649016459351,1.66007347902357
1.441385556988,1.34828457744558,1.0476354524769,3.95999532032378,2.1450761227993,3.11033497251365,0.637619095483511,1.42866824509156,0.582461628177408,0.940930829784574
1.87297327336663,2.0143308435943,0.240977101381829,1.50156009431852,2.29931935099966,1.1772652109718,1.7572460494347,0.508381543708431,2.57937712970132,0.737139131505539
2.58007683741443,3.07453340271894,2.0878394373089,1.00380512608482,0.733630974000638,1.58477469876562,0.755259107862283,1.56204463895684,1.13825415971862,0.247962544362345
-0.269352584301718,-0.93483210448779,1.55303569605988,0.212032270552422,-0.310834297176831,-0.106989011487686,-0.411046664495269,0.842295117165961,-1.31960761577477,-1.35788287642265
-0.90094165749098,1.526673593598,-0.56172733505034,0.00359476154411542,1.30221137737307,0.997691690404969,0.586120375747026,-0.334455712845755,-0.295181202830605,1.36988545915925
2.95216190276308,4.94217131278195,5.68830416728702,3.80581249011528,2.64089991267607,1.7814808411226,0.764477994282656,0.284848559440364,2.94752598088666,2.76105954385092
0.811610352489108,0.31626976608206,1.10589526182036,1.52359084377459,2.20989370724357,-0.263497857815018,1.26192906962871,1.24905476311341,1.03474358923529,1.74524049886142
2.4818103941722,4.82665819048679,1.69306338061722,1.66693497910874,5.39534383191269,3.10377858836072,2.25626622612018,4.37908099520209,1.74012881135818,2.5328438634045
-0.373360059950303,1.56176323029461,-0.0323418017088508,0.919485131352865,0.299248566486567,1.90409321321981,1.0358414636778,-0.933907230188204,2.22654121997613,0.692200291869012
0.269498251283924,0.737348256697246,2.56373492351793,0.0777353769263984,1.8717226432811,0.851147300544508,2.009021726039,1.67380471047433,1.37565234659275,0.787990593199356
2.44699318344359,-0.529456769218382,2.77501863029451,1.83256029426812,2.03560994052908,3.31840541007322,3.64311779457353,-0.747917490247888,2.92148023939328,3.15174416327964
0.579189339656267,0.750691901276855,-1.72184708582907,0.649208747391907,-0.175459573815342,0.404766833939513,-0.0529721933422444,0.45695216943444,-2.10788863774295,-0.795517194941087
2.47773088782286,4.29912638388473,2.98598177389066,2.67926192472749,0.690991184397534,3.48305001754535,3.2261036204935,3.88489552363905,3.87375135434411,2.98830767923032
0.0226617708303037,0.24320534827557,0.819931054824559,0.830692632761038,1.12630435767032,1.93225820405894,0.140058032041642,1.36915600543693,1.53539562655597,0.632852614342892
-0.913473122541257,-0.0132688108941903,-0.883622517033821,0.607308267336101,0.295938945423421,0.417472283120186,0.656621341004671,-0.563252917840389,0.646523597516827,1.29185149695589
1.14231358021196,2.67608552874541,3.32453632880313,3.97781324960914,3.75993489174283,2.45689925049586,1.71937149126175,2.04799233247301,2.4815423796496,3.08415520850168
-0.413776319469162,1.47471571627083,1.41508357888198,-2.64229861857261,0.473897169291649,1.8056032959573,0.322255412301927,-1.52364348911981,-0.580232583923165,1.11991144681175
3.15677356549833,2.22666336255346,0.294531270494524,2.03714682760507,1.94930522800001,1.36180334762688,2.43040729614304,1.74170666780003,1.19496340038807,2.18424697758609
0.578948066472425,-1.410841269015,1.96797344061829,2.04327340030073,-0.154195886922523,-0.0107512082689241,0.344572970428404,0.992399393331816,1.47069707181333,1.25572039896797
0.952686317497835,0.969268809894791,2.87067800693298,2.48435116830332,-0.905440031959457,-0.940957201851174,0.940255384870478,0.327199888412622,1.23383200190624,2.03646902603602
-0.0226617436182315,1.0859790148815,1.87089477421749,1.32161365000134,0.533019306136419,3.48519570128805,1.38932933874631,2.63657849288647,0.870907761276807,1.48019197385274
1.24450267760816,3.50967184688569,3.45505253921021,1.89504021590504,1.25099169642643,-0.86189744429478,2.57571762888535,3.06944071769891,2.07637207449104,2.69911388433153
0.368145640780533,-0.410235327157737,0.661236734356481,3.71465851771435,2.62599676604342,1.97241589421573,1.86785378908274,1.27404415652968,1.65151098970094,0.611033467003045
0.48599002997064,2.10377201693226,0.142650627475895,1.59071338113307,0.425480726389599,2.04887527693566,-0.430354502458175,0.942946462172478,1.76763669069353,0.664534209911394
2.51747731500029,4.83389363175578,1.85264464173479,3.13742773295973,3.48134550256438,4.32912029517288,1.46779506949656,4.54554292763385,2.52290070159148,3.04732245561052
2.24229569449484,2.91501905582769,2.68006146216273,2.45983874448425,2.10701352108538,-0.902454920880073,-0.156923600116842,2.19644612303067,2.62104879260578,1.36832401766003
0.68906352528416,-0.163241700938646,0.896810375842276,-0.596817457372445,0.876181466807444,1.37527101542615,0.13537235276942,-1.30987736720251,0.264387814915569,-0.793242405086535
0.0906773789158862,-0.132277016794174,0.465109032240927,-0.941784120927289,1.50243445340641,1.32535145500857,0.757847894106578,3.74412091512659,1.92656631439094,2.26343403163135
1.45558572037083,3.83046662054445,1.55901027342546,1.93228183948175,1.1870432422912,1.78874860392547,1.72626286595614,1.25392253516067,1.3884351629879,2.59004880857535
-0.291019999327835,1.36107602944992,-0.0463780954058062,2.04471262221032,0.962195472750245,3.18758346702781,1.98956126899177,-0.734202195328247,-1.16007886788066,0.0255903208750757
1.15991434637426,-0.545827541951163,-0.56382586780196,0.61619849958179,0.815752466840225,-0.154093880954447,1.14109890475652,0.611399782169331,0.530526028986551,1.6059045731296
5.79596525141599,3.50867886724677,3.12035507832955,3.0603055935375,4.0049925696834,3.58481427691207,2.54510197184862,2.91583221877547,2.88404252011017,3.35889984300462
0.27055501831459,2.86733827094976,2.16241233844629,1.52211533864676,2.26999415897983,3.20217152366285,2.41847524084789,1.04163973509371,1.81264118072883,3.15293136004276
-0.237563581541756,-0.0297015053062395,1.20314571686023,-1.25700360813953,1.05565345363308,-0.756384435265157,0.0818062977736821,1.22202315714403,3.67891888547505,0.39165229682587
2.12987559894562,2.06149186362902,3.49373826534307,1.93440485634505,0.505303668278115,1.31187691196383,2.86027787045842,1.67224874375871,1.77960694154859,2.80788163272127
1.14424349076439,1.20677898082887,1.16936675615449,0.287284040011384,1.82703742376181,2.21555014317681,1.42671024341291,0.878822632664215,-0.971699694720958,-1.52201273515432
3.61200224669757,3.47997273905585,2.36636481591584,0.906770020237377,1.54123234431798,1.20158794368814,3.37969153535708,2.86600145437791,2.98665112005328,2.92970570928047
0.729134867004529,1.06171842802371,-0.424951950377827,1.69028928241524,1.17789883918858,1.4645880779818,3.11369134310108,1.32269854196187,2.74452940944224,2.05575193851384
1.8320247870145,1.71353025308924,2.07337384006773,0.213165695908853,1.62082818170134,1.56354634474554,2.55395023912111,2.39231829343764,2.7261956981734,1.95969983286829
2.62695679215393,3.67840560731108,2.75211409326183,3.97985132751812,3.26847492915053,1.68263599765726,2.14566624420884,2.91302400787405,1.9648431926162,5.38943570321802
3.71989652992686,3.29803623774403,3.51613846742202,2.94944475692013,3.65223813257421,1.21873086133954,1.49296775915177,2.69466650980698,3.34062818057119,4.11329701129541
1.52194427718285,2.41758771601333,2.07458083351191,2.35749176733157,1.86581589090629,0.723395094306137,1.81927342159074,3.1158576496459,1.99619775553765,2.68852080506856
0.717681968303511,3.36247939813625,3.12915947747808,3.49024960349943,2.4656395760327,2.10377184740179,1.55254844218709,2.15215067732139,2.87540517262153,3.79738066550605
0.872197027629909,2.83564244959028,1.84781710300423,2.18838240299883,-0.134221927610831,0.743542131244321,0.191082218574127,2.1838248190981,-0.415945880275983,2.87735258042794
1.27973875793176,2.54272478461075,1.11165060778938,0.725961595838449,-0.629730346497088,2.01851566627338,3.49194013315886,1.30130551514212,0.847843083076462,0.20621717467834
1.30596019432324,1.52757869834052,3.587883876003,2.94629435094828,2.04150415994409,2.95782461657575,2.40680958297208,2.88151276471259,2.48204009314732,1.8196820726185
0.806331347759447,0.986461589217343,3.35656723194182,1.71534071457001,-0.633727594021722,-0.923636927529204,1.49118435707729,1.05889486791524,2.57913499094102,0.508523036686635
-0.560890815267202,1.18779059381009,2.00849996133108,0.528717273766102,0.61921038569834,0.646189870399148,2.61363675766161,0.153052084370828,2.49460127960314,0.325463964071954
-1.28572387593664,0.561800294232896,-0.193843503436201,0.29991884101027,-0.0281862239525267,0.0663071335365006,-0.12465074810163,-1.78886701293836,-0.191957072403933,0.327549575201364
0.273342613456888,0.940726831631238,0.00534829622993249,0.756928215920502,2.46839349876953,3.28919356626174,1.62559769864658,0.157538025831925,2.95741221504067,1.3811630533594
0.87730459390939,-0.630602805518967,0.700133315308939,0.109621042912824,0.17328472139296,0.363919117192206,0.842061647119271,0.0608137337957314,0.268836139080415,0.464874706656137
1.39189299527431,1.70257095623276,1.30872904567362,2.30795838214118,3.3360167912289,2.11784064778507,3.56496502317655,0.927420696744822,-0.78678196575675,1.74130418123304
1.64005024187747,1.4267336907747,2.31264561580363,3.44452260918008,2.42910657695028,2.51376030293484,2.88571919823683,2.13947040984838,2.30934376835879,1.67739491444162
2.40337541837826,1.28502261200005,0.925009016530016,1.46861654533967,0.823261612197359,0.94117758995303,-0.805778872872772,1.01739708729894,1.73195565520771,-0.245459192445079
2.41142468938003,0.879594637891676,1.69173196981259,2.09614741186297,3.242519385571,2.01129391025013,1.6706293320262,2.26735803716509,2.35393234935592,3.05018742170223
-0.687994433189579,-1.06116709476772,-0.66651585289223,0.433498718852879,0.919594302081711,2.25402221809544,-0.196831770572301,-0.710802447332335,2.43605870696956,0.997767937368195
2.47814411242208,-0.138060943482503,0.544714934875034,0.794138587732268,0.359416637902751,1.24271678211503,1.76040150988455,2.24063252121626,3.03820406341854,0.97399198754167
0.839592807182276,0.802281238040959,1.98798166149355,1.30040105826452,2.81352123196885,1.12661646132956,0.490789703374714,3.14505484572021,0.932869310902314,3.97443853528241
0.398451554203314,0.633865329611352,0.514465645631971,0.302933821682749,1.67864566832778,0.449208276547892,0.995148972485411,0.680747224429957,-0.462437684244963,0.257175952728028
1.58937005514329,-1.64349051667627,0.909463201235795,0.866652375292968,1.99857631495669,0.891689271491466,1.39981784287147,0.331267536875655,1.74535558466481,0.390135439149697
-0.106599793523434,-0.146715703849326,0.244945614500798,-0.425961003565766,0.224256909366512,0.734000615327397,0.371063890127931,-0.197584288605037,-1.13722298009192,1.70351143686429
0.700850226128808,1.14669347646086,4.07783900019782,0.918067597890877,0.547067172666377,0.124275014013951,1.5075880326017,-0.0292321816607433,0.806468164390937,1.93501819630628
3.52294083635875,2.97208216643303,2.16080619065182,4.08429744507988,3.56677842249767,3.79344450985433,3.30446100227021,4.61537609332546,2.33333703912356,4.19249095906644
3.39912301180715,2.02367660885566,2.46339042062025,1.29795350894371,3.34552714340379,2.21535235382123,2.68356308830825,2.46820540913815,2.9047341729318,2.97328440350113
-0.260834105300055,1.91958142090242,3.02447150694896,0.325330653629517,0.753742713821089,-0.732755885183408,2.3815777514704,1.49435562426357,1.61611457550406,2.37083541654435
1.38820064383063,1.04615910119892,0.230429536371809,2.20251013773134,1.56419935048789,-0.204205829517694,2.07858833843189,2.24665259722724,0.789441437196105,0.279128329779059
2.21075393442753,0.417824591451933,2.45861687771334,1.10470943798862,0.441964814921875,2.00790235300893,1.84670013365363,1.81166024011919,1.99690619511141,-0.3524639035129
0.0860504972127693,1.60477418368727,1.42768210499669,1.15440855011754,1.75010751488642,4.3680081305407,-1.26357862341272,-0.0713890367922305,0.110296807928486,0.0141067188329941
0.0459280303740617,1.02564832223089,2.31669301139679,0.88341496442386,1.22717915630811,1.89656491234332,0.139393349746355,2.97982216508832,3.42710647986013,1.99187555903019
0.757977727111915,-0.704212279223238,-0.474979749975565,0.960848271598854,0.519707776347891,0.867465659656636,1.23345540230718,-0.428580690503782,1.77724430968029,0.362851478105174
1.46917006279062,2.71585439301961,2.60032160044589,1.44099947272824,0.708122011352366,1.50737595640473,3.38866898990896,1.46566783117518,1.35512983056207,2.25845672867209
2.00450530358124,1.07959952668517,-0.186139456404419,1.36306958113327,2.38040665621383,1.70869053719826,-0.303174742320707,0.396614642671681,1.41515351573668,1.80554050911149
3.2464026122899,2.82566199105544,-0.138056805130524,2.26849328468524,0.679612161056658,3.23001782295011,0.590290876403227,1.39046841604269,1.24249627606993,2.61125797804661
3.45455409667945,2.24147585011778,2.4620599640659,2.07822820027572,1.78315607371533,1.44916279046716,3.08331564007679,1.53356258609013,2.09055853925062,0.539588924679139
1.45648238527435,3.57126218059697,3.88905167634987,1.32504041353117,2.09730426096419,2.6128456203637,0.283621008855538,1.7445897141564,3.45243162622093,3.35040962812116
2.33060574047358,1.76556765269041,1.12970744288938,3.01153955777259,1.24867983503942,0.863606716444302,2.89637074675321,2.85865031830075,2.28729384632951,2.11920666201397
0.890449052833483,1.26150513419432,1.49473169238652,1.44042879298694,0.297445447133019,2.0446465761674,0.285816382034903,0.519734235910058,0.770534442825856,0.401047078870777
0.170590049279864,4.09232623395025,1.77472646323599,3.00569815516337,3.72619111268606,2.1838178942624,0.930295429077736,3.19703083864921,0.879087267196616,1.31111653669071
2.3941770532814,2.8772540736787,3.59177036477624,2.68504588137444,3.34147132385554,1.33923713476067,3.50479437982079,2.976876865918,1.01588506081736,2.40638350712328
1.05399756534747,0.720329121494447,0.21258784717666,2.04109910315724,0.693886318704241,1.25310991394894,1.27849670781719,2.43187981336896,2.11094211403919,0.635908004299389
2.50658814197782,-0.440614673047482,1.03903353109225,2.22969625436141,0.203899150077802,0.809613156466294,2.07079316281718,0.719197648321317,1.35774396348333,0.63643380179285
2.01234093010324,0.801402263703654,0.261483927718824,0.461322143560809,1.42069680151074,-0.825050235792445,2.15559456442262,-0.764250179955648,0.617512258230082,-0.604553991206413
3.07021574068323,3.66709910723597,2.80978659911701,3.37339631178927,4.14344462573952,2.19086184955402,0.983582270066998,2.63657311516474,1.48374399601297,4.2480202059958
2.83199865112057,1.37790797160405,1.58871273250661,-0.252107621012462,0.963152332308053,1.02072700972761,0.179773876735076,1.480716460139,1.40431104421852,-0.722257635728603
2.58490099944712,1.77924420379046,2.48172436116476,2.92672168835588,4.07504708702688,2.24905873852744,4.26515063824038,3.53354460337926,3.86287702654021,1.68719376527264
0.58692018331753,2.26346920507355,1.80105752415422,1.62170935705375,2.13282927260135,2.35491594159338,1.55578741348673,0.919129491930508,-0.59533638046025,3.33408235002832
2.51169499122925,3.36033794634372,2.80146591776429,3.38686613826319,3.54603213909282,2.76212942121168,4.38323332345663,2.36213004093119,3.86022926233591,4.01291687424424
2.6881783669546,4.15546003387666,3.10894385210519,3.64309889098817,1.90223903322374,0.841536192082116,3.24758502178019,1.29136888680459,3.0183933754039,3.74388142893948
0.864348104566191,2.29475959577444,1.61776247327271,2.28654263856705,2.8311375966427,0.341209428946706,2.11106003910389,3.69756602779582,2.18604685734821,1.08445169170762
2.94936648348282,0.681717476459296,0.389393189590216,2.6657353953479,2.46370819505525,1.50265708751915,1.26344356861551,3.51687576378146,1.27897958836415,0.811315453337341
1.73334515388253,1.78749417501623,3.07448436219964,1.12983918925991,2.52047872339028,3.65995951713861,2.58024227874224,1.29382729092298,3.06717640533305,0.429892637709956
-0.0185276463187882,0.892121353292477,-0.0430198001372617,1.78790889549759,0.0232756589374424,-0.219767431020804,0.572041223244821,0.94787450806673,1.29071413963746,1.65249437966416
-0.119244171551474,2.29973743759811,1.07243226032259,1.1633853306698,2.4868553295069,0.989812977069447,2.24779910840219,3.61352271706934,1.57895042515812,0.657811547972125
2.65107629812532,1.72014732087686,2.63221446974104,1.85476572226712,2.896486129605,2.78611706344246,1.98166869870173,2.28872065343884,3.62927393807792,2.38309274854711
1.9068940457141,0.309882943316396,-0.00714496266165621,0.130171863063495,0.554491536920861,2.20857627290827,0.830113418844352,0.546093903946213,-0.209353466092818,0.450911115595084
1.81981162157095,-1.51449160471758,1.0109137454447,0.308035302972701,0.224649407855821,-1.35258321707572,-0.550261359864252,1.75864668362625,1.1342288161343,2.88262347945665
1.42170020856456,3.36259332911697,-0.627049946885797,1.70747460988541,0.0683934766422283,1.90604294205617,-0.128468837606619,2.00287205868103,2.25438096063055,2.3315588389318
2.69866292632988,2.04811899878756,1.56433221694839,3.22937643978547,-0.0579543605787349,2.53794048081745,1.99057191243141,1.0828919215589,1.79100497546787,2.19325844372154
1.31145795985687,0.613460377041344,0.6863365332258,0.804806360439999,3.13995160213086,1.5810312716079,0.267004889756963,1.31333568324687,1.60470757974786,2.16438528194968
-1.81100620603706,-0.0621384502132811,-0.443590316039576,-0.465225915311581,-0.1196999539291,-0.324232199274636,0.60747146157919,1.07121730511676,0.231161608066821,1.10799829739136
0.815387352788608,2.58388175525717,1.17998378443275,0.934280945628164,0.641684958937794,0.359396298193314,1.57292049784429,0.605894038083601,1.32436978172941,0.750490456279165
3.69324483871741,3.48657582517809,2.38561621855887,3.41411023016777,2.71323013690031,3.91395925675608,3.51745079844478,3.22968769893754,4.69158888158834,4.09441821372916
0.0942993360636541,0.804047218748517,3.98777407673625,-0.503347211825346,3.27352166534884,0.481728024495914,1.50044828675818,-0.0664944200973594,1.15959653777681,1.23758578624469
-1.05688444274854,0.82865956915917,0.807761710020899,-1.42418988090682,-0.0157082262551346,-1.71110535606562,0.444397470576164,0.242096134202395,1.25358706385522,-0.904154123627501
0.72819564350316,-1.03900276742226,1.20406972040794,0.220666709175117,-1.25216325575833,0.822030302306187,-0.630743928926705,0.57149888472031,0.550289712642791,-2.07645584238962
4.0063067228608,4.19615183819318,2.75464763955071,2.76795673206448,4.10107116863747,4.01220648715654,1.23351987213212,1.77605041612104,2.03472458921597,2.84974390753632
1.23060030979248,2.18467932544088,1.50899544659529,0.212648038608974,-0.405846695079033,0.112343496852841,0.912834178019251,1.94661211185083,1.72089708362467,2.25265747931654
3.15240927923134,1.96915062055224,1.11650946340925,0.182905853821283,1.99497592403044,1.4434723602579,-0.0264022244976065,0.838486968896953,1.81673790217745,1.12674075120443
2.55144576839635,2.3202073090595,3.06176631764266,3.52873981253475,4.76955481671181,3.29611602848488,2.00558078474529,0.112728438791027,2.74616666917646,4.27445710991459
0.106488182580649,1.22637871388441,-2.15956726152327,-0.15062295649673,1.12836757521143,0.930708096848703,-0.955567240854366,-1.24161217176632,-0.215145290769486,-0.198296466635511
1.73930425849112,2.85965354603227,0.617945542783573,2.08264682088265,0.547190428412559,2.06021385614522,2.72194927641664,2.67918418012439,2.31144826548863,1.92310350503648
0.0758563257567709,0.0763781330987008,-0.693518511154524,-0.126166458713389,-0.0714924323891693,1.51817722020462,-0.328759979930821,-0.70213734487028,-0.466766496035568,-0.334191950748959
2.89560660227834,2.10870164374844,1.89031490055466,1.43631496495163,0.622192593575621,1.22189721415795,2.08820223392129,1.6363807526451,0.801725831045645,1.05241616167379
-0.189979247892829,1.72849809804749,0.173487235907757,-0.709750769048603,-0.517238726376907,-1.34127371771944,0.0615865008741585,0.13192215058627,-1.41445525112656,-0.2077615154572
1.68592095341042,-0.517124400313593,1.34903176373746,0.91160569525762,3.60009247796761,0.293238621537992,1.55775308074277,1.47453255122399,2.42108285404324,0.837955302496798
1.28394012756366,1.98662609724687,0.868542081694235,2.66979994843176,1.17157325238814,1.56271698798732,2.29341930522912,1.07401950899918,3.53941952812736,2.7480160792388
0.763840493422349,0.569724406364852,-0.651177938942259,-0.373843777596064,0.607308116941693,0.901403781188218,1.2074537612655,0.974672696661614,0.256868990990016,2.19415022643068
1.77432064138307,2.186569347712,2.2848786105963,2.57342664687591,0.859746089772039,2.7930008075375,3.23694758242603,1.3982780920995,0.921350218871649,1.31994625708152
-1.6985797834825,-1.19032598048231,0.911945240651603,-0.706732080371839,-0.377709424370614,3.10841339720943,-0.841923501489669,0.425007919307349,0.903971554671738,-0.970669521842544
2.09410347389984,2.03229444363291,1.88033811696666,3.98536570126651,0.513859332516428,-1.48217374262084,-0.248592559391051,0.766264802332768,2.64688640417894,0.39838810737909
0.404961681348427,2.09475386206615,1.67092940993047,1.96940784467194,1.16268064597511,1.77572752242757,3.01232063588958,0.621003290638062,1.51188565151044,0.0635760118593138
1.05144432664309,4.25141621132078,4.07343061399004,4.21578972270909,1.7890691258227,3.23024853585595,1.50624384411443,3.46606209554892,1.62890159001216,3.47442445454463
-0.95194056634059,0.694404746476898,1.53373285252999,0.499579969679004,-0.409175506770255,1.14776962162584,-1.33488169883931,-0.295341385413421,0.738565573087788,0.161976656317837
0.938844195556091,3.99407214123445,1.53569626400082,1.7882699178583,4.47546739754066,3.05531747149733,2.66169124165467,0.834066911397799,1.51402638975039,2.3679986416964
1.16320785380723,-0.0774688855058555,-0.0318479469133084,1.75095642016805,-1.02675796692278,-1.17725831787997,0.707815223387302,0.589016428449439,0.562316253829762,0.48020713157607
2.97838854070352,1.8732630310821,5.09959902371929,3.63611191536781,3.7372464886687,1.93668578046977,4.04344311825567,2.08695980962641,3.56043597755359,1.95077906316588
4.75392261702274,3.50559486158052,2.69491982019789,3.32355081394233,2.02009306534227,2.33960904349062,4.34666932555696,3.14627559023565,2.9374457482225,4.04257968236315
1.63718642302266,3.41504104326784,0.268314020790629,2.73346258125677,0.0311540172282478,1.98875161437405,1.7870307469411,1.8112234450605,1.50040670283751,2.8063692278115
1.06641982434785,1.53564327786223,1.56282470529865,1.93136379969572,0.325016122578727,1.3012695199636,1.6005501650638,1.81346460188259,2.49611991091289,1.57865203759388
4.45101976322111,1.72245138105793,3.51302708125018,3.62211560436255,2.55466929233293,1.15040005028659,3.37723916297047,1.60487921748225,4.48398150633478,3.31732751288057
1.29399421230785,0.821558142838802,1.50628182678862,0.741436326853157,1.62114351431729,0.992584382899938,2.08737502076607,0.507243207359588,1.09664968579526,1.0794275753462
2.64707633699902,0.847800686134217,1.79761283889468,1.79542387657011,4.24027835976835,1.19113116366829,0.242880213075056,-0.0353156708057658,2.49575652505961,1.73965907878222
0.816898542288879,0.351746687851414,2.35079795258813,1.12504963575418,1.35482403375187,1.52384774582748,1.89040945859915,1.37396882122858,0.606621696395513,-0.805532784787177
1.34312848104372,2.55203200490081,0.400081209752009,2.31623706794389,1.4889052429782,2.12555763650802,2.08054865088196,1.05975846953601,0.860351233343657,2.03308610352116
0.384268152986115,1.81207614120344,1.3770749472313,4.0825144396826,4.8956873523097,0.909246043727952,1.72400874429036,1.47337815383967,2.45062863849044,0.98296121317283
1.91630732670264,0.294318678742398,3.34592435431149,2.50805279044378,2.13531000792783,0.159506658642818,3.18319990142982,0.373620764944984,2.9219972420356,2.43556069184833
2.48834973192912,0.565135555061121,0.717257609361816,2.3996560716706,1.33653793417079,0.85320891149614,0.318885537916603,3.79123758464827,0.479382832217036,0.535429934770342
1.4823773029931,1.43166355814758,1.4809076343757,2.12092080859525,2.41187957912571,1.82188927902126,1.14436015082906,0.572346167417152,1.88864883561331,0.558953337865983
0.785764785911505,0.126878652007119,1.80701048365798,1.31141972244302,-0.588437118539289,0.418300128425803,0.172050926770085,1.59171281944591,3.13088632511419,1.24383715210678
-0.0800816288076001,1.41797316008233,-0.0485460702715412,1.51765073437781,0.506042146629095,0.788999309632548,0.427552403211809,2.39800360374911,2.25004123267819,1.67320118617502
2.35322293222481,2.62619431665324,1.99569411527337,1.56194594940606,0.826812852677633,1.95777052356299,2.31476431000161,3.44199509083084,1.37170190601753,1.7413496730382
2.45109719297546,1.70240616777159,0.305263997272504,1.80175136430423,3.70379058246627,0.439840193319653,0.71209133174124,1.25521430894095,2.51168546848608,-0.145023493413147
2.7391503949076,0.327849066267133,0.877451745414567,1.63582904751433,0.700108299777571,2.07894549130434,0.634381486860078,0.302338084322877,1.25422273645754,1.65768074576135
1.43709171566962,1.95995277125666,4.03347479833874,2.69686171086178,2.36462030165388,2.28332471766888,2.07142738525939,1.94210843587252,2.44123916811539,2.59413842872575
0.876020680338438,2.52431089856215,3.57339816285149,0.448978068958867,1.58043034198634,2.68356136083074,1.35917131695812,1.9856183316706,3.25261439749949,1.6118292564419
1.90670206344942,2.59646179982386,2.82366708110382,1.60559486831177,1.93291232697424,2.6113695927526,1.11484588688589,2.89856978663343,1.88568410173768,-0.518624680082965
0.135819898428404,1.33773268153678,2.8259795289875,1.17341505075849,1.24903869123107,-0.545088834214094,1.43946735130575,1.18801116507886,1.31688862679726,1.13656207193904
0.442335487107459,-1.15370867266166,1.31033760459444,1.58610212387453,-0.211897069379405,1.39162980940325,0.706266571647067,0.895450331501213,0.719172878378221,0.923067309956427
0.873471095986149,-0.192857430547898,-0.144039036311198,0.58111082433359,1.43129001110837,-0.250006098680196,1.30369148383134,-0.139698867980635,0.987703592639276,1.46710782555719
1.22763343725308,0.0419433732619,1.87936809749332,-0.325940405110554,-0.296704748718108,-1.17123093481857,0.405170104904391,0.149936182713716,-0.792408202676373,0.373716429544873
0.810843580969386,1.49992028000283,0.715570118438106,2.30465215487549,1.13746900360728,1.69073653457583,0.497369058656428,1.03105638572238,1.59608480073063,0.218945698335042
0.571861495177591,1.71712014377914,0.28185239744435,2.00268590305935,-0.0209381488837743,2.130959550892,2.05806457495091,0.37706044614531,0.121250913745813,0.448349790268413
1.31419733565605,2.7176059962782,2.57975820545106,2.79009488206924,2.97862447981976,1.67347772013818,1.06408760288164,-0.0583610845188671,0.947580032758494,2.90594511546097
0.36086309713867,2.92139216793592,2.04921332273398,3.59206421981545,1.97370673657764,0.839210952506635,1.5851424787541,0.805953847883439,1.40306404421692,1.78960623112004
3.95834807952994,2.31000378685429,1.43654074700402,1.22264321307746,2.98060355245012,1.76303582887575,1.9619681151344,3.97111603516947,2.34123923929358,1.94351340042316
3.73960721212074,0.292189676884109,2.52536431969171,2.05801595130693,1.10955538082714,3.30783926134212,1.31949943524609,0.649621650701342,0.297210062053789,1.23818819636926
1.38114762103785,2.66700174683681,3.48862203008167,3.0595077783061,2.1602456332622,5.37156102504586,3.50835006859964,1.58789493935281,2.14885378585427,1.9029247229561
2.27919201551335,2.82476049072585,2.6749448714088,2.15585122363084,1.26101319539235,2.55072808327655,2.28404729563192,0.84600420196195,0.458760758023673,1.3263128521967
-1.44376104582121,-0.435858393732296,0.53869657937299,0.279153524477982,1.52403651562124,-0.0156807255310533,0.243695095909029,-0.450492109508663,1.95876881157105,-0.173151299850122
1.70313904772147,1.87717337302591,1.13701521110086,1.70693205810098,0.594617985707474,0.801820405052267,1.00401845328833,0.297015550328699,0.924322868945307,1.2074975964928
0.487328743495663,-0.891376832468247,0.571943400133412,0.626939488820462,1.47797046961218,0.772501041993089,0.55242159796571,0.802362420007137,0.310868745144525,2.5042625699015
1.69499462362535,1.0111599522729,2.53140249106033,3.56869237890394,1.8419909811376,0.0466738214464808,0.376400897015577,1.85561239547205,3.13847707542543,0.67924520136079
3.4002388086312,2.45105527372646,2.2318490697073,2.66689504804882,2.8169520337721,-0.620024677240185,1.77346645780306,2.32848787993954,1.8476416131107,2.97207118362188
2.00004014476804,2.86954284026733,-1.09525280305286,0.262930992718148,0.457081833509969,2.66627476996366,3.35935377645974,0.478185015224488,0.435812614242885,0.505787485589455
2.59633491813166,2.2427378814261,2.28132943541543,1.05004289904575,3.92886109256821,1.89534827571794,3.6467611639801,3.22811704809389,2.01198115763324,2.12974788280102
2.80904726453169,3.87703847568616,3.16778314391572,2.53314401051768,3.76429829446881,2.81017877676696,3.7306290091747,2.3154848419919,3.02764313531994,3.63290393607741
3.41385884079848,1.17061479959529,0.29235620723134,4.03294753285996,1.86719035277031,2.92823442696527,0.640470567881325,2.48640654617254,2.21565043420102,2.29371806608605
1.63720623250655,4.3043295888626,2.36018460576876,3.5185881989811,0.74227639468167,2.59910173747512,3.56781605381439,3.77381718692932,2.15364382389025,4.56791718499552
-1.61280825589532,-0.449281439116063,1.15937886135854,1.61639759608561,-1.73062059658526,0.891480504635702,0.820826701977466,0.860424100370887,1.11547047341831,0.978796153240803
0.566680844220494,1.03978814126211,1.25015130544739,-1.76903139791464,0.989754008710071,1.33019737135985,1.9961145542513,1.66472318785727,0.920100967138178,0.964903523642242
1.22137768069532,0.912544836194063,3.38923676874178,1.56954635690901,3.94077885191626,1.91181843655384,2.85257870330522,3.43342676412503,1.61997735953246,1.87519072159415
1.07642240716736,1.83368377423411,1.16631948402253,0.914098224259618,-1.03608043937879,0.685531464701689,0.990252896559252,0.407847378477291,3.08880842306667,0.630814084194976
0.552128879680093,0.625263133874647,0.540086340031503,1.48024239744092,2.07049078634286,0.531972044416107,0.345701234307313,0.299029101211737,1.61141493851789,0.183993967442838
1.81528617343922,1.69957581094985,2.31750756145021,2.09696077389745,2.23059312319385,3.2364695360071,-0.26989941602347,1.70173803118351,0.891527146798877,1.70445066225103
1.57781151823945,3.84399971946698,0.85448811955834,1.38438823557963,1.94273436811962,1.5382940720682,1.85275555589101,2.45724333424031,0.831115523738201,1.22845660097287
1.23891517450896,2.44405873103982,1.39105073148126,1.2277858661022,2.35706437036866,2.85614511074072,1.72817983058145,1.05005970470043,0.527240342466602,0.786370526238554
-0.270984728059682,-0.708026924058788,-0.932915018587221,0.819218616958881,-0.552202094792343,-0.965103056424691,-1.21864673115745,-0.601705178101147,-0.44115219763922,1.68087798982099
2.28380019295132,0.66187158641603,2.44158591090557,1.90970029704126,4.19688838689654,0.654005185828031,0.825451394734831,2.26400053270362,1.79013410038906,1.4979180529755
2.22984381748238,1.43101625051336,1.16995488473365,0.786909189701065,2.68536153330604,1.72218606385662,2.0911558743383,2.81357409141906,0.782047133208372,2.45673703999821
2.8113258970509,2.77130748449036,1.06277315100122,-0.484907447503756,1.03841831045595,2.21825828869848,2.45939985380899,0.760079422666354,1.71445317741686,-0.95796531426886
4.01001725738668,0.928951298519819,2.95024368551607,1.65487502024776,4.10663763702079,3.25525505765065,2.45420496895668,2.26523668663262,2.12453974137602,2.04476518364263
0.716009218435612,1.50020877003068,2.43202788208419,1.64946561532076,1.74498326487153,1.99143225355373,1.06034569036981,0.890517342260263,1.02510570135126,1.43870439438548
3.74920566733602,2.90611549737638,3.77396220516821,2.09849059246277,2.2382732881686,4.19637456041161,0.815991612972887,2.56600555247779,4.81454423492793,3.56063495475316
-0.682287226649401,0.287142721509682,-0.089245670550766,0.30002411174955,-0.310009176246639,0.774036090219626,-0.988684856949867,1.37098440558367,0.792754994467326,2.26034586275216
1.19496837155386,2.82282315415327,1.55479854484758,2.05184326445205,0.241812581932784,1.93923564747712,3.7066449336611,1.31625447080802,1.46859659812443,2.10722504840628
1.13644211715583,2.38080167651648,2.61682337585077,2.43417528333285,0.254693863728521,2.47508661917298,1.04049667499672,2.27525325909873,2.577674130363,3.40046982138771
1.07230039738473,2.37151439695356,2.89700932453586,3.72102635261142,1.5369333335315,2.15521879280688,0.770894731041853,2.34722298000922,2.55690978629627,1.18769089877785
0.956731853712423,-0.0229453168795319,-0.531214217981145,1.16585275792805,0.722114515044885,0.767113257135687,0.866426435080369,2.46016514716134,3.15513480033316,-0.985548035015622
1.34731224265301,4.10659021063092,1.28599924659106,1.69900605251033,1.92688862827847,0.635977038968575,3.10458582448017,2.95706786538162,2.21372231142499,1.04395509543145
1.28561133193659,2.32340310261346,0.95046936881992,2.25688040342963,0.952766965307762,2.41827750890244,1.70343716409639,-0.98558776419579,-0.847030425402225,1.09653688347641
1.24533759971278,1.56344674939642,2.16896024291921,0.770823311777161,1.67348309760989,1.74001734940568,0.640098277338867,2.13022529226353,2.59490962895604,1.74604513392013
-0.159936677470512,0.373410731897598,1.1153090784272,1.90786635843187,1.39442890380834,2.35711225025349,2.17980150778648,0.978762013162821,0.745398325143872,0.962894918149568
0.892830227286153,1.08232175120132,2.32858991508837,2.94958722512958,1.51705412321706,2.11203141177097,1.45126089721891,1.52060772608653,2.09964397347796,1.97970693028742
1.25638774971963,0.695837240909054,0.675457491966965,2.82227492656828,-0.671140997063362,-0.699278494156487,-0.544883402028348,0.295358406335604,-0.534757726837644,2.53134155658691
0.78234843582782,-1.27814131712903,0.469994068711522,1.61605156110417,2.58688049171179,0.288438038677685,1.61902445463143,2.0717424087711,-0.291904678336528,0.494722014057885
2.7664468147758,1.9187061590967,2.1914778357569,3.9847520407307,1.69708422786933,0.92469334095357,2.06473437286431,1.77215104540622,0.312028469427756,3.52460293622897
0.985846680213925,-0.387938459394803,0.456321372860319,0.772507130721308,-0.1437859661618,-0.319694348143546,1.73002793197355,-1.02845318393646,0.935911473411546,1.13836944344146
0.721276234660513,1.14680431569714,1.02847741531726,0.595965442981927,2.46126514014808,2.02682744073318,0.951048336715187,1.01616909971375,3.13036822350096,0.239024498535423
2.07576478894554,0.579439051915027,4.44005772028069,2.73614559206012,1.56780667596618,2.2826016426769,3.25134193210799,0.60633217734638,2.47544571286449,2.29824249538666
2.65816594468544,1.5376826466319,1.57274056790685,0.731904466984039,1.75727245506882,2.72398418265262,0.962815136126005,1.42122611292721,2.15841258914696,1.94625546735961
3.46958127905213,2.85020083984124,4.62755074105064,4.32745973272512,2.84929263593111,5.24007603142925,3.31276509822539,5.22751672939475,1.61343665089156,2.26765246882289
1.48055807415487,0.0695093462488974,0.361567113423647,0.0915995806499276,0.936026468734263,0.25507484600504,-1.48610470870685,0.532678531356246,-1.52172250628563,0.0887891744042194
1.20269217752083,0.270850249692839,0.824464034397841,0.986980626866634,0.0764775638937868,1.60141396484477,1.26919154422224,0.569913658488555,2.31521147330387,1.03860643719652
2.22227406776267,1.40018757410776,-0.203156640908206,-0.668250600753387,0.751421697582316,1.99755528376769,-0.408366711019173,0.341082327534701,0.24321681180381,0.171494842998387
4.00450061474824,3.80025963315639,2.49161298534612,2.4257803052772,3.1849257146959,2.77977395988956,3.09177399753485,2.22308146962,2.47620823501188,4.27594185989624
2.75867092581564,3.63673459034317,2.55854308937396,3.76685376208995,4.6050544571594,4.33879123412647,3.71989910333151,3.55948913538521,4.12977874152505,2.98557459604855
3.33863243389501,2.47659642850871,2.95817956645205,3.0929082387798,3.00823131081375,2.78438342971637,2.51813172335235,3.54470797726404,2.69065418649333,2.17250570767721
-0.361408309417697,-0.762201519467195,1.01306700122284,-0.324943140820734,1.5962965816717,-0.72179531483987,1.15795278409891,0.587489744854364,0.781088289257882,0.0336981712953392
2.57432408897606,1.74102694549056,1.41147197943474,1.43739274378306,0.971961448230062,1.82886743043127,3.2189207989596,2.77321201787166,2.41963252327768,2.27842887610371
0.0589986441824267,0.418175929286451,2.08469483001256,-0.448642676907569,0.859593296369489,1.37567570780221,0.308903727482428,1.60648815141826,2.6368785835451,1.17882756422109
2.33145072827119,0.611156868609972,1.39738995896153,2.26418100375246,1.86645046297699,3.34878402088735,2.41152233469896,1.87485371834607,1.62792115643148,1.10492203503272
3.19636423997959,0.854410354196953,3.91058298736922,2.99858316763412,1.4389993248027,-0.190278660062817,-0.462831938811588,1.5674629510608,2.90229943858542,2.7030436036798
0.806854804457179,2.34974182758521,0.635096610791843,1.68214291083131,1.82106986574647,-0.35504049570381,1.25679928304291,1.38898282781517,3.15164517806392,2.67987233122801
0.610804277713994,0.359659936406203,-0.69729644669949,-0.894393946949851,0.597035452905168,-0.96286113993753,0.260077388292641,-0.798802472707505,-0.594534046486382,-0.187848785099439
-0.13686176456708,0.337553531052839,0.771872244575921,0.907066369550256,1.4662514073663,-0.941233127748782,1.59627415524146,1.45472809660811,1.06761864883631,2.58291911651117
1.62332614340102,-0.778838853506283,0.522324493651492,-1.0857218124934,0.468615445802647,-0.834312335980572,-0.53075926204315,-0.388087248502829,-0.842825688328584,1.22143937223077
2.92911996768409,1.43141296244742,1.39656288084687,4.02357606969294,3.04568988100723,2.25192083669796,1.9954187772824,1.39860524576236,2.44881611581827,2.72868577749866
0.390129481241493,-0.713020946819274,-0.957572959803896,0.30139922950038,0.12552645686377,-0.410244088833543,-1.18131016811968,0.789569981040567,-0.754235522073443,0.915406682543592
3.31244532120771,2.37843276812655,0.557513999040591,0.359525213352087,1.6713317888184,2.41729695021206,3.21821248986255,1.9318275712487,1.9530810939504,2.77449375337582
0.172349401848066,-0.877062898604548,0.961672910418796,1.61269888660562,-0.534503018446821,-0.356139332564204,-0.527163155891664,1.97796396052608,0.000185234751318486,2.11608188899353
-0.415690288966648,2.9570798019143,0.470132447257874,1.9418264034846,1.15379781102093,1.11538268266729,0.464601054276461,1.86553973064481,-0.441392292550628,1.90091155787111
0.0485554503343075,2.21390257433856,1.09657686913368,1.47457360574761,2.8857175016518,1.79294886814019,0.56450147175925,2.03158121610149,2.96109428826934,2.37646306762973
-3.01024241566568,-2.01259528831894,2.03701537592091,-0.30702609528773,-0.50675256749583,-0.425325545560435,-1.6418290463009,0.540977662787875,1.80074450108344,-0.590117779577445
2.88043523267364,2.79861721139402,1.70873898225795,1.29567535575552,2.67845382589613,2.14328990387747,1.03294351002979,-0.0499645510993658,2.39102005670695,-0.0240653670087871
2.95606149765467,2.08381571556379,0.0272824392050197,3.07461309008043,1.2152829031719,2.9860845586531,1.66674347042491,2.27257117983263,-0.459846753884283,2.85720260278077
2.04493695146818,2.41929526190974,0.120673085990546,2.04839767185322,2.16028314744597,0.872857235170596,1.63852677672021,0.219321872021968,0.758792886009003,-1.15171115763515
3.02934429457623,2.98839860216191,2.51424883330358,2.57796872038432,1.8454109611276,3.56959050293946,2.84025256985046,2.92879352799452,5.23770870405669,2.64549032490165
1.72296973848091,3.52932077291172,1.30233355650976,1.54467598487346,-0.0533733739124271,3.26272035931041,1.89869253743693,-0.5353275386966,0.720301722068975,1.22192263756444
3.17012922056033,1.06980065152397,1.39985127848849,2.49930695558829,2.05708698246376,2.94538762208476,2.34465548245135,1.24875246057493,0.692742369068746,1.74667425454598
2.19378009937225,1.97636426651396,1.60049678118188,1.05521610481859,-0.442702692481283,0.037331477208856,1.40100289119119,2.75148289170391,2.294375640689,-0.0668733001361721
0.732786297659283,-0.0568137913892588,2.77146490774322,1.34189686803758,1.62610842301941,0.9401477906658,1.61524572269357,1.1421439590446,0.972833104422742,1.14821306293982
0.964786250385716,0.051396955204362,0.645197992625159,1.99110081878199,0.912568617325985,0.0971999490686871,1.60080753523504,-0.377953036494098,-0.933249711268022,0.155201543733237
3.54436124819555,0.991799143062831,3.41230837133881,1.73054517126486,1.42397651935694,2.50468061105119,2.93951832210178,0.203421397188544,0.79356087965699,0.337503805685489
0.0942761311867217,1.94323698610201,1.47859666675451,1.08633253291333,0.460403946411511,2.66685619566449,1.86942488842148,0.568921339337236,0.915936684735557,0.251671437979766
-0.948259379319279,1.34974059126562,-0.784338967198674,0.0771857747443535,-0.606831937080731,1.3020441929691,0.950906764575182,0.917572628943215,1.01010489922694,2.11753534265379
0.416653599044456,-0.348157285081336,1.88398822630882,2.45758965404244,2.91663828748816,0.55755133660991,0.869752189017737,3.80551370877144,-0.429541827830113,-0.0806459649473916
1.88274027389198,2.13571186917803,2.64878562601324,-0.0466237815288983,3.11105344796719,1.91716260210832,3.14156369748833,2.32855137130836,3.70451371723174,2.33601822081487
1.69864588805915,1.47247782078738,0.353697265525436,-0.52993505840559,-1.51872041147231,2.82112718550545,-0.118747846810492,1.83135470929951,-0.137841938455052,1.97007009106856
2.08824010448034,2.15508458764241,1.18675377874824,1.62374245567509,2.94188474581983,0.749901812697681,1.95989936405728,2.12756786231804,1.1323488321822,2.05282819346186
0.435643531742823,0.291655127484446,0.759032694231225,1.0542576394208,-0.385671836943148,0.494791778431337,-1.77803031245619,0.253553915525708,-1.06566414277779,0.486353664814026
1.91337250723406,0.120816139308474,-0.265594668834181,1.08658526084196,2.1132383536772,1.94019531620203,1.88437427303485,2.77094635579881,0.770989776550683,0.525446365391594
0.818496109482542,3.36906861384973,-0.541670496523164,2.70442512390233,3.59542824099488,4.21958885057909,1.00691666798139,1.75104682363987,-0.0924820268405444,3.92615233547931
0.334168463479845,0.845722633405436,1.15047680859381,2.27824684385574,0.624573239463577,1.86306171633561,2.70935514143425,1.92573122251242,3.5274822104067,2.28662456061157
2.23626615179633,0.73935461116778,2.71101483551354,2.29528254997385,0.525871697935292,0.724004022737043,3.0328724787282,0.565698376358245,2.4217937449019,2.09791578537129
1.31555673048307,1.67306059933083,1.7855364925846,2.16371870973268,1.48001498020914,0.669002338591222,2.14517688968601,1.46668803723755,1.54509068143243,1.24013172641074
1.54490363472391,0.991302493149336,0.216072787903741,1.72828418706697,0.198424692145443,1.00102808835334,1.68767337084136,0.718172026038686,-1.04849220983897,0.260472110135328
2.39171414482581,-0.811011530707972,2.49304765100657,2.52666245810087,0.163319845833445,2.30307796591333,0.710513718030798,0.50863731607062,2.0098618469151,-0.754251122846115
-0.620051687879345,-0.0514115218696161,-0.23385616786174,0.651419929526397,1.2580716433906,1.2486218498626,0.164707082420172,0.810514484889126,1.95837981004353,1.15545479004571
0.110769364286111,-0.236322013044619,0.343711271521866,-0.240415389163225,1.50412774669503,0.484615961201347,2.20522822947135,1.76390806320911,0.0369743496888941,-0.746921486527259
0.345982923113915,3.2312848311244,-1.18404435353289,1.69238317892297,0.73748258050815,1.1098345534376,0.976365652121874,3.40492713501141,-0.341460447966821,1.97168504913116
2.75158248318052,0.965151866039348,2.60504554769699,3.38354484990719,0.583173129162687,3.51583872536524,2.30652685145366,1.13354071923006,3.4565436801893,2.15858278221397
-1.48627448337852,0.54721648252337,1.04581925751402,-0.615116506591891,1.02332502231276,-0.798973107008849,-1.97584295177628,-0.573399462523907,0.0974593718429574,-0.570476344412116
0.512997829079988,1.81022923686347,3.40149979560276,0.742773068496416,1.94635388286425,1.39899185568509,1.84787746819339,0.818939893173829,1.01827123387424,0.844825930519737
2.20481638676309,0.0120226240569857,0.481291858476007,2.36304994493276,2.51302536320535,-0.917488351878095,-1.83453576959278,0.60664023794098,-0.396980793404124,-0.836303600903846
2.39161014169432,3.06447273116818,1.45012386494405,1.16688275052674,2.38090526758555,3.1520991842962,2.24934206512328,1.44067472599371,1.4796266275037,0.981206211081392
1.86815974231214,0.510440473246063,-0.340297126980189,0.518815909734838,0.925205412467894,0.656081617881402,1.81838608798699,-0.411296687819643,0.804580658647322,1.11470489550837
2.00623024932827,0.742147782817103,1.4756923992544,1.49450855914147,1.27721059930766,0.95026137733056,-0.391041002479983,-0.0832781952597612,1.39591100975983,1.49013874209679
1.3482789444942,2.0658659858791,2.87968658965246,3.36815890088771,1.66006341120032,2.94233941229742,1.04516057749086,1.21215913616172,0.650372016617909,-0.409053834821216
3.45277942403672,3.20591234623557,1.88765605602295,1.73779220269798,3.53829987839332,3.70497337338947,1.22201531138443,2.71716760972489,1.36076702236702,3.78076257784301
2.63146965409914,-0.646609752189016,2.22313242013342,1.28170954317777,0.488033273278691,0.351264782856053,0.570131919832276,1.42606751269741,0.700527948596361,0.650908934723828
1.16395330173441,3.49309643201787,1.67527408929156,2.64329974454399,3.02556587838799,2.41925335467697,0.907660251121474,0.999323393506993,2.75985911927841,2.35936526076412
0.0761613017416846,0.671141487500927,-0.669242340711895,3.23042786113554,2.10653875532211,0.0392139850252567,2.15832707751245,0.154889642642289,-0.656382927036877,3.51297242930039
3.63061137199504,2.50954621399579,0.385930855270797,2.69693467918624,2.11762043741642,2.09318394877448,1.50269538966644,2.90067555314541,0.991249102298082,1.66271539366531
-0.35874532483242,1.34002729387292,2.19324808576983,2.34582872500932,0.301647261872128,1.94970764647779,1.17451094796321,0.529092835595983,2.48975349284937,1.36352864778251
1.45367024926762,1.86545003664794,0.962243874788024,1.08027825398629,1.61839237537697,0.228063494990555,0.196570813819664,-0.572380608918748,1.27986166680589,0.867866451555311
0.568901655480919,-1.79091844767038,-0.268402004575345,-1.27708876718499,-0.763648443147333,-0.815101764793535,-0.0324430336202131,-1.17446246428186,0.928143622231852,-0.707646522701987
1.04550545818887,-0.131110131016657,0.501139246602522,1.29024093865944,0.709138819928921,3.54803714576338,0.965425351950269,0.22445879102011,1.87937755644697,2.11279060659371
2.85014489381618,2.80362774726948,3.05342194638556,2.93555139859494,4.0872835173472,2.27420043530858,2.31686465637894,3.84085161777207,1.94966893509142,2.28836922171074
1.86051396962121,0.756299852677767,3.1232927253391,1.34100227404029,0.948818142224941,2.7029901987887,0.823494127832638,1.7923582177046,1.2982634375882,3.33444922714421
1.58213093023454,2.43836586656578,-0.00451641200605235,1.33174920912345,0.146314835556206,-1.25472385967436,2.23402655304547,1.20194462362233,1.88602337011751,1.47030611234825
1.79834784341076,0.780792555179207,-0.820273062441773,1.13836737133213,-0.572114499255836,-0.870794840362261,0.328024320684005,0.22370200124296,2.11910847461346,3.54760948684932
-0.452525708747995,0.917495632285951,1.76166550621889,1.19204650699855,0.13693264266055,1.39397927331549,1.22584893356051,1.40795064539755,1.52590274163437,-0.683447972052134
2.99459067916577,1.80274668440395,1.4811818452179,1.96810236976813,3.49267598949262,2.42196762574765,-0.917925091460778,2.01831554741115,3.61503054184757,1.60041668462498
2.21733030499411,2.68701474488672,2.06928316906839,1.90877502093927,1.11917835971562,2.69841640847068,1.90764394260582,1.61860978441414,1.96501498734638,2.89896220661643
-2.06476932470241,0.541370653805981,-0.107900901255952,-0.830285274851585,-1.25628024540756,-0.530659068819587,-0.444416881609462,1.3021175966329,-0.437596240562451,1.61411557018599
0.856165089229268,-0.260763927712446,1.36312632897516,3.1312770703628,-0.124071291133625,0.418218638680312,1.44445806492076,0.980970805323273,0.37388169511884,0.402309636705655
-0.773617448034856,0.875004464227139,0.806773280707183,0.15527457389795,0.667892359919973,2.00044203139957,-0.992195739136009,0.0335591996766867,-0.0165317793182038,0.046789655493759
0.832965768607031,-0.530087792876859,2.22224345783994,1.60746177346748,2.59136301267167,0.29683220060652,1.03244376118174,3.21317255069261,0.968284471185764,1.57111717162272
2.06696928667506,1.02402214296957,1.02195931681798,-0.314122631552695,1.38365304510585,2.01876917400145,1.51699971122639,1.22956161447056,1.18238061824703,1.42944330900176
-2.7389266327643,0.626573852168288,-2.47919348491181,-0.944805789130926,-1.44399919632067,1.13683249116055,0.646028319089217,0.343686854703649,-0.222397967272794,-1.10991498893281
1.45564157625514,2.6134514084551,0.197792874145302,-0.420291143921563,1.59868988193811,0.891986233414103,1.40036291041359,0.351872404717269,-0.0604211903748881,2.12802661594742
1.42632005986352,1.72635610327423,3.52866512792961,2.64496663817847,2.59055904570621,3.06959904204872,4.72421374822225,3.17719826850078,4.55237643284877,2.7459146124765
-2.22682971757828,0.447299082865125,1.10042036225627,1.53052258113355,0.13999994223388,0.706355107147121,2.83581147710408,-0.883770655981841,-1.75270771147166,1.22775423601021
1.45827881871164,3.44716400689814,4.0245713399186,0.544846474693482,1.63908023171489,3.14556636178532,1.07760412588123,1.42693053051113,3.07491578076757,2.54643490145611
2.9297023957564,1.79486673751059,0.762954915000845,3.46740652710884,2.83264602899368,2.16000880622757,3.35292899123486,3.31646214655175,2.73607489461005,4.27263923944464
1.08211967257171,2.21441785745338,-1.26162931633029,1.58749681567438,1.0032583845514,0.877114996000033,1.3435747118548,1.85890549002547,0.772962838919993,0.400582984772913
1.32311395208088,2.32272856917562,1.5474702447715,2.92584721560006,2.18066342113041,2.86889335198522,2.01557395463458,1.82784828093655,2.99423485578692,2.37313480180218
0.305726788094111,1.40337024592269,3.7706973260743,1.91841835417552,3.28273580021005,2.57473283076332,3.15848388225341,1.42770938415316,2.76913790314974,3.02446196138846
-0.249742114243042,2.91246128013323,-0.145064662825189,-1.31177181725753,-1.31541692975162,-0.70302361803146,1.37840648174229,-0.716103868160798,0.0365299125808489,1.91495912981792
2.88469121061885,3.12264066799699,5.66976082350427,3.05197181618827,3.51561688593358,1.15966181939729,1.1045016678555,3.58639590641205,3.1630047450571,1.42591639788717
0.713379355676222,2.53111578397372,1.91767422266813,1.37742812157716,3.41336539072811,2.7619593235453,3.11524706706096,1.0829714670988,2.76252765490752,3.95114792960702
3.48328031747225,2.59506121781582,1.98891247485885,2.16203207737465,2.59123880634107,2.8256899509513,2.24053188209074,3.82766866257475,3.08120612312016,3.8226028411245
-0.927242046312075,0.723916386719941,0.671639587057076,1.47575767076277,0.568089164824058,2.23731711447942,1.527312133547,0.944801503127735,2.00405441844827,-0.316407564157001
2.10858676679211,5.01664777128808,1.87048496386045,2.99482787393813,3.8632844175034,4.70800049958151,3.44491812160875,0.794511378570833,3.81711370855665,1.97884659157069
0.735569448282701,-0.131539086311761,0.715101966374825,1.57772621341324,1.67406151818064,0.387407414576187,0.7182279138571,0.194738268062078,3.19079439409477,0.179358319911487
0.594431034097031,1.209285307763,2.27878781090159,1.93448139460096,2.4337471197843,3.89857933433892,1.74242234146206,0.51970126415505,3.32981744811348,2.5713107028177
3.39073175301688,3.82200823003072,2.96775924425126,3.8924979079041,3.78101475712922,2.90219368984668,2.3809333720127,1.1751723771519,2.7754751697549,2.85692809875294
-0.168742738543761,-0.486963924522858,-0.673190781918138,0.0716254632600537,-2.23171248754716,1.49297415722063,2.27799052523891,1.57729966516276,1.63281186940816,0.122188728800958
1.32725606135491,3.70194288473104,2.12445897457675,1.11470796895329,0.165907756646616,1.34585602611824,1.66374881406232,2.05660788243025,2.97315713233002,4.82864648651471
3.12353511437295,3.70003828884925,1.80004402761127,2.21869680323701,1.23545301689578,2.36433895520628,2.12957442761672,1.73170313454035,1.34166655160601,2.17978414122905
1.27520879271771,-0.17723809849274,1.64313216303173,-0.636560727740978,1.92338159009534,1.43478611675309,1.94507844248345,0.787693477847115,1.11080821828732,2.13715691117799
-2.29851106434384,0.405036948457465,-1.40422767038295,0.018815996588451,-0.204888182443915,1.02618943128836,0.821328390927208,-0.0687870184585967,-0.463392868834611,-1.61070026399223
1.24594096968184,1.00246714370385,1.26744883335779,1.03885326027818,3.06106026831036,1.72273261650636,3.58085544172313,1.88968045348129,3.73951472988449,1.92297941196372
1.0472459473289,-1.78438529902374,-0.11423116790628,1.17887976407049,1.65632496139662,0.472467017889923,0.3751424466662,-1.67095499123109,0.626900814718943,1.20572764733582
0.0336478526184315,-0.340257270067282,2.30851794468754,2.04069143269888,-1.44017296372647,1.08369091011649,-0.305866498840823,-0.11863192956968,-1.6802814599551,-0.871815479583785
2.15065360641959,0.836482532682248,3.20978477085576,0.0860953362596509,0.976563536910408,1.96003581079031,1.27009473520254,-0.523415502884115,1.95337973009687,0.912606278912103
2.04225019930558,0.180059690231655,0.491369925563985,0.913808657621301,1.34802935942449,1.67386689577131,1.97023713091964,0.83791996918291,-0.0433748596982038,1.62349416485005
3.15720399653837,0.0134415758010629,2.54102108883481,-0.0626786158669441,2.22213726830378,2.41310055242074,1.04769190767287,2.15499441495973,2.05761061226844,2.25471873758746
2.49684167976323,1.18502009451398,1.58947482987008,1.49300599467379,0.827306434081481,2.11275849914846,2.79081115887211,5.32383150954118,1.71297188204525,2.16753795845606
1.20437240437116,0.267538254247246,2.37279515423773,-0.00274432096916355,1.10985355361996,0.338854675366459,0.63119003476281,1.09080532291443,0.403260097621102,-0.0165335794321411
4.10496839237711,1.69208449412895,2.78550861658328,3.31533703847954,1.60333506615819,4.22262250161211,1.85116257450296,1.79944669935136,2.94337464131687,3.45866845458345
0.337329469599556,1.46119563979756,1.36297548966387,1.72173039520395,0.389728907741778,1.14419253025896,0.181844073980006,2.37706959603458,-1.7457704793024,1.5056527615528
2.4239920011559,2.69129419058232,2.98688567006032,0.851361259083339,1.19545001105465,2.54653943688687,0.773365234190028,0.889457927407077,0.945121619703015,1.18937404990524
1.7994882129379,1.02344356666412,1.855966122363,0.430129745570108,1.56739391407337,-0.107979095143726,-0.213031303439963,-0.129764155558634,1.31037766581325,-0.144468968893116
3.86257165697687,3.45894142844499,3.01157854597095,2.97208685045503,2.58697238355011,2.4629603869276,2.47453933883505,2.82541655269184,4.81159696034057,3.58906548318179
1.29247409974154,-0.929295374829379,1.74844283229329,1.51674997097855,1.91740451567599,1.82101422936692,3.18605554508502,0.485298546191212,2.64979333069395,1.69796413501709
1.85337332653746,1.11242670416339,0.193505447398701,1.43212699100326,1.19200163098359,1.07144984662224,1.58978549125406,0.37681647356819,2.01875379111636,0.0760047159775972
0.677112635721195,0.331828632726224,-0.438930886004112,2.59623554902385,0.919367487872689,2.47229562087261,1.93056542643837,0.383051900087593,1.89632958718777,1.68394237920677
3.53474109243264,2.11300247194806,-0.0843421908017818,2.21315856507967,3.83359216986406,2.84775205744714,1.75954977157421,2.75108505597309,1.91549535821835,1.38128949498493
-0.158632426941053,2.56941581351358,2.71188643476357,2.19173314931781,0.568235953460198,1.2989974776232,0.361335053902992,0.948286454342888,2.10493770099293,-0.345228070423293
3.05023578706131,1.7565977181892,3.33403304114792,0.809102370456231,3.24445210551344,1.16215317633672,2.90343883136649,2.94815990385966,3.28492538826955,2.64501139063539
-0.272219049154018,1.8297328682893,-1.21737098174444,0.0912870255023244,-1.84503751430216,-0.430900207445286,-1.2616359117747,-1.2493074876733,-0.453824239154994,1.19664077890516
1.11011625892296,1.10958285817507,3.04260303071649,1.40025863694455,0.162549388411906,0.788203803469725,1.02749631215444,1.2266173197162,1.23743913868488,1.29838976180539
1.77551083752384,2.30554602631534,-1.23644420976146,0.0321829533705481,1.40421554870104,2.85338753894486,2.23225251148845,0.797972014613282,-0.0854589853125995,0.580178726938944
3.93961636947737,0.767555725209523,2.96374508851897,1.09454289046631,3.36854757353709,1.49879244370511,1.94378105572004,3.21752248034628,1.03534108207666,1.10347225584579
-0.990689190151246,-2.68505325471636,-0.0884909758005553,0.931645275092201,-0.143365091323808,-0.584932336149696,1.19251031451141,-0.325950070243183,0.727430616219991,-0.547870892796114
-0.658862473554892,-1.04295543940574,-0.574530708939005,-0.464102429161488,-0.0601598399027393,0.78259504225724,-1.29595029050173,-2.27705173856062,-0.648432757751071,-0.532198208005014
0.960774869893826,2.30660578268987,1.78034545233442,2.75389156451145,1.40802469147686,3.06719010515085,1.97882481407931,1.59421296235241,3.79878621496736,0.398296216519807
1.8649685895675,1.49068441742413,0.918351006764693,1.90424947878133,1.96815334791867,1.43080435560436,-0.372073781471207,-0.0866993826963771,0.981355213783534,1.05330780939446
1.53774302158958,1.88532170154474,2.02431306788565,2.18350319024902,2.04360594298501,0.559113756271861,3.11159810804098,3.43106424005901,1.89470068998853,2.04922466443057
2.68753003600307,1.8068837209119,3.33599305711476,4.09284087555908,3.52196503716636,2.6430069296937,2.39876769180872,2.6043123545451,3.41601986724431,2.79052225787038
1.02601063710828,2.16165766672752,2.22671036670483,2.98783772262963,0.958965020009376,2.32150180845518,3.69004900295868,2.31249074663647,2.62862600480632,2.84623010898592
3.37062184916197,3.03578507197272,3.00408932410041,1.85721182475652,2.0802227604086,1.68454045527353,3.25955066397567,2.35403047087919,2.87708709346255,2.48738539018449
0.168030883265525,-0.347229202824906,2.3700498082075,0.104180374269545,0.219797870306858,1.80546121706708,1.807455136396,0.754381032064898,2.66326157584618,1.07358043710769
-2.03111117413725,-0.866826705086934,0.719590563190798,-0.498695936601164,0.128009521463359,0.360002489021218,1.12711817008782,-0.168857037287263,-1.1522317075299,0.824101306473803
2.1627552852621,2.10398662080405,2.58377696672785,1.22733265030572,1.82670684916759,2.55985924403885,2.73881110583409,1.52340199940089,0.244292184283071,0.774995506985846
0.547561415319936,1.8306403660391,2.6170366806367,-0.231187709231108,3.47028905458779,2.53856513681275,1.05311515824396,0.836970751302301,0.377566268815987,0.788093887012724
1.82491001631728,-0.934344515501356,0.3216225019879,-0.289025186239724,0.132405760621187,0.0332764797335742,1.92565136483495,-0.628580784834237,-0.335651163866158,0.750189976342297
0.672559045211771,0.76295511246034,1.88974575477627,0.93288449321698,0.735492853534401,1.11829319918816,2.32544179704095,1.63341380452444,1.36692005837345,1.35856872600453
-0.685498232330413,2.09045701774669,0.752311091193559,1.04516578738569,0.402474282713048,1.70326809803473,3.09562944956369,0.683088903642449,2.35899011322037,1.17613195050343
1.32550434266145,2.28166848960808,0.670009835068379,1.48918896640429,1.29549703031698,-1.00329622505582,0.799457001411556,-0.472247346868241,0.436371578154356,0.278829771580736
2.27666128425167,2.66420633291297,0.0870356677539534,3.65758233329166,1.02384065352855,1.78360845992957,0.383450017014052,2.85980151797001,1.07798278473457,1.92949544601493
1.02469811077832,2.06630019590154,1.1094062591474,1.29823933225197,1.41120331694221,2.16561716754641,0.230963256203699,0.874002201979134,2.83380868609458,-0.043404250833984
2.05918793486972,1.53344784338687,2.09151288689502,1.58319308983376,2.48581327646812,1.60520886359327,2.28852738743341,1.20765171358067,2.4851501624313,1.18002312528184
1.28334049628103,1.6696904299185,1.16554828730334,2.60199044742832,3.87175891313015,1.73841311590159,2.27473331709722,2.0789271587362,2.47559042678394,1.51963463576417
1.11194854860177,2.26088390116789,2.78799188098846,3.64066512225974,3.20546863684366,3.36801654591704,1.29104807101209,1.6615755477635,4.20878467943682,1.41133259507001
2.77245822348398,3.25178682477025,5.33912964631129,3.34917225164711,2.33200318346297,3.56943853408816,1.24543254666218,3.19627081646629,2.8827185818154,2.64346470420873
2.38998693130864,1.4981038708312,4.0789810844256,0.500866739023863,1.39938308785517,1.65366378790106,3.53021427989095,1.59748717176281,1.56839707493352,0.497877085935026
-1.43699509901744,-0.812204494893448,-0.82883862280089,1.14309186346665,-0.158076886019132,-0.808142089123925,0.937121240383836,0.555939433195042,-1.66849816999491,1.89098892129386
0.914768206238794,1.49535178415426,0.293286873234448,-0.0429335893933664,1.47833485574437,0.886715530239199,1.96457942458757,1.93719004131913,2.25544179930989,1.2077191044641
1.05013101761819,1.41169641627414,3.32298285914752,4.17362061861256,2.98278929924131,3.29790821108763,4.71162724350821,4.84033377209262,3.55385628025726,2.15793162605019
-1.18607670393038,0.645155732857199,1.3392464463915,1.94234371196156,1.7434566709348,0.395990350226925,0.0810515070557013,0.276522904552755,0.519128503792135,0.697566487573558
0.0762146230611262,-0.663787345949145,-0.410452290970188,-0.18168843528557,0.653379652741415,0.44248969533783,-0.23393490993661,0.423254139436377,-0.0526950058246028,-1.34600064578976
-0.181064556453053,2.75150187936482,1.75473480142073,3.7745027794589,2.28231248198461,3.21305537578429,2.24952624349336,0.147944678879222,2.39431084121749,3.34275761911737
0.542900769920469,2.69540838104704,1.16983252161457,1.60990495028273,2.31057909847966,0.469533644598498,3.71654860989121,3.35372807229991,0.77184089751782,1.06790791888513
0.754204321425882,2.08059427547191,0.658104348721554,0.80875049894877,0.318186540757029,0.140924440495723,0.399284153390112,-0.197949214220168,1.61139421218338,0.34720731518146
0.0502206752254181,2.02062914568613,3.31713581144195,-0.505277121384067,3.32111039118136,1.98930891593093,0.937713425467883,1.7200865048249,2.03517934106236,-0.235602369364609
2.25833218571751,-0.941610744217678,0.398179193371444,1.38355704552325,0.720944664714908,0.0076269112570414,2.03768113908024,0.153382777372881,2.67475383462072,2.00181093564943
-0.0653216417963887,1.7748260424309,0.15462243745177,2.90876531513386,0.838095215979954,1.04159226749046,0.801041760605941,1.71050878227434,0.127603078271977,0.34572446871551
1.18927506321605,0.636186904297197,-1.20273329650975,0.391675499118722,0.344295796339331,0.322977506019763,2.90989336660772,1.06179596020403,0.830740927576834,1.28331251596226
2.42584381682454,1.88310290301333,2.30982176484722,2.47409850065682,2.10448888736884,2.56681572920238,1.07568116184227,2.51787501598657,4.40551598746522,3.08911370937051
1.84211215149848,1.58692527285515,2.53444948062167,1.76181103447346,1.54592628029736,-0.992778347764957,1.48024186445134,1.6198137908793,1.17307351090111,1.11790304046982
0.477096122665087,2.16132678256147,-0.681895422045809,3.47546273498887,0.798533034318943,0.425517670657007,-1.10668016911146,3.01274972860901,0.314521438002993,0.552607603706851
1.37405271293609,2.90668161811691,1.85725100050493,-0.453970966981514,-0.302076658154723,1.82176707370597,1.74970835147405,2.81870354915585,1.23761009105533,0.37664853599699
3.15809319400162,3.05224315136797,3.11105906639709,2.81550541618641,1.07919265889003,1.52658593615423,2.50712709885264,2.0344140587313,1.02043484155238,5.09115600911865
0.935818193748343,-0.492509258048705,1.24381774425681,0.950292472646667,1.93770412838598,-0.300194233200008,-0.0734405998425651,1.77554009268332,0.580547805048724,-0.0131262631702984
1.22887205891047,1.22769626066025,1.45692327318226,2.55953604336797,2.48648803314078,1.39226409822784,2.16647848264098,2.9718567493423,2.13528162109314,0.0132399547321904
1.6121851247078,1.63855066185747,-0.248643133977031,1.18560210147469,1.29589639053121,-0.781876362711668,2.04033010901732,-0.364599831253397,-0.794737065202914,1.81602583445025
1.27082054065105,3.21074011109047,2.92588715239397,2.34466896427278,4.73452130975549,1.56202155235506,1.30635645578234,1.57013174351927,2.05957455369984,2.30118436460734
2.4265169123552,2.41726106043048,1.96181519300393,3.23824416775508,0.97039847787282,1.21749194090597,3.4850865138889,1.888930411267,2.14376516248856,1.85770115871579
0.41752653619149,2.02093527087499,3.29968048110696,2.23197454113095,3.55212714239312,3.29931080893801,2.58406202657537,2.49084407856956,1.04090557459898,0.810924350185353
3.08730074311413,0.84847252055896,0.119793423358331,2.94020215395236,1.50491020887287,3.17866467292367,0.303523921168593,1.44301790928823,2.28578614891571,2.86504293023467
1.73817812438321,1.35720439943879,1.01644638402692,1.23164146560994,1.20026688689402,1.30289164398434,0.485415744728657,0.217305558801411,1.61115080862654,0.994258023075522
0.94561096674525,2.08980895689142,0.679935583265675,1.36229640607245,0.557796575127451,2.473118504315,0.905881749701932,0.920396178357049,2.92098555164422,-0.0921569948967236
1.70459285170423,-1.35792750096913,0.136136765949513,-0.341605346824407,-0.550487341692614,-0.839305337139981,1.23650385588649,0.617544069582543,-1.69466533613987,-0.400795283963863
1.66780577890076,2.56722110137322,1.12542801677283,2.19079754635127,1.85341714018115,0.661094384514359,1.98745399382349,-0.420852142081042,1.88035248694475,0.518969223196363
2.95655747049198,-0.602472336079869,1.17344040451888,0.793391557979067,1.33075081668362,2.3138974643587,1.25823732149519,1.60182296526418,3.16147088075682,2.43159305254754
0.0305962457478217,1.94245152942724,0.42721823043164,-0.683389228281051,-1.6926887392282,0.611292800237442,-0.539311821689371,0.280208413093574,0.84680533632585,0.202076127217738
3.01348585396133,1.74206342685594,1.92498746002002,1.80112689970175,3.30467009794341,3.44138915304841,1.50992725813092,2.00960876495689,2.87166214393772,5.06458907558916
2.21278715668444,2.1604903174578,2.84454040845815,2.74830310063934,3.79913462155699,3.40729497387789,3.90557672131307,3.83377664350122,2.05811344100503,3.13678241221499
-0.0268365105521886,-0.34345583473531,-1.27540982163622,0.591708534322852,0.882921196613014,0.402398834861442,-1.98732945296681,-0.285980638949942,-1.4388339307814,-0.655324086309781
2.36848933958564,3.5055364413314,3.89846984504118,1.98077640574846,2.97800101527324,2.8804879363235,2.21182586812046,3.42964566228228,2.80866490524678,3.91050124098969
2.03801069171536,1.90968782121472,2.7061189970058,0.71214486774281,0.473536872670579,1.22150569109794,3.05955682030218,2.47469993090126,1.28444917753589,2.41639922672025
-1.54147322595064,1.59526806076326,1.37646409972045,1.30393398247449,1.56602701829225,1.25941378250744,1.052297114361,1.22701966872753,0.408683437140281,0.719681820885437
0.0546522301474325,0.172772766881441,0.657172027807354,0.621512330248819,1.99869671705922,2.38374904624828,2.00240315067385,0.889632168775602,-0.572745955351874,2.80099582799006
2.29755554814286,3.3928034427494,4.12767758089614,1.999365444229,3.06726739815048,1.60257949879673,2.10217481738032,2.30823386855206,3.60342115025757,3.26434878001651
-0.13128780309549,1.29938012178099,-2.24813182640733,0.279149787415241,-0.89149695701366,0.614874880962502,0.591897864343915,-0.774415876739285,2.23288197218324,-0.21293051429273
-0.439615118090747,-0.508682617347494,0.445374436748138,1.13586363643747,1.66562306848882,0.565728132103858,0.886051934665933,0.31884516193379,1.67780732521348,2.01098473501511
0.562719712084725,0.794269304381399,2.92589463511534,0.854952831695169,-0.285031940344552,1.59250758876685,1.41937301874146,0.857420479951946,1.62637492644537,2.20751417070149
-0.865912712290343,-0.306320478191929,-2.06656024338333,-1.08037942811211,0.0626573295265352,0.710860764079006,1.02090532442054,-0.284978534776306,-2.61432661101237,0.177872590265779
1.00028351249928,2.00033589054952,1.78561025450727,-0.359608439147747,1.35850838118332,1.72036721750811,0.746436851885901,0.685680248588274,0.605247507586061,1.36841162213124
1.41604845754821,1.53872297371822,1.76486246661894,1.63653536127726,0.68362430684916,1.17186336206317,0.983497046847789,0.193444613552155,2.54534944785538,2.27599322393017
0.27510918435905,0.708349214543457,-1.31148304599771,-0.264736787628254,0.268660489668436,-2.10295556610673,0.0660604502588722,1.11533392348039,-0.626466114501487,0.751933174374502
2.04363601161136,1.29492652009531,1.90720421887254,0.701783310872622,0.852870292888701,0.998104439852004,-0.634308303573015,2.69196417747875,-0.0215107782198281,1.21700042209054
-0.673889053168211,2.49521750473284,0.0678069569438822,1.62107639526895,0.721875784238676,1.53579421743149,2.50960848306465,1.5102224064217,2.34669269674173,-0.0650157168871619
1.19484095893052,1.71729592871721,2.2526822217207,0.758324171943301,1.59048990926017,2.11695779047606,1.04936600264051,-0.403333792822379,1.15602714239184,1.33411679259365
2.64742984810712,2.98740999561606,2.92183802885351,4.73297292297085,2.80363286636648,4.68771095107168,3.08498461103055,2.11356257755445,4.12943242232089,3.47020328374155
-1.8084584943351,0.334311703128541,-1.71309114247397,-0.305875591197738,-0.829289804098678,0.86445901386625,0.397235518760069,0.601033952191281,0.502757212814202,-1.42385962797151
2.15282810447874,3.86402279842402,1.66577135825331,4.442112367387,3.09678729448176,2.14277358323308,2.36262143396153,2.22041748178566,1.80110406534587,3.35472059595028
0.0318767125272477,1.46139112987935,1.52405910080751,1.96095969677751,4.65076662506691,2.56370192215249,1.94296121267919,1.99766022313034,1.3489818567161,3.71528861838792
-0.153151075165713,0.0471877969596873,0.294549565507761,1.56363066682491,2.46157312248365,2.09478752545096,0.519789123381057,0.587403546152853,2.64356599536548,1.45402625582369
3.35382671410855,2.20580624356456,3.52952711428678,3.27736585452297,2.69734518864314,3.08194869947263,3.10599125658773,4.66092454671644,2.34921484919784,2.76206444678957
1.38052852067974,0.605865961972649,0.526881619209012,1.90580976802431,2.67174983004176,3.30383316037359,-0.753611632024521,1.80330912120493,3.34204960117086,1.11277454626325
2.91233373905497,1.22712913154207,-0.512336166777086,1.96927998512289,2.34203500042006,1.35817448768041,-0.011722539893082,2.09972401718515,1.98405526426081,2.90969023594989
0.454674899095669,1.49645517895292,-0.0515183381278888,0.0840916778237482,0.0532686020441356,1.23232746463534,1.06004024833641,1.44027850838522,0.604369166786007,1.84515604212361
0.269770284869587,1.4171638449426,1.05134460876367,0.216596059662236,0.477500337701128,2.0199749547814,0.519755287234341,2.173293543406,0.651585641483585,0.683114270023187
0.173704580306413,1.11928209033459,0.976369766003736,1.72266907985158,1.26748719925524,0.761761319430198,1.10540113342194,2.83229088984962,-0.990673820022501,0.940020500239335
0.138195143777273,2.2661909471658,1.52745155114118,0.60475906643297,1.50033504134153,-0.0200297881731057,0.561652884588557,0.696071415477818,0.254240173719418,0.625740698980445
-0.0721242362389107,-0.280241472342495,-0.467156393825056,-0.494953015773048,1.72999609998592,-0.465097180062461,0.912782423787294,0.709084250973929,-0.687259317644366,2.05215390301638
2.82146008432317,2.19719293188675,1.32375824709707,2.2670261359851,2.07893334511154,2.73289795958911,3.91397781830982,2.1509830711203,1.97767510606196,0.900039208508663
1.7183327446018,1.26226121180971,0.891863833181847,0.946970540469892,1.98090188919324,-0.00313620605583331,1.24552975511827,0.709121090922318,0.568325931508423,0.926004059098358
2.46413587610273,1.99638559636567,2.10499622298056,2.83558404887136,1.1550639432539,1.60656410155536,2.26729355780425,1.05666698357033,2.66268185122754,2.81457906170012
1.5333470814451,3.86328509396508,2.25717681802071,2.5013967123583,2.39374686900573,0.979500458947881,2.987381943508,2.06921739071526,2.97391175631251,5.29493249182838
-0.957346619956139,-1.51448885110527,-1.47657860092485,-2.47345681061831,-0.936885013285282,0.186160833793225,-1.57539144287467,-0.593413042339713,0.361277729837715,-0.234171133539215
0.834038864703813,0.939088064159516,2.43551019622997,0.683629360371907,1.09993302505789,2.20886678497623,1.52095515086548,1.81807860770237,-0.610916313263014,-0.536019100940796
1.01468653640498,3.3818525813157,-0.359681786834625,1.44384168241182,1.73498250685184,2.47236096028201,3.35905169710941,1.81285849015989,1.4266244123283,1.05143128845649
4.25625538617967,5.42153603333904,3.52694618036308,2.86571374848482,2.68733827801048,2.49875700484176,2.08033101026103,3.53090124435909,3.27997649016646,4.40508333735373
2.66738685493476,1.64487195589915,0.932820042873403,-1.07885275324261,0.517998956531191,2.80267791445915,2.42570876548875,2.77839794593655,1.13758956213971,1.45891484989071
2.56005390013916,2.85526899003537,3.17096255404944,1.82515845530113,2.51264720010272,2.79130692916323,2.61224860050356,2.33868610616058,3.62085033646831,4.35401490317943
-0.450665472965267,-0.0613153973783603,-0.973088287496311,1.01804210293942,0.996261531433548,2.44660474908544,0.58103763112034,0.794807052894179,-0.65922447269402,-0.133725158938966
1.66148990567138,2.9235434282983,3.1673361052299,2.00749345337724,3.6788468793128,2.99231172031148,1.31854428099431,1.16522663507817,2.01920721835337,1.62913193090411
-0.0837513122224981,1.26290792562052,-0.930732354551675,0.272708981061255,-0.0709862071520455,1.84242909889745,0.541189998111651,-0.472756374637297,-0.537224760949849,-0.937531374046382
0.452977544825601,1.84960150407767,2.97318233015859,2.5257451675471,0.752605167796031,2.38781539703025,2.10921640237324,1.23024100619062,2.12869854478274,2.36007257691917
2.51715687149879,1.18059796532218,0.5128733635237,-2.47681670192978,2.01457577424464,2.16287604377785,-0.347451118925058,1.79715887834016,0.0386429474361595,-0.000929201215076114
-0.245371545825453,-1.01009773396871,-0.916634693202743,-1.12857164597656,-0.0233827329406602,-2.00546867179258,-0.227712175161218,0.488037781403649,1.03097229567295,1.63934306572852
1.26423239685253,0.821126398186967,-0.817100083678028,1.51225671728994,-1.74571180050389,0.495736646425976,0.79467130617691,1.19763917600736,0.280008515057969,2.70448994448691
0.983526869018153,0.611236435268169,0.310289125689066,1.5378441178584,0.650739189074205,1.58513642210035,0.405590662217978,-0.0742075826815831,1.85681970001413,1.00083856999773
-0.302362386664344,0.266300584229881,2.71008425604628,-0.733153327864513,-0.173173463124721,2.16415604854987,-1.44569403337996,-0.974667179185255,-0.226812510898799,-0.289901033885577
0.386895444603132,-0.380328228710866,-0.751644401848873,-2.39597917530789,-0.0934836641488874,1.10371013264733,-0.923061283693825,0.899590773083726,-0.656317536056471,0.637219514516117
1.20714442145498,2.56627763949652,3.17636908462891,1.84987030814102,1.81142544588502,0.867558136192139,2.03469600212267,0.134042826520712,1.14355871528929,1.47774257340424
-0.650760349214095,0.218543744083245,0.520045168196266,-1.16319885769321,0.0822272490403415,1.41393319442167,-0.633086140314169,0.193745906695355,0.900839819415528,0.93894778623825
1.058155155253,1.29203327105291,-0.627027017801234,-0.0287891086392842,-0.455136055941648,1.23057399316887,1.97577817652896,-2.72514595569232,1.995270124294,1.82743374558805
0.206289355815575,2.16953208534597,1.71172435884719,0.541639264636522,1.29918717519897,0.642790425792982,1.40083570008229,-0.147480652521888,-0.765351891380468,0.697737497664896
2.13397612908375,-0.260963670935475,0.556474143515141,0.824945107506296,1.06776034186938,0.327108812334412,0.224484387213625,2.20358844359061,0.402600662668121,0.491505563716703
0.874816656369637,1.69324934284024,1.90154078946601,1.35514984257991,0.489917964076786,0.798934542052457,2.42150036852359,2.4598803875457,-0.013376290238291,-0.153914215367992
2.25712314611096,0.723173378060571,-0.958009247179239,1.61716430772402,0.757008108192227,1.70048589049659,0.525574433872679,-0.342773765476312,0.790417178118084,0.26925071731242
0.826062152423473,0.338928356692039,0.310541268116167,0.0124368989232733,1.22223886203632,0.480873754864287,1.26438558661424,0.818680919871472,1.15759449713941,-0.200465170354634
3.28484488583848,1.5457346109579,4.392017090331,2.72822637780635,2.78826609524667,2.57258258111999,3.66781871815195,2.66088636545721,3.20770376964334,3.60713060209315
2.4370249319999,3.52794390155333,4.68804253228448,1.01661719903865,3.62148336998526,2.87411732785794,3.04297154269862,2.11937045586721,5.55887805219954,2.07776167758573
1.81120944134097,3.38261024977219,2.6075022096251,4.51053219879884,2.39469885460372,5.27617338323796,3.27832467766715,3.85532619409337,2.98152147324804,2.73311744038623
0.133189770863596,-0.0351614408718743,0.495998823061524,-0.214213045630722,0.701021931107861,0.895195223400401,0.341507919928634,1.08666327881559,0.0678447839205453,1.6718703793441
0.0116175231737878,1.70764870954017,2.81171985952488,1.46677664498667,0.0803287121109502,2.45800965831493,2.45458880582152,1.88568083831115,2.01475041689909,2.35094315011255
2.90917100531493,3.09314286362884,2.09020044538059,3.57590147344909,2.9353250641043,4.45349342483919,2.15044451646224,2.2907769006799,2.92711959462959,1.93475633511395
4.20342583600806,3.6448326053473,3.60311562749655,1.32310333391011,4.07825513497564,1.56019751144082,2.33030845678576,4.13778116586784,2.7306963590699,2.17441355047785
-0.692283340787396,-0.404904027202413,-0.96172853327987,-0.290823370272476,0.967571316120673,-0.442727530796057,0.764380287315759,-0.172896724781487,-0.904328026830843,0.535640490563357
2.33141392871898,2.27315957863217,1.42658904664987,3.98740917652192,3.28834074501608,3.0947055187208,2.86037084673839,1.58582043324319,1.25432198315259,3.34920577603459
2.44373032401189,3.74602603715889,3.50084477175478,2.45262897924909,3.14574607582618,2.78770592734406,4.42110536692875,1.89265062049674,3.21940322422523,0.846490759880508
2.20064982895431,0.393109175460555,1.58076134081077,-0.0832096132951456,2.06328717150325,1.98630427037033,0.622368620303894,1.113406580497,1.26965236900199,-0.610533284281643
2.22580790047433,-0.167529226151007,1.02067752803839,1.97404833578904,1.58950782163393,1.93677341495871,1.40272770098228,3.32299392080819,1.71498950379005,1.43465892797951
-0.324226163778836,0.165609469020296,0.752086422982875,1.40715150011766,-0.487245828157745,0.327327426400847,1.67541977133452,1.82328398237324,0.464839793786372,1.21650610154549
1.70287489149482,2.34458186087056,2.47610804104524,0.531575389893019,2.16040140084773,2.94900293966024,4.02256514835447,0.118558794645556,2.66789770238318,2.61248930447613
1.9513121993119,1.70719084266717,2.51409403365066,5.4910858745387,3.81695278369294,3.74230530712718,2.454402998211,3.28128588772536,3.97036076692336,3.30114015855876
1.35417693418695,2.45539767658167,1.28823137103562,1.251699648137,2.20790921492345,-0.407795823270837,0.918398773314694,2.06916435149895,1.17342605159431,3.64851462528729
0.536507985377205,2.53346597223687,1.93654064455996,-0.652218900538051,1.39555183600507,4.1631326602952,0.584418749689706,1.07845577037643,1.16387625151889,2.29534451748625
1.41341666619818,1.33071740858657,1.64584758170588,0.567266467726996,1.01631570126545,1.98680651899001,0.26674277902387,0.997491562422273,2.27086147949008,0.692357172043616
-0.0180544344251637,0.780276205205355,0.711631289487345,0.72978388142829,0.235048209066792,1.90708605589854,-3.13522387885817,0.298492661414245,-0.949744814242771,0.402459243411155
1.53804896289251,1.51589423006538,3.43761665583264,0.427133552594453,2.47210195993152,4.14219785132138,1.9501336018002,1.97937327006817,2.01667356366627,0.0616535743038322
0.881164643503788,-0.779381081755418,-0.260700623085051,0.320225226318037,1.11018292218215,0.112149590851975,-0.525437852556,1.65384104681564,0.088186273532447,-0.76727801654604
2.30982322373645,1.18729494483463,2.94193042583925,2.76849671889247,1.71819564174568,2.20474630602393,2.46904489424399,4.17238447527828,0.539723284358755,3.00141666794306
-0.475230177924725,1.89369696019005,2.33417583806418,2.33052239708824,-0.468213987088123,1.51398565141404,-0.773739148071183,1.20704078565328,2.57206259039513,2.49231185078532
0.0939994790929423,1.28151241643924,-0.721773222891794,1.40615800554885,1.23148705481739,1.34622718051028,1.7376689609303,2.49756949035044,0.0462237901083227,-0.558942832772144
2.52800579622801,0.0387295910598706,0.753626901154926,-2.40729155193431,1.27064546771776,2.26980232377039,-0.607598419891015,1.325259440404,2.11712828443527,0.929044208418801
-1.06629611765701,-0.335643113711913,-0.549549587533911,0.399035343031313,0.392699015631041,-1.3216547469737,-0.451372640944821,0.141599828114552,-0.170358067779965,-0.252120380649648
1.13609313016762,1.45229413117517,1.10677776058159,0.711465571254611,0.682117192684457,1.45200988681433,0.682235136400912,1.9192291463098,0.677601946388034,1.73019520090287
3.49596447703262,3.2445202901616,1.05845301946793,1.83570100122695,2.44622536480742,3.51578645076212,3.03812891356096,2.54704269029789,1.12989568067994,1.84825555494094
2.17808005397201,3.1729470723791,2.47276388164685,1.58876757707085,0.518423584364384,1.20628381388222,1.317455161714,1.85611373791352,1.16789778591702,0.856534258344833
0.172655631394198,-0.450525112467416,1.58329466498092,-0.488924281017641,0.584023703316571,-0.146426912295311,1.2588189172384,0.0429693867915744,-1.1476375756549,-0.155892024034024
0.714744080016025,1.37986464368484,0.643616038244391,0.850046723574407,0.737984745242598,0.43195763649489,1.31965042307611,0.3356050550648,2.2052267650657,1.12950354416569
2.26462269390589,-1.02564765483403,0.452724527350849,1.35370380531954,2.12914337034039,1.6067880932129,1.03295107459498,1.08110594558699,0.79015591976796,1.80617921964089
1.02838075930577,-0.71166722615843,1.21534332203256,0.222942618175432,1.41242350950304,0.945531021091786,1.4176945536467,0.166601444697792,-0.514973817913351,0.0897272955348155
1.93863446171116,0.806359091334434,1.24693105005546,-0.510453313713314,0.932933872526139,0.869456584960498,0.472005637494571,0.429918182215488,2.45451356688731,1.45246989365755
3.20415445377062,3.56884228918808,1.14400222453147,2.44539019349925,3.72463791040009,0.481396684884281,1.33477584408523,0.179952483123557,3.55180497501804,3.47321580861887
2.32977800183419,3.02733402745167,3.63718998043146,2.10113290662954,3.5071529698886,2.79064955284299,2.35899662170359,2.04740914448725,1.38755108393811,1.7730556625387
1.41870942317996,2.76322218053683,1.95581577771318,3.17963714644402,0.377577565699539,2.2047224645963,2.79397940625123,2.30044676218365,2.40302090035669,3.85556467231279
1.66264227158756,1.45215688305894,2.4179060357672,3.03443912251029,0.427537796560669,0.704947075645447,-0.435221446327267,1.95820792389131,0.188009825575225,0.849141635240286
3.86517934512727,0.512298162957403,2.50677521027161,2.8412959213691,1.46061689293325,0.697530427260698,1.78701273757708,1.78273952023012,3.29231337096586,3.61245418368514
-0.0808281038735112,-0.798035289904563,-0.691793410237872,1.54934663263113,0.642828508709419,-1.3301828204,0.120795664833536,-0.167387990115245,-0.797831674354291,0.0854394948603612
0.626772000155425,2.23750620725495,4.54532882057142,1.48569171026477,2.24132241927795,2.25884726026618,1.8660654183971,2.1651042206706,0.489317626032266,1.69543767495201
-0.730278473889706,1.76800514511663,1.83293768770407,0.814734839135803,1.43426635547414,1.57083126820188,3.0313387908295,4.08325856092043,1.27437632485734,3.83358685415767
0.447580166064854,2.46280119856619,2.42486594183288,0.67608018290041,1.02698989062165,1.31752759980834,1.07922710069328,-0.599751409199498,-1.27505021181527,2.69139537037432
3.50725833347249,1.47142917415944,1.79145720697091,1.38079149148654,3.64324738427151,1.55140656679333,0.462312034677452,-0.0565712895171577,1.89084103789327,1.09621539573726
1.08544179749769,1.25161911256324,2.27235739270922,1.9721929619195,1.5923549209818,3.12885991709508,2.22802193200211,0.707998516702623,1.88945646774835,1.1204900452699
2.86306428941759,0.696930964868256,1.91147308098794,1.88145603853427,2.20461623232479,0.227848464280327,2.3704600046715,1.19829506781085,3.68686897232784,1.27337959704062
0.656020281523949,0.489994702679344,1.24661957672353,3.35593031117118,0.259707411272171,-0.572902605419359,-0.912740907324088,-1.60542347213512,1.86505851413076,-0.926871928176717
1.20772521712862,1.05320683374814,2.7212223766478,3.63821051672163,1.73743049626992,1.79237210496617,2.93811145629234,2.42492908032391,2.32285655154759,2.30079029491235
0.484452547657692,2.74028129137852,-1.26518884694534,0.723881264493942,0.187078432747049,0.0469609181939854,0.465736049482891,-0.97241065191066,1.08308961133022,0.528391121272704
2.11406350227386,2.11020787713533,0.791328864112943,2.80627221939551,1.76567078195827,-1.40327439310522,0.326232897337303,1.20927536705793,0.761922317174726,1.62249585813082
2.41520310296155,2.94728403972851,2.38872132617251,4.22088176048449,1.40792246352435,3.05700306900055,2.943281036498,1.70987394582534,2.45106990224378,2.86325334044464
1.92652029306643,0.69241148896839,4.18716683932813,0.902835828414612,2.58283930485118,2.41133676120851,1.48805003119737,2.35937128126477,2.48970381309153,2.47697014912321
4.27795166866639,2.70981749899643,1.37870367338609,1.23244217014728,3.24164421324551,1.53639212801157,-1.39439907071268,1.08259951479773,2.90166897468808,0.957842840403538
1.6751703263358,0.798342425015108,1.65733761914906,0.415458282555063,2.51160183875959,0.453959928117737,0.686100385617554,1.60047034321735,0.538444965029706,1.48367816942767
1.0148952510497,2.60856175085224,2.35614764035555,2.519473713097,3.06817912077197,2.30062069019531,0.253201605680331,0.0450149922664698,2.83619262171257,1.15088796099423
-0.178867942357862,-0.494023725753975,-2.23663548671161,0.308032115809334,-0.594132045334449,0.381755039062867,1.71993169701052,0.464812494831619,-0.117007557882055,0.0305812545197891
0.876034537098453,-0.148377746779791,1.08344953963342,0.637390427273972,1.2315658323515,2.55892667590547,1.48390723374845,2.66488296065192,0.967175467106059,1.55597017936215
-2.24297353935326,-0.68091603070466,-0.664123499347732,0.631189944306755,-0.492261105737541,1.29512371304344,-1.97004262461452,0.511507875253017,1.5244337692653,0.104104205380176
2.50067413348982,3.05846433181585,2.56694259334307,1.31511119550796,1.36626464488875,1.71895265283014,2.37132295084309,3.81382207077549,2.88568030424231,0.70837596791057
0.492563789947183,-0.0262936063432884,0.653395388117218,0.369580095163553,0.62467277713491,2.97765747620321,1.14591248138984,2.14157054948563,1.33596978469747,0.716147073526056
0.177753407426894,0.421641432160026,0.329046645095963,1.72170239462828,0.385462413836103,0.686284850473764,0.717956039746479,1.96028644543058,2.41028240315835,2.75312911984651
0.481845221236892,1.81411293934727,0.0394914612482736,0.303590109293628,0.101106615598164,0.223961763072072,1.47739785797565,0.263142321123637,1.85887308455991,1.45882061758539
1.82469950220021,2.0096357694536,2.42154461273565,2.34388492870803,1.83297088403802,1.58232958234299,1.24087324634341,2.76990124354595,2.04494126854755,3.62162411509491
3.49002375524538,3.82844542067959,4.392171386985,2.80974663151166,1.09725367990282,3.0208497100012,1.86278751663442,2.96045117444701,1.29419555993244,1.46772255214998
0.82788759479027,2.3442370210375,2.32820939227682,1.15983370731209,2.22453771193761,2.49315073776967,2.32551351203575,1.52623935217212,1.99518767935549,2.15734129048869
-0.0200005843420537,1.80713862387975,1.1558932432692,1.0979530675471,-0.828744621459452,-2.00326572354619,0.210329200185839,2.14271742490263,1.21787194817275,2.4509153897912
2.57435630775038,3.6253482439324,2.01702296359264,0.648410669741164,3.36940703596418,1.91066431699892,4.48739733474688,1.96882462568071,1.70657321137318,2.9505543376085
0.937002557997043,0.435220496303229,0.668024026885473,-0.487136847889885,0.624624674985836,1.62458348776059,0.790011990893609,2.07171311145557,1.1478245061651,1.53248476824911
3.7713050060685,3.63683878599069,3.91872553920208,1.87232466517059,3.50095787415086,2.01533606667889,3.80750206455515,2.95735803175174,2.31734038164378,3.95893006778574
2.23845256430503,1.47222052750483,2.92874569201362,1.24895022792478,1.99404789705277,0.580627686528361,0.774571063435991,1.29887991016898,3.18702655843469,3.19351859286418
0.54257125351076,0.343398796880735,1.05535988947047,-0.23145972235493,0.883947680389078,-0.57728989842212,1.14554265396548,2.01788339946537,-0.0778138191768378,1.53083145619782
3.74768420039488,1.23444311158762,1.28138149386108,1.46356937589989,3.39864016871316,2.19148726258434,1.82441537846985,1.07596384404955,1.75423218572345,0.727947318116527
1.81989969718578,2.83941233976563,1.16926288480327,1.37140030130213,1.8998091157847,1.32060847367025,1.68882461795796,1.53037632790697,0.514136938475729,0.733693557534279
0.76610082131855,1.23614134642813,1.83293275498813,2.35135985620304,1.29488450168391,-0.172201054070319,0.176404035973639,1.01870577115379,-0.946905927262139,-0.100429138281364
3.4636583303323,2.13740757331108,1.72049056228264,1.48029299051758,2.37881957487749,1.75636152453898,2.63393513399824,2.77538340524635,2.56497889773939,3.92294571297054
2.86569353077485,1.12059642552582,2.53220029138701,2.0895119425495,2.65869077898926,1.43299840170896,1.85326977210158,0.849936962231478,3.17804654779365,1.8617763242612
1.63057517124691,0.651401226689978,0.0730367766750027,0.267994975752588,1.26743923913412,-0.0524278050472893,-0.0908374042592426,0.571036900315501,-0.688449262923796,0.187965149572255
1.37260641017836,-1.26600015824115,0.920691888570788,1.36690209025402,-0.925376186372604,0.806194557742271,2.1540959747732,2.50076637512069,2.29656706300771,1.16196736008912
2.96620621956002,3.57202079545649,4.00049079204014,1.45716302747046,4.35517868475839,3.07310238259522,3.2605433134134,3.23476073855509,2.85578075279016,3.83673900784956
2.47587162101933,2.49536196821999,3.7521855291675,0.518763924725405,3.16758090190969,2.19851911594977,1.02273097121571,2.14476177746059,1.10853848311538,0.877499307079203
1.51879370367031,-0.548577931105537,0.256779936822542,2.4004959940968,3.02476007410316,1.877583628319,2.04585604669429,0.517381189996871,1.32717554507788,0.965799694822664
2.75804285273763,1.89079965409821,0.110322712103511,-0.0515078996873657,3.51872982787844,0.166180418627986,-0.419343067532625,1.623332307342,0.818472804181905,-0.20183708272356
0.658640091165184,0.539144816952138,-0.0526979300700268,1.52920238572942,1.60525774632409,-0.652449546384052,1.86948581721928,1.62503564159009,0.340238173695408,0.735921522177408
2.47361447723827,2.39740751939989,2.99517870634117,0.503069428132823,2.05707191201805,2.03827476312517,0.653919559458727,2.66202951643418,0.621231214751234,3.78381735928763
3.47992970141736,1.04032388641798,1.12022122165523,1.20317532068506,0.947198866022475,1.59518443230951,1.68337977492985,2.03272831803477,-0.0811900677806607,2.03542014102986
1.74395718223089,0.761510958649273,1.12647122322684,2.56153340153825,1.19578699446583,1.82255979087697,0.280549693406752,2.6702709426756,1.46472920005275,2.84456572746163
0.539323703109773,-1.14836176404097,-0.629268186281833,1.95173326642833,1.66445188749097,1.53790401291399,0.0452825312500909,1.60306092739083,0.735177587190363,1.67416866746983
0.497692848774488,2.32057182621735,1.77899617574089,2.1626044988259,1.26031242532873,1.55686830442687,2.32646445484647,1.36026258600096,1.82541813866827,1.84232123080686
1.09606349151104,-1.1736535021834,-1.73525832832211,-0.905131699233555,1.70119795952064,-0.881320762225249,0.40103259755392,-1.51672917367293,-0.74292159981874,-0.349000306900025
2.13618180666727,1.88934214302521,0.822531097745627,3.1824299983366,3.33688871685483,2.16938801378905,1.3652976515034,3.31860065926389,2.3689095025339,2.24105415320491
3.98756497914286,3.06311626930429,2.15865753568089,3.48983755608366,1.45560668667877,0.658253104986741,3.21271008963906,2.06501660371625,1.53355786493949,2.09368381204366
0.770240915377636,3.82140329782663,1.45425393412034,1.14206348744026,0.688631682267449,2.41876953503874,1.46826949571243,2.88687526421606,3.09367001195286,-0.021270732675839
1.84492855595338,1.09779718976081,2.03266224048943,2.19303930215144,2.41077354441223,1.74313268818027,0.669470938804694,2.75591645781071,2.02496941153296,2.87529653730403
1.66009577811517,0.228486770441094,2.019547205207,2.63610061612007,1.21388771258316,1.34254651137989,2.494733607231,1.72687257827571,2.31557900057632,0.0197395581209909
0.644207111226121,0.684507155166899,-0.18031801831155,2.28265848132185,1.85733255485326,0.366108470315558,1.32280897125138,0.356318671198943,3.0052974066993,2.61011430978957
0.209247252489831,-0.19471221642348,-0.937558508774264,-1.79706573161785,0.648102850274007,-0.224533456918695,0.210542341911282,0.208428967568079,-1.1623744316178,-0.457217312974081
0.717898119860465,1.40577499992884,-1.01831645683541,0.291820575530605,0.0111696618709137,-0.145123840216904,0.808980924423896,1.75446637150995,3.1360909665495,3.02997938876793
1.43832963300522,1.97220827311073,4.37827885917156,2.62304618287678,3.72827003702486,1.83728858931653,1.39632126582534,3.33486896229826,3.06088841823631,2.6581263391733
1.26033033825204,2.77799645154171,1.86664738130117,2.56966499983438,2.06256288814842,2.09030413976691,1.73723786051505,2.12421778079215,3.24792664013879,3.00966367046013
2.14886948258437,2.0520373390581,2.06657423162684,1.07934060460998,0.629540450831997,4.76849368214171,3.25190845833539,0.699665899043191,2.08461784748329,2.82596660761263
1.15092045722962,1.28434666094456,-0.434650927761327,1.83594995904982,1.58480915156529,1.03109703328562,1.49593794423317,0.332119175192514,0.166932517044849,0.498122950669659
1.84188424896978,2.62380151740281,2.22420743384362,3.79186486438545,0.79779198189573,1.58617195433578,1.66306964523451,2.6733842312022,2.61739584656155,3.3047166053708
0.328815269514097,-1.03767218245641,0.0718379824241609,-0.259691192827582,-0.0191062597933264,0.184187730308933,-0.000784083366490043,-2.51772683437255,-0.0819364497690373,0.384014610489511
0.450608490118352,1.5224891826798,2.06278693730723,0.463188127310618,-0.27243800174796,1.84532447304678,-1.66377234913784,2.42860697753695,2.05037415723767,1.49701452628425
-0.290599424030481,-1.67943063777293,-0.15996858979895,-0.887005710867181,0.868499456271358,0.0297520684162861,0.446899391839039,-1.01678613438233,1.98919188998254,-0.745320187591512
1.05720098677947,1.74812980516742,1.53030922245648,-1.58405005300694,1.36719720751485,-1.86930748165248,-0.00451934056491243,0.806918351067128,1.76352344105639,0.787965700931719
1.03290428571567,3.23649238241218,3.14230011117157,0.877454273715811,0.905464817493864,2.40384028245426,-0.614915219452652,3.68622959010839,3.18304512548688,1.3795220793907
0.867496542399045,0.157903440713385,-0.830685439808601,0.959017873477026,0.546181984004761,0.685271865522176,0.362016473957927,0.613082501186917,-0.131607866139026,1.54110374706107
1.18169400583712,0.698166330479888,1.01168267641734,3.34798786734142,1.26121645159102,3.60934555165278,2.79806508374482,1.80496065911696,1.9494218374342,0.659083960724447
1.6462826919866,1.05476070294979,1.93407858314861,0.793317142315388,1.08302628931511,-0.256686228341288,0.496570873640756,0.742311422567089,-0.196009427097334,1.62698372558156
1.02445212166066,1.28169635948415,1.89619385443839,2.01979767002437,1.73208170237898,-0.35493334037631,4.3985350688844,1.76830094403466,2.42480728306975,2.64834235010936
2.27782448798272,2.06798146690911,1.84968594825659,0.955065453186385,1.15063555752467,1.41327130017666,1.27539266739376,2.72798375699394,2.02719077712968,1.70983721792395
0.846564438193774,1.25236784462493,-0.0397851774920968,1.56522397014775,2.32179593294605,-0.214381969913655,0.66487352385376,1.09009495242209,-0.217219534689468,0.234161317943427
1.40327888590305,3.09340715815869,1.53236422481442,2.73138679940645,2.95239071879802,1.42051606975866,2.93166301109309,2.33813536195034,1.57760450381965,2.81066057636085
2.09989545992135,3.1843521422564,1.72672970694562,1.14905253357145,1.24360866218855,1.54875894044703,-0.154628355758851,2.55423787678428,0.983157826102297,1.78160245293126
1.28796815646558,2.7304393440947,1.43985835981139,1.86297557238721,0.868407542578623,3.3332413593225,2.60197384581806,1.84512993158843,0.660847446165439,1.3095654858412
3.44632143297553,0.935423073845921,2.25364985220164,1.03269060274591,1.47267608410004,2.16754245452122,1.81730636755193,1.87356526520564,-0.501861573260894,1.63989938355453
2.77710384542913,1.39167956569758,2.1408867908638,0.847758944544834,2.19977564270124,1.37123330448096,2.57895900584587,3.06327844283296,0.912494286111981,2.48247103880462
3.20409737869938,1.55054159634864,2.59800828814485,2.05094705696528,1.91668703911583,2.02353127763237,2.36450738148412,3.28088164137664,1.19093700020956,1.9835983633594
1.72656326379346,1.6048380163588,1.65609057096977,-0.68919031149504,-0.559069870099319,0.00128605247102698,1.66510936708059,0.38764402068912,1.40088776675795,-1.38075409078068
