"X1","X2","X3","X4","X5","X6","X7","X8","X9","X10"
1.84369424745401,1.17006597735974,0.825842841638813,3.07589355651033,3.27117169646001,3.58765276660984,2.62861593421968,2.61480549996304,2.10739273463602,2.36378258629037
3.23822822855565,1.94211186489892,3.00380714022494,2.54784465031416,3.11447760917179,-0.00697232152723259,2.78423602873954,3.86876452607823,-0.0635275179540953,1.15259375441458
1.19147833360821,1.09261676837406,1.40162166191241,2.9290048827566,2.95522218790466,2.77824275266041,0.373447717783289,1.13069515575466,2.37048296782837,1.0345409943054
2.03222531146198,0.985435178322658,1.83174928050728,2.40938436305833,2.66263290861262,3.49357259509091,-0.263474575511292,1.45400473023362,1.31792082815942,1.04719773977643
2.6706916855501,2.04109979198768,2.82411592725468,2.98989705411226,1.18922873540161,2.2723252303584,0.917350825979154,1.64313745352919,1.53286959479016,2.44001989261569
1.52183090653169,0.913216511417518,-0.374605677450068,-0.680383714084626,1.45110975805809,1.07925191165043,1.47836215239351,2.06473894876194,0.734478707620319,0.265841380090195
2.08742019151001,3.15895011433896,1.18051566346222,4.58623210921321,1.91202421946019,2.95403740023588,3.94340081223941,2.43823668293142,3.16338838737134,1.67783474001674
-0.918469265137527,1.25779876307877,-0.844079276299967,-0.278648460268153,1.38617742141027,1.25467075716826,0.98156768574611,-0.7024738048988,0.978284608933725,-2.05783640888415
1.33250542864674,1.8134967299164,1.42792620533022,1.80001874972977,2.33286617119703,2.26073171036242,0.787391530856084,0.753968408435089,2.34565046152637,1.83022654413552
0.464800535593628,2.66736826977431,0.811204624518672,1.61126192142974,0.351397047813646,0.461498605782171,0.615448955913964,0.863129606010673,4.2264972269511,2.76282386511868
1.99219820270145,1.09034620257029,0.973073537378468,0.552123415863196,1.78513181540832,3.53597577630942,2.42563455786707,2.22510776036819,1.7003617140563,3.31591430765711
1.8875916910484,-1.13808420572627,1.89462814474969,0.26832362823166,0.634889963189941,0.865738310894746,0.863976478593066,1.36438852549535,1.14433771531265,0.0696673911089875
1.5848410439038,1.38939171579506,2.50671534845951,1.39886954206215,1.83914826539462,1.00759527199364,-0.340622084362183,2.38619342005101,2.47116925999903,1.77133435051828
0.323447498044335,0.990845295388362,1.45377420046532,0.837602335433149,1.77353626315866,0.855839407666178,0.67042744719157,1.5874784248573,2.04612643947248,1.90323553986741
2.79283159498101,1.18228154501489,1.76598377428323,4.01707107395538,3.32957781601828,3.4249095554276,3.11640544436458,3.61116478120121,2.38269366978523,2.65033836993617
2.38506280459271,2.38343096546157,1.27250763569231,1.6967131054491,0.63069972272045,0.650494710119439,1.29454645667443,4.42972186661474,3.21305098860369,0.661432371257573
-1.78633229223058,-1.19395404185551,0.914019730128799,-0.144492146056255,0.535520405083936,1.02531280962488,1.39139344389049,0.620243317173448,-0.424135521249344,0.508588109728224
-1.03668927873052,0.4896186289094,-1.04207884613943,1.34330317686861,-0.109122357979185,-1.45011517652701,-1.47035185263246,0.652957349252275,0.246252605937229,0.794352633220727
1.65173265338244,1.60070642077856,1.32680981823146,0.432365504400415,3.47508317562791,1.41254860413545,2.34945452131909,1.47795975655539,2.09907714405637,0.339454351033477
1.69052177218807,1.49848051877472,1.52521388061512,1.82383921496938,2.04731436332077,1.9121008130848,2.58210784190144,1.23160032080973,-0.00469935137298494,0.713738103872969
2.54593983971649,0.807098067756555,-0.0317337704441274,2.35064580217756,0.949120288984068,1.57903044653515,1.05170601621842,2.44288922679735,0.174089813847718,0.362467891269762
1.67075919373607,0.51254304309254,2.30636541840937,-0.328241730661158,1.71051471928425,0.740793696218002,-0.479851349026249,1.50821538100202,0.83995321599356,-0.0458682728774438
3.24074031733056,2.27856846883685,-0.473914549017165,0.680407404497432,0.943744226593132,1.52406583673787,2.20658404428666,-0.473378394204608,0.958231984050062,1.94314630604321
2.66008771156715,2.69267207998555,2.78518961892851,0.339985155617778,2.23574244286864,3.03433471463016,0.96669625790697,2.06351480037711,1.35848093192781,2.00648211999998
1.93464685244699,0.448115185849039,1.94421505945676,3.44363706997694,2.55021558073998,3.15988699964078,3.23676303098093,3.05694058365497,2.67767164573529,2.3798984591451
1.01551459444376,-0.218074547499769,-0.397053434468412,-1.23396060503555,1.14816226250567,0.646286169761561,-1.24847496678149,-0.603658792430914,-2.64234200633644,-1.02119040312378
1.15114945016507,2.04396270792945,1.7300560433982,2.57630303851446,1.56401046280137,1.49138650744091,2.88195883309688,1.93688558416918,1.80099743038137,1.79549747950193
4.34001160838844,0.901428600204903,3.1855016195357,2.86977304605835,1.20370014101701,3.52675663617852,2.92506755930071,3.00245341443674,1.67721851031178,3.00770951685553
3.30032811578041,3.8728089329642,0.44122574362808,1.40675615473696,1.96911886593821,1.02006819374034,-0.436169462520994,2.52809903517871,1.86124338756656,3.47849536326716
2.22537922848323,2.45911712327206,1.92293584297194,2.35466941114475,1.427357314761,0.737992794327033,-0.471059866335842,1.06035939341338,3.2936836789297,2.50978383536166
1.48211417258009,2.30302499304242,1.11792749724035,1.99136503896467,-0.133616726537715,3.66130345137388,2.76957525664293,2.34201678594313,1.78677106320643,2.45920312019259
2.80806158307128,1.84289457240765,1.68794422506278,2.9301477908958,2.71481938247108,0.367570860107949,1.50452097129205,2.34233611696852,2.18719463573534,0.936172832349042
2.3757568259996,1.27799121988638,4.25289738833347,2.7133659543671,1.76894309469916,2.70264483826733,2.22132475307034,2.57608107642005,3.83311099740566,1.36955860659145
0.417794510167879,-0.379031528827311,-0.540120213872432,0.860264325058075,-1.32837326869038,-2.01423050438355,-0.210631593788908,0.625144853401298,-0.273189685589623,0.716140310088265
3.20795162681306,3.58667354497927,3.01952642498639,3.71823347243206,3.01779381462122,3.23444928860324,1.60904214812075,4.91467967358226,2.11307622420148,2.06925017013648
1.26858712838437,0.113180032160258,-0.515241592091566,1.69221943937568,1.12561447276808,1.60725404938738,-0.20712984179266,0.958209371525725,1.58163882597187,1.41780066838501
2.13661732611265,3.20302657245728,2.5436826943237,1.16730988983556,2.19159518511671,0.824053897620289,2.0175821469416,0.744228080012255,1.70573015970772,1.85475004811366
1.8305704677884,1.37017221414321,1.97714094218187,3.55740069607894,-0.00232365173584959,-0.670523571868592,1.25298360215815,2.10359179954025,0.811455332225666,0.711946463007667
0.977514525191777,2.50834010864926,0.693623162815555,-0.320445939786789,1.96921419825551,1.47870570845778,0.757295734155492,1.0296598023368,1.83208388229076,1.70524975803436
1.47934272958687,3.52298723189274,2.79925558163785,2.39781829959772,2.155989864663,1.91063153166366,3.5032202914776,2.80395437458795,2.21446222287384,1.06731560175893
0.860329713520775,0.536776157455281,0.895323999442071,-1.23052973705618,-0.453383605328286,0.513333618390977,1.91649744683126,0.425401380517202,-0.00112048068087789,-1.07821946759351
-0.353989754558715,0.712770893862839,0.75316613487727,-0.289445519969231,-0.175157455969539,1.4405761326066,1.06608575379284,0.750466269583161,1.83166577745288,0.660647650739531
3.19946796362015,4.45771561534508,4.13828293318467,1.49823762142628,4.57481037877543,4.05197110306207,3.54956715571023,3.12724346849215,0.732228234204198,1.90603533506663
1.1387432516155,1.26569987029494,2.81353364839526,2.7103846647094,0.899484992791156,3.05316699035787,3.99155360350947,3.42516918669917,2.82728379685163,0.863253204574689
-1.56770784950282,1.70468433026696,1.01508384694018,-0.0508848671999751,0.438616075690395,-0.352562469158078,0.92173121408143,0.500385342582085,-0.852754491431772,-0.538306795567247
1.65922327574937,1.52170627585065,1.84180927892417,1.50200808230631,1.83622581714773,1.74497869544056,0.780398930544641,0.0612495805738864,2.30672627298556,1.08308817016306
3.57951268826606,3.92913414708058,2.64556415701683,3.46534628126087,3.44369955222127,3.32331071696054,4.02496709826051,4.70052050456342,3.33455210367567,3.39922699514513
1.62595241698645,4.15188073939287,1.63440560498914,0.606899138952418,2.23539262021967,2.71034182097262,2.9424344120377,3.12670017173974,2.32880809361313,1.9886526788524
2.46069140544008,2.22270568897503,0.0112475431790406,2.52067673310927,-0.0631539810761046,1.99244248702698,3.04524656811524,1.92593572211288,2.93814353855475,2.25762776413493
2.36638039894793,0.333461934064287,2.50576057823597,-0.254924646085135,0.484115135496256,2.67064634048154,0.114556538664083,2.02273319702823,-0.541155375021821,-0.129014194088912
2.24199868599068,-0.993112785654447,-0.017041259158854,1.00193819600435,-0.862533367584869,-1.8860367499039,-1.12079104546424,0.362564182542895,0.565958011409005,-0.0521592048265979
2.95422846196173,2.66463998219055,2.29922145410846,3.35699386448622,1.09454137436534,2.20270418701712,2.67030819029085,2.54709250522213,2.47141699020408,1.72089236684145
0.692964878122018,3.80987704176214,0.573652842862864,0.426888570786191,1.44882155770908,-0.780218785314775,-0.864127907494536,1.12638619438921,0.962666189483304,1.43740378439174
1.50106521454743,0.241724184400157,1.9653153570305,0.241798939225293,1.31483478832223,0.796550310238882,1.79346158106713,1.18655836786697,1.08246537697525,0.67555229041086
1.42268807797747,2.28630525575653,0.513071153994898,3.04235963294458,2.01134432521711,2.97168905922628,1.33303276390911,2.53754587826624,-0.213902624429477,2.19320894664145
1.27346655118129,4.13365187465158,1.03165543749613,2.03324432586333,1.4673731140046,1.21379101861233,2.45251521916181,2.65177648726276,1.52850636410583,1.88556491032071
3.14003629729996,-0.0447457525946104,1.6240738553244,3.48759854766497,0.550334228062148,1.90321212835186,3.46342852782531,0.670025056039737,1.59651978370381,1.92318191710954
1.90380457527905,3.99894220586726,1.30423810804866,-0.108598259354246,2.23014606205205,1.90827878295815,0.642832889988301,2.15078145352059,3.69744990310413,2.78021178271417
3.0707877948999,2.64079683304263,1.7284245082401,3.22034937686816,1.46046480559179,3.04169154318569,3.15243784444174,4.83262455470502,2.82714647499077,2.95499567331229
1.03276751833754,1.04884872659723,-0.369154102888245,0.274367477546975,0.583248860313828,1.67664210879061,-0.706267598612165,0.574718378363075,2.82628066956455,1.05637736317145
0.485248287973521,0.264482868242864,3.23234801284194,1.1977679383444,0.854029072878985,0.574857173256722,-0.142080516361892,2.3924359298851,2.09572391247682,1.53840473507436
1.37830661879388,1.05847769222937,1.39043006803138,1.12348961811242,0.865370751193284,0.781224798665138,1.287233137464,0.41118741663263,0.943510799351833,1.63285625749146
4.03040357222844,2.24330072796832,2.24548977002415,3.25244314891078,3.54912272061615,2.90957597195622,2.68237305569663,3.078900904593,2.4327963386999,2.3966998043371
3.05454839981825,4.19987133265856,1.09951949384196,2.64522354448477,0.972114096186433,3.60526506213997,0.0635400149904468,1.54695983641138,2.94496108483563,1.52961628453947
-0.231146928420508,-1.06133847039488,-0.701119071783004,-0.375128568892026,-1.43433119564221,-0.432946087092412,-1.0399710430212,0.869788853762677,-1.00628670582482,1.10412885171922
0.646750321127576,1.14517742521244,0.000345165149210458,1.29698126518078,0.602731041636058,-0.370611280564242,0.734603460516312,0.589431783161988,-1.10319798336633,0.58995722483972
-0.861464372467795,0.0849254332499105,3.40601119008286,0.975322117410174,1.52703182102452,0.104143242167585,2.58881279416555,0.53881112818131,1.91297371898886,2.84323640318497
3.67570808473561,1.14642401095781,2.30376060790109,1.6713108802657,3.16154273788937,2.22354970917357,3.06357701570474,2.65598572394593,1.85117675956926,2.62337941993212
1.29233084530813,1.9426779611071,2.36747908474347,-0.616164367838313,0.280918574785319,1.42673418064489,2.21640916896331,0.35665125061517,2.68376182597022,-0.805838048240368
0.0659933548784964,2.44995930648842,1.20949651054526,0.724932825411663,-0.38077096289451,1.29608129759556,1.03616516728526,0.423110648291311,1.10651041573833,1.33388833935524
4.17244516962804,3.11714499426658,3.9175443120761,2.6391645263022,4.13003529693861,3.77763648378418,1.67370390128667,4.34398753087309,3.19081530854724,3.30310656332974
4.71334448937672,1.46446139923316,3.19894953604787,1.42401994829501,3.17274312843906,4.20249639610081,1.70749133141157,4.33451414567367,4.63192346748451,2.89151717895154
0.751165111322255,0.454105664761602,-1.03774349494129,-0.984454202803217,0.0582208124618037,0.447733188110687,0.177064027312511,0.565318089785516,-1.18748489106676,-0.127435917972784
2.42802826506598,1.41320001447089,0.605426363287601,1.96403138187011,2.77287946933719,0.723156589724764,1.77526379001301,2.27422603565483,2.27053240063115,1.20678410456132
1.53357573239067,2.51822208438806,1.41541499380345,1.92855088382069,1.77173525578479,2.27396734104285,0.833322494241131,1.59942291246479,2.26668538491594,1.2265460492351
2.27687404476744,2.51759237471399,0.537428990292545,2.07597911028145,-0.031369283537926,-0.0779707099848821,-1.05315152197333,1.68893396370307,-0.465823967320737,1.65748167490415
1.85890811049636,2.92820115473006,1.5837969851535,2.46802321069958,2.64335498589964,1.77500348140757,2.38080252774845,0.103546158319159,1.69595804930514,2.46722288901286
0.0214641552823448,1.68251864636598,1.01948740679929,-0.533050788628542,1.08177028862192,0.214796811321643,1.04760806631868,0.737727577763934,1.30956892202122,-0.266836305330606
1.70251223331151,0.948982264012536,0.286320100754127,0.738442699716921,-0.802627332859259,2.78556789588931,-0.468595306968022,-0.852013831660716,-0.140161117519896,1.82940167336466
1.42804677906707,1.52354346192402,-0.448232309872158,0.574879140217886,0.911397275798266,-0.302166067371344,0.785888561182062,1.36837501569874,-1.59807042513167,0.176796492357437
1.99676117902745,2.93236560868429,1.94442557432862,1.78336074193588,3.23874888805921,2.90050728470503,2.45400632730006,2.72242344694776,1.89160057378863,3.03096177364812
2.18536481066571,2.58325423689645,2.92080789525064,1.04706903222905,2.93933325626212,1.91577428741713,2.65600964128059,2.09327569492807,1.77933971893491,3.46466055536292
0.831628989394831,1.50655304962854,1.83309993305932,1.34090270415013,0.475160315583473,1.27700276012889,2.47689094562534,1.39360160422539,2.05018095640756,1.67048075866617
0.344071921887812,1.05262753795289,1.4450874730175,-0.120952974079416,1.39660742875631,2.69150014235566,2.29581659825326,1.79840012668499,1.72807735429291,1.75016467326182
2.55011542413864,2.2475276641306,2.3321269709515,1.99488790934215,1.26060005371691,2.63191382544874,1.23688181558949,1.10005542078011,0.133921784330506,3.57866199840836
1.18348540415549,1.20913493216336,-0.221827997877707,1.51406704775826,0.481851788123829,1.07493752874032,-0.0913550216369141,1.8993363449979,-0.289560947066237,1.63205691075666
1.06199680473105,0.435627510175488,-0.144270385555509,0.584059578301599,0.696117269319591,0.335929883976433,0.420493014762638,0.282739436515041,0.418278667744365,1.16468102419155
-0.205545629463794,-0.0941199720150734,1.57531718192059,1.25786374271651,0.296570648177532,2.29013913902895,0.297957321068094,0.410636070890052,1.80515542870978,1.28927654995994
4.58754158900963,3.72332182235621,4.5095757767249,3.27743919790523,2.18030821422761,1.13503590195166,5.10212308019481,4.29127366029871,2.78446449429567,2.3773144967511
1.93116763338393,1.52421180776189,2.76831547738172,-0.762318812607636,2.46627846773034,2.70985980296222,2.17738344633311,3.49368301544394,0.923005970228202,0.608201962412825
1.78287101277754,0.95379109447857,1.38996449194638,1.22795151244217,0.945992298566183,0.797924367795796,0.62053225835697,1.22724867294139,1.14878855352341,2.82050454984972
-0.908797639389976,0.666803096507792,1.66145526807423,-0.526660176320521,-0.93258628284441,-0.591539152516471,0.860217938005854,2.1635128154106,1.42012250739658,1.50935470706079
1.92171890447252,2.45598944516432,3.95585960018506,1.50522997091939,0.39039925277282,3.62092304225523,1.440018527232,0.821475487127429,0.329346529292857,1.72098166266171
-1.26149006232447,-0.389281741071213,0.108740517676438,0.816562691497282,2.29364716047484,2.02878349717938,0.475475766924865,0.55267752119928,0.43783113125645,1.56231727882486
1.71432929069534,-0.416342600659681,-0.144934254988869,1.18035157768053,1.67449879574756,1.45110989512012,-0.370179571460848,-0.262090671960117,1.46803799746456,0.354024324720708
1.66020542308997,1.99520841658897,0.800777468027758,3.67586743851772,1.79872358849801,1.60579785030508,1.84773236901891,1.54838617641603,1.2947658097205,4.51667103418665
2.1488800041834,2.94809739430909,1.36231636398041,-0.471069349689769,0.873382774954651,1.43073056474297,0.394848562155868,-0.717777088251741,0.466428454803717,1.51537655690141
1.73200765889561,3.11666861661866,0.859356295574801,2.04262592105454,2.14825279522125,1.02428325337442,0.36328978390334,2.83363844438457,0.626657419086971,0.928447924242722
1.69872669288739,1.46736520860088,0.380724138861886,0.546534625970276,1.05841288195522,-0.987749844207263,0.329509395146928,0.22829136008642,1.08097121077026,2.54640468944779
1.88125269804281,3.08234898698157,1.864426932156,2.07511541019787,0.80064261537774,2.48334882812221,0.961104118496297,1.70025018457256,2.33052875787844,2.82225298601716
2.51686571514387,1.45385691957475,4.69588583239424,3.48764897297975,3.70585454518482,4.02209346999769,3.60796579749675,1.62519592855314,3.54103498509129,2.54636982423094
1.31424950373536,0.109826096190436,1.06911323346003,0.4343204403962,0.337705986138139,0.614057687196038,0.379613007958148,1.21588633987813,1.83618867009026,-0.148785106601621
-0.38069214489767,-1.97274475975587,-0.862838945313569,-0.541504916703315,0.462605776360696,-1.85811409627281,2.25070148345513,0.626732059225039,0.0531745168738517,-0.826876928441809
0.551399229769356,1.61667164488709,2.0131959666328,2.52354399009451,1.44011606755766,3.08966034835377,0.57682164624655,1.06570024244774,-0.484833603922484,0.570449558008154
3.36186672357577,3.60918801074144,-0.296272703555851,-0.360326328883433,2.53225296009239,2.74356187251432,1.84572045085118,0.0485618200416533,0.0445568256618218,1.4985752364005
2.90069681606354,3.28517995863812,1.57440905301502,3.37844398801799,1.71142764407487,3.36015937360687,1.65096841234092,0.91768090632284,1.28027679805144,4.2060489016027
0.609399697091448,0.497287448730841,2.07916387487812,0.628731213556607,1.2307345940814,-0.733517551516184,0.895629409357919,-0.216635610704371,0.803809577396495,-0.521751397832727
1.24575112635204,1.61052880502491,2.07226432051872,3.44001391351919,0.722321657687061,1.45589419811424,1.78887369165897,1.654315157018,2.21966625343412,3.3031011879301
2.08471928668706,1.9857046379912,0.118244522621931,2.14116199587806,0.736463845290454,1.39607642213887,-0.681315838450744,3.46389931586189,0.440013234066424,1.25252084482356
1.12388732977522,0.78370708558435,0.329584671581821,1.29686131698883,2.16330985149296,0.420371303450719,-0.446020129992045,0.114780642222043,1.7559452547713,-0.116053842135582
4.31191856786351,0.0380004516644736,2.89464789471123,3.44774917365017,5.09082831792544,4.79255484254698,2.6402043426175,1.6298918127475,2.95224273593713,4.50653021992054
2.8973421339526,3.2837967666866,1.42633221000385,2.17977984640011,1.48249515641175,3.41926884083608,-0.403893201699348,1.39720022105146,1.15003530364428,2.78790294496244
3.11761144460794,3.41829078414013,2.53752595545568,4.02981233565573,2.35183069105148,2.28885819622543,3.4670987399805,2.40918756084077,1.8371857537346,-0.185122021688445
4.37104174512098,2.3023878592899,3.10477593343932,4.04215473717103,4.48838657248501,2.97495920935768,3.66663347130094,3.62998372434937,2.94857588620781,3.34209020802812
0.387499244065785,0.143660401479047,-0.847023992856691,0.339484436692794,1.01442681920388,2.78323154353866,0.919416683668263,1.98078322480438,0.388657797976647,-0.00487453664656434
1.14823557691555,3.32116767419337,1.95155639425833,0.174758959754946,1.68166034481353,0.868269195298548,2.86150325766095,2.42242698170027,1.32199825675536,2.91343172679868
-0.0628021089856062,-0.746687011317956,-0.677746574982238,-2.18916103680276,-2.01386148591347,-2.88526074928694,0.650266205456031,0.0424237513534259,-1.40171176039956,0.949516972544529
2.94723113255574,1.73206419005195,1.02957650342938,1.65652110433079,0.740549056351115,0.801016385636543,3.68375441204129,2.93551805561779,0.921137216112203,2.50340519114735
0.717960100708829,1.67815054779911,3.46756919052478,-0.453752006183366,2.03201087231595,2.94257604599522,1.70178146707309,3.97281020594397,1.3044386386011,0.6456098799194
3.80016765105721,2.24047765091293,3.09216223712589,3.17641271392663,1.98830034881314,2.6555065221748,2.34117121590756,1.41081167804283,3.0906888650086,1.50556977354255
2.93067024663628,2.44719931268455,3.5167682062801,2.76019020167751,3.87323902707111,3.31422469542076,2.35091502582406,2.56965441891046,3.33712151410517,4.54705561026754
2.76270177610621,0.141824669040596,2.22402323199058,1.36662010517553,0.996773076237112,1.90574566394325,1.50736052441112,0.439710389632081,0.172481166429728,1.98946470174269
2.98860967915798,3.34606569177619,4.66056248038541,1.41455202069241,2.94899468627584,3.34717157447337,2.9624890739872,2.2872448414078,3.70429343489911,3.17300759215094
1.75723879879046,2.57539002393253,0.844771438640568,2.46037238049196,0.849112332902144,1.81053167212923,-0.209263353150165,0.46983154257127,-0.612944909083642,1.21468771685639
0.741915473414122,2.38613711452325,3.22369234717971,0.500039431626423,1.05875194374087,1.20821117638963,1.00351833996367,1.66045489584428,1.90241824553653,1.7698711300485
3.51401267244852,1.13394796264483,1.64373874871666,1.47779313259308,3.17017030019896,0.0251375672171579,3.06699494663376,1.93787730663919,2.22638457036446,1.25101285155372
-0.277840035414392,1.64071887716189,0.47066232154795,0.974203827580467,1.49441880562477,1.33425208492016,0.947290775665645,2.00986065428101,-0.230402678643209,0.619880571067008
1.56732709061654,1.59743618695128,0.824585782866727,0.503179239183744,0.912599996582274,2.91359940612599,-0.450874497771977,1.67780160396138,0.835066701881193,1.20636319855411
1.79175609342939,3.41856039731771,3.90396976794139,0.603723922241636,2.60526431035371,1.94247807233206,0.673967438722449,2.11322797022862,2.54870103041658,1.61294622526227
-1.09148980107789,0.0228272656733695,0.157340607214839,2.23134239362986,0.255381286074533,1.23959955992107,3.34044646135516,-0.714515199908941,0.842728020682793,0.477304202424517
1.52388370350393,1.52724852026519,0.694640576771702,3.08158982223159,0.83864223721291,3.11356790243291,2.16570955939477,4.30264854518775,2.21012366121965,1.96741877584426
2.09566855459496,0.753135245410102,3.13556225996291,-0.209819353978987,2.18270011509732,0.880622230359873,1.53239062963795,2.69016627002781,1.62901499671523,2.8892822267546
3.14288473996443,2.32541282364413,2.51181313987475,0.776123274868565,1.77087988664678,1.99908717178481,3.64460634113845,3.10728693996999,2.28156127053554,1.97712526905678
0.00160125198206776,0.263243528057379,-1.13262755415398,-0.810640032573071,-1.39860514045664,-0.116937735425503,1.01806443411862,0.772254927052454,-0.990633516575944,-0.725485609021293
-0.750493347643309,-1.04635511609646,-1.41164772147575,0.362333460410574,-1.64668778375458,0.249196349498627,-0.446368948935441,0.0303350064413399,-1.7293649583882,-0.232660589067697
0.184826220075738,-0.878755442301831,2.22986902708835,-0.219238156037139,1.1220907861585,0.183751406136532,2.16666613834776,0.455248670351409,1.08421285500998,0.604169700248693
-0.624077087306097,1.97860146328449,0.405682670198598,1.02267106641043,1.55004322553713,0.274414694659128,0.0262004431857623,0.0568753701513994,2.28495831943697,2.1138522054237
2.43622609217571,1.33728731661307,1.73003294484395,2.0677228628249,2.37395743722811,2.8792821427034,2.43874071464108,0.996177986657368,2.45324037358868,1.06429391672951
0.856024154004923,1.35063818111642,1.23223256639065,2.9966144150052,0.905767002141578,2.41472494339287,3.8314730969607,2.45668776196261,1.79406105834923,1.11956344296883
4.11694823305012,3.65832408304479,2.51332455723627,2.55880862106389,1.9126624189856,2.52157794852086,1.69461898194548,1.63997943557611,1.45831004566311,1.72468757751613
0.76913513344791,2.40447969979042,2.80880063984941,4.13189387197091,3.88384148642981,2.37432326200336,2.55731191541791,3.84018292279458,3.06877847894483,2.14787165351026
2.67289054086142,1.57980436069845,3.07908349368725,1.64139534867924,1.77062294408315,4.02667132873541,-0.0731112301892902,0.577642094084237,2.7897029103275,2.93634646923767
-0.03056245750389,0.0477692259714384,-0.605391421964594,1.16691135893206,0.11471243813307,0.75208003282136,-0.494720881829661,-0.675992421833888,0.23447161812757,-0.903204314431803
2.43614260675117,2.12153097053146,1.56789946073303,2.85320090350879,2.94291673087495,4.03330206223552,2.73285909232321,0.987964085090651,1.16774043079801,2.14558251889548
-0.250740502259456,1.90109556777964,0.999589437521999,1.28189839417065,-0.306781569202363,-0.822384362524045,1.48697185075829,1.0271384770981,1.89301003912103,1.99818169059373
1.8556094209137,0.27492932910814,1.9728845638429,2.46422180952713,2.15200010987481,2.94949795022364,2.05308022152852,1.63227139665043,1.49126095378244,1.6249300736323
-0.239099707148705,2.80548726424439,1.05540253016833,-0.0563018468362984,1.19023457322147,1.32813401704297,1.03110534379906,-0.604689692480677,1.10878111279669,1.8915426123369
3.82412509863047,2.97419996871737,3.02331079328818,2.54858939924332,4.33440879281843,2.21065751068301,0.688462288046008,2.84787641604949,4.71255189601885,3.59458799398523
1.7955116736004,3.18135503310623,3.32427528202243,1.70583144111154,2.55485774233297,2.98652634685023,0.841751108350742,1.78817995938574,2.29939375742482,2.54298114059155
0.043264622844672,0.490573241953208,-1.06899343210135,0.784328915235244,2.59003797386466,-1.71220090182585,-0.733801465939629,-0.549302398609646,-1.10313606781955,0.180801675197794
2.21272351900453,1.81763140195531,0.972480367710905,0.669520236994878,2.35541080410433,2.60390560855361,3.17888150518882,2.31593363819493,2.37273033682329,2.64569627052836
1.0734938426632,1.77926563088165,-0.26758360786388,1.5951408791199,0.880586336531693,2.26502999876969,-0.701697859660094,1.13176509087058,0.157034595997956,-0.615822569312789
1.16348741846952,1.86095633469259,1.51801049519469,1.98311191914367,2.1519955559993,-0.037762774878261,-0.0110516186531204,0.915167306770892,0.397971130744123,1.09487904513917
0.104995439384205,0.924905400276253,2.58888632199086,2.44469276446484,1.02435770495926,1.77364756225346,0.346691450882286,0.317299433936807,0.75162831534222,1.19082909229011
1.30312669729185,3.36235383478952,0.80625496889117,-0.309615741919874,-0.767980824246699,2.16985498030507,1.36124222654661,0.900156046824043,-0.318620343027646,0.921473910815192
0.805216363807785,1.31820065837439,-0.743335835208362,0.413101902860332,-1.45159512544583,0.0780302587748073,0.717423907030477,0.283783677294357,0.398762746905009,2.09350000151313
0.939598207318359,1.76796855471666,2.43090626129336,-0.799100364129815,0.868782706361119,-0.0314869542443621,2.28684046146399,-1.23696830902776,0.34494998256694,1.79673111736003
2.66552243179068,2.16319876960358,0.920362210154308,1.17000426454094,2.78494645338337,1.5316967456066,1.3495630922456,1.75126512536628,3.20159711577542,1.0453049645165
4.66618008357054,3.72700148532934,1.80269240548239,2.37789855267914,3.1869139103236,1.72287931816281,3.40196211089745,2.33602555354156,1.75030619993758,3.31961382031756
1.32694031332287,2.97206907335842,2.23942588764137,2.69732653186523,2.55745276174423,4.02165953059384,4.03224572497646,1.78320871957937,1.92439201847845,3.78541977293322
1.29185464393629,0.436894663543555,0.801262452308448,0.0580650761173488,0.696836807675462,1.18959792081478,0.559073621784988,0.265140408413658,-0.157301530210242,1.47649614289232
1.08022091268664,1.3897571707406,0.185795540376727,1.84300744362961,1.80884418492808,0.825983912796792,-0.38545444859801,0.356318754723716,-0.967052536091366,-0.573781497852775
3.62715707632353,3.00806127047862,2.66114530522531,3.4364919724434,2.30698789074952,3.74644128773485,3.64118649849077,4.96671258262383,2.83670976244143,3.92295494119481
1.13347728134064,2.74567717496778,4.08832473831136,2.55705085573072,4.55828240052668,3.11761278510805,2.48942113758241,3.5967836657183,2.9688731062726,3.15924984053353
0.568234275591644,1.40790881714994,3.25297736778585,2.91680257687923,2.9173978672395,3.16360816629407,3.55211930285752,1.89942608402275,0.217072872720927,1.61426012157731
0.86984781761626,0.191320452856298,0.142186835444332,0.956570596248986,0.699826068405141,-0.497872572392425,2.36060110242657,1.80652928483376,1.68866434074256,1.44133126541399
1.95612310291152,0.835329402275392,1.41916105338216,1.53761706497112,1.76097112948057,3.00678777872316,1.8516123250491,1.35665895159945,1.40663169812652,0.83343734944048
1.37706897951964,2.57426969237449,1.76519689497886,3.02019293164554,2.32401413163647,1.6396564675339,1.91568013088885,2.00825810367948,1.08345500990646,1.01681356912339
3.45602757144766,3.27735802292288,5.08215246963257,3.59189246334594,3.45655500944621,3.21370677517402,3.08856791756102,2.92801909898519,2.97308546377859,3.73580633969534
1.54839747134343,2.30025272774205,2.29552582362026,1.36498166525748,2.98842811964018,0.94348610559905,2.73670978877873,0.72226700690518,1.74264180100408,2.50578455271353
1.88402340913976,2.98438736535329,1.03935010224291,-0.492470052916394,1.25647658751263,-0.358174239793679,0.899465873721171,1.35360607150282,0.538539165198704,3.31826001745463
0.820136809626899,3.1833976108938,0.537282161289799,1.82133002339216,2.09739129838696,1.07511042604342,1.06346608479153,-0.171070177147923,2.31664946224129,2.55223336618792
2.26613582239808,2.40193458034294,1.02640223889554,0.544402632828234,1.4096063068707,2.93686713552998,1.9323065706,1.56959989985003,0.925275076527329,1.34085166986946
2.92558719579196,3.63113568187611,1.89694213605817,1.33943317160704,2.45246098402965,3.37778976688488,3.05037248849795,0.956514836167419,3.6462640655874,1.33081388485801
3.74640541191275,1.03457946235701,2.70646720284222,2.43440116040443,1.57788395727211,1.74729135769145,2.51512737690926,1.1653709802725,2.11122203758323,3.89434648620235
1.89740843301047,1.12781216105737,2.21476518013853,0.407329853810324,1.0971197968979,1.13404808040012,1.1074399260337,0.947196902368283,1.50044286036414,0.181294792857787
4.13242711167516,2.75401856247485,4.87766833789523,2.77682741715427,3.34077861590403,2.20132185799899,4.34375503640858,3.28489703057802,4.2943362442985,2.82204695220745
1.76387183492863,-0.25747999638783,0.211870806720004,1.28047396077504,0.896135671031769,2.06099414523052,1.16658196935671,2.26979907938084,1.92239449040804,3.01030310471441
1.52333853148352,1.63752533923758,-0.806961992676367,1.81045817193822,0.585612673452393,0.50595498658046,2.56378463186563,2.39684365359058,1.26486709566449,1.70796706622695
0.726384259238546,2.05351174193509,1.49901099854117,1.7306369292393,1.21584896861971,-0.179904964762414,1.40908177677127,0.519751219997115,1.56421215909312,1.77327348232937
0.444257872146477,1.23238493334272,0.0466743528362703,3.31265078504572,1.30619986894753,1.52062024662855,2.05630372517922,0.23015025320389,0.215249201342179,2.95763273035799
2.16722171799356,2.30829136222319,1.97205467942043,0.991781111183022,2.87984089237679,0.901483210811215,2.70891794064267,1.31947758009526,3.18984783136789,2.22092799103144
1.01403086515402,2.11499178861967,1.99483398469743,0.242936511515051,2.34265994841745,2.5746038430003,3.24078328937533,3.75493214361808,0.736165159331676,1.39602084765083
0.923311865835927,0.986816630766612,2.02312712804082,1.56054031492243,0.80625720907979,0.714475743335897,0.777964721313096,1.42333351031543,1.27307505880596,2.31533071350135
1.20007725857086,1.65277535005119,-0.480902467410085,1.14749969245245,0.316678181293002,1.24750870246611,0.475678141977807,1.20725107907542,-0.18884028527476,0.709770161877379
1.49156094214002,1.4838405797364,2.24103030559042,1.18118702357623,1.97990009998017,1.31158287568578,3.13608413405968,2.1702090385694,2.44310853318942,3.71214041150024
2.13106286148798,2.47024879442464,3.40798055521057,4.22468596976774,3.29933602790345,3.7117690121575,3.48487511599997,2.45696326146902,4.8566668024714,1.89678521690557
0.763665470413069,1.16890143483181,1.25914300079425,0.53860285508226,2.00659093372938,-0.376994821666162,0.485917756693733,0.28928919531116,1.50599432121192,-0.182255466418978
1.10244415663935,1.73489619881136,2.61046662831131,-1.35005620718408,2.30710396249421,3.61871919086349,2.98263105295902,0.053688661051901,4.21651543145052,1.20408619287203
0.665643308809571,4.26918722842592,3.70694986974376,3.30321121996779,2.27222964356057,3.68839885248755,2.2983869444177,3.6404273132158,3.18559505707807,2.1913917947245
-0.00184625276749917,1.64292973710475,0.67287040600602,1.57057556815422,0.577022480902335,1.71621572448029,1.24058824258827,0.633255115863473,2.23072017168047,1.16153790396964
-0.230927340928243,-0.169495878130215,2.34253406145492,0.0377001466964619,-1.22819138928882,-2.02256483572965,-0.84096724046151,2.56697577647137,-1.35952200574009,-0.687105769430964
1.78411115230877,0.0432881640661691,0.0921086318809815,1.84642919917175,-0.0655279302145715,-1.34232743622963,0.207539439160741,1.3370342507625,1.36970719680802,-0.49697849913399
0.645968133899282,0.430268615273246,-0.182269164143607,2.53770023642768,-0.406811435408919,2.04352885145907,0.864037761891831,0.465825870798966,0.107187427022297,3.50045370571105
2.09923942252325,1.62586065303098,2.48503506402373,2.03021655468319,1.90980278914899,1.99760918102269,1.14364640829953,2.28978918494813,0.404447753390633,3.10146323040718
1.94707971157602,2.32701282091361,1.40870427982067,2.94136766338601,2.6791887386214,4.34944980059901,2.42128639591696,3.14809351224871,2.78216819088091,1.29633271931082
3.80350454275709,2.95422033203833,1.63374012681098,3.33262466385288,2.78668336566844,2.31176737088348,4.03234619580545,0.0283389959510223,3.2686827478678,2.39309290813899
3.35860027686643,0.624613415386694,2.70814497675631,4.53422768681476,2.222984058757,3.55619040571969,3.60146125182156,4.97200379144775,1.54098555048917,3.21656231899147
-1.11370713965008,0.429872572622188,0.272465959130387,-0.100174633477216,0.718122833795695,-1.25315588578559,-1.66648183797535,-0.13374914086783,-1.57423541817932,1.18199356600877
1.25141372800534,1.21525577761449,0.0932729551925973,2.04241386116678,1.64504483724456,0.581975525841622,1.32723364009581,-0.892132432494741,1.14264219001272,0.0103100507620713
2.98781831653196,0.159268874662206,2.79072987909745,3.96961087259616,1.81777059830846,3.93783784826459,2.04122811986474,2.53761814232989,2.60371443888492,0.524425581263346
1.35593332278326,1.60825444652541,3.75309855434921,1.58271863716489,1.94864008727044,2.08156286649558,1.16737192037199,2.40661608233556,2.65518443498238,3.05904172358971
3.10391918609411,1.50978292080559,0.855567083193417,3.34863499944526,2.09220209338302,2.52193118451103,0.688654255495352,1.96205914981888,1.30357446498772,1.04594748248977
0.582176197793947,2.30080336131873,0.61316888777243,2.46589899661832,0.769604363109866,2.02857226128539,1.02090071827822,1.55941087142896,1.58316474753422,1.85549147515781
0.451949968447596,1.75825534298199,1.8020691194538,2.11661529228067,3.64069681430188,2.06177774283752,1.83736424974514,3.32837760574012,2.55780375444541,0.0537596689239304
-0.0218559248872054,0.290291377442474,0.698066056031436,0.498603444329213,2.41020839794741,1.41596865032745,4.01527357191599,1.79559884271021,0.769158059374027,0.503747221658272
0.95870501678233,0.0107376442511454,-0.0958477645823306,0.92613115661381,1.68987706869512,0.646772774836057,0.411674700270661,1.39264831597135,0.599032591486497,1.50165277194187
2.91195742402294,2.97080169131569,1.96753774512035,0.989422692109282,0.567002142546745,2.85707552644245,2.28936921963352,2.68824780618041,4.00139740480194,0.754215836800246
0.85168141743317,-0.93971857160759,-0.742025198013671,-1.48008929314129,-0.546298490768196,-0.761315615493666,-0.370873144653236,-0.193249851526675,2.30188285644749,0.912575243418829
0.987110387489103,0.514427865901298,-1.03671030771806,0.917391938189164,0.389504496741849,0.0867297620591814,-0.965120727075562,-1.15805930086923,0.427161783201466,-0.480485514255701
0.723026765649434,1.25843135214378,0.636265982386018,1.67105402766476,-0.128809739350123,0.219582764544577,-0.857428520600329,0.048458217557813,-1.00898856619009,-0.446106827255091
3.2319832942199,2.63772490150532,3.39734410098144,3.13593122881366,4.11139982464298,2.52081124247524,2.06834540288906,3.23909221356646,3.36308847733144,3.58878557678949
1.27064977959065,2.32997991883107,1.37670431538399,1.51370398463448,3.06265014797973,2.22514783849893,2.03101641130638,2.56889488394089,1.25786759304703,1.71475132956531
0.27477522444205,2.62031867097433,2.63066885567647,3.23164223136149,1.6356069682084,1.75134858494217,2.13074893538117,1.30616696729913,2.18204728990563,1.87776434857977
-0.286553586820675,3.09341154152994,0.406262272737506,-1.02800578131744,0.444147189380213,1.16404268920194,1.54711784452285,1.82654248149282,0.995387877270149,0.323712063211973
2.24359646116728,0.036752200485257,2.1132067541248,1.52447268978057,1.09374007098686,1.62420094303022,0.764706610656263,2.09937706599279,0.123610863700108,0.331564466541682
1.91994484304074,2.94080920782881,1.75794738625195,2.22375126413367,1.89793011615957,2.70123435390996,1.14947610475978,1.48029544708024,3.10742523192958,-0.604115951018769
0.811769987233282,2.28193650657838,1.79231842858088,0.387813483122622,1.17031800376608,0.95753845144565,0.739808241420032,0.751383760612173,1.86578268161398,2.43051333490051
1.97110924571662,2.08458488224057,0.0708391706782669,2.26906670125604,1.1047315595234,2.91798057368451,0.549674832679239,1.70739608510155,1.23872868901985,2.18038069908202
0.851948424842758,3.41426736872044,0.663543099001891,1.44854716791564,-0.456341144786462,0.784392111788161,2.10423940590456,0.700853790947875,0.789939585821966,0.101405194796857
0.919394374982184,1.11870374003896,0.331232968120915,-1.20943900503369,0.69559552783844,1.13297830560141,2.66517589883613,-0.306749098189946,0.701488923916188,1.10524442255964
1.24143869989867,1.62661729079782,3.60206532489657,1.89339963904834,1.5122598248911,1.21489985952182,0.578223389385448,3.69654697219529,3.22853367002493,0.694641231489733
1.2249156815626,0.740763073701437,1.88376856985339,3.27522416161418,2.06589602207165,1.76547060870841,2.30454702180829,2.94795184357018,1.46374982103389,2.48941170680644
3.40940786389296,1.95920236903899,0.859828142242788,2.55377341372855,3.06476417288307,2.25209232373586,2.61525721799345,3.08282096791173,1.62716402673421,1.07917005889016
2.22699206306719,3.00439339440159,3.23148959127447,3.86551279585345,1.94519636808428,3.78620929973905,2.6253370454448,1.41255472067722,2.33192115832526,2.86771716689368
2.87309414777222,3.4417141803198,3.30561886563108,1.42634818796419,2.74929436340404,3.17743666378107,2.18460816124498,3.24721756620455,2.65837815193325,4.14837921915414
2.20468197912718,3.30666689416677,1.1351877166571,0.169561973971729,2.21558505277132,2.65031533739088,3.45390994113402,2.89128180358567,2.30553342876646,1.32159904627975
1.05641066360376,-0.869373118245057,2.65898995819424,-0.537452610707766,1.72142345209721,0.329146777487738,0.523082199865088,-0.028335557308274,2.42683097391851,-0.212306405578261
0.685134102751692,3.47105699413182,2.51561488069,0.663567885824428,2.61191755316569,2.95102593857061,2.86796624180962,2.15386880918914,1.61071789146612,2.42991049769068
3.38245813977984,2.72355720099857,4.00390217016299,1.86287040348199,1.62476097575281,3.74657697298777,4.72228106400987,2.15025238939339,2.37665613084042,3.58034842840255
1.52108276909738,1.80668203425722,2.85631767493674,1.15628083282371,-0.594978546949852,2.22203702885559,1.42580940250879,3.06354556628048,-0.239189673873039,1.56221311695777
2.64366655317703,3.46216697922846,3.89878960690205,2.47524889316402,2.62221153562401,4.0504510837755,3.39713023932642,1.91842130795074,2.73958402682216,1.86930826712584
2.66726116816633,1.29957001431494,1.88552032246145,2.58688511697985,2.63656672398223,2.14212993211876,2.53434276708597,2.61753215025676,2.04822486215133,2.54223343699919
1.89622217254465,0.313736653642867,0.150977774354584,0.984638945097533,0.245583138653439,-1.70929853551781,0.76759555984799,-0.373763469043618,-0.680191554967013,1.32314389737753
2.57369838106675,0.869634318861001,4.92134354345312,2.99346150097099,3.05940852322796,2.07082753159952,2.28094120532749,1.24563663255685,1.03672939634736,1.87276365178307
3.18165443691252,2.12013177555618,1.95286112199887,3.94252901219869,2.55528454603183,3.73042454606845,2.44229713408271,3.68870545539668,1.727102846352,2.58144266067263
2.74549246016173,2.26222653715215,2.66709040754599,3.07525951236256,2.20505106514704,3.07179385932989,2.66126488551934,3.59388601934967,0.667300284955637,1.14858218192724
2.10899040214558,0.604948817182952,0.824770089889318,0.529672450578254,0.411967357684674,1.5049086013463,0.922516194456398,0.772678834212202,1.24765994575063,1.59235895085353
1.74141132194911,0.903389374235262,1.07850362816319,0.478194702451321,0.0614232525404536,-1.09525729150311,-0.0839704083401642,1.35794085428262,1.63089930747405,0.759022410781678
2.60243102749952,1.73441025223923,2.74467061206631,1.73905821388539,1.0341899026782,1.45457370140645,2.61964860955476,1.82409926406607,1.61915564651957,1.4459538201658
3.13112223871717,2.61471574026535,4.28622581186677,2.24998011598163,3.54230710623271,2.92681461249098,2.00510541014979,2.91484489351832,2.07489412479294,2.80112068395684
3.55112978666506,3.1246079355825,1.85940430006036,3.52677339506562,6.09419189396516,3.28778078281498,2.99193634811928,1.68664962849706,3.27030967030838,3.44068303305157
-0.489279203930901,-0.200389365439274,0.706541878263072,2.75200788340455,0.162189911618299,1.15028573412714,2.18579781603751,1.35030534682613,0.607889839500013,2.12164204617293
2.61667486520726,0.618114813507989,1.04161808153568,1.81037618183371,0.771437006565556,1.53628255165279,1.2511767989707,1.10763981750379,0.985781047796624,0.525522835070243
1.12617210738542,1.63283969154975,-0.533069738299005,1.04418472243636,0.351458401014929,0.569713419448529,0.388755972360461,0.646629567133373,1.57637053120512,1.44330113388803
0.216192441631617,0.853836481573686,-1.18262709072593,-0.519289087059601,-0.0352156839758039,1.64776023123823,-0.0532789815109208,0.215161095620256,1.15053553613369,-0.56275225823964
1.23875898043782,-0.591686933347625,-1.42103446514082,2.78612111346395,2.97275625467359,1.35329251436667,1.7045773249633,-0.470849354680515,0.488169735968357,0.704646804392371
1.5729550667398,0.561006056864457,1.4261282080806,1.8706870527708,1.57386213963442,1.37849578417188,3.33255403745436,3.52774574959987,1.92533551569384,2.22912589306441
0.23121142127933,1.35736922332665,4.99821178349716,0.762653978637889,2.8353985339307,1.75177323498679,3.04282026134958,3.4503783698039,2.01593388640176,2.66512732323109
2.52286888756837,3.44276536896634,3.70698485505894,4.33995482420654,3.15656237752945,3.6706854624097,2.97823884575844,3.87803252281223,2.90337607661791,3.91210361092543
1.57164782339523,2.43779027117033,-0.81903769818724,-0.0765793297659361,1.93015565454298,1.31043944767827,2.67239651127487,1.10146119212842,1.89035087456973,1.82838344998237
2.15347454071643,2.1150649915169,2.11909028292752,2.64360078083102,0.554788041532055,1.82243894151655,3.38490334319477,0.480444052810892,1.08112281612941,2.52774623034489
4.01888014617348,2.83518943604243,4.14690857648061,1.99810004748467,2.42299909304071,4.3228762549305,3.99497137646805,3.69610641134321,5.667762905951,1.19002034470902
2.2175817424124,3.29376157547889,1.76274641390791,2.33762228581779,2.71923859899072,0.608176397966468,2.94118192432498,0.844374319001627,2.35115138949989,2.76622932457783
0.5849392533376,0.618487984081579,0.962514026802665,0.909648869820275,1.96052336895121,1.14641279419392,-0.163797949057465,2.62219513940167,2.37573248610479,1.22760135773235
1.55348356876992,2.66249973718033,2.98364134033429,3.0093843816012,1.66852119696241,1.21327674002394,3.55515857294525,0.866541907499856,1.91647388271091,2.71196980913845
1.87675131825423,-0.311491444389718,-0.101608871663716,1.28715527818351,1.41244967272483,1.40083625424057,1.68122487553246,1.91579604329815,0.392772455165247,1.74993781103915
4.3048782339894,1.66349075562941,3.20698066532829,0.306287393682725,1.72262451982639,3.04131006397962,2.56987525971568,3.15114272272297,1.40810342352224,3.04974185358769
2.09482379984709,3.62461483596252,4.23678840901316,3.76031823022525,3.2567509853936,2.86067905688063,2.0209199830931,3.81855755513881,1.93633264055564,2.75027894065442
-0.308276445655023,2.53537569212241,1.45404743944749,1.76074006307897,1.39849516411458,1.56867343433318,1.23517069864516,1.89238913051887,2.05484431164682,2.59872954521015
0.773917718617677,1.81659022395295,1.21519897272068,0.915817345914408,2.39043142206271,3.09104821855304,2.51774117562937,1.46205505133798,2.68300256307394,1.48416872513603
1.47527836476786,2.21892634002427,1.36169400357986,2.52663502681008,2.62386381873638,2.23861596098146,1.81596898660938,1.93051275439801,2.15189671335122,1.51988530856059
2.80335363616719,2.40550294634543,1.9096439280404,2.37354379859289,0.501930657913152,3.93357303780014,1.82054560116967,1.47627423525983,2.95753326846474,2.82282271492327
1.7795009359707,2.77961251281864,2.94994059688661,1.47235316988317,3.17897235989309,3.08552634536002,2.29684173218771,0.251797430420669,1.95540613811856,2.22203684819997
-0.0919842108131195,-0.56495244131163,1.127224396877,0.639237664683776,-0.321890546578694,1.63548284472277,1.42810562007545,1.24034256311727,2.42198451716432,3.98758536024886
0.239014270046944,-0.644614906950539,0.678782992663641,2.03658686078864,0.468759434116715,-0.184095326568289,1.04072686371083,-0.32483052702,0.771015963229725,0.690950763335106
2.26093547572576,2.43672954974824,1.93830322625756,3.8240937177819,1.69473944586532,1.70059850013382,3.12463615875856,3.08010746241925,0.645107779695419,1.02002497701142
0.570632836638161,2.41876721977903,1.91265784791715,0.392118772272841,0.799347640617073,2.26223916777032,1.25028328326463,1.66028476154179,0.960232749008308,0.877841750535433
0.539533079332216,-0.252775277395184,-0.220347056957352,1.12052778607495,1.27501921477618,0.490226882409796,2.37203891095008,0.281180640775609,2.63584375100678,2.54277791976833
-1.13953586576985,1.47706530429334,0.813017705443415,1.94603449281021,0.987494521123405,1.01709998810502,0.271489657744414,1.65834204181433,0.197465332151425,2.99575349944597
-0.0344141554563331,0.917355885606902,2.25923932523664,1.78430768877807,1.04533454462304,0.840851905010086,0.857111602676345,2.29306910704199,1.55243641331795,0.522450825028834
4.69384625400007,3.89401997724256,3.25267202537191,2.97075622331472,1.53178688166089,3.18173760576317,3.73814256198441,2.47823567233152,3.4672788057955,3.82379451043843
3.95551382735153,2.10660379193401,4.12478384520739,3.09474908531458,2.04360892772576,3.77448139585404,4.02736457625937,2.93717226658146,2.40694636143997,3.03967460987969
3.59040676952846,3.68203074805864,3.20884422636152,3.1069055613492,1.3597013981265,2.01019160387549,4.00842589489183,2.66107949116699,3.83082973676647,2.67726889887662
1.75041597656814,2.1152560025773,1.61687582240857,2.79765193860048,3.08543722889492,2.01183111511278,2.80764496819355,2.51721141036286,4.35742551855541,3.80128743577077
3.0859189666689,1.35680699203972,-0.39191997802805,0.401856852329606,1.06776406934982,2.51482700551393,1.83835766275821,2.09789940111936,1.97774051588814,1.61472655075226
1.94164870680661,-0.0622556785231958,4.51341182848331,1.6800097833329,1.62230474495439,2.41076440927807,3.27301995429961,2.49703525075882,2.68456720566035,1.97289812991143
2.30013447120325,1.55741251854318,2.07806224475866,3.49568476991186,1.41252409918049,2.64869970233106,1.67777518335226,2.99385997865363,1.51334394842416,1.18984709858163
1.91548275295097,2.28959245410655,1.53940816056992,2.52836924189785,1.44883072777368,2.68423393043989,1.29483081505148,-0.153300967184482,1.72026533072934,1.8827030600641
1.20836510085117,1.01511491746317,2.62221998232932,0.920809709892926,0.593146589484832,1.8414577232901,1.43070254847806,1.28172766230896,2.3651673039768,1.40480141576327
1.06055985479855,2.46662476714244,2.52506425959535,0.890604559484981,1.26914574339599,0.775021864910544,2.16440943748359,0.987382614591744,-0.592609029620859,1.73481178656492
4.52397860847248,2.91094709391467,3.12707226590184,3.36634643521885,3.27755685859195,2.87243879665994,3.54621913617973,3.05889803146452,2.65146305341576,3.07194882948957
1.94588995888264,2.45438243983743,0.212506607262952,4.21926123116551,1.14254731852909,0.688391725632481,0.810719872426305,1.54949617391932,3.75024582775955,0.473900007390317
2.67234792487433,1.17690331116403,-1.04799757220771,1.24459028443158,3.99606154150335,1.207209778623,-1.32366306212862,-0.482390256365039,0.0838883659188497,3.14273872906821
3.37303380904613,0.63005131660338,2.39940387930256,0.286382460258698,1.72178139605793,1.344486414305,0.203114027851073,1.04132341053691,1.72203084957942,0.85329826349309
1.66742137257051,2.70394511517158,1.97739697740158,1.37612690598347,0.545297761234503,0.218094409672557,1.77799455306229,2.10490353373473,0.377168989511901,2.70284682713279
2.15029012608157,2.41152468698369,2.71546818719319,2.86954806406316,3.53177876025823,3.04202034322507,3.56749243906402,2.22151447072989,3.09549451444913,4.8926125176352
1.86201840747189,3.39095334458127,1.33613112343478,-0.474564319621935,1.86891393127367,1.55329196231424,1.56477149631693,2.83238200373545,1.95962604477048,3.15504507156036
1.76451907969967,1.78661160446736,2.41333594810489,0.409850866240584,1.53956109302862,0.439276510404732,1.13221683173754,0.428975455117026,2.45661841144101,3.6808030123622
0.0442721627970164,2.88114661334688,3.4753078773674,1.98983267818999,0.640345572962705,2.36097772318546,4.14651604358225,4.51315493361112,1.0757236302501,1.14072213838702
2.55843331436959,2.67340813022098,-0.32704996619655,-0.0916863233704777,-0.0909522320256622,1.33974620781651,0.399785717095343,0.37455416746648,0.839945515737621,1.74921666472339
-0.150596963530653,0.922949198580515,0.715736121012332,0.606796805532062,-0.37474280716152,-0.122774197868543,0.364416650612387,-0.996846106552901,-0.742742734646893,0.295913403903871
2.94821330846133,1.50434084987581,0.275238811392715,0.849595073064228,-0.388691877351652,-0.487610613514339,2.43498888674969,3.01426959579036,-0.414205214457571,2.15982879376483
2.06274411244252,4.10432774914113,2.21793171043882,0.472018570049577,1.81254663317131,0.195511980219522,1.74521035272114,1.84737484485318,2.71616133516842,2.87167317167202
2.13754053322537,1.46891346074106,0.20471986661951,2.74102645571426,2.10613680415907,0.506704350001564,1.2645669158872,1.34369716242748,-0.231271889074792,2.53659702490801
-1.24026685955278,1.09889039872228,1.43733127859814,1.40191053656622,0.122319852303656,2.02027130473689,1.18392021346338,1.22488017275571,-0.434588750711809,2.00951209357362
1.87999759190089,1.7756547792273,1.31253215673237,1.44904509182707,2.37697584091736,1.26691751397367,2.50462950614198,2.7727073411319,0.254063405404587,4.13543756959574
2.87080084697893,0.979437000828447,1.14984896153089,2.21703658209988,1.81846753752255,-0.041863866224052,-0.982741634828006,0.998151066701768,0.514002568669944,1.34225524768993
4.3476463948295,1.9177446170927,3.73125058853533,1.65275101299791,3.74369029771959,3.81824151270336,2.93228694539366,4.5944263091299,4.55095703210812,4.49706275495531
1.91204146821247,1.358621608262,2.01817068587192,1.89443600833036,1.78031368188903,0.123626493779246,1.47589364863843,0.664484856419691,1.04147794504736,0.75420320026257
0.101819877104144,0.352893218803631,-0.0539398953082781,1.2351961535495,0.44904730919664,-0.93931098184108,1.8197582182959,1.95699302939979,2.5805794950487,-0.519941359752899
2.46577596324709,0.581444831131589,1.12192245293277,-0.823539519119856,3.24256236746582,-0.586785828193312,2.3779248544848,1.33400950902935,1.63247756175368,2.38190416254927
0.658004424585573,-0.251002286925402,-0.171303911402773,-0.0261487283039319,0.479501528942088,-0.477254523647553,1.37600436738977,1.44763935241631,2.93662925824882,1.9726279711263
1.1817435120019,1.94089177003244,2.34272805173941,2.82131770684881,2.98544379660563,1.62980362774866,1.67833967939492,1.42434650155877,1.12725039300234,1.4668253822972
0.932681226300532,1.38393464886107,0.0154846291941169,1.43122725509928,0.610522478221673,3.15310048397264,2.2131621133716,2.12894707421049,1.42212797790368,1.33237148277027
-0.317098151418944,-0.0217703933964798,1.03060045216961,-1.20850927607608,1.3187651752763,0.624550133962507,-0.0901316288640932,1.76921007115319,0.462873653863843,-0.389125665153221
0.268649916276257,1.29446314340383,-0.766877738517701,0.327280779106158,0.753650666761703,-0.749549201951922,0.34622638823211,-0.198275466245821,1.77040641948178,0.607372981737012
2.4482603287652,2.98957204769627,2.04029408515248,3.44410865687542,1.00420348848073,3.68221466488164,0.810591513572619,0.778181715329856,0.555580853625315,1.48230911904681
0.382106195159463,0.401628651939071,1.12376033461384,0.82528154536854,0.218778996484307,0.383833538862828,1.24748848836924,1.14145141477553,1.69863563699294,0.174539404783373
0.817658796791661,0.0600231222291823,2.5326311549984,3.21254927137455,2.65049312018028,0.320915750906954,1.2911912036887,-0.114183954017794,-0.105950169563531,0.684393272288775
2.63492807799893,3.02710438330278,3.0502855262873,2.75809880159178,2.25929662025493,3.40311005704453,1.64097772478241,3.63575927975533,1.49912599589917,1.36830713620066
-1.05207008869275,-0.211757624018293,0.500127183498076,-1.68947447401914,-0.569167107412924,-0.981073835558318,0.731206570736197,0.671551359598247,0.144217370301617,0.0207691686175288
-0.230723000694548,-1.20537091517457,-2.09044834316348,1.63316697067532,1.73880281247608,1.14948834896822,0.68600479618299,-1.22128353391351,1.18691095561896,0.878082482979788
0.555239800660139,2.49346135374434,3.55475368939103,1.37124950532527,1.45915209065552,1.0180422305804,3.65442251082982,2.24855391480821,1.15143480859338,0.625781460281138
2.4499921198943,1.65232898718852,1.62385827083986,-0.849755202215364,3.07493356549946,2.30945277691358,1.37454905881366,3.29742806756665,2.44424702175693,3.6242382661495
0.682471043832153,1.84811827014398,1.8552101147806,1.55493026150338,2.16687954273461,-0.960643336610917,0.750046559143119,0.84101590808713,0.395853452065128,2.14032643566677
1.24333806737161,2.1080287756764,2.5366029537884,3.32789899996114,0.932389220170434,0.164125215102821,3.25131284811798,2.2554503202778,2.97674851919995,1.39235794667181
1.00154678497593,1.96508141697367,1.30095158574813,0.200075106304001,2.60985573481734,1.6468271745967,1.3433072471629,0.83195589119161,-0.215541881263758,2.10580854608079
-0.0905209423885054,-0.874988221604722,0.0507479060110247,-0.109395879582217,0.39463217713822,2.39190839106898,0.647445526456547,-0.749638304238859,-1.4502597228413,0.981510370216312
0.694698169330004,1.64865342582192,2.06504998193344,2.13793546552473,2.16983951132121,2.43026823457476,2.7608414718784,2.90135066391429,0.550330092432486,0.428984447964303
0.0277832934985572,1.68395997648839,2.12903040234096,0.312044180170907,0.678299565621294,-0.0294155674779233,1.77990155390638,1.46693107605704,0.397161972861475,1.06828947413486
1.20500276820149,1.30816138987903,4.07286334913384,1.34785553621074,4.96674100346675,0.53949310020384,1.02044617356134,1.43456506895072,1.24443059694969,3.27963980689422
0.29126366271569,2.06849451208091,2.62779933294772,0.293529855642531,0.761435739051245,0.424391288526765,2.32663524969214,1.27972939042987,2.56371871734797,1.05507911569501
-0.606338008122782,-0.352664060123266,-0.0192800850196659,0.612634953818531,-2.5042424946185,0.13871542685885,-0.0217674595746995,1.14402081839158,1.07111851250488,-0.587596098339741
0.853527069377352,0.508585303908423,-1.13197283655502,0.680536121048532,-0.155993271364557,0.459903805859223,0.233389335214562,-0.787721928423483,0.698679454916489,-0.758432774141029
1.82856569323777,1.52562679839062,1.00598387948982,1.73141310467598,1.87548563704182,3.08921629995842,0.705732383070236,2.31623248230141,2.48228732425344,2.44300568313543
-0.100106945053454,0.29907819468472,0.147064906311944,0.395810952482526,0.0496409754907078,-0.666134353526381,-1.10948983866115,-0.841217362427309,0.10933271611182,-0.988243585375417
-0.219378985479865,0.534381115654422,2.47683724033677,1.68249916180908,-0.655553986893272,-0.907025910905041,2.15738518178438,0.608994599676832,1.73039043454411,1.4168191309836
1.87385932339239,1.37455200387526,0.352437540081491,0.280907153427644,4.37141278606111,0.295621968739543,1.92781587434769,1.94244582523697,0.309673333660519,0.610476787668528
2.0350714312206,2.6548364030649,2.53300218886084,3.98945155477202,1.65421791446896,1.60649255820286,1.76088265342407,4.03547985774117,3.84734825666957,2.04644931014727
1.46450245018246,1.82554644405867,0.628056025500552,1.40287658438193,2.17284288427643,3.51309279224993,1.72324577297749,0.0946297139144675,0.800662901100463,-0.373136481090321
1.97524656558843,0.231493199969697,0.961377597890979,2.7509961696719,1.0366590567403,1.31717949694342,-0.176462377972308,-0.952789789091223,0.552500437099278,2.62796214043876
1.32428724674258,2.34574635430117,0.742113349785048,0.56841306734855,0.114647511674576,1.63398439902355,1.92726212451543,1.55124090408287,2.88687000566483,3.27460918189711
2.49340059375668,0.428273019044971,-0.91337948506958,1.07449743615838,2.52207390464158,1.78925147162086,1.09309609029486,1.58058117155939,-0.758572400484174,0.290312270407772
0.893387752110548,0.77304970147651,0.95176000722257,2.26526727671378,1.91829160686545,1.77331630622881,1.41328424218292,2.42063973898251,2.48732771190072,2.84040548845708
0.857278000258647,0.887848258932314,1.47134280990507,2.92336733460677,3.26676691296904,2.88129326733658,1.81080778724456,3.53053820941668,2.93413037261398,2.18269558580607
1.3159297385478,2.3144076045074,0.581915077837474,2.8683308716534,2.55569920325191,2.59217115766827,2.29550746496728,1.53548410713503,1.14898899557498,0.991530150462813
-0.596074305482012,-0.744389637836345,0.552327424515883,-0.167912390270169,-0.332571425088123,-1.05806490951231,-2.61854405207147,1.43492325338164,-0.804526955498719,0.647354757852467
3.61531139025413,3.06142941228935,2.45515537325163,2.0720199469422,2.24646936469349,2.94298087202198,1.83376958875552,3.04193891133412,1.42854788926953,2.20221898293212
5.12669416876348,3.40332855486839,3.0034693937742,3.21355493340815,4.9768319729273,3.74955039630844,2.53912384446607,3.33437794979415,3.32970669097108,2.67531516262635
1.72742767870703,0.354993270712824,1.4493794811717,0.245659163818604,3.44320849082805,2.09543626504103,0.74339066674621,0.532676018798912,1.66075414628724,4.82059766429235
-0.261971241774368,0.613063617137556,-0.104285434187141,-2.91873790253181,0.543778334960739,-2.01104739637451,-0.513570501677879,-1.70111302173227,0.0314008471244496,0.458730563969855
1.23077726815904,1.66696509509957,3.65435790876976,2.53838924310561,1.1927811490173,2.58417154073761,1.22849329186546,1.93451958415875,2.91653999116906,1.54128312481148
0.714229933745277,1.32766344578652,1.34121852838268,0.908540593900614,0.762496557435173,1.72386476789245,1.86096914671845,3.06294186764592,0.327156726740383,1.75777005626951
3.78649156730133,4.85057499464942,1.70331374284261,2.78199066417543,0.926031960237697,2.50774667411095,0.808842214621676,1.56678979134554,2.41199500376115,0.390468473636991
0.381471572911992,0.294946263852855,3.3232405681498,3.40602102520559,1.19656993371062,2.66411833668579,2.33672973142497,0.453357663076248,4.96338991709769,1.2961744594109
0.354315030618099,2.0998978218172,2.99030844100639,1.14588480260219,0.704217538492598,1.89071070517845,0.532286419703267,0.266278491596973,0.57455618187714,2.06638521777559
2.1798465738435,0.81992087170332,-0.0510870833449388,2.37512523854113,1.16227042620294,0.4844023778651,1.16564769245051,2.65770428037701,0.752528142386282,1.51392296230899
2.73195574413873,0.419544875500877,2.6933723727665,2.35432587820802,2.05117835435815,1.14529254199171,2.14512459752364,1.20431036326594,2.40522054609923,2.47306775656199
1.9596175443383,3.133649193852,3.15798813225022,0.845425018393801,3.20789875078152,3.77864026239004,1.52540996016086,3.7680357815112,0.356988877750123,0.526325572857122
2.29368102871171,2.49510250591195,2.57718992531466,2.47328845217284,0.556021479246794,3.017673188386,2.39234888721324,3.43866107938151,4.5535997277719,3.3503021828425
-0.486964508330186,0.0352137264081811,-0.109860024595601,-0.915933648756919,-0.917510331087074,0.274915232725606,-0.415686885947168,-0.493543954790332,-0.10181403743405,-2.10329718895508
0.624815942677938,3.87021245136974,0.98485012355019,2.72292398766942,1.64623600788932,1.28863360410348,3.43188876921443,2.91604755780754,3.55222045797026,1.73298921261602
0.66366617810221,-0.341503874841053,-0.296634656606302,0.509525654192503,-0.756967662729667,0.638837769717196,1.22576238361169,0.263348329756051,1.0743136993942,0.746564777116157
0.236715898966039,1.22761064407227,1.5797307519158,1.24238183989693,1.68190986963285,-0.445486762640092,0.62333439569746,1.69081924330582,1.32707742446673,2.40459421513117
2.32513140852539,2.15625039214676,4.24057664595748,-1.64228935467296,1.47225139028971,3.54045961239189,0.520787342744122,2.18633116129554,0.966465273606877,2.82386176838412
3.75899635677412,2.94818979842731,2.46540890644942,2.22950171887619,1.18666104507246,2.54585595127632,2.29417562699013,1.3488545982505,1.53412985241151,2.8308751223883
-0.283253136801857,0.898549855314668,1.16370019518039,1.19858963885684,1.16802042255372,-0.505695331596042,1.34789766770505,0.121948983227004,0.818253409186776,-1.56708394952268
2.04216683492905,3.55347123041233,1.48383399153778,2.08306064994636,1.49461093500351,1.63127745176253,1.7331647094744,2.05345457887304,1.95042902930754,0.0794448491554058
4.04488129082164,2.15913729641445,3.30141963899828,5.44867691533569,2.39018323762929,2.97269610974268,2.60847186096357,3.96628639375016,4.82327348473618,3.44929871738226
2.34148023408335,0.44869930011649,1.10658708456574,0.196018509936512,1.19441171897703,1.30430226906709,2.19196469717322,1.40990918718943,3.66651604500896,1.23432231796787
1.16720192482982,0.010307540365209,1.91386987658194,-0.19097479780657,0.449285734094731,-0.192318793356596,-0.569562419224989,1.32234564197792,1.05301509473553,1.67142286577323
4.33244361732214,4.47435193544327,1.64059802786079,3.14867778692685,2.4825066273453,2.74367925763034,2.19263577139134,2.56266425754172,4.1548094548297,1.03320424425987
0.471738302335902,0.688778540705479,0.503942825244149,1.27074108891736,2.15736818876042,0.76956813951587,0.0890329443518491,1.11425964260254,1.12352269793768,1.36196853181473
3.78410295179411,0.292949917806485,1.48440853107576,1.72127857586294,1.51080251922709,2.49773917245786,0.897454798795871,1.90557318718169,1.20839526077133,0.237221864738644
1.43020755950161,1.0701156085321,1.86503904800347,0.617886865368861,2.68471661850091,1.9178300335678,0.605964417411572,0.618687944831059,1.35735044914575,0.182076175301512
0.275435143037006,1.04341005784461,-1.71964816553816,0.781945223588979,-0.547361173050338,0.722477156184362,0.6007692207593,-0.529567709786717,-0.0605475349613045,0.900967882609843
0.774747509296017,0.00277572076030164,1.18204238665406,-1.57535551163828,0.669460032419377,0.632673670336774,0.127326812514522,1.73018642175749,0.827755008152124,2.10243953568334
4.25682883003286,1.74775175964929,1.97016544359932,1.17624790528425,2.22133098954511,1.07706323068511,2.84862982302082,2.48267294913018,1.94272903997846,2.71924083693839
0.976829737995965,1.47720056220188,0.00370442731191856,2.2193187524544,-0.676252306823838,1.14996768940502,-0.164935136978734,0.582944706689653,1.42034705745695,1.09955132369453
0.64487992604825,1.98480377857912,-0.465500497420064,0.668556854499142,0.334749617754065,-0.819816346316428,1.6975046746978,0.632154157352015,-0.597475018985093,-0.485080170765568
-0.13258763494449,4.42518227147243,3.09033949870001,1.28163601348836,-1.48336025730652,0.979536519364248,-0.10339060235901,0.0480325634472555,-0.0880553244517726,2.64443182697827
1.20444264564685,2.2088056887809,1.14177414825933,1.93109669788036,1.79221020559484,2.04999237853933,0.743616118430183,2.94843929107012,3.15211276925523,1.83092256521412
-0.363148162345654,2.27976141258054,3.52979466316371,0.999372084379844,0.324099070288202,0.975278914083378,-2.48660432478694,1.45678889087486,0.425526498773835,0.957479102332596
0.145223721531928,2.81694618764192,1.43016046920148,2.60592300476929,1.43772032043163,0.899573859161087,3.04302316663507,2.57639374260869,4.32157633329668,2.91731178499391
2.59218281765263,1.98194374213949,1.55654014676559,2.88952358729621,1.15912427104919,2.45395900572005,1.93537755771248,1.85122900478811,0.072533894136771,1.05996449228359
2.65608506455346,1.80288167115792,3.10719539450388,2.99155208521689,2.05253707530281,3.41267655777402,2.39099137390248,3.95480317973118,3.47741296448946,4.3440796404296
1.30444862832692,2.2282349206678,2.15076397386941,-0.155435351112505,-0.900350375832464,0.970857624069251,2.47431020233502,1.98898823354528,-2.1517860413223,1.0212086137438
1.17266705227659,3.45118799576644,0.332466257341544,2.56647616452879,2.59969202188787,3.3027770086697,0.396616308113668,3.3367990508073,1.12085277467131,3.11724555558845
0.987526765563617,3.14151846815357,2.73171241559706,0.442235661835988,2.43088618954462,1.97333073744027,1.33376416411335,2.60925621425705,1.50456068671117,2.58708694109867
1.87037960664624,1.96115932508572,0.459000527408346,-0.243883511051184,1.15467017529768,0.91323806826605,-0.203546450758481,2.02005691127836,-0.645561147193016,0.595366845400899
2.58994635513049,1.96114122013007,0.786910892165861,0.123652260468843,2.26934196017035,0.280225031018318,2.39339316777111,3.32454050579597,0.87890358921659,2.79040478716859
2.68124972653122,1.86761619324983,3.12573914799029,1.36591196662987,0.0820963750945631,1.59996993344328,0.80390375914349,1.63370810442316,1.85562748107475,2.0962944705742
4.1225203159937,2.80274558748058,2.55140669843601,2.24253014204779,0.697689242743183,2.04257932213416,2.14658347749502,2.70128784717071,2.47890175029759,3.47325720761272
0.454804081240697,-0.749414764745978,0.582191555234271,1.28700569517509,2.07926189052374,0.59250997513869,2.05768172648843,1.47666620522559,2.73169038130436,1.75474814015777
1.24087933222522,-0.129261533953209,0.342117400898374,2.21061664932223,0.475176617362062,0.535974920675799,0.596172111278277,1.56324487693207,1.08336147372208,1.16230627482948
-0.185141756704729,1.2203548980582,2.17946851066623,1.99993107031031,-0.631402189542653,0.415733119417161,0.791458722698038,0.159160006729582,0.998272413571302,-0.214018046940879
-0.811409818646621,1.42151918161241,-0.842188968138012,-0.0895607529823115,0.855113334732776,0.725015731130799,0.495232703692,0.465771976671214,-0.941320100991408,-0.666957259840563
2.17644418508963,3.85929073573083,2.53999794197082,2.42757930799214,3.65224815449429,2.4331271621185,0.609774834657565,2.83501265872743,2.23702002434014,2.83006588934668
1.07669769687366,1.26339032891457,3.86254009734888,1.35697768105066,0.130654310707235,-0.00207974535794597,-0.527563755524233,1.60928483093152,0.635325805397346,1.76000633200089
-0.512377199818765,0.540275829665296,-0.365483763808236,-0.369641269060901,0.774355111557167,-0.46783671996235,2.08931074203468,-0.494046834401156,1.03634953490615,2.01636542758088
-0.264760195397028,-0.363911879404264,-1.53728491185692,0.177990369151815,-1.07010741888576,0.0636536609794468,0.56689547127931,0.123784041994652,-1.29057295719862,1.76940983082915
3.32839462002382,1.24861729829796,-1.76124985233979,0.556797210798218,1.52610161443445,0.641220896124398,0.970663965047546,1.78464455145873,-0.704732892117832,1.68012646060611
1.09974912940394,-0.59964880824496,-0.722051919931352,0.591821246620976,0.903734859399599,1.44591414377285,0.515746553609122,0.415575434662062,0.405135991705415,0.997843392258439
-1.22633815787566,-1.59504614279799,1.78865029001498,-0.807666198668599,-0.223402437279404,-0.347736510310282,0.445727265179822,0.895578053242355,0.893771530278639,-2.46765185869742
-0.09180200076029,0.525413907728891,1.89114362679597,1.85544037220387,1.23301655154206,1.13529845200782,2.0849503311899,1.84556513101323,1.25835701240853,1.55358537103812
1.71208243714725,-0.645411330805697,1.83417333063029,2.52579237974786,1.02586468898838,0.276208263364903,0.152191591183274,-0.763394254034331,1.51712459280819,3.52261933582517
2.30398357356819,1.80844808589056,0.233605980769787,1.09378967618922,1.63681901186003,0.97505193973495,0.732357927608757,-1.24217915491528,1.78734276962777,1.58980976083992
0.89230143215537,1.71166292512918,1.40500270815788,1.84494332778209,0.585660279290016,1.40044268847352,2.91461583925258,2.86654369653891,2.86498523799421,0.925100004203025
1.48013251629046,1.00534408566436,1.86462982428766,-1.07902226076573,0.723442247002028,0.241687798153443,-0.467231007313676,-1.30091282667997,0.103458846998503,0.369240694112217
5.06363782217942,2.87015788453834,5.43230608400314,3.58011932790627,4.88735012650697,-0.397064642849226,2.73227281209193,3.30773775302335,3.93011619680975,3.59392511514501
1.76672293266456,1.16746074392423,0.270730998616051,1.60147833738842,0.183521641085866,2.08228910734239,2.14656606511301,0.29559949091036,0.878269750610333,2.11542105447966
1.90068731364394,0.713368074351466,1.62213483955046,1.83452153696597,2.01283078390655,1.61781347467693,-0.119221305262931,1.00879760412064,1.0340192600843,1.85437893757227
3.3408072912162,2.58552511664537,3.3557956039168,2.01397886452066,1.70100892733441,2.44502056423518,4.22878430892503,2.20183269117547,3.21385132242406,4.61708392445677
2.02706108288913,2.83060345710864,1.46645867665654,3.07588295655682,3.10396240100527,3.20698257610164,0.152054240884117,1.06833275796386,0.912317529620841,1.16549326827282
2.0245673904855,2.12629244011318,2.02811776162834,0.693391465556799,2.30020989455776,-0.832909833863986,1.6114605714463,-0.56404338750857,0.634262495018113,0.96746265927609
4.29385065802099,3.13363864377278,2.82433320489332,1.78519716186124,0.911467160628323,2.704240646001,2.35306257922701,1.86236075500573,0.0856454625329202,2.24981345136291
0.980876946103104,2.08215908178672,0.94583144628409,2.77380221861238,0.595904652253838,0.964031879854651,0.990112614652995,2.6128170827455,1.78181831189564,2.81516296457223
-1.7004560250936,-0.220816702398708,-2.10807753329157,-2.23688585982231,0.365239986221327,-0.75503230801696,1.57141916374738,0.497964488748075,-0.220336763175468,-0.239964027689414
1.98793990598566,1.34742997211312,-0.411785471938525,0.849947290260952,0.0130538486433744,1.12082470328451,2.49123812549534,0.233905104119858,0.0568205113070077,1.86725977061087
1.3743480760372,-0.0427754558378348,1.29633489309727,1.14356761017744,1.92828987724926,0.811932255685349,0.889167549008836,3.05249248646329,0.28876519174575,-0.20569220504653
2.28376966825492,1.36619286877163,3.39265689098347,1.60161887585727,3.77946251017531,2.36159059924487,3.11071119980002,2.42089979451472,3.94006571279505,2.92640685309157
2.25052004911441,3.6776384294583,1.77501993351846,0.906895039650884,1.73912305174407,1.88204264079154,1.14671901970989,0.642676749180588,-0.151905225626822,1.7995733447851
0.0740895248168288,0.986835410792952,0.178102572799592,1.72532692018112,2.13891474125325,1.91270438826262,2.35350326431677,0.159167476726529,-0.269411740021381,2.16799457159653
3.28253503443739,3.24540537158751,2.44805010239807,5.11827055161994,4.00217200776254,2.71175215389214,1.9965058782408,2.56236970204766,3.62058611687342,2.67274654763624
2.6706273936868,2.09202129707384,1.82167006706558,2.05003667473604,1.30538196103244,3.48803420384578,2.08322046160045,2.4975541613136,1.84108385761782,0.632410416140919
1.96270663209443,2.26341303307031,2.37830279335027,0.369673457752887,1.44263733516712,1.59739876667777,0.107571155293066,0.407096483112846,0.699754641344196,0.475394272726855
3.36084279579945,3.95504373732634,2.1923155127795,3.53489156196297,3.13448133310933,2.44290876126976,1.03751532525358,4.28213106422449,4.13960218770209,0.947607987166169
2.40116473911169,1.38699295302246,1.70079517011638,-0.227211206921298,2.38337431005719,2.19061338543176,0.0347182995539278,0.134455774397114,0.890358466385826,1.63421784271136
-0.598041673383666,1.763013006127,1.53519332769337,1.03446143821658,2.63486728853087,1.373194749618,2.26148587924812,0.684860562791879,-0.390433521476665,0.507149910622404
2.3163223535734,3.65235059270518,-0.192598319356548,0.321929301095597,1.3954179603141,3.77535692356072,1.42658382540672,2.80655257328321,2.31428996380561,-0.266527307055099
1.82094946212835,2.86786321564529,2.25491562674256,0.347300692571792,1.49926279440688,2.6849018434681,2.72240509775842,0.92058044549268,-0.0863108288225047,0.716700302756061
1.05471626825215,4.0534682323354,1.80491102886994,2.49044384256807,0.323384579157513,2.31601140539118,1.42058599720542,3.66046383488063,1.4595217879756,4.32227404996156
1.19948967121544,1.09919580296907,1.56822013152673,1.00319748693363,0.820727205839402,1.61215699306428,0.455683959939642,0.56814062938766,0.851675562918676,0.110145447976021
1.93439001677351,1.9882664449939,2.47301653907536,2.12662788858887,2.38651270663708,1.74407981074869,2.14965808371327,2.32278419330505,2.12057485375579,2.7932542829202
4.59859016580783,2.294072993448,3.92669560018113,1.75060704324021,3.99966687019432,0.944454624608435,1.96993498772052,3.96127357880019,2.9233759055313,2.36445595285937
1.52695920693356,2.86883417122675,-0.268965410649834,1.89135966911374,1.49206676676634,0.165280902415503,1.08874357441442,0.268316257854826,1.46341337001183,0.974365623182325
-0.4199820114091,-1.00486797622162,0.261081569595844,0.942914610742182,0.185728162319601,0.918292860423656,1.81562010938153,0.53120724055487,0.843769581495264,0.257956953082433
2.33865431559804,3.38516268497891,1.57076902055428,2.75930505674494,3.62268262605139,4.75002745626758,2.02913185840771,3.62500860547918,2.88485194852448,2.65840224373258
-0.977671187537895,1.04056291365229,-0.187957722181526,-1.02184145357025,-1.60932083982541,-0.18263999242481,-0.763326390902928,-0.841424498637822,1.3193833262933,-0.0569123986521706
2.58519440813985,2.44184742479973,2.60663030390346,3.00892765755335,2.36542036729912,2.08575325462378,3.38803443190474,3.24765894553376,3.75923512224479,0.847142568511396
4.3597779983926,3.61082078584236,3.80546956353143,4.09207550214736,2.49922594407808,2.033008308224,4.63272211096693,2.56731489460882,2.48534152278032,2.78727284653462
3.82368040360291,1.40797213286084,1.80849874880906,0.596442445038986,-0.606122019130206,1.84611565678248,1.77844029832185,0.630526592660372,1.42649202634678,0.927474047591222
1.77639931270328,1.90894807930748,1.4870797884278,2.55472322859019,1.23545450952004,2.56972980641543,0.657860929002476,0.893449246580281,0.200091485893806,2.1087575182864
4.86507312325765,1.0798220426573,2.31770259501999,-1.10839624372991,1.94090739865484,0.735055472921786,1.33328632352597,2.52464511951684,1.54725245197267,3.88820673566914
1.71786705368874,2.51381440785645,0.744749997460416,2.68640928036516,-0.461344798412993,2.03037173186893,0.220795646883042,2.31117150812518,1.99751821647272,-0.870431117425394
0.483014878707135,0.793653542584309,0.843103322717639,2.07024248824389,2.34105806088843,3.70719540045285,1.54413935877097,0.664461751544526,2.34777716604545,3.90391555731893
-1.21427319669822,0.159018321887088,1.26166336937103,-0.890979839567112,1.20236048579851,0.392390139272651,0.817780503443342,1.42466684463548,2.68423748420233,0.739177476756884
-0.185371198362016,-0.131884789559288,-0.52436430679228,0.615737367500732,-0.452534470308757,0.899980998276809,2.05786288748836,2.35946663709963,1.14848007781381,1.35851517642969
4.49335306373893,1.96231696757109,1.24931398285189,0.964134555913719,3.6259452232467,2.07375654147632,2.06789230248019,1.92584527301989,2.18847541441055,2.54472596849225
-0.585203561156375,3.03055982411756,0.596692155664351,0.203866514096636,2.06462995221344,0.187037247417721,0.306576799565921,1.39524018403116,0.582442323154321,1.70735700425702
2.32793345802757,2.27173114937505,0.407149437246626,-0.137528557482186,1.06994137453229,0.441327282851717,0.133875088267055,1.60924209690693,2.74776859546452,0.511111869660153
4.30285404971288,2.58031196822179,2.26496979659494,3.39960260531998,2.10376908486225,1.69908770492643,2.88309274401943,3.73528701825774,4.02160517155818,2.69197791993206
0.248636535334062,1.18215924166427,1.56986011954165,2.72525955722139,2.54080034917021,2.32247212793614,2.24181905234399,1.40686135355394,0.76594236213185,2.30195131598173
2.63903595913428,2.6778755183874,4.29388510077318,3.3318859379746,3.08520322535412,0.906959325709753,3.61699093130027,3.3073560916555,3.4604857290226,2.31031458071499
-0.936120598037161,2.21674598394684,3.78189308792419,2.5388335075382,2.84261023253132,1.50895664536854,4.36109839048836,2.42860290865628,2.80953395675651,2.1415832811461
-1.17382761429478,1.9195857526285,2.28448077993542,0.281388519555847,0.768103363643398,0.044374361630235,2.38450101270544,3.8810944769182,2.11818748866762,0.996304355709492
1.37204679364392,1.07739568395608,-0.566453300359541,0.366023648888189,1.52212401770035,0.719970126384508,1.0016540931409,0.90994959256972,1.30529606361738,0.586706525240778
-0.667023137105892,-0.253057241789511,0.0944296795939373,0.0481401776914996,-0.178540203936765,0.414285312374123,-0.260326985440066,0.595681921741984,1.75371039215629,1.52810639060199
2.20623588770602,-1.12064466731404,-2.53474555752559,-1.51911897467879,-1.24241026840429,-0.66370710879659,0.0883392109878248,-0.997041706366396,-0.792263829198397,-0.265663954198268
-0.234682997546648,1.83267556069962,0.306713980960559,1.02956672463833,1.40627486898422,0.724910812215338,1.35119018620236,0.849722325834814,0.67478385046605,1.82311006474283
0.524184089119975,2.91085095624196,1.00738720740665,1.79616903816119,0.585582026081009,-1.38348796966913,1.72118618833965,1.06308822382504,1.40139081194185,-0.475340248980429
2.48718283124627,1.70056430646008,2.67287408299893,5.12109871346714,1.96171385449456,3.37497508933577,2.91292448822112,3.49906248945926,2.80123947005597,2.56168576838054
1.18083882674817,1.01345119409041,1.42701122906119,-1.32014529371511,-0.227582832872938,0.200150022807236,-1.79353914578567,-0.587500649730651,-0.561452450567353,0.457347900349095
2.37090569445539,3.16411427205515,1.66149938018685,2.73023302520724,3.03993933759834,1.75180157557636,2.55428165257655,2.94050374428897,-0.144645727106745,0.900823682655292
1.27759037908345,0.158097840801116,1.39699844604489,1.05702231945216,0.428529644724411,0.520479441204428,0.827812614018616,0.488058154513846,1.43563412154688,1.44217019918455
3.458291011647,-0.228204388335929,0.458567727787134,0.616297772405409,1.47691016790202,2.45593739100356,-0.391262734498109,0.503667186700797,1.31037786173951,1.51517419450469
2.50737944310766,2.31501859730544,0.688010987644457,2.56636063792082,2.33119316496948,0.117811038005716,1.92934167576737,2.05650655276757,1.72855175275187,3.06879433431058
0.411099497321285,0.771041939382038,0.649616080228284,1.76337601488018,1.04405026054364,0.223578931366035,1.77988024566213,1.10393368273714,-0.146765575780979,1.95254045330257
0.0578658902346411,0.843321033936762,1.09418353706278,0.723399552538961,-0.0736326416524893,0.896248526471798,0.917094770477144,1.28402841051183,0.777026517138974,2.28017441962657
3.34107593752188,0.918706853502814,3.2137347102146,1.86603062010157,3.84623869699584,1.94269633753617,2.33794260092865,1.33622817297273,1.58476285866586,2.9207223135551
0.971789552455194,1.13191444629685,3.6167651906129,2.41100443680945,1.91869639641013,2.14767384362522,3.27247964940632,2.88699263186969,-0.498152523284613,2.96727747338728
1.31247837252513,2.11069417391446,1.79357631297677,2.73365779308676,2.5934682346858,2.64718752829663,2.08644311556836,2.92972062093214,4.54257106458009,0.100009576004136
1.86586565720972,-0.196356028772791,1.35795816042377,3.1458458208973,1.68272673345922,2.06561368487898,1.22114376789454,-0.209129319616496,-0.32309261398294,0.0505793093028545
3.5254074805868,2.21839497222255,3.18519579083779,3.60870706618305,4.05061387431943,4.27587756576829,3.30415407766053,2.88746927078935,2.25106309162136,2.62067327226861
0.203819757297302,1.29871406610657,1.43293720975521,0.995187437935985,-0.215420246316357,0.958501092672884,-0.302430866464096,1.99240062215399,2.01589833996529,1.36084910907869
-0.16874680236355,1.28588133023628,1.2190306604606,1.53992686714121,2.07864675302555,1.17294636767819,2.0000585563675,-0.938373467582955,0.425689869234092,0.297664706592026
1.995719865743,-1.23792444685774,0.43811974102166,2.47903495011613,2.84887491297627,0.414752139895108,-0.0596497317813747,0.38669038007544,0.403741568679952,0.428843706795051
0.754320639748419,2.31115675848282,0.401136623428204,-1.56553055914363,0.293014522395452,-0.564266512585345,0.218818428443424,0.399573671505125,2.03723148249217,0.308384666015599
2.37490611561823,0.520806889508588,1.66200036362254,1.72827344241899,3.8841723530684,0.346949542927718,1.17842042450671,-0.548936637934594,1.00730363410239,0.465738389818767
0.850795043615896,0.890501509747183,1.2672515711925,-0.951317322238827,-0.501702083038582,2.1696940069292,-0.406130820484324,-0.721560249979247,1.22852680861936,0.114821644965858
1.35506888793125,2.42889843728642,2.02860660561359,1.50392571682937,3.71636395611923,2.25433916255457,0.509602597958706,1.98570791952863,3.74122097508164,2.22002453155303
-0.126082843220138,0.568587838253075,0.270438737984112,0.886471593363545,0.717682469226705,-0.419846676436902,0.723938329528204,1.68840586893618,-0.172123378086592,1.37747908638458
4.29722263040099,3.97575984523684,3.10874702889636,2.43087743029494,1.38161277222938,2.61017406148108,2.17459939575189,3.53551530229439,3.30833524749938,3.49973462617901
1.48838244326615,1.06401862441053,1.07494082425511,1.17233751422485,0.746846585725431,1.93102672610003,-1.19198521428423,1.7913164252509,2.41305252158544,1.08057910586889
-0.0745200029176414,0.128162459158424,0.160069630782306,0.742848662423853,2.24325530971431,1.17050501544378,2.93917482225412,2.36075950160853,1.99607195555194,1.78951111601762
1.78861997903942,2.82698226925862,1.95602172039987,2.64035188519225,2.18003064827529,2.11586383465456,3.02742391527018,1.77571064767879,1.18694538922154,2.65895111178511
-0.927872788304566,-0.125122604556168,2.44800138114108,0.82651408476089,0.577833566888724,0.775688043202543,-0.680056129320631,0.785592877523862,-0.408926756220343,0.0943799792660813
1.65022811755662,1.28562378709732,-1.66649759589524,0.837945460871155,0.0904983239980168,0.838804832770634,1.22432773306486,1.59035834787647,1.87601603162371,0.892508965432567
0.467678751850482,0.743081079074124,3.08051971134628,0.093836677068459,0.17571993365197,1.87150257177093,1.80292758999519,1.23035806007318,-0.470487383757562,0.970450772280298
3.24402517080072,2.87310464738526,1.69655243160744,0.889239519141212,0.949800369067331,0.600906271426578,2.21291396071434,1.82615217806245,2.03666023597452,1.96767355395981
2.93020064900916,3.26902252335686,3.17461489057515,4.64438308839402,1.84208400017478,2.69213907191495,3.17043352495379,2.71121869392792,2.99206691133177,2.29786006245642
2.04051388735197,2.0323575774009,1.6964198962049,2.30724788405008,1.17572349760265,2.59034101962297,2.41881074686503,2.17527484661362,0.678025223309056,1.37690680919118
2.54346050965201,0.958739935318326,2.31231265642238,1.52310149736207,1.14088128126219,1.44935874059743,1.22139398594274,1.74633014209565,2.99214865515454,1.95012277880048
2.26794200330005,0.717746003670942,0.123699451404059,-1.02354870759564,-0.244015302760373,-0.630818916869988,1.3408027429925,-0.694275870065241,1.50692553479709,2.4578567978311
2.3164821054535,2.13319841540966,4.56309842037005,2.92293216839341,2.76960349925342,3.67874960837084,3.25033283523772,0.726606904844285,3.1677306672775,4.57057634504008
2.97051815214775,1.19221614550251,4.01805045822401,2.48417179587225,3.14868629546128,0.0564281049329736,2.50013085789868,0.5403013094151,2.95378622880155,1.51540233740287
2.06364830406898,1.75134243763046,2.22718042539231,2.40691220659037,3.1476316857771,2.50306854796199,0.919239546302816,1.62573044943883,3.07623477022183,2.78477920560965
1.31404661196873,1.760312111508,0.39805566265771,2.15223993007233,2.71997328336756,2.4217050649734,0.0003591326894965,0.477664970069946,2.0715221695062,1.77155925799541
0.775408497300027,1.85724095668373,-0.175596881873516,0.898300634787534,-0.999098494768642,1.40639584222837,1.73416376136477,2.64134474999598,-0.852992104179729,1.08825414257695
3.95028648567795,3.45204800283866,2.0129071174506,-0.151485398605037,1.75020241192705,1.55536586563708,4.03126909512463,1.31616391069361,1.92835508741692,1.82490746256901
2.66930482046069,2.53253119779615,1.32957347684551,2.79134775735287,1.90143218550608,1.91985140610981,-0.0974064586146182,2.03786055402092,1.40759583079965,0.788733932081965
0.175823799307843,-1.54557280332068,1.73643723635091,1.6761233440409,2.82610658331603,0.433447361505303,-0.622318681068026,1.27973402185371,-0.0813475866501459,1.97410053805699
0.17791377566425,2.25778789556932,2.01870812652621,2.3057864761997,1.88338448728639,1.69277339329309,2.82099542847919,1.47682956079207,3.39807151958746,3.65854459840108
-0.281632876029189,1.80849341161953,-0.174546167939824,0.207398394889013,-1.36914435395226,-0.0267321166551008,0.634823756549457,-0.414153429328237,-1.2895210873647,0.165823193615816
1.23538028177858,0.0223721020721851,0.389205816638054,0.455538151389617,0.912933114283321,1.16882625109584,1.82481145597031,1.65482911940253,1.55159837196843,1.13710889111677
0.642562782924036,3.38684504466659,-0.131268657858228,0.932723630881234,3.46640495436209,2.2798845054667,0.121711854172706,2.42648903140091,1.22571859810892,1.56843745704929
0.141046686480109,-0.0548213479937071,-0.585550441835341,-0.798783407244727,-0.442421054038869,0.124256778082773,0.335821838773208,-0.726483431755614,-0.939959912385935,0.957175706609039
3.51908095207107,1.72343172158638,3.63768733082899,2.99138042922645,2.58269481123717,3.93447363854649,3.38048657419932,4.35174628193347,3.72561555119435,2.62348348603609
0.880176343025724,1.98674588390544,2.88776286314005,1.2875490928498,-0.284899247818975,3.49134389835567,-0.224304387028805,3.82178118113428,0.569905947076528,1.83431651556314
1.22181692435177,0.562277454494191,2.2966055812039,2.43642270533994,1.820452406104,2.94926030672965,1.48413728722901,0.985373487086107,3.49220227183416,0.962887351836753
0.263307128687618,0.968024455055133,1.57638382867128,0.802510365594128,0.981696890156513,1.01712738680922,1.44298262356907,1.73679017506825,2.95868522659491,0.0882227801573902
1.69455692915735,1.95235674875231,2.59080008034707,3.58270941987757,1.29113141420026,1.05316619830848,2.73594659718776,2.79355839644244,0.791179715498755,2.41708175237288
1.06655124514083,1.47534314582737,-1.44493673086831,2.07479804714306,-0.525648495969894,1.66190310823153,-0.605031790706553,2.57887988027648,0.899765591776654,-0.526985244983696
1.24989115336316,2.5048956817565,2.05272632739605,1.53757603826717,2.88426055107745,2.78634778506105,1.12822134191833,1.18297706571502,1.64137825827054,2.31716548337539
2.25367932925952,1.07591493040135,1.64446996230653,1.8863778298505,1.99746138773732,2.99800006461198,3.61888069461912,1.80085821585073,1.81716928189982,2.41455243651104
2.14857154174691,1.42572898184741,1.82179109835052,-0.450486849018551,0.962365818635855,1.3137516635527,1.83658767289399,1.63237216333997,1.73306992342943,1.52626775170292
3.92079115198743,1.79649320749092,1.35893650722929,3.98439309512813,0.221243741419276,4.27487116429834,3.33816747417374,3.21795985483336,2.1364439494872,4.3357522277899
-1.35474382020467,-1.78866547212538,0.579966417420009,-0.78783136464063,0.662869458716144,2.21858452507071,-1.14939906117451,0.275913715373994,-2.12911347759114,-0.137313145941305
-1.31019432327646,0.17893502716981,1.80609737698696,0.353478448377743,0.959555667942488,0.906021067594262,1.5658951024487,2.30491831720404,-0.277042129899727,-0.132733103995116
3.66716349224016,3.95989415358966,2.47044811936423,3.51386569675109,3.04659767661314,2.74435802097992,1.49501070834968,3.31665511212314,3.01467088665515,4.41841964663961
0.479330400470808,0.836027312294258,2.14543981918303,-2.04956482429414,0.783932283309968,-0.415839325967333,-0.627286108501716,-0.424430108346851,-0.565502982037717,0.500304424753787
-0.0793379125598175,0.0795889520973733,1.84129864656325,0.977345225135533,1.37041058726582,1.62810102079693,1.69007439245685,1.83219975605582,2.0184386145588,1.46484406486992
3.8325345556955,1.78771901383357,0.836770573182793,2.75540468757885,3.51832950819394,2.03169283333741,-0.139623434910643,2.82674037105992,2.30114298272041,0.903829837819829
1.24385011996438,-0.896184784747668,1.909634875287,0.552603332704071,1.5200658266669,1.85300165855877,-0.165811242311493,1.02452352362109,0.782106383479285,2.10284039519665
-2.79032023161682,-0.268082588383507,-0.746466357448729,0.789106965762223,0.398286295600608,-0.0981732783257089,-0.385101129454154,-1.38802255340312,0.182960056869144,-0.343296194549964
0.709499753710523,1.39798493637328,1.43869358543188,2.07327326059751,1.28077126777625,1.24674546462722,-0.157487187870166,1.52246924423105,1.94721494534406,0.838271707566836
2.13819677203118,0.509870625342943,2.13400053553241,0.90331406833069,2.11139820326659,2.4561273100492,1.09982021060698,2.8047260794922,3.94594694833284,3.3385460442911
3.77030187417037,2.52292895271107,1.78027983824416,1.16373165930137,-0.145223703255812,0.451406809058584,2.18375552713096,2.44359318658059,2.66705344191307,2.63307615569175
3.32772671224906,2.3632746525801,2.2783607553738,0.986648535564843,2.49586842971997,1.99359857160001,2.08711924093556,1.47759391303153,2.27752924823767,0.789111516532812
1.45849417518853,2.32595388657662,1.22500363506506,0.951542879990376,1.41864850655557,0.720387682877579,1.57450688558936,1.27821980275127,2.38071458100179,1.36528231152317
-0.114792450520283,-0.145441599930971,0.306133953136221,0.146952064281107,-1.19172238613643,0.682322836526284,0.892220490544529,-0.290044342404197,-0.796034680001642,-1.281523944136
1.21655828082852,1.65569901237493,2.41849046409759,1.72314743376042,0.435613598102759,3.79317454335005,1.30347506292921,0.593808152993768,1.49983894845162,-0.272913884187173
1.7544650596305,2.05163320248214,1.53922135177575,1.84538137662914,3.55170084444872,3.23077595072834,2.26389028465255,3.27108112172176,1.57814726663704,2.45624373438466
0.901760285212696,2.99050286521005,1.90022696509168,2.79592598561704,0.0416962065933946,-1.35546970252039,0.837807128279547,2.5975841352219,3.39782521302417,2.56776939562818
2.24137902117193,1.77007167352737,0.317763041588593,1.43536913518984,3.17774404358338,2.30349849420684,1.48385125476689,2.18430565657191,1.14106632413858,1.78108702896221
0.658315115091857,-0.856319554513669,0.864645093478983,2.33478321887707,0.821682443992968,0.700294382552866,0.972284772172469,1.60131287884954,1.06618517363906,0.403636814218869
0.391590680723395,3.25542243939562,-1.83927630583045,0.791758747862174,0.363044178426101,-0.13095886860249,0.26026203931469,1.11898063287358,0.159211230814834,-0.127770018069716
1.10714226525961,2.30322580535632,3.31954965256693,1.38207396751288,1.61505095935981,4.39645942275678,2.80055898953532,2.67683901315465,4.97543605731849,1.38828789401013
2.25752519313169,3.35729093711404,3.33547013319311,1.64636577993272,2.57203445308562,3.27086167502156,3.0627698660105,2.95215812117277,2.75120556800614,2.00684045253566
0.343713922155769,-0.105893080255793,2.16090225610183,-0.371842085358403,0.751467836068135,-0.357583327960982,3.03907183974982,0.578155930369366,1.33577870247892,-0.0178312022753044
1.98174978815763,1.52527333012589,1.16234986518904,-0.622111917209862,2.1844091324265,1.94089430193088,1.22070908608488,-0.203904135235029,1.51704918382755,-1.26680863057242
2.64200294452687,2.53428186876625,2.20430299913545,2.78943596809695,1.59671087602144,1.10131955397641,2.01099282247311,2.18729352027186,1.88526417688967,1.68255711748395
1.8115957554033,-0.573258585391693,1.97136039527349,0.562070436719019,0.86112079992156,2.64397836636847,0.714965744261193,-0.289062155089242,-0.488907481222554,1.27969839377238
1.00798733950598,2.57465359568372,0.513099584171442,1.76948089134414,2.77774040150336,0.0745286022143492,1.71073835809135,-1.55974189930782,-0.376208540534772,0.949563640308021
2.63331271531575,2.16528518065892,-0.81258222696725,3.51381766133166,-0.928301665051177,0.94147444449204,0.861856103213547,0.874699817906599,0.0128725218618181,-0.0920500078874515
0.600916957130388,3.2549178004006,1.39546607524719,2.31032207888,2.64004070805552,1.13343903702619,3.69982945856822,1.91424561043896,0.789338133022757,1.04990023865573
-0.457736382921164,0.453624124383936,0.983232860266317,3.02514660053524,2.5642892242104,2.97659430296087,2.47910106635351,0.96918537641061,-0.984784709146274,2.02960822639297
1.30186019152107,0.961826120868232,1.90133236857708,2.02433387448534,1.86221634320627,1.03815419963745,0.504571936628879,3.07632973254269,4.15832056793767,1.75100099998651
3.44479461159664,1.22927411307686,3.09201946916867,-0.973790982571266,0.537413462600791,0.723952384836264,0.514522543019623,0.00424199858691099,2.15480284355437,1.06976020184016
1.45010205850352,3.37844507544619,0.182484828253641,1.69077081333385,1.73580794530537,5.02074919300111,2.44530797566739,2.94253734580308,2.24736391003432,1.78553891949752
0.353358225248515,-0.128177728363224,1.02756761433622,0.546919583422383,-0.0162728185505724,-0.736046860960879,-1.06788078326884,1.48664044415196,0.778537827501655,-0.825939104613318
1.85614456976182,2.07404002306776,2.53274549207288,4.36365972712492,1.48413467485541,-0.139912561933289,2.21115632916861,1.69074820426594,0.16525768723273,2.85173001704517
2.32152663716055,3.00708398200611,1.65896909393034,1.10908305276494,1.77023781343389,1.6033996558943,1.23490000479379,1.3445447447918,1.47056679235846,2.40155839015966
3.40585215462634,2.92417668351262,3.16212005612038,4.62555384132372,2.09496057282335,1.62402786035217,1.71177632142587,3.47452289459961,2.58950482781142,2.3760295086955
1.72290322982847,2.14046880471792,0.170228005307796,1.26900913299267,0.28810583496109,2.12208407964422,1.29236693163711,1.91848331065716,1.84202290918508,-0.737661952696134
2.45049173015069,4.17010422592059,1.37932869500897,0.621063042736239,2.15330349615822,2.53952487305615,-1.50309590777545,0.928914017245134,-0.701721413543305,1.09995952610095
2.1489511339513,1.92605583849008,3.0261368172147,2.52422834457093,2.65366249017975,1.17507106411668,1.09758426568983,1.95996986653774,1.56052731171973,2.11053752369557
0.510245028830964,3.6806663817014,1.28481430096729,3.13091284437332,2.3675730710833,1.36120245967233,2.18614604915599,0.968985894013788,2.11342036886628,1.38451784055118
1.7886733834861,1.51974924828569,1.47345648905298,1.09036784222362,2.95445340266448,1.69802051097586,3.27185670097436,1.18698182592024,1.16036499821246,1.51658762021739
2.71260558272936,0.129693938468926,-0.522054116235549,2.30359326042575,0.27646477662243,2.21245058602627,2.54195738420595,2.40190824058564,-0.571531617401121,1.93288808495648
1.03475754537452,2.49683507244237,2.32467652644236,1.61507919336997,2.41937372825562,0.338756367267548,2.78298366246038,1.51406300846599,3.10740396687643,0.589943238452428
0.515904931866999,-1.15345500438551,-1.02732714710882,0.178636234054668,-1.34732300588896,1.6892512418876,0.197836813377364,-1.14050546762253,-1.23807478888585,-0.723692594364314
3.55476526175,2.70264622003051,2.12429707102696,0.693188230179088,1.52819884693209,0.928591040004976,2.89101990154577,1.41833101018656,4.15473165454607,3.89934835304693
1.23969928020359,1.97515319216033,-0.236190476857156,1.02783631406221,1.90082729106292,1.96112033607495,1.38337851699934,2.19213406976089,-0.110027847537343,0.638197315246697
2.08765775558434,1.13557869861632,1.08787855338564,1.33206053900312,0.707812022501548,0.598397944834351,0.501388305031099,-0.670381004511761,1.68914174326436,0.194344846197874
0.0129126712022244,-0.623101411509242,0.909322459689601,0.508862191399967,-1.41463454382534,0.22100735837469,-0.368708493439471,0.582575774583569,-0.0463098643985754,1.65062814301994
-0.110519012596011,0.488422854621576,1.24753198003263,0.831921807332217,-0.435309982584242,3.14457886727139,2.63464134748893,0.836514800299352,2.31741983223244,-0.440156686541048
2.0733995171873,2.43185541016868,2.47573119957693,1.21960811368491,2.43793037257251,1.49992874531626,2.32790730426643,2.66106975413315,1.99411655178229,2.13016279359463
0.269075842793892,1.62046443077168,-0.243802903153034,1.83334094505234,1.09038829448211,0.546902800997747,2.49189328222998,1.00743947471686,0.886272717827613,1.03656556868742
0.328281454067276,0.376153483924517,1.65423349996298,1.59482100674433,1.90482601008249,0.879535979568717,0.828472254374507,0.714713293718099,0.570933491888822,1.15659333507224
2.61531675245539,2.07761944139224,2.54053533802021,3.64721406959607,1.16144903892488,2.3434191918279,2.15242267620952,3.69624410685095,1.6990097588852,3.96744053602991
2.85868702790405,1.67158851288751,1.87073462720083,1.68213955293773,2.27751054737686,2.19959040607698,0.39037976424385,0.722389500958112,0.199910838827101,0.962069840947805
1.45868932896491,-1.07602427455838,1.61454101590684,0.626438415221463,1.14261134106412,2.6863900925323,0.822246853735701,2.08507041638742,2.77722372439924,1.09630333433051
0.479973536389303,-0.234282607885932,-1.71246505485701,-0.0937026867833076,0.527906310740485,1.29348268948461,0.568483916356583,-1.32850468787475,-0.581283737110315,-1.1877362524862
-0.484260534761728,-0.856160794042245,-0.8808858508841,0.34505702492148,-1.77959851521399,0.289585216581292,0.306126065208246,0.640750988123141,-0.180765826691549,-0.420251898026702
4.49140390223042,2.59233816305448,3.23448054646103,4.02309912695411,3.72932271881351,3.36228026527637,4.69367734383526,1.00682801355909,2.51572453145199,4.91721141888643
2.65217127139078,1.63127235243765,2.1970607209798,2.18944233074781,4.84650798775025,1.15068649914312,2.04943413345665,2.51104385208767,2.13708381940227,2.74257630239469
3.65248845140517,0.754115087342848,1.52680955111724,0.253278564188933,1.0224217504803,2.84026404572194,3.38998552226917,2.44539757544669,3.93166587567589,1.86812999131992
1.75689861111454,0.358706674437742,1.4521388280823,2.16028318074525,0.347444401981483,3.26421293576399,0.605252166915561,1.96489376277817,2.32103591546602,-0.309615533971423
1.27260991910654,-0.155350756063231,0.43447238702475,-0.161641807826618,2.24934532305111,2.16803292826576,-0.430461935352945,0.750631304499789,1.74015731880854,1.51800024233372
3.4041413913059,5.04550707737141,1.3176596083976,0.580178004316124,2.98306482094941,1.52634277564877,2.061502218825,2.45042882707664,3.18550496214199,1.82681734631786
2.57820761935162,3.82123656205269,0.800088763811119,2.35224639449732,3.66486273732624,2.3641681226412,1.59618150592263,2.00512421937286,-0.576901201090256,1.14438803322492
2.45694538091139,1.62983012431456,1.74713015916176,2.22592036057404,1.05941394190568,2.70650478081168,3.71608581037573,4.17059481228853,0.611748895583908,2.94887941542487
2.9426711471895,0.504817131813982,1.49725923360645,-0.253048875187009,3.11970927941254,0.607830025343357,1.78127431465062,1.38536262283215,1.45073920188324,1.43134250241608
-0.0402586141581083,2.68213271618024,2.10158398764539,0.728414609024858,0.329615081614531,-0.716551673173906,2.1648265621481,0.525901857354898,0.847449619769466,0.488503690052382
0.968679315114874,0.177740796073218,0.626267483793304,0.759293169172516,2.27100253015301,1.90650000030538,1.77879043985888,0.803517394951183,1.7596018968696,-0.563398954910139
3.21190417422681,1.82538795607187,3.16660076751597,1.14236933844423,2.12484877568322,1.78100097974706,1.59738084493144,1.20583704939185,2.39997585801581,4.20778749535588
1.12529390435393,-0.734505004600492,0.00334901009800181,2.82050537036671,1.53099461174248,0.387115408620422,0.10961205837325,-0.989131774316612,0.18492468402478,-0.921810432909457
0.292710714701996,0.874347616985937,2.02106877653216,1.10113698342452,0.917397540096961,-0.674487362841189,2.16385177328741,1.7593539373433,1.79913447519971,-0.484083992104457
1.59481053346052,0.226371245235932,2.60436020217306,-0.766967052911292,2.43099273440263,1.4667311667633,0.511961638461367,0.805233741031039,0.517714229770597,0.16412324355223
0.195714800008363,2.68751708129487,0.420399359341867,1.10579115339116,-0.286205411076947,1.01875986554722,0.329670032275282,0.396392598187567,-1.50122748580916,2.05099227275988
1.65678875226916,2.94638194599874,2.96460963616045,3.25961918038178,3.85758179861705,1.75360338495297,4.16697698192058,3.53925881928935,3.11156974321816,1.09825509646763
1.50684698843527,1.05749468764272,1.72446581628288,0.815888442637774,0.0108222518998751,2.79459287114239,1.43595562296649,0.302862671966231,1.10929669676763,1.7995153008493
0.622137801033679,1.39850256295931,-0.0508453821787971,1.68792720247812,0.826585094729607,1.20179073876964,2.45408234731783,0.672793846723205,1.96216171315438,1.20193654866334
2.57756726643447,2.49301074107651,2.35001682334344,3.43773310886096,3.06604687081692,2.42985199970539,0.947579382544134,1.89758790029532,2.84196279485419,1.80403173551368
0.575385994466596,0.974808076269304,2.79084979719588,0.606269207887322,1.31144939927934,-0.00971828910957884,2.00352545158721,1.5060039769792,2.14694580270444,-0.243563327784449
2.68662365745521,2.80575405269667,2.04768919323627,3.27085573513379,1.63341432449759,2.17626027057814,2.54116408987846,2.10135495622332,1.56815265883702,1.43333893472837
0.00759352058532259,1.3010001830946,0.409454466346394,1.09118959397516,0.967227915009204,0.302377111533406,1.71369430366134,0.784498706809833,1.10013728899884,0.233094283401158
2.76881372028298,1.34882799455223,1.36653053989179,2.0078770478874,1.64712153510955,1.83855877977289,2.7405361181011,2.60983683158743,1.12253485271405,1.99769667643456
1.22151862152281,1.04351349464479,-0.588783503392776,2.10579996684892,3.90444027577438,2.88881682617136,2.07115409390369,2.93098860455203,3.54016451533519,0.451467496192058
-0.308242133843593,-0.492367841501681,0.963029296412495,1.98307658793292,1.11336934487706,0.472552347534905,1.21848075676258,-1.38301394164019,2.33478662840859,-0.291203827922036
-0.714637952711427,2.09531463466915,1.34530910907658,-0.375778778047731,2.56411380910424,0.257540088783591,2.32205168686626,1.80976421072199,2.01156306847672,1.1095520362349
1.91313324280945,1.43734214786733,2.92389383906311,-0.273235755024256,0.877465942563654,2.21882788293938,-0.731056895868243,-0.478238726378015,1.27512666103159,2.26723086256887
4.09886679619618,3.19773742774116,3.48378621548949,3.41836328716967,3.48820689763379,1.37886997545144,4.0288905100434,2.65993771299513,2.32618610695734,3.47967248187762
0.0612085014374829,0.499412363072531,0.852124206629324,1.68821926675729,0.47797686176825,-0.270154263040401,-0.304217990235983,1.82814571881858,1.10947125173016,1.06931186505419
0.515239845147395,-0.33857961039598,-0.21253045852531,1.19882625151724,0.449321605259713,-1.00515370030452,0.341397365688719,1.9929781514987,0.37714766033432,2.34760443504025
0.468928016331375,0.417345990610561,-0.0396884950522256,-1.50408781683989,-1.45743399867604,-1.05100937710177,-0.316408772823635,0.19542969007632,-1.44967192799687,-0.863382314163078
1.83158786349472,0.710956125042912,1.21079352051843,1.44092468845222,1.11000550582706,1.39265961708479,1.57813462223628,1.07966672415485,1.39840341099499,1.48856845803701
1.35648005059835,1.61830701606977,-0.777261528126295,0.0480329262298803,-0.49892464617861,1.65965427849463,0.39697508105972,0.892174204453403,0.869301493934613,0.472020373546337
1.35718634367013,-0.33453557556596,0.997713878084291,-1.52958235836691,-0.504551144801126,-2.33232528121636,-0.234323300683785,0.757656429350009,-0.247956382395727,0.6244116283677
1.16082186495117,0.229881212408672,2.1816131538512,1.11775043771608,0.104546674350973,1.25440977808888,1.75586731939806,1.70668356555718,1.35464365841511,1.46419389424092
1.09323181488944,1.11722575838144,2.4079442216577,1.8296242010238,1.1554858789918,1.04868779914929,2.07984340161827,3.4545109178605,2.24026261171231,1.97420052124314
0.213939491803187,0.241472567592861,0.0657037777625026,-0.0128740665375515,1.38340188134093,1.66082483450334,1.6451541718906,0.538521837345316,0.0158009985412094,0.0243800459892421
2.95705207610225,1.59334781126851,2.07195123571477,2.03010455806364,4.03928452493896,2.39460081491588,1.83116070817994,1.48110577050354,2.67404045605574,2.15414855307357
3.43981836630606,3.69473237358737,1.15039784125925,1.77015454256351,2.39069507435354,1.77743943535551,2.32797534381428,0.350721439483809,2.83041123329715,-0.189416100808927
2.93847404542789,2.19437726614061,4.10255473776804,3.16703523247241,1.35290517726215,1.6616238876062,3.30834726165254,0.66245406334074,2.03494720062854,3.7744573734161
-2.40539500829996,0.752668694268106,2.01022959854539,1.69218538347008,1.10370686508269,-0.619624894090375,0.417364226578905,1.80892480421171,1.67680115039548,-1.92109549247156
0.199503937549204,0.900589333391053,1.63444126840154,1.45206017778471,-0.0414328029059168,0.780739922034791,2.14127812856721,1.70536447842668,1.41583070340755,0.601361682440504
1.58859341610293,0.840857898427055,-0.573386914902761,0.510977499069793,-0.422767582614523,1.81489297690138,1.26538716394068,2.61499023332465,0.512718671400953,0.367995703642604
1.09471581492551,0.611793755514324,0.998376866671985,-0.206569898326987,1.84374870290255,0.184299661932001,1.1539342791124,0.0105874701925209,2.56813749933946,1.4247603973307
1.72248520918253,0.898391926636353,1.39187851745388,0.193738177480038,1.56478233989679,2.25378692873804,0.771805380646255,1.34344005449051,1.59578694975788,1.11698496613787
1.86499400260528,0.14842186020377,0.986817977139068,1.5331409357537,2.4759607009725,1.41313727180361,2.1918989323471,1.84746106059351,2.65322241828113,1.41261573340126
2.11026745428553,2.32054649552424,1.96510604774518,1.44742491425207,0.634043089004472,0.487923375445716,1.52276996282449,1.07602011395725,0.351434965605067,1.84751979670899
2.47030670589666,3.35779454925208,2.18457075635147,1.93337710390416,0.910353429115397,1.37829835487759,0.429750892646688,1.67022250076942,4.50409925630077,2.72611387219038
2.36564590586047,4.34366139014148,2.14959338558178,3.95682990532431,3.63897340239433,1.3959305711177,0.292508797461351,2.87404912625256,3.10130506295476,2.90504115651974
0.627678063696477,-0.412207938747386,0.665452786777838,-0.49918547648075,0.715264737268592,2.50332181336487,-0.354322271011736,-1.30418392949328,0.430525603400862,-0.332727617908831
0.747958474595229,0.303376509389072,-0.973423444999986,-0.671581277075064,0.800357356987766,0.570747091980233,-0.162238036217708,-0.348290479751853,-0.0538095877249929,-1.80880753718355
2.26068730707604,2.36670867836781,3.29685681435013,2.1372474849119,2.6952720264806,3.69771108046157,2.2787859276092,0.840682852637168,1.13955175750697,4.36071464040812
2.55068020958762,2.15612791804268,4.21425477202779,1.99259797189971,1.92384516830662,1.37920724295442,2.25294469668235,0.194582168483538,0.1285201183624,0.972653677054304
0.602907396337682,0.513748368627091,0.719273126801793,0.833903343525176,0.977719290348323,0.673519790350019,1.59484967525814,1.52461306718344,1.6738350778799,1.02706703499299
1.97847218564533,1.75236707518514,3.0628283088184,2.82999877914099,1.40756442121916,2.39825752017812,1.2880501886181,2.51465829916233,2.89255794427287,0.736456769519234
1.19081167018648,0.272207349760279,2.15858546890241,-1.79560804704639,1.05104225902,1.93753937315618,0.74259629687638,1.83395073854781,0.625803448764387,2.03999921583676
3.43767253802454,3.55511425443289,1.66279475946497,3.06625183909367,2.73607213335005,2.92642488396966,2.71819237682845,2.21809441815809,4.81842754590937,2.49598275844472
0.700284299110508,1.5390646573575,4.06801214385783,2.54602360996968,1.72304488684641,2.69305432037677,2.93524312234948,2.7410154940471,0.920875435014435,2.89998952867227
0.262540193508105,0.0699420197703066,-1.59820475193857,-1.34890120716388,0.330505675376294,0.827392071876646,0.920211801891736,-1.69966601338491,0.540344911807169,-0.66730715589793
0.876162646729368,2.70138009146488,2.31675193521855,2.1880157822813,1.46238763418757,1.49902978466315,2.23974885441313,2.1137536146576,0.850753204629776,1.12965981820788
2.61123167701952,2.15300331820876,2.14067854916148,4.16633267792271,1.8466645638935,0.888970385668349,1.24442709613611,1.45750261254547,1.84542746103029,2.8933166551105
1.49544141551183,2.62944360393857,3.89988278389111,3.69927104401012,2.16909703695996,5.18217800442187,3.79134653177978,1.24364778467012,2.17653175649487,2.71947907458864
1.85961213678269,2.30490503740168,2.64828364585681,0.593079771456486,1.10589570502137,1.24347519157079,0.975952514202244,1.91690070853563,3.16536461873329,1.3191682209846
2.46004201938801,4.89757678863037,3.3759566883332,4.04363999619519,4.51913257545363,2.10276537171355,1.98297753046634,4.49529559168041,2.34567317914677,2.77419615853966
2.92733495131477,1.35582854912682,2.18722455464388,1.97417816360088,4.241678297813,1.9426599165415,2.87476621110968,4.22261911193769,3.96409058842218,2.72633685405433
1.70969994515548,0.0692435588945548,1.67061490444131,0.116074828838051,0.96726844822932,1.23069544808165,1.01289713641385,1.70009491787529,0.181404635707846,0.616022148682193
2.59131510335148,2.2029857593849,1.33546243255539,1.5752857036,4.93055628070762,3.31686538817148,1.97525942555088,1.98436349179838,2.66766482126381,1.5144892670842
4.13335453974783,3.5315484858738,1.74860345708597,2.32743584794677,0.931337534308531,3.0330435795048,0.70135647151684,1.31912915025626,1.60606025203692,2.81952389525484
-0.202886334710237,1.87708110931478,-0.385081083303598,1.07755422043099,0.917045294404804,-0.662165456606603,0.594510267656341,-2.04240022170951,-2.14064485592875,-1.03224509411877
0.336051265754222,1.24243466515909,0.298789037417998,0.763787200765309,1.21163092965846,2.89741276417536,3.00280264202448,-0.284754882016927,1.59200844519826,0.867977570802554
1.10020510215428,2.0554143050919,1.01145029819552,-0.433977464050282,0.316674662764622,-0.642615729975335,0.0246454179570275,1.29198751195093,2.94070919567468,-0.0937393193273959
1.10138720729059,0.459593899388951,1.63986090600979,1.42208989414794,2.17754514198322,2.47569350398181,1.3415297022324,0.625468218221341,1.13206341610943,3.65236870055793
2.19533546619456,-0.0513953837940124,2.04531054231416,0.213718138410433,0.927241031837312,0.976992394663216,0.369958580820997,2.80171317006544,1.75364235399747,1.3232597891835
2.81108741839546,3.49079404744714,3.13162572481061,3.02973996592815,2.96400729358372,4.24184574595601,2.38459189860038,4.60488033879944,3.23567276908167,3.51015437910826
2.29109366404399,1.15628999375451,2.6558472691275,2.45233218729184,2.19297685429822,2.62485570610031,1.82137881509072,2.36781799995412,1.52173441741544,2.98967684365984
2.89328595998919,1.21142068655265,3.0798688000891,2.32563310810159,0.974379081606793,3.71595366372537,1.85239308083823,3.12089050236243,3.63848621052754,0.608226492006628
0.0860906232672966,-1.29092882660488,2.2826024266683,2.10027527018264,1.40150890822889,0.719694431227046,-0.399200637836417,0.405543602099653,1.61719248306853,0.653216397837997
0.243044628748033,1.58284585840303,0.590800706874139,1.17030438546049,0.803655251579381,-0.823656948197597,0.172145108840254,1.48120416710728,2.68307711221157,0.106256247803482
1.17657627345259,-0.500966627723221,1.6001564362949,0.597813077815391,1.79949890376665,1.6110509196448,1.19393553562251,0.854202157272306,-0.391290548546742,2.02104458649468
1.93759366554194,2.34312305376619,2.59951407427791,1.87131470728579,2.25320729375765,2.45655299735819,3.55631859086631,2.55579949354563,3.81872488616595,3.478433822434
4.55959496317756,4.21010631621795,3.79207862692118,2.79061691853786,1.05555886072329,2.6804449898681,3.54874816029849,2.7913799682527,6.64706071010291,4.68121462496197
1.27023438438696,0.521687538288165,1.71518770911222,1.40866977172572,1.44269679233407,1.26238150285989,1.44438064077642,-0.0159331206972178,0.298203081977676,1.6434439911462
1.68777200158126,0.783760273513076,-0.306352364319031,1.89790245405409,3.06639266041781,1.17008501667163,0.933069318455619,1.62774350007806,0.486913049201517,1.8885291278381
2.08988101068829,1.45292530085685,3.48290193147442,2.46142512868128,1.94061202373774,0.115789862705967,0.55014081077574,0.804462096316895,3.21962586408245,1.2847840557197
2.07619146306436,1.76086980848295,1.15576635233679,1.17566915801662,0.386994426763156,1.78843198331261,1.42372143926508,1.40763356548003,0.00669066323295686,2.75686860110034
0.720936652135712,0.774679055363149,0.176685471632618,2.13875624401952,1.32400711162608,0.386208193501749,1.88712863894592,-1.56669411190698,0.77629986255883,0.903314607388697
-0.157508191244812,1.85110623684042,1.30189762488817,-0.00536103768664531,0.526371284706461,0.728674340844936,-0.488150478002056,0.59610314641892,1.19142397592487,-0.138170724133125
2.15383624490917,0.694321077158305,1.21343729703425,1.95724283261847,2.73043456832425,2.08757348928683,1.06528619179398,3.12548065670279,1.6511702115124,1.75776588618151
1.09231903639833,2.51316099276814,2.37345504891447,2.53362965490037,2.74488704869264,2.1048189669532,1.17991817545168,1.92387645170893,1.78071722874464,1.09467300184988
4.26791701386021,2.41687076771578,3.38458050451489,2.67310065399513,5.1722030459903,2.78641993199602,2.63777964852211,2.31737678860383,1.05030979904305,3.58920057646405
2.59473615372631,3.38064771944426,1.542094142645,1.7077804175461,3.72654591138572,1.79495909691281,2.88125597910546,4.21296872491762,2.91101993780391,5.62782142045639
2.04454972851258,1.47679550166689,1.83685051904318,-0.737319348030719,3.34903690560817,1.85611618004238,1.89242009809794,1.53981127406772,0.566598313340562,3.15545455505431
1.01118415386318,1.59305748601958,0.130842026300955,2.34657171023637,1.76479020429831,3.62422623587561,1.29358135081802,3.70272260629703,1.80107723886326,2.40069203525967
2.49431434038511,5.18784051212604,3.09632021289175,4.06962923779917,3.69952126167743,3.75053921223198,2.5892241901245,3.66229272069038,4.01432978507849,4.01233463388159
2.06850585079686,2.77015824440161,1.87857343454721,2.95546069899689,2.51807153928888,1.63094226483073,2.43857965677889,3.11397740284441,2.94108317752214,2.14581224987274
2.20935270524267,0.602693872460386,-0.0267084086825493,-1.17837666834783,0.18759092086228,-1.60898387355949,-0.238960471115563,-0.667498852419414,0.530444612762369,-2.51108577182616
2.92495880667903,4.61989385137904,0.825665566553591,2.4749985580739,2.08655344710923,0.549808030210323,1.58016891576204,1.94269535179296,3.67203122547431,2.65841585819757
-0.155898773521405,-0.873809711205563,-0.330573306377829,-2.27617790780893,-1.44425847334642,0.620335804741417,-0.467561622222334,1.06020918463717,1.02283678813942,-1.13524921796206
1.88251861195432,1.93745390174128,4.09179045815277,0.984728347512741,2.37754623205017,2.01391845253549,3.13009707229366,2.22641192873001,1.82017967864567,3.45841648178454
-0.976151034822007,0.352742950789412,-0.062474960426676,-0.366901784686047,0.378828241284036,-1.33799214267621,3.1421368598834,0.593297078028311,-0.702688833008024,0.526543290707374
1.17102773706936,3.3209441894685,0.862719054003466,0.1981050542977,1.51850832005021,2.36494894471949,1.77956549986147,1.18004986563412,-0.455447852288738,2.01806639836441
2.8452543105891,0.190890113042941,2.9495761035328,3.0401893477692,1.2423057558783,1.24418101948898,1.34533843621431,1.51433109571461,1.7030038668415,2.72855532867452
1.74930049747953,2.56984229508434,1.52619557957595,1.11623892722386,3.33475923864957,1.39608234134155,2.58128668090053,2.28890334332649,1.70680943158028,1.53448847878765
4.24591289761163,1.08619967585024,4.01548286235168,4.5090433587339,0.625851659591377,0.50344235092486,5.87314836762468,0.784601400750549,3.23529210500126,3.59060969322905
1.37776587814087,1.04012873449666,1.3492713147036,0.698937786013312,-0.170061447571007,0.467040438623778,0.401178659684109,1.13830708281098,0.52726051425874,1.56276597300179
2.03802467461714,3.74047543127735,4.23415469152555,2.77848441023003,4.04302169837487,3.64383046117913,3.01246511111702,3.37082797665421,2.90095620192273,4.10169849370874
1.5747421381797,1.91085101230222,0.63338093855663,2.50862576205673,2.33570633183655,3.21858944781491,3.1767640551793,1.34157621457675,0.827412930518166,0.981712136469574
0.405101777948758,1.37056595577253,1.51199247774092,0.798842585020273,1.38163651354973,0.858788897954637,2.87287332427407,-0.0600061729568711,0.431608606349744,2.64786209825083
3.96967358574242,2.07217670379968,0.244208143939011,3.78708404522997,0.11330809942914,1.33753303799451,2.90323821641187,4.29011124153556,3.12853709588107,1.42777673756515
2.21627547344076,2.48684446287344,1.15624134671495,2.04854620148056,0.732389168270337,1.49385465576785,2.08227523155924,3.13406924165828,1.07490120530481,0.257450628777081
1.81717156856096,0.307534528719096,0.341132753961448,2.18738489312439,0.668608208259558,1.26341178179909,1.4827863495324,0.87047667344209,0.386468560890242,0.442232141567035
-1.10252802051608,0.337987539308878,-0.500928703582775,0.147097796679581,1.12992911757944,-0.731649144420681,0.295333690855436,-1.21791138608564,1.04511894296742,-0.706832459531243
3.06663917648412,2.40075051837229,2.67031891469601,1.45768929887542,1.66577774136553,1.50634587679419,0.737289262483615,2.94160938256087,2.67804930406396,2.79676038471864
0.135815566780739,-0.581179251545987,-1.60012540181573,0.352923654936749,-0.101627416986055,-0.8324688289044,0.386981682512259,-1.00224069384837,-1.39147392338806,-0.449315580594578
1.12063109937016,3.54111251362874,2.63937508706197,2.57008249332652,1.15296629608273,3.10086792736288,1.31064642714371,2.16505097621801,3.69833311943545,2.29473598463106
-0.338253797626207,-0.0832316166418949,-0.278895019405545,1.20004364297986,-0.305016971678707,1.71972234032534,0.652199790399723,1.44112721858431,0.106146422960852,2.13752203814921
-1.39076743176598,0.267963308736426,2.26040484923359,0.560109630609124,1.73903408848293,1.14300139939115,0.134284756807419,2.82234674191539,0.502592132701967,2.18793484043118
1.76455571971649,2.49962257295389,4.92807210042509,1.75931028132998,2.94368301708166,2.28931487818848,2.97561225906872,1.15435965265899,2.98194561972174,2.3887725015849
3.26497956028041,2.30084048690172,-0.00136324838515378,1.60264905485834,3.2353132321684,1.89468349299617,2.82701175220899,1.46885686016124,2.42418893355301,2.5164975312934
-0.919813704455269,-0.316810200209223,-0.265184351307449,0.245648025148827,-2.37129596420965,-0.394982917896839,-0.255789085245185,0.429955629752645,-0.780319312290588,0.363549163618139
-0.221642723249231,1.52724016752191,2.04031075907671,0.996339680201587,1.72588777029135,1.9389049340924,-0.212219095551629,2.22987324646802,1.37288388652429,0.773630532038853
1.02371848192581,3.84833651967332,1.87161728220535,0.0553416879417519,3.59120937553468,3.60603048237911,4.98312174461731,3.71405686544936,3.01209791672676,4.64983427919601
0.76904324789766,1.33006730912681,1.05092963804766,2.89631340313276,1.22895810041585,0.906285221174856,1.71586809893278,0.484798708190978,2.09619967080702,0.355545190382182
-0.0904426429441698,2.82510909377058,3.66789835309857,0.886285129142345,3.13252054788723,2.45266800878016,2.04425503672186,2.54931306765306,1.5921306974261,2.57709271844162
-0.35630627027219,0.40600036343966,0.299645878178968,1.39372027653433,0.593714018536232,0.723018742979255,1.04991949639746,0.676911055855017,2.92429903249882,-0.744338913334445
2.9129779991254,2.81774018400809,3.21966228111752,4.30652520639148,2.18060126403826,2.03195838017308,4.26430719707393,3.92478246940922,2.53095962857286,3.35403790841657
4.80641720897183,2.3762407109769,2.20781911110085,2.56663798733223,2.13994041429952,1.10561206597118,4.13788939549859,2.72541918718118,2.64833199066505,1.62997427012916
1.89601760779797,1.41932581565931,0.259002556559981,1.11081437111038,2.37260678183014,3.3658934518433,4.23135463903139,1.1539405882727,1.79694608847763,2.98754073800476
2.37909916030963,0.850241093425182,1.47796850809243,3.24374377548461,2.57282799644784,1.83064687074347,2.73783883221322,0.614273956287038,1.51005186350283,0.261968416549939
2.6627684825259,3.86279487070301,1.78769178159254,2.64129809886737,2.8453163481798,1.49434687777922,1.66344566311905,2.83935337594931,1.69360979359388,3.86955902224913
0.124154112681412,0.347518179698328,1.62600726292786,0.0438715093571844,1.05335183485228,-0.415965202968444,2.35065089085097,-0.110467417254993,2.65686361853347,-0.173900815323045
2.97910400052466,2.20306367810634,0.199778683693621,1.41653601722616,3.13333679964118,-0.452921633645584,2.17778499553573,-0.497332198604624,0.346493843394495,2.44926018692578
1.50486323926183,1.70484257175666,3.08344164061981,0.632865710634716,2.37939740033436,0.184236650427464,2.94070216771484,1.70982657347769,1.4499627814806,3.01500750943446
3.33935942147222,1.59476362500238,4.66231248402632,3.80115381836263,4.2885345024756,3.41506900652329,2.83331562327958,3.46863936381716,3.16637173378349,4.45672359078975
2.93364808910082,1.76435782159128,1.3513535148163,0.806819017956467,1.81266524792134,-0.247568962769585,0.0400387647832063,2.21114953731804,1.22409531265899,4.61598409921543
0.723163101697963,-0.0374637693905635,0.219578870088689,1.28816894880343,-0.315738413137614,-0.413324647107703,0.766660772505907,0.498488184682405,0.0740031450525741,1.80259173422267
1.89365571107549,1.96717809536838,0.428627049918725,1.29116707406935,1.07811676572422,2.37542932031997,2.05232170455505,1.19777484769742,3.20175585059198,1.23298190562486
4.40627533507475,3.57756376519727,2.19790122367977,3.43046391157987,4.18784676004072,4.55060098784905,3.41632221634101,3.50047772659298,5.54878553260691,2.89208173094032
4.01187478711273,2.40341086932544,2.06965621031419,1.4137564908343,1.18044995327007,2.60385589427356,0.94860148300998,1.95143738374776,2.37096302542722,2.55000844253749
1.29245858094159,0.497138915760991,1.07565316808007,1.57330062151481,-0.320716489062226,1.08646458307452,1.8698451347544,1.83463537702159,0.75770839594281,0.501056972075971
-0.0593981074757219,-0.472809240549261,-1.67825258814079,0.544153352694382,0.440727460636347,0.920596961317689,-0.600884534337218,0.221587012187958,-0.592624588270648,1.72036639627383
1.54177149358435,1.56462517480238,0.0367788847545572,1.36566697299951,0.704581778706528,0.0175610050483708,0.541876210874523,0.317642594961115,0.0772957944938354,1.59162896727679
0.862247214735544,0.259697425646302,-0.331278123769898,2.2842882985792,0.90125543662227,1.9948029636486,1.3558699685383,2.9372272405281,2.68157536779243,2.02996680304942
2.54264038501409,1.0173427509473,1.87947677838709,1.47126221404579,1.07907421545478,1.3573084177919,1.1736195812098,-0.185996434048412,2.45036316776356,1.81533353698097
2.39573951420223,1.05443090059059,0.775907282950272,-0.0994261173544126,1.21684182589729,1.63229019230509,1.34314417364363,-0.307426289979454,0.170383601963721,0.875309454986071
2.73854678201039,2.62418388030866,3.1313777547056,4.6954909853834,3.23791227509383,3.52401804786682,1.99602541786658,4.39135609185178,2.21513815898418,5.1306753827803
-2.27352257415131,-1.53329509474311,0.0113651476318204,2.63337804867799,0.301841048816486,2.18304289446579,0.219221954478602,0.811667271863912,1.5569599794918,2.47519170755971
2.6847593842838,1.53701587384428,0.994078133536145,2.33180997612865,1.80766329967106,3.15627921862255,0.509042049299221,2.91158054492152,1.80635535387009,4.46246343753804
-0.620864253293519,-0.909113336384055,-1.04799295493313,-1.22020064293359,0.543791208225933,-0.161837248977661,-2.25137260128267,-0.589323983635171,-1.15304727555849,0.153863268355425
3.86340508845326,1.77709397086049,-0.590373786022294,2.16722914928504,1.58372310542456,3.23968790658763,3.25429316226185,1.70272810382517,3.38025028383354,0.950961525419328
3.12858787842747,2.93582750820001,1.93190742507709,1.23094404927557,3.13374543237212,3.72388391873732,3.66056990944586,3.99200374904306,3.47921947933942,1.72333612044319
1.24100782531335,-0.12198377660478,1.84726392770772,2.39559976473486,3.86623838689938,1.98045286399025,3.4129518802671,1.60077105843039,1.80886002535526,1.0607802363533
0.142889056260556,3.01750657660274,2.41194433336017,1.95280288692966,0.673576888856023,0.96497199877347,1.58673868070824,-0.33148736875464,0.925079072129107,0.742494948092981
1.79226869388912,-0.293836486095627,1.06210324058966,0.913577865469789,1.32724818526512,1.29798525016153,0.759960784536204,0.98186666697185,1.43299636260151,1.87701862470947
2.38225567783942,3.05553662725333,1.18136445671814,2.57230767799261,2.16243342817698,0.678504780884809,1.27063368116782,0.981413776609442,2.76512151624144,3.26798228268513
3.65302403143215,1.60725703977951,0.546829049804975,2.65202742207131,1.73223518428046,3.29391045387779,1.2944975289975,2.07013577757625,1.83021306323536,0.896480310016659
1.17083399436049,1.12760212396065,2.62986206570112,1.65936479795866,1.83210800491126,2.09641250609481,2.35420342857465,3.15503783761585,1.54178740695211,2.5523145617168
-0.0599961950088517,1.28114958172774,0.757601403247006,0.863644818207013,-0.428175075293905,1.76080869922539,2.42746935522193,-0.07292393806382,0.495722694487778,1.16324354746481
3.13626960236949,1.70252199500567,1.67502098973611,1.64870677419137,0.580051099751951,1.88206019402211,3.23268929342882,1.39912496882838,4.91471343374893,3.76747752633704
0.430489769186271,-0.0600287264374875,0.887271276162135,1.51928897220476,0.850608748747196,0.779268060783094,0.237414609333463,1.00326696724085,1.16018249731953,-0.157271826810806
0.846547943754102,1.19430261868791,1.32396244089827,1.57653045312425,-0.131506016512647,-0.76316773447516,1.84355157886413,-0.401304831937526,0.660767633063482,2.35444602485124
1.56868500229239,2.61400490937338,2.26842084412567,1.75860288814551,0.985823184006672,1.31131776742349,-1.00881657778422,1.82285157993459,1.61096978450537,0.68176956582262
2.2198803254393,2.16043213158219,3.19633275131139,0.791386930788128,1.92367775398613,2.31043640229141,2.79333400929741,1.57641126443999,0.769473352484672,0.783098330533709
1.87314696637473,1.63913233482214,0.412520716706074,-0.734737065929471,0.214345961694957,0.322289570916867,1.16714470510847,1.43670846084231,1.69889731452016,2.74214197615931
1.14372454712378,-0.459789587560049,1.81886126404937,-0.346877764743318,2.88129577338348,0.827856479982886,-0.136450400250515,0.890173723817855,-0.0501290648125525,0.162869630149136
2.02273692312409,3.56512847837998,3.78738877246202,3.2018961191488,2.04470376913939,0.740527100569412,3.59161767760958,3.03623764538653,3.04201308285161,1.79506331276982
1.41195556235671,2.76136722487212,2.27326552987735,1.94955126084547,1.26879213402397,2.65600496610911,2.00484459593612,2.33400994716108,3.37263390426806,3.03015624154738
1.54397142695607,1.86661785177324,1.4911827604443,0.710025859067976,2.63571625872779,1.87988210734118,1.28349423107811,2.07610150779456,0.0880796814420993,1.29432608705259
0.315293883569325,1.67131947869242,0.769956546500189,1.47090092000259,0.838131950090385,0.951272765951549,2.67523387432582,1.16865744398371,-1.88494626807286,0.532340967876382
3.102969158211,3.9632605862559,1.34111607378033,0.771858102950306,0.922417130931809,1.57049950413067,2.6678702739851,2.63700944388682,-0.794075431586818,2.82980008576292
0.48531479705583,3.05272851213219,-0.0875523693068181,1.05043150751098,2.12870124476616,3.00026592814404,1.80820959141096,1.19778216563586,1.66574661814375,1.18728204784933
1.85714553565004,2.02592686437385,2.98122780349463,2.585264076247,1.54960150247227,1.87390050483019,2.0048882377205,0.52179338753634,0.854880844127564,2.34654022425948
0.239858033415802,-0.324479105433849,-0.544960650092168,-0.927153182301776,0.644129084693938,-0.606038388605172,0.564013984748556,1.53446010171539,-1.18815219145717,0.229898216843016
2.76135750922832,0.854900496032654,0.203565734519592,2.13507673747378,0.333795800284604,-0.17584967282904,2.22106066301103,1.14843647679454,0.958199746036243,0.789909875415857
2.92430306794084,1.67964246631693,1.72281782961584,2.99574675572346,0.530095887363825,2.05352564177406,0.573653427862125,2.12536618365293,1.77362158132855,1.93315742236553
0.595823028828914,0.230362052744538,2.27248532673115,0.743281178744118,-0.280456336095217,0.142198042992031,2.04411057705728,0.0335561225439799,1.51790281096542,2.34435904214663
1.14635178260854,1.84670871576372,1.63853837524826,2.75844630873539,2.83398746081805,2.03868763079634,1.1933464773662,1.69458178042771,2.73880353338781,2.00741395784856
1.43044158328896,0.37382108607193,2.35557226878758,-0.71024526107807,0.448626256725979,0.706390744491605,2.03541993691763,1.0615239919969,1.25429017297317,1.94194074591004
-0.0185274367237325,1.78633607707384,1.26919274524266,0.0404889456343354,2.40020541460849,0.276298757884627,0.951241551166818,2.99085711737035,-0.344756860582577,1.16354443877958
1.65189534529898,1.88038990421797,3.0674696657332,2.93088418563927,1.32282294661342,2.68239759748864,0.83391083817,3.57285560116649,2.06048554356131,0.705913979456973
2.94449952981527,1.13544746858789,0.646851198407852,1.36778731732732,1.69467085082547,-0.579259436975408,1.16136465589603,0.0817644341956707,0.904076365396918,0.476360199109836
2.2217464089151,2.78439885523081,-0.354466715837743,1.40965063131452,0.795873513152749,1.32868856292544,3.83898631724897,0.678789499243151,1.23265284107862,2.57161753349642
-0.655073184781664,1.09235816252287,0.998796444647773,0.891475960197324,0.82096739188328,0.499206841610378,0.677267148637326,0.72882229931821,0.659392153680189,1.88514396633865
-0.881030997969802,0.32029255452353,0.733179129807426,0.622161628448611,-0.522369238576947,-0.101539264934752,-0.0630272688720153,0.343555471105493,0.374542016088349,0.176179032943369
0.89477695254588,0.898886443788117,0.731637493207617,1.14457580550588,0.231854907611832,1.68594727437765,0.370366032160594,1.48124050093078,1.86787533600884,3.48993480584409
-0.297205334847169,0.822177397994325,-0.271529313828904,1.99471509397389,0.637373580626395,0.759836569949239,1.74707356719316,1.67057288773836,0.952195522252046,-0.374809214511353
0.749266895902762,1.36610214321783,3.60753266131568,1.92963768655199,1.41355744681734,3.79351059278454,3.21908470163924,0.917875952580075,2.17872466948334,3.01939541264883
0.645323284090699,-1.75648834615384,0.742254069987507,1.65659555894052,0.774502658848314,-2.00586225774679,3.0669229100406,1.67762012169649,2.76378355360562,-0.613129186548079
3.97012627851085,3.87057435394587,3.42933631541681,3.23054034766911,1.92766325915888,1.89864707944456,0.540962687581322,2.98042113640237,3.97913097509855,3.55675226202782
1.3285114810999,2.32843848526828,1.58556298321272,2.30612720195832,-0.885275054362783,2.87486427235073,1.97185370114856,1.97835827993237,0.726795097780312,1.98012433625568
-0.210385856945963,1.73849330319894,-0.267417473390478,0.790681563436727,1.21621087864857,-1.30465182756408,-0.212303635086801,-0.0813109059350841,0.272201861575813,2.11889616121248
1.532450450394,1.32175759024443,2.02684494122584,2.4305664245558,1.47864204279019,1.00733683912643,0.322701020577135,0.719027222041554,1.50778266554684,3.59082966388628
2.22491521357943,2.67853275676904,0.29469915146725,4.23277308981058,2.40759101854132,0.899913834326254,2.06149836712643,3.22078523349722,1.90190903476847,1.97957086064448
-1.10516402177368,0.562913460854897,1.36875455948941,0.551070188671097,-1.79401547111989,1.48698278717595,-1.03787268483224,0.440499049708086,0.534087771147211,-1.49611082215583
2.10635788097569,2.96591360659473,2.57617459790313,1.82304365318379,1.95929296719437,3.21553207439023,2.71302454355703,2.00894962658365,2.6052879558283,2.74014271757067
0.637768010715427,0.0571756175836807,0.629833561769829,1.29448405333262,-0.107016135215102,-0.563550661852259,0.489055924816351,-0.308282424960493,3.17999087239822,0.0143884275073553
1.29743053029638,1.13138361286586,1.83809448296199,1.00314874306321,-2.53876858846162,-0.292064317565305,0.804130544062868,0.958597747429162,1.89580946503228,1.07071709634761
-0.272420172815989,-0.341385229195307,0.819589133179329,3.18248449952427,2.36061969989059,2.60862119693893,0.0793265526182652,1.66648458595612,-2.53916641434426,0.328981825486395
0.708879789976854,2.24815209776012,0.804387479618192,3.56310816578084,2.74003055224739,2.3139545018549,2.91362322043169,2.55623033698881,0.768431987037505,2.86304154488153
2.90231371752925,2.30869515322924,3.36335178423515,1.80665424419237,1.99812375834146,3.24856666702677,3.95880481923044,4.26852558163324,3.93585302240795,2.64030586316646
0.204549223911051,-0.426356928434794,0.794289450771267,0.638125997982002,2.13266981783375,1.19169594554606,1.20250721683259,1.8431399204687,1.1717090724935,-0.0505348744717247
0.06066437748602,-0.767038357788053,1.64896110661934,-0.781079862282599,1.27737534185197,2.29904906403776,2.73989248134205,0.682650984798935,0.794480510250517,0.818132070415401
1.3385316223641,2.57552787545892,2.83573928395041,1.18011130228815,1.85824078625315,0.426500786429659,2.14731611233211,1.22846539721835,2.70059850292192,2.06579293894768
1.92791795125022,-1.10424923588882,0.965676803151708,1.33967806065477,2.08498280460625,1.09142585961513,-0.346710677855649,-1.07582528359758,0.341624800686115,1.47668185131577
2.27674295436822,1.10475008251684,2.70775302337433,0.425213838719035,2.90990584925138,1.15554269233059,2.24768590613732,2.28299773217307,2.09950352375136,3.21823844814143
0.527495271498027,0.0120800913134866,-1.54934767716158,0.47023436105892,-1.45359429624235,0.171127500868304,0.506519308734693,-0.424654290029008,0.720611934284548,0.124007175550002
3.31244610952969,3.22593758970072,0.595495743291544,2.07501909642366,2.03876542556996,1.03836824363534,1.21571085688359,2.15469090636876,2.51065681070393,2.61890093656395
-0.0946438851211229,0.615036476633908,1.7471954813239,-1.15710380583444,-0.0335458774832103,0.131498991129393,-0.326488375382725,-0.219089318653167,0.800461808439861,-0.817489611513285
2.83275454322895,1.37356135346738,2.54704622718099,2.1715214820736,2.39182709794058,0.729549438187034,1.69644298459244,2.40302310713491,0.703487806448903,3.46504041156881
1.59463920998024,1.52703160292167,1.64559422511446,0.084353992299578,2.09007295430655,1.94160217608674,0.744382845359519,0.563999000315478,1.10367178136593,1.2151892820309
0.109188819121526,2.24394329405796,0.439520915617097,0.553550976598955,0.948121751388492,0.612572335969883,1.50399030387907,1.49220082517571,1.55615899628844,2.34765597507005
1.19427343874301,2.28955737733276,3.04335228415711,0.564871157073881,3.14696055404626,2.85925334891034,1.89434165691941,2.43846014962162,1.9746821774249,3.54269848402414
4.05007561137708,2.50317683150593,2.83542713523397,0.889097269114081,2.96367260188607,1.92958840711622,1.25059535718082,1.91207642353727,1.08846319650011,1.16484451184838
0.0500719536261025,0.429307018792108,0.269104143227813,2.09624639780375,-0.0364817569852551,0.322730913542418,0.939738494427926,1.51208089145877,-0.298452759686405,0.490310825494014
-0.446091670765996,1.29443983088238,1.10900737660377,0.644176137536501,0.30683721584303,1.57823781958522,0.475961938540266,0.664189633940287,-0.173105298103831,0.888103300410885
1.3996256858898,3.15815106925396,3.37303919532832,2.2054990388854,1.68052762675149,2.41039570151057,2.00628874040126,0.732994159146561,1.44826593301734,1.69019544507522
0.697228508841787,-0.759161299683867,1.85454607364995,-1.213499384628,-1.34739453213786,0.240487854383739,-0.111688973735703,0.234694818542118,0.341761185680689,-1.43021396094389
-0.811418967355642,-0.133935430918356,-0.670061425420459,1.27554794862779,-0.0926146571718804,0.956275941125437,-1.01943392518663,0.0649397906146962,0.603476012170061,1.49751564881192
1.98371784911849,2.94591251892763,1.89501168253583,0.956969247184413,-0.0155375131998237,0.800020425293712,1.43264064441898,1.75577650219138,2.56807390347623,2.78014553601686
1.57698216556335,1.88634602938453,1.8027072758165,2.96865241091561,2.28418234793925,1.45089446494724,3.11820143984962,4.24282458574626,2.40403820867803,1.17425362418242
0.897082655486204,2.50085588042233,1.64409361253123,1.53187311210864,1.48972203094933,2.08437081775553,0.645074889617275,2.17715504009251,3.69566918227699,1.23385397741601
-0.683161078625613,1.88220536747546,-1.26755154640949,0.863929214123792,1.81186245437588,1.15922001509387,1.55980165895206,1.44855132420368,2.1246062443727,-0.350074394017881
1.46464454566257,0.155074847278945,0.489808476840892,1.15849783791559,2.23818885231689,2.68797505849973,0.310551156269058,1.91106681924241,2.31935073852962,0.962643490634871
2.06306228147128,4.583456462282,2.87592158454879,2.84392375616903,1.52671072467215,4.44648140659794,4.92164400840014,3.59676406675133,3.11348131497353,3.56714270711125
-0.382017367887461,1.93418532986125,0.765051033110877,2.31285411430929,2.07563057140472,1.75178541398259,3.71103399311155,1.97927186627058,1.00984011171871,1.76392784014976
3.73610171963684,3.73118676254944,1.13199602326909,4.71406666040432,1.98008815738347,3.28136032920455,4.66891411779417,2.42506538643238,2.84900210001833,3.23427353552896
-0.204276349273144,3.6242746470087,2.82924014207081,1.69153142018097,1.50684910432927,3.41137109331151,1.86622805994424,1.19116111663508,0.2912533545784,1.12050857636277
1.84450641509107,1.27661985031098,2.02406493130677,-0.0784788712399802,2.07547117732494,1.83094030428448,2.22218931432405,2.41762140962167,2.95805804278928,1.40462251874108
2.28523474278277,0.576356588320835,1.05146761868896,2.94334318064599,2.35970377314868,1.79146018583908,2.95986006589258,2.93647880633106,0.234805552300379,0.661841554108813
4.40714260420549,1.632028889824,2.18536850674867,4.84406008593524,2.66354139676757,2.2290918188548,2.8528946401119,1.209272902049,1.72702951573878,3.96266514442071
1.18642539452421,0.435872810181916,0.727178466302372,-0.107604035613156,2.57293820415988,-0.732851025055686,1.44516471319926,-2.00330145996236,1.02315115420414,0.724624887412232
0.698485537511633,2.42084215409141,2.63719116947788,0.217557458275694,1.19438258336594,0.9982318015078,1.56538021664705,-0.399263700525682,2.38699753799509,1.07034610308955
1.11533574048727,1.26877551621164,2.97522314577569,3.0024922814059,0.111338683100225,1.65834162954332,2.06374270372737,1.39811529150826,1.59783054189979,1.54547591638264
0.487731941714481,0.148217346952326,1.21151958504367,0.425324208733303,2.24670143579179,2.92360479042549,2.46180405927989,0.659649582007762,0.202936069545402,1.10131527275783
1.39981810542629,3.25415665185874,3.73577861904989,3.25532340959403,2.76634762006091,3.91046442704058,2.34264594154919,3.73683896695058,2.85021162226982,-0.573658543368127
-0.678594297793121,1.82316595640391,1.01820684639601,1.14802174865813,1.82537135146246,-1.17261123636413,0.161941752541551,1.12779545597086,2.44436195549147,0.09371672531438
2.34284096983846,2.15274770925397,-0.401316483513537,2.11078481107684,1.89961385231608,1.66044156125918,1.21282809672771,1.56730694461762,2.21858847932858,2.19078995370295
1.20705160524934,2.9138352741117,1.85806794846286,4.08825330398567,1.49684834398031,2.19490967578593,0.963093890120083,0.539711765567111,1.90049593758448,1.46565512783373
0.615162742500488,2.78929646042386,2.60420535179159,1.77550053291602,3.94649102635042,3.92895341903448,1.62922857157688,1.75286700601095,0.0843301603201514,2.05819221738696
-0.428592703665816,2.1556170349443,1.30348584391793,2.24832617818964,0.41527323439719,0.703330790566573,1.13496439346514,1.10617402284558,0.71600331876029,-0.200836044053922
-0.363223918108664,0.0513215171159496,-0.483727970858551,0.409371719411108,-0.851619132345696,-0.452612787464172,1.21070902098628,0.326565199341616,-0.22168031059763,0.831885808141447
1.34902941920515,0.704252506609545,2.60722809477707,2.20854522339275,-0.747374085347253,2.20698042752021,3.08705381810923,1.74655742364014,2.20889112097482,1.93811623062064
2.72315885622922,2.56444840856431,0.656112448507676,1.46827137286765,1.31344462440513,1.49809498388547,3.0221451827201,1.42332289053103,0.727465478481953,2.44451054852845
0.435619778763332,1.42760351587284,-0.299417221141463,1.92590279711024,1.37920966930006,1.79480625617715,0.659941544190563,-0.6022122765708,1.03808975011417,1.13338013283587
-1.09453816520933,-0.441472614961705,-0.405129337018434,0.614949448019924,1.27990920577516,-0.114038028830065,-0.577689792996982,0.228272184362333,-0.51109973360036,1.07259515521174
-0.237662054113929,2.02855627885843,1.18115662636596,0.665465563037412,0.237354991980791,2.0898208733136,-0.642512939839755,1.97722569585841,1.05168515087632,0.373802977035251
3.04401894438366,1.48261066573024,0.600473607210358,0.408182097466855,-0.252401524884317,1.84507603830323,0.348021101423068,0.14909106362345,-0.738981454922569,1.41894080446033
4.35327114899889,3.8376043728504,3.92284869471058,2.63934766952396,1.9907541526095,2.62534656659586,3.81391021551054,2.4076077833081,2.99815031559317,2.34073622845075
1.60406680697941,1.41080307505839,2.92725585026291,-0.452744862447118,1.97253048820516,2.98171659066852,1.46128499073753,1.57528908074094,1.24722321885984,3.05531096183454
3.02364185141334,2.36723369854269,2.50270483116928,2.181864895059,0.695149616079409,0.306827834317469,2.84168777081288,1.34320493514471,3.76016290870185,2.33173902966651
3.64567876471031,2.4887396460195,1.70083163295477,3.94853101383526,1.2756892835959,0.357617410220683,3.11192692160741,2.25994407600298,0.733716665695663,1.68649507306564
1.28009254428738,3.0237908324071,1.0238803038093,1.89408932914561,4.15475829637783,2.04320181771732,2.83071885943922,2.11804455148518,0.670502669327828,1.29067329893125
1.87516518476675,1.10834247311406,1.55549539719933,-0.180030531045692,-1.17350681017043,0.246483909830543,0.990444424458545,0.820158921163576,1.66979640416888,1.77100823068118
1.70137935350269,0.245228757830987,2.7392123269159,2.66295138033252,1.30259192362886,2.49176964407798,2.73278527618042,1.67054902756214,2.3790957246851,1.69482475837846
1.79423840645104,3.29826520847506,0.25652889420368,1.56732431688,1.94847316166434,2.42990015041351,1.46437786820573,1.57305445823608,2.40714865174831,0.249169774379866
0.384249119201646,1.47277570825918,1.2061652292526,1.09718628792797,1.07123064878926,1.63465619481926,1.85521610670718,0.957973529741865,-0.948010189869657,0.872976851948784
-1.13962457631157,-0.920442309899967,1.11986765674548,0.314821574498992,-1.20635807854822,0.597150614240292,0.185174786977158,-0.122591247337181,1.10869532933006,-0.607875131170566
2.7298981048244,0.23971788053211,0.443515363297467,0.91278569555896,1.84955198372861,0.907168183570067,3.44452400775677,1.20603625344645,1.94320086908324,2.80083233166341
1.04170167220397,0.623555036542026,-0.581861378093771,-0.0980799182837604,-1.70157835249206,-0.565386153609728,-0.766349341824103,0.610435472071908,-1.48728430370325,-0.50981524228874
1.66496295381004,3.36619103788028,1.84433707788217,0.637351480314907,0.302802646273882,-1.00609059364472,1.74090640129602,1.78130607465202,0.653999930344128,-0.070557789895213
0.27585284512903,1.24754122776284,1.94348895935935,0.424895653137011,1.29974656717924,1.79625288071828,-0.84533723720667,0.94096684385041,1.72129767665842,-0.514421984552051
-0.688196550970417,1.50913839373467,2.69158663892258,0.439136285160647,0.821400691088133,0.409152243524617,0.944897240729178,1.72582312783696,2.23632405365242,-0.675453471115274
2.05811741413952,2.36390119214898,2.88646627963504,0.223772546286746,1.61021345460272,2.08159184558463,2.68781964599191,1.87919345016735,2.61304945224196,1.78687491525232
2.04094939372358,2.87451772497422,2.21049942381053,3.41093677537294,1.85995319659995,1.49519188674761,0.16990299399119,3.23907275035742,1.59622774471566,2.7307129933445
0.644035203533315,0.578048023321596,-2.15225734535862,0.37962648675234,0.943436738278512,-1.18638642977306,0.436926300417862,-0.811608413847747,-0.531354090523387,-0.10305414660797
1.08751809594244,2.06414465681199,1.39710387205607,0.650491764366181,0.854208348886069,2.02985765703626,2.02662247678749,2.13054324305347,1.56136288800142,1.19403726983275
2.63861002126585,1.86483734878835,3.0164019320209,3.61563301555633,0.0593206790874843,3.29467910901146,4.45958957166813,3.73024807837146,3.14726604076438,1.33451612527089
1.6238049124185,2.76682086151507,2.89600246645317,3.00505003986144,1.8876463578742,3.3395313592631,2.75552650276283,3.04359639057317,3.02245487239016,4.44088096100801
-0.601419651394511,0.783996998124988,1.5264276445249,1.33102136200829,0.671607359048756,3.58800783404159,2.0651315076039,0.574029231209999,0.867872805190928,0.779139912422722
-0.525654554201085,0.460286677673272,0.158873698849498,-1.16402624031742,-0.423580491466566,-0.244859198139063,-0.223299927485443,1.83251887858315,0.643387438394505,-0.0265541599748158
3.72220304374799,1.1266735450948,3.67628214297897,3.46312359155518,2.08656106780273,0.525071745851418,1.51084967589826,2.40197334519193,2.91602287019455,4.01530981054667
-0.209373393400102,-0.649450752208298,0.690555170370922,2.21314501325045,-0.282188258669226,2.47725020959941,0.967734276074854,2.07717475900564,-0.0902139359529401,-0.073203026478416
1.70801700375093,-0.514570780152403,-0.0580020307112918,1.48931022653223,1.55614917407005,0.735703927255515,2.72788074140641,2.8679697031954,2.22910975538551,1.62937449430146
0.687652511824476,0.0744024894204016,0.0755084914475975,1.83890145147869,0.0350336450797581,0.0979610137703664,0.189436553683681,1.16953717173929,1.86892802609215,-0.309307240918101
2.00197812828703,0.462750535335197,0.983204218514527,1.91309808582083,4.40618670424278,3.08733056960874,0.536395818660254,2.32311547267027,3.09663540341794,1.7772589276901
0.718434821556136,1.38076378945993,-0.20056316205545,0.954977409181585,0.852768864577622,2.59681191995621,-0.553911758113348,0.288739999112335,0.873362918156658,1.79635149308533
1.76654796700328,0.516273100344416,1.52016867824071,0.223713675794438,2.57403625939849,0.546367226754806,1.05899789057037,1.73798159013245,-0.254422082149685,1.16556024425105
-0.14547967337593,1.58090985967284,2.32904947056013,2.68331027792083,1.31411365617658,2.71549017348577,1.90128815064878,0.802548184313859,1.23601389872316,2.17912815192052
0.261242188444242,1.27862326344187,0.870095549305747,1.63395257443811,-1.51387820284302,1.52625930158151,0.487376871023637,-0.726745948293262,1.20903817750667,0.595647431563883
2.63067751206278,0.984030588182079,3.03141616193346,1.1079078679471,2.3487229018329,3.32395602789028,1.92486114560134,3.50193518326511,0.851810377742556,1.07560404251184
1.96677815024739,0.108179824040231,0.123761795887192,0.566956689476351,1.39284785660563,2.19574581818549,0.622897786891789,2.6741439467165,1.238997158215,1.13603037695794
0.612276431750161,-0.698155851513891,-1.53124320402623,0.247888894290535,0.76052932181549,2.05381896998454,1.1104672761154,0.653388363340246,2.10254902700333,2.78441606520017
3.44293898132933,3.73059025022804,3.64328832244296,3.62104670663563,4.05406011579922,3.51464906620369,1.31728973546775,3.89814970560091,3.58528293834369,3.04060515822649
3.28296134825073,1.94845701186039,3.92681305078011,3.05633845521896,3.12916291130206,2.14874765555672,3.40066036069785,3.54240285321644,3.65388448244346,5.34479806170716
0.766688332767446,1.04760043131757,0.970158439368457,0.392826845933378,0.738078840829486,1.84005430423491,0.046005133628367,0.12624872438195,0.260825553000309,1.16931914595178
0.104863696108858,1.93122191384177,1.33698796443579,0.657738774460361,0.877463058936035,0.729905715194324,2.94410958070875,1.19373601445119,1.2833466596397,0.871240627942936
1.63108186634806,1.39367236395512,0.290599989159909,2.61739494359244,1.24526426586372,1.80765926507026,1.04730584810709,1.75615675372849,2.39716611743576,2.9462171805759
-0.611241078742528,0.7386031317433,-0.848829195652829,-1.48672341539864,-1.31316120889968,-1.07400330271238,0.850498430463367,0.910125275158869,0.473958318991153,0.0488732277756774
1.8140500560084,3.00841190699342,2.55370176553259,1.11352608462259,0.416302236317639,3.27482150369232,3.47835089680445,2.04280083882941,2.49058346970153,2.09890138291444
1.54163385053347,1.63367060575944,2.97457012457073,1.59975025772595,1.93754220879469,1.69892232813718,3.07890030877899,1.46352989733776,-0.0439172694253847,2.08614674868448
1.61752297958012,2.85705551094398,1.31645085164298,1.58688019947197,1.38572168207555,1.24064378801631,3.07547773000546,3.15635088805034,1.1674912132573,2.91860010308533
2.64756618884536,-0.385442964902779,0.0380293006203696,1.07943395798521,0.313452027740098,0.443577552435764,1.41211991975678,0.792810349739572,2.59198456665397,2.15769330463262
0.982858474667685,2.9369930879162,2.75250150966281,3.08916886817742,3.24730967635462,1.01097388239309,1.42305100878651,0.242012985892957,0.672736108489263,2.66279871185865
1.19930864906289,2.86217243535872,1.31988819117378,2.04156205029553,2.03900295369209,4.20514767080232,3.27561513202588,2.99223251470982,1.65033845605439,2.02065292673403
1.2396898235858,0.847431084347211,-0.0958305910478768,-0.495174380182507,0.303443307848558,1.6685194507558,1.3539992428041,0.125480165370508,-0.707635320787761,0.0427467377280819
1.32241289773061,0.954997080437945,3.21208884271738,2.16009165977011,2.68191032872928,0.322610816719682,1.38208605490569,1.68035948185586,3.5213835101035,3.04476419879867
0.550371620539654,-0.489675677720095,0.411819642056391,-0.31432642260758,1.92989887490951,0.701798608662221,0.931941873117548,1.31488846179906,0.238678156840375,1.28714973360995
1.23049655797026,1.78370189997054,3.47503015387451,1.67936705149096,1.32178643345045,-0.293372791005746,2.3490064750061,1.53387906120625,1.75883484998563,0.322605579695955
-1.14043530355868,2.64978246614252,1.055774401006,1.38500092745796,0.100131791323793,0.625871279611732,1.07333697763427,-0.878199895653413,0.646849115025297,0.187075868827034
0.973943131198729,3.73625759513618,3.83971134414287,3.41115878896194,2.78459634353929,4.47701294394091,3.3420158608414,3.14146816206164,2.81945708768166,2.52720140749022
-0.172737995395702,1.88065540175911,2.56193865961945,0.764042297719203,2.14024091965943,1.37415130989514,0.229364290662324,1.07209840911342,-0.0614336543015288,0.163526014390291
2.73969906358912,0.127724986141823,-0.563986388911188,1.19067303009405,-1.79658017179676,1.04172054990953,0.427316273817687,1.3176183878934,0.494278888267009,0.73590250047256
2.63272364252668,-0.321851456373812,1.04272309932799,0.0147682773275148,0.751432411012972,0.901165442137423,0.877186155572443,-0.65399785555058,0.412400614365813,2.29827721814111
3.13472323711639,-0.657039066992473,-0.200521589957256,2.88873549408415,-2.27234316309322,0.317894198635754,-1.24394169626927,-0.31681453960074,1.25081481595295,-0.77682899624081
1.61859181629028,2.02816106148396,0.241463056245617,2.36202960891388,4.51274235806291,2.58848953263513,-0.0245875580728558,1.39671186972365,4.13947937714067,1.74685949897772
3.06519402886949,2.14583145446897,0.484930502631082,1.78518468147094,1.55376594331917,0.355143860084944,1.18141363498987,2.17124815724234,2.10084748876419,2.70509842267647
1.45501072525052,-0.173064716447921,0.381986158369106,1.40750554896261,0.991575371335653,1.03314505312908,1.70239621009502,1.3524264797973,-0.963800316525347,1.4735773694477
0.429454765589586,1.44369466468164,1.35071380279354,0.140143367661683,0.76165312558485,1.61828813520227,1.797314260058,0.410922522827101,-1.10027959224277,0.0108759144678304
1.32116551804284,1.61102762788649,0.759046644463164,0.685907133954662,2.07414716542493,1.19905314137384,0.517473747614129,-0.529626347635736,0.492918221252354,-0.556301817735311
3.0751117866625,-0.0768187656333272,2.30931062569949,1.86179216251436,3.03958801725816,1.83730243977674,2.17093314872527,1.69191253490958,3.07757949036649,0.231132282786169
1.70095351856356,3.10149312528038,3.3447730501532,2.93668685567647,1.96838660403043,1.27575055066234,0.618700956353477,0.423194132314435,1.83206080018913,0.923409731799103
1.59898050494214,4.87796096297043,3.72174495049953,2.11586675081782,4.94662039177048,2.10179493691756,4.56936185308973,3.5692184624069,3.16551729051781,2.22497147973103
0.553309378000604,2.33650759787966,1.38333806091406,1.8486127880033,0.866856830882118,-1.08870735037668,1.63892730415038,0.235839539397484,2.26304786340962,3.06090894406915
1.20420923816763,1.12826927095412,1.45612906602352,1.28189159603369,0.211622854013455,0.403684189044411,2.40311372734134,1.21893895073898,-0.361940127823781,1.7584118749323
4.01397712674113,2.13162247605981,4.41032903932116,2.68985297732047,3.65654145234955,4.07706847787041,3.5099187462135,3.70517258628307,3.62680896311427,3.37426036324272
1.08643233112019,1.30052310701223,2.78291722218361,3.30554070967362,1.54807179282651,1.36579908245482,1.03201368428007,1.00882906263122,2.58352911456533,1.48887198029435
2.38325177871999,1.07742341754402,2.70839260463512,3.3325570197193,3.93209094912611,1.89593947701747,4.57129218551229,2.92065876481944,3.75686578392202,2.89978559264526
-0.481075002223292,1.46994903331728,0.573812570281937,-0.439993310818724,-0.797126341780513,-0.276070002987018,-0.0534057929802612,0.199356901298955,-1.03664689284928,-1.03131241806821
3.30495439335192,1.61469978830639,1.73922296481938,1.31856923891831,1.6533830530467,3.02754246060526,0.776504803846144,3.00577746210819,2.66800090141188,0.189971008293421
2.42899775557672,3.71091543440447,2.62501400998875,2.25310880399156,1.95881930659715,3.60471334821633,0.695781205900474,2.69323631158514,2.10594053194412,4.76699134335159
1.16580981985086,-0.103207119034503,1.10899838893827,1.32716990260055,0.66575164772218,-1.49907805688899,0.449338763846631,0.487789871898265,0.393555085860219,1.68385502418433
2.04317272840324,2.87932213328677,1.33646141895458,2.71796488648199,0.533969647196034,1.739625308154,2.3741872804433,4.17119279750301,1.80671812312387,1.10747289311632
2.4953439081917,2.49072390609645,3.62999216596043,3.40020541173804,1.80171212483039,1.82136688030626,0.00867455478903234,2.22423896323421,0.263406264775973,0.0208408609999435
2.23539721806956,3.20759542408371,0.216620389376567,2.82326108432914,0.191050594381889,3.31597835085954,1.34920675926616,1.3986384680663,-0.738014195195935,1.41226404698636
-0.513967643173668,2.31361635679319,2.85636176847473,0.944884460538418,1.40564904143931,0.545150334715792,0.184267610037655,1.1368998997704,0.48425384871724,0.762635725808241
3.24569820574235,2.00682049745968,1.23916319760765,1.78141228422934,1.33578688793782,0.892279935940704,1.64505920222579,1.79466652038353,1.00493628903872,0.0691535525358566
1.72575349474432,3.56142949410508,0.294617606617771,2.32067384112455,1.70137001408328,1.1305761913644,0.356532273246063,1.77271595357962,0.437226636002002,1.48719038191265
1.00714354449791,1.81690287599144,0.913226112983952,0.760851699450976,3.1277156153169,1.37497930182652,-0.37114340718559,2.38501663355457,1.03525920830905,0.552490142691635
3.39618961011477,3.00018298774375,2.54942373366775,1.88839829235859,2.29904862583156,2.74218479397293,3.4021780363817,1.98317527813392,2.62037979835528,1.85591965653607
2.67600886022097,0.0212044865149676,3.30248932059214,3.98183122192075,2.94530351178208,0.710213355032334,0.574630133855472,2.09667059367403,2.00598159106443,2.82070704481726
2.03837281532714,1.64692392989813,0.506639629470343,0.103795934621287,1.7827799225646,1.43772343270782,-0.526986685633398,2.56714874058659,-0.412555859433895,0.83243870378468
2.17694879310047,1.75661807530537,0.376227567043784,1.92742879982838,1.23681072845259,0.766347167189181,1.84174331649757,2.82971837166307,2.63000856697449,1.00700368660763
0.724359369031638,2.01700989002369,1.05055984731321,2.37930896355062,1.98147409914494,1.72809464614194,3.09375660374532,2.61491912066133,0.912447281350492,0.0827302078857175
1.27062375256046,1.43927573804536,2.82180654740238,1.27064115970117,1.5980105488834,0.46191542460428,1.6442234371542,1.59723573098256,0.200577357927912,0.99385512975479
2.5161620607414,2.4967450151872,2.18527699939894,2.93107556968878,2.79576992748675,0.196194987467461,2.56482789669272,2.80076702250094,2.25723533899027,1.97465810467022
2.39299455949435,1.01516569622282,0.763901066771917,2.85296436778162,1.64171501239406,2.81109485603637,2.3145165092713,1.53238217135062,2.42122849866087,1.59804802831032
2.65491326018525,3.53048630398601,2.25717487037462,2.82569819639377,2.06208452811055,2.36073772955406,2.44734549321491,3.54734305664568,1.44485975332835,1.63173507125906
3.04463010535977,4.03429840374668,3.33936033909833,3.44845860040313,2.75595967205475,2.76795163408528,2.37531702809929,3.68748202807647,3.85633933906122,2.33963864218722
1.65651745098095,4.31027713491309,2.33226070888352,3.10053992669234,2.24673888890748,1.02331029385443,3.0860868132187,1.35200684703059,1.28085925911724,1.61924624223043
0.874838276413301,3.15677512344325,0.426485467447661,1.14333769018785,3.40918244222541,3.1591705812806,1.30802185263696,2.40297943711787,2.44650863743906,2.05301932711979
0.435813522767098,0.119590607584136,1.29243695503354,0.25360267319995,0.383168202363686,0.657746365357213,2.32694731565677,0.213673562614877,1.66457336267925,2.95257432806445
0.0467129949005579,1.25275557365739,0.352684444758119,0.878075347613126,0.228581725324078,1.79250559652081,1.001734170838,0.643370860017008,2.21010462669302,1.02043422061426
-0.37125502674561,0.980858246673924,1.25088746404082,-0.878989976952119,-0.583005112984648,1.69993560370477,0.891038087413406,0.345908951437824,-0.15283110506896,1.75408649733438
-0.622201872852881,1.37203363816816,1.65578168957796,0.000212329757921403,2.93267726354928,1.10572129957851,0.445870757513488,-0.915734540710418,0.24216225933798,2.55886485504626
0.513249133676029,0.110365597722407,0.172437430815455,1.73106619287698,0.78158031957626,2.12982621804896,0.55521383657283,2.49128364012559,0.925270825517908,1.5829212735135
1.55634425157513,-0.504623938590202,2.14333677536833,1.70352717337512,1.13442939709298,0.716818346229248,-0.178578656857961,-0.226683267416964,1.43921449949736,0.215590313523147
0.543299750571797,0.805555898417942,2.59117586869274,0.420573977979182,-0.0825592991415265,0.0926500500391231,3.04858103888635,1.50129603740732,2.42727077984894,0.880568432277765
1.4423307760187,1.94401812460751,1.22731263801342,1.81961192688154,-0.500677109447747,-1.12690954254303,0.724232711591228,2.35470134199476,1.96274824049894,2.50186889365964
0.0241326823178745,2.8578884458308,-0.261749398850003,1.61296207382762,1.67874744851432,-1.06377890211633,1.28805811593197,-0.198354988269972,0.466964655448306,-1.61048486235888
2.09095388554564,0.972151349469264,1.69616305941439,-0.0726350655459179,-1.27481507755538,1.03904716414814,-1.89071328637694,1.32231359240397,0.370494111328706,0.697621883712027
3.39333618017743,1.13234149830262,2.8446141673971,1.41129990410778,2.67752032549027,2.5236450910157,3.48649047757666,3.01414636418104,2.16330592384908,2.35293099467076
3.16035332792353,0.510340009303819,2.47736787938788,0.755765482778896,2.10413775467113,2.96533394613007,1.25852864185579,2.73306734809156,1.25696353901784,2.39238015884916
2.42025452737799,2.09953796177536,1.85112241833293,2.29418232274948,1.57845537295532,1.32214947675696,1.67317815825875,2.87250806427768,1.20261251861309,3.9308826071632
2.46441097659914,2.39639695783088,4.18390304430766,2.32194362748814,4.17284284982794,1.45199374052147,2.92075583148664,3.72221007485849,3.73195375339935,0.978176585254321
0.421476470672282,-0.657285794368993,-0.291700363189175,0.0892540320702306,0.326231739918931,1.36816574288973,-0.269178845990971,-0.306378687997818,0.0456164977576217,-0.208349648790172
3.5675987047606,1.81860754766425,3.04123671790271,3.08813029244235,1.1361571471478,2.82225453243403,4.29645063113283,4.24490074490025,3.7560173301474,2.37109811292781
2.32398254851696,1.26295366943308,2.63828422124025,3.03920485498905,2.94745521765048,0.11151653061698,2.52998926541911,2.60566496837884,0.696190597878048,0.00657117165347665
-0.35537190965447,1.80941152559428,2.19703498429956,2.74788468365733,0.0901933666478864,0.0597145899765308,1.28941800009689,0.29358702451572,0.509998424866657,1.63802468578287
1.4592119538081,-0.442441503928901,0.163299615658352,1.4898305269545,1.90236169706555,1.46018658114794,0.705326833446865,2.15530696528523,1.41738550611167,1.4848282254037
-0.0134559026445522,0.738507252473672,1.63085140751489,1.52917143898767,2.63590359508695,2.27220803647953,1.05234132274271,1.41804250670248,0.030973569080725,0.00868442361706223
-0.84278475548912,0.901678787260625,-0.816639129298096,-0.253363380885997,0.185358043471976,-0.908742499431042,-1.23754803711878,-0.130183758404173,-0.0249590246656626,-1.06959297265365
4.07658087614826,2.74907556198031,2.69408616505365,2.09113273015323,2.02197067861882,3.70050621310406,1.5614123785537,2.01333284344331,1.66149241381439,0.475373509879802
2.11836900986954,1.63038137810256,0.365319923460369,-0.143023343481434,1.74540810097094,1.21405639959005,1.46641368450131,0.293004518435503,2.32408633876825,1.28947172346337
3.11204753595163,2.47919620742876,2.23116934816342,1.71580229210558,1.70499158542565,2.63776766535831,3.87940899924521,2.05494535054367,2.47866531528898,3.37762483950914
-0.976439426933847,0.341863287295459,2.49612145636856,0.306461896060915,0.111730102325898,1.0723474500362,0.196893309755718,-0.0642186947940846,1.84912211845408,-0.241215120889611
3.43156521316783,1.26470556927155,1.27216052275293,1.64775294114152,1.10940363485372,1.49907781517796,3.01933601770481,3.03174178766406,2.46166932325034,-0.148053881842719
1.15266875004871,0.58880058736936,1.61342669441662,0.00833289614891558,0.702774993434147,-0.582210212554817,-0.665680333946569,-0.173779609196274,-0.416100065483009,1.04066712364783
3.6363962860288,1.86399408939269,2.44280383519261,2.0536589975155,4.44020990412339,3.72924173786294,1.67135850874381,1.81986550697464,2.68509039792495,3.77088887774428
1.34371504375636,0.920114592511098,2.34564021522007,0.804175939265488,1.79499866651326,1.4301414415797,0.0389072386377367,0.0354934728321273,1.98109298096309,1.96895085929441
2.71029041966309,4.38120079588184,4.13249286261481,0.871399298297578,3.73871470482523,1.74402637196159,3.14017450115426,2.16615782365097,0.245833435881552,1.61839553643996
2.52294215221999,4.10562451125633,1.91642926012093,3.56138972038053,4.50636130581181,1.71089976833397,4.16324876057892,5.29632379151437,3.91937799293214,2.27659390346206
0.544997296454961,-0.773208792288572,1.05227452379443,-1.33906535674049,0.831379583651211,-0.210287568415683,0.0688442284566286,0.0217337958597171,-1.05213857343614,-0.66025092770687
3.57193103452038,2.94017343845452,2.49161037172906,2.43801278537965,3.88816723283591,4.28766421909067,1.91119584119117,5.00218864946626,2.87947032423184,5.44453010113799
1.42512879475234,2.35328435523346,2.42994918301319,2.27953336134491,2.42246864630494,1.61871075429486,2.89247324505425,1.16606516817078,2.07858479331873,1.34940995081643
2.95164506075849,3.13361154623642,2.47246188504866,2.7286087419422,1.8866425344094,2.27427879548491,4.4256647108044,2.03636059874356,2.82237619853953,4.72977645508341
0.628113869421246,1.57179944383614,-0.126946936686929,0.0153141952139633,0.941146895404937,1.42974222155047,0.063252637730069,2.00124202285001,0.524128035382296,-0.0630929964501339
3.79514579276739,1.12801308405042,2.56160339232804,-0.487691743492811,1.17112752542403,0.852732491165948,1.93795455208308,1.5310606806511,0.514723183469118,0.710186715543252
2.76586361268354,1.14120563326069,2.87309587162424,0.656367822143233,3.09966686437318,2.07561906279292,2.63113378004049,1.20932847929393,1.18513119624934,2.33797678605907
-0.00472298252816028,2.79612052556106,0.711291519213099,2.17910320916826,-1.24528562317223,1.64863326709633,1.80837113474899,1.679565140927,1.23980532780983,0.31652377100878
-0.28214536852463,-0.399137448747396,-0.05528457755743,-0.870002173775759,-0.10004765701836,0.217746447732327,-0.577876922013899,0.138510305502891,1.96110841089603,-1.28366034718936
1.5856835551911,0.00368780010382752,0.986152042449116,2.17558875767233,1.38379926722601,1.42122654939418,2.10869931619324,0.183498355044594,0.114535041298462,2.31548966323521
-0.366774511890146,0.843711111149854,-0.82681291959388,-1.30618577944584,-0.690873078530255,-0.105797809427194,-1.01170115525468,1.09565869107025,0.897381673298034,-0.713230589300086
1.0010267335124,3.1067344814359,0.976024094198089,-0.340925254138994,1.20439319187485,0.781933906995518,1.12759200000338,2.54079969023331,2.448337573886,0.650440936884818
0.535548895593252,1.57034406567085,1.52757364191738,2.05312814184248,2.82420250229676,2.4920964119234,2.18835350122326,1.18442241203128,0.28734470301396,0.481053157880639
2.64208566193413,2.67716778480464,2.42152672241552,1.03581045090253,2.05644675483457,1.26577786165887,2.07140145625251,2.12140677881862,1.36612444363404,2.44711836614962
1.72015241705045,1.05313445169067,1.25264532714943,-0.210433864489324,0.760624038270383,0.23724891787497,0.733773875202847,2.08328849630976,0.472373945039443,-0.327171027055236
3.72222106278479,-0.0822423837336088,2.63581045561197,0.260109598014395,2.01085088568117,1.97018266694102,2.63874267585013,3.974622589376,2.43723915840819,2.3582941432847
0.666781914796637,1.00888195260307,1.04358648439245,0.683485684908613,1.50284622877295,2.20953936093774,0.10162581311752,2.37997360003788,1.56274585241651,0.226666752803591
2.48352638990532,0.256382312657398,1.36661474972916,2.57329003679844,2.47656960620535,2.1535273263716,2.34224910261424,2.05857002971616,2.63291702644121,0.308677128920046
2.08692963081231,-0.0801867340330906,1.91593649118766,0.856065887318131,1.28416957101494,-2.04995790168947,1.68373731470233,-1.23081309428803,0.652646333019348,0.708837713844224
-0.610897227825221,0.696540985470827,1.76479451764736,-2.69820756692785,-0.251229761077115,-0.480728877571399,1.71468633916672,1.06503374262936,0.407265398868193,0.764386303710829
1.54006940240641,0.225710387860122,2.97377274528495,-0.173874836349411,1.28262613756858,2.77409981330186,1.95306000044634,2.82540431567787,1.92692899441695,2.06877482543021
0.511002547640029,1.77680526767175,1.20344291754482,-0.550958966323426,2.6884903630987,2.6002953776377,1.15815317207805,1.37249769192441,-0.227472620554864,2.14329017771689
2.97945904415372,3.28949052458001,0.8427304077497,2.3995421681554,2.1309790538304,1.99283394399861,0.948322176570131,2.14856415243665,1.80486763255192,2.55464877312986
1.20673957267528,0.70242096955626,1.95714472735533,-0.11986155861432,1.5869935774862,0.116888630432333,0.417685230149228,2.52035190480038,1.46694073155447,0.980585712895361
0.903406797570882,-0.00147374638868714,2.03057728311183,2.92547912438643,0.18066168075582,1.15972440009934,0.797145292274432,1.16328319031932,1.91577401166639,-0.414301298656829
-0.0856751414231613,-0.0167667968269223,-0.660714274150922,0.728054747366911,-0.686946730835295,-1.26866709917845,0.779203819226014,0.0997404621236951,-0.104079105188394,-1.4556544617014
2.06383519318502,2.52013552972465,0.74910944247838,0.338621510103897,3.32513260925443,1.21505877982554,2.82468991700938,1.68503434370322,0.685374109548667,2.46423271666879
-1.34685671464232,-0.132226738891429,-1.58803147919802,-0.194689805574986,1.64155732299069,1.5315076337166,-1.34931541535829,0.167353977246023,0.462237209358202,-0.299428448952644
4.26756148361573,3.11148627345129,2.32108843358915,2.98356266042293,2.15054699627101,2.69797560104478,1.58161399059999,2.20805717246086,3.63411028952976,3.3733175327531
1.45295016050571,1.48020395310467,2.53014487539682,2.25176358623677,1.19027880178223,2.72343659461439,0.629868271391412,1.34620267700592,0.828210451255568,1.5859237031174
0.700141427204187,0.399374753841584,2.85804262922106,0.862360936690692,0.96119169339038,0.315850912868644,1.70328727599914,1.32106624658684,0.742462790462481,1.95358326069727
0.666251337132669,0.877406909236382,2.19995100192399,2.71158834447544,1.51562393470774,1.6382553443943,0.570459562581428,2.43844549683444,3.85549260297817,1.4636843505532
0.687392509849097,1.02502047145716,1.89419831501985,0.881109569582744,2.18672042759322,1.86098617818309,2.41449493795177,2.90086911334564,1.68918392205372,1.48689173000876
3.13562298540114,4.01094885081686,3.50140486863252,3.87014329066334,2.93284471026656,2.83011696544545,2.57765404153063,3.17957986527519,3.21906885785238,5.82174527852347
2.53535962456864,-0.0840923043796364,0.660442706375976,1.49399267641777,2.04543276616567,1.593764471819,1.15359533001875,-0.265801061583557,-0.201324818671761,0.660529344820498
3.22141254981596,3.72850231659047,3.56263201427591,2.66875263137073,2.69672486505226,1.58632834954384,1.75976655028432,3.86801123379824,2.02214614786989,3.97088983799619
2.33863278550744,1.10615900048157,0.631805254551277,1.52515625333369,2.94032104936853,1.98415909271344,1.46337780961952,1.9561837825646,2.61957354406607,3.24675795442493
0.951944088264426,2.47955374390412,1.79031863987513,0.371587583561726,1.59507378623203,1.51228880937189,3.03805653927634,0.319317748570668,2.60888010268585,1.97501680427394
1.58244439163656,-1.50453634997684,1.04785016259066,0.326071905690426,0.122449653623682,0.938616998618647,-0.370836978903732,0.903075210479565,0.302090228411466,-1.342044668258
1.42094389538048,-0.734162642794385,2.25886757958006,1.59710173247357,0.517304341216845,1.29118914168732,2.58085108033451,0.981489141598835,1.32603188363957,2.50442576622416
1.92004651995041,1.39442008544476,3.71556718174369,2.57343999801111,2.49535118018127,2.97332817766298,1.15145913412322,0.839572805204017,3.94994287653498,2.09298685709791
3.35384907918125,3.5670996785847,2.9713353700692,1.88333352392001,3.09901925628716,3.14353580116411,5.07329372931197,2.98443258778121,2.45740041559151,3.13849038864913
2.70403755825487,4.1647958539552,2.95151096902172,3.89405436830691,4.05205011113959,1.87236274686949,3.59431539845767,0.615529384055941,2.62852884845797,2.29176745763858
0.917828328149743,0.965350729691323,2.59978069809404,1.52744863714966,2.44924606798871,0.274050173780374,-0.232701790910472,0.291198694333333,1.37440691856089,-2.38646104869981
3.38965507042171,3.11820421087485,2.39561749178967,3.51021556984902,2.87156885020843,2.21285536770538,2.49854136105386,3.7033526863497,3.1677611830238,1.79347149848923
2.15200919147923,2.89429337596707,2.93744272507348,3.21940574336273,3.21942152351319,2.93218298475686,0.996908612609097,2.53430429978518,1.5368967259465,3.14803362987572
3.44457614182016,3.58055271828521,-0.454920285505817,1.67544980865237,2.01860369685552,2.2463701936664,3.36467079239785,1.58259085195934,1.76905196016002,0.427883599131944
0.421081843129833,1.54443131963564,1.59995571411739,1.16695732009399,-0.00672280276524484,2.16393205907536,1.21913641444689,0.510397291132127,0.132284357348644,0.948826900837824
-0.702343694299989,1.07911012860798,1.6323332406684,1.5621748724417,1.99201517703529,-0.340464805308733,2.4641652477945,1.71965686748605,1.73190231658139,0.934534709023568
2.0818342902726,1.86855408108417,1.61597986628003,1.91409045214587,1.4347670361683,0.694835086686413,1.78903826676923,2.87178757277808,2.97382315943624,0.433360077437467
1.20662340528033,0.127844133086637,-0.0314952012838407,0.727149714424404,-1.68000453731248,1.33859517825828,-0.722290195814906,0.286456543918602,0.709846620545859,0.652652245502743
-0.0599591925684643,0.370387553751971,-1.19624208660093,-0.119050914187439,-0.0351150113850782,0.83681763316525,-0.592099816826714,-0.564427689946792,0.986688627797736,-1.31747099426076
1.9811248412282,-0.68497198390468,2.24859227129027,2.38899463131941,1.12580798471284,2.74138189923321,3.13623810412119,2.26559826153452,2.58455932010785,3.07626700127693
0.344037855011457,0.686378097940605,1.54526317333074,0.298997057654318,1.38049533023173,-0.26474486079659,1.10272580798586,1.59375189969232,0.991819870220535,1.06987683429742
0.759293095587532,0.532979401024154,-0.498129057258698,2.07552326679376,2.04976629553564,1.34794350986571,2.07442192932623,2.23364342126947,0.268987138878762,2.24932259797531
-1.07119219371661,0.608175570448296,0.175980889435886,-0.742271853840017,-0.793849678214829,-1.39710813193797,-2.63172046902499,-0.888944753121986,-0.828202678061961,1.51473483632954
0.584526167993781,0.290237665911109,0.748041163152322,1.82670691478041,-0.173686256381296,-0.817917411259077,0.335942102112241,1.60358996873402,-0.89014813316413,2.10576797704282
0.257939361908245,0.468145959344728,1.47757621346252,0.425650999087194,1.33137392940274,0.0602097013785982,0.0353032020733501,-0.030138407377359,1.58157844099243,0.775034499339369
0.0288791377327627,1.30947721028745,0.198846269186379,1.41533190016181,-1.38372852751996,0.164908845188325,0.200178879001965,0.946173871255494,-1.48505801967635,1.14983376482055
-2.21495257276404,0.787493831407826,-0.777768261368031,-0.384847221852921,-1.98209985292824,0.921292825784794,-0.74130539366741,-1.27126925960673,1.87380695176587,-1.23193167059792
3.10121967014241,1.46845951748315,0.754094334433097,3.29113998848876,1.85748298052416,3.9270314793706,2.71565991122314,2.79086461838089,1.42294221629325,3.09960648395891
1.35717198728808,0.391203659449048,1.24407569856001,2.5890701486138,1.92065861016119,0.65826264839972,-0.614106319322338,-0.443724691081223,2.27117830049281,1.16494138784792
