"X1","X2","X3","X4","X5","X6","X7","X8","X9","X10"
2.64955094118901,0.581208929937481,4.8271222828211,2.12321754746756,5.29295293803323,1.84949966577037,2.52516565445221,4.38570293165316,1.91488535983889,3.6718975406213
1.23647106090332,-0.0761957097874431,-0.0352381928547267,1.81037425222748,0.217648749278256,0.916754226692575,0.340385704726344,0.134533000187849,-0.281988186751547,1.69641823585022
4.74652214078076,1.35525406672241,2.29115909006689,1.98996794472101,4.48897726505569,1.92398647220513,1.10729347029851,3.13103037095075,1.88057294592212,1.91172877735551
1.56087382205736,2.59736213851808,0.891373904563995,1.69461655665762,2.19485819442978,2.49653160763432,0.600753088768243,2.15150730676893,0.727207258955335,5.44640254885965
-0.54908381753792,1.49231668815293,-0.329057404528614,-0.654049180354475,0.644191678011429,0.880040356855686,2.7657338418037,-0.415303195146073,1.8702862738005,1.63958384360111
0.0264766435145087,0.760580757206287,-0.152577334488431,0.272573315214128,-0.701379109611868,0.230420458533077,0.344198577184838,0.321303504334094,-1.16584249904529,-0.683129569240985
2.53730144190085,1.95213122361101,2.62342746852793,0.839172381879281,1.7833797915581,2.26558030470977,3.9414657329701,1.20056015841002,0.899303859148867,2.3023432016638
1.3540117511923,2.92760246845285,1.43739826028184,1.46536394765485,1.67898385629732,1.8116701372242,1.64193034663363,2.31796161617707,3.39068902777107,2.22823876158311
1.57567689979446,1.46111987232704,1.23819785874955,1.33838338812001,3.01400409827116,0.830139898273549,4.01763370965582,1.54057507760168,0.85092231248627,0.595974764709549
5.36349023954314,2.75390580068953,2.19960915086568,2.46301634379924,2.16522659609774,1.56606229529831,4.19755177955909,3.53504804126236,1.93043056489946,2.68178650273504
-2.04080692722853,1.10339572187766,-2.15722353879101,0.356018248905354,2.15953515240589,-1.24362185207754,-0.216888267959231,0.0279345808536457,0.768037055217414,-0.108963999304029
-0.550688394538492,0.897686618221287,0.0962121833405913,2.59137980783368,1.02923989715276,2.61804291353172,0.805169906355118,2.8941468702593,1.31950492141305,2.16876691018272
2.5060758082419,0.66581390756919,1.13842700290138,1.90489088559948,1.02602905705075,2.7467617847203,2.15614686112239,0.605426689730487,3.33188079825939,2.48059708454131
1.0152632695692,1.05519976736089,1.90052437508637,1.64699615008686,1.69534754444724,1.24523297010186,3.38945574882622,0.83896872582172,3.12841310489483,0.190163882406999
0.707565388455522,1.82857253756707,1.05548992284612,1.8888405619184,0.231114322110427,1.04735168303198,2.59789104369762,2.13540834074418,1.44228279776411,2.51652706511881
1.96162440079789,1.15103356737693,0.929155915767065,0.354828323894494,-1.50651958623573,-0.77739111079557,1.09920478208749,1.62969225389515,1.56666844168433,0.630987773509144
0.386649047739728,2.21660618187064,-0.18434108309169,1.09633450271203,2.81695235112529,-0.0608557488900683,0.84896134709379,1.54587772225126,0.981391022533474,-0.664726472836314
0.932605509545517,1.2244570900919,1.6964689429493,2.03538559044792,0.299964241354361,1.01874702337278,1.22019679308662,-1.17757363477367,-0.0777677500331579,1.75484380338339
2.59940646654686,1.9549009029605,0.309663437946145,2.16582725094578,1.85621609857713,2.0901235499092,1.89062435445353,1.80556855040042,1.74207230912572,2.88473539033202
2.57465898068448,1.58994893541313,0.785571512163041,-0.455781523565391,0.218354671225382,1.27606291967248,0.920558245482833,1.26558076376189,0.360928269343791,-0.130285034163604
3.14421891207436,2.01152692461653,3.08656035857405,2.08601034957254,3.975635577135,0.89343877473345,2.0028873672366,3.16241000775754,1.41873025440891,3.7778314820751
1.18510689840303,0.940780463223931,-0.262419583721949,1.4074545424992,1.00412142429416,2.00410936586742,0.807428842198738,1.84600566162324,0.282362108453267,0.87232278255405
2.45992710461865,2.65266092956844,2.3964125131368,2.70915430612739,1.71790253301849,2.08441603370454,2.37198943450475,-0.0543103022370306,2.97827476975857,2.75490745646837
-0.795743773982984,-1.34962062113878,-1.78295021394112,-0.894256114597771,0.608371951591201,0.329849905930756,-0.310403881696,-1.03429985222245,1.70823304139164,-0.0970447584914153
-0.0471349591833841,1.69404718655075,0.533214526282631,2.49192287803397,-0.954891939637714,0.944698449195895,0.16948975974091,-0.730845343066451,1.36600060376556,0.0678873655438456
-0.82497215856129,0.364724849640777,-1.17296992718213,-0.857965834097039,1.85772989324163,0.379143337561583,0.508475372147095,-1.3944091493821,0.632678753250976,0.228407178458891
0.396905520847738,1.34147134590628,0.0746125571607711,0.221931271453268,2.07359101577997,-0.201604830349198,1.55412423820769,-0.0661854504783261,1.80688975719377,-0.155436480472719
-0.525340553408556,1.74215904574595,1.20073892062807,0.954295247083276,1.15913063576226,0.96644863778683,-0.160085834702601,1.57195222735687,1.62450366339208,2.8307668308165
5.45428434094945,3.14933667925305,4.3614863141596,2.70580481238193,4.04753744297109,3.20941076210044,3.72257831081651,2.00829283874585,4.66717058402529,4.17220328558186
1.23825378135205,1.12657070063211,2.19253562881999,1.38631941143047,-0.199826640842217,1.80511323531772,0.672735615703928,0.306802048415127,-0.988860699261306,2.47055763573275
1.76856061624757,-0.281460671565697,-1.68363280400777,0.583988454246807,0.9290432143649,1.64078007547397,0.404915810870434,-0.320791881103438,0.502889128732606,2.14432100405135
2.92757177906241,1.94550544886861,5.07565354469858,2.53067387936185,1.24206524796356,3.95770987365044,2.14682152455942,2.34232111516045,0.6411684900409,3.60231501652515
3.25277523013869,3.44809862459653,3.73596234959903,2.08796475388026,1.37649943443685,2.73111839459785,3.06879737627253,2.48979932245199,1.7811867396738,2.69461780701339
2.3182351570587,2.12537083572524,1.1837721286941,0.355596332254481,3.25778565848279,0.0670383546103996,1.68039182173323,0.60716588275079,1.27248609626618,0.66761866304067
1.78505326187645,0.899564826599454,0.269841133186258,1.57150156956049,2.35814760167689,-0.165903123620916,0.232926593926121,2.98910455374698,1.29735116064752,0.888176421948966
-1.29785224232749,0.401365041957807,1.35390898828118,0.265565462614203,0.622359497429721,1.00606882612507,0.111678055791768,1.37995549310992,-0.0788031551259256,-0.870874557540054
1.21363939278547,1.31775531466976,2.23237862752197,2.23712466020097,3.02751821537061,2.4625692642336,0.657651169599191,3.81762603589416,2.19230319307632,2.93702795406923
0.0237092263370341,-0.0414224206713159,0.551086233283377,-0.94941589555524,0.489972179403992,2.41975483397111,-0.337211939012458,1.8719939297195,1.05395235861325,-0.801359769522552
2.08683994546611,2.47550131803374,2.19049944113702,1.98106884246077,1.91298247863178,-0.521773054592471,1.30748148202863,3.19750148674733,2.75846463381398,0.933653507076993
0.668220807772194,0.968401180991573,-0.200745991306605,0.681434937911155,2.21606021327625,-0.166869991141185,0.694620305083522,1.83386072694391,1.68137658330103,1.41347060508745
2.72708391504591,3.40822071109638,-0.0319679852034391,0.881303894756189,1.37706641049318,0.583967001066626,0.653292584825901,2.18635820304896,1.53309710058999,0.752422406892741
1.63407993355395,1.50955937241655,-0.634510985435052,1.20097767280479,2.09429209455807,-0.205528679136899,1.71588750214865,0.765008406246607,0.188667041432606,0.517223573553789
3.22706345501139,1.12848069958221,0.615765744236819,1.8980176629812,1.89135508851375,3.51511652432015,1.93927720700702,3.48518305001382,3.14584005139212,1.42256962766363
5.25104230118393,3.15890065269464,2.91376832374357,2.41833131114275,1.65204798447766,1.52717474102513,4.19912085378753,0.958395972314558,5.15604336843048,2.51610806168698
2.91475059134617,3.47392933670766,4.12231673280573,2.72242608242633,3.85506442900171,3.76336288764603,2.68805500960401,2.64870423811041,1.62459486132057,1.77708413410846
1.37753361017865,-0.0826869355739577,0.315154345628232,1.46453540396758,1.70456289045282,0.890699235977748,2.86922797134817,0.508456170471967,1.01145029081067,2.24820875330962
2.31196893502993,1.95130214624996,2.02379535544256,1.72426275762748,2.34595178397546,0.632324583803717,0.119699380752242,4.26787161096532,2.06700061017731,2.70315637959067
3.06915079026056,2.98774373459478,1.07300554966287,3.54905555965655,1.05844269602456,2.03837036952264,2.31547675147929,1.8071553253197,1.4130845438576,2.38208654478846
2.00190579840507,1.61941899478634,0.0078174297874658,3.68953459778498,1.72365700121162,0.745787279745644,2.64097845299164,0.610761943899638,1.40201801927973,2.76977013206484
2.81842238029591,1.89433275625041,0.42968317391168,2.23319436035941,2.48121585251227,1.89539652769554,2.0810961053737,2.25172690609111,2.06904638545751,1.74536679949847
3.54333750436928,1.81067469506438,0.935063578425045,3.12990460569193,1.89997661809124,2.80747508534994,3.17050286370019,3.05405752585618,3.10403420075082,3.35676399580131
1.93249432537293,1.3949585397854,3.04461343094231,1.58605390221304,2.79843233370335,1.85593145916145,2.92802606062247,0.674145950681142,2.71024709371237,2.15976234575208
-0.0429797392744602,1.52153698169408,3.50746377013788,0.377536029715355,3.28148056927399,0.135490856293413,0.666761282712469,1.91159343765873,0.790599906421181,0.617597092756002
1.49686189746004,1.16810680471269,2.71147257714665,1.10245585776335,3.06635702583148,2.58437142534274,2.04721770455104,1.87806909161353,1.44615380657153,4.74308328481434
0.870091100376111,-0.462447154777998,-0.103627972800685,3.14475259966492,-0.757975547584627,0.65446968599979,2.84420894412335,-0.0391313824849,-0.676002212675388,1.55235321311246
1.2068855324903,0.132239232863231,-0.140696381418275,1.5740879280275,1.72956626323395,1.18286809335816,0.92791536280527,2.77337959664778,0.719272453763916,0.578935588636829
2.03847022391594,1.48463065269842,0.565241476812004,0.0249085329581706,1.08229653936337,2.94365368297332,3.54611811450887,1.63321340006928,1.94468372128469,-0.102931321386301
3.79879652217085,2.48777914424202,2.54748480456584,2.74681486948799,2.07781712788017,2.39256005958549,1.96651033045681,2.40495207176129,1.81101652659232,2.12326206654279
1.33320650072305,0.42816580218833,-0.945867365736208,0.246688998320086,-0.592179911216373,1.27566057009115,1.19038669589295,-0.780585361921747,0.920802787765008,1.28577521043467
1.82799749819085,0.958833411726165,0.861293332417732,0.0581325963637291,1.21601108559128,-0.480756445935924,0.441635919438774,0.226098446608091,1.66821744580569,1.27539943824498
3.54545773926174,1.38300263575391,1.95847135809992,1.26860799883865,1.13426023712913,2.45456434900887,1.85038890009821,1.71852955784964,2.82841267221447,2.49455936875337
0.79281462482801,1.54238349987154,0.811797517467354,0.712950822792374,0.677304683404545,-1.08022314260146,1.1325338401328,-0.563485683075326,1.85295435923244,-1.06707439832958
0.325896112569513,0.771568856056539,1.46551664143952,0.302955134685353,3.33761752052985,0.40610868737637,1.48827243021536,3.24217927716778,2.50865324007859,-1.08181189584888
2.32160118808952,3.63739917344875,3.40361340146434,1.09321418336475,3.36053512855356,2.8064763119649,3.22615064556517,4.40207551620949,2.97740254463249,3.83575786282567
1.91251647734649,0.544884756216011,3.69685520318452,0.983977431764489,1.97644025375891,2.86651345359362,3.0806319386359,3.1550591148542,1.39202318485324,2.38950704546507
1.58312819784913,0.743277663138598,2.41019125564402,0.202788955037221,-1.30031786776094,1.49647484967085,0.384809618427627,1.67226164604765,0.272713491120271,2.29970651060539
1.0533863887478,1.00025369101196,1.93274203063066,2.79136064793615,2.40407244560472,1.5228146922234,2.29635580085968,3.24570949930399,2.04226421816071,1.33495483229608
0.322219775442623,1.08661463216286,-0.0162356297591046,0.00787887457535223,1.02554447426058,1.30767039410888,1.66475348732077,-0.0331007902579385,-0.116963420073126,-0.325637339888852
-0.281755180719073,-0.257867458408635,1.224037138303,-0.765842550621041,-0.393110316702703,-0.661851711264824,-0.19029950946033,0.860063717979682,0.343413418311337,1.0634760060056
1.64970899372959,1.10647515497749,0.51303262782552,0.246339758127801,0.0480220992389785,0.752748822910147,0.973677526231254,1.58231093481983,0.22440117473676,1.64906022577401
2.30148897039235,3.53144137041323,3.44079396096194,1.62133501174326,1.7910625729476,2.21070730728469,3.44723448922422,5.3237630504676,2.6807076821015,3.19340566314058
-0.514648562148299,0.396559819127234,1.71812457929602,-1.05195843171737,-1.12180324821528,-0.39624334516411,0.470547141178762,0.439247906090199,-0.519440475234275,0.737149131802619
0.468181352722052,1.64246678345587,2.53779736476302,3.11264473408764,0.442763553855487,0.993804281720871,1.65998766051701,2.62849577399949,1.26731531002921,0.938619830092529
2.88601302286368,1.83783928604538,2.08293626224556,2.06165719425616,2.91259460249098,2.04910765855358,2.78008503664157,1.76293133853353,0.777554666934553,2.02804935994812
1.99963233698299,1.73974240910822,1.06545262930351,3.82282122120292,2.87940805337909,1.71062793536963,2.30912985905623,4.3164918399463,1.83965869417567,1.86269536301941
2.71836925380886,1.92327764094471,0.748680250851052,1.67528258792905,0.538819639915918,0.777858367988809,-0.450195727771553,2.30279953055661,2.22532578753527,2.17586811198261
1.18498783618381,2.38170607759127,1.57197804312753,1.56716797108251,2.81076929923403,0.817975588462148,2.48280890149117,0.527214637395202,2.89139004891064,0.698442349866228
2.05048059023126,0.59802210902625,1.2726943583712,1.53697247335719,1.4014653839173,-0.377086245102624,-0.160215830496848,1.1381967322276,0.878941831260733,2.14061572903639
1.81830817550674,2.52895467529631,3.41819452677748,2.20384652295451,2.89966523622184,3.960936423796,2.40782225655099,1.79126644011291,3.8431700278357,3.05995833157472
1.71521446109161,1.57998234882285,-1.62717741958479,0.133723708963312,2.42168499824701,2.39881222756517,2.07616564651753,0.838179631061073,1.92198841222172,0.785743630227034
1.3592945599471,1.84500750086313,1.85591868498716,1.70076172517049,-0.327100142040337,0.405527905112034,2.41838057572813,1.31383190640211,0.68177749179436,0.29153500698449
2.26630437224901,1.75445384027722,3.12865059058175,1.89697376967443,1.61101995959997,2.20479570417999,3.3232269612481,2.01702441868932,1.38198246772006,3.1950044105793
2.43033159183502,-0.209472034196066,1.02846009050587,0.18578163188437,-0.0296379490090613,-0.958944797986873,-0.0851968359984829,-0.417797798869121,-0.111258700318263,0.59362512189257
-0.432746775271288,0.559941468005228,0.450213778940696,-0.959096068542221,1.94847707176949,-1.27740025734338,2.54286177701246,2.35906652194854,2.3047367173572,0.677380845693171
0.183632345613268,2.01405263686413,2.39621124873955,3.00800278353708,1.07625682735967,0.312753877010086,2.10811519565989,0.65335838855706,2.3663584137674,1.92891508048619
2.46218548241218,2.19450429104951,-1.2830872592541,0.905057410739403,-0.705655168634918,0.874821181810612,-0.769730506676191,0.893202515525009,0.670882367496029,-1.28705320015285
1.22718447564251,0.920462252777106,0.935453593795095,-0.446516754475697,0.657920078831534,-0.567463730515259,1.94474894434015,1.21839873256895,0.20317227271127,0.535241395299874
1.64146036767292,3.78131680964747,5.63754207082696,2.70480762364876,4.05769134102572,3.11031779002565,2.14239751329596,0.502316054468869,4.78982035249039,4.17178502828868
-0.757295157456196,2.1890962184678,0.259961985531778,2.0703245567663,0.714296131880795,2.2446468739715,1.77432826152587,0.356703658511708,0.120214728668326,1.38416536529497
1.67895239284348,2.28451436051173,2.16579903197527,1.16502482425712,1.98765639609502,1.99421292686346,0.510629614023432,2.23326986427766,4.28910653142258,2.48043058673667
1.84808129898699,0.431210433228132,1.74619478954355,-0.255676776723402,0.886457259439987,2.13966371172252,-0.775751262896242,1.51134595090941,1.01818069926207,1.43201063062695
1.99595767229828,0.932061126270744,2.17054712664272,2.49544365034931,2.84423984109097,0.578596496687264,1.59729414238656,3.17179266661695,3.53397807253359,2.03000960529378
0.0617622954279377,-0.696584648526852,1.34167949873234,0.465595705720673,0.706232662336684,1.62205896073558,1.26070413559983,2.17317431712356,0.158907541772478,4.61773187272881
0.79489080906519,1.72066481187211,1.57236259073871,2.17779897554548,2.1025799710133,1.88188111933865,0.927410437515853,1.71532205562028,-1.68795864158949,1.28555553174266
2.90745392332511,3.78477386271662,1.15950312093539,4.36842389759924,2.75771106900769,4.44458379700902,3.0724203187988,2.13582414745354,3.40633067680549,2.76833979141579
0.0513041312512215,1.19075876211981,1.41748500414189,2.14487705478698,2.45249330620049,2.50623404747251,0.618549945454057,1.8962419949634,0.577669881787777,0.776682591828449
1.76934195002897,4.04414494125525,1.00533615474508,3.08630165165141,-0.212163791795329,1.15816286449144,0.614910558499887,1.38823207328543,0.40612026330269,1.3890545145683
4.01577368047255,1.49596371066974,1.5298843204473,2.87538639308942,1.86741083410474,1.96993688409254,2.7607284733464,3.16711472489448,1.64559093997652,3.08791500090205
1.69693704849096,2.71321096980374,1.5317332585146,0.831069979116968,0.904465201771632,2.12122289439843,1.68992943220597,3.04924330805693,2.25560510735675,0.624358614894093
2.03641600074136,3.10828854408275,2.62305932685696,1.50774588138653,1.64064077579541,2.3202425272262,3.46748037373083,1.22033456775761,1.86097776670729,1.75134225275027
3.77663044129312,3.86972642857308,3.18211364215379,1.50308553146646,4.08581564873393,2.28551600982538,1.65827325874366,2.4468368477653,4.01786027007367,1.2541205234231
1.74075406617946,1.79946419599463,1.09701421856028,0.851983868389284,1.75118151135508,2.84560052739417,3.61989212953609,1.78838495677927,1.50952601343136,3.31219503862655
1.14368359422764,3.04839540180623,1.05703061879344,2.36342838013557,0.486857753768989,0.324157182654174,-0.232535989128693,0.444484688772226,2.30090852790932,1.23633217237937
0.477549063006147,3.28712533869464,3.47895418796098,1.31432302219131,1.31895375889541,1.9162931605474,1.79877454780598,1.83638719004734,1.63023946205871,0.746018101634524
1.86515922200239,1.63607313835862,0.450313068126065,0.934801698901298,-1.56895405866281,0.98235148716924,1.13434483774807,1.5045459695087,-0.158009643790581,0.098399202616564
1.38445213876584,0.0120516176791473,0.475643896388557,1.28138299793844,1.43315945682712,0.53819539060418,2.45830390762998,1.33372787546644,-0.461063364752676,1.10228596201866
1.1730958517639,0.514696888050014,-0.821154934903375,-0.180512732813295,-1.19597644413895,0.41251920166753,0.892814920773995,0.789113275509836,-0.932502763232568,-1.33786258113596
0.271984238681464,0.382733564269597,2.09197773654111,0.321432777999052,0.463028779432271,1.97965406042873,0.272065082114359,-2.13847677321585,0.536594350760056,-0.261851241722424
2.789241898794,2.34684072038336,1.86953657017117,0.452566799926597,0.552879716140166,0.711529341883042,-0.546946504803098,0.503516999565018,1.54247143738288,-0.17987628403126
1.59473196373386,0.380568538856856,-0.314183824777855,0.0772214165884315,0.470317015058178,-0.626194478911289,0.170486176287304,-0.586946532488792,-1.10489323011452,-0.725424925592704
0.408908960672802,1.41054443154247,-0.251311472866807,0.873603202804545,-0.471067561402035,0.5047410874993,-0.331607678221989,0.0716572715383053,2.91994647332314,1.33264597776971
0.896204866636355,1.67588002479145,1.43138278681266,0.797656089572236,0.114328374489683,-1.10111060160962,-0.465055067032424,-0.917164803274098,0.619691939288836,-0.587276429580213
1.18533187801032,-0.104366463966489,0.877393336298403,-0.000663917197023745,1.46929711081259,1.19942362937896,1.49144442052487,0.568234164772871,0.135332809094079,0.511202126142205
-0.159676250557647,1.30807252050992,3.09159619611302,0.98781622723378,0.887433475094723,1.19081415490466,0.479871437338622,1.10499608874425,0.758528151443348,1.86095570592617
0.00319963608733137,0.154780298785629,0.0274997254405879,-0.493060303699756,-0.223888035754617,-0.726427110773343,0.987405685984866,-1.17105404135065,-1.46181229985765,0.595718616357781
0.965343973743972,-1.28172206259637,0.170986330564851,3.14221547086226,1.29079076866439,0.219438778622868,-0.635066448924725,2.81287176333895,0.711922989818033,2.675475738291
-0.158190692787967,-1.27058312678479,0.957272520316398,0.937396814517546,-0.47201142620424,1.10454619428547,1.05417429999103,0.965337007136202,1.6812783083936,1.0673384554874
-0.219295860928991,0.68282950428205,-1.78311442319015,-0.295425516041411,-0.738818677838073,-0.411200314326938,-0.22796990846957,0.777305947318826,-0.70301673806317,-0.260635418979526
0.444356401182104,0.752816885542766,2.11939158529477,0.089976827590587,0.43734989390706,0.558040479401475,2.88370855144733,1.23378488457727,-0.595989467307438,0.447117157862647
1.3483218336314,1.50668796313001,0.565263723547707,0.0517301993559502,1.23838101589689,1.13098070852287,2.64163168688489,0.874690422147299,0.614585419342105,1.62898086568049
0.349664050615499,0.834345741000226,2.3964126343926,1.00522961161522,1.47661502416296,1.58867388399326,2.49153461748096,2.36913385910985,1.38351661060092,3.28925080310677
2.15311301118677,3.46459581572238,1.22991158186657,2.45001823131809,1.12138831310207,3.23359880183662,3.77764362694998,2.66057721660339,3.44730943103237,1.25161774141649
2.5027610932108,2.07744035606744,0.222131392729636,0.991350284804107,0.342238407828223,4.01888483462878,2.26269175957045,2.87286526521113,2.9106608768115,0.127564292897232
1.63574387412349,1.99126409707961,3.32631644784366,3.37363764472884,1.33244507191359,1.62476235153754,1.66177862150154,1.86795054119526,2.16458411943837,1.23015101116875
1.75364495541395,3.91953472714568,0.29710123096767,2.08460557958611,0.347838128930143,0.623122046598154,2.88893225961599,4.80414820359908,3.20120074437247,2.82135749614465
1.29084113884572,1.18859305237187,1.50458774223783,-0.0276951693752534,1.73214761022374,2.50169876983573,0.664786032451986,0.248895870636558,0.848530152606258,-0.756085279847005
1.59012476847215,0.52467922483759,-0.858669787562339,1.42556846927942,1.18349407368232,0.407048726212243,0.597492339919193,-1.17635978256123,0.462065289719335,-1.83865101370862
0.722419941507686,1.16443180777673,-1.36993950972128,-2.30551267658216,1.48358740342139,0.501000052166704,0.416586227149266,0.31786676228485,1.71989024608921,0.0252183890179269
1.90406866790859,1.71398007208533,0.664280227673331,3.64155226133194,2.94194026461768,4.2928900415903,1.42570399206579,2.08938496608875,1.99057945458968,1.60862059841467
0.905106883666375,1.89373691971036,2.73604415822918,2.21175560243507,2.49384772418836,2.50863290339596,1.90822694234863,0.315890387939365,0.593604490958832,1.95653173983253
1.70775904134989,2.35029944332591,3.86118290298013,0.655973149831354,0.805812033720359,1.60833064843665,0.685057260570216,2.94203602497487,0.475313969636777,1.92987013783618
-1.03640589100107,0.814550558733896,0.592134485736708,0.705781955242824,-0.624835444026398,1.75590084406798,1.95317380841468,1.76563899543432,2.11758961041562,2.47904614432559
4.87273791062718,1.61461411690786,5.05357393863185,3.01401467704499,3.49541167577192,2.07995493420518,1.76799435212132,2.96113694008237,1.89977770944443,3.72365370828419
0.168196148232278,0.155044508152865,1.31827062003973,0.294829916346521,0.701942361026341,0.259645708227929,0.650041350331117,-0.298190958864989,-0.460639332413046,1.187212587741
0.0950361347939601,0.780482170298004,1.48122129989541,0.206749776490162,0.990502899433306,1.36973415109438,2.88471378486158,0.605026768011647,0.189180682569094,1.18911488772469
1.10102334679849,0.969993302415934,-0.135259862194533,-1.14694750378599,-0.950956852091202,-0.824811607915093,-0.323157318115308,-0.952014981973878,-0.863047570472325,-0.949684517038852
0.579294784893712,1.04891942800894,-0.277416573048479,1.52151457066872,0.787233166565443,1.39522576093228,0.361882228332278,1.22644588772912,-0.910119804160352,0.733807031371356
0.88583973028295,3.68872395968986,1.18496586176485,3.10398839348534,1.9468631417605,1.28543120492534,1.8356384193776,2.3694977659331,2.11505743443616,3.35251681230225
0.901999076823143,1.32504601625531,0.681915988906338,1.09266909561839,2.33476058840689,1.43789403022272,0.80476562902827,1.04913914276665,1.91693789842331,0.214633001317582
2.74729553467761,2.81907220982055,3.51696334074606,-0.138367983387084,1.68618377516663,2.52295911856266,2.06598578626139,0.279946339782867,2.51901279032557,2.47577925174469
1.06849674008316,0.661758074530346,3.71983754623969,3.31948125512713,1.9240219443899,2.14059479771058,2.31926666236512,1.47519760483882,2.38079740433286,0.740131043195133
2.31492642621097,3.77555234263253,3.20603016112866,4.73336534407603,3.50433352612795,3.09171214170821,1.65470482084733,3.38714161748596,4.29118427279967,2.26955051410991
0.627255136726531,1.05082445475042,1.68443081283446,1.48292044893798,3.03207891561284,1.46542562560312,1.89042417274857,-0.494793048995195,0.635197635255973,2.49706633133072
3.13685748790046,5.40984404458649,2.47116512317832,3.56766743469198,4.29575220178613,1.55603781024716,3.55022167873335,2.71241098854859,1.19326107825153,4.8924632883382
2.22334767641396,1.86067656486068,1.97698836183298,0.443353048708472,3.30640121127334,5.16366199320554,1.87449649910482,4.3527431883343,3.03050441640712,4.41762611007343
1.45629657406928,1.03619468734039,2.38361845072312,2.37948294628548,0.609584293631264,1.52004371283109,2.17049445084656,0.437684873293456,3.68738143158793,3.06858113727115
-0.0458096559833638,2.05617459303304,0.847226082843221,0.85374090719888,1.60034786888625,1.36331820438162,-1.23168050512431,1.2060011410793,1.44468047872914,2.35775046759731
1.16393410627547,1.61981647579279,1.67164372938505,1.34188174793002,1.5964314584477,1.46271143440732,0.336992109954905,1.52925520019565,0.568034962752551,0.306242114871483
2.36179603694682,2.4363140123748,-0.116682554886725,0.469803727209182,1.64458005115919,2.87043267754801,0.717200218641773,2.20005026196816,0.784541461722712,2.30924848982839
2.49126827966248,1.82649742285862,2.34396865022208,1.27112960204465,1.48916654289088,3.35864921487372,4.21632709774213,-0.864402049463915,2.34150221489663,0.498132288612265
0.0962492605963489,2.08482383823568,0.358104831346928,2.05466740322786,1.46074083740786,1.24904241499416,1.13080088885211,0.823158610243915,1.58112797207394,3.37166256552606
2.29557744036294,-0.0313162680590409,1.85015719757016,2.97439478957533,1.45609452455331,2.27658210517276,1.44672442502869,0.303491148948993,0.883267093498816,1.45694967723907
1.78353866916708,2.7889166698007,1.41735435250753,0.135344183204631,1.5683179156914,1.59681045430923,4.5870495559358,3.63930041064056,2.35387328537163,2.06677307298793
1.70163525409196,2.60463320661667,1.24070717392579,4.64704477238604,1.22224548166602,3.08396669651639,1.06216137867743,2.28562339973418,2.91480339083392,2.34435304659865
1.07577708928837,0.473683177865905,1.03520044317122,0.151931785927623,3.47090723598144,0.414431389127632,0.299930243739785,0.807578881988722,1.48031914565624,0.331872999160793
1.76005188890258,2.12356609582605,4.5172024135335,1.02624138052683,0.821665496646865,1.3681838737562,1.42476155542649,2.4724910897619,3.54372792789616,1.9661541833678
1.92082016071938,0.584882894568443,2.79013880439802,2.0886611537182,1.45095353175298,2.72817807296212,0.718563942838545,2.04447781408591,3.17670784852466,0.130823180744141
0.831945393803339,0.694844918255009,1.48835403764041,1.48507737475377,3.62785254268469,2.03577594452508,1.56073284407716,0.7435722852516,-1.19651684043631,3.27709400288732
1.92613683768642,3.27043317034841,3.79095486138981,2.78886191233271,3.00958991756922,0.980454458150393,3.47659485364578,2.43072411278969,4.05582432729662,1.12355936818134
1.94165250000035,1.83775136528373,0.280700616931012,1.36519017816202,0.716963745524313,2.71275958147247,-0.296598205521595,1.93156067621663,2.95982631504282,1.68423403911955
-0.258234765523683,0.685921198954589,2.14456822124134,1.7426100711413,1.11237243320257,2.35858412696864,1.19631215102708,1.70040836440174,0.918353950319773,1.15537711112065
1.94057368351709,3.5980352010695,2.37986956493756,1.79440476049816,1.11186035786426,0.956865721101503,1.14526490706354,1.59091533206123,0.929576758717185,0.386106407399788
0.998759799345724,0.672656863384529,2.71777626237346,2.79533744712621,3.41941260618282,0.417355159475389,0.613993513651583,2.97132697396255,2.51433968212755,1.56744506005219
2.08033315007487,-0.534008723604835,1.77699729016946,2.7280877146265,1.84727936762138,0.924731087062516,0.571441842147575,-0.230291330315773,0.935236625601152,-0.273533995090045
2.30470036182361,0.661934876292288,-0.312538936489311,1.29361320220906,-0.39214329935336,2.40749004900224,0.789812564793009,0.35146176966313,1.29845057747659,-0.48045310813728
3.47894907217619,3.87058248197871,4.83082242542465,1.58907315915211,3.77654844977923,3.49319494739653,2.55361403665415,3.07081381428958,4.1615647563068,1.9297805948486
1.20594652474183,-0.204113791872937,0.713693082402584,0.389378136591334,-0.0119996552402331,1.53473897605245,-1.07877096819144,0.735962143463096,-1.30675262613942,4.16630379928797
0.936247107815433,-0.892063381719256,0.385454812914116,1.01224971256448,0.169913925697624,1.65196194816727,-0.187779431557081,2.64373969886625,-0.0749596270053205,0.413237740298616
0.731967329607041,-0.0811434116687906,1.81598843953632,0.367667923637682,0.18142281349875,-1.83688928417183,0.293980171171656,-1.08504266329542,-0.0851167519707315,0.358883773178644
-0.27763857582833,0.580733431637943,0.795397712895465,0.51448747349703,-0.186706367497292,0.515386173251768,-0.412331907197036,1.62923075048909,0.316660695058488,-0.516874302967386
4.40300926688766,2.43827613664619,2.96940742575744,3.56444477372384,3.83388433028578,2.03855578691457,3.73358002086176,1.95224270691882,2.48839053240319,2.4279454205781
-0.670051911896257,2.05918605583129,1.14222695914247,0.585033455643841,0.551581122732326,2.64150167575401,1.77146335978212,0.753755051694211,1.62597478269003,2.11327042993896
2.18121189261841,0.0037651954711313,1.57495763787005,1.70272086513911,2.2477932452817,2.52321110247944,0.0488800820484788,0.100612434246086,0.265721771486055,1.12448567561482
1.70035374275969,1.6741557302789,3.18112383988569,3.01005033544819,3.25688867765058,2.7225445895098,1.62531888380989,2.48318923524918,2.75061509946632,2.97215530715273
4.15904958057219,1.12955055589998,2.70671155321145,2.18753077541722,0.938325450173517,2.79353786951752,3.75991331879849,3.42448272161594,1.6531228816808,0.909013317427739
2.62887698270457,1.16160146408561,1.99946029173671,2.22568595792588,2.34616371726543,0.926308024355318,2.67401580929895,1.33624264924377,3.06396765907204,1.21806402905168
1.43454538365694,1.32973163028337,2.51942630704298,3.88788772093692,3.7034209700534,3.92493473671608,1.59427690502274,2.45481238994121,0.557043900992028,0.101568219749986
0.879807810574897,-0.631837716927592,0.91088793064612,0.0599134642093835,0.887034368055646,-0.0358867954284785,2.05228179888958,1.88760320734525,0.049793389266228,2.49927553477568
0.415078880676505,1.59184603234622,4.18104772146485,0.579539395299683,-0.511018358401519,2.33413523873924,1.70527724650772,2.08208844165895,2.48416086170633,0.984503924230348
-0.502097499827318,0.556098759252524,0.44937515777852,0.272594678823953,0.851213734239525,-0.274492478269514,0.581951181549355,-0.782965470189747,-0.296447658242162,0.599226103276129
2.84282757769256,1.35968815412505,2.01434407567906,3.96320156108915,2.72170763021698,1.47914571845428,4.03308823356055,4.20293963415708,1.96658154416584,1.96046966251247
3.04990366021965,0.499284798142498,1.9221140395748,2.13908539746341,2.71076629787742,0.28495535688107,2.94658356078468,2.35171047837573,0.379974903884207,1.37574279638457
2.27044062685708,1.76377343581113,1.37626143770289,1.22224535439772,2.11416765675693,-0.185165313153784,0.858502565386412,2.50203716085252,-0.953104247907349,0.676349138192411
2.38894280520112,3.12807112331776,3.15284290162561,0.28405887969461,2.24066975136007,0.866389707491696,2.77256590398353,1.46591465393123,2.5076290151188,2.05024339313799
2.51635362049202,2.09433154500691,3.16562151756731,2.51319824282191,2.10994980831758,1.81711741923804,1.59911107056853,1.71990718041138,2.36576822963534,1.48957690898346
0.282654690185938,-0.246780998617548,2.34382097999564,0.339457475355813,0.86523708722037,1.72274585985418,1.12573161878758,2.72187422115495,-0.162777136430908,1.54374631318968
1.4858600877534,1.45032590676631,3.53473347686857,1.64294470008053,1.91295973316373,3.89812674388123,2.86868381687004,3.61511829015363,0.490150515322546,1.39020839318409
2.34187990979702,1.61224065815395,2.49593276688411,1.22323848830012,-0.00117889034481156,3.45825669405074,1.25553251099339,1.74292589568456,2.25871090878561,1.04211243929384
1.32324727766501,0.373949575688091,0.955109756558002,3.23961850316994,0.231819381234773,0.658270763602383,1.17927047712224,1.02244611026657,0.519833154394228,0.300193333472467
3.99502055694861,3.03637596335722,3.69458049600949,0.721866719608065,2.31100369309183,3.33956112295044,3.55354668831048,2.73132485995987,4.8460083227999,1.61381044745783
1.86620033709788,0.598946799177273,1.29827984081907,-1.33744310470458,0.217848137696184,0.0238084256677952,1.53230618997888,-0.505876486669451,-0.214825808200329,0.172910284752118
1.52347552911114,3.66001231762987,1.40252430992943,3.02300533369367,1.65471650759352,2.31412337578161,3.35876470341349,1.4946946785967,4.23013139677009,2.52345915964938
0.664920340965707,1.27479529752058,3.12521032483536,1.56310361686235,0.318408504438527,0.785262498457048,1.82447721838107,1.59332169054959,2.34481281145983,-1.99720662256927
0.17315252930504,-1.00329811327911,-0.0649805557222572,-1.12302809061459,0.513474247469042,-0.920233531900463,1.32857309584426,0.290179170746847,1.30826779374629,-0.175273039315925
2.31453646261091,3.24921662124615,1.47160138994555,1.50802886216714,3.27190088951267,0.424120946418482,1.51726257747762,3.90420548941778,0.960153719741788,2.8830692814997
-0.937557971743363,-1.15068917750642,2.0465719084814,-1.70715999838111,-2.31182022241458,-0.610617257568323,-1.57660730524801,0.349749429704527,-0.455956552594059,-0.109339114078967
-0.597810848851559,0.016592580462119,0.0160557393095587,-0.34603912867252,-1.3791048061455,-0.930138970385356,0.896226562138626,0.0679238448858854,-0.346865737805713,-0.18948012208616
1.43622975099268,-0.697952917367563,2.83123135664819,0.837031097851511,-0.0171887411268945,1.6590236284453,3.9943649610907,1.35068588427445,0.933634212243616,1.93173464969071
1.78901807649788,3.52585584499882,2.9573422969512,1.62476818872037,3.59566311326085,0.988788510538212,1.73571925935637,2.17246916148753,2.05383957444363,1.27916749433653
2.5774351107398,-0.48293932793399,-0.384175626642038,0.647970517237259,-1.32218514136526,-0.407675981241492,-0.526239858784425,-0.0957653028336409,-0.440622932857201,-1.40703881725856
2.79435038574922,4.20267378676253,3.27696274289782,3.03759674247497,3.9972969893967,2.84260150720757,1.95510805825131,3.01476238206055,2.93935880507632,3.66552288936883
1.56318971141937,1.19870930512475,0.886161812619755,3.01882101939917,1.73648556208104,2.04220866284883,4.20997152858788,2.07403290700534,1.72579531383545,2.70293931501833
0.229798241944986,1.01020380611946,1.08362395854633,2.53233215201907,0.495745338263684,0.545818893485148,1.03526730955285,-0.388749154142809,0.825400583308196,0.296605502008749
0.937068250694582,3.22845018427481,2.64792466825703,0.57024362774366,0.456637545986201,1.96030439969258,0.999667316817782,1.10554953941753,1.45913601787697,3.62404294471058
-0.368161769967763,2.56049693211377,1.63750383433168,1.77404618708365,0.0923939322268383,0.825999727986308,0.667313783233598,2.95040586087303,2.08448493349578,2.4713012389565
1.54949691319223,1.38336884659886,1.19072560812317,1.12364864651869,-0.0486646245976488,0.433214055719025,1.55714667088006,1.83120439850878,1.19327454077696,0.34898858925094
4.30046396814338,1.50109373946898,2.9088042205689,1.12268707860385,0.288239054766748,3.07535089416576,1.90267471308967,0.413110703660788,1.18152270501253,2.12749977935293
0.032803669760284,1.71969717851586,2.22632126172795,1.29717565430416,2.07014518456354,1.56430213997213,1.5636055668298,2.62961341710291,2.08587692545546,2.52373677295705
2.50979105357402,1.91147888407905,2.11048704745743,2.31275950057374,2.90374249787671,2.81571468252985,1.3191220389045,1.21006291342181,0.569417051226761,2.75808672056828
0.196591724844393,0.0466551070934675,0.306224085828432,1.76765723702822,0.796868174524982,0.377387423133914,-1.86995811617996,0.590849459621853,1.03405890921202,-0.821538803157991
3.42736452627404,5.13324314500033,4.77707568889653,2.1372603239535,3.70318598712108,2.80805923425627,2.49922496167458,2.86984773007958,3.40995846141408,3.33504656956822
-0.939364791310959,-0.376651523236823,1.09566954014792,0.620893129428596,0.365697682999764,-0.52890036977985,-0.294740350668576,1.68537957152399,0.873687587183543,-0.10250705482417
3.00848907087188,1.9857050325685,0.216946109901947,1.87455607477738,-0.184045437904099,0.584034552822651,1.25627909158,0.948697821962308,0.533098874712472,0.927014950684246
1.66050519736047,-1.99100708002168,-0.940277622146624,0.604020690970071,-0.154001469184003,-1.0967962836873,1.87339729375547,0.975898197950598,-0.572450804699891,1.02761335983697
1.25399307390948,1.30721754184011,0.705769919205413,1.21690054425536,-0.257939340955514,0.989441676343799,1.75087326519632,2.74718400540544,0.359930519972013,0.791803946090628
4.36567072987893,3.48355966531677,3.79704254089147,1.75447612561004,2.50353189943811,3.68728329926352,2.36790079310974,3.41775769519063,4.00285031102967,3.92283910442426
0.350728950228979,1.64566501924625,3.13084732556365,-1.254080968153,-0.00373031677886559,1.44883545903262,3.35964551854451,2.61768807316669,2.11001701028756,0.767124722150548
1.79874970203922,3.64673366405469,1.11034901728603,-0.197977606998978,0.511383921527126,0.261250130244225,2.49390806687133,-0.817686463923823,1.05491932803837,2.07575464779256
0.772962533437701,1.27439286287263,2.60367662490164,0.40974525135285,0.864809145387609,0.891697895714515,1.13031812038755,-0.304456775262291,1.06938075404138,-0.169976995488069
1.1934711093668,1.81721218527887,2.61427538089359,0.575795566989,1.34102891816942,3.07137429362372,1.02120985536511,3.29840499623123,1.45470417979312,1.28405813590895
2.2980312603641,1.87476479148991,1.6553923015156,3.03966795555835,1.81509145269809,1.29779433085882,3.00378255257603,4.10623041925914,0.413077493791757,3.44269748934991
0.999734051225657,1.78875166111869,-0.13422047226649,1.22294051989071,2.29491129334199,0.98571979864136,0.931666376523306,2.43380026639855,0.65297656193813,1.23780799368071
2.54528959190936,3.85421893555667,1.2181693751604,4.0206070462809,3.41634983875774,3.04094232557613,3.57757005411968,1.25610116924887,3.88411021691039,4.01060592389103
1.8680069192015,4.35213744400989,1.15098978621824,2.47992979623225,2.16504931152106,2.0433998720168,2.00361278213189,0.91706696437105,0.320092990815623,3.84455943083056
2.43068645590746,2.3559364983088,0.147346784702148,0.153625785748366,2.40316821761174,0.488814388534858,-1.17580718015537,1.15127800230042,2.31718570804961,-0.697142692204308
1.77815759685286,0.0615352098335367,0.493454061288319,-0.0980412187692328,0.880561277816898,0.779459329968743,-0.609148176470394,1.13051574285217,1.12362697619719,1.22367727338474
1.58118584473026,0.728513796044453,0.945218127180355,1.44362351353724,4.46973765103444,2.99821298257889,1.3432280768914,1.05275281377435,0.28264565625454,-0.321143124923141
2.1417385006925,1.9954988341299,1.55063207283615,2.15321309041053,0.469396805285509,1.60125298569938,1.01080027122897,0.437247479728834,2.50429389850744,2.09341668981654
1.1764550293462,-1.00880198974928,1.34643451867926,0.140128005592791,1.15960385933588,0.318894014322546,1.37586563546424,1.403966019244,1.22732869710713,-0.734309666204641
0.280340087820527,-1.06203333796052,-0.110932397631505,1.02796235414763,0.353539358035169,0.53449771120245,-0.621962518632246,-0.448583983909183,-0.488211135862527,-0.988227124083175
3.79910890905598,3.95004588849931,3.33972846517533,2.68726377072185,1.20931869405058,3.14391026497797,2.44800157680926,3.84253334082921,2.91488928085216,3.27006852890761
1.37409461039517,0.649802708675341,0.951990999791834,2.30238310749029,1.65424172846881,0.80514770548644,2.15883254347363,2.27083639552829,-0.473962685181671,1.16831589951261
2.61107103353702,1.80859369282766,1.04466852151915,1.30104503088567,1.48779847567216,-1.0538193063967,0.809956250238777,0.563285230302771,1.31503787061143,0.0341926921366837
1.19906315666048,2.56000256955229,0.0567473886095006,0.390142566324821,2.36989319717107,2.07406462018269,1.39362623325309,-0.312075500114112,0.177788520237182,0.805238702579788
3.12097532432358,1.40921746042799,2.2247864373313,2.86610276143982,2.49206820522562,3.76638203878381,3.91518879844771,3.80941976663293,3.24037643269268,3.34387004858639
-0.435433946739535,-0.0338173404302302,2.54028055565177,1.18296234264892,1.97085975352318,1.82592841053069,0.018677945815911,1.95134225500515,2.13096233081513,1.33741218904267
1.80833098739755,1.0097360425635,2.89620297623543,2.93981980210499,1.6319258467863,2.83657692385415,1.35946858695837,1.41713438634813,1.11315823114041,3.08662055297231
0.935814052896887,-0.940798315947136,0.656249090700999,1.44127185886844,2.99685508051713,0.500449556094646,1.3544215027522,1.52150723826608,-0.135060358367442,-0.294520383374033
1.38734223127714,-0.406656708370137,0.285070507916436,1.70277347079803,1.76178279378657,1.56024261691829,1.1888581142248,1.56611914548435,1.48715105680941,0.0119166193877178
2.02308144467207,0.756791123458624,1.39395754269452,1.06516576142107,1.71801805399364,0.127321649362892,-1.53802768435422,0.717507793447151,0.577526673736501,0.490780498642636
1.56388464541098,3.04981062713978,2.44480067820628,0.914824079209405,1.2025666081698,-0.195434069059885,2.0505357809648,1.0518423166983,1.336748777494,1.91310081872497
-0.274164111978988,0.99871717607681,0.251264076388464,-0.415521329046821,0.994062535508189,-0.167970304971042,1.11156829071144,-0.308118019163527,1.49235032287276,-0.836999418916605
3.04362812624392,1.75847182557992,2.11167646108969,0.274882356543289,1.9344445622141,0.725540298565459,-0.327012489061916,1.74913292360997,-0.249664683171422,1.19436698717755
2.2220357610611,3.12771665389188,1.23817273703171,3.15396673867827,3.99644808973675,3.16346916195002,2.50296846837831,2.39362494616526,3.06622516522699,3.48928769163364
2.14020805240442,-0.331172538904514,-0.551604438114183,0.337927777484247,1.40678932187093,1.2579467933545,0.545708425540575,0.663031479612518,-0.47929829867108,-1.63691855867781
1.5644602028988,1.62439216266219,1.54122758457123,1.340589647732,0.444129295183818,2.69470652622861,2.03421340463881,1.74249777555569,1.42049787081697,2.10079913238183
1.213193464322,-0.118515647508708,1.71421277873299,0.801224185810453,3.09670152265811,-0.88119674189138,0.272188892968852,-1.71136202119444,0.618275097447822,0.661881503369226
4.36873068914647,3.01319126104262,3.90933113182369,0.571255100738026,2.9593966205825,1.83245021019877,1.10118711793412,3.36767507621873,0.396267922348881,2.59005184011642
1.63964500161791,0.458782568640766,4.53208217371596,1.66348855722051,0.582095383016897,1.45762123169798,1.90147980577053,-0.3791349461691,1.35983384016077,2.07977103752939
1.01872342989221,-0.257697147863472,-0.859365232423714,0.413356896278752,2.61105395402247,1.43258243022043,1.16252687706561,3.12172030969391,2.09214037424895,2.5614464670508
0.963742382098856,1.1490281441742,2.02825140538556,2.01772336629137,1.78267984486133,2.80933554940416,1.19794645853423,1.92480956412832,2.66278550135267,0.989939662939717
-1.36785981659036,-2.30424253346721,-0.115489663133854,1.47117908915297,0.960711785742336,1.80972526132076,-0.271506660675363,0.892643364007631,-0.0241540917424452,-0.393469781569652
2.53606248616836,4.18592849334294,1.38288612490991,2.47899216720387,1.53503904122744,2.97598640562518,3.64023658809443,2.55284048636673,3.38627330451962,1.46864451673378
0.192094160165803,0.169867035612456,1.63048536738396,0.299963123103739,1.97801424874383,1.80490888574322,-0.434991752060141,0.209672069944726,-0.0953778611061307,1.01994566432771
1.92400609350153,3.28145993269453,3.8095845444065,3.61866036445805,2.089993115707,3.32197529604627,1.45726317445961,0.240540365364037,2.83358979707468,1.73048544259193
4.06231260147976,4.37045928175266,3.04352297974125,1.25673217182643,1.84008300281875,1.65531852455544,3.19784592510528,2.75584395594519,4.22671594702065,3.12285757435048
2.31666152665102,1.26010094980032,1.23517715920131,2.34408187074622,0.652825030406007,2.58701701184591,3.23806650112691,2.24325303863655,2.12251145991685,2.78286642571415
1.34082204040431,2.24583803798681,0.358676956143982,1.67435826216416,2.08141300619079,1.75242125605355,1.50965434079569,1.43342731931003,0.743572787971536,0.541683950214636
0.294844437578449,0.390254887010949,1.29430841240687,-0.957819768682887,1.48100465835008,-0.870800873383452,0.0159828790459956,1.51240113253984,1.43520729296269,0.162727620563751
0.578762552465182,-1.75736389262396,1.01293710647971,-0.514558580872665,-0.91147075113466,-1.48064626822223,0.380346643367518,-1.26440604006445,-0.231751615200353,0.0834279414520489
2.22423776345127,2.15401141574259,3.4432656391437,2.9500868499874,4.60303692950472,3.79486012633515,3.83613277963373,4.66605273723106,3.18217077841415,2.15276808211851
2.5889380222153,2.61549315243495,3.93872807897601,3.53667489130927,3.26976650712001,3.48177959780684,3.43246743906624,3.51373580039387,0.86915027401907,2.72033943061093
1.20810021045503,3.29180172991746,1.50515833532143,1.66320887389205,2.45800906659802,4.8943743933207,3.75134397561304,3.63199326620576,2.10092046804809,3.26760282663137
2.84730142659387,2.73632358001837,1.96754773051905,2.47171416528645,2.76634481428437,3.79804952954409,1.42847013752993,2.70394957938969,1.10478825919403,1.87964608602633
1.50389665905544,-0.157573262042133,0.633958884162244,-0.717797591984705,0.505596863329779,0.872892223997608,1.3310657904617,-2.33976460939799,0.103512012448088,-0.517665077352957
0.912834734683318,2.15755112733205,2.07983759516307,1.07488925902006,2.29414328927544,1.7017099147634,0.953550314139408,3.69099420811375,1.30263979945271,3.90813013105881
1.72296878881176,1.91285808792778,0.533451753907723,-3.71616482794412,0.77015563470997,1.06788363578489,1.56151342859195,0.947833497431702,1.85743492374878,2.80586514346359
2.55499802914254,1.39607675470854,3.90413064822438,0.963010202370798,2.67999082273983,1.0224946048383,3.89506680456585,1.1872013985624,2.3908001124875,3.00588438471219
0.836191632133449,2.26510329864581,2.13051342927429,1.88662367192076,1.27970844990464,2.38325537724227,2.92745678479829,1.80279295802081,2.41519479704066,2.36034976685788
3.15437620380674,3.27070246068657,4.93548363040382,1.18559310397064,0.272678559294605,1.95403011773045,2.5509535589231,3.68750590973957,0.44155732572485,2.69833384437202
2.58965622169541,2.26975955863421,2.40447360542676,1.33833405974571,1.85259820356024,0.701716741306581,1.6291135185477,3.82694569912265,2.71633479235671,2.27527818603424
0.527604861967837,1.62911391016902,1.94175106777387,2.64460476102019,2.7326416691939,2.83906318389985,2.36271672775134,0.221459544191947,1.06301904103269,3.36817854408503
0.642162023196318,0.629445140284444,0.53583981195198,0.606785293448251,0.230361801581963,0.119549094261389,1.66387463223258,0.806137227249306,0.297847462334073,1.00260100904917
0.338867282237597,-0.825092672126442,-0.0455193701518279,0.63751232630923,0.710922245622217,-0.417279996564815,0.668289468665594,0.180034454741818,-0.496048767589258,0.338340462042748
0.63907777349193,2.60127226003381,3.14493981850075,1.23705458412327,3.1488584778374,2.67422761338443,2.53959822454292,1.09162266127137,2.37578935095491,1.82378501163808
2.36648845232475,2.11284461367056,1.56971760703917,3.0868061110633,2.56975052188353,2.03636885767817,2.90293351461742,0.106144016137734,2.0877192208709,-0.0833267339760715
1.87821059202487,1.93788879346726,2.09011744331376,1.97516126876175,2.43640449505822,2.67512952294447,0.564942067881033,2.97788974793982,2.7567675102436,1.91897800551159
1.01090559771468,1.28001813060236,2.27979571322002,1.44524598422045,1.85245790717513,2.60087498456404,-0.168887513820825,0.275161521568155,2.48853905085189,0.517538865525846
0.167549153982341,0.641853671177885,0.321687840752784,1.53085625530041,1.40915235484736,1.45922525153564,2.38679817435626,1.67237344038559,0.294448252408996,0.519595146470501
1.00092867703725,1.71875833444194,1.87380613196739,0.760302641268754,2.41515335792463,1.10847992557403,2.21542526805891,3.65867622067261,1.40910422997052,1.10915374871653
1.78185807411087,0.814630243033705,0.0532297153420319,1.18949442892178,-0.789319457202539,1.62970266114626,2.5592095149756,1.40855568105338,-0.266091901475082,-0.406736444934888
0.215323092451158,0.392041233119286,1.55276347611343,2.46722464361629,2.12274703069096,1.15405216060266,-0.410739022272204,1.5912042581545,1.11973270444936,0.646503363770346
2.94100856775606,1.88180257351175,0.150767048628646,3.35482365620778,0.423751740313139,1.40808413243918,2.83844727641145,0.848429054379157,4.25591680184754,3.50346459429393
2.46485387327706,1.64097966814801,2.2848921747342,0.986410617471587,2.35699580369657,1.13555548652717,2.19678614132286,3.23825097615489,1.22144550150979,2.68205046859806
1.89052559024368,3.14950652866746,3.7951917559556,2.35308241566357,4.29083136638983,4.49672166881386,2.42229223043069,3.35036526750075,0.0451222767198214,3.76337202910674
2.32064430900774,1.69085103281869,0.169005081172615,3.56728357111611,2.29234417638292,3.79075338921143,1.3866944846838,2.61350966190166,1.93799172356703,0.999997510164087
-0.405489734496899,1.66554946143227,-1.09420934471943,0.685961253925727,0.152642325026867,-0.699506667217314,0.193463929814395,0.584530769317605,-0.797192632696775,0.849112919065668
1.50075765507076,0.115127449639363,0.685099563274663,-1.42178912155814,-0.196448223617261,-0.657463589643438,1.08592541210074,-0.721411201433178,-1.27432995706946,-0.141944297626472
0.15637544433272,-1.39360407041202,-0.223327587648007,0.700429005041528,0.617507153507693,-0.951000088700741,0.526641280175577,-0.845833677280323,0.586947499300874,-0.652861473634489
1.70866729166478,1.10736572918483,3.128817651781,1.30795882165409,0.805302236284021,2.25600736836194,2.1176458908715,2.28192003327358,1.227705135549,0.88345148136629
3.89002686412866,1.63263793803992,2.32556736337359,3.75013803541472,0.53414916193226,2.85492635475514,2.21521941390859,1.96075086679457,-0.696658445836208,2.71851352915643
2.20216811184141,2.76701829969195,0.356224714261056,2.26790434786627,2.42419854368323,2.39545087964465,-0.479409155934036,1.52053574700002,1.61784947027559,1.69071480374283
2.07657790365574,0.392080565963471,3.0105945239187,0.454698727343103,-1.22693831849472,-0.1595381033367,0.85675640536158,1.29524425370588,1.81564299891229,0.611438793843351
-1.70525781413736,0.833652571919318,-0.622529419092917,-1.14891392038857,0.444225304468088,-0.488178048272785,1.43863612828359,0.974634556008615,-0.178583634884726,-0.0996234390615159
2.04905786547703,2.40970261606172,0.827614218302075,2.02716665045773,1.70823534149801,1.20733810994979,2.56207860447803,1.92653794887568,1.16732511520833,2.45862554910051
2.58439596635076,0.0491247762583427,0.203252094796156,1.42791763180083,3.04233977820545,2.3207094894939,1.96193236446343,0.899460165030449,2.85872194338047,2.13617159420238
1.23697798797911,1.80248142845966,1.99483525553697,0.880496209910414,2.64154660188412,2.19126615408152,3.02975969962977,0.399811009626292,0.611241691822122,-0.855757200715128
1.56561662778366,0.586486574909364,1.04887435166441,1.2131964672423,-0.0993265906505455,-0.815007451497294,-1.14721279243716,0.286111156036815,-0.277033044235808,-0.749778546312248
2.1470354600417,0.650218363669577,1.45852267412461,1.33722791219733,2.38215400647912,2.62606231619561,0.678199959680199,1.66298078228347,3.41795760595473,1.24617932329778
2.70545613561093,2.06674215001231,1.02076947200888,4.18232429956421,0.267273138025905,1.59673694584464,1.18493541509673,1.00548125995376,0.300550760284243,1.81848282573956
0.55612437134888,0.442139429031115,1.27671800282586,-2.6977437105347,1.10091009984382,-1.72243660430084,-0.456138069182083,0.0866661113460398,2.42604971985483,1.93083493799404
3.9554963680343,2.43576703268685,3.56758264359469,4.75686841045409,3.2299475800025,3.23316062933303,3.07502103256662,2.22896736191706,5.27487081176113,4.61197902156424
4.65920854547637,3.88054425821912,3.30714136370457,1.92673551807543,2.31880883017874,4.05695105795491,1.66665162779944,3.41883977970874,4.26303594758337,2.29941235210552
4.11340115904871,3.61239964069478,3.65711901068613,2.0645893452274,2.96820283768408,3.47726193361089,2.90383025213848,2.95728013658954,1.39097323111583,0.400010111117969
3.87323182578816,4.58508999046952,1.15164633369044,1.91633116736408,3.89401587158956,3.82343937570054,1.09549589987357,2.03531145876223,3.26731134957727,2.8552922703514
-0.397701137335899,-1.14508799822603,-1.67461077037716,1.11761752313646,-0.317094869262668,0.044268329795821,-0.0184082690406083,0.373886146376712,-0.829237744374436,-1.12859919210413
-0.329454536898217,1.58854909775975,1.86441522501278,-0.713647621962829,2.13690146573139,0.0137000306626205,0.300719810459548,4.51847810463314,3.32560071204016,2.3196684695153
1.30295177649048,3.41248418087916,1.66168847294723,1.92132470160528,2.02103950208059,1.0451300957283,1.25856995824652,-0.565159620022819,1.23879848557609,0.413467343470414
2.13883672972148,1.13574595474381,0.755547004550964,0.71423144881664,1.82274147851323,1.13079510441431,0.11679218872362,1.10873109057577,0.796999161626749,1.5850140586761
3.83824192012862,4.46151660205435,3.18615340595327,2.4573043790366,4.32345301634733,3.30666929069813,3.52134207731876,3.79502278023394,2.37614205175881,1.37153888200409
1.15750708177325,-0.423205782467824,1.56254213733226,1.00249290359662,0.946545482349347,0.282469709374711,1.15322591775428,1.81665652886756,1.65454865298202,1.22198167687393
0.711888854658218,1.19529997766144,1.0361736900884,1.80809827848803,1.44304732048557,1.22628409688581,0.836193080427277,3.31309015573375,2.06327769883006,1.88992539211465
0.188681634782929,-0.602179565888888,1.07733369968574,-0.00253209318043979,0.0536836998272613,0.198062324064194,0.772655297122618,1.90039094714644,1.20776804228597,0.333930337278299
3.29077014352869,2.75171086237533,3.49666943642309,2.14466159265314,3.38033361249407,2.37489121489447,3.6772631835696,3.08381145501634,2.31985003016373,5.22872956400778
-0.082754635395748,0.961030973902055,0.986086466168429,0.90961474513052,1.55345468456763,3.06970848156023,3.10809801620541,0.860183166851909,2.95537245386106,2.32625023109279
2.64475936498198,1.96311396101432,1.39287322335742,2.6967339455788,2.46085461503916,3.43381126839732,1.38952408435668,2.13629517227671,0.536135449361302,1.62325181197626
1.84512026545376,1.30954985728149,0.69551141212679,-0.021041192707953,1.07060725756394,1.40345080743483,1.24475947925366,2.71497478080104,0.423682907505789,0.459494136549513
0.690058348391731,1.32456902063323,0.546428099238603,-1.85201247483673,0.608775515097559,0.873526351960518,0.564475407918379,1.91635777637365,1.53127761701259,0.364616062067961
1.79363900192663,0.361639627198836,0.409488160558492,-0.330343107739085,3.3677457566071,1.21079856093243,1.73026025501698,0.715285891123233,0.436702124599712,1.47652724644574
2.28388610241468,0.64121572472358,2.59102262788939,2.04572188824461,0.237118270458338,1.71778217361496,2.23736348608005,1.47972310259993,1.89142776259889,1.75377892936817
0.868474956003663,1.00794475472828,1.41804711186912,0.261699053002797,1.88360469449643,2.09377184569065,2.7008452999701,1.31413710469656,1.83935645764478,2.84891109535307
0.352678883060481,2.61257617576252,2.06239910623844,3.57192104356885,2.33279536138625,0.765770355223494,2.27735413549206,2.85175815961501,2.56696501831023,3.05791668132946
0.658038609650692,0.499291380040809,1.82717918426719,0.810193911548154,0.864249403778766,1.00059433003902,1.97495095368328,0.186237700737217,1.79041322336862,2.27761931881145
0.483981851387572,2.3171499083997,0.731598413266153,-0.00391217807600142,2.47807994772784,-1.45657274585581,1.4624904736679,0.48350195078929,-0.955505112050634,0.893029588447826
-0.881372128423102,1.87591897255193,0.603030934689904,0.287765829667172,0.299289634982607,3.1200709891376,1.51752728534591,-0.481482048111225,1.0224358734129,1.10461483124909
2.04324122054321,1.37399109977163,2.57778073464593,0.809594928392843,2.02873221672595,1.91177922005514,3.34823947801308,3.54365725191378,2.20963974674974,1.22149962374511
4.38415728086138,-0.570937069255864,0.282225915732142,-0.320482677410472,1.43812324729145,2.46620183453957,0.599082070305348,1.2664027434667,3.58062818279501,-0.787643387025607
1.37446709987668,2.44126252836559,1.22864419721546,1.30762064614364,1.46873154600792,1.99509524870387,0.767818154092921,1.2255038603153,1.66228050118649,-0.240073865092756
1.98812270103765,1.63854496754426,3.64746426208738,2.27815862180152,1.51923661091327,0.679500457933543,2.45121880909591,3.49973039849191,2.00285164859414,2.50934854970149
0.68807192213783,2.37532772693709,2.34523863853328,2.27974187845981,-0.211052393523522,0.941386683555668,-1.30954873692065,-0.520065134000998,0.85911339299131,0.113635573049021
2.52937973113419,1.53469567158228,2.54854010600027,0.733211521330783,1.8573416951701,2.9091422709116,1.99372896913457,0.741903303377413,1.84528489281918,3.11262148799739
0.996007035902927,1.21831111605057,1.45836484240686,2.69366616287542,2.98331714674341,2.36660800475898,3.22607281817716,1.27529349760417,0.226536520382879,2.42438216451478
0.025435562422707,0.71396026855381,-0.268834123079251,1.30250909012048,1.04212947332431,0.136732734390191,0.299030658575451,1.16251588387266,1.24561692511214,0.169089920803724
0.939997567811029,1.57239899531606,1.7688889142056,2.31143223758412,3.62032058316223,1.9580627947171,0.773298759857609,1.43167054623854,1.25152813887273,1.53598079414946
0.583964142643495,3.31941728517977,1.61560578186262,0.187517081559394,1.8071793541418,-2.1962015630463,1.18464614570832,1.44358297938962,1.97206371542026,1.45693490872349
1.70906290354378,2.57673579391309,2.49485680377357,3.08743117495218,2.86768560623868,0.575295342984663,1.49141557588132,1.00187422473408,2.28680949101503,0.55276308346871
1.10955223569982,0.710016576999324,0.27528099051286,3.80755019083372,0.919285960720968,1.04788007378831,1.85450832214847,0.903568144112705,0.403769532415451,-0.222117037529646
-1.03293296444888,0.895331720582785,3.10680167171226,1.03959944910473,2.15077582958167,2.85422250636534,0.261876044220008,1.35144406857999,0.593719594862986,-1.07537705570862
0.575569124502069,0.724482552891289,1.38698593670155,0.669232955166884,-0.523390504734754,0.642792080905526,0.326383401245329,0.332858152402265,0.0629826777378345,1.72916266646885
-0.240365337625885,1.17045356499822,4.22501800825383,2.36955661291556,3.04603564265387,2.2366232710134,1.66921954496288,1.21988917213778,2.73110640160806,2.65531046220991
1.59719602540447,0.383796509458555,2.41110325972285,0.0767731011045221,0.600122074515967,0.672504339412523,0.654381611693985,0.193652705549012,1.51764454243458,-0.733319829728808
2.43305029294722,2.83322151176327,-0.564647658779702,3.031511054434,-0.513454317896768,-1.21043394620737,3.74996675299949,0.338667123212086,0.944141757506738,2.0792832121947
0.366958612226948,0.681255370873738,-1.11545070003661,0.133716538916205,-0.54604380991396,-0.392725697759788,0.537460421872106,0.0653429986603033,-0.682615364919736,0.23330414892314
3.27356283654655,2.20118472873156,2.23239528925862,1.64845596213797,3.26311776916113,1.97880915780405,4.00956263095286,3.74575220216457,1.9863968313042,1.35367617075194
2.16353987022892,1.61760939467524,-0.120211286542272,0.878768392648879,1.24924766284882,1.75564889286082,-0.371515649648313,-0.186953966618186,1.06296648017237,2.02961100622867
1.90818581851188,2.9211397628567,2.26790904281814,1.7115940768631,1.98607040144077,2.79338736048935,2.05271477019551,1.74625219291799,2.16838953702417,1.54261637059326
-0.830918338168038,3.85081860059854,0.700896404550858,0.769656149163519,0.903882315405733,0.984731479218788,1.16467769603872,0.393227661035521,0.881046853706958,1.12060250964539
0.842342354647022,2.00775508752815,0.732587900760246,1.2117117506167,-0.697233021031996,-0.261044813292638,2.12773683141805,0.667804506358142,-0.144630564773872,2.47637437608669
3.56062070637209,2.10346758301078,1.413493104214,1.54014035963867,4.06550712838734,0.836560490797833,1.94381114304655,2.6387540786581,1.59761239729945,1.20431227707748
1.43360023966005,2.38025567247656,3.03788408773275,3.26114846958901,1.61008299463849,1.67347952473796,1.83665365834583,1.11975450680938,3.44492262369441,3.07571831167533
3.443056653976,1.5141171321642,0.784190766291105,2.56581787618958,2.16519096189272,0.237352117265704,1.32793274189946,1.47213454736418,0.495258442349812,1.1737488353579
-0.0492706889400985,-0.517385175041243,0.582162085513841,2.37773973293627,0.960740960258912,-0.854656156936734,1.81187413693335,-1.49799422010502,0.541362532149408,1.18696474139916
4.9251601149902,3.340661438534,3.54140050747756,0.739678212147101,3.65329582076381,2.18701292831479,3.19194006907879,3.27336929432218,2.97512737504399,2.82516447350724
2.08973165541487,2.32943461053469,3.29622724940591,3.21865007296766,3.55799559783848,4.15613331524549,3.09173779052852,2.66833158067841,2.57135769953228,3.72271598685701
1.27997757807907,2.64821054728863,1.7254113550241,1.58265987024346,3.47614184248967,2.82500025074556,3.75288210181452,2.0805269203015,0.586679231284495,1.39668758545249
1.04631336450876,0.125131819025383,1.5813831426845,1.2032913305559,1.78206200333146,0.0888552469786082,1.17327750853929,0.804285293951561,-1.54276776408177,-1.24207109196672
1.98032555720763,1.69413044970696,3.91396061789732,1.15864172515987,-0.161701082891983,2.89009346011978,1.16535946241642,1.02188190719847,1.95590049779408,1.44426346102277
1.35607327256773,3.87588201977738,1.99039083267371,2.62392981682855,2.69405443997331,2.75026132259791,2.50379129506659,2.6901586435037,4.24188758288196,2.43878575736821
1.04015297290971,1.04852857002375,0.763762836532921,0.575382453959183,1.75598942952657,1.70346822954896,2.45291441307245,3.12196510875348,1.41358857995254,0.976798727291684
1.31840956856616,0.927733201593242,0.221809412932867,-0.0108229119927541,1.82126595343335,0.914583596296829,1.6106417267929,0.462509441157746,0.437327070975449,1.04354241163373
3.00461934426963,3.09698981355538,3.03444715094342,1.85820990889562,3.14398803037235,2.24689665561844,2.04376855443837,3.05529702676266,1.39966044257659,2.45065135000921
-0.0200338828779909,1.0066937260086,2.41946037493024,2.38846967177274,2.68326796275172,2.10583945986245,2.21331111940455,2.28764767719619,1.77964954945385,1.3399807771718
2.05717210011499,1.88672962782229,2.03186883435185,0.704864116884921,1.99807075099371,2.25730395099876,1.25342664670035,0.722045223836388,0.27613192903577,3.13728829675178
2.5182025242267,0.239947529334251,1.09272903011362,1.1452387014907,0.943057135115268,0.94411546491091,1.06192036105157,0.601530254914138,1.94815817729393,0.814585214654783
0.798051987328463,1.2112398956548,-0.110938749961991,-0.255517472523356,-0.221325641026235,0.476200173933014,0.692855741355624,1.15784291669867,2.54604901652572,-0.19638749931988
-0.202184192929308,0.658692651066908,-1.0307763783598,-0.731395143488214,-0.537656693441411,0.298289397091873,-0.0953136860328901,-1.00068695939953,-0.616363995301672,-1.68033765811927
0.12355539235556,-0.140636888555645,1.95746856083038,2.13057780497769,0.413645045720592,-0.600176917931169,0.0488806025057196,1.15425892385091,1.80800044147808,0.0959288978696254
0.93689450010038,1.93091510942873,1.87635256579335,0.903788167148224,-0.099657958857154,2.96264179870773,2.32003426956247,-0.463487332410983,1.2807771319221,1.45418493740207
1.28230028961547,-0.280751040608733,0.862793219333537,1.64990518904753,0.370023053057409,1.45813776205854,2.60833393557018,0.422993826934071,0.897550214701391,2.91654172723021
1.60432979890252,3.23512462499059,-0.851050297312398,0.980279012380744,0.277496687182228,3.87972954311906,0.528434903308716,1.61144749698098,1.12913648408551,2.07682228833665
3.9883547859439,3.4256849621956,4.6587614310984,2.1257746841825,3.19672514789377,4.37496399636116,2.26932666860247,4.39104080524711,2.99382856834751,3.53558910549575
-0.0350358533453442,1.636190433791,1.37749571669893,0.862610633181109,0.272553796629586,0.709804817450745,-0.575011580251262,-0.152653177837116,1.43840529015933,2.02204607104901
5.03270735775545,1.99145133035417,2.93130535645038,3.3582839853726,3.15758121519069,2.87882342714199,3.81466426709494,2.51313425261153,2.18082756993789,1.56198599033013
1.48770268386784,0.77184636627679,0.0802526485705027,0.964125689351359,0.482091517684909,-0.958667111586838,0.569890988563148,1.40450044542216,-1.71195167963221,0.315427257760549
0.320034196118026,0.300844377549199,-0.0673731061472105,2.46641800247555,0.439078399066592,0.619776943597595,1.24614742261056,1.9699427449932,0.135142280692923,1.22802584868426
0.725826512146419,0.708593218684715,1.84946119887927,1.59238297517696,0.194075532235322,1.39775795177281,2.16990441847378,2.8927770007252,1.95555945069984,0.77579480714351
1.09571532318263,0.649519765661128,0.319127223389619,2.15776783222094,0.0473770476985272,0.792798845472295,0.995403581659103,0.923297940145593,2.16426265284971,0.547063093001301
2.5322344351682,2.55914264531477,1.74276714263467,1.64198557582713,3.33721273611832,1.48217768489102,2.38542912282286,2.47159518590623,2.38744370276512,1.91964668206032
0.352924460656534,-0.606183795849499,0.153128740780294,-0.393361539778442,0.939317161633581,0.0564311456116981,0.200422991536676,1.75417227829339,0.411089809151913,0.752525655364352
1.96115449625377,1.00948708142418,3.20755952387825,1.09663914838611,0.626282555446652,2.88786635965089,3.09448239707454,2.2590177345854,3.09879854108885,1.25691948298471
0.844003517802678,2.15859897312327,-0.345717133358039,-0.548332519694537,1.34251647989438,0.521761615695476,-0.260439375823824,0.989521560968439,1.0378633333232,1.0686239091376
3.63622237862456,2.00865586335515,1.52543824576589,0.239082372783512,-0.257558237367791,2.44481227239422,2.20171675809043,0.866491902487221,2.57412499235026,2.45151994991386
1.30142555999429,0.318031011839762,2.20193622886748,0.48091723492784,2.3628183355835,-0.103513255176292,1.92409880595358,0.141598230028672,0.448006619755475,0.721233664635465
0.33224057578674,-0.619368517309044,0.0629684477175189,-0.772891710453769,0.64089256005345,-0.539850491254995,0.291887990953863,1.17514718781005,-2.25876946335668,-1.8779378353425
3.21091817575186,2.01533959434121,1.58120560937051,0.614465786351299,2.82925652242101,1.04611827139979,2.11325401461808,2.60262717503238,2.08231057004189,2.22066459656182
5.20079425055344,4.4033088027043,0.768988247222387,2.53717750213646,1.89239014668807,3.08625905514401,1.72487012634616,2.41957033602482,4.02410996212284,4.70767610290665
1.42901957988917,3.93358648769478,0.778779717976862,3.01735398366545,3.93713339579158,0.724323395603296,0.804932158384513,3.40492337787422,2.61629851337465,3.511801591707
1.86650617549704,0.961883884618065,2.30678384214739,2.74891516437211,3.55909601474494,2.0016454123447,1.2241133797893,1.04528328896228,3.31156164759199,2.06502118428964
2.12848738164032,4.6247243741266,2.5285583907919,0.853180496047747,1.57956552341321,2.77609471623937,4.46342167482614,2.30609957788874,4.08541627761711,5.69690701491531
3.04932510204909,2.13374383726954,1.69232052512664,0.993340692027091,1.23365541935606,2.72917995844089,2.48155705656254,1.62887618992303,0.027320291914261,1.79875676281516
-0.00354271941750484,0.954190091620015,0.777202158283831,0.0106194221212197,-0.571280464871957,1.11114905525506,1.71516705538719,0.608787213034473,1.71536919600504,0.517551048604174
-1.22115024350681,-0.819162839054784,-0.125365668128914,0.579765047823425,1.16511371335605,-0.430707241015956,0.212569493063375,-0.784814192129988,-0.40518644787703,0.787022816041403
1.59377105859051,0.742240888397682,0.187130619909792,-0.96911544156068,1.6941855917596,0.644684828967277,0.365592425480151,1.46067496508513,-0.543416387497643,1.03757413006658
1.30388467541501,2.68242974011664,0.143033116701406,0.370942340384094,1.35347979768867,1.42182989702454,2.08644243420663,1.31651725842707,2.37952748540044,2.56968660794786
1.35638511936845,2.50141110452923,2.50980866575752,3.26074250902784,2.74445769921378,2.8228156318347,3.73155509394764,3.5704027956612,2.96628386050908,-0.547953192033439
-0.132671230518725,1.96172267438159,0.721501915554671,1.686076022797,0.402248819068602,0.633878564799643,1.01455979845654,0.837839463591402,0.881882577356762,0.0496040829282665
2.0857409519504,2.70282191088819,1.57433985793546,-0.740918170923147,2.21757184484172,1.1449283772454,2.65010167687455,1.50710153547595,1.04659724727201,0.126468401314618
2.6988579312442,1.34377374474108,1.89671904294771,1.53621880851085,1.56045540223416,0.485661962348893,3.09970070564926,0.777496595647525,1.76180914532971,1.96113142798782
-0.0078949883955568,1.27515352902441,1.45189826929268,-0.300679727366587,0.843052597401175,2.15023709850218,1.20218748025546,0.474655191184372,0.58645074236988,1.16051894973815
0.482643391228024,3.41214087613896,2.68147587737968,0.670199421083754,2.48898597320455,0.988605921599924,2.07921431920005,3.75741897231938,0.624702017198955,2.46250988395157
1.11744620693099,1.36173813881101,4.0387856153996,1.63533572395861,3.44867769325652,1.2932765644814,1.78039734588291,2.23343569128911,2.84647033311323,1.57085793493782
2.52526884703294,2.64812524601026,3.37255392112779,1.6504492148305,0.647044475135145,0.304775293772689,2.12425846453475,1.5236783477075,2.93157397905207,3.84218589433774
3.05282909324781,0.782326323732493,3.68459634587355,1.09272166966176,2.7764296455274,1.33180793907798,2.08745897007798,2.73727346009553,2.24312714558544,3.15926407217021
2.5962106195114,2.44409356883594,1.42607297068663,2.61255186970912,2.10087753656709,1.09765838433402,2.58013079441503,2.35417162896178,2.51196188906723,2.93643291355292
0.496633421576261,0.976383982133607,0.45227831070728,1.68387240209453,0.579580355714101,-1.34664017251415,0.806326879866229,1.51881961798634,-1.30297409798122,1.87933649780076
1.84175204206143,-0.730138515432309,-0.114000591577486,0.691104335823115,0.402868949429153,1.70425195985589,0.898983311853601,1.91477934185914,1.23462346641543,1.70301059519473
1.62448188629429,0.338912979491961,0.165964808285148,2.10874807617636,1.43444582671029,1.75579470189897,0.70578187694047,0.731247445008884,0.12083562876346,-0.316590093453245
1.06164720224067,1.75928895759423,1.13158215195553,1.63751250042373,1.35625330102231,2.42404822568742,3.17618863821487,2.66035936850452,4.27449328723028,3.24527585571269
1.16828956960244,-0.563067746949992,0.483544033961554,1.36663163228938,-0.699082068115235,1.34337704240223,0.724423739994236,0.0624150512958521,-0.284471281146047,0.621584225213408
4.32250139324586,4.03666129041393,1.64026618832499,3.94364463627171,2.20769248844001,3.55834357176945,4.09820973462678,3.37190911061449,3.40906631388788,3.67949035961653
1.5288538099888,1.11852935368148,1.31889663259602,0.280111762571174,0.78855512588268,0.591631627697738,1.74038959871461,0.436880488228444,0.532338634546416,1.9137817431784
2.08219027253427,1.65722226164873,1.91961914320782,3.5961730653943,2.72092103775594,4.12255211181531,3.95653504936364,4.15051745325641,3.86634311595322,2.20831034832197
-0.33504297544852,-0.503542049907007,-0.764493770431315,0.445516476008428,-1.3674322809831,-1.05298695469257,0.645111228285986,0.412556657288953,0.468064401840395,0.573680682226444
2.74677092824007,3.13886425903071,3.16256252492436,4.5915519271109,2.46446999877614,3.30002240096679,3.69587915693596,2.11425272280393,3.47879443000194,1.93094156708891
4.50166994077028,2.02703983342839,3.16837668079687,2.87875450324893,1.9956302834109,2.46590631748736,3.19804350257156,3.80329555327705,4.43255696280521,4.79301552883243
2.02187207576893,0.359224801051546,0.396059080032909,2.07663339109114,1.9527903585781,3.88187928019884,0.115144301044521,0.659655512341414,1.17973565774602,1.84875712546534
2.20330956294087,3.12865207235067,4.08565060888368,2.72125759572603,2.20911176038883,4.31518819232991,3.13227450540107,3.11056041768009,3.66735990387946,2.53975727489043
2.18642623709164,0.506034328506737,1.01246253627358,0.943391560063434,-0.0374566560261582,3.00074279263317,0.199930360753232,2.62610831315798,-0.95068711055754,1.13082405555578
-0.684286950888077,-0.478703747050193,-0.496346009504985,-0.628409208274966,-0.0750670164011518,-0.317216121053852,0.766705214256272,0.298044039080046,0.42319477802695,0.714351396112344
4.74028148510665,2.437503975207,3.85430891624807,2.7412174604954,3.85002037621838,3.09265322923121,2.77272222418686,1.99101129137445,3.8177874906624,1.92779712106417
3.44539322548517,3.44041733552815,2.23347631696639,2.96032956127051,3.00090495768594,4.02261121972339,2.35415536491951,2.81071851140657,2.43817678255415,4.23346695269765
2.17218502740622,1.89891674680493,1.16727145092279,1.47729445562509,-0.251345691068972,2.68231146159262,2.39467558502352,2.62218066279013,0.27303805750408,1.94983479876409
3.65589086845171,2.62633886331372,2.72662460665433,2.4708129200331,2.64943530032727,2.42159390867079,4.60639550984639,4.25700107019842,4.55928140286334,3.83962995332114
1.83433270749731,3.09807184365662,2.02669856133485,2.00528198874978,1.20041062233503,1.51147340521244,0.806277464245212,3.19299063776098,1.35193689217051,2.28672135748135
0.156554141246584,2.69300786931676,2.01144939269776,1.48688030162717,-0.18298022341943,1.27699264613696,2.44762841055583,1.77529844898293,2.13236229570385,3.02580532194086
3.02565284016237,4.28568334112954,2.97777749149589,2.62648126503882,2.71908978740969,2.71037451967371,2.10281307934562,2.31149183893836,2.42317882585325,3.04033555571502
3.27790249538403,3.36424053534603,1.72883028874785,2.23098339943567,1.95185578712339,1.26921441152788,1.78401097011585,3.25442656221088,-0.551769164650317,2.75397058723052
2.05318228425893,-0.52587915462288,2.19946159458918,0.11097736517621,-0.315153819099004,1.75084978015757,1.47398341720169,0.900189708334187,0.705795385425563,-0.530774181212723
2.7215298848046,3.44535369905711,2.07846634701595,2.22005201816684,-0.0902709937680819,2.39191492232709,3.51374369641066,3.04299243992079,0.349661485604389,1.4643194410852
2.0947584605646,1.62528610061331,0.965477426375381,1.62963521877948,1.25954726982749,0.784647407504286,0.549698267624157,0.24836498193309,2.23988279735717,1.87094145524618
0.874433487059667,2.10455685796263,3.89551723583765,1.65910475346867,1.66816808451532,1.58861272524395,2.33846512252933,1.31429243119928,3.22390772517854,0.522560455907953
0.738940896228428,0.82204855161444,0.613411307396378,-0.191374584921522,-0.771730261575061,1.18628786406366,1.37713089385436,1.8961141263711,2.07836549442041,-0.197721875913097
0.24822176927292,0.397851435682772,-0.523572438408079,0.736191234462568,-1.2247639264673,-0.310418445885729,0.340968154789448,-1.44185212097647,-2.0519816395931,0.430736172353869
1.36040535798166,-1.69449293624351,-0.471999175488551,0.862123966789315,-1.86861337861205,-1.57301230716192,0.355324523036328,0.981965419873251,-1.99178112461356,1.17619930606574
0.635073735504771,0.850493695237969,1.34174648711953,0.945456920017906,1.23427717499335,-0.0313857324349645,0.106906549985803,0.700725702599432,-0.266590962382755,-0.247835476976065
2.66483958233297,2.11009335860288,1.65070019260798,2.20048783512634,1.8121231664965,5.48601846903093,2.25271355520971,0.868362931802632,1.56746704980289,1.61691032416888
2.73285667127339,1.22645177728198,2.96980451301026,0.807276733367114,2.56514668989977,0.495237456594902,1.63771898547294,2.06445810621655,1.50549787609535,1.99771461125439
1.88707103461932,1.34667753093008,2.34663764976592,1.82897639572179,2.80257347500702,1.30627613831383,2.05351499576832,1.75994059489679,2.09479498076623,2.14466223013369
1.58860419993208,0.745614440898952,-0.286468006746857,-0.0619170890443039,2.16562251989531,1.25009068654237,1.63078493181269,2.42735045609893,1.05686021102717,1.8507025948322
1.25768503171453,-0.840654923641059,1.65791847553061,2.18574664601884,0.118565238116773,0.902061140907954,-0.227375041233985,1.87693220639889,0.366053501527722,-0.0569225880248529
0.936546808692119,1.1268751282034,0.695094613233264,0.123646849092113,1.76571482370021,2.38392895108709,0.922430126937949,2.16934344858423,0.0327852086023359,0.188390433921599
3.46870210137262,2.52997265314833,3.541119705645,3.53667811059153,2.36983498868325,1.49273028127932,2.52859238036698,3.55576970719495,3.27319481099978,2.81487602814169
1.31409231868536,2.71723658607086,4.16193997540934,-0.188256184555907,2.1617122987162,2.11343767913571,-0.55166251768273,1.41037546530482,4.24380768744407,3.20022646831565
3.83098766474921,2.18465381437516,3.60223826029274,2.1442580948496,4.40063856674539,0.493259201450459,1.48365097311548,4.05641017109415,3.34170992106806,1.1387740131284
3.37411549518109,2.42572355410162,1.10477335840283,1.38297647150477,2.3882668325151,2.44721992321809,2.15949433001276,3.33598724430584,1.06292122300394,1.74111465817404
-1.16738383088311,1.06819255532905,2.14832646741649,1.88162797819912,0.0665457489500779,2.24362288331442,-0.163721943083285,-0.168260239170061,0.724683600930968,2.68787825728568
0.740474285852336,1.03632470691252,0.25588798256956,2.48233771433019,1.40554079305417,1.30726393434153,2.52145242282428,0.594718225091732,2.16399536662201,1.05724017155371
0.283858184214884,-0.996621105659226,0.727765689352799,-0.723235669070312,0.0364860340456759,-2.23024510825007,1.95711510801605,-0.0105218100487631,0.195199909360662,2.20067564691653
3.73964849772459,0.669726976357849,2.23998949006559,1.79134490459933,0.425499348283228,2.35233729896477,1.60834235100693,1.93215503510072,0.383639591662023,1.86174058406092
1.10330019736649,0.385429860974237,0.285963795742168,0.844467292484627,-0.313040502303979,-0.762638069038714,0.366786031204978,1.32667965941447,-0.116942941108728,1.41940749722487
0.25434426479352,1.97656897708917,0.5514806490457,3.02739194642398,0.045945428484085,0.395658325966472,-0.893291436649321,-0.472677942146611,0.307378145960703,0.229044346438029
0.0794179514410915,1.60129235468656,-0.247609765133649,-0.129898311542411,2.24941224324331,0.895296527968409,0.736733588939948,-0.75820002437779,-1.21556720772015,2.01576582581678
1.05696552610694,3.38725455635801,1.15295673538194,0.0133982248432472,0.448591678283657,2.28283268749321,-0.056264302943092,-0.121611278445823,2.19733524507937,2.03851415926565
-0.127753145069735,1.67955529347681,1.94580905303498,2.31512301008679,0.459357010371934,1.08340928364468,-0.211855140292079,1.72532652181631,1.91209301035055,0.961904534562263
1.49766136632751,3.7959762109924,1.37037834183678,1.66656156486229,2.13046407984625,0.302095636695116,2.37472678213966,-0.479308440740539,3.11853395882337,2.87378851943376
2.10893660051296,1.7464883303906,1.46954182442536,2.41822672423606,1.1557002118103,1.38469590458021,0.495767427190984,-0.00578026977611623,2.96391928968097,2.29393778229366
-0.381697608899732,0.352715772927784,-0.273329077691801,-0.720360874650833,0.299751227022429,0.137107582666016,-0.530244750619066,1.41135957745506,1.07623115781702,-0.203308952945044
0.679940334463567,1.80163997452543,-0.689501671043989,0.118724666437056,1.2823213498671,2.26142301298129,2.15215214228745,2.65089549622742,2.25306385055924,-0.474667592787792
4.44209382007055,1.70094342437229,2.46398415336965,3.11339856019689,2.33141621751796,3.07627989303167,3.16054261101457,1.59676088841292,2.44074162924849,1.39032084965095
1.3146095042771,-1.05749009734964,0.469622698974324,-0.222464375187027,-0.105233425417013,-1.62937416554618,0.136279736754682,-0.136169597819346,-0.642889554906487,-0.146501931679115
0.00297051002763974,-0.176534926710846,-0.411985144387784,-1.32404853624831,0.649511687363113,-0.799038145853305,-2.43439876496415,0.404757289505227,-1.57654455927519,0.714628006569979
1.94648301813097,2.28704481572076,0.682854009623449,0.727493326654167,1.88023590652397,2.07217178661529,2.14386506343498,2.41715343103751,3.22301227214742,3.15669542860177
1.39860917742143,2.5786746906343,2.13412550719944,1.60919048032029,1.58278308128017,1.47811917419952,0.946719675882037,-0.16786608269254,0.9610622931844,0.422076803282509
-0.82828107708947,-0.869170757072145,1.27247634486552,0.63223724022168,-0.29173443398665,-0.259334532948294,0.498898107167029,-0.0864807880134691,0.487630368723832,1.66058921176983
0.740410914412477,0.859868106603589,1.21020878079476,1.61107453911031,3.69009898699023,1.97786384853475,2.30393524449113,1.22722904739772,1.20450571509046,3.35183875503657
2.15253214479712,0.191766829914443,2.50401934439117,0.546255261362347,3.56634347769723,2.86570077271399,0.955043460413987,-0.135190541833391,2.97129464263146,2.00367784024284
3.06303303803655,1.45562896374321,2.30287155236092,1.47721894662151,1.39745677442325,0.962849443605377,1.90126136542842,2.83219165167241,1.42667431225021,1.74819046915611
2.10313242298803,-1.13635249774674,-0.285511798825303,1.89506481841352,0.580634590330664,1.6600273723354,1.58250017379345,0.198803093501657,-0.260908867864603,1.10543931145662
0.552691811021835,0.509158446771695,0.386381472826685,1.03380558595727,-0.171851119691006,0.0510498619985316,1.34623543116558,1.72734865303535,1.8755083771444,0.759201469706883
1.02123894053876,2.25657858766121,0.81997797678709,2.24000900109106,0.702302183518407,0.649804377238807,1.07107149834452,-0.345268073274265,0.62336992075845,2.13733824998641
-2.24537216352576,-0.439124309157444,-0.129809388542492,-1.44218694601491,0.337678005267095,0.539127244822884,-0.841037459880008,-0.888107480037926,0.384387695356731,-2.16781066320715
2.52754109630805,0.727900003045048,0.553336271164618,1.71927745179277,2.36141458080018,2.16676232289135,1.28403651404504,2.6141794489675,1.0764966286943,2.29753091053098
1.215464861969,0.703973788855954,0.731564344161156,0.955752304229998,2.62257056717892,3.25159301284991,1.73402651970926,0.944607299617519,0.980771508795603,0.340411821289576
3.32365137200643,1.49826151474721,4.42508632844109,2.87837995780749,2.66302125578351,4.02542521777188,4.34658519902005,3.48126069276211,2.35172844877009,3.75151202141316
2.25381599910661,2.10105304426199,1.34681214040782,1.32113729073828,3.23749682892834,2.89025405514819,2.250761703553,1.31127145191433,0.784794409391179,2.86883973587207
1.35517952688513,1.61264882204002,0.158779842890588,1.15632944543231,2.89582907393366,-0.918705022353109,2.04384279698701,1.01772537198934,0.535285759575699,-0.284271820534208
3.13602832419251,1.94264112367802,3.74780230925762,2.92790124834459,2.34527108359849,2.22592356131175,0.848768687301865,3.88699011982757,2.36616353562175,2.05049976481855
0.457888214961347,2.23247328218662,2.05839848994864,3.0428530391097,3.94462409235528,2.11230957583209,3.23532063483748,1.60781907583715,0.876385060027388,1.79853117728459
1.40998625827592,2.64808769013936,0.387285668464132,1.70438014700953,0.179564682213086,0.585769311315139,0.809125532919281,0.194949952353664,2.32549384177509,1.62823065346178
1.13251914416694,0.493251866831209,0.883924632662736,-0.762789348915472,2.37841644897495,-0.269986292905386,0.960940464659957,-0.302642045400955,2.22094927710356,1.42926648035941
1.84341945621455,1.49242649884811,-0.407740172816109,1.07934338897914,-0.043116552707509,0.369200491844239,0.201162553332886,2.67359969288704,-0.443247151135327,-0.0915811548529433
2.0906907488373,1.50083044680049,1.40020436626327,3.24789008319214,3.8504660796112,2.70856251614472,4.08325245299772,2.6224585864561,2.76870759050543,1.64028288292652
1.69088320848067,1.53653897217462,2.24544465942105,2.08908441876381,1.38225265504764,-0.0439361594745493,-0.62480824759385,2.37030692769659,2.05104440190001,1.75650647627503
0.436683993644856,1.83189908806716,0.417366914030481,3.07221659394652,0.281312198194701,1.22660309260323,0.197526722323998,1.41636987492347,0.314793199415606,-0.758816213080748
1.72478193237562,2.49583533930423,1.74347453284421,0.993507837348703,2.10111164308759,1.71860617405821,1.58062497182163,0.894513132374535,3.00664241024139,2.25656791397895
0.915922715650484,2.55299372521719,1.39337782854039,1.58145661706886,2.25814154035473,0.858830040382286,1.65568221479579,2.70586041458724,2.76126845924296,2.25982991935807
0.689879279707463,1.69948443430423,2.51158255755131,3.35171037175451,1.82970226324122,1.2099187390869,3.45428357693235,1.62589733012824,-0.712102592297914,0.822096638239508
1.63357975525673,1.05535368890925,1.56817361570934,1.6464311134235,4.01690512836715,1.01342980635219,2.21384392335422,2.80703778276004,2.64934789255334,2.4218164305009
-0.237334896330631,0.378069959150172,1.47729954661167,1.59669731740503,0.0710212179618891,0.670493384161899,0.568070278426143,0.731807116559861,-0.658822953888505,-0.324376724299133
-1.06331925660294,0.801053595307614,0.688177424536806,-0.711682932192695,-0.0158289716496837,0.206301709017675,1.40223691211444,1.03720416451889,0.622060284813285,0.832648312160228
3.17554569233522,2.54370987268684,3.20546843134166,3.42344775376452,3.22568028590712,4.67268056783463,1.9613350955351,2.74088400468476,3.19771491758598,3.12788167758251
1.576135713739,1.24294410542107,4.01185747250763,1.75544482387777,1.02045648856047,1.35030895246601,1.52938190376713,1.79940155056016,3.20970623147485,1.57789774094688
0.917156550346809,1.47600764526297,0.277936907885139,1.06985851999362,0.85029530247307,1.65597673232105,2.07650135967944,0.438545072484241,1.37841674240751,3.16274689681074
2.48871114261068,1.53120036692213,0.838067605856063,2.9618617672096,1.00928737956977,-0.242175739533031,3.48782500390428,0.736928222651366,1.39367671671657,-0.437040841926629
1.01970120311712,0.446724111999768,0.702714509274889,-0.52032201834701,-0.556675266724695,0.741941651772435,1.23077636697901,1.09619631933918,0.112965187684267,1.4413440414148
1.63560224263572,-0.228697843414076,1.10650781641378,1.4375673045648,0.819901725959209,2.22190804905436,-0.354678654239476,1.39052069017629,1.55877318886662,1.08001533145039
0.468991346276834,1.16654821556661,1.37259482329575,-0.0535932189785775,-0.299985962971624,1.51633007091048,0.290743769087977,1.75641073742421,-0.0926355282763098,1.77678457567014
1.2079625849807,1.39876836830115,1.42012872172744,3.08716715721494,2.09529971878987,2.25236555015701,1.7152715070613,1.30724258614117,2.27791257384271,0.741817589189063
2.78564037752351,-0.325070403600583,0.421099739992487,-0.212080846540988,0.684869066897879,-0.104815166931529,1.91516106915387,1.37307775580621,-0.299966031081987,-1.21565354027984
0.594373142851027,1.06135586481344,-0.0525598953785611,0.836054904226023,0.0158296060806692,0.435941800400661,0.622585818835997,1.11417034391461,1.22453265464061,1.27723074301985
2.01366540523893,2.36618665337761,3.33679659693867,0.415482074057177,-1.24287520325045,1.97418262287303,2.90251805813434,1.46007483713251,1.81937042831759,0.754417695047058
4.08895856799463,2.38833719460752,2.50619882314828,3.77870891838983,3.62035980075918,2.09447122279219,2.87679356447702,1.82276808622253,1.82801436818907,1.56298054631229
0.176153113264246,1.29255126557533,0.243190653639707,-2.68606420248144,-0.441848331038023,-0.828998352039865,-0.179108320261325,0.21719626259474,0.328478774529534,0.983401979692426
2.06762585449323,4.20182222520328,2.91737643373337,3.02165690970058,2.92685696782932,0.564694568746517,2.1507939601674,0.15971577519094,1.04464866388101,1.72410326808256
1.18154261578807,3.73361458112574,2.34550769790772,4.73225007698403,1.82365293143752,1.49639082638795,3.3440529336682,1.93333653097482,3.37875690145832,1.53841469834302
0.401441548546913,2.71156765578992,-0.117453430736367,2.34065303590627,1.08461035773524,-0.52112633709536,-0.545503382280011,0.833360141076375,1.77846134607051,1.78044479949098
1.93764117595612,0.0303840396748447,0.0332591284559109,1.62141569665128,2.54941254316577,2.2941276312798,3.50165564652212,2.50783923167086,1.97719948269588,3.35453870212915
0.829020328788151,3.97472197080998,2.6767685798764,2.23208390192366,2.32660603817436,2.85406457139035,0.343424194557756,2.38043925162393,2.03914514483983,1.31032934798892
3.37087593344279,3.06912935453235,1.83952166675225,3.17972392494466,2.47679873206156,2.66102303486488,3.04511737738992,2.41214916872241,3.08768428180903,1.810241503106
1.83299470030075,1.63825813149714,1.75480705545206,-0.142268108866,-0.179444375810511,0.613589676961144,1.39045863786095,1.12602059623326,2.04562863293718,0.969408264621857
0.773478617660883,0.507809302002237,0.838985031018879,0.529588560002433,1.38096525148512,1.00016989749215,2.96212832628978,1.2149797458689,2.10174411197345,1.16029754168371
3.0838614847225,4.75358432024709,0.878888908916115,1.92414624715186,2.2433258461369,1.67170322313088,2.74532612525974,1.35038353501239,2.75028920222181,2.77093463005824
1.77686494303419,1.7434457236481,1.91933957841251,3.04836992755585,1.1590086514934,1.63128985987898,2.88999448540885,1.25225021278179,2.2069864848714,2.79056785709748
3.71596597292717,4.38069185565326,1.429141694239,1.70538501459292,2.75036819724724,3.19467492781479,3.63773967704601,2.0443455015992,3.42098020725397,3.57584963493186
3.93571692376367,4.4798250956569,0.964073456421549,2.99462935584831,2.47258082495138,2.79230755918676,2.8793202934916,2.65645348920025,2.77864476377994,2.61568464235514
1.64737535940825,2.44780686128913,2.17503033888418,2.21774382411305,2.67155834814074,1.49320750111115,3.89636397302395,1.59985858026674,2.55188297207439,1.0473516742067
2.25520064214748,0.221930847750227,1.48924650652526,2.1241303623704,2.27508561094793,1.79597574394853,3.88452828609758,0.937691726048173,2.13756101072592,1.57834368980871
1.98621163420073,0.655586766543941,0.41810419828389,-0.840303868812477,0.657772433805681,2.36799098152998,-2.05660256748413,0.644662606983102,2.05229696789197,-0.50054544184073
2.06960806914764,0.871618203540808,0.726311415892219,1.30429356616588,3.06416954302388,1.60459320325864,0.537326679314432,1.4312760089273,1.58127671838475,2.51114242625659
0.851385129924529,-1.27256410149523,3.02159998401908,1.0237691245031,1.05981634082808,1.49931711755632,1.48307821590561,0.978142798096805,1.13733240882836,0.887591638836114
1.53549069854933,0.509630061974301,3.05331608617308,-0.173242844005587,0.737026481514267,0.786892474170427,0.820404244572365,1.6934123672235,0.562879150183718,1.90247030835142
0.751318833049886,2.36598495093527,1.19129173176239,2.13416108022303,1.66471187575328,1.86519894935117,2.59537783469197,1.5785959047077,3.21104205207288,0.78662002102449
2.01284634920425,1.81306013539976,1.45129344778049,2.19058183238959,1.77398951838382,0.62728580600477,0.103207468685789,-1.90773514929604,0.135587188749093,2.27982437371805
1.75463385562324,3.36082593872397,1.07060772665144,3.82915266659923,1.79918942138316,4.33519411314059,1.41241656685199,0.843192441374344,2.10769812010557,2.64736020578164
0.343772819953021,1.19297147355667,2.77544770201374,0.549255046353827,0.728357210229381,0.395271694403515,-0.728941235231886,1.7069373402119,2.49093762199395,2.10913466728299
2.60104769081936,1.14324961254986,2.03297120765762,2.55590718078458,0.490894965194356,2.58887539659266,1.35835653615422,-0.612532989308598,1.22119455399048,2.06963774999628
2.75009579351282,1.62309469654253,2.30301921138262,2.62434186768159,3.17316954248071,2.65633785514039,1.24818499020411,2.01782184293247,2.83211093919736,4.35506249150241
0.714668090960876,0.567348060444897,2.15219332498016,1.02343851678491,2.35343182578624,0.395987252751404,1.95925624570557,0.430966423913925,0.825396076346078,0.646732139873413
-0.130236286003667,-0.246563897193048,0.154760278475888,0.974189402032025,1.64686370309735,0.506496277837016,1.30113147520575,1.99457936476957,0.959004757058885,2.13297712782422
1.05123045870865,1.56285488757948,1.4245600795912,1.28170633101292,2.27263025510839,2.87281915077644,4.02476340849589,3.20110168470453,2.27419159780562,0.843529266042484
3.71544149181676,3.27966888325271,1.39656593990175,2.6222591259494,2.19386346499636,1.98037778848314,2.00583954201289,1.3477153689709,0.626813561321151,1.42971356733176
2.14102547454894,0.0732500512888073,1.69218304839129,2.31077367581555,0.793496425393018,1.77694005943764,0.722825293768716,0.601554168088487,0.0045484358173653,0.0939831609780656
1.88086014100272,2.99314425846804,1.60413238091326,3.70713520873157,3.66690609246134,3.48712066997216,2.75933006211386,0.950159073528185,0.113419849439705,1.26519649779439
1.43426717272867,1.7434689933865,0.325014449091652,0.748146624021486,2.62800679873359,2.89512236638296,0.842837931195499,0.737854770800026,1.72240799428735,1.80330441297772
2.00747619457017,1.46451408671381,3.60461946886266,1.81063687006609,1.19345225522639,2.2964566563158,0.303470610219132,1.43148342903983,2.88028905453285,3.51505195248177
0.332580971815731,1.91266648200415,2.32025260194965,2.95290361979951,0.705267069529099,2.18100932338019,1.31180019731037,1.78945442236881,2.13283533740655,1.93092852976198
2.49699237094301,2.71443942973267,2.06682083087745,1.85405953780145,2.53096075897002,2.57148012955743,1.16446799016719,1.74675209182404,2.76059837576142,2.76031112826083
0.610265720499103,2.58242414339773,1.89945814839208,-0.55713939807225,0.0632784867359479,1.19651373637719,3.60683557397638,2.51344363161968,1.60218189383946,2.3908288736439
-0.169809848993523,1.82709618569188,0.818597194056659,2.53831033845079,1.71957183967203,3.00552489219965,0.620213649634365,0.705643012334143,2.94286600421498,2.11387584911924
2.39318689792701,2.93116970196758,1.41516053237486,2.41313280246391,1.07535776424084,1.73776199423859,2.7344571220298,2.54394427576922,3.53087774567898,1.76697655206901
1.47261093944673,0.0534321346303203,-1.83927007420617,0.826030158296389,1.41194633752777,0.491953911028289,1.19488520254564,1.68644848028021,1.72651182979199,0.5370996367248
0.9370568335218,1.70795460772731,1.35829927941875,1.55794776177381,1.55800566216335,0.660910855198393,2.20804313524168,2.97886940763174,2.58069014930372,1.67078756051123
0.955317398941807,2.60232242512264,1.61376060689055,2.06444779048076,4.53318543031326,1.65653012577934,2.88587543880432,2.30260014386577,1.52340543334089,2.67352591232245
0.654787367054573,0.364371710471199,0.0545652190733797,-0.285883148887934,0.579244126449,-0.296136766464061,1.53951886226373,1.42520119690006,2.76900680268168,0.455326388760686
-0.669194509542762,0.315690695730082,-0.0166079500696839,-1.65114132489811,-0.511309828262777,-0.107694981074883,-0.545458799592276,-0.13008573863625,1.02174069317383,-1.05982873416153
1.04087593798007,0.57344825014048,2.42689363924016,0.404775323822861,3.38380667866584,0.936337076119226,1.31514799740294,0.586975710512397,-0.877268285748624,0.00707541815032187
3.34854584527099,2.03346831932336,4.57589539015009,3.25277862968901,2.42569075808002,3.37121313776265,2.98846591476777,4.00706719869907,2.58182101071002,3.27906500850561
3.23231424938709,4.21688831809006,2.23696445190538,3.85795841991309,1.53103657754385,1.35805536496585,2.68420007607469,1.77356005588025,2.86343371841312,1.89959249687649
1.74169474582245,1.07839663281732,-0.0539976941451161,1.0501233862156,0.26502947430205,1.7441273284739,0.541641147975507,0.145350946722916,1.55445097459779,1.89680042094713
2.64137898427833,1.24262257047605,2.5925337225807,1.38017857358668,2.56145148866863,0.50422368564793,0.0284872031371082,1.06798383168916,1.92651795522582,3.22618103953128
3.36517946122716,1.72743302380784,2.43822945110667,3.62985224369223,2.39445677864391,1.89982250428398,3.81677585604091,2.60362474328906,3.00290226362297,3.04708834762609
1.66482394405689,1.00736408251307,1.17909136584088,-0.0782890360207253,1.37495490662798,0.827201372867187,0.803290570300822,1.2040721463903,3.34409367859663,1.0955160186329
3.0094088397865,1.88594643318119,4.60984492797621,3.02517130653128,1.84698621866301,2.36602112390714,3.10542546032579,2.25524885700496,1.26277809069984,1.31223487817633
-0.195873409587088,2.11497963045963,0.140698509442633,1.15443981523563,1.1237643806862,-0.218757681145482,0.596422012095175,1.75292845333334,1.77803107240783,0.451146438926475
0.426588303577265,2.01988179186834,1.21764270854107,-0.33446224984644,1.04033962757312,0.0192626439417631,1.11042726414371,0.510979024661912,-0.366316987038469,1.20802125561999
3.74807912935615,4.00155948862775,3.24700535338601,3.27233537055727,3.69222840448066,5.11110742959415,3.02219066312606,3.00771817077288,3.08559607751734,2.28519473129909
1.58227930580536,1.2135459563905,2.61302301893287,2.76000148916343,1.92060238652294,0.444568051688295,2.23502375557972,3.03933974754322,0.722773767673476,1.81424136502041
2.34811453542503,1.30435229601881,0.0373067850313382,3.12935183409485,0.623737109058371,0.626590152494706,0.385328248028108,3.27983459347926,0.612713562923485,0.920484132944812
4.06954819159534,2.99251305777712,5.11067981348357,0.77225069749702,4.20084458116127,2.72825784577439,1.3816968914217,3.2149973428666,1.13885995850941,2.94643705981639
0.745122032680114,1.82827426736003,1.1889885845314,0.746817136995716,1.33202285756436,1.47163336925854,2.29732291330046,1.70654287462224,0.729645148851037,2.15114885819794
1.82669960190662,1.78100740451144,3.33598136636334,1.10788402118682,0.926839710244856,0.755842020058272,1.03738515373372,2.3011430676201,3.06545570682282,2.32590994536514
-0.663948303931965,2.84507903446627,1.01843094715833,1.99470028727349,1.88309058905261,1.05786256319078,2.11508097355673,2.1055514189548,4.28771983650889,2.5644691591923
2.23275811003471,1.57806440918681,2.194699777126,2.08733381232281,2.05382700947001,-0.247170104685482,2.07348054761444,-0.431745939782851,-0.988098094995137,0.759074143280902
1.67899160066876,0.494509230480982,0.790533008650339,0.453028993548245,1.66020111256224,0.652207557943434,1.83311774239749,1.88914140922828,0.228304642973849,1.17842371796661
2.8988268228363,1.46075030935255,1.33394141349665,1.90385369326329,2.14826172664467,0.454056751038318,1.31767020989525,-0.169498431857001,1.35926639195057,0.987875338433583
3.22509220738355,1.90363820203808,2.95075958537519,0.390516237899362,1.9169447463746,1.54760213543247,2.03282057984821,0.0910462200201212,1.07808474530641,3.03680186705588
3.35303893325325,3.6941898874389,2.61339477563671,3.62024492362806,4.49903709555682,3.36900403285974,2.82286457283523,4.39183224457036,2.25148396071746,2.97211658499034
-0.228277986274562,1.83714219998959,-0.522230515958774,1.17649130921102,0.47930306222135,0.884582749907079,0.996837238329985,0.943719820778973,0.885766788492933,-0.462299667957709
3.2144432955426,2.96299591602327,1.07504518827436,2.0535234407352,2.44467179760084,3.44042764549018,2.00710965637083,2.97200764404429,3.04100610458304,1.01083337601656
2.93021319195941,-0.279294747745249,1.24838417492498,0.314440923676994,1.91733462587951,1.18462105461665,-0.0521278579340188,1.08989057558373,1.15442237540806,0.947930565628758
0.65520150548387,1.68352390707466,2.08769651869517,1.91132234009344,2.12425351755958,1.24262414273823,2.2060588111104,0.379520670931657,2.10568745512049,1.46368007567526
-0.853309513805147,0.363781954387534,0.0332300216125053,0.292237176853722,1.13130751241601,2.12856840971272,0.0410689762431224,0.696839733307532,0.499787856184852,-0.531509199898953
2.49258908625048,1.77933252664621,0.765136651619309,2.59450942918307,-0.0738783602227606,2.52008639078695,3.28758458837977,2.52920634082723,3.91347670395424,2.41287761583064
1.35316746453696,0.453006117575496,1.21617599475395,1.04089331986009,0.526850833881933,3.42110174891081,-0.413603295719877,0.294614338810438,3.05231107572521,1.26668042962365
0.568919401045845,2.18539096226533,1.67794706247504,4.04029771108886,1.965080072086,1.74340319512034,1.16216775007309,2.16328573287038,1.67430992149154,2.332042175078
-0.493917373248453,-0.203349757897008,0.901902532914971,1.54045710621523,0.0351365784719866,0.207653258625464,0.415032210247074,2.7608513041067,0.39619174340845,1.40246263076949
-0.961140933734754,-0.614857209907542,-0.732287814019953,-1.1695759067329,1.24033280653696,-0.408306699873607,1.31471899563052,-0.359829300776889,-0.861082381922818,-1.65535116976809
4.27858387170457,3.9436739251807,3.36497127316762,3.2338108112493,2.90665200138132,1.88972280968113,4.08997134932452,3.43151283705994,2.55839071369963,2.4365129599779
1.9878702211887,1.35969819504491,2.63373112842123,3.33703328028747,1.22560037415685,0.0623064156405864,1.37932967461447,1.36811349535658,1.86614210042548,2.33519582289898
2.10143716228831,2.28598323413936,1.38214550582891,3.19612493083169,2.34679625445392,0.528855420369427,1.17199813310932,1.35262437908087,2.81799388137183,1.9516770211721
-0.0376355176037653,-0.411817538700789,1.14406106127616,2.68710043574136,0.365673503231292,2.31184516996797,0.823501121448946,0.693202141312359,1.80732890407117,2.55566084395463
-1.53158969160559,0.782645327688441,0.6591924015846,0.199448923519319,1.25741728412203,2.57019489734539,0.248566468948229,-0.684047283800146,0.399310478468028,-0.0161493414616236
-2.00119739093521,2.59261666367426,1.94582196352291,2.03111592678763,1.35950555325291,-0.070403514180235,0.054623928105004,0.344778501974348,0.515235945940714,1.48004214347782
1.17817050844895,0.771366917624275,0.401914489083859,1.75696422545557,1.09692940860384,-0.790829324557503,1.53436800264491,-0.73462314263965,0.605936542737939,-0.148012046837921
2.47911442230722,3.39648691835109,2.56978951807048,2.12737433972595,3.35688726984418,2.96360612613149,1.77655031266025,3.19623462514014,3.29430388212699,1.91428793301568
-0.407068539039277,-1.18257744634883,0.160062421769057,0.858017377065092,0.0672174397205241,0.233380135242324,0.689708394827671,3.122518864928,1.19950107754837,0.702812843191734
4.04116094163234,1.99067384604354,2.57181060588242,1.88348847938041,1.94313557481997,2.59217375878826,1.52068406724221,1.90260376417725,2.67542042234564,3.33475085132542
0.918533942968352,0.760447074595747,-0.69478055394072,2.84858676981341,1.36874687782933,2.11323903153811,2.78811977455595,0.4395023901012,0.312199806132505,2.99836647838478
1.1495153358103,2.21417832671493,1.29303429575374,0.414398999401307,-0.201886665591306,2.2368088278845,0.420743302112499,0.104881418031096,-1.08989249924873,0.840737042512596
2.67108666514854,2.20503852483777,2.52737923327028,2.79254332318612,3.05581998941879,2.10961297138738,4.17909830412354,2.38068123088371,3.46357221066523,2.5041017428398
2.72068451224951,0.377339366725332,0.898861332653489,1.67325000209847,2.2917303040576,-1.06530944968867,0.824609837873018,0.234395873341003,1.21262549556283,2.43886102463191
-0.726520791074047,1.58687804083331,2.46689419178363,1.55413401705112,1.14332740266335,1.06170154525199,-0.475221456367281,-1.02957741275316,1.55597766003071,0.654168654353722
4.3010037706413,1.44728083378024,3.07099157438555,1.4562761348886,5.21492474680265,3.46555529813624,1.84827232770109,2.24145449275809,1.78706306095213,1.37692050422946
2.68215606313055,2.21515547146814,3.63261673663282,3.08059519844934,1.71281926708766,3.51196463933459,0.515609239216619,2.22129401360886,2.75113084319654,3.44670348589349
1.21239342823371,0.126818008952798,1.54232510790437,-0.0902724682854383,2.27383552140053,1.89885697966291,-0.411315196198863,1.01661121006301,0.398455530824072,1.75442191753947
-1.35114721763169,-1.008255842905,1.41849244373894,0.701688072053096,1.21577597276122,0.151267101543914,0.31382778105691,-0.0278576756313471,-0.398695349224302,-0.736258051165678
1.28108479101938,3.08597747456613,3.39755792038322,0.756460062912327,1.14289410419145,2.25243092532734,0.870049950755077,0.0426433808962188,1.07717104428541,0.688512016701321
-0.207163537722551,-0.700901767576056,-0.870728111698318,-0.136550503873517,1.27254525339004,1.55887637396976,1.58461902619814,-1.34451372231794,-0.52305994795643,-1.20222868606801
-1.54400259658751,1.51566549273849,1.15308985706617,0.343399278529804,1.81627028037368,0.976564688391205,1.25607324520654,2.58127173537023,1.09782516030103,2.98564694323548
-0.199081236770413,0.0290441496145457,1.52880768785655,-0.750308901319901,0.226049460344326,0.0972059816459381,-0.322412789089981,1.06144610030855,1.17635592449175,0.366157232690839
0.925574791948454,2.91184231783155,0.272562805002805,1.67272917798069,2.97524243696216,1.48859429003746,0.373718449709508,2.1678529148372,2.48595768824859,2.46753390813558
2.09241692593058,1.64388669909106,0.921497040589616,1.80859747235216,1.1418761947007,1.04841064012129,-0.680805186758587,0.402344759964122,0.875034844513255,1.18038203506213
3.39991638285753,2.51323703528942,2.16562600627153,3.51210819575925,2.00443320870715,4.05129055826062,3.96633026011496,4.77785336350227,3.16559962851747,3.23882489641421
2.49665185823667,3.68568276595714,1.36894159517225,1.36711660320417,1.19393278752411,1.9255526232553,0.480036985567849,2.02513742539431,0.754355952733728,0.665138250435114
1.70698875224917,0.908986019982039,0.9683002309169,0.983642653697869,1.96688556071028,-0.109808609471344,3.22798348615331,0.784605458092525,1.51498086183196,1.10717825409143
2.347092185917,3.29027484003496,-0.404653391404117,1.60978236647427,2.23266713561663,1.26415402640041,2.31805212606886,1.53268527799482,3.07457484682519,1.73023534928486
3.40017264950425,2.87870754969203,4.77001792958707,3.47105126485279,2.76500723728768,4.04730465169905,3.46294349999184,1.06749748640221,1.74033776813149,2.44782543545011
-0.924006034720448,0.356704235584292,1.77270126550423,0.823434281228583,1.23104260174586,1.35398715426439,2.52247478359658,1.04679864722172,1.32286409932145,0.599084693022519
2.77951876449837,2.97174531389603,4.68887215032286,4.38861417722135,1.55874082544386,3.77807309142637,3.27178276332877,1.79403717837206,4.32588650547972,2.70052643502736
1.17124892882114,2.14901422240196,-0.35318063420013,0.708763590784112,1.10985674031519,2.26494423126158,1.40344361659892,-0.0702852564750536,1.35352606548038,-0.682046878561353
0.260718475879372,1.06911564236909,1.66796377510574,1.9778074270391,1.25250927021848,1.59883534441933,0.601552409284826,1.34972154438195,2.32339374130982,1.42098033504381
1.16802267787659,0.465365406815819,0.386519002347496,1.34624746588609,-1.28731255666328,2.98461647938626,0.857206752570221,0.657447638566323,0.87759072150077,2.48487501585588
2.64984232910635,3.28731801360759,4.30345499203938,2.53422754777892,1.99590367322996,3.15366686331812,1.66876591602845,1.43911888894259,2.79639770515489,0.477794101498669
1.81628734008308,3.70317183879182,2.76520512376658,2.17896927433745,5.22845155097165,1.45513738453462,4.94413513680112,1.66675045152275,2.95374570830766,3.18400833030428
3.57681822076978,2.92680362338414,4.00053878051694,2.67424269414317,2.78178288503096,3.28421651953299,3.71858590041298,3.77231202998176,1.63714993414705,3.02054015722608
1.15636535171318,2.96174206934907,2.67841675250196,3.14765979735117,4.8569990625041,4.80564295916589,1.49733002947249,3.37399771941846,2.62313376118148,0.854594125703944
0.155819034327115,3.72426855902931,0.983633921092422,1.93352409672985,2.57433678901066,2.48084168580251,1.46157559103235,2.29317200084172,0.553753651801838,3.7541171477689
1.60286813244642,3.5336501608077,2.03906170056872,1.04182569278482,1.81442909953096,1.79843044917239,0.978994177895636,1.84685320825294,1.34076024425005,1.05765910665644
0.938580273353233,1.52236496991827,1.31415057261207,1.66752643295935,1.44628435022149,0.189716126414368,-0.387785496866417,-0.0566310001405033,1.09426304526013,0.688337220918562
0.154792413107937,0.880669936382808,1.96396789377217,2.5052053681792,1.07141208486628,0.337197173120191,2.01340397434272,1.08482314194666,3.35847267337519,0.0810244346399291
3.12209390392401,1.23044900396483,3.6995605632323,3.03680756703112,2.87675823859794,2.04452247908713,2.34468149525934,3.43187939237351,0.724280392761059,2.4210055625845
3.35122404629754,2.23407205811669,2.60131122460776,2.35401156328795,2.09180439525604,2.23790080772526,3.31642410111081,2.27531975472801,3.07833331145483,2.62751409385902
0.531398626832074,1.20253803968594,2.25019639671,2.64616468478041,1.62444242165361,0.556105532127772,-0.238787750663599,0.871701030264493,2.06699431307568,2.42284631809901
2.73555762531735,1.62246423132451,2.57615091043985,3.75643872278858,3.06971265107972,2.84054853296443,2.20749636715047,0.850912929545151,2.72717703547831,4.12307268746595
3.36535239891878,3.11399777445081,4.35338203886821,2.83979408343694,2.34344554258472,3.89950701344398,0.963906467232028,3.12151852852921,3.38170341923965,2.0456061023104
1.86155100513486,2.32880127061733,1.31339546993671,1.31458166126403,1.46006258226995,3.42138614368724,1.96971269876684,2.71854547927094,2.10874951474168,1.28943764777948
3.45883086409075,1.01767587097445,2.08452022300573,4.03015823867564,1.23622669251851,-1.32458272909107,2.41662369754509,3.05302963812035,1.63454621905659,0.180040239874752
-0.0825008576063357,1.14111249798836,0.722561144999163,1.09281101047448,1.88076734595346,2.92700406791652,1.57348356671183,1.16148655320823,1.53459163874181,0.820340683147018
1.71744086603535,3.04290658900436,2.95901379223415,3.97323282704076,1.59788278780471,0.166539964500893,3.37774772730576,2.2328946099672,5.27268014370269,3.28789579109025
-0.134226485956136,2.13161724577833,-0.487085437656498,1.09763141432498,1.13319144432151,0.556635738747618,0.515852633921948,1.2406549059326,-0.683389702766208,-0.931107553357419
2.55394748007608,1.57639886735781,0.311681247730174,3.712447635428,1.7217397440691,0.835772362437959,1.53517247529516,1.75577592985387,0.506042318358474,2.24387196770319
1.86442517627977,1.89821301232988,0.836470223222154,1.13257705287801,1.41589078499647,2.07707950263523,1.45775728692347,0.172707510980988,2.20017207294104,2.38285253350549
-0.799626789831708,1.26399061120235,2.22289615334764,-0.297454446350267,1.41910866078547,-0.00819807086779223,2.17048040008416,0.757161377573273,1.91886410784147,0.349358829423656
1.23283117143305,1.27578123203376,2.27419152600624,2.69027635662627,2.01770833958133,3.53305725545455,3.30800313696331,2.49630716467987,2.75254500205816,1.47600894875319
-0.36153927563642,2.02088379878747,0.443937903784528,-0.298402037088122,0.935786310811113,1.97598654216394,0.857678057864206,1.42146096634924,-1.05748159817799,-0.0237017393035432
0.647686491939428,0.0757677648774068,1.87949436887251,-0.734954277541191,-0.0902349701791303,-0.19452725134896,0.65815579201036,0.481463794282276,0.158881553170767,2.64678253097074
0.472126865395446,0.757381925115382,2.37268316521076,3.61960233871232,4.12203018311334,-0.0133694606267309,2.00398659760084,1.81618264078629,1.23711922230523,3.77600430474406
0.380630530350935,1.60716176555002,3.39694219820064,1.40269125372576,0.2651112331112,2.12345597821701,-0.895870249829947,1.84135255428988,-0.653243783502056,-1.14103488724609
1.68880626561686,3.14184147701571,3.43349162241886,2.05400508864433,1.58514758207849,0.941719458581894,0.103786407992966,0.786873091106173,2.10758456818067,2.27532589965747
1.10974554632495,1.25482712154938,1.3296528092221,-1.01826865990945,1.35628177673525,0.020640872294501,1.18288410886004,0.355825972541667,1.24145651791225,0.416646556894653
1.12980107236615,-2.33934882518764,0.346067747147596,0.141372709066546,-0.171509131690035,0.924899595697641,-0.378002745303872,-0.163157487251489,0.220529753246171,0.379296144066016
2.12041849539429,2.9931964148002,0.987251886423024,0.212137541939087,1.55332139450277,1.89227312553598,1.22629431480122,2.48177451884592,1.03102284792739,2.25713269066797
1.47554800026808,1.44570657842206,2.52837260194594,2.0470360540462,2.2578297755742,2.9062133718626,0.614751034824643,2.29811472098841,0.782945040024255,0.341867113991917
-0.114094115772099,-0.141501409935309,0.02484476989701,-0.130380812728041,1.34659957067612,1.14507367925716,0.754391886719012,-0.327567849167271,0.808427996944242,-1.19394293917585
0.932821936377735,2.99588803951118,-0.658562847023945,3.72753924371527,2.17542276776027,1.5099968809958,0.149930941682404,2.91836653004786,2.88818795841331,2.68494910911667
2.29619782713268,3.66714859614992,2.24700129899807,3.91292582880025,3.04396332687352,1.43965793993143,2.34228311685579,2.81528826907473,4.33176207226928,5.18323398061078
0.997827565825844,0.548263993327169,1.91100218581298,2.66263114846857,-0.708642417903392,1.54185681168747,-0.649806683675952,1.97204446680948,1.93723108588004,1.49130776657527
2.30423684009911,1.36488076648741,1.72773174352406,2.66389652930749,0.873748463350706,3.26427578067703,1.81304180196243,0.103824249857116,1.59416845944826,2.76824005839623
2.10389734007889,-0.0333056176933604,3.56489222320413,2.15279444113261,0.475357673061996,1.5044913050978,3.13004971424207,2.78990261329438,0.109942802250467,1.41624522922443
1.39801605524146,2.66601456434119,2.32831548960692,3.73359122683651,2.89056711500257,3.40730615418885,2.94274403014116,4.3023293691601,3.60652392746498,4.72240000710665
-0.112055885754788,0.114037112894896,2.56661559230476,1.71930838299303,1.73622139904723,0.979693961442035,2.73295604255255,2.1034934241546,1.86248030900095,-0.610234268047453
1.97138889153482,0.272871084661467,0.286812364685995,0.928740000002965,1.48972883059069,1.72194156725195,0.0547478527608486,0.941699322435039,0.93646236744632,2.54164077986841
1.61161038760017,1.7528034927007,2.43486683537759,2.03695940743382,2.0986849701632,0.310640720322689,1.00337151049405,1.06096459894445,1.28256977653315,1.56824723601523
-1.26320165701019,1.09996258472762,0.443132924031272,-1.34986508316995,1.21150559372649,-0.0564871707942281,1.9837509295134,1.05784179916586,0.0946257672386219,-0.724688386364906
-0.918772364726659,0.864782779912851,1.56293490880457,1.40225787915136,0.135314853950695,0.310298600391659,1.29303396993638,2.38389089130256,0.4156730801127,0.905706703175699
3.40934997155201,2.58721643253792,1.81295388497875,3.69187194897679,1.44490527306632,3.19010756509865,3.2149546225999,1.01966518669741,2.61438560374803,2.61121668539028
1.54996531181581,3.35107092615471,2.0744757467742,1.26946786791692,2.61325103430692,1.92134333945098,1.07519525244576,1.92294172034505,3.24307608856191,0.350097759462736
2.20134332732172,1.84024752312797,1.50234939262338,0.608397572566117,0.125423672272269,-0.191975085367334,0.585263929973973,2.04321621638668,0.517636272399316,1.45862692752784
1.69699635305721,2.13088424324918,3.5623323092202,3.8543412517217,1.06036186322203,0.512749886012577,1.92014384907114,0.994041809833967,3.11500980910965,2.23336078489323
-0.687779632050165,-1.45765431336356,-1.53565136808488,0.661551057613844,0.754231476024773,0.929655303150809,0.252187464255772,-0.188742567232257,-1.29879183886278,-2.0078794225006
1.14874509366304,1.59259390691689,3.49067416656531,2.489472067638,3.86129635160174,2.74312989161268,2.80870221771597,3.06044673589909,1.34944737687542,3.47131701661616
-0.224175008639643,0.245198028764942,-1.64551205911416,1.60188327005634,1.01968588288211,0.0475969164905494,0.174184377411179,-0.601183107681201,0.460307871863233,0.812540080368366
1.72795754362345,0.0879469035767854,2.31699833476472,0.447535646755016,3.06066030438731,0.00897456661996732,0.834927074819157,0.937636167945145,2.17069028423675,0.844022330822555
1.28735094222557,1.82285378232763,2.65903351731601,3.01837980635418,1.8735731104198,2.26275055605089,1.20498211489718,0.767513866073286,0.536917681663974,2.10283602131439
2.28388721272529,1.99853178277874,2.10552167877763,3.16347380886144,2.52115498034148,1.99119605078291,-0.720835544945639,0.646562175208264,1.27839154198808,2.0128143640449
1.79052383875776,1.87797939880958,1.84732506603241,2.91452749198779,1.84987339989414,1.30972532447409,2.21114296752407,2.40075544230558,2.53346584216343,1.93945892408662
2.0409887013224,3.16582696582804,2.63692052634704,2.34222616529712,2.6015543665686,3.07602353206713,4.72532277574253,4.06323235169053,3.6740709347968,2.62959265571406
1.0029571611692,0.878723355815738,1.1703487798615,0.862900369696168,1.01677395944729,0.155852730600055,2.31470301362188,-0.0886804896832225,3.0341604660342,0.885076362260955
-0.741496012995378,1.17901324866817,1.7480227537341,1.35198269147542,-0.352545178803145,1.48717162399101,0.964421862676256,4.17068480287793,2.44666022294387,-0.318758785990927
-0.316082367078641,1.37574603430466,1.48461117680383,0.854793470067046,2.63842737677885,1.81246684737462,0.0170160627345822,-1.96583823319931,1.10282664549069,-0.251382650857144
1.3425851286003,2.24727853805266,0.489348980083004,0.982604742632402,0.941464278381167,0.564942070113474,-0.113658358252553,0.821335847651825,1.63959124331573,0.698257906817952
1.6199194309727,1.80749259497846,-0.432339810051684,2.54724897730856,0.46294811344373,2.86158140466608,1.97055434306083,2.47504733624961,0.404130362817619,0.0922845178353124
2.18581020238006,1.548917417787,2.85340898637997,4.72975984444687,2.6373359289809,1.6069047308463,3.43089565716183,3.74574183709056,1.55683583014374,3.20324241884558
-0.749924034001562,-0.309954306530265,1.50744997286972,0.759745208928322,0.977722570358672,1.99198784205837,2.17565646180108,-1.18657948549025,0.55245063358092,1.42765633849895
0.961320914995381,1.06257851557681,-0.19768541700158,-1.05095669116926,-1.472199237502,1.81236871500354,0.448773262963552,1.34190038074663,1.80244329657101,3.65895348937355
3.82604465592201,2.15327697070483,1.71852429100255,1.60541405981249,1.400529303142,2.12272276528699,0.931900670226368,2.46089795224279,2.75183681716381,1.32777525336457
2.26899212926398,0.298489386001783,1.06660075599908,1.57449144244854,1.74771590589735,0.245435096658505,0.290847240670721,1.66745558617487,1.48534910757698,0.444326327182545
1.6790373609073,1.31826379567656,0.0693736912014716,0.0955996118797231,0.376133310764781,0.889012630053923,0.0868727444993801,1.86239176455575,1.90113601034523,0.16791971504154
0.709568132626442,0.611998380949576,2.22211592033391,-0.667716712555768,0.138538534456528,1.2981048769805,-0.32502439986772,0.517445346804142,0.383753354673129,1.27751051502202
3.72041028053738,1.34129336233235,1.05779020965053,0.327225280238732,2.10645327876465,2.11784448773141,1.62099583427106,2.18261607673912,2.1082647726553,2.17629957477767
2.45438422048935,1.80203790938255,0.872887009549861,2.41792098334896,1.83588328341753,2.4377729459102,4.39620245394486,3.31342545658893,1.68804615400168,0.673835614395681
3.33827897002103,2.71473030956349,1.22591397694748,2.86440657965604,2.99548673019977,2.80434009928827,2.08285478010669,1.74261424518201,2.82472167599392,2.79239264288851
3.87193295532644,3.83645501724803,3.05916648817363,3.37804010786603,3.90925422057308,3.43148668054937,2.57479522094323,3.55363192044839,3.24088774770454,2.72420320740677
3.20584041445374,1.26999178641869,3.45655033051762,1.47792762132353,2.3183938903939,1.34357129599426,1.90620936626677,0.066113226096004,2.31669644417022,1.15994720463748
1.01766608683852,1.08688034730781,0.00470099689387848,3.01934200958651,0.826024863983017,0.132961545142186,-0.432454396667663,1.75832819789311,1.47600001598284,1.44578017554435
1.99162347626002,2.5090976984775,1.20660603078458,-0.682961035676526,3.3716814656506,2.82756479812996,1.06287536165933,1.39418548998902,3.08497653323054,1.93093274977492
0.656222363354876,0.600672458571842,1.79959586279625,-0.140187619391401,-1.55341041515998,1.14627798986567,0.71786861591403,1.59397685106815,0.776407965488983,1.24117814984174
1.90772883035449,2.04168095893001,1.99484669116453,1.76750210742017,3.97085984662406,2.96461883378607,1.38297063691274,1.89550947126293,1.86880617859825,2.60186570429507
0.684432761898581,-0.491622561909874,1.46492575424705,1.02580165384286,0.831280024628235,0.447572365638516,0.791022134770083,1.90002858249757,0.774325429493233,0.754332556524157
3.27571526087328,4.57160247593768,2.45325047876653,3.8166424145407,2.48804852846807,4.34899335871449,5.13317811734899,2.32091640879482,3.78662071908207,1.54804055458196
3.54007057844521,3.03991158008488,4.65159674246781,3.57449378584337,4.49715276594975,3.84986313168155,4.49317209611759,2.7395708143439,1.91392955777457,3.95949122414231
1.82380287049246,2.78798278255738,2.15666633988168,1.74995538054992,1.69372561217025,4.10594472758896,2.80112778295033,0.509232658558236,-0.120185492687034,1.80300657270168
3.47868961579171,3.27551272974821,3.56392061530322,2.65098680306253,1.41477230528494,3.44763766412609,3.93343248727129,4.41662184490059,3.46132114124373,4.33056675550518
4.3875474450421,5.21431809832576,1.8194612456377,3.25937836221262,2.64960238533913,2.80394383944082,3.76417444436456,1.71087496430176,4.37936041821614,1.85464260981814
-1.24685022119076,0.176288494554215,1.89168230929924,1.97114790454432,0.326672019796175,1.02333645311979,2.79953768471926,0.385491551046185,-0.466416860102984,0.638382936373451
3.28118872799781,3.18039109723833,2.27182042840736,3.08688864904182,1.74332666008077,0.705232626424323,1.6744381436212,3.49813636875821,2.19580174087326,2.09694331928671
4.8038030666059,5.66791375015872,2.51399735964046,2.61822290240478,3.33549886980601,2.01594843471668,3.85809355160827,3.11988405145298,3.63726193856265,4.524074469141
1.31105428737964,0.878819033979283,0.988560601408355,2.19081413232342,0.716517902554044,1.00281744505304,1.68910631175511,-0.358502579797121,0.333462978174385,0.659095274960399
2.1172917345725,-0.256474992315932,1.2406121831897,2.21620965541695,4.09924491725713,-0.491069708205932,1.96290820556036,2.07207011277117,1.91091473737314,1.15987816427354
3.09855212058807,2.30919055194743,1.28105760897669,-0.0316454103472736,-0.429813387038879,0.898327216319492,-0.0850321009350026,1.6257326652073,0.0295727912226497,1.20034963533858
0.500406648138073,1.41279772722195,0.608750859497421,2.57583222163384,-0.282405584466571,1.22374399297136,2.37443694012412,1.06641409502689,1.72450262213886,0.280562899309074
-0.91384492267635,0.991898889407675,0.749147876317499,1.95469827866224,-0.517685355571275,2.06883019985235,-0.780099074625978,2.68827989727365,-0.580246895321135,1.19993132632743
2.13616500704467,2.42670633103664,2.0327141648105,3.24340090708026,1.57885962157013,0.315171576317304,0.793580271549158,1.98535841640238,2.92012111833784,-0.0956385836338431
0.979596623699308,3.31770343314406,1.0402152478987,4.00105531598427,1.91511929783828,1.68434014529157,0.994547146773182,3.61306553226993,2.58907667155782,0.910847220990342
-0.337942831991606,1.86105593788882,0.20343661359407,1.22958719320972,2.6148176496675,1.82324987628532,1.15653815655238,-0.23588527897119,1.30027663180139,0.742950143730959
2.37310664704847,2.35334566052536,1.99855685609583,1.40221176219342,1.6745972658415,1.2460806854337,1.87351845033278,0.587475753895483,1.39138816074905,0.914157499903302
2.98846779798807,2.33419985167041,2.89489310606368,2.21601912616735,3.19341687029858,0.980474645990157,3.92495835589802,4.1851552246081,2.20414174891649,3.70802072254234
0.579983700313275,1.52866900104088,0.402846220199755,2.23897405757346,0.597297044569154,-0.955280004879239,1.47836547247992,-0.385825127388834,1.21633358753008,2.26788924423999
0.645932713340087,-0.390869190924512,0.0082616201961536,0.294390663013863,-1.21579339566023,0.880215773313799,-1.10213508814703,1.39136635181142,0.135486147823952,-0.383156682038957
4.27974347413368,3.56257901175208,2.9602665279276,2.49461129610291,1.03467571470105,3.68486602327135,2.08464142607255,1.85119478136447,2.88779451713087,1.83136697979065
0.960319989624617,-3.07086511524309,0.588588441401001,-0.188735276022534,1.49631992893849,-0.0161878877357864,0.422792347868674,-0.773776753333737,1.49216076828545,2.23573568381029
1.18842820712921,-0.589485763600614,-0.945136220978046,0.481794126899936,-0.215117442313242,0.519018339375497,0.757239015837007,2.23460009600202,-0.442416563005232,-0.835033898721934
1.30336733141549,2.0342087102951,1.58873687084726,1.56222433228928,2.27896922709381,2.12094445797364,2.34279696597426,2.23391713224077,2.48411682780635,1.91025702928545
1.06398701123589,0.252679567423137,-0.774698467545053,1.48973286181531,0.984251965147674,1.6987766583512,1.81100403863713,0.972554712688471,0.141423445653867,0.508872138750603
1.04723565993376,1.35173916726565,2.04766814145886,0.745018773608946,3.13004748376533,0.332820300136999,2.20227719719288,2.05036143428456,2.94742705352541,2.38939505196509
2.63329891661378,2.25776291376052,0.676464091048652,2.34087393162202,1.72380941395193,3.81854365377461,1.76735700683526,2.61270220762711,2.60105956109698,2.15658043578463
0.871299007695986,0.577255903086944,-0.746742337263171,0.35060685352722,0.766051776322943,-0.882308204903322,1.49064091620743,-0.496279668526256,-0.680206537451107,-0.272113952309202
2.32564238645905,0.438068486988755,2.14379524881134,3.07631048437357,1.52839240236957,1.54523284806883,2.58591270725819,2.13464010775281,1.99077910216134,0.980467780881967
1.12129049116592,1.02981724452009,1.01327305748655,3.33130658592308,0.934937277209499,-0.923844446585521,-0.105368787357943,1.47792452873241,-1.48389692378252,2.73805058909256
1.78007790383003,3.47051767582602,1.87036767589054,1.39744962945266,1.22827245234189,2.08055439572869,1.84115996309629,1.49703884577877,1.6924145122397,2.0009941991103
1.59542755893196,2.40582340746259,2.55270105723415,2.76439313178206,1.99236209968919,1.52152856507679,2.68891455036293,4.743975590498,3.91417654744109,1.57935454447546
-0.751333183823442,1.92625961952898,-0.118050708545946,-0.12168393011527,-0.822994287255482,0.343810076154728,-2.15106431728611,0.632296374744189,0.0876512204098005,-0.0594686731460452
0.199363916837018,1.42172825399684,0.174668497070882,0.849765170303402,0.816057500607797,0.0530657993487453,-0.580171692533915,-0.843218202152816,-0.870734094957161,0.885179243028598
0.841371567493947,2.09005670744335,0.230451285340626,-0.279224837015714,2.4932431095561,1.14364392777638,1.12826641993716,1.33519015233154,0.871644496281898,2.00592042115452
-1.06130385069413,1.64809471934088,0.223364356436926,1.33798741923932,-0.615908931808155,0.5149906659304,0.394042893990634,-1.63470626994937,-0.182970510285776,-0.274825088175324
1.78068096716186,0.537325022539302,1.77813199557404,0.76791119154911,1.22809494933357,1.04580602861695,1.61221675578675,0.121007290392764,-0.651767219077839,0.210291514826575
1.64064764523369,3.25620421926118,2.37132182807383,2.85223572315772,2.33139630470795,5.01326665594585,4.11431435552514,3.2022344491501,3.83777655021258,3.93814439313112
1.6528620792928,1.87370897678758,0.687276278379642,0.208164018372952,0.377520194454039,2.81346883688513,2.63301700324428,0.792736772844114,1.18334473469581,0.878767709212265
2.86252818220396,2.64624362578661,3.03662185572552,3.34277189608961,4.7976849793908,3.76990493125615,2.65241401000314,4.54060771476598,1.94862510515091,3.72487724998846
0.886902189614405,2.05212503758358,-0.319008265789762,0.831539037155534,1.55061872181151,1.49998965493062,0.671304459883793,1.60971251500693,0.176784168865467,3.06414825968799
2.27023738925424,2.33723046860197,1.55227740269196,0.604893451345137,1.56647531139102,2.28571653073226,0.221355189060516,3.07382475643644,1.7989266569039,3.36901124662703
4.8036103991448,1.17064008869574,3.62562605380145,2.49052148057667,3.73723900554338,3.13728199736879,3.20326533763119,3.25878341536173,3.18781961903034,3.41806864495482
0.247561692538997,0.684252960087677,0.0362924543292834,2.55576998402017,-0.286805576884553,-0.74019731100912,1.81751824262029,1.86632495086525,2.87345996074617,0.746969740344251
2.53439462551974,2.4483389790238,4.39120607083728,3.52195503644964,1.66857411094681,1.6061766234117,2.62227010749913,3.38562598621103,4.06428658582008,4.58863798602907
1.9220666340594,1.98798081790994,1.9391935623063,2.1096015248695,1.88386562295892,2.38140198472435,3.60226428352845,3.71033087538389,2.24979661545004,1.98315573129659
2.05706443133279,-0.141487848100949,-0.276883892248449,0.334635050002438,-0.0493877974715426,1.74492047720987,2.27100277894053,2.16648506516445,0.607586640367779,0.107335835015752
2.12265097930077,0.72184308967802,1.87429767146667,2.23765579126002,0.502002518211085,2.64744383937798,-2.07062869045328,-0.205083228309291,0.500916682468595,1.26139169805142
0.844673535726145,1.65308434599704,1.43621501458029,1.28387696870352,1.50599987913027,2.54555243165609,0.195066938037788,1.78905060609407,1.85490552678842,0.649538815395045
1.82272470116341,1.44581563272824,1.89328706590805,1.95685596562109,0.908584174581906,0.047888312448861,1.74673762375613,3.36392667741269,0.441085644545541,1.39839208304348
-0.982337145486454,1.40179760978505,1.40898083030427,0.506852086524562,2.21320424905528,1.02322792236588,1.45500265258936,1.44023261824133,0.0129580495426656,-0.142423836350388
2.76185232887243,1.34567390926438,0.657101545395754,0.766767460147752,2.59280136714128,2.97596846640803,-0.089615840868762,3.23176551520001,4.74233307249708,2.73755892475401
0.72023980205465,1.98296583793295,2.00792402412604,0.235836298290472,-0.01684046094633,2.23895467143505,-0.539775331565891,0.579354280045954,2.52881475750383,-0.367813643011791
2.00699094657528,0.716259708813602,2.34765447203554,1.85088078575788,2.0908037872389,0.719780755383619,1.2727974682348,1.32735969631654,0.291033277742576,-0.351740936685647
2.7757818449589,2.64369330552546,2.19309242127513,1.19680968697998,2.44576314231399,2.77021855994072,1.8608068082358,0.168735638003633,4.33275398107637,2.81733611341978
2.71053075745143,1.09199641740451,0.591452992993658,-0.230592911143773,1.42107580231165,2.96549389849725,2.62046379536014,2.72278918926419,1.9579861445933,2.9883008829711
-0.953276295998614,-0.466421422853852,-0.658869003617818,1.18511493341039,-3.67012583070704,0.799147212842758,0.905956844937642,0.778655208352525,1.19357212607431,-1.84950029143458
1.80467482515773,0.774879854770754,0.896894872096965,1.2536360422886,2.03526624040394,1.93881991991381,1.83319851843285,-0.356698040193675,1.56960276604923,2.24492010349758
2.46773247985699,2.1532941078587,1.58985149383792,2.24191560559933,1.0741553881629,2.75321117050935,0.67734830456499,3.90777957926998,1.8857238762398,1.97695821377161
0.914432517039554,2.47439364343611,2.5390979718629,1.75710574774483,2.87459388128503,1.48216087291039,3.96167115758227,1.37876483695158,-0.348017367843943,1.8094793182809
1.02354954346612,2.47094555641268,2.10812511464975,2.5578094329724,2.11377742940176,1.38945468970056,2.38629517177864,3.0054749984029,2.08086696363653,1.57471278061984
1.91321212566865,2.40950734147713,1.63266685167197,-0.16628298767721,1.95957417890833,1.30972683753304,1.52784080109915,1.1643150949613,1.94218702278333,0.762261989510137
-0.486906996662285,1.72453717075083,1.39832178898575,-1.93407824187056,0.0803030312941371,1.5358924498083,2.36485707664477,0.53538363491854,4.3657655940461,0.223597300407786
0.198402155281611,-1.57594441998157,-0.189329178219495,-1.22907325857937,-0.661073070454292,-0.459184499188938,1.7741285018195,-0.257125613673455,-2.6215405685822,-0.171445901312018
0.916824348342252,0.420172744456064,3.53731124319335,2.10246343261217,3.01560183996083,1.64906557921489,1.30094882176442,-1.38388301364971,1.54559495583224,1.72005029398154
3.43891603165367,2.77463766969405,1.04482091054994,4.38889157545944,5.11367992349493,2.08616390893432,2.60654527504526,2.3113144360721,4.21679085778726,3.26214731289737
2.56391665035699,1.03924076538823,1.46513875715342,2.05267987146782,3.77176651312295,1.81839689928897,0.765216030000232,2.65955602560061,3.10694366460127,2.94116563499265
-0.470143814854302,-1.41391355131666,0.305724837766473,-0.159330576289215,-1.29253239177994,-0.541968795230716,-0.0535126405225403,0.598740238081324,0.00942716138794122,-1.1256329876838
2.07678509735406,1.34746230276803,2.13209879171358,0.892602917758818,2.01264545521262,1.02274430730927,0.781630494257066,1.58645868324288,1.73745919189336,0.30233276856075
4.45295594629642,4.27326791735761,4.48114001596727,3.29545598750815,2.48322220196535,0.794966720087606,2.88391928308386,4.73691902100125,4.01780090851956,3.61449129142361
-0.999780711549902,1.0102950688143,0.887613902650538,-0.842740633612833,-0.667395127005756,-0.969930517887323,-1.59912238010225,-1.16176858326628,0.873227323535661,0.24904171759927
3.61414407867515,1.86429653229498,3.71548118425764,2.1346004360606,4.53237405567659,2.56402464832281,1.55527738991014,3.76146202875641,3.94694041516055,1.9745496655309
2.18249707467961,4.68930428772614,2.45207644970834,3.13682550331624,3.40036922895896,0.00247572283819864,2.92292888560104,3.53554040985728,2.9624468400008,4.34380866346861
-0.559925220982583,0.546593117221696,0.569648074762836,2.32252458895572,0.418646130171077,0.0578916575840402,-0.111352333998716,-0.80930723310806,1.19460520542791,1.01174797844874
0.499694288775967,1.64585615677233,-0.00486534681030992,-0.17115658825195,1.33917975742774,0.779249138090453,1.11699676996481,1.62097268035397,-0.385312883239655,0.0356064991530471
1.53519725316942,2.90096123812952,2.72544421430243,0.825261868219122,2.41614904182809,0.624206766329468,3.36511571277028,1.4064158976672,1.02725832028099,3.38302913593473
2.33652609337335,1.49105256543354,1.44402292272322,2.97730084778104,4.57593616115864,2.24197387296981,2.5936748444824,1.42019715547842,4.5879359729376,1.68022783948569
1.66557464838215,2.23265393735727,4.9403850179112,0.445089097507834,2.01439839641161,2.11962440098224,2.23777513592108,2.58965446442433,2.02052301080613,1.37848127740189
0.492023331181973,-1.79799152826137,0.29630254572127,2.7431810825941,0.583549506045793,-0.606792718463267,-0.770813443004269,-0.939861549960647,0.753929728140318,1.81076657665909
1.38256314393777,2.15184503412457,2.96468623808983,0.874522503227334,0.98636302244314,3.0413050332416,3.81617951319675,1.51548300201745,2.92635735155443,1.42341164327859
3.16202372358002,1.7778588687014,2.95329558371035,0.220219403707898,2.71568057310261,2.52028575290712,2.30631045370846,0.878381444734221,0.2868464374772,1.25928766455702
3.5670365837752,3.22898844377695,2.53936104860183,2.14559702145319,3.42366565950335,2.98167588022407,3.85843605193032,2.20102224884761,2.07563771092624,4.12645672445593
0.148012159044647,1.14122113498965,1.74209813577759,2.53699310255737,0.547360175307027,1.98076743416651,0.809745492324177,0.518367463676167,2.55927842924587,2.08989103384731
1.92303485352414,1.83265010143065,1.2807283052943,2.31816199561522,4.23739444435005,0.126373036647855,2.41802763525767,1.36764126040807,0.337620727635793,1.76439766426768
-0.237402164215546,0.0950453005168217,0.366005999151214,0.491400737243058,-0.0941711970427249,-0.309605401691107,-0.490472278018756,0.211442316306409,1.78957156890759,-0.54821688429515
2.55276768915014,1.50117892307204,4.6813337168512,2.36997062999187,2.89429379519069,1.85433633842215,0.985692928728096,2.03475727938326,1.96906120148922,2.96634485180381
2.06765806949824,2.91586505578688,2.78186815431009,3.8657116172414,2.40948108138616,2.13083116573277,3.3766352772085,-0.268901614473206,4.21777851335248,1.79032453280425
-1.82541403366171,-0.435743662322858,1.14999720170783,-0.0998462133556206,0.050491583041039,0.538565494523006,-0.0284210581033638,-0.124936411757974,1.09532026973046,-0.420809993098151
0.0146824151357817,2.4087081476495,0.70030889955281,0.114491657329403,2.51265817230109,0.98080827231258,0.164590676653661,-0.920550328197631,1.10454036484739,3.43336658566682
0.848191126430653,-0.876206244244077,1.15114142936718,-0.195131766046314,0.837383275091956,0.609661262144374,-0.873160438955718,0.161323742983488,-1.26774216879611,1.3460329506902
2.50036866120587,2.45707292948792,1.66816355494163,1.89893764620903,0.854590825903721,1.38107247920558,2.74214774372011,3.92510525276555,1.87393534239322,2.85908743151767
1.853581047421,2.67242692095773,0.904622973974724,2.52961410971063,1.93426522575779,0.816535244901852,1.79928754757559,0.484903309914705,2.39710957395138,1.71370313806276
0.951577684707799,1.37035491061108,1.01243679450472,1.37562030127077,1.8203690013846,2.27940306609649,1.54310169700938,2.77086650489414,2.2196746712655,2.11963435392633
1.19442002541398,-0.0591814938748781,1.03466914409148,1.84301879928629,-1.18998554169524,-0.813398994600786,-0.148342534591882,-0.882073612428164,0.830163939132381,-0.937398076340247
1.10664893946638,3.64890723022156,2.77628782213055,2.46395327800321,1.19236776032863,0.623471742091698,1.83594861675996,2.54583821673018,1.71005609370868,1.48359143988817
-1.07457335110856,-1.16205756510775,0.350445365352512,-0.588499375747875,0.665676364628511,-0.00233714694673799,-0.344986184349812,-0.369853207411566,-0.0853417711893475,0.966289778801564
2.21967463959333,3.26233953901689,-0.195538498969299,2.54861497080151,0.90144388373816,2.05087169328129,1.82340314476019,2.51717845444263,2.88300014957581,1.97485758972574
3.48475196617166,2.99464382219003,0.605685801566713,1.31324321546254,0.911892929788079,2.23184257439755,2.88190781690018,1.54780982596023,2.06396512488607,1.7414869001835
2.83770712694636,0.481037598935749,1.06358416187482,1.31014310558951,-0.360877868618508,0.292952401073791,1.37804580847686,-1.28915618365097,2.10967240321789,2.22143320800203
2.09400576095875,3.92789961263436,4.86328202645993,3.33300026899385,2.1440394886001,2.36282549302501,3.71411609684743,3.75560914150893,2.53158788558016,3.49264519842227
1.70683132163817,0.457207675666731,0.42805006177989,-0.30841067549853,0.952676603282629,-0.745569765844848,0.572679863473193,-0.251966141784695,-0.691083365093423,-1.57486813301995
1.72575081734981,2.92320852265512,-0.429742382544065,0.0989247959525091,3.21426798065804,0.251039483580998,1.43220805420811,1.03881051079205,0.216234563181399,1.72553674049806
2.90736477865866,1.28040970871061,2.44858384574805,3.50519327254538,1.20862986323244,1.30275483260489,1.52949346325202,2.0478451060779,2.05334570268994,1.89010448305892
0.894167857336167,1.50337026455354,0.295909260733875,0.568548801764499,0.9846094152794,0.231024604697288,2.67990938008715,0.257345695154486,-0.139712950298045,1.35758530299355
1.36312996748979,-1.62756381941114,1.08231735510898,1.00395084440697,0.799093420923549,1.60776337883011,0.360191175873882,1.58284410324105,1.04347286352302,1.59126486152506
2.16362123605183,2.87544355749425,1.89759360946863,4.11420292466464,2.21941615151545,0.664593561384249,1.43837160890645,1.68568628525617,0.143913993500647,2.60203826519868
1.37708349066234,0.0931803352434286,0.835458457831521,0.810716914442935,-0.104695982099475,0.793352059437892,1.516664216112,1.97930583045996,1.844430368398,-0.120827564021416
0.824884996842175,0.565451296406426,1.52055534995885,2.67282368306274,1.96121253252483,1.50724440246967,0.263027059177836,0.562992202839691,1.26097040991674,2.5205801221778
2.81964000104607,1.23111449137486,1.44096611446727,0.390320906961824,2.85503822858487,0.137734467834495,1.4339585728098,1.16017570751153,-0.797843805805995,1.258924054379
0.188772968425,2.24248057308054,2.66852737093536,2.21646035712776,0.603929312723403,3.83277372289238,1.44839352977301,0.974363677954456,1.74925805078751,3.23347324921326
0.622921373828058,-0.565252709934556,1.77158784856635,0.523506105143909,2.05391340619442,1.87792267653483,1.01027942113048,1.78477147730431,0.721066397245183,1.04428907284835
0.725173055479786,0.696563254639723,1.01698030976535,2.61417101740921,2.92273862076871,2.1054345453871,0.867587169340435,0.513776663884226,0.958975943292064,0.782619930790392
2.54654427164665,0.0026474097523056,-0.960305809899931,1.19858821229169,0.942476792833444,1.15711861637466,0.702124469864248,0.713300838589369,2.28347199197746,1.33119730680348
-1.43975425845993,1.03406706302994,1.72750086166473,2.32922975993856,-0.148472870217035,2.43013256559769,0.291784181044443,1.03423856923313,2.79926524693993,0.636251756711478
0.958350906518099,3.46647223127346,3.56802769355864,1.32724526296305,0.977986448472957,2.60918212866283,1.91002208212109,0.286611110740486,3.48377041906719,1.79660838389892
-0.0831741853115608,2.94116014299148,2.29660178231229,1.53863166715381,1.21784719103834,3.70732220974211,3.30678128614408,1.915085613052,4.27354484271217,2.23098882782095
0.354677834306049,2.13248395162402,4.0061206063171,1.9418739907053,3.27815295630483,3.51647732855904,2.47024548974303,3.30845658910245,2.88448462511118,0.241172119926569
-0.247592656358076,1.45041028397201,0.644733800644573,2.97996064537015,1.15496329914112,0.747734836923518,1.99884146244183,0.580098777165423,0.398677795458468,1.06919401852024
1.47161175608264,2.61040945983039,1.16089536780209,2.82930539251864,2.0298651073115,4.61526272346331,1.25399477736244,2.32456078625733,1.82755531133383,0.83960226332707
1.84557198787905,3.69237606411184,0.949785136749782,2.60982504628687,2.36302065421233,2.16915367038322,0.359904768757352,1.17871360053103,1.77261199755927,1.88631060923117
1.16090022645807,0.486208306686578,2.98862336308915,0.29817268088214,2.29542042392816,0.974297274895186,0.178809863600286,2.02195098424692,0.439712363828857,1.25461638263372
-0.145815699202063,1.23722659746506,0.643326728281891,0.19019169421236,-1.03657085387982,-1.2655562133509,0.209526330653726,-0.348519725590035,-1.2569673844417,0.592791506489924
1.07575635625978,1.72958221239708,1.77016096493715,0.667602419326122,1.20427003710431,0.584236761390845,1.70434101619247,1.45614534482812,1.92579477686854,1.35345196624729
1.38434073620521,-0.515186853019056,3.02448475782658,-0.958496384282644,0.457717144886843,1.20162102642196,1.1730376653761,2.39666619327579,1.33200475330292,0.853463021017681
0.883885111428703,0.978544366682385,0.799453792902451,1.32777768415727,0.216412990287011,1.57433777392993,3.69419711144572,0.246928625608807,1.45751237871299,0.218172756371594
0.815771180377117,2.51836847311954,1.66027838483717,-0.632840460826038,-0.067064479196425,1.34934543280101,2.4666511097025,0.345734266201982,0.956640143361724,2.23443224825694
-0.265960443560692,0.634071875713396,0.0360455739068894,1.06016558896461,-1.50795442794863,1.27848152729955,-2.12015787728562,0.370387741940163,0.456960966425104,1.18071307667989
0.675802183983324,2.64976037069613,1.37311308097427,2.74661522377388,1.41988147628663,1.74260933819537,2.52512275366072,2.59368195420719,2.04382259044596,3.20126095176395
1.62739688940614,2.82094573818812,3.91412330521246,0.472627295466219,3.5594264898129,1.47231215071856,3.64600628537178,0.821322511593143,3.046251431908,2.12571263273499
2.49570010589059,1.42127687889741,3.8630628292786,2.97834121107308,2.33030136633366,3.06894478035044,0.444741211538434,2.28397927100003,3.716576713716,4.25321079274991
1.76055758177961,1.71166942887679,0.108029384673017,-0.781293132451844,0.143953560951812,3.94350228674915,0.0891201858629487,-0.121205517898767,2.66655801393427,1.34613446380435
4.6850277410216,1.46980150347624,0.767479083464454,1.97723703355124,0.883941037780457,2.81959590202791,-0.847748353981802,2.76057960693063,4.44076698129168,1.49771270574447
2.89544217050629,2.75449521267351,2.5235994776681,4.01947774525431,3.58372608006843,1.55410838797436,4.70804645985683,4.79613108511723,3.2030791102166,3.12830157105997
2.17964896380122,1.90181841075344,1.49943620483742,0.845542677046717,1.12040437477768,3.08475992258452,1.03656863465412,1.25682663613613,2.45521659151301,1.71541070798696
1.46467327082958,-0.470062495405637,1.39205414694231,1.46619941149845,2.47443239886572,1.84582811867394,2.33753572681458,1.1958408023985,0.551794947315167,-0.739344014584943
2.13970319013105,2.73355549616943,2.58679115716635,1.33468480083642,3.12418028065047,2.32912315722171,1.48075330663633,1.84559848267576,3.68272777221964,2.38282273801566
0.221780022488815,1.96525095273942,1.28179339659866,1.63458656417667,1.6682669050794,4.28139907849556,1.57786713583806,2.70605656803334,2.70495186116153,2.46740857396923
2.16769056099589,2.83200442380713,2.97166388621318,1.06228631090904,1.28291824468845,1.75911867406883,1.22205348556485,1.15012378011036,2.91772523935707,3.71373175218186
1.07522969943383,2.74206128189358,3.30755953101782,0.727526013403922,1.90826007019815,1.482292423551,0.633283407335863,0.852502461247959,2.98476628467213,4.37949185312457
2.23568168243317,2.93473619525918,2.11067749271226,1.2466907936721,2.95606544566731,2.35213574412174,0.0233580255583312,3.2274323430451,1.08885531454587,1.3942990587852
-1.27144199150221,-0.312259688087473,2.10280121047983,0.814840551102371,1.10454311433889,1.49154136426376,1.77596586312476,2.97043387889487,0.953031488272338,1.09339124006956
0.967347229241968,1.70057927451965,0.183002256071327,0.817074249053933,0.609612496318633,3.0087221531433,1.015161204076,0.18342716107693,0.267091103595622,1.94578031089815
3.09638933691834,1.12732001963647,2.9329409059924,3.0921783119791,3.07906460468553,1.60560608111056,2.50882996645145,2.16004081949718,2.27538199555455,1.61784596941333
1.48919703001912,3.4192058585005,3.78153721310605,2.24443474775608,2.48726850730077,2.77665790480582,3.12622849463586,1.49748935470458,2.31407448165831,2.48377415605141
2.19441065458583,1.93091471538895,3.76130922239233,3.41110771513563,2.17368617305063,3.65830484205678,3.07788123956288,4.34025837880139,4.40595116367793,2.00299719747817
-1.35913575528536,0.817059803711627,0.0612253764934281,0.593452837154909,-0.979074295158546,-0.0075558558571104,-0.186340229418889,0.49141958952331,-0.939855685676499,0.936112048550135
1.51141332295169,3.91773272207508,3.53873009098873,3.14624914057186,4.23310034783566,2.75424964097703,0.989325843672673,2.42620109407367,1.73661530702034,3.72420858914554
1.50984786669438,1.99679739048528,1.48359812840548,3.54529048672438,3.04124270520156,2.37439922955683,3.51620732083927,1.91478798498923,1.60977166338814,2.33347713492213
-0.244148056792001,-0.687433867406616,0.810384007205794,0.639668131781372,0.144126226581793,-0.260088871722719,0.329526684261408,0.402095682420545,0.552249244523578,-0.080803710918717
0.871004866862418,0.00389682317617668,1.3692300326013,2.78731819170798,3.2496914295078,2.57817219345512,1.6259310979208,2.45879289266347,2.50747182846747,3.46648425803788
1.26255211246122,0.862798585624679,1.73300608283443,3.15242701297281,3.41932959922927,3.69383076436857,1.50652503087856,2.09945213449569,2.66630306201249,2.12940067358619
1.93440685472813,1.97957862648403,1.567484770916,2.51374689804399,1.64202030211665,2.51537518732245,3.80870631645376,3.26927773313382,0.12110737698946,3.39045092304175
1.56190649989074,0.734084571722412,0.623750604763853,-0.0623868301313924,-0.534837216224041,0.8057845295442,-0.616690388675786,0.0863624401417261,0.208744070006648,-1.48094421164676
1.45413274942045,0.659071492746411,1.77731891909017,2.57259977541098,2.91287752603428,1.96152043900171,1.92100094664203,3.10348583775755,1.6800828001376,1.14646039127387
1.9835912044047,3.34913024919383,2.57863537003552,0.389897840850447,1.58581099581945,2.186026115907,0.747663123580099,2.73782453731423,2.06317145387833,0.497669164102975
0.641208533657558,1.21007127233737,2.51419261311345,1.69549175015536,1.77223550051468,2.58488647532401,2.09944489320795,1.91467621788263,1.17299086665151,1.14747998191074
2.04637362222309,0.108369356892656,0.587308139300412,3.68002846398881,1.1291634369192,3.1436000283384,0.581690649609678,1.86736636801836,1.05292322103293,1.30683349759145
3.62953090941973,1.68686599878707,1.05127692931127,1.96020225865001,2.3000569132137,1.35712339447959,0.812752652760456,2.52952214777894,2.73525002256966,1.09717103991792
-0.00388328871248822,-2.07891279807379,-1.18725230085761,1.99914825768739,-0.447337074730834,1.61409583365441,1.34111882945564,0.629673839667447,0.109960295214692,0.883143619811258
-0.429828740554396,-1.13998809424034,1.81092102546679,-2.07092620255996,0.439968532132117,-0.648970184202205,0.848432468536625,-0.811314944491053,-1.25251736568109,-0.156786096687656
0.500490835423545,0.0316875220686382,-0.126210488848952,0.84165208102883,2.30807799027057,1.74335517065037,0.88010623079132,1.03041083721433,2.19092459659133,-0.0531534604173163
0.29232720945373,0.861630494485511,1.02137205258024,1.92220121291182,1.15643995320261,1.78424697020923,0.888686087525142,-0.556048976402258,-1.04918260740531,0.0287092681332798
1.48772897822057,1.95688682974863,2.7301524232715,2.37658618772991,2.56312063810433,1.06768823136879,1.6484421968084,0.586912906012002,2.76661893356731,0.87071127452534
0.901051627084275,0.823767754148654,2.00257919278782,1.44070664946625,0.972963050357295,0.0850760582141167,0.895452624122202,1.92307633420875,0.362406549229039,3.02416801275719
2.11753616055726,-0.526056625767257,1.47394584690897,0.653307843502087,1.15546049006995,0.859695697315382,0.707233924439356,0.757848283240265,3.30004590527054,-1.77373697654603
2.52199870692221,2.56839714377016,1.48742548879025,2.34198866304412,2.14938159001409,0.388372761653008,-1.42514886905792,0.277355675098224,2.47419599093182,0.0392523593561146
1.1744913468385,3.78822445282964,4.85401544162274,2.48959310258243,2.57549884893787,0.504420269062605,1.8280918081834,1.9707345777981,2.05887995308313,2.10474620801939
0.615807564860507,1.48712854502174,0.810192284456252,-0.103273037736536,-1.40247926687172,-0.914809690047504,-0.824332765561833,-0.10515065365127,-1.13042432958869,0.0904230284780194
0.163377613059012,0.462389275430487,1.45462929753267,-0.2780806263434,1.23330668255522,-0.530650993652055,2.31983199840082,0.521303446441109,1.07622677558785,0.292255490794613
2.61556581204258,2.77830168164172,2.51627679013666,3.00810896640004,2.51668110091622,3.31037845852077,2.12092546288539,3.34953034672917,3.00775849081373,3.28019294460964
0.0648248920787163,2.18978576853114,3.07055034987111,-0.0373874008471489,-0.151497812884283,0.923780446879495,0.411013808403974,0.104274429593186,0.535380058465774,1.26766601871726
2.38445829844929,3.03270663529159,1.95526085512125,2.39159479694167,3.29670560196674,1.70868514250547,3.44074430028768,1.98790635411529,3.33940527187271,2.8079301030057
2.01384369566104,3.03503944256207,0.931899696349162,3.1652169673441,3.53485049647554,2.64626545180435,2.94894044770435,1.49589864229572,1.76367967625262,3.35706161033657
1.34560291205779,0.305245660864369,3.67963616330624,0.968023194977707,2.45174784544599,2.13790225880171,2.44815666798578,0.719840822308727,1.9050936402473,1.64707871804157
3.303420011277,2.42706981916847,4.46245915184809,1.92626094757109,3.30552569491146,2.50650836731198,4.71891895378521,1.04586547070918,2.28396961421259,3.82383648478972
0.170778833401735,-0.321501747415252,1.60156087101617,0.212803201885722,1.88422836452454,-0.629727598228347,-0.915118829700762,0.689674639955046,-1.36397015265897,-0.622480398052851
-2.57941958336014,0.262802593108047,-0.755775779443634,1.21094410817295,-0.521518604264944,-0.188718243617306,-0.283999154675005,-1.3479749045477,-1.0280217871566,1.89216508234649
3.4073982345162,4.07685268977452,3.31749894473116,2.29499321684769,5.29271851610945,2.39878812382348,0.71348763997309,3.55018300485986,3.17069609664989,3.04869159454682
0.428247349745599,2.83943330098172,1.02594459292787,1.37546132453393,1.76154728014646,2.45148585562701,2.23962890736124,2.04189168418748,1.09585173609026,2.14441469430863
4.34305384105565,2.94537689391698,3.46459502513196,4.44412006525675,3.1181275047266,3.37639420163785,5.09162375491497,2.61536244613158,4.60131852213196,1.41874866068061
1.18805079046843,2.15513943323428,0.233388081714672,-0.086497930716354,1.82828220188919,0.928610671009074,0.413628109955647,1.98347831769301,-0.00836402860463759,-1.51186348249824
2.97046413059372,1.0573074546659,0.670188058751951,1.78948692659544,2.1138378935196,2.2628820871448,2.00055906882911,2.73002539248702,1.12534905047391,0.407289642794438
-1.98339594926179,0.740524547185308,-0.515951881096438,-1.67694674647044,-0.629356566083468,1.3289617661204,0.515533220487902,0.560004471081483,0.461285134844741,0.910138608294548
0.839006785242164,0.66101589185713,-0.459640194957589,1.44594187803817,2.16744251807691,1.43976939477414,0.826738803090232,-1.06655592521323,1.81830042245637,1.97280460823412
2.38171252053181,2.49917481282276,-0.0796893989348537,0.97655593338473,0.758320739905406,1.10811676914004,2.42724256482788,1.42989488097671,1.25558299526379,2.15678881831841
0.990843130358678,1.80055740285954,-0.395197537412382,-0.917583278634302,2.17976497195477,2.64249737218818,0.906077580209725,-0.785671142994553,2.38546589939831,0.0679458159146386
2.17743855156452,0.886230719159328,2.13383694640686,2.64444940884378,0.531695382951882,3.12425852418415,1.43895097788518,2.12560214483479,1.15655804872625,2.80333299211515
0.263214819854305,-0.539291896938178,1.83386858625914,1.67966417340642,1.4586867441802,0.684059079405073,3.13347942623546,-0.681320977228536,-0.590612712805787,1.026855776352
-0.703719466197059,0.462150890227904,2.00803079831493,-0.836302913630494,1.32922160313819,0.54705192690098,-0.470654636479368,2.09497895094285,0.363290019259059,0.0876816549037268
1.09830703467193,-0.898997193845181,0.0229870729337038,1.06153570669505,0.959622489839672,1.60689569756287,-0.671042894158327,-0.0771934010049217,0.331666976732715,0.63521226444498
-1.37634732039255,0.55129548518105,1.08651511083857,0.00334100275121818,-0.0468881902812521,1.96117180375718,1.87765587791463,3.98088785107471,1.07480400281906,2.39977645130557
1.07614962868289,0.812495717065337,1.41379552168833,1.23168867888619,-0.957300944196185,-0.388180841296688,-0.239447611081917,0.0143962529939794,0.764910878800432,0.920396974029649
1.01305518001028,0.436701465884635,-0.14557821825587,-0.0793150556137227,0.668284887887952,0.0222419302979559,-0.453760362303607,1.12114711120181,-1.03119278939161,1.30377140857249
-0.158709429587981,-1.38827701981569,-1.63739225465234,-0.990039699170589,-0.270549707595207,-0.153494591431272,0.0525750144259168,-0.23732954124955,1.2349855115589,-0.023229285654337
-0.4699911350691,1.94303811783469,1.24828240435741,0.77348720067615,1.66811218757743,2.39306203892341,0.218768781274099,1.84778935871427,1.98209336890083,1.38008814308334
2.41181661774128,0.833483968609486,-0.512306182023247,2.04891416871764,-1.34190561476754,1.4387594065634,1.18712788529343,-0.0818565127818727,0.507479691730514,-0.297026932980945
2.77443773038395,3.82543363286473,4.30028872319604,2.89694406354048,3.27688165264074,3.7988251968119,0.395844811995134,3.34698249250213,3.28361248214649,2.8691928478856
3.01485398236845,2.23636415295391,3.0052225963652,2.40288286105168,1.9204463857193,3.12233646898695,1.28784264898551,1.41961072844668,2.05625763645665,1.6842955620791
1.27561616733436,1.77085389410295,2.74488596614576,2.57201088793908,1.69016335578319,1.12571101341554,-1.16716793255536,3.10983656358914,1.53682024867693,2.19035925716609
2.94817003344064,2.7816577024192,3.66702641290391,4.19371134628847,3.8128792044107,3.42744592455693,3.96264183292137,2.63543248938146,1.95473698495041,2.86587310267247
3.29527914428117,0.999285244954365,2.08508009187625,0.115133270912201,2.36635032492384,-0.622304091834963,1.67173839722235,0.70736634758554,-1.58315327781235,2.28863929529321
0.431694172086752,-0.249657381137288,0.485091906808018,0.0662044859128601,0.0300663902314947,1.09519800580069,0.0588838093752388,-0.872512510219702,0.342649301589921,-0.746916460429153
0.0720808798544816,0.471992576544453,1.21424728084222,0.898133361341171,2.47456030019963,2.31844043779611,1.13762032415309,0.140685517354738,0.0105928268820092,1.22455468735183
-0.271295061820231,0.0197764141569365,1.41640361943054,-1.17478877977349,0.590660336816442,-1.55879599187997,1.44819750919158,0.617513215439161,0.913222006406237,-1.24594071948149
-0.828972201074325,0.412963829234952,-0.366404442071506,-1.44162967461285,-1.16418771375643,2.37166362279114,0.922129646766193,1.01786851647115,-0.447287451716903,0.892075328679183
1.9260468623647,1.5142980714809,1.22387410476732,1.07544138150364,0.701578068274613,1.66943967342524,0.578003971717124,0.559882033276302,1.75031740896935,0.201581528577909
1.04746111953683,3.03482180449607,4.26402744971578,3.23449996967527,5.16840040594793,2.13070980647434,3.96724201327726,1.52102812440967,4.50932261367162,2.47505370357621
2.49127809609578,1.67959992622984,0.294868885746125,-0.0732607456330663,3.91290862002061,3.05415374160066,2.2323892748991,2.87451368250622,2.9304036842334,1.23533177176352
1.95509159339281,1.5470520988032,1.91150432966447,3.03947706366089,1.17554061824486,2.9817695708253,2.27589546680294,3.42804924162695,1.75164610799234,1.14639799413548
2.920303749924,1.94210483911517,3.33991014966699,2.98659834057508,4.11238006094363,5.85295380883066,3.63586689473414,0.790091001481645,3.63224200853809,1.00176446387144
2.43784306877414,1.25382120850398,1.20041902589184,0.371824439127277,0.453326983625748,0.984164921928657,1.6029786527761,0.477279435295785,1.68521338855231,-0.0219431567966075
2.78190534079363,2.11327058489671,3.32949597262192,2.10611549000289,2.42946581747256,2.32995670550051,0.887336432320267,1.67749255129164,2.2254349099829,3.97004122301907
-1.26115366309391,0.400678269161163,1.56557215936215,-0.250523815039739,1.3734354212775,2.17803199937608,0.178290533690724,0.0252627075022147,0.692813477273497,-0.698132117036409
3.0601576956184,3.54042294672914,1.09920447622085,3.94937629365359,2.39571866948344,3.69638145709522,2.5201126416918,0.77282555597892,1.9302043871648,2.23847942686801
1.56380801575523,1.76128853320788,1.19987719470427,3.01671042038929,2.33560051834921,0.606579300628286,1.62441793064689,1.72647946648581,1.30191643567197,1.67401589095602
2.05170385729401,0.609371078536202,0.0950742368796791,2.43616756880146,1.20667604457594,1.37376229899377,3.24867576970359,1.00531302392071,2.00116763296653,-0.0230318776185232
2.43281615948081,0.115754022673185,2.85120038402885,1.26621649503265,1.84105099538028,2.1730733833956,3.38295304216991,1.74746611536489,3.011655210553,0.924335252344898
-0.426982999669841,0.743021264014906,0.653424730999771,-0.961909234780209,-0.778741211969337,0.68547705857749,1.74265203166329,1.35688183904315,1.29803202411704,1.85240734217659
2.75494883479615,2.32079275050343,1.95600876366723,0.832882820411502,4.10670497311023,2.40198995382137,2.93292342279795,1.43289044694799,1.68536440857915,2.14980128181851
3.59986736477767,4.3880271194281,3.11313933896104,4.59429090752646,2.12727329126331,3.99296221523126,3.06776454871858,3.07348523931822,1.67517554311304,3.16049796667078
2.35256737949486,1.18597233765373,0.946680030273929,1.01804787147262,0.514487057405267,0.997894926351299,2.49330186801083,-1.72421257381527,1.20183266372217,2.97858437241222
2.74587507368802,1.13002002552368,-0.0161589048842044,-0.508765922527574,0.050258528702076,1.18561511119299,0.542757441368773,0.0328629062612976,0.489046807401216,3.25286613730513
3.23900821343583,0.721446527497557,2.03555498674546,0.556481399622752,3.70000589815327,2.34834490106354,1.92093247580163,2.44586990993854,2.38747724550143,2.69337457937773
-0.403559784551854,-1.06873165916784,0.412989123370458,-1.97882527317956,1.02421690484596,-0.977885822879511,0.165847318558954,-0.0514230828015368,-0.0360190339382483,-0.40553859869072
1.81687418891162,0.961140007465019,-0.198354469231187,0.577268674447001,1.62484433351368,0.531237148378929,2.2417028281785,0.268901384269477,-0.751308361940455,0.523316491012265
4.40768423047757,4.93247182466954,2.96813760865742,3.00235373832324,2.08879790365768,2.42970897643938,1.74876359376683,2.85812488267439,2.1460537899457,2.51138501420653
2.07088300606559,0.943065153230971,0.822014949697168,0.124411813580321,1.09800961532161,0.965648842852222,0.625083436603157,0.0587883850269337,1.71324405052367,1.76191454529145
2.15553916723833,2.93957574720955,1.97023398679108,1.7816315294339,1.58241118733934,3.38048287398545,2.65761335327374,4.41918907731787,4.3849817063035,3.52474908152348
2.03483213412511,0.806546628756249,2.12689644893287,0.670111405015817,1.28229247809028,-0.184801310379983,0.323965466691071,1.90408356912875,1.45661105974364,0.75800681614571
3.34915890367581,1.58894522447914,3.39780179497124,1.84268237701167,3.57751178868517,-0.16588675873905,3.6202149863987,3.58982260261461,4.15160933368916,2.86935174576685
-2.38673905490672,1.74790039291873,0.364628338908637,-1.08661018204686,0.28946636362708,1.1785622583438,-2.01977359538341,-0.48409016385313,-0.937930910216373,2.09854334174144
3.9219095606081,3.73708141537936,2.53986163483748,2.43428550069947,2.61042846851836,2.49379082151205,1.42381902621459,3.53597808177745,2.85263540862157,3.26282381968535
2.2051599924654,1.38728315492862,0.959232761906401,1.77826173721884,1.24063000907067,1.37784965723466,0.676150975406195,1.1730978863746,-0.284815397746626,1.37130857249355
2.40045516125003,-0.184629210704994,0.99372777907262,2.4978942759426,-0.0414489952571728,1.25263130292238,0.965841904724673,1.1007459918766,0.780596430970184,0.235062203992706
2.59106035112126,4.85191144108066,1.94752804192195,2.2214069909931,2.63296684276125,2.54058153382862,3.6997956116509,2.68531353504137,2.75940809683618,1.88534099819563
3.76098695161399,3.18672252403324,0.331382481349442,1.65660752380438,1.61335575259655,1.53895097816848,2.6649410477223,2.61574329816644,3.34603417896376,1.14436122686282
2.70704689915085,2.62420821743853,3.25105771166443,0.360680713249268,3.24676489627426,1.84241673648608,3.58536433284222,3.68582124597724,2.95467770014142,1.735935277177
1.82537703155019,1.3354092228557,2.33250261161579,1.93554029716392,2.07067014431095,4.50563133116285,1.33194856449413,2.81566965884141,4.60700934959015,3.78852801453605
3.64057254558319,5.53017591051406,3.06753753093938,2.10272996420822,3.36696251738301,4.01675470088312,1.78115284065744,2.91320234148355,3.52236682118737,3.18085795290728
2.20956017745994,4.02789785700606,2.25738783173053,2.81892656993418,2.81589658949265,2.56673568269915,5.08474330054236,2.00075427960566,4.32485051422223,3.51456523443389
1.22226964413168,0.557754721430515,1.20778715272278,0.959426474918738,1.41459261584576,0.950777357284053,1.14219319412644,0.970229805922066,0.949664374427167,-1.06025059224678
-0.324288019637113,-0.558130058237641,-0.118047786052429,-2.32485526847165,0.0303206596440977,1.81595241391492,-0.599366975664244,-0.918397671142146,-0.0623998534095806,2.25437328098576
0.0324376685274093,1.28338683272174,1.73476904048194,1.09878152379443,0.798030760414196,0.699785822556473,-0.536516737563197,-2.22017477836684,-0.749603810885262,-0.0599978994853533
2.01816982260357,2.9263605604969,0.5231087817983,1.90090822800358,2.08585430765539,3.1380655780505,2.5495649968586,1.48517921856488,2.16338240271448,2.17108440408574
2.05067579673301,1.22392642600883,2.2269036326716,1.44767603576502,1.15998608948476,1.83413904908343,3.04251743268821,2.57072137042028,3.41878830940146,2.44170263271274
0.907042440176228,0.555035301181153,0.400060368394045,0.842936192709348,-0.238734312777465,-0.931566252666637,0.552575047071038,-0.132539404553161,1.08320465424938,-0.00193314353970142
-0.567939603513076,-0.320027093366741,-0.00910489261961134,0.923669739774183,-0.364702044774958,1.00158131028633,-0.235855166072022,-0.903864114442239,0.680416291579857,1.85401023079063
-0.282510897598712,1.92744953198009,2.55404959975023,2.38932176527679,0.650492647888334,1.31081065146185,2.18649466256753,3.05817689921946,1.95433799414856,2.0827750923975
2.89609777399701,2.85492309348623,1.74467307814117,2.58206548833903,3.76011544205482,3.38987823720781,3.22173546298747,2.66989131146661,3.12632755169143,2.2050570743687
1.90001101003838,2.33267210774175,1.62445566291724,1.86134229927658,-0.402216849188219,1.06407533667027,-0.355619325176744,-0.329127358864432,1.99754336784596,1.42717970917488
1.7656765555678,1.58514979466891,-0.345954437351648,0.329702311500794,1.69902640679827,-0.383477094986337,1.95753081392273,0.770521192421038,0.351544735021154,1.51056080364124
-1.22115315537087,-1.9230081967596,-0.291469008417242,1.43252407521877,0.786889921060363,0.279736921544554,-0.629831525856995,-0.122461972581667,0.15208547602952,-1.21390735791964
2.03380398876567,-0.0116306728680098,0.959700759662663,0.793867324928235,0.330444345505178,-0.394025077066557,0.587396018293138,1.38866292766479,1.45558096351997,1.93656887647761
0.721255789108716,1.98702048380473,1.73392615032095,-0.619783957964718,0.932103204350177,1.23676643673333,1.15087014510976,1.24302226257168,1.61358983285824,1.11472100722143
0.798666923754672,0.345438197233918,2.15414469037755,1.66911475155643,1.82816184318102,0.364443540365668,1.4485729729974,0.993064263503082,0.790370279297785,1.09266833388184
0.928825171835745,1.42431484028895,1.1269900503948,0.729123000188234,-1.19606169382979,2.3672505163472,0.937395487296481,1.5068574699002,0.311360125694153,2.1507078538927
1.6782030487193,1.23790199906671,1.66165258979088,2.07938872301078,1.00106601163105,1.0240739865651,2.48251354541687,2.53720766080239,-0.15895070808403,1.96854846759564
0.0621740936616882,1.21268767679539,0.879553059646338,1.33942508617179,1.47105057943618,0.771398894443394,0.936591585078494,0.69072416849236,1.32860129696162,1.96226044268128
-0.556247286975969,2.03449571388065,1.87836013519768,1.00375799500275,1.42534555034847,0.531235004231532,0.718485444933458,0.440859186501052,1.82533922888543,0.943450270071715
3.89000165702203,2.03098984499454,4.18016237431792,4.25036901681412,2.73294638295569,2.52731720340684,2.4077175518338,4.39681301137232,1.37059478365962,2.60140452519589
3.08037743935269,3.12545278651481,3.55380555893386,1.69425537255261,2.60052195747498,3.05251709912564,1.84215312504666,2.94046260823152,3.723796171877,3.11613620838093
-0.592116638197679,-0.492788962068018,0.722014776259013,0.40093277585091,0.115189603538466,-1.45425657618759,-1.06680591254417,0.420758838123741,1.20203817732599,-0.218765508764124
1.21550124126278,1.62254226164484,1.41541391385629,0.709978924028406,0.65694711801184,2.46300718743132,1.73962504683842,1.35443536754035,1.20665571981368,1.76084320588523
-0.0472100023529054,0.647120085010272,0.39871932551693,-0.116038939757013,0.0496320021554083,-1.07821618604838,0.0601095111209304,-1.02248005385568,1.38579958580713,0.615956134220262
0.884024841188324,1.26611182604872,2.29212175105698,1.89070761663772,1.51965135755827,2.01039645099204,0.69505996937357,1.31619854904424,0.772667191422681,1.99698446397371
-1.06904533962164,0.829326709577756,-0.729054236119617,-0.152604690800745,-0.459696367156014,1.12127509760399,1.62799883432366,0.768026676743095,-0.494995729006965,-0.251611347055046
2.00011865552263,-1.13979418695747,1.82798957099682,0.976711930343431,0.655354293822122,2.23247356706787,1.68081539244223,2.28224737150806,1.75924393157732,-0.95834235995169
3.47206562336487,2.45357162807789,2.9827991184072,1.71322378417919,1.30892715588172,1.01659611275868,-0.886821149782731,1.10284640762125,1.97458584019019,2.18461606410632
-0.291618816072094,0.951434003898818,1.90103860303101,-0.140736272781717,0.654341870114061,0.932686030881759,1.26811039652178,-1.09060210600868,2.62567419888582,1.42128596450177
1.36087102257663,3.3272545612767,3.13695775813104,3.00313561776769,0.632281097504225,1.32718736848546,2.68468750641864,1.87367998426076,1.67798455857239,0.286279519258512
1.63434030533007,0.882045852403202,-0.518044044783366,2.95359297391002,-0.197955188240597,1.31827767529638,0.12323725394442,1.79397616946609,1.68232586286929,1.87951989015249
0.603295057468934,0.832385301538158,1.76578000308551,2.41813504878482,-0.132168286116958,2.74353882115537,0.733130226513723,-0.826659358806532,0.258880739043895,1.61215383309935
1.4208579090236,2.73111192178107,2.62604973564039,2.05259811870597,2.37334726796064,3.41026420678877,-0.652999461243431,2.54978103255045,3.98181841167928,1.3930241042407
1.62134477551719,1.54223722626152,-0.728423843585804,-0.346371525250511,0.131447827557746,-0.48824841515589,-0.528981131228614,-0.824005966756693,0.365888083214007,0.768221366604038
2.44892352173149,2.94914751300151,0.699547564451882,0.32103010992252,2.8759194949014,2.09125615938223,1.64514558973052,0.787933703153737,1.99635693518877,2.09020728518931
3.69329361967789,2.00088435159007,3.68613020197465,3.76746712552619,2.88765124709535,2.1446715602151,3.83379290778709,3.18381916941056,2.74599790174903,2.01219626434701
0.52015835489266,2.30784052401003,2.18068003202227,4.31094650902073,2.90927219149611,2.583789080995,3.79368420820267,1.29134643116006,1.90119948394956,0.721559572053116
3.04296023817492,1.27773929785887,0.606978375282955,3.37769339190804,2.67616609494451,1.6161313242062,0.952653018382072,0.674334403238154,2.83048664345568,1.60505786290834
0.0781212783072863,-0.991279451320309,0.62162110240769,-1.33121822429961,1.6095255114315,0.887323547844128,0.862168049796404,-0.6913993135011,-1.26745221261098,2.34690160789965
2.80935521030587,3.92581426879894,4.01408566272771,2.36828924662373,3.71056629704474,1.46174552867818,1.06420665836145,2.81179807664205,1.34210104509345,0.950200852277312
0.929302139920145,1.99923820019888,1.94043168861932,3.08769106957901,2.74148802532904,1.38233618317834,2.20411381107783,2.91409752248083,0.675033256631238,1.12204147132752
3.36293041165755,2.16607100964067,3.51811898752468,3.23065156959438,3.49247434879688,2.70741618892194,1.36427604464354,2.09249206658715,4.23438354792488,2.94943030292931
0.961194698232719,0.34710461984881,1.55121773056778,2.09945051304931,1.19125080926457,0.670331156437881,-0.320876584402236,0.742706487031787,0.808765032895156,-0.139192975771441
1.74052261561579,2.7547771753931,1.46271697194289,-0.656138988167707,-1.00384582641871,0.560608815137702,0.667451687768729,0.720266211426204,1.91309930719967,1.75841358256082
0.890657054524814,2.16130988441998,0.497146964514247,0.781071794028028,2.07450543434899,1.47193756895147,0.670313348969993,1.44290433734451,3.31535950865498,-0.320966860710091
2.73860916226461,3.89658644173354,3.06334475490611,3.52067284565141,1.51804425143676,4.87359548396841,2.0778744292308,2.95402382276788,2.64605795623153,2.97131812355227
0.231980895773573,1.32072952103934,2.53120947709235,1.75518919800435,0.904558669683732,0.436544916384353,0.730793066361793,1.22248841651272,0.644360288163696,0.55654030274964
1.75319670476352,1.0521454710084,0.815591969824806,0.103137961252379,1.32637299418697,0.465358825145448,2.47044960438498,0.852243876149377,1.30788046736291,0.326801783195877
1.09984005134742,0.752938100187515,-0.99402235305599,0.550161917201362,0.649269807445574,2.42002766826905,0.784230235653643,2.00083182081958,1.43771202925832,1.66610460188159
2.35515121613866,1.66881955841453,1.65606196181509,1.93985546245706,3.11884413951154,1.46902351804791,1.6920037983075,2.37722325690335,1.57999121869016,2.89722637700619
0.372348507194758,1.9201625720815,0.528313137530483,0.39480384036125,-1.07500264933294,-0.531510759012825,0.813432613880272,1.65924753123831,-0.647592865314959,1.17610886623163
0.324881957529517,0.785552334864531,2.47203702996852,1.35688483472412,1.56811440554515,1.05599221421008,-0.270674912842016,0.0397419774769712,0.0182677888976401,-0.902054937390717
-1.31909047687428,1.08961261442662,1.16411112891311,-1.468091803515,1.55052952208541,-1.02834569490773,0.230411720164779,0.670266679487317,0.0388104799152369,2.35115878796215
1.78737282763325,2.65518471622766,-0.442154752656193,2.788816333623,0.768001219123691,0.396758078401946,2.08113551282834,-0.233822866061389,0.957270556479469,0.706124453497194
-0.704578175194981,1.41626621107113,1.68104413449155,0.79868765342549,0.12624076936972,1.17370145490024,1.99096881430761,1.71023447396279,2.49670301724457,-0.072133282517066
0.437893026710187,0.615907184459052,3.09890024457244,2.1512950063676,3.34339646478095,1.10434494799876,3.63631998649463,3.47623414105843,2.12348235641422,2.47054979506372
4.44802929002167,1.15485155038956,0.587692037018312,1.07718633092439,0.540033419088802,2.98863376755774,4.2826398758664,0.277468243786736,3.24694109613206,1.28675633857253
0.525222948004002,-0.743777164235377,-0.123397547226118,-0.625280555234349,-1.11975477206829,-1.0923974891082,-0.70983405377302,1.15909093902679,1.59191831430486,-1.75644854316756
1.0741803047895,0.781399671582192,2.28657230415385,2.06397403189301,2.676588696255,1.34666851353221,-1.0788151393072,0.582456740514047,1.60431849357607,1.81821187308042
0.980366078995398,2.53951691229768,1.00246315974852,2.44607871390363,0.0258300137137732,3.13249422754979,3.76355633846985,4.05247076019348,1.93428433178309,2.57638798955571
-0.125511932816065,2.56748580754247,0.235414199909202,0.739289571579882,1.23404435224772,0.0648278585156875,1.14686053014421,1.51473248072055,1.33836132215455,1.37199069181231
2.26949807717253,3.04474434335048,5.21602583460689,2.0253658774761,2.43058385265401,3.45027063667042,4.8492305310867,1.92047606407517,3.03254946671303,4.56597585465772
-0.0139106153944632,0.482347987260312,0.988711930392862,-1.58779075871394,-0.534229155642576,-0.625787126402433,-0.541285402693089,-0.554748362985694,-0.65994837901393,-0.182156828901787
4.19826677356621,1.75946506579162,-0.132675789634991,2.61229852281011,2.59357753352519,3.67398040744063,3.27734370266164,2.97942948924778,2.53257704213715,0.985165292543432
1.14368794038505,3.18575380966447,1.80904360674957,3.89184110958781,3.58227803008006,1.17138521725447,2.51134055011085,3.26874734460553,5.6483829842594,1.6298982337033
3.08127228370051,3.73566708845161,3.37568017547359,3.14577240961005,4.2371544994211,1.50596083604722,3.15488601522089,4.75503132050619,2.50743910245101,2.48952937660562
-0.705591039930796,0.816776834981151,0.156502480857676,2.20309785219368,-0.224869223980694,-0.695013031188743,-1.59640079369133,-0.390902627664144,3.13082366840687,-0.00648087297914673
1.90400316792208,2.08723221600741,-0.35859667055036,-0.211476246869616,0.125982493047714,0.605954328417743,0.163231315464492,-1.11130906927792,-1.56409697669803,0.48473602645278
3.38833006039955,0.676834670473815,0.53103753506159,1.31657781983463,-0.871883666642147,1.93679064003198,1.61519470100927,1.73574982548776,0.78206778239536,-0.0948240845667419
2.61374762107813,2.00253177223421,3.08793638848501,2.96009810076159,3.29265966628591,3.85241088071368,1.63290118294149,2.21937514190444,3.77450867920719,3.45434867692637
0.788279197512102,1.37157752259982,3.67338577653296,2.91629537900792,2.46270170519412,1.31517556839255,2.13286454524676,3.31623413606297,1.98185232652254,0.981380856734298
1.06067285059347,-0.396153502230552,2.32207365176091,3.68872975862003,0.652233496423924,2.16774026827947,1.44685111251275,0.354999646632822,1.02321915277298,2.18799659455872
1.54347583980454,1.66777469107862,1.10082128876699,1.02531434517858,1.60300405096884,1.60049430760098,1.2906956546427,1.82770861365582,3.05648069657123,1.57692007608994
1.50222831566024,2.9683760676783,2.51395920339059,1.89950062167713,2.94227368761046,0.692299505090628,1.15345958882056,0.952314893746791,1.23505868007281,2.6772094600863
1.32485204227511,1.49086565672259,-0.251843517016314,0.503771129689369,-1.7310562687437,1.39601343903764,0.54191033201909,-0.971100806991231,1.26993096442133,0.148377791784541
1.12159302658631,1.363789831366,0.91092716641316,0.0449318296261702,-0.556306025587209,0.489315200124781,-0.0876763060112142,-0.790484266039932,-0.773744912141348,-0.353114818967864
0.0684919144402338,0.230505146243714,1.6253029791983,2.95327698282869,-0.339149864900247,2.80326579993296,1.25669652056244,2.20116045438989,2.07232132651435,0.0849939315192305
0.380603450743502,1.09528433930478,0.855184754242829,1.65134653096596,0.160631032834686,2.41520226367144,0.494078529795112,0.368514711840948,-0.430090950892885,1.05576653138058
1.36169122464724,0.782369933642457,2.26954602126599,1.26950664129892,0.89809018630798,-0.564198020107367,-0.0909394648524915,0.361975352067473,0.855423755825223,2.14009657902459
-0.376206588832795,-1.87662831133623,0.532766204536293,-0.872667084542886,0.933624916088268,0.967111898188984,-0.531022883200444,-1.91391003456994,0.150673037161658,0.165705290637913
1.16033893010326,1.10953619028871,1.63346423743717,2.27065604292813,1.77142938054457,2.13398067274258,1.70719038038149,0.208655293005534,0.398655648614639,1.56978344361726
0.19270327025971,-0.947092580795537,1.84281895805674,0.936979291215088,-0.0347634979120335,2.87885257414673,-0.257964428288763,-0.461215579284236,1.84844403381981,0.636271549142981
1.96265144340612,2.89515736991902,3.67682933370036,2.07420598281713,1.41294744567319,3.22102993186467,3.57748571194595,3.21823491045772,4.13049172237002,1.5506577812541
2.28148357767037,2.78064913075701,2.80411479092912,1.90963307207878,1.76967767161388,2.73066210069407,1.39622693415458,1.57827451028376,1.10492375275003,0.0319775938346929
1.51054611169709,1.84366603009538,1.91170749616211,4.12734282082303,1.15607848292052,2.70501737254814,1.91998967519375,0.691741070366619,3.32865165484985,1.36670171133856
0.907473121309747,1.50404357861274,2.42037540471751,1.12804811751004,1.86924045294307,2.60853143907588,1.50617215079911,0.218582418796761,0.591898842032823,2.14921657018162
3.47852207273234,0.122565358182971,1.47603090175114,1.19552495178847,1.7301604193473,1.50197045968761,2.47892920062893,0.994330711858158,0.331336944038892,1.98071680933549
-0.217614631269461,-0.175890003318184,0.755815510612682,-1.57419179613459,1.12081634397331,1.1855817552398,-0.667220289055264,1.42353928768977,0.320250148535259,-1.02821087567595
1.68774334651355,2.62006853763468,1.83898859360757,1.55130630457773,2.74698563755694,1.15778597375482,1.74195309884746,1.48845907520756,2.83960806812379,1.43973609036382
-0.950354519226614,1.05599369886498,-0.30994870814952,-0.972813261257215,0.0308462464409456,-0.787189220958575,-0.619844171813198,-1.7480016453257,0.278440935085576,1.26974553642352
1.51358124887154,1.62192649044889,0.415097873389135,1.55658473548106,0.346526904601884,1.00468130442756,2.41409725645705,0.752778411225427,1.1611553497577,1.69996513801381
0.210978381643746,1.21929490184567,-0.147005971670592,0.333003112156062,1.0362575798698,-0.565171644457511,0.519266090746749,-0.453954834175713,0.271187710691088,-0.603910481008343
1.84117480609515,1.85971072069795,-0.166106568232452,0.883759821871069,-0.437822869272638,0.409356081087455,2.94827733040347,1.18256168177181,1.25829067907266,0.665721613998078
-0.611915205661812,1.6538965393441,-0.858584156189569,-0.100784062273002,1.78023411952216,-1.41318210203996,0.104912105253679,0.602140011739754,-0.00947111684751347,0.421874505336654
0.811719752671123,0.794795628903157,2.21645596966964,1.94685818681988,2.90783462686565,3.36241518510778,-0.350678543301103,1.11839518865028,2.79784744506709,1.45547379613538
0.750665256264285,3.01822037344012,0.274389977623269,4.10390749333324,1.81060581747058,1.90432577316565,1.86379682235351,2.03939650909066,1.56095118462164,1.73259512510125
1.08190733601676,0.349367840043653,0.0886630263786723,0.367797467372359,0.77665940273491,3.56046416640278,-0.211613140036247,-0.22552448553701,1.3242761895199,-0.0187839433668997
2.31768046239281,4.28460497431371,1.7636320533962,2.16108732013116,2.21139857053226,3.9908467387752,2.21688782228813,2.65549714453458,4.84580539415118,3.11018716422596
2.09758559528961,0.84482893517889,-0.716904426048075,-2.18667558789874,1.983203900624,0.741109003144382,-0.36932469102154,0.957338237897569,1.0375372697998,-0.0206742430406317
2.68439881904778,2.05588080743721,0.654809875622413,3.44182064594276,1.46425026305119,2.26068566982387,1.5488224632114,0.672308742570112,1.20476866919649,1.75856868241968
0.0283217082052116,4.12340032420937,0.7768284355423,4.19174039171614,3.93340569856843,1.19381857724566,2.19004559838724,1.98388734778401,3.1592878761692,3.27761233651649
2.29077459485702,0.652654200394454,1.61772283378486,0.210623937045031,0.0833134887484228,0.57464420045067,0.771335172151622,-0.061116800910413,3.62228585859143,0.466948896045249
0.920474688161361,-0.410411401830077,0.500995081572376,-0.741959951254977,-0.452894591167073,1.16326600870194,-0.107482510839133,1.20376945515142,0.280778155907077,2.04269624585656
2.28920733219574,2.59874950188358,3.71744384844802,1.15885057825453,3.09276371885823,1.17478489184186,0.875856735039558,1.59521650179055,3.91073999321956,1.41173563854859
2.08354210259115,-0.380940155086477,0.610154177688529,2.50961122338355,1.09664041391537,1.3267431307626,1.74413342383955,-0.256148277813304,0.551948857767487,1.82870285578476
-0.22916614544392,1.85197913746262,-1.4440372646834,1.46519660489527,0.523561180805889,1.66049649689397,0.613609958746322,1.25726654604967,2.28144962244901,0.468603043213847
3.14590900164188,4.88237420511135,2.20722582856291,2.66160515687602,3.30426085155523,4.55914992301796,3.06170966347855,4.56104956461879,2.24169575191993,4.05042616636208
2.4207112566358,2.30666770112686,0.153353950647222,1.10670386183128,2.67380676667737,2.12940910498841,0.99927215598946,2.46684885644701,2.48600532471179,1.41636701884269
1.48134761284239,2.78775671824393,2.82015125558917,1.50297495242397,1.7992242014101,3.10979190098986,1.79218935836087,0.891966203841974,3.47090339721228,2.37608126496741
2.41783375963246,0.0545506065805529,1.04816568187139,1.05509240576792,1.06454618382642,1.51799474267492,1.26300539177539,0.503002446635517,1.56405878293585,-0.0955812024202476
1.58225024717202,1.79480366593185,0.45014935949964,1.04528421901789,0.156755367776822,0.522442209749295,0.949163869945723,1.37385761622934,0.155342883255447,1.33096404141848
1.55989619435552,1.2786842393398,0.725092417513235,1.63897684933853,4.10247682057277,1.09799067909064,0.17842603400775,2.20266861607235,0.780610926709127,0.340248003274427
1.62345367008176,1.65021485611386,2.1028354548303,1.22155565935033,2.66223479381527,2.02360031094544,2.52235092556238,1.80052308424643,2.13321566010453,3.14806961378967
-1.67479996608194,-0.857330034157126,-0.153570537412517,0.372644131657615,-0.0718189335490259,-0.416473531220523,-0.298782436335379,-0.226322255891668,1.95001858109821,0.389514049574158
2.51658622564821,2.54262483750574,-0.0788603799333409,2.14564014089798,1.33964727087791,2.93426804893625,1.30800157519671,1.434939564822,1.9473615543206,3.06372816771862
1.86607689627418,-0.944133595240473,1.13323893216936,-0.352030627553615,1.88644216514685,1.57139590390511,1.5336263777808,0.154379908017735,0.700157590213747,0.200225323125287
1.35433328049089,0.917392675674212,2.48556164088943,1.04650058657155,1.83696254492976,-0.842714306806067,1.82292783304967,-0.230683190960042,1.61228592304137,-0.737612566852482
2.14948559376032,2.30453840084183,3.61751614047367,2.78872196772606,3.23857916795204,3.0690739001993,3.10567419480415,4.08875702771335,3.52524080607402,3.11990111881114
1.67941517503053,1.80168657991,-0.787870104380081,2.14627988935078,2.1299985922437,1.00085611322393,1.02451379221426,0.756461326279922,1.24333792087394,0.248620042225225
2.55567343530204,1.24050849865007,0.29514834867863,1.74550827212269,2.36297528009736,2.52083416003771,1.94652586352597,1.46886262106935,2.67166953853853,2.30686095243082
0.931042128670507,0.0973277057087121,0.351436979749214,-0.487231546376535,-0.129558591473575,-1.11759409953863,0.471876710641376,-1.10053403376541,-1.78760492536825,1.42099076149995
0.537156770699491,1.16708644003123,3.03446087962911,0.388551200595352,0.0458239701900482,0.920775407384847,1.53580851110907,1.27613056347529,0.183902033334736,1.23605286949592
2.54167435684085,2.62224319411643,2.28543532769091,2.52023150511609,4.26271623303611,4.67420408869965,3.56507877955232,5.43635353725131,4.55198051604226,3.16379302987667
2.04629393625713,3.43185500011749,2.35348345398884,2.07556309457647,2.17135014451711,1.90894600343841,2.0186326775962,1.7142367105581,2.26733309666154,1.19663445463584
1.42233380589309,0.449364138971797,1.17988476359276,1.67777634528527,2.0026987225453,0.613089616019838,1.86752977660146,1.58049572364306,0.33064357825507,0.125783949108743
2.90292462369566,2.07042281697764,1.44761096277715,3.48818902213686,3.27002520862314,1.45403790518533,1.34102901794051,2.5491101410378,2.23528453163005,2.90898362919104
1.56120432543853,2.03689434555712,2.65086034995032,4.59950192424724,2.30593458928346,4.42382319244127,2.59090594712772,2.76489734154958,1.67089464895438,1.448346152513
1.08117536113694,1.98649407536613,2.83403217155715,2.46105484624608,1.38953703287675,2.37208845424626,0.53130215648319,1.64572101177342,0.58952184962633,4.29778333806099
1.21196601522546,-1.06094327386949,0.994950097375994,0.649976825559373,-0.331265733043874,1.02349968539377,3.55614706705265,0.779500736769899,2.57639213169896,0.257105713592517
1.84168580707642,-1.2350927728859,-0.437306309482039,0.968877213652449,0.446886181946153,1.19354968803865,0.697808988123128,0.146725086872156,-0.840036890454619,0.340560653097244
3.84282556050657,3.41463975968275,3.54017553602598,4.23620027425728,1.47742728161709,2.46842404632449,2.32345056296913,2.86777795334722,2.70975017795506,3.9531785196885
3.02433070230118,2.92887934760346,1.50227118192115,3.39631130518676,1.30345837561387,1.96031370077578,1.14100540824073,3.34913582719503,1.7157142514222,0.752047971077128
4.65391854493605,3.38158902850923,5.33725923246252,5.50006001279208,3.25587240365298,2.87903954960317,3.74620004310063,4.01134202880204,2.8924459602644,0.810925010071437
2.75028247566414,0.683022212171622,1.58551828143313,2.89741888608654,0.718330560219944,-1.9960585814802,1.22442841110886,1.47192640807782,2.38702024975265,2.11648701172904
0.892191652474906,2.86420191104014,1.68088416827883,1.39059570680361,2.15960288074242,1.61058727275488,0.088599968520499,2.32895622302458,1.19708224350372,2.95352214699324
0.440274248323737,0.596659394970812,1.49594098960982,1.41272135710794,0.440264727626017,1.50806331701334,1.73629852707556,1.90441622594876,1.6605061931028,0.693749800941428
2.27042624836839,3.97818706928305,2.15447574320701,2.77387671256377,2.05249560621704,0.712239557700951,0.989600537337437,-0.028402232613232,1.22715807616532,2.81093257568111
0.555109160225096,0.297802506908901,0.0631751845042755,0.0220443577247302,0.436393462842702,0.820530772107224,-0.176050722183732,-0.853863575813593,-1.87198851360112,0.946373653044327
2.6472337847343,2.74396254325388,3.52329152113971,2.52161856356382,2.22386355639217,3.19279243653938,3.73376741787713,1.69841087963877,3.16606971750413,3.63413191148023
-0.71804369432223,2.68801844875952,1.14623080140779,1.77186121745252,2.0132871901673,3.10960834386739,0.307268654547926,0.747428769810077,2.40403056079135,2.8030050856397
-0.555654281211729,-2.98148669501785,-0.762393043600491,-1.20613179835988,1.32288764109316,0.842723673226225,0.18371963551638,1.02339768964509,0.58973894426418,0.695304038751481
2.11311834288263,2.14555769000482,0.999165128829306,2.0847874396649,0.633209849603225,0.999595010016462,1.04958747542502,3.7140160531899,0.688442489611289,2.86358931755934
1.34336919972743,-0.455532219011342,-0.273499563936491,0.503771898702724,1.48273131549528,2.73299649738565,1.83312958912961,1.02506773682214,3.05487067286266,0.677462771517066
-0.102104280048,0.86248195564838,2.5037408261607,1.10485080396829,1.54106346024214,3.13464383881995,1.64908171989708,0.857645085676015,3.8091658486297,2.15939678405328
1.30579867514949,0.994919824429563,0.901217603334705,2.1242533861925,1.17549510091823,1.69763725954752,0.0677237620456478,-0.797943810211502,0.812632478136391,-0.315465352087752
1.02373218402168,0.759785205882874,2.57711465687444,2.77455275295562,0.813465170592892,0.75592082433673,1.10695001819824,-0.234494398779745,1.43362134386785,1.27040366693448
1.44371238060671,2.29193391445176,1.32918491155961,1.32890241316222,1.35189183516983,0.936265338354577,0.295376660157932,0.547843736641394,1.2162088950842,1.81502753932577
0.38997241959556,2.92652496519008,4.11255865277108,3.21039684098861,3.76032948867537,0.975551880562277,1.6841384576862,2.28959556320891,1.46984079907803,1.24336879628725
1.3274737121436,2.59513513206091,1.06771872233376,1.77990801122671,2.78203552061422,2.91520473930571,3.23721856884362,1.09257082606044,2.94382374185835,2.17424296473385
0.853501935974448,2.52284344662054,2.33998948521155,1.65553455822051,0.580531783467581,2.22545139572736,1.43259489424908,0.366861503668173,1.56213117933225,1.95970747274433
3.01246760571192,3.63106610374065,3.03642222377864,3.3571321587217,5.65039439686151,3.12616920877883,2.86856461243612,2.86714210048023,2.75200566321651,2.67227612900655
2.69380279023551,2.9359190768643,1.36277539126164,3.58017981700124,2.86331608731853,1.43053565653569,0.751855737418809,1.90147258882371,1.72277010116595,4.38289725495429
2.96516533086517,2.49816554587296,2.15696858646703,2.81024608489092,1.87812557914458,1.945176030938,2.65721520125599,1.839036736938,2.26954326229675,3.98402712533889
1.90761900635153,0.187818820666296,0.940010166393078,0.756897165481801,1.31284757782688,0.565587011592132,0.280319712346358,1.70120842529606,1.24724716036581,1.87550516985345
1.60740584715268,1.63110587102397,1.13737606495881,2.8188769777328,1.01984587731688,0.344857501349594,3.33004081521602,2.44543950121679,1.46768766987493,2.91867653235464
0.261954622870324,2.87154624509593,1.50589826897698,1.57064646329562,2.66663354973469,1.56232588326098,2.65250202962744,2.0317998577851,0.937556844980519,1.26611041168631
3.9839156513032,1.21075321409655,2.09711263680363,3.18765242540939,2.03849002368161,2.3784195397317,4.6662168895568,1.24224877329854,3.53109301029853,3.47634259651615
0.0655211345680245,0.774387931047637,0.141778006994044,0.203893441088161,1.15169574611329,0.77831721569768,3.0118484848643,-0.932072926541062,-0.51570160843415,-1.20261226612133
-1.21937536113394,-0.380290719601824,-0.454512560785479,-0.549774955938107,-0.00254184458703177,-1.27489767606226,0.592020633582435,0.841990696581054,-2.2752057591705,-0.152414226307247
3.04906484060362,2.29661905226459,3.37519219090552,1.44399674361429,1.81336090573024,3.87294526921945,4.41123954967042,2.80234713684623,3.10762445999775,4.04367977353617
1.97625662833973,1.472244948416,4.48589233778884,2.01802836111181,3.82624645033192,3.0989409073434,2.7314676454242,3.87836720747768,2.47508530262561,2.59481421161215
1.9114604920996,3.21548381038437,2.88523254769987,4.72707849290355,3.74739322298026,2.46559339496105,2.44598894190811,1.98026920046352,3.34936000000947,1.4473207916453
1.60226481030526,2.42716661041941,2.69069078187495,0.981390019188773,2.0448177024739,1.36529099576646,1.44577248878114,2.2193348486317,1.86559026129508,1.72957336443623
-0.326967313545726,-0.652446046451297,-0.801764532257939,-1.35659085073251,-0.29001109392362,0.964509737656401,-1.33501851217068,0.717715516699233,-2.18650286247886,0.977453381573695
1.20058525141692,2.89443376320712,0.142388830747365,1.46296792317376,2.18069398132806,0.912118991537176,0.343656027031044,1.58978779717808,2.48131927451618,1.61768586966946
1.33075173882454,1.66520573655329,1.05555548241226,0.963653548405975,2.40962343369443,2.51542503500745,1.89600205818068,0.127638012006664,1.13785122629432,1.51099352419786
4.51391766966069,2.70480402910717,1.95478374965651,3.15505027698689,1.26542348572554,0.630327477969177,1.01468978693905,1.4646390878284,4.47801306269443,1.61866369180424
0.0887808381898495,-0.39793932948645,2.4465796349782,3.11743053136682,0.262129537217473,0.618426529445877,0.643020447646753,0.0432054844287599,0.776090022345031,1.40621656669049
1.03929424126186,1.90534915521167,2.60574390174047,2.22875087528358,2.37181494195116,2.40669513074067,2.13450388567294,1.58523830302789,2.68143289255084,3.26021386871891
0.994418694272234,4.01831970071746,0.605471406716932,2.88286350374496,2.89640631363467,0.628315473360509,1.48060545435489,1.4990106873212,0.0501413828474169,2.02803862442399
-0.250823179188833,3.88276401640262,1.82753060743328,2.82457004651488,2.63094445595247,-0.0582577749399928,3.47129445416667,2.13484601642212,1.30896768282742,1.7915354428173
1.34604341990536,1.77344352534273,0.318958710732349,2.87393313139385,1.25581965379074,1.74478222541886,2.09318886793532,1.96944501255494,3.82851198586398,1.73500301323153
3.54031209611484,1.49415004950657,1.98580979388048,2.6370355810989,2.22340361099132,3.99436815075659,2.75346540933911,2.73989186871451,0.150522831932234,3.64889468765755
1.00401346418064,3.02525199896208,2.98284331104525,2.96230712547365,2.14835932564135,1.49022790811554,4.63229367545022,2.97337555836869,2.57128728781532,1.86246024872576
-0.357196354364068,0.709858117407149,-2.33254005289868,0.706266307104767,-0.221217611453536,0.703144737003313,-0.574871459867622,0.689864159034693,0.965330183739975,-1.44762553911453
-0.362136251910012,2.53295326685127,2.45039318716837,2.2888051201021,0.874668740946945,0.309493295554315,-0.611571904096423,-0.948577833367691,2.07174562765082,0.370484516733841
1.04835520887512,-0.176803458328967,-1.19435566185808,0.172476552468169,3.18989578093962,-1.18847455334505,-0.860228323049765,0.114647673412441,-0.191100614482975,1.85380872652242
1.70052005619041,-0.628172105964908,0.273394601705253,0.566762003667023,-0.955553003405714,0.791299235410925,0.171087052040546,0.891283502296017,0.313840005911217,1.18877755520519
0.0361751149338312,1.42920644267105,2.40946998347603,0.888426285300535,0.836505060089682,0.486253976923594,-0.492952169026857,1.3777163338817,-0.302097079685669,2.5631764443215
1.88915858351085,2.44552782319978,1.70484367387007,1.67100071988529,2.4395693171227,2.38091886313027,2.44403838789911,1.09498714407029,1.19833017980991,1.15407229955919
-0.42477812803192,-0.642604671717423,0.776997195972522,-0.215741711455088,0.451466588732486,-0.0387716967444345,-0.490820769995189,0.347767297926718,-2.8289454051888,-1.76088033064629
0.258008556885654,0.0613800010895168,1.04538975660642,1.39700029710723,1.8153279961506,0.387298639480658,2.60321252573243,1.92661423846809,1.77454799414138,0.168638933520739
0.707228530753847,-0.866451912129008,0.219772155533784,0.143865107641153,-2.44992218220312,-1.67314958015329,-0.21942753156115,-0.951420708958564,-0.983527024123613,-0.759231886823449
0.595252158461144,0.984310511661121,0.334021580054979,1.67797192431063,0.713856376581439,2.80785854832577,-1.10076546947631,2.69493531885183,1.65378299237485,0.950629129833908
1.42135175062004,-0.893290556557188,1.05232912867907,-0.259485617237887,1.37538736083389,0.164300995726622,-1.68903860228604,-0.301042688797815,2.47159806716323,1.16261982811292
0.18471144554057,0.871390737664676,-0.358952877757828,-0.252959441757708,-0.698078144873513,1.59799762309042,1.32735545822556,1.83767140404838,2.30990227154513,1.53173762407072
1.92581379494625,1.4736268200865,1.50839457993701,0.645230525670524,0.93903740241258,1.18663618200637,1.31201570419304,1.40983280380279,2.16842421839944,-1.31354381980469
-0.581260643037112,1.54718545016812,-0.631530997337917,0.0510552889353612,-0.514680702471764,-0.225848899005065,-0.260690066778487,1.27174027170077,1.03083274270176,-1.69090411035458
0.99872036627481,0.177687309449156,0.145075411467933,1.22588732256657,1.26176393378344,1.01062865857562,-0.18699670704585,0.39707334877314,1.21710389178311,0.314876771647237
2.46443759198988,5.09330421032273,1.82430895519986,4.16343212397422,4.18516070834118,2.71473875003835,3.71940786898935,3.25452395484053,3.41774860032276,3.23665894943454
1.05023119241378,0.283164176796537,0.66744886851909,0.667663512776518,2.24520978932648,2.83626644728097,1.188978174983,0.709858267444142,0.134299673552523,1.4396359054504
-1.30158067277742,-0.613210068324494,0.351877640389745,-2.6813128109372,-0.683533207088427,1.35262431238372,0.227189575686902,0.0631904739480918,1.72377751650785,-0.688288413964854
1.69579697123466,0.467830756906912,1.4088811600236,0.0322844606419836,1.65768221502947,-0.496180238417501,2.33261787506249,1.89462628937598,2.10173949892476,1.54984244878635
1.33083031822409,1.09900999305267,-0.628368565713867,0.181556993646279,-0.78112511016945,0.710494632423111,1.84663229568271,1.96879483333399,1.01276604294403,2.65991030473464
1.65369148288626,0.160087296547284,1.84762755220172,-0.0463887876692934,2.63461188863249,1.24060264014064,3.73573147590997,1.05183878247333,1.41331622020719,-0.660842543101886
1.84104025599682,-0.36787494885263,-1.5015701490171,1.64866891249513,-0.804257825386889,1.32681535674709,1.18402180165712,0.364257897034435,2.75793209492938,1.66879387666265
4.08728492223311,1.73833533797827,3.35269435103272,1.68012159164034,1.07715548526315,3.51904686830261,2.562837709655,2.28334233714747,3.60139863475982,0.635627335772896
-0.102991526560903,0.183627050353999,-1.53069715374109,-0.953935616210698,-2.00416139567379,-0.995637244493513,0.536145239667735,-0.0820619187262926,-0.124947337847143,-1.56150339394786
1.3717611361896,2.00080961437552,1.19230390079767,0.708434440821699,3.75990712546991,1.87681233005094,1.86227523941061,3.31935297570866,0.149424146381127,1.15751469102273
2.49183748017846,0.289815235120944,1.5254920593066,0.686911445069183,1.35054215926804,2.01869218670087,0.898269265838751,3.00716964369553,2.27652931581863,3.04721759338509
0.948096274299226,3.25076995330779,2.07862782604672,1.09206263243683,2.94697168510702,2.30022982681565,2.34415641278898,0.932111775755604,1.8327242857923,2.49463084235092
5.40184486846442,1.19358735896398,1.6151209197033,2.4729022097411,0.964349199568887,1.42745428282804,0.985118447385773,1.24191930519685,3.19699292905736,2.17610582307739
0.745942498133154,4.97444679107082,3.53364458201762,2.81561424060275,5.66345309221042,1.75532526202205,4.49791611167241,4.22264778590411,3.93288622836205,3.14974239623661
3.51994574477483,1.82713669781152,3.06419007615374,3.41626203925358,2.43767739833117,2.82173065702464,3.43145489372344,2.56673675448453,2.72405506879445,3.59781922553558
1.6517198696182,3.41104519103765,1.80826985685154,3.40523572899006,3.47608433009925,2.50786097850622,3.11443500022764,3.78154584149907,2.70372467852156,2.91331596435438
1.7001801359181,2.89085936169937,4.74610158706805,3.16558326014648,4.85536096813489,2.78296478499815,3.53428266604363,3.91265380516702,4.2333076246949,2.55546241367531
1.6446659166563,2.00437090200098,2.06890604000987,1.08836169992138,1.83723076750234,1.34507513528514,2.48563260126219,2.4502331301799,1.70430869098692,1.13239498635138
0.855277387868555,1.38220546718966,-0.552905734920743,1.02919520667501,0.151408160615611,0.557102223443006,0.757992684441831,1.06895045890266,-0.0339718316326125,-0.208937432427341
2.82861542455504,0.680759065560488,1.43120120078811,2.4841526782776,2.68969851851535,-0.246249022739006,0.613404309496164,0.514786652755699,4.79327862821588,2.14409366619892
2.29523787007892,3.23046525765604,3.89281840116383,4.88978283118376,3.53785925881147,3.0908571078103,3.24150616210342,3.23627730954069,2.85658245106351,2.2028929458346
-1.24982499442659,0.837921526016951,-0.517004346894333,-1.46656104051209,2.66947154768129,-1.49939190104897,-0.676503010925748,1.28231447571408,1.87486801800894,1.40692031882327
1.97196829027064,-0.217085479776576,-1.47743512997452,0.208986129836191,-0.793259038064599,-0.269917236585188,1.2417613738442,-0.887061449204545,1.1658575887104,1.01438716161398
-0.0839652769784816,-1.25924929256499,0.927489581382816,0.84452550090502,1.77908739692868,0.671219266267131,3.23465792910501,-0.30980964457668,2.68564634849454,1.01435336171624
2.04482137970131,1.4693842987834,1.64456714027709,2.65696071049016,1.85411637720618,3.42178603835793,1.54072489518984,2.211823940443,1.58520676411774,2.31259100552686
1.63186107619553,1.62457909665207,0.370887821262813,0.486333024494353,1.45657056853587,0.327141731937123,0.0267819172026805,1.40290999641561,1.08660000549237,-0.00908188475676308
0.744744422917556,2.74743448923443,2.04580578248783,1.17459080409277,-0.00612274046906935,0.174619388916876,1.37438580420664,0.504014288449368,1.96250814164906,0.610463550364283
1.77778389634683,-1.60158036807243,-0.872101632589438,1.78581932893449,-0.921678109687146,-0.829154401646662,0.485878354261197,0.342658689255703,-0.1371525077301,0.0344869716990751
0.711788540604131,1.64959533436704,0.619365895868639,1.06007203897462,0.996077094085632,0.742761624931556,1.62307751939054,0.205921323804757,1.3121285387848,0.446040468070006
3.01562882607483,3.39026740152026,3.01629141487035,3.84637691412167,3.41080817712262,4.21586179771067,1.81321493696742,3.7257898680783,3.45477705726893,2.0438276380861
2.81534869971025,2.72845484328651,3.48496094523217,2.35301042553645,-0.90360182855705,1.32292429282967,0.89106741939475,-0.00751845552030628,0.618031221152369,1.40367445504832
1.96794090659402,2.52974381703435,2.57575315771575,2.9379695176598,4.19205861703806,5.60449391112608,2.1016623266113,0.748634596004404,2.10066519776764,2.246845421294
-0.36600081437085,-0.383826396991704,0.868928849865864,0.452490066723356,0.137734068092195,1.85846638831871,0.811602726757666,2.02009074017691,1.1365953595565,0.80142535667411
1.22362963049349,-0.101150017816733,-0.845190019785163,-0.627179904533871,0.756153693330616,-0.547396241949621,0.759375171835374,-0.294505486420423,0.354618457890626,-0.979470332035315
-0.0615884963166364,1.30777964142159,1.20884736963396,1.154942619803,2.36576262176431,0.464862882348813,1.14265732953608,2.30135803331021,1.45448597707536,0.194622432216759
-1.21489642791847,0.325965371476033,-0.387358705887533,-0.17018887524534,-0.49946768481054,-0.140878249166761,-0.495731970385569,0.079803812812192,1.39339023359112,0.822174233867287
2.45942971365789,4.04932656886978,4.33772036884802,0.648982685802554,2.71195998560874,4.828261212652,1.68455627445542,3.53929660695352,3.11076166172112,3.23093283648464
1.18339632062154,1.90570184954466,1.10656822522704,4.28872849527567,1.56621467174319,2.65120387248856,1.76699192807732,0.445421501341589,1.45824257818386,0.436664269697149
-0.059901513761967,1.18570809146216,0.804167921125714,1.6919243090549,-0.204800958530077,1.54649465044774,2.31604320109425,0.861584300418449,1.95201201189765,1.28436904401356
2.55824124050587,3.83156346595764,3.49875275031062,4.2547430745874,1.92348794172459,3.06956290806075,2.8554696700657,2.68719964278695,3.71587970920886,3.68244089301877
0.154252146940378,1.2458897106401,1.80671067961771,-0.919411544986826,-0.791728996341245,0.648481918858515,1.00590973642738,1.85211992225135,1.14023734809571,1.52705034143732
0.404381453034021,-0.139407570304712,0.107444749278207,0.384650744671588,0.314544338958592,-1.41568435588042,0.953768148997669,0.332078260749965,-0.691290195954728,-0.935764670699521
1.18341838440608,1.86299408464881,0.591757172878824,2.20253144640224,2.54463402521714,0.399526536895941,0.180694085667958,1.59807104654521,0.829217069111218,1.7248829541444
4.44751046948521,1.40624614446524,1.26076974077155,3.41312077806524,1.60375955563599,2.13596788149098,2.56747010041567,2.01773290674605,4.41520931402449,1.66484839764852
-0.181016248301755,1.96635226200808,1.31368278899988,1.83056612082142,2.77083636032553,1.59959592489698,0.569226694491219,0.40461084579527,2.16130522908951,2.76513016977066
2.03941051592616,2.66257024226557,0.496636533591534,2.1019983156882,1.56672569585849,2.40904070260449,1.74558771055358,1.92169252798377,1.61853742113257,1.80511824103639
3.28569024186154,0.366587277090928,1.69368459273105,1.81893617270847,2.68433858183174,2.24149279655407,1.39690043304486,1.52758924545503,1.99810243209907,3.85404412159377
1.95597387617263,1.48517493985418,0.660500865074938,1.92458613248787,-0.0743050445587983,2.54751329734064,1.28120395969793,1.24422291101682,1.12314728271815,1.45093788151017
-0.241539541530803,1.77843800747628,0.881590108082264,0.503259890258725,0.48376958613398,-0.49675568869534,1.13694545328361,0.697322647595351,-0.7328579897812,0.00708050168766161
-0.725833612741641,-0.052557854441468,1.26382513941072,1.94839029112561,0.943031664347986,2.67918569698338,0.80983270709313,0.508835514697229,-0.837122254040255,1.27372878967422
0.523781803503263,-0.351251529669059,-0.138153370117528,-0.990515603921913,0.53575578244859,-0.243987810354328,1.08785240379239,-0.689395007201766,1.45443817233504,0.249794348415437
2.86270106589571,1.35790836572143,4.04146802043078,2.57624953429944,2.36732173066367,2.09531245494791,1.22330511394422,4.61729917831413,4.0807119366408,1.69585920914367
0.591358673474921,0.692483092392534,0.876234838745441,-0.0690463553248191,0.348429709844199,0.403109586137901,0.0817162789953279,-0.515745387244898,2.68037102210227,0.600773996168904
-0.383741900098979,-1.38095079720229,2.43074969009856,-2.17619643234509,-1.26839687209122,-0.356212191111673,1.75713230020703,1.16614727026428,1.74230348816049,1.15376441714967
1.04614792815618,0.573463655092789,0.526322054277348,1.39181007880292,-0.320198652364775,0.891416431871768,1.71313767516402,2.5800510105572,-0.538389366485714,0.198549173745697
0.873026903412955,1.57515315147572,0.0769685494267208,-1.85941028059882,-1.47489280630066,-0.316685539252802,1.03952183455405,-1.54249073781692,-0.184305842077821,1.17764022562479
-0.60437682498566,-0.822913310059889,-0.843140559480491,-0.113337190253986,-0.0187844450249001,-0.851114371819236,-1.18292762976853,-2.80402568181981,0.723360235190282,-1.0447728633502
-1.24966613388303,-0.543289201704602,-0.087435837186943,-0.0313956491273641,-0.769124001991237,-0.347514099932071,-0.471493646936086,-1.59672098347696,0.0945193509231282,-0.69291121834931
1.39329137049518,1.37635389565428,0.0597847850808666,0.575329104960809,0.550054749853639,2.34156829596636,1.04916357873562,1.38082442933678,1.41446274713731,3.50544927960707
2.29345264810113,2.66260984888241,1.85356121259573,1.87016718735841,1.27225314868669,3.14197433190944,2.0582073230778,0.891309599723581,2.54996381044141,1.20830669841299
2.63870495997991,4.20170334016163,1.25307892427047,2.66162354965782,2.35879562626317,3.68602856938211,2.83980685256106,2.53141893040939,2.96237185170629,2.35595717241281
-0.914448616124611,-0.616873426052535,-0.680101638102878,0.697723192347241,0.347419385324198,-0.100874134931906,-1.14764348159003,1.45607903578266,-0.109244664705963,0.245718442359622
2.63635189342226,1.52188191354298,5.0849677695547,2.31205995773827,2.74281834149017,1.51537411729699,2.096609007774,0.459125624665929,2.59318137839151,1.43995158978929
3.90729753322926,2.05181183669489,3.68158813360684,-0.911400925108634,2.10314261783612,1.52877260551573,1.5602011463487,0.681407834350104,0.35033962860412,0.523216884864422
3.75171085797256,4.96649599767496,4.38178083571843,4.33690846605084,3.44387760371987,2.96950226483133,1.8064796770315,3.07649150330246,1.9484864131639,2.59059467920211
1.89077885802812,0.718782310182584,0.104520292651541,-1.31049861385053,1.3005134157271,-0.827034137192252,-0.329059463334144,0.647108125627681,2.00989333673993,0.00159226965958637
2.51893945593833,1.13836672115992,1.25838509604503,0.864002833848658,2.16720168522248,4.04426629774696,1.49050316153059,2.32394429067612,1.89527712988617,1.80132912891023
2.57495429173002,4.34071545834473,2.03507346777657,1.27896724451131,3.21327939088906,2.33831624869413,1.62294405150358,1.63429723494959,3.76801698572046,3.18279407425154
-0.0473227838090045,-0.604799801024599,2.7254047917093,1.60689114995518,-0.200353682897247,0.527850350285325,1.6102502141318,0.648968197443059,1.36472429264972,1.19889729965403
1.82037980531027,1.10984755059464,0.465813639337667,1.66312572675725,1.13667126031796,0.794604564534283,1.25587795734426,2.03484603533469,3.50662245196919,0.536965130854009
1.49848486295063,0.421246137342564,0.69836058480941,0.637839392313757,-0.428121732360986,-1.38877409763476,1.71188718859362,0.905442913688625,2.27319575005439,0.472475607669669
0.938978835983085,0.694597467738132,2.51405546100972,1.0769816631349,1.92962826354439,1.66820452913582,2.48547098286362,1.32321987508481,0.584643086615308,2.39720349503997
0.479036768866461,-0.858135564249864,1.35818617955592,2.43175639424915,1.53492813366534,3.0526588255809,3.15126637353207,0.952672326397205,0.735619135347182,0.850534436157777
3.23442159157573,2.92913869268701,2.99997551719573,3.00211329869627,3.99936929919136,4.17261176606777,4.35276215642758,1.45734975054654,3.70997844337508,2.29378608512361
1.38597651690688,1.01001166087113,0.908778323378326,0.0445107493308873,0.183785389166271,-0.250489006700264,2.22113321940934,0.182957209172707,0.949388452591139,1.11587420429507
0.631838174463305,1.44802350729051,0.732238532272295,1.99010034634123,0.214443126212817,-0.849405437712968,0.148001820852906,-0.0527726741260972,1.45533833001713,-0.237213988087856
2.51977135874262,0.578797832552027,1.35584567004552,-0.525574697471508,1.58652716024448,2.0262102373236,0.673461282173801,-0.584830655762162,0.15987763658249,2.00643905424551
2.88972809384126,4.78584845747905,3.79345840768875,1.97467257449802,2.95679480500366,4.52298971215351,3.78510500850208,3.15077185735969,2.74594085685933,3.32761977119622
3.21295440374779,3.14639277776546,2.3583707722948,1.99284966125847,0.90041560234756,1.84010377551209,3.17562180459739,1.49541836125492,3.25165454753598,0.917790488895538
0.31867524508892,-0.0708071675740731,-0.0339290544411788,1.68545884654482,0.927142204418881,-0.394798691247525,1.11850048232618,-0.441298689487708,1.68347541742598,1.00072153166781
0.859531966017892,2.24598326047322,1.79238891653181,-0.44275120034002,0.560268531215284,0.655044400580406,1.9374573156397,0.0800923287219691,-0.798223118621969,0.514504021525
4.35220295032544,1.64297050797474,2.52328779817541,2.61504283181809,1.19233035254695,2.85285983979693,3.41520763820061,1.91252300802929,3.16292898631979,3.41100962125987
0.669385222405362,0.815505779052344,0.261659843683715,1.4068156602315,0.946006851811262,-0.433519677801528,-0.0349095292272708,1.02210540665654,0.68756175025744,-0.720889086294081
1.12988897621061,1.3935790641454,0.712119435097026,-0.237791947099677,0.380357958103728,0.822550700357048,1.78536227521587,-1.09723843044821,-0.249992904132823,1.40948999337293
-0.00560454022469521,1.08043940082722,0.329917264253147,0.997252248223049,1.28598179947789,0.958394952654369,0.631641013210811,-0.587367795680437,-0.366048477554635,-0.877037541675792
0.560793159759971,0.641196816877882,2.61873900806981,0.84056859825816,1.85391090424221,1.73136847152158,2.28176264000195,1.64504207845847,1.37247476370457,0.768649973892215
1.71945113898466,1.36402534203143,1.32932260944285,1.16681758325405,2.23998272355252,-0.157005075405599,0.411121129317381,2.74698429083613,0.677393282927234,0.979236772122459
2.00993201438737,1.69176644032671,1.99523936229089,-0.438358374867751,2.37485552339938,2.89034458839364,1.34189635055134,2.74591260122449,2.74779230361682,1.02348080017896
1.63241324715324,4.23603757415054,4.95839692964458,2.73294078955347,4.19799676574003,4.30224702613475,3.71240146796772,1.77278766990211,2.76507723615316,3.32887908339606
2.74647091942974,3.24929265715482,2.47396539477123,2.07192960288033,1.13926024637691,3.45258678845831,2.06337700235118,4.80348275379194,2.00033244408004,1.47858297798584
3.37624141453495,2.77307883167531,2.99765113888366,2.80823626475814,1.27567651506779,2.17984401415178,2.76709041979731,2.96096506938255,0.247454989891389,1.22957026622028
-1.80687421594934,0.0831183280153014,-1.23319727228059,0.344773582601469,-1.78144563140781,-0.673097933003629,0.423431438098417,-0.123597112428961,-0.221995356113268,-0.258772441704821
2.1421563877236,0.257267931407788,2.08393037976781,-0.897711117732157,1.19102756729237,1.1555174187842,-1.72622278037522,-0.808121261099977,0.17466011618585,1.2964244628112
0.595763358274962,1.72915090367267,1.04681484494575,0.952675840877054,1.30143501408416,1.90005569149596,2.74848161744626,1.73543882378306,0.328925603348684,0.350784500772632
1.06731022287682,2.04847711619203,0.702903581976177,0.38220800220033,2.51854175016721,1.10800730683074,1.22756988845845,1.96016268742344,0.800618525540442,0.906559186815136
2.88325896108669,2.30511216291979,2.30707509522089,3.7808476466096,5.01630165220257,3.92432307519015,2.76983964054213,4.9359811634899,3.35706579861339,1.52547097039106
0.245249394371167,-0.570053791073436,-0.721658784571175,-0.65643251554709,-0.572397809931972,-0.714780250885962,-1.2135347457008,1.22133647760228,0.900411239867072,0.134473397531649
1.63896365153699,3.47251342740689,2.00366828129339,1.87746032253643,3.09679897589257,1.97377946303512,1.07881141328454,1.16041082774457,1.32104560749188,1.82510322228395
2.63550132512637,3.37940732051198,4.01399296244058,3.84007421880482,3.91714740872631,4.95980558633299,1.80035979643753,1.58630503231992,4.31825242232479,2.7498041971284
0.652944995371474,2.3781181400176,1.91018680785473,1.33480738852755,0.758632655608394,0.621047076682843,2.46125064372658,0.0843843053527572,2.41805333887756,0.983238605102423
0.323832953055809,0.287684693356591,1.3742817849819,0.425549289315516,2.04446000906025,1.24818891420664,2.11867719301313,1.07100350842916,2.12568702512511,-0.58250172364416
0.231116361370138,0.42334318110039,1.48783235383063,0.766764514854615,0.0668282729420292,0.00585800694949493,1.35285608108201,0.702039111118614,-0.342733295196991,-1.06283086929079
-0.212817873836675,3.14450728989261,2.11976206422814,0.952975325092811,1.69441258455991,1.18235335888326,1.92136605366533,3.82292265927671,1.1836755256971,1.98777705950405
0.865912120917174,1.54794069042419,1.73059474249835,-0.265105643515127,1.0045993929675,1.27055800752499,1.67703337648791,2.8503060423489,1.42895973246271,0.0568285587364493
3.62230248619538,3.94471172679753,4.94197844515723,3.86801000539093,4.37793113698909,3.7473882321704,2.40181490145469,2.15093407666176,2.20380074365053,3.2525780023882
-0.0481775444151413,1.11808231172214,1.3338874358664,1.49844809520194,-0.554670060164028,2.3184657968752,1.62658838289666,1.39285021781259,0.551861452225604,2.32663924099244
2.23007828653698,4.16584095261114,0.712353980219156,2.62077740524537,1.6813557959431,2.85102613972582,1.33815533568337,2.14870176144156,2.50801001898836,2.71357873214322
1.42469375897264,0.383718758141641,0.692446066672303,3.31592764565403,1.42370403145453,1.1420181389067,0.23020809589284,1.48120223799974,1.38048005051185,0.191845297647375
2.066187598918,-0.478682515385468,0.625943128320515,0.415228273304798,0.162892182708792,1.18799458850805,0.582647332766133,2.12615573366894,1.78606452422184,1.07321950306597
0.370043150527732,0.0736847557138314,0.312595878438536,1.17347775679139,0.201598223766372,1.00366831569829,1.20760943317119,2.58934547423337,1.60459432333781,1.48497698206619
2.96785080878154,1.34309559205728,1.45979806699887,1.72989764055755,1.0743101777896,2.59565629480282,3.23180627407806,1.87669386833359,2.41481061552301,1.8928187212529
0.947010780216267,1.94206858046306,2.44916868304356,1.08248057300345,-1.0409463298087,-0.462325793694663,-0.0700406145215917,1.66095557743838,2.12201624691342,-0.613566721035562
1.28683036145781,2.61842473233884,0.505839980418005,2.44366076274262,3.11834522598266,2.53403046848933,1.26310556370549,2.60256233656718,2.35904146496012,-0.945937750829356
0.415992591519111,0.161368056082683,0.773667026926371,0.303449908262706,1.47460562755864,1.67807546915482,1.79771075177508,2.32757843306513,0.532679297327039,-0.245677989038504
1.08209571497902,2.11437444246922,2.48790959518093,1.25948294900946,0.870025973942301,2.43371550091202,4.2970247864505,2.74578165022642,-0.181276911571413,1.32190593389696
1.03318781400605,2.51803993347401,0.294155953618912,3.41317794747774,0.883681283873437,2.01732806412848,1.93968609908406,2.64297587938136,2.07072228907697,2.59148830913742
2.39231505606071,0.849609686537601,0.635856680724961,2.77074024968369,2.05951946866604,1.79561777468541,1.35901596389138,1.46193080480929,1.00620754818103,1.5032059696341
-0.921923476705673,0.431485466114769,2.00424312977728,1.94820678009525,1.69744448776602,0.674574217208744,0.699538210820155,0.365730707613566,1.58158082514503,2.10977647998481
0.389773462095558,1.34482455635661,1.45862650767086,4.69903974564396,3.34716898102302,1.67010289116571,3.93642179381122,3.24937978830805,3.00527523874858,3.40903481367681
2.36938296328163,0.366491184805861,1.55161865532323,3.16041744239718,1.33648345071719,1.29310492814032,2.75181788606539,1.73814494701054,2.6731070637766,3.17110156832885
-1.24567640399776,1.34383255190765,-0.0164479327432498,0.986689378466342,2.1407572085283,2.20560876788357,0.202982459485885,0.236133515150973,0.820804625621167,-1.116336665246
-0.110256793447384,1.84697669498411,1.70814176870654,1.39806356149886,1.59880071403034,0.446420685362429,2.6424732886359,1.43822268741299,1.8232022039245,2.45003922297112
2.02362583598712,4.88811855663234,2.57992944300432,4.63607880188165,3.48252637216186,3.50171289884528,3.49050947898759,3.04169100973917,3.61515455876021,3.58077566006846
0.943863014471295,2.18790288327345,2.51423296591852,0.359623848125395,1.65570805201186,-0.455333679634406,0.13568622964473,2.26044283723988,4.16705963627257,0.748955324047002
2.4552926396795,2.00497118895243,2.30434351604021,1.99794010442677,2.26338051568892,2.408100095028,2.58446677456133,3.37322511668076,3.96109378982422,1.00771889854584
2.39180591192693,1.2913054852766,3.82747495782288,3.37696168294383,1.89756803710781,4.27748505177383,2.76345089519656,2.49463184111869,1.71607312919445,2.90378690408089
3.64833988120188,1.9179035818061,2.57855758349723,2.0396271861032,3.083388221888,2.87557944918819,2.82612352100913,0.965557321564859,2.62551312676003,2.71309784207137
1.50538475088726,-0.17626396836023,1.6545580662891,0.578947666647422,2.839986321355,0.362708517825824,0.366929262817465,0.66264311367184,0.751763235698483,1.76039294401969
2.29163447007293,0.689567146812729,-0.0162887689884821,-0.197406477436362,-1.35531217755928,0.427003520899242,0.0105456299056388,2.43476491860088,-1.07546587740448,0.0310306630099316
2.75111308486203,4.94078875402911,3.7003163440094,2.82830321239926,3.11381489502556,3.41259503535006,2.44415578339074,1.1265369622054,3.81534496573814,3.5657314725986
3.83490404910122,2.84052067888835,3.25846492662175,4.77840685696058,2.47208704061836,1.6610634871517,1.34791004218966,0.298807284802231,0.938360724458927,2.12866655830977
0.411804217793643,3.49216839315697,0.228891981742449,1.42473451728378,2.93898716943234,2.21888766212271,2.11445903559361,0.383912677467376,0.733726836276903,3.53375780041092
3.87407356182027,5.51778766146009,4.30851860318445,2.43380383898434,3.56330818615889,3.95062083170806,2.56944663911314,5.81092618286597,2.3960360766344,2.89471380081423
1.77470456494866,1.81750654380637,1.42097777016766,-0.326929975791609,0.3957830992164,0.599547441960578,1.48242443322621,0.295624580185704,1.64476630188685,1.46720515807647
2.54010740116677,1.16379644751121,0.72147031150631,1.56598141815966,1.78208893711568,1.38115341211137,0.493207494194315,0.354389365524631,0.0908704005596117,3.05267087144265
1.78051428254094,1.83631611105395,3.17945283024197,1.3147717544152,0.876151342948609,1.44455190838422,0.610248522235729,2.97712193764924,1.44681606436148,1.54957475156981
1.23761600139036,2.02685955243649,0.608703746794953,-1.02973565279247,1.17936784673226,0.79610668681928,0.961166639737692,-0.0436085692854145,0.557677992861441,1.68739707566876
-2.12724771741706,0.923889998935811,3.50121329970561,1.44628768162717,0.679532347427178,0.395216285168261,0.885100062321133,0.750490894773132,0.618675606832495,0.237684966088609
4.25405883298552,1.4947077984223,2.46768621617121,1.34658709666991,4.38810544816109,4.33006523698453,4.10435446410295,3.53713634234663,4.23167466586608,2.71946861121067
2.22475318390338,1.78662784706821,2.04390627525952,1.64874636584332,1.68997064138125,1.47515140998386,0.828192834800141,2.12493221137319,4.06723399062852,2.75038064959131
0.292561534567154,2.61932281038666,2.94770007721882,1.2825398782337,1.49724108956602,1.94036581329511,2.99977455025355,2.21334927322725,1.84111778500274,3.88558249191301
-0.166989156116446,0.472870943681409,-0.489754974265741,0.887842919227214,-0.354312349445633,0.153003275008169,0.366678638624974,1.43622776869604,0.513527683115839,-0.830173818990149
1.40327020153086,0.823115385884962,3.10129103575838,2.25265304379182,0.360422175371758,-1.10372715367476,0.73031772954235,0.646570964199689,1.30743099043253,0.550021789582207
0.464518034230699,0.832867099347914,0.818986940486759,1.42076754468933,1.66388088111059,1.93319982435706,0.610396038929982,2.26026867492241,0.849279120825416,1.90856986752916
1.41663376660035,2.31542932809517,3.07140568316005,2.99592176870342,1.00836698458897,4.47158227953152,1.45176641288666,1.46869873112061,0.690991026991383,1.82691265974821
3.23253722472391,3.71319686962747,0.952841713258087,3.16030688994887,2.37041170805191,0.438144902692181,1.61741470116339,1.61847038531591,1.91444333300987,0.490074050019152
-0.90126512297255,1.94518499977794,2.26329078954198,1.07431745920554,0.134244656000136,1.96516988011486,-0.232653938178514,0.794308050639841,1.16881293892044,2.85909470607781
1.74745990963166,4.32970180574536,0.399725948845037,2.30126207099477,2.33796421629054,2.05178918306395,1.44447714075029,2.39813929974589,1.31964952976972,0.626081742276373
0.643395937423891,-0.361842956626362,0.361533874010112,2.05920281861714,0.857592399918899,0.411109579265302,-0.106629957782151,1.56927874703246,2.09533266597492,-0.965409229772147
3.11142387412479,1.74449419929774,1.67583684660071,1.28552423689696,2.79527990871377,2.02007449106455,4.71028928031876,3.14863868261021,4.21431649082015,3.68927516871564
-0.264691956833058,0.740937660250314,1.95747655199585,1.7761310097652,1.28378681744732,0.512741542380018,1.40711369907487,1.11776856204613,2.29464259907752,-0.0175958629697255
2.86690063507724,4.00583760764823,0.384142344774182,1.68930473974968,2.03653499488174,2.12448176696079,1.1476758913861,1.8751020681823,3.05523215361175,0.857939232877997
0.375596492309757,0.435336378512015,-0.130561718828508,2.78305505401344,0.578583933783081,-1.32161351116178,1.48117159660348,-0.653384350228334,-0.482216170147643,0.166189504760832
1.09370086122544,-0.30832146927602,-2.06540518555668,0.843436584431847,0.0324397752176169,0.617723725241787,-0.469389209997701,0.0816740636445971,-0.278228215537351,-0.283614722582754
1.50886565028139,1.0982649218637,2.77248903146748,2.03902256282572,1.77571958757315,1.55294559419102,1.23349119722702,2.21077739048307,0.191652628714524,3.96026566024447
0.745907059849293,-0.386778171979963,-0.552025272023712,-0.79414227119288,0.725702945978058,-0.493709004891578,1.43801878684467,-1.66944648569784,-0.674396782332262,-0.360432437571092
1.10286609034191,1.6983952985757,2.70690789578048,2.19147473948744,3.85684324619097,2.79144907916852,1.0381917252724,1.27187344711734,0.935236965168189,0.384106849126002
1.45762415494081,3.05654248641378,2.01861630030347,-0.173735440953026,0.467336493917832,2.89735384835622,2.08253387948937,4.21688963237939,3.92258176587246,0.884300980080222
1.13157712063143,2.19341822031863,-0.0251956056010647,-0.0749970795763926,1.84970372680738,0.345247307343239,2.05172895268609,1.30257863892759,3.20305089136566,0.637859439652318
0.924398369777995,2.30163924145022,3.5787347767269,1.48847304707961,2.02134669926536,0.0148853893316814,0.916616533153752,1.18038550447852,1.23785063015642,2.19391170862069
1.51881976652262,5.05168285438424,5.40078620670419,2.30414404979964,3.20089583925846,2.32164340865679,0.458057798546478,2.7621106539892,2.33053465498194,1.64040882679962
0.216286496007687,-0.606025823624069,1.98958932792348,2.36561694529592,0.854922669218753,-0.296016470396985,0.372007453567978,-0.304598580856308,0.890498495685525,1.56544931736714
1.04643543333413,1.01949404933738,1.34882169610638,1.2871313597815,0.867738786060453,0.954491674341638,1.88652503497854,-1.03422631842028,-0.263701616641853,-1.2912139015339
1.8665249317965,1.2314561846038,3.50780612753441,2.19396910909042,2.43598971901574,0.654012262879235,1.83290888422531,1.99301653001333,1.74927113512406,1.57089490837005
1.48130053654914,1.07910531422362,-0.280978068654695,1.47202611722013,0.318435514608216,1.24046963204734,1.04007900776147,0.330110450094965,-0.0180881358345952,-1.46178858758871
-1.47988576116473,0.720179955765879,0.154540888639958,1.06279963023985,0.632228103012847,2.5998581300768,0.97612116457648,1.7448385709912,1.81127003637589,-0.570227913569516
2.33745029956625,2.58993624934273,0.886424298539902,2.48473212007992,1.66335521955462,1.50401462126578,-0.711904056065172,0.901824247673147,-0.311333123011717,-0.471917518529019
3.70514592744966,1.85200696983771,3.77760325352091,1.91223292892376,3.6887855934015,5.37406820220245,2.72205590453636,0.755133854465319,3.44202324020969,4.56043440644487
2.03527752154914,2.65673868644518,2.60246792722379,3.57789261216385,3.6873345731568,4.922185468797,3.9290249635578,4.1198324448319,3.92306098622107,2.91599808054082
1.15846364880801,-0.474840101854732,-0.0102175587054598,0.700960151853977,0.827088886187185,-1.93252248605114,-0.212858275111404,0.2371616790111,2.22941732277081,0.820671807710288
2.08895255010892,2.62070555591458,2.13936761918874,2.87996004225192,1.47292362882141,1.59324180831248,1.94290088814295,1.82945747720719,1.18817474218543,0.217493975320253
2.05468919043951,2.26596434685257,0.485245101415074,1.87158455414474,1.92935591495121,1.12171539602553,1.3874976756888,2.07941724211362,2.89744092241777,3.16360912282024
2.03568192002883,1.28136352939294,1.16465406807369,2.90292675821277,1.64040990943352,1.60061740155156,4.55738742477489,1.4774466068442,3.25898715732034,1.96519599895752
-0.218362594316915,1.61113978125502,0.573760827028264,0.947799807974686,1.03171155493965,0.722818286908817,1.08019538468728,2.19295543365652,2.16687295414489,1.01337390099332
1.7420186949026,1.48747704239229,1.61721506135162,0.679054846004428,1.94165687624499,1.6361120746838,1.02214255261058,-0.143394444927436,2.46626829397735,0.934780229045514
1.3977596202722,1.43225352441983,-0.033654700758418,-0.58272458868092,1.69090807884084,1.23029213212281,0.195005853820158,1.3551141474913,-0.0278887805370853,1.09171160501992
2.72360891962742,0.371710118636804,1.1865355957455,0.478655119034072,1.50795713193957,0.0230186329752327,0.406653628843927,1.15157135049171,1.36932128051627,2.19894729463785
-1.3650247989911,0.347964168001591,0.526368733874898,-0.531252720818372,0.319515240516106,0.15959771768602,-0.5416909384522,1.06950101061675,-0.0858812432569357,0.397531923669218
0.309842877268078,2.57698436779979,2.17654047277081,1.85876689475674,2.5392299933745,1.06754292216926,1.64020750445948,1.63621779724647,1.70474649291988,1.63234888636968
0.0449011424412698,0.784406754660876,1.36447160809085,0.235652691037877,-0.460726287527563,0.572569750037314,0.930050683444177,0.651549674154144,0.963363417463379,-0.784469860036995
1.59755467296419,4.93211688624925,2.15978508613506,3.03420570259022,1.25943927656324,0.828569161702479,2.0706626304616,1.08038751792221,2.75955531476765,2.7672268577961
0.161654448670037,-0.0834017898103037,0.0826169888296783,-1.3111278207703,-1.05178733282711,-0.196015383161059,0.0531053018157038,-0.158479368458953,-1.43010454284088,0.135218609238019
-1.67347913064092,0.773735109755746,-0.910331377981352,-0.454619582991729,1.64130524006372,1.18736654754696,-0.170658381940442,-0.402923912399197,1.03229025766349,-0.386373103372267
1.97358755019513,1.65696095882802,2.91439621493715,1.64747662957014,3.06201854006823,1.33925554428502,0.826269420288442,3.32793123209245,2.07796517094528,2.0045426410903
1.41660376495988,3.31490325353463,1.54318168097954,3.62773613028403,2.77202718904926,2.71657731307958,-0.526736077791386,3.05862491470216,2.27032727570764,1.8851113348267
1.18207651332135,1.02174029009237,1.16191569771074,1.10925070581553,1.47582236424321,1.2555875323502,0.394180547119239,2.02223840685118,0.108807735885433,1.32980895495791
0.83925014972848,1.60542470839748,1.01211171888737,0.34908983374558,0.365867574886227,0.938285020428765,2.68494037183695,1.96408103368172,0.352932754992555,1.87678064207217
1.18310681112967,0.455720040233202,1.70308319236286,-0.681698098747967,2.54072966314479,0.0837956079507094,2.53091805308036,2.14768248726786,3.65164919465119,1.81487263023705
0.310985929655727,0.362003914425272,-0.0877004621664691,-0.123123969815072,-0.215129176518832,0.922593290928681,0.139844305983364,0.346942951455027,-0.4083447431553,-1.57731803380304
0.755215803391361,0.704413575012244,0.203444046988939,0.619402721409269,-1.47091984513506,1.00540164786424,-0.629496982746346,0.0120292235376349,0.169193613614597,1.21279880632692
0.85091704395909,-1.4717238428447,1.00308925597017,-2.0438628252878,0.77189451780438,-1.9163314750421,0.68312025226224,-0.925584725956733,0.851002214494592,-0.415825507115117
0.000118469346228389,0.177571618043956,-0.264357892648787,0.121225881635901,-0.0754929267889553,1.49122436000845,-0.243583118520422,1.72445508798848,0.318533116690489,0.656791953292485
2.15862935421691,4.46611005067964,2.2492866434117,1.4729409347917,2.33386596963853,3.06057531106933,1.94507108033362,1.65013177045359,2.60279298700411,1.03270675111301
1.76674618161008,1.72057270902447,-0.0160386772228984,0.887965484737704,2.00914736605819,-0.878865416651961,2.14654692507453,1.1717418983583,-0.0470537597939911,0.695534951769839
2.4618221587123,4.613733429279,2.62997974313721,1.60284868167566,4.11983413631567,0.393792381362621,1.05052228613,3.33473890931891,3.99961513397527,3.73104119412299
1.79149890777727,-0.297810671323304,1.60039967971231,1.33022443654493,2.05133952836768,2.03092704701382,0.0808384712388241,1.48774046446739,-0.428515626335868,0.707200160195336
0.866877270385306,1.62388649627708,1.90129568610496,2.40559490143681,2.33094761280568,-1.19117677950104,2.27214931563311,-0.0800597313726619,0.21443004574991,0.387922068372115
0.266929044559858,2.33351716239064,0.562380797464062,3.04731022590531,1.3416879123455,1.24625028465677,2.28685863964746,3.43942978342085,1.16064873792153,0.465348953336685
1.99839982790017,3.41366352523579,2.82795445128464,2.43501369061155,3.69949267870787,1.88622262902599,2.83845185874375,3.23766398356082,4.29892189197508,4.19684696041254
-0.886491818004773,2.11931248586312,-0.837422560641789,0.917552099398092,0.55263993489928,2.00695704065405,0.0389505327732117,-0.592939508630568,1.38450071252221,1.24232362909244
2.67256698427492,2.19122951740527,1.8614638834397,1.53300071339309,1.0527340080772,2.52870826267009,1.01678701345421,-1.17847553076799,-0.20357932464377,0.56519633018178
0.72233215040064,1.99066785733861,1.09167651620781,2.78391381657193,0.719652944483532,0.9345065178803,3.27946159424527,3.38920685372308,0.246683869362907,0.542391166088337
1.83759014146976,4.90914480386216,2.31634497910284,-0.092689658462719,2.56211255115792,0.116852123152282,-0.350161428585533,2.98649966891432,2.771992771929,1.52436891343702
1.99618977928738,0.558156142249863,-0.128276874102932,-0.018069941796369,2.10002302952295,1.22420491292412,2.9726278492406,3.26027183779144,1.22660545359393,-0.222911778925135
0.90900227338461,-0.495570437100757,0.87454338779938,1.15913405942392,2.15104539547454,1.12249040681394,1.56540974265951,-0.608794381655276,-0.145188221303738,2.32899529665058
-1.47997699152153,2.05187694545844,1.57714287643412,1.15610043479112,-0.0152218452051029,1.14243702330299,-0.0426859593859736,1.97657085265225,-0.528823568308075,1.69092349015884
1.13602732444411,1.24950292969413,1.14818473966978,-0.406741353607031,0.709370748597118,2.2858205428266,0.250913733155416,1.4311139046077,-0.737649806199581,1.65090517467234
1.90022774548517,2.12871726192795,1.22781578040097,4.8266901877427,1.85278934406271,2.04084097268237,3.38993802358923,2.22397818960588,1.20041991232207,3.06505588675057
-0.950894780157263,-0.519277853232402,0.270393070386452,0.315084579950989,-0.692079841604158,1.7567482657743,-0.747309824715125,-2.50043613942128,1.07518338012999,-0.793371192375973
1.37432114712601,0.159921377108334,1.95765431684157,2.56794486859686,1.67500762362619,1.65292094207123,0.775689228065018,3.22100325494092,3.18306609301005,4.65585279333895
2.08413907542726,2.52725020157783,2.52127860332438,2.3003640751986,1.6559862719219,3.4184820599263,3.34715623966553,1.34788407271872,1.09424792843125,2.92844584858228
3.84195066972082,2.43873457312067,-0.238811582317161,3.11274277397559,3.03968095229593,-0.0950895510292304,1.50184442291869,2.82806163425019,1.00677759505157,0.154397961566386
1.65186613474853,2.02790509440395,3.85641014865486,0.2899517118285,-0.352537755081642,0.451886487425956,1.30233765981364,3.91964835408995,1.00228649851356,-0.808877773952084
1.18298805111802,1.10260969351248,2.07732058493128,1.54570645124554,1.10935572325854,1.74925345662119,0.119501477202472,-0.869633507135105,-0.248225201476244,-0.731147244705001
0.549913652456969,1.01002313271099,2.56660926906941,-0.310290947637367,2.24149079008405,1.21663766564018,0.061791575588555,1.23015841154127,0.391664134636654,0.627041432548541
2.34382190078251,1.17891164213017,1.97177870098296,1.99267116463053,1.1169066749304,1.59909989186512,2.23415665149652,2.56331187325106,1.87527295723682,3.25016427960243
0.218765365137829,0.731132014351938,0.505153438157468,0.680567852096448,0.276581116556076,1.88109400684736,0.522941046181646,2.80359886576264,0.464866315522123,0.850051255018864
2.76732865857847,1.38120196681316,2.80989809529,1.99846472679718,0.938112389082947,2.41445792202786,2.57482184021798,2.87296121391564,1.51687622782808,2.54970845149672
0.208948950682835,2.44035296859611,0.702665828740817,-1.31676702141621,0.447237815529603,-0.879369325753145,1.45547126409809,-0.949429793876241,0.102965045607631,1.17803602257697
2.41015679760518,0.952489010770111,-0.458781625359878,0.011463049381462,0.00449136146241358,1.54630610222313,0.732570152464624,0.677344602563269,0.779591777538051,2.58512109727669
4.4441626783689,1.4148477543543,1.73376431667373,1.85651729334097,1.15116687553729,1.44413424237423,3.00024498887317,3.45304965730507,2.2299721947507,0.836063975354179
2.61258959139234,2.01366993234983,3.81039763460359,1.91288541637366,3.17290244088075,1.61855232898229,2.17030834902311,3.39182433045371,1.92725131948063,3.08272473151332
3.17301619718823,1.07365322129953,3.41158818161658,1.14214201873921,2.44617016996165,2.37439264564495,1.56212278867779,0.67533647799271,3.67098958862408,1.67373027619613
2.79002725602436,0.317037248795371,0.740214527863937,1.6844498823209,0.304069120497816,1.65520538128708,0.795403775262132,1.9614421183339,2.14838659393329,2.14349221145026
1.7411655525501,-0.552665687824156,1.97547837899822,1.36234087943094,-1.41089390821163,2.32476494922912,0.334350108685477,1.33080779823603,2.88038391106749,0.496934900258825
3.04975660998126,3.95250732120065,4.42494013992748,2.12725978241603,0.875092180079927,2.44561697980591,3.83679088428042,3.21117155639795,3.35375128706131,4.17125028959751
1.72433407545389,2.64500575584745,1.72045373965923,2.78378809827211,2.68717479087781,2.47197382183588,3.98324389578365,2.21999655604992,1.39411858514758,1.29562056499837
0.853772689918042,-0.273117995448547,1.78208019810578,1.74946747559781,3.07970210798811,1.5724193819509,2.45897285802556,2.2663141543731,3.11811078771437,2.34515666876554
4.28241192407066,3.22872983764988,3.75526534245303,3.07062300195677,1.54808068365533,1.79015800761141,3.90045417280091,4.14829153095292,5.7000363101354,3.38173129841192
-0.224336858727291,2.02221296403775,1.03390780874398,1.00656612555515,0.172648827960198,1.33538658169039,-0.402400293074263,2.0149150924688,1.65836498828372,2.12370390061357
3.35831927390123,1.00562318002555,0.851261013008441,3.46653283945866,2.3426899672464,4.05870108740999,3.53301103693717,3.83128215735511,3.69310675923765,2.34244626589934
0.49723935966349,0.58047835023036,-0.189839648833418,0.0670943617792988,0.404563169337318,-0.196433656527932,0.497875728512459,-0.506087769990369,0.762017280643492,-0.958106918168085
-1.36810602626433,1.69026415539333,0.735530183749842,0.653712167142347,1.01731399190427,0.230753524070951,-1.56600666136714,0.817329540056338,-0.117936220274398,1.46146906252687
2.98114619758028,2.64451087382431,2.33159279515802,2.13321835733173,2.1943435003737,4.02599854899687,2.46823214559667,3.80580811085329,4.19886688807492,4.19656327364327
0.456848357825713,1.08220337187224,-0.608137367771259,-1.67687519992312,-0.60252477172438,0.660634081355609,-0.338971332737864,1.85036554858641,-1.15247704628253,-0.125872502290105
-0.88293970100448,0.372101919449799,-0.148769676958715,-0.499734175476826,1.34744787084558,1.82964326908834,-0.043619482613581,1.62293542376111,1.48074303453925,2.36588025768149
-0.113990067017849,-0.461575983662774,-0.187102243447113,0.485214609238195,0.521772588451057,-0.359978289002363,2.42217676663372,0.598348617895835,0.639271035584808,-0.107973098709748
2.68636816316025,3.28186058778817,2.88062656697381,1.54772825898376,2.55652839095664,0.531024648495205,1.49034377730586,0.557618048335101,2.88319691654213,2.5599667696993
2.95141809042341,2.47925444510286,3.33581663363899,2.23093595107276,1.70409627185972,3.66795772072404,2.20658880854489,2.34314385992848,3.64996045182965,3.77715866530516
0.997529134866604,1.64248104892457,0.572712181416325,0.295435252055658,2.82993856163577,2.05003165390999,0.933956377523626,1.43621706761945,1.83502544089531,2.91096376885104
2.20299577597552,2.13266142050425,0.307895450089954,3.51193804669679,2.71372571876013,0.581561278471006,3.34226308019365,0.904704327761719,1.96832391040925,0.651447115002634
0.848191218181498,0.0834813417579428,1.32793144238052,0.168762535309081,-1.36581506439906,3.39086185698674,-2.04203352382689,0.356900253451838,0.381617083772082,1.87438991290231
4.96982291069864,1.68923329244214,2.10262732266095,3.04735762014999,2.08049966961246,2.25001378524531,4.33205069862804,3.80558639063803,4.37733387922013,5.19095123549287
2.22928530275748,0.172057873564605,1.75946099053309,4.13359837361465,0.125643883632325,2.30911318563468,3.80164681494231,1.47614254502578,1.84940275876019,1.95592643205973
2.42915706738807,4.28236847508184,2.36157087515626,3.23022336575055,3.02275984081961,4.98964994800371,1.91534774213039,2.87438586557072,2.19725406080059,3.75888485482287
3.38125990216652,3.68533177305402,1.80790114384616,-0.193465137084405,2.11620495204722,2.40082088894141,1.92589135530983,2.55405191610695,2.00564057145781,2.06561152553743
0.62834168029267,3.1855997574821,0.984643068778525,-0.414708142455126,1.15863546083764,1.59542718310787,-0.860618614732059,1.56417030002914,2.1490786767057,0.158799340669345
1.02129104806194,0.607915151325342,-0.3795490086733,2.18540869540527,0.328782163087018,0.726435119539859,1.18833791669688,1.2384977538333,1.48380529657239,2.37310161147721
1.10450425767564,3.39354073046849,1.02004794145518,3.28121543875102,2.95126642577328,2.31005967446773,1.21452107231812,2.59313998623085,1.64940522026753,0.777450162548791
0.656462901294385,0.229790470534439,0.522939846704743,-0.336656813002552,-1.05809462724814,-1.02637361237344,0.92065020920268,1.19781258882072,1.72027353604458,-0.694204545255495
-0.0142022836125999,1.11377024103603,1.14718912311169,1.20152372966965,0.684339405044854,1.43193633015157,1.78429848915274,0.73657814603604,-0.110035610833681,1.56899378773274
-0.344062528125758,0.0205894451641624,1.36906431026395,2.24204124968121,2.56684137091226,3.1742062568652,1.86964092345004,2.25874080283283,0.775008330362595,1.46761493933822
1.68889451639358,1.34693991129582,1.92700161818253,0.669642995522877,0.957849945323646,1.88243986237857,2.19899775719947,1.62097416863864,2.55279101389443,1.26569044131783
1.281384756935,2.24429492188774,1.19884705596756,3.18734420382953,1.4094450610653,-0.67848706847313,1.96759087302498,1.38757979370307,1.53338876939829,1.63629182346112
-1.17034037693257,-0.686330100962292,0.421760911042331,0.0415590023405835,-0.703588773969647,-0.0166441030918146,-1.40831829916111,1.55722753740252,0.154680698425749,-0.372334401136765
0.252511076849582,0.971892856809678,-0.0716552547460845,1.84719101289784,0.114121633732121,2.10963426723914,1.2873940542108,-0.0518059328941669,-0.255418544897327,2.52912173280834
1.07680791081355,1.08996736668647,0.61367648006756,2.05042408778028,2.48403703016757,1.72324566750496,1.25370337186537,-0.503375218758455,-0.406631350041084,-1.04225979695048
0.559657128880011,1.48398401491805,-0.956976905434433,0.325238948724304,-1.79325327012275,-0.00405076970761109,-0.0958540594620485,0.892468318542538,1.15383670608224,0.812329061583315
5.11968000672988,2.67602494203257,3.10973014579327,1.78142788635052,2.87264352414408,4.02767884677494,2.30611157017193,3.5416910501452,2.50498280768659,5.38521217850591
2.89382415059149,3.44529562107827,2.8060534663163,3.40014118382742,2.23387959473766,1.36317418509144,2.40695027999298,1.6621879203847,3.61113599173196,1.52797368432686
-0.568880320873139,0.750172861570077,-1.42995287561272,-0.511807401461966,1.00465651259785,0.863892124964448,-0.12094895070558,0.730090889883278,-1.51776762556538,-0.18437623950722
2.19434892210286,1.20243318435357,1.21641014794831,1.52517746330828,0.717408885690748,1.07407501091163,-0.472008733675465,1.42549169938336,1.13624164870758,1.54759163662514
4.41349961581665,2.20732382957624,2.22169725412628,0.571111822783929,2.64808068708754,-0.226012361485726,2.79061105708362,4.29031616185027,3.32147906344201,2.47754544507306
1.55425277778438,0.720573674435558,-0.947840404940134,0.413638307819596,1.48187814959483,-0.0402463407439671,-0.831198887055396,-0.588084428719901,1.50324535787744,-0.450599398963149
3.85496191023815,3.3094134436557,3.02957030317197,2.87753833306969,5.10240935331427,0.764387681711432,3.01955327630353,5.11440178027843,2.36488217038975,4.04096066677787
2.14883016515605,2.117609988146,0.954603161659702,2.5670386148931,2.80206587313544,3.7793450366872,0.6963050917447,1.5249722380902,1.6764639608402,2.78572435864546
1.66391328944884,0.203134491550941,1.15058342811153,0.229362046694922,0.562569985067452,0.543394458840589,2.04972581258409,-0.61466792798653,-0.427088203246025,2.32685581467001
1.15736493951071,1.31549116720572,2.72057726980333,0.889296851585041,1.96673246522279,2.25545511319926,0.290588161684401,-0.283620927393862,1.4726141735075,3.45887666515793
3.52779592198347,3.82767664425734,5.41785996107274,1.92898645995409,2.83332039274175,1.48994190453998,3.63671695448468,2.15548751062757,2.94268276782459,4.7164431924873
0.0338089852954711,1.45416931937678,-0.701839119618099,-0.42684608541333,1.95876853009593,-0.223282229517973,0.617488690090736,0.583858476705452,0.647554982502092,0.504385768755132
1.18465231579447,0.809375070033854,0.658932487507688,-1.93875191595565,1.21706574278749,1.67502880929628,-0.638646371435523,1.26623199526966,0.850040629637048,1.48365833432582
1.43592438651637,-0.430410607643265,2.28733289642157,1.88202416964666,1.35272111053678,2.76098701126567,2.41367919686116,2.47711327285293,0.679277336934553,1.66298554869135
1.63961815887731,1.24485376173802,1.90495081103802,3.29802635579737,0.810189299631309,1.71625126072351,2.98892373764195,4.05585885163446,2.3749791384813,0.724429006453901
1.59769045556825,0.389431402382656,-0.428692645359927,2.17216614473206,3.87303026419141,2.28175446908036,1.87650439979338,1.00647137741029,1.15522130753931,3.04329805361527
3.46514624833382,0.448182004853829,3.63425585972868,2.71732973049723,2.07013938512491,0.776269910027151,3.40027850202179,2.74344777508061,1.58565980779117,0.505554591161287
2.92956720947124,1.19438769971741,3.15587474675949,2.26621136097222,1.88263554950781,0.427855032010916,2.09419533968704,0.171409194740613,1.12081479911001,1.92700592569654
0.823947419654203,0.692421925536311,0.215080167951424,-0.822953770014658,-0.988009665119767,1.19150638397624,1.62796310779766,2.0498773678107,-0.592237456618221,0.29240399393297
1.33644487182246,0.152004997467341,1.74629306175548,4.06057207243487,0.896279167102596,0.176149357244993,-0.0251988237387528,1.72732268696513,1.1485952867878,1.53306750075063
2.32179268992484,5.27758277414862,1.6167490269355,2.72230634388155,4.79513938802691,3.813851345053,2.46019052557284,3.06251089843978,3.3717818928301,3.23471721448975
-1.1596844434504,3.15861643452126,0.0668168103374914,1.82174912937015,-0.0817271951798935,2.5519223883001,1.10543133057632,1.89432133769838,-0.502700572796782,1.39640888935599
1.83885467978684,1.97050224093822,1.62616258207421,2.00222751473593,1.40872042293729,1.86854305391417,1.29610377393763,1.59760213579562,3.10544971509128,3.72118460345819
-0.715951979678225,2.07769313887146,0.790505784580084,0.240052960342822,0.84553241791116,1.35343259443064,3.80541673135357,1.77114808719457,3.12863024766298,2.11055830778695
2.76724493711105,1.62418457579198,4.50208245236568,5.29871682502118,4.94225253165756,2.85026830068932,4.06403988414113,2.9590983813608,0.99332104357832,1.66984766884005
0.443917471308171,0.617580645580121,-0.00274521267815349,0.16411642514011,-0.372550421358767,-0.402238428838705,-0.289418230896272,1.78752512042256,-0.743903712918005,0.0182264759592214
-0.086496825148815,-0.136928875113744,-0.558466879914872,0.466489462250786,-0.22853905899919,-0.630219753651146,0.735640102286736,-0.788189036758546,0.719896845362049,0.864625439722487
1.61499302660691,1.39037279788902,0.432999236383862,2.45677587227996,2.29375926478571,2.38094148289926,2.05353898369323,2.24027545444899,1.93584495835213,2.52022352098188
0.442320620846572,1.97948931813299,0.954692176122662,0.359030115954544,-0.132857313267654,-0.277000639059569,0.277776380164831,0.440147879292131,0.686764215957745,-0.67028331646939
3.22328265083634,0.95885870847867,4.45849647376431,1.21626755695674,3.14194048177865,2.49980889460918,2.68303116278362,3.23049368219036,2.68482222623144,1.62186766873387
0.11025935196095,0.894188908492206,2.13485701840807,2.33627390233658,2.79565181226113,2.35229174112853,1.40494350887627,2.30148988455181,0.389329375720663,0.866682882323735
2.10678327142758,-1.24067309066673,1.54279722214275,0.587442002045683,-0.0314385017038881,1.81880384056256,1.79953385197308,2.6639008388345,1.43332851507453,3.16917581735704
1.88938625310076,3.64123576086746,1.23602038103366,3.22286833686814,2.06394853012322,0.304647697463395,2.84768678110238,2.44852491440633,2.50651405008982,3.02279743453752
0.268927939106616,0.899633069290365,0.333785955471443,-0.903922213802198,-0.889078879695635,2.00086255435436,0.40918100883074,-0.220781327060269,1.49898428930049,1.88478181356093
0.433243066455715,1.64855907432351,3.45367163034913,3.38467739677258,1.51092244184346,1.17837494776622,0.925762681716574,1.2969060739888,4.28831149418302,1.23873529287007
2.7569021836469,0.117448405864917,0.820335150203293,2.24121164656349,3.31963305649575,1.901626901424,2.10350403974499,3.71750798002064,0.29381149589838,1.77333065200798
-0.24948809361282,2.81480164214893,0.875996887943072,0.712492365013906,0.898125085633215,1.36524663664314,0.982813041046801,0.581219315901137,-0.189277912279701,0.334544253042733
2.51943718661027,-0.0835598406798304,3.17136793746451,0.243035349694393,2.67526174113856,1.75884776345619,0.980646830972962,2.33052915418417,0.938209861359539,2.23118589739869
1.0069037188598,1.80181205171986,1.33370323972351,1.58409703083779,0.940672648468536,1.8751132808753,0.933755783494126,2.21819863553234,1.89105431295965,1.89481773729198
1.53049659244666,0.255513931408498,0.447237090914652,2.32500680606872,3.73475155482648,1.74522489576925,0.555653524179479,1.9208269476685,2.45918708767285,1.52815455560043
1.61713154512209,0.378770087577528,1.49573485404163,4.16361119921027,0.530800202019905,0.784385197026943,1.60731450519346,0.561668698317786,1.83554022373447,1.05204270499698
-0.629881146069105,1.23519032249834,-0.391929354670404,0.0333100157236487,-1.06135846101335,0.511164455642898,1.42099119268173,0.245995032572261,-0.869076185608689,-1.15950020913072
-0.160123465398008,-2.18765897087033,-0.561388070006656,1.97792317029818,0.690047331415866,-1.38642296580976,1.70571500127633,0.0555906488105965,-0.277834563440254,-0.672108119317802
3.20554767277001,2.00000596392023,3.02652876945745,0.460522356342059,2.96950458246216,0.273168344283034,2.54581669392812,1.76114121155326,2.65357073256781,1.63540539235098
0.733885336588838,0.210524839415236,-0.243141843792457,0.452981547722698,-0.894004069777341,0.683614103601205,-0.0544208438001423,0.300375586126498,-0.28378983813625,-2.0541808675606
1.05983179264553,1.71627843838271,-0.525257877192863,1.10297143843731,1.44109505007142,1.99500589848552,2.71732332210792,2.14805844624695,0.303982799498151,1.45881767388141
3.30876874845114,0.117236429297761,2.20920588711781,1.05508924343541,-0.521164039563945,2.54047311598884,1.28937900294106,2.19779477502786,2.69354818956643,1.16308854684169
2.28328349886695,2.74093316529038,2.01203920127825,2.15340204614017,-0.0563456790855761,1.77019472787248,2.20144096858522,3.0443033702486,1.83655360414861,0.474963475224149
1.41899544463489,2.13383866719608,0.703796928013182,1.47191651378731,1.12664226451634,2.81557049920279,-1.15431780046435,2.67885710483621,3.34398088460227,3.84942047345235
0.312125606077461,0.0865799032853226,1.25560869535407,1.46103681241231,-1.22067346962933,-0.250606681347016,0.586551265181892,1.51603020182732,0.732163617222331,0.55786733091258
-0.081376374096128,-0.374458592902737,1.41535890608378,2.90744020874093,1.38916587829952,0.481195041210657,0.102799237709586,2.43428707544245,3.079480935225,2.68873334943272
2.00665654407562,2.34262640179627,2.99333744570768,1.71134941773886,3.30395037569242,1.8863164521189,3.91119936339496,2.25153539876708,2.29721079681553,2.62231119835943
1.9047663423261,3.35791980283191,3.39455329605999,2.19324022383886,2.7205089319286,3.66032410792125,2.65935616301282,0.798885330253483,3.55539757367928,2.63521581160964
1.04784922043491,2.5111119504246,2.2228399524498,2.40994907290562,0.681785337898182,3.5416529060727,1.73788824291162,3.23626726816103,2.92138275170886,1.92802884307375
1.08568676820162,1.05904807448274,2.13851834974787,-0.293937678578328,-0.766870949398319,1.5123429075911,0.358338656991496,0.201795135143218,2.08959838477913,1.15701646398133
1.77333558097974,2.20725267410179,1.40521838457008,-0.857245948696177,0.238021894387303,-1.31710424287403,1.61090503679938,0.795524070534626,0.52017378961298,1.32642438748745
2.43957139344463,2.63931637243444,3.27368640665656,1.12881470188846,1.10603722562926,4.00475060727612,3.26000041909023,3.09492289579131,0.506675148648514,1.25077914698582
1.05660613955976,0.387094929271783,1.52752513172797,-0.0405455242388921,1.79399405832022,1.33752211793934,0.662882285832634,0.420157287309037,2.40341499031947,1.58765649347174
0.532559278635128,-0.12358594125963,0.764418558853699,-1.05763909675556,1.84454847765127,1.94664991070982,-0.336652121220921,-0.161907370730179,1.34497587838437,2.19104747100852
1.84105487078426,3.33361420743155,0.868504093515019,0.986486531592622,2.46067699080538,1.7578220372648,1.30057273997999,2.18428277390867,2.33798512808591,3.2057414636441
1.4652453896924,1.17575833933723,-0.916595406967484,1.56308398442995,1.86089228449216,2.20749053846179,2.79116153277945,0.752467719070115,1.08402724148192,1.21108921748194
0.608193139774534,-1.31929548418707,0.324344543518941,-2.40909805523855,0.171359544359015,-1.20683360637705,-1.6626729339522,1.26067115787457,0.828256826254374,-0.459969089255493
3.29758341754895,4.27355587819447,0.989941779329753,5.03372661461209,2.44911940134324,2.81047245303161,4.90777345080663,3.45295337147737,3.03914114255107,2.85141734625519
0.614282250612576,1.52313557673216,0.758730788574009,-0.148957419685979,0.016633933242215,0.359106966349063,2.99141158149629,2.59419960687134,1.28681650709491,-0.147205328632445
2.08580418230936,0.508389503248647,1.78154640475372,2.87573081210566,1.91335506328436,1.684305788366,0.186654304439027,1.81871630249356,0.67885867257388,1.86001348204506
-1.83606480489784,-0.22887678496329,0.691657852693806,1.64802875426812,0.150980051672699,-0.206526664502602,-0.542027052160257,-0.356672139930917,1.66305539434799,2.19604116317273
3.47057760918626,2.42725314044896,1.94094003471829,2.72988315136018,2.29102978983956,1.77311844183028,1.20655699536481,2.01113326343097,1.55673451009807,1.2932992039845
0.418650152903456,-1.67040490881971,-0.154493479211895,0.842755050723695,-0.463214325854803,-0.56953705347574,1.0810699130166,-0.477335369128166,-0.0173480521545914,1.06687872115952
0.463651034736399,-0.167165440660266,0.741993464610265,0.734921325794822,0.755514380154637,0.896834000646868,0.285551655219205,-0.138801976380851,-0.831113011133043,-1.47451385765749
1.77312498956852,2.6882396696428,2.97392077727155,3.2391099054553,3.32667392021552,1.77304589431405,4.47816695576909,2.69403148543712,3.64509883764613,2.14084174208895
1.70689996981716,1.71771726545079,1.41635853207281,1.6298941659564,2.74907725872161,3.17814805960582,2.6088158845311,1.03671622542805,1.61501958979594,1.6192978786936
2.56423556989309,2.11215885866998,2.99047252081129,2.06998792448021,2.05248364251803,3.05822623582479,3.23337132231935,3.39793847747236,1.23522200551537,1.582855672904
1.56229422137074,-0.417173225526128,-1.14249730841891,-0.562130938808647,0.257398378143564,0.735953061602686,0.697041730309843,1.37767325780044,0.456397312571275,-0.365303263309084
4.37046983691404,3.35725535546608,5.29805247421006,2.27968837588093,2.98919791161664,5.14159179113041,2.86883297357942,3.00920584517185,1.23227935574595,4.22476962516554
1.43246142193102,1.46176408910558,-0.559881065567331,1.27416231390621,1.94232805101138,1.34040893660681,0.845914497868905,0.899965573479072,0.183029086720348,0.706525005135301
-0.259116307040735,1.10400310273513,0.0264998532779354,1.50421822687661,1.55586457583111,1.61673800199524,3.01998623656912,0.798523877558041,1.18041971231713,2.03582194662935
1.65549284077092,1.87348307330789,0.718093769424846,0.918849532302963,1.72892395588549,1.67844068447751,0.559966442745545,1.35416706010602,0.970368501903707,2.3284946035957
1.95031475700991,1.25238093370949,1.13001162101136,1.85906857356727,-0.177242938829422,-1.28196211292838,0.708108260534437,-0.930299218660375,1.21154648928838,0.643091412203649
2.07228879719604,2.52863178463555,1.00373040795823,2.29679591151319,3.00940122352469,0.387643627706061,2.32889107429602,0.501365172449428,0.633081558666537,1.59822162272497
-0.961835134777846,0.857586268368534,0.323145832493298,0.178629429042323,0.00300632529456268,1.54528608478156,1.97778823318817,0.829277433382904,-0.0385053213214175,1.0315101011795
1.47104445394615,5.04159390961406,0.462648170675319,1.41283165609008,2.30345076013185,1.60890954740166,1.94711085371989,2.52805050690075,2.35589534184167,1.82875521485488
3.04614400093273,1.30327551340063,3.0723947777685,2.63071033216039,1.4197387723814,1.13067875182267,1.67719909287167,3.23028440989767,3.01857919431974,4.1168757083098
2.746960001754,0.743806275556443,4.77453889272991,1.31257943967564,3.09967057864705,1.61361956624533,1.6268360144344,1.88025095848215,1.07138620437408,2.87169920405536
3.71964441229747,3.81495652031841,3.16819054600618,2.58063561172121,2.61267608804968,1.10596927618879,2.5696426342046,2.16350014709871,1.97938746438869,2.99286484440493
-1.94684280301619,-0.459030048551985,-0.0949075026581532,0.724348399183252,-1.61264125306836,1.76459568106671,-1.5006073802744,0.00173213771210187,1.41333486915876,-1.15747723410823
-0.308543358583626,0.77379062413211,1.73207959927443,-1.17210629395399,-0.264976829610108,3.24788638107943,0.544484448001945,-0.670555157953667,-1.23313808693102,0.620205199792683
1.30798598391219,1.59616352142586,1.08016193528307,1.51850389710355,3.45471119295744,-0.0207317534740252,-0.49547905254514,1.78871220595771,0.0364228109161473,0.599620029909992
1.46549623369863,0.61988297509531,0.539423818843192,0.136789656127459,0.249198168363266,1.3566744527215,1.77760274538266,0.293552354377068,0.66445300446483,0.950649910005361
-1.13390658515186,0.25342818288811,1.36848488304066,-1.42805371383013,0.403257267062289,0.210726694701846,2.26733432168113,0.330877039578653,-1.91407014727636,1.27159335186072
0.756118642288927,0.53137714530246,1.518561908778,2.753929172445,3.14697186837589,1.79741969390918,4.60373836480159,1.8963898604063,0.884150348080575,0.912682181771393
1.37047612264542,1.91478391708472,2.16262962206652,0.536411182741388,3.13792070046846,2.71981283344903,1.24813757712597,2.47904698170614,0.534410577533153,1.03020389719157
2.07236635783415,1.16905588724845,0.215548464362147,-0.19291012112766,2.48490405193778,1.56004578749161,0.0702415498325493,2.21700974602163,3.29091296113362,0.0861094449022577
2.70522747576993,3.11299207369702,2.69010678608118,2.45146889331122,0.412902691982248,2.9893962291506,2.32330093863114,2.10449362580308,1.50768687703039,3.75284785946644
1.7596097702083,-0.548780967205069,1.82910046007327,2.99489568763541,1.4718946998776,2.16847230569246,1.57482834502153,3.75170631027284,0.300314494049372,-0.138641350868712
0.534353508601986,2.25106286558159,-0.0102286251927342,-1.18406110740268,0.454003245740644,0.520071219266829,-0.268647250961381,2.06502745851914,1.08973441781104,1.17871055128843
2.24157059627859,3.94540496225667,3.03075303652457,4.53879873395874,4.36835994849681,4.41566690281904,3.9059786264146,3.16743029413261,2.91263347311804,1.31224925501653
-0.565404021030688,0.0034581043725499,0.501809537211119,1.55532937804927,0.871598386153356,1.5940070050001,2.18871226658793,2.47178307088603,0.10057823932578,1.56458392813175
2.89782633387106,1.11879938707321,0.995954165594404,1.55016620213311,1.55574539455481,1.74547612137966,0.143712157516076,0.710164722676163,3.1164152082315,2.84298066351847
1.2698412029373,2.16141867630456,0.299129425816241,2.18715670014722,0.856126325694972,1.29509019987059,1.20946878735854,0.899121341814491,1.62568776541266,1.69227199030945
0.676278575184701,0.801431614025828,1.66674625764336,0.374207238070209,2.98117170479942,0.475908911100395,0.383945112037913,0.431825886001334,0.892355542208772,-0.851141707717362
4.50226048314867,3.65470992827505,2.94190105336784,3.40425777902608,3.27679652831112,3.03631806923287,4.21801919808798,4.11410492673388,2.15748461938856,5.02952694319271
1.85994651613426,2.78858177642346,2.18501578524727,2.16793430706171,2.16131992286397,1.81923548008457,1.34680708878601,0.324167161449069,2.66353798899452,2.57964068946449
2.24328008960075,0.54175889616229,2.89325372532067,2.5436294171738,1.40398556930718,1.07986909098557,2.63309254961156,1.61260865667785,2.21034435345304,2.96611093418019
-0.323463848716202,2.76656362053668,2.55060210064571,2.20980201739246,0.961415847567181,-0.17895854005995,1.92508106762722,2.24916573342642,1.46341810825238,1.20733312321577
2.75885328967108,1.84681045818022,1.94173213985866,1.83534974477814,0.533866930209709,2.14141596421958,0.883334040470565,2.27938976303724,2.76416257064793,1.54539995927646
-0.0449607999687741,-1.11298038353571,-1.40247671366006,0.0372863182805711,-0.0633105528766012,0.330657615497823,-0.189701628476868,-0.211447745318597,-0.064194195767779,1.15862457422162
3.36951110342777,4.3300724093391,1.68237769130115,3.04072305068764,0.589386962106506,2.54779534127859,3.78639145876426,2.55430691130976,1.28191630626464,2.91456969268532
0.705190014480266,3.59423021439667,3.01002206470125,1.37207264391503,3.20653116470029,3.66733269801058,1.62668251618583,2.50446443524047,1.95411129458619,0.943785467380731
3.59500860937816,0.464490085460838,3.98458603255633,2.33001681072887,4.93597691962888,4.554288028841,4.21582255112845,0.898678186088877,3.14102670504336,3.38861644509131
-0.575954644038804,-0.161355805828382,1.12427941400793,1.90008504162527,0.99415329295044,0.603491158295825,0.413896586246045,-0.150791285087293,0.427183568531178,1.46323787179743
0.873472366406733,2.14595616050473,1.83734577406948,1.46140482056085,0.364682606363845,-0.941499511830469,-0.146063924911636,3.04833090045066,1.29161063357277,0.316162491506063
-0.884770232107127,-1.88538525314972,-0.562684416609027,0.702219370011428,0.411472091462734,-1.0301734215079,-0.890139677772818,0.801694046541573,-0.273170618117306,1.00822970223834
1.41261817663201,0.0347753015707943,1.46006751574445,1.30865006682191,2.13269663128396,1.04941633554242,0.713271262614238,-1.84979577217761,1.37395673733642,0.871408511869849
1.11154161310264,-1.05544245944857,1.73804923961511,-0.180425019070241,-0.512811987972817,0.808865486443127,0.216002584410202,0.46090910594033,-1.02657840228668,0.596948900448049
3.83569676578041,3.37285521806575,3.57072139001254,3.74320069843192,3.24760553379482,3.86730302363946,2.26944904152937,2.89515463865504,4.79325353124891,3.35781168406416
0.377121145039504,1.3219074590435,1.88933305924719,1.09312201894796,1.92889777331773,1.12137173060069,0.29613844834521,2.52009437479249,1.06553895704045,1.43027300117445
-0.422899329624089,-1.68527996345943,0.372142886536075,-0.606462372566262,0.429191795457191,2.03761770640148,1.27789445252414,0.91442434183141,-0.861792656062297,0.673415452920419
2.09430987050331,3.32764619814846,1.80451267590418,1.20318672200386,0.243575243139435,-0.164903337241693,1.17573940798021,1.09756299226286,2.95736200021387,2.47783594100124
1.32545863717097,1.49959173553189,2.99851862243156,2.93374613245966,1.64371697414477,1.32482596163324,1.49079376494314,2.04600083345535,1.40882616796893,0.869761312146763
3.58759628735673,2.25760909220964,1.63508110421526,3.98377604109008,1.60199978047942,0.0449519140889889,1.9140909090203,1.35031794591128,1.62183265271947,2.25738107791409
3.56996943660248,4.48054151094627,2.97422190732896,2.12572164433779,4.46923633170929,0.460174354829217,3.26619062812673,3.08153431044635,1.66347330670507,0.635512111949541
0.629693404649848,0.888822025022088,-1.11484133117053,1.12478734767111,-0.956669122636708,0.978715522681623,-0.645175700019318,1.5423422169761,-2.2043606247764,-1.00101729923413
1.21685899421232,2.6234268096645,3.84115178639757,0.862521783079512,1.43178665745709,1.51647660676593,1.58455002826149,0.764470273085081,2.1270557147801,2.27125316188387
3.07231345132005,0.622853734888042,1.24844951034156,3.10708936994334,1.80859577321898,2.24455763281959,3.18996590320357,1.36474891210609,2.04246679542447,1.25925974184583
2.57553853084981,3.66035850731827,3.17348141787468,2.24633588495204,1.84847728954362,3.3035490463048,2.37264577037218,1.01954331975459,0.651593920867797,4.52700321843153
2.16958074009275,0.68482653053505,-0.743245863496465,1.6576699165107,1.86869883059663,0.590386810006051,1.37016883760126,2.66108294619873,0.191964114874473,-0.743050779012293
0.684090747328474,1.76257873722467,2.023759895155,1.47795193360533,3.53752253850324,3.97938702896081,2.64133085134454,1.64406057715633,2.89221305927127,2.34367573151329
1.52323461392784,1.61841278160597,1.93618341290274,1.64357096340921,1.91413979468729,0.832826999335241,1.98381793897636,1.30909399125211,0.0818110199366504,1.96855851132836
1.28733720063632,3.01054950979779,2.52747866661122,3.19126017121248,0.620375759924242,3.84879070130263,1.53813696499352,2.66694466650023,3.55384676345903,3.47262357568325
1.63174010804646,1.86344346666963,0.905011395514766,0.798701357438944,-0.573993225537227,0.860351678972548,0.871739559184662,1.25764249235262,1.09479853460669,0.160621225107791
2.43944679325746,2.70815419355407,-0.134367167623815,1.66263826418184,-0.114541164922991,1.27564226318727,0.873994983375197,1.02332309235087,1.61872025625412,1.3238188968378
2.79690711150852,1.37795624297957,1.78829098797925,3.68275595121295,1.92703082036116,0.892635431349711,2.9916417600688,1.29513991264184,1.02978954550718,1.45572160184388
1.3780076084533,0.375996950494545,3.28472554533833,2.66747077246623,1.26333021466459,1.6023077391437,3.28325025111057,2.36860349288344,1.08081118080781,1.22460848480875
1.81654548234928,2.28268111254945,1.7384653270686,1.70396475472543,-1.49461882673751,0.664350474013386,1.22510399947644,1.5489693934651,2.0271037155098,1.66640443346581
0.156273295198271,0.232999923495673,-0.742870203553011,0.363622835480061,0.236204509324921,1.16036961428972,-1.61417449917452,0.0475423244694402,-0.73588600209822,-1.35145647074093
1.67681726383864,-0.886431483811472,1.09736229515929,1.28892664397832,1.6840030350609,-0.24458977670219,1.15008495137664,0.391142988103031,0.163320833871329,0.404701096058297
-0.0742919954788055,1.26983449627643,1.05267437872723,0.81951133735914,1.73815353732095,2.31290038952783,0.985940671362491,0.303036642698304,2.51420962971292,1.33766668489253
1.60049052911046,0.816122705488533,1.27474441942456,1.33252583887804,0.21971029087244,3.56225846459052,1.43658324724453,0.987338802079857,2.34941363400795,1.17128789886369
3.14873239769851,1.57694284576454,2.45598552306207,5.63066837815133,5.09523160457983,3.88161890905034,2.42666897672263,2.79358843557642,3.58558161694563,3.70366333102656
0.44076885721323,3.4272066074713,1.84176568035167,2.30252498824795,1.37374147572847,1.93514255788098,-0.093376044555058,3.10910143894191,2.02478974824496,3.57836122905555
1.36811413017328,1.60748712047142,0.168705784315117,0.453756798764516,1.10917041213939,1.20610188148545,1.66520481437849,0.275041713725928,-1.11879807339103,0.117915929470442
0.0739599163568226,-0.116441867650109,2.42991647552601,2.13698636909123,0.665404008336052,1.12235001218954,1.45240429746698,0.829867974114908,-0.305359310144936,1.1281857843365
1.2737410558182,3.76182114448078,3.28294015028474,3.48053599488054,1.79803076269831,2.82561875849673,2.86108791243841,3.39249973500761,2.18164503472799,1.11271409316866
2.45168836873025,3.9484110665616,2.85007066483546,0.744135268074536,2.12919877572043,2.45308732485396,3.43721161528447,3.05833155385341,1.81584105116279,3.04393036704873
2.53403826543919,1.82103606193654,-0.303949985116921,1.97941502966763,-1.28068812882331,-0.565107326531647,0.012503441104937,1.58692639088714,1.09615247914688,0.941745258865555
2.706448305099,1.94932422225217,3.30779229112406,2.66471803423311,4.13661814427201,2.08670276283421,2.79954003727622,2.52185512395951,3.40378224139398,3.27446144396573
2.86077361938344,1.66120570556968,2.11887231003059,1.65634627069161,2.56694062130831,2.31558528345113,2.00026851392884,2.86992480229645,1.395428600779,1.39749134287149
3.72502061146433,2.48756825977329,1.6740367391934,3.1096202954817,3.77106867431712,4.04562808847404,1.71873699886786,5.11695246027925,2.6317175754322,2.23938491405282
1.76238200310336,1.47606227597556,1.39228124349641,1.43564414520392,2.74018219642627,3.37580736190776,1.09897924405101,1.85473966527386,1.30029569461672,1.14927227722006
2.49926889894615,1.92661052199167,-0.0556512925763539,1.541611026182,0.453279102390858,2.43461767887775,2.43764678637235,0.0193256148535565,1.19747862040104,2.42115739389424
1.05754731534153,0.693402640570224,0.294125600594875,-0.861476062094325,-0.0530138182555919,1.87226266872109,1.36414422225584,0.399252679542488,-0.166351604779004,0.0691658377353435
2.31953101204507,2.37117926437881,1.28089781502544,0.516082515708641,1.63058347640583,2.17648995345219,2.34772061427522,2.84340228568673,1.31606715233363,2.64169216658979
0.406356255718645,2.40205772869353,1.43734999111344,2.77691429587096,0.874966495809993,2.18938590084915,1.51281771570892,2.12510830455632,3.67547286114357,3.53567845271835
1.87498005560371,2.02619141045245,-0.545302136133435,0.543672015547001,0.64906455020767,0.745062217974081,1.78956365038294,2.92061459813704,2.28437961037924,1.83564733629584
2.13930398548162,2.95087871381796,4.20474954200223,2.94267934665064,2.79219073679061,3.28063936581147,3.54724948554295,2.11881983950994,2.76434663012274,2.17930466623285
2.18693477794659,0.224454337529863,0.946512674582847,0.425385266557167,0.265436564857342,0.333454504712279,2.02050837784522,3.05427490709546,1.16351080088338,2.36750069994077
0.780380927314728,0.465234186873733,0.373102660428442,0.51904160422465,-0.568553546998502,-0.607047093799724,1.30718181813141,1.0718614616661,0.552510128078868,1.31618000735651
2.29087523668383,3.41641184204493,0.759484239875908,3.86461915144648,4.28093226601892,2.88982443066233,4.49763093350135,2.62780975886967,1.90319763550242,2.32623284388215
-0.727390658497421,0.233844646790667,0.188794093031615,-0.764126045455777,1.04422214629028,0.116456304752526,-0.767175234997532,-1.35005899555431,-0.367188007537838,-0.193916108710691
0.782466694210655,1.00466899645361,3.08155078306053,1.83277106679628,1.1127503059062,0.0681451752321172,1.63225269408883,2.14489875401906,0.0930231369393545,1.22659447354753
0.86176464625885,3.1506922271446,1.81419038403806,0.656984489875478,1.30666114174342,1.38624104237779,-0.0996512704190358,1.22273499844532,0.821623596716617,0.683009804038693
2.91435591746396,2.7489343647713,3.60897108558001,2.70752849195251,2.50142955816545,1.90777383230231,2.61283274359144,2.44530083482176,1.77743768584689,2.29206202210629
2.40984312686496,0.74594777239805,3.91377286271235,0.220324051447902,3.17327906124254,1.93453864864179,0.610827672785174,1.2426882131256,2.17469178452672,3.01340828440385
-0.523260169802906,0.427466339600668,0.696566950083449,0.189942131864595,-1.16735239469353,-0.422851894627424,-0.42701071474936,-1.90769163578673,0.248318883622278,0.0365015905125989
0.237702464565053,1.65826500254974,0.558103697293981,1.04757670773321,-1.32641766498362,1.35218141789987,1.7012957357656,-0.0934534588595876,0.0750429055326673,0.839428155381935
0.301462895179648,-1.05300771020318,0.962104990307179,2.37152574852507,2.95114178094143,-0.374364179198188,1.5982570076913,0.945278990553136,1.7085746767125,-0.113443498166025
1.38587133275578,1.82875278455599,1.92019337759923,1.22173590799495,1.13642218088117,1.24534084542726,-0.327301293304244,0.232189698049224,0.238267009567268,1.14907155086376
0.77798113208585,0.463390665475301,1.53616777533497,-0.934503254520734,2.34945522275138,1.34291457390447,0.638052233839247,0.462069047117638,0.944275840607245,1.14087724838867
-1.58464634556924,0.345548642343347,-0.790426344675345,-1.41929484419396,0.642553396552306,1.443621112317,-0.781357047329428,-0.505472939464488,-0.922129538664154,1.19734962778388
1.57094812324334,2.41987341417594,0.173316024377401,0.859285074726089,4.83993210548227,4.79736663203562,2.77344822193697,2.4721089865514,3.13757380510424,1.91818502221397
1.9500125380702,1.8000519335446,1.49012007261683,4.1970731006248,1.67670758716217,1.53007753260651,1.81610243275501,0.498544409566795,1.86890113668449,1.6004215287016
-0.396646065066893,-0.81622963335023,0.236824998507263,-0.494767691685562,0.731041415188607,1.01611423035199,1.10480665851239,0.0105717310426087,-1.1663465093384,0.282171907714664
1.24119758638061,1.38109866404218,1.63890667828947,0.0300376085671321,2.40103125369346,4.60551755301737,3.42684872035732,1.75965695382821,1.75240909308161,0.518939748176202
-1.23783459762581,0.295485929319633,0.65603846097272,0.738680322714669,1.20437924397769,1.15493881598183,1.47649676837344,-1.64141309074655,-0.634115955919739,-0.651936761715692
2.74485471182457,0.710231048442278,2.38045379619033,1.18734522468839,-0.0149514217908631,1.99240571193477,2.97060021212916,0.702493643586131,2.38887043337452,0.833076698437163
-0.745259086271266,0.805819359097925,-0.370132594074996,1.02066373494581,-1.45033677421469,0.445168294814805,1.01225571766375,1.6690649172882,-1.72847299093755,0.582675498411171
2.32377546325982,2.35494023978167,1.4588529453298,2.97993261248957,0.94972287987622,2.48057534524761,1.96194002973427,0.708911633489315,1.36870449944076,2.44114806210217
0.208705773812988,1.36134843679224,0.910922872015904,0.293275369527739,1.88664321814503,-1.893528948728,0.173378431862025,2.74514504695918,0.416389486657554,1.03488374761934
-0.512471945918433,2.06905884164384,0.232347501070456,-1.69327090466223,0.247320287298821,-0.896018356116079,1.64152077540975,-0.410667739746934,1.17480473965671,-1.88616965833263
1.61190949401926,0.00715997040761572,0.521353384338865,0.357285463927926,-1.40882573040515,-0.482001383034437,-0.437170513059274,1.03354738359509,-0.886537505067593,1.13117944476139
1.55432972775426,0.301669965797376,1.9014671629316,2.18859235932115,3.24907725092721,3.88667880698958,1.38531488037247,1.76956019857307,2.07256666424679,2.2828854272476
1.13794545239585,1.00882180211516,1.41750454682674,2.14912269443078,1.23875495019614,1.85119873738271,2.89850005164398,0.566964474921887,2.52196571666413,3.09224677241004
1.76955891220285,3.07935686868905,2.39781860718924,0.202139884998896,2.06724097417062,0.123574972579274,2.68494994161588,1.13666921185965,0.340820638175325,1.84173280630073
3.61545329319005,4.43889561159081,4.94425537499008,3.54600709159036,3.69690978550014,2.26393605671943,3.2652596671306,2.62773840013435,4.48729476061223,4.67503953290007
2.34206600674457,0.701337291407548,0.533735506610113,-0.776817219887137,-2.53992291185041,1.1434173059334,-0.161548527510696,2.27669371176927,-0.611962061722203,0.677439821284764
0.980068554425158,0.687412758958564,0.824237648647383,1.2692423857381,1.8078179899495,1.32605375441529,2.59110320609008,2.82031607569168,0.440476303009201,1.01523967021376
2.24718729704491,2.60497851819079,4.39028559147015,2.48692983020369,1.18347431545318,3.20333552948061,4.18953736666651,0.27056492780298,3.09923564900522,1.68538673175216
1.43631168103723,3.25211847141994,1.23624474001388,1.85570811006996,2.59846093175737,2.4897080444191,1.88743912800943,3.47525505526497,2.84052459008876,2.03051587602904
0.143975844829835,0.808993658084653,2.45243156979024,2.75008254622335,0.556112486729262,1.37325111198132,3.09396126941065,2.23175329223085,0.0356248474157143,1.40446125849656
1.00009388656974,0.442942667869618,1.54536693970925,1.04059749646055,0.124836963907061,2.37054717173925,0.702067867873235,1.9408464325638,0.458699297766851,1.67357594230311
1.73516664323528,1.15228856536528,-0.276998013691805,0.350529117344482,2.83837395773622,2.31977912074135,1.03152565692416,3.17923941042881,2.14655986887583,2.64110198310382
-0.868197323606343,-0.32763977333807,1.58678055748356,0.238916967226973,-1.10365944972309,0.849245395014993,0.828987653637248,0.663190425072,-0.298279845809906,-0.493124173073548
1.6831285212924,2.40942890510327,-0.628931974746704,3.06077370574708,0.51583614304529,2.79625374768036,0.188141411875984,2.08051522520897,2.09650309019616,-0.291444904786763
0.125314583042479,1.75333918207499,-0.470317847456269,-0.27597312253913,1.15904586610948,0.986613546757506,0.646404173621127,-0.953600201454379,1.08921341293978,0.932473138541808
2.12665908403601,3.7758272103104,2.52060709610604,2.55693993128565,2.5353221282372,2.80548299815857,2.37355030126093,3.85764106703704,4.38146998393961,1.24896417032882
1.0109047211674,1.82092765732159,0.25106479528179,0.627784557769027,1.21942583610503,0.560971087426224,3.04153104442515,0.974866400259598,0.49893641543856,1.26209970013945
-0.778457077983055,-0.206699587951017,2.14125918068901,1.30968894229089,-0.393281772665595,0.0274745101534955,0.764229252332812,0.849658914304473,-0.109642264115605,1.29941663681141
1.23538263700186,0.255750944558072,0.627199317356122,1.41026147995475,2.23404269542362,1.69473031043508,1.68570787678797,0.473992051756842,-0.501493783073485,1.15109570117987
1.21669693484606,0.455322910824614,2.56959081808614,4.09807175746313,3.13405493143839,0.90941270900954,1.58781598051662,1.48597363395244,1.10806932503118,1.54999246793971
1.82999127357483,2.4117523934489,3.15397198283204,2.91465259757357,1.13658528589118,0.701271221064601,1.03194155050259,3.41301818513559,2.22541499254459,1.8582455277964
2.16359113175271,-0.308929544391092,0.768509784368913,1.21638425298885,1.98604028114414,2.11456882374737,1.31976736266557,0.866991501101191,1.41946962310425,0.00733419096376198
-0.292270867866267,-0.0619546843038709,0.102503374059658,1.23617373700782,-0.359419061920892,1.00141209045839,-0.290151374095892,-0.254172965826683,-0.61920335520665,0.030500216510273
1.7296951591434,1.51251583178819,2.07402666982959,-0.569516191142473,1.29970174469163,0.784396297042443,0.995671284687156,1.2399886577578,1.46289288961451,1.19282269191111
2.8787424874151,1.62358081549415,1.83876599759055,0.568683596288622,4.29261687979343,2.90641033929684,2.46017012093183,2.41850318930065,0.486690884918139,2.73640852969438
0.284415748983558,-0.00391505710917595,1.06819470948928,0.218867194302249,1.44609817398874,1.97459940320911,0.137245874574337,2.34152613317035,0.36503792557388,2.23738099918284
2.24170158312491,1.37842466134535,1.85105529810309,1.87725053431802,0.897540547339129,1.60490745574059,1.15825463349906,2.24318543652232,1.38172451618542,1.93895665462455
1.81649987632798,3.09782628520928,1.6766803293925,1.87789974809953,1.97377778736448,2.00873644351576,2.87819544780442,0.89548800650634,2.13322115240412,3.39925265903249
0.874790199698807,0.15354960339245,1.23360894292368,0.206254331390416,0.422562564561039,-0.275189520175421,-0.217420778079733,-2.03453222405554,0.261792934840425,1.11459976811425
2.36534675394061,1.34168055063823,1.4587800332342,1.32211291757931,2.21947314836147,2.23614840210005,1.30574255950046,0.335975016777642,2.38227417244786,1.24027861807462
1.09179565450407,3.14493387567363,2.40559810062862,2.53580493220593,0.956112916987557,1.87587093513887,0.685429110770032,1.71714187572873,3.25835146477087,0.619189726657661
0.672567880795294,1.04762069715712,-0.539251122402645,2.15959817082031,-0.730638007544782,1.04448889849452,2.57129539762454,2.25585833380045,1.20208093085255,0.460530955344658
1.06030543886113,1.0713459228486,-0.0124174916197088,-0.0976729536882013,0.477185666002359,0.850440388269739,3.18951632827668,1.15292461402599,1.04273496544414,1.20425357306805
0.908876059147382,1.6923935521117,1.89748509718547,1.82255078854573,2.94343793278329,2.4668392595114,2.0113061825479,1.78841361104769,1.58159437637348,3.38987291025116
3.01103493220611,2.26914607240627,2.2453320011852,2.89212696477309,0.0524626547629492,2.22795291130369,2.11991673764572,1.50586083056364,1.81228026098422,1.63853926246733
0.800540892457511,2.5562322982768,3.17486033128415,2.39389141990917,2.71636228111263,2.70328626447499,1.10108957917982,0.622705673232576,1.22601896772748,1.57969499460453
0.880790031168889,2.19794177469721,2.7712101461152,3.22930173128309,-0.367199743044129,-0.252828647243669,3.15210477472045,3.85623766857831,4.25513453759992,1.61910589760246
3.54986089853688,1.77027582819642,1.26331859218032,1.35876895336103,2.74643654320882,1.05002059329582,2.02820748014378,2.72199836625844,2.93863474953305,1.22600779016441
1.10777551342776,-0.0801318069988253,0.39740261488541,-0.33172674913162,2.22927551689531,0.66264697580555,-0.988573949609729,0.594538625104384,-0.167902460176452,0.846019389941688
-0.0818806503731904,-0.346369616500902,0.709574876223479,-0.0475775584017257,0.0689630769337138,-0.0428856652490548,1.07474095647213,1.49645456241361,1.9418649148598,0.96879031813082
1.17052841192815,0.254878361584031,1.05247465519789,-0.473742429933531,1.43005741884829,0.102333466882619,1.94186347370799,1.89948299452291,1.26221481078668,-0.25080150622902
1.35806818039285,0.63766951841245,1.3897989509051,0.546633858274508,1.91326185910493,3.30097375487734,2.09203624715959,3.35320015859962,3.66434762009519,0.700948944274149
0.959842372514578,3.12638378917217,0.543995778351226,2.59069477921294,3.41042052994663,0.487601485221151,0.820376724906816,1.78821048845975,1.29826835761631,3.00919890593449
3.28278530089179,1.82303061305463,3.63189334934208,0.589773842916274,1.51490001382029,1.76323115406753,1.89641908268391,-0.205822713316309,1.22214685638309,2.84665168419966
1.89674925905791,2.02465170203831,-0.495912711134275,1.97269777152679,2.01357822390755,0.566646551926478,1.57695756067184,0.400673014701609,0.950485089553356,0.0998476486840353
2.81462419052283,1.56201936960033,3.31171547310072,1.66135741218541,3.11370633851196,1.14173104492661,3.0915013234066,3.00791310929364,3.03677950082212,2.08128779026546
0.990175899530074,0.285658939154106,-0.249931488495791,-0.794401854219034,0.732796018361725,0.918708227580216,-0.123728874772936,0.92412102465395,1.82333841045803,-0.391818545732385
2.82555298786928,1.21044268818093,0.922142721878089,3.23091605369596,0.92474074222032,0.169994869942991,2.67784253807666,2.08726483348586,2.5146235757977,2.45274120214337
3.45977604804033,2.30444503089812,2.79259613404111,4.5933188914733,2.78351082855952,2.67329615318402,2.93150301430126,3.00621270179437,3.00771595624116,3.95283982935465
1.92017669826576,5.41892116614758,3.43834270535926,2.77010133173256,2.19169018876412,3.18556242027344,4.68053066355874,4.90170400190952,4.24010472972622,2.08729612428427
1.3105463238002,2.37836381370989,4.1499348707949,3.48447758375854,3.18322510208893,3.23432014046139,0.764993822552461,2.44910367357647,1.92433740218582,2.67581430353206
-0.281093406661309,2.60074583852823,-0.713500809146146,0.460179547188694,-1.89210495427215,1.01398171216104,-1.70872559908021,-0.263874429422487,1.76633049597273,-0.518951277264191
3.48700843337917,3.37851461329374,4.08255690089683,3.42641233337936,2.05250182866778,3.46055814194969,1.28566772768143,1.6004484736235,2.79112597755093,1.7984425006271
-1.42101828511466,0.0434360531159147,1.3801739063914,0.456584825629117,-0.486354154019328,0.400393250053447,1.2068135965094,0.0415394531454692,0.206318958877985,0.227647620314117
1.85140647507354,1.6976928499653,0.517604497656824,-0.230428972417752,0.688739893126066,1.04533523302496,1.20380295353232,0.381157590890081,2.32846587827202,1.67262162826471
1.55718650972997,0.574802760173867,1.34131676334744,1.98166133517795,2.39171148386269,1.94041266105088,0.608600356601083,1.93005629905178,2.20213815545626,2.04425879826047
0.287620161650237,0.602574561999947,-0.033690070451162,0.485002906455642,1.11711534008694,2.82140891815285,-0.117348780145036,3.00677122572114,1.04348548707763,-0.2326117742422
1.4056778094382,1.89307572152555,2.63154164119964,2.51802353878502,2.75358975124048,2.32811231806445,0.995198332660551,0.656687073932241,3.56678364827265,0.99243629339556
2.35041938519092,1.07978527239109,0.982614957305955,0.982102836740274,3.55243663442025,2.98554567140478,2.84050790315032,0.912147615535059,0.319670297532819,2.56789109907487
-1.47760166016789,0.295915658473503,0.669775006110766,1.05299305250824,-0.505755639527238,0.797367223973986,0.888978950114271,1.05871708009633,2.394172725857,1.03817078412278
2.10674252862545,4.33258010193348,1.40931195019509,1.54251149582106,1.33973153386099,1.61494415141213,1.89178866005755,2.25721274220227,1.954629445985,3.86743830476754
3.40224211138008,2.80656052207219,0.937422600902862,2.92097588358219,2.80912825415795,5.67711124810693,5.1536877536516,3.42586203230756,4.66494520258051,3.05161226225282
3.81345913558555,2.61769840067941,3.7461527631704,3.68731623271388,3.27413056524986,3.69272293534068,2.69792954473745,2.04960519855728,2.23466360807272,1.84775888282005
0.304679761753727,2.26213731379262,0.521695312088709,1.54118510188867,0.994817616827383,2.11895474458876,-0.728141063659643,2.29115994785233,2.83014706701571,-0.491764457772166
5.15477500299942,3.20912719790243,3.2457859931191,2.40397521469173,3.24834077156396,3.07424534237712,0.466190535749598,1.5184553443147,4.75895811312153,2.12027085693256
-0.652654818448437,0.471405047478539,-0.368353720335652,-1.62555092611162,1.09943647006263,0.624152696467387,1.08205097169698,1.10029583081393,-0.934754842154678,-0.0600427200500984
0.470717265062813,1.25605942132756,2.88543778739199,0.251909377762687,0.585548437285375,-0.0248923444361497,3.03418448217434,1.76543811720552,0.34061358516302,1.90154328372072
3.85284987641586,2.14251163985118,0.802864438387342,2.21713219706066,3.72673497476361,0.195844882670304,1.00445154650907,3.5892310013613,-1.16504303437125,-0.808525720752552
2.33103712065219,2.00283321203018,1.01212718318565,0.323631674056232,1.25053684382435,2.47259423452168,2.02447342396039,2.90626833797489,2.74108412886054,1.89864630571906
-0.185097257190213,-1.38764670418731,1.87232367952748,0.0408447436975458,-1.41507349561652,0.201656403064427,0.67678661323636,0.103162363256461,0.58844927499186,-0.5493175487201
-1.37817575533777,-0.448674836065996,0.0440254905427887,0.617113130663489,1.70065251328504,0.179374798944069,0.734588112100943,-0.178533640874612,-0.686536501983016,3.09819492776331
2.43200651081429,2.64736409572612,5.08369297243891,3.24323520840875,3.1851055604362,3.51409072710994,4.66445610724705,2.58891532168429,4.1598299084885,3.44097404616344
1.09811475822174,1.28654660113128,2.13213071890173,1.93340809819895,2.49594278014308,0.767881005523435,2.67157751106835,3.26951957745281,2.37501069288217,2.36642556712963
0.793682410612583,1.23912854021508,1.36513344327397,-0.364387882823782,1.19985586219648,-0.194781345012173,1.77421607179995,0.84492343491742,1.70398417170521,1.07611972075255
-0.384265855212618,0.381568619907776,1.08318117100828,-0.809392676489183,-0.641561138013865,1.25620432189652,2.2855013160381,1.58215845813173,-1.12801159508705,1.8881964309272
3.10730277807513,3.16204939526241,3.99767143886717,3.6576803233917,4.2745713643311,3.09091855079258,2.69207334834538,3.07548707894686,2.71968774524643,1.52966554980414
0.727615813248456,1.83759285073857,0.311795511260748,0.719730063618729,0.0652928221020219,0.725957613647361,1.05337074114939,-0.171645726707657,-0.48180871250853,0.0424815413353231
3.4763815068856,2.88563129940529,1.89546252867617,1.33211211411588,3.82243086974532,1.49644738253447,3.21067804447629,2.20426226570895,2.30111163653911,2.62457643998957
0.400140768677698,1.58091364596567,0.476919120875022,0.421629820789867,-0.888234334208145,0.928909237914118,-2.11362476077649,2.5166772601969,1.95889768509109,1.358086624213
-0.207869898639951,0.308271552230385,2.10676337669901,1.5485383104324,0.606161645361027,-0.357447720490424,-0.92502471371482,2.71694833328847,1.25016801745373,0.275558928136483
0.692465389936649,0.18184668265001,-0.911017133793605,-0.834575092174946,-0.99541691916034,0.68785353620448,0.555267227586494,-0.284904734681608,0.00369282449161004,1.59466757836503
1.88908641803984,5.46829175255715,1.91562166399816,0.434163891508837,2.91983096670903,0.0764199149947875,3.34865505262945,4.72379822589111,4.25075006848761,2.04359098942752
2.31131741345859,2.27894281393161,3.3775727565912,3.87255774837548,2.76920873091199,1.06478237140048,0.344001501576862,1.65907924642287,2.53717068032662,1.88422667054363
0.912498648011269,1.0212082952861,-0.676352488028943,0.203853911845541,0.0742716601876116,1.78157613258139,1.10661313229747,-1.08991799766716,1.268029662471,1.98651303713532
1.50301620780239,2.24161764726412,3.11161842423196,2.60774139133222,1.2303824065425,3.19973643219243,2.64376027507268,2.44602274351245,1.29519063844545,2.0495470353164
1.33853300970785,1.9906841620393,2.41245855312809,0.599172697486976,2.51922457093175,1.26382407897027,1.57338355536473,2.17993363995859,3.6867262756566,2.05634757128307
3.14551466086487,2.49414564148925,3.30515073674309,2.28759007202675,3.7362208471881,2.7468291764586,2.66795917999851,2.13528198820285,1.7592268712011,1.88658939705527
1.23248582440175,0.370711511616081,3.67652352872495,0.758323958873778,-0.48005137817179,1.38459813558574,-0.00665491839607935,1.09092835902678,-0.60343170018776,1.41899193432072
1.23369430407592,-0.548697591696333,-0.00451268418090654,0.583338683438157,-1.09436980703214,-0.0536117644769202,-0.187249993069729,-2.149387163753,1.06615273820142,-0.623659859321949
1.7415919564207,0.682951003916809,1.40124711159176,-0.518949740436476,0.355068560084785,2.51940347801741,0.0142647563933244,-0.370735699272832,-0.0877989524200757,1.77152081139091
-0.884656570126702,1.51617345738852,-0.00736057900627265,0.353268072966485,0.0501495330487144,1.45930043568507,0.121770971580466,0.949922603619828,-0.881050073253856,-0.351628267873684
3.43286552135899,1.49294316450915,2.20938810710338,1.44015053362236,0.359848565590735,3.20462333105966,1.0686184235855,1.95172259851113,3.23701854198112,2.64503222502778
1.97568487933889,1.29609773682697,2.86000247251683,2.89032207978278,1.19396102457305,2.81939324005077,1.2808529877749,4.06103050700376,1.03906081048179,1.9021320703067
3.10730235598779,1.90518111402634,2.4865435090393,3.1144686981707,1.98118793036101,0.984842980073608,3.68100008958381,1.87603452638208,1.77611434496824,0.920442642816341
0.0636130897596777,0.461133610822905,0.475275200733214,0.33058412072123,1.29446431065755,1.47432656764119,0.93111256085981,1.17981454471035,0.83682073820996,0.797223601431576
0.0957098670021314,0.631915980398129,1.78943069979212,0.507972094228335,1.15565635987224,0.238274473925323,1.4650566487411,1.17854015882872,2.87270778923854,1.12437489234155
1.29967906708006,1.09472020214381,1.66526620483249,2.14196035022965,2.60919098295712,0.906642521945974,-0.0397744379190075,1.08093814353779,1.57157884094963,1.10443044965452
1.54273692026035,-0.0209155104608092,1.08173614659942,1.98351846940534,1.43868005968389,-0.384318528536274,0.5838389958557,2.59252300181571,1.69305362965003,0.901412360848882
0.839088401276176,-0.0114316269103367,0.649505437047265,2.24635465124048,-0.0223674238806244,1.56160714417767,0.0796048839365106,2.11354124369383,1.8050455709193,0.424192667177371
1.19967816477138,1.00044368613748,4.72142828590503,1.12929560640952,2.99015961179722,1.66291361298718,0.33961208135911,1.5275662197903,2.2247439963769,1.846053884616
2.45955252978186,1.26711814309022,0.888868374315166,2.71060702512969,4.20442916281637,1.20196752898446,0.466746870290212,0.367351360663608,1.45853320034465,2.15629405011031
0.77854132103127,1.72623519213158,2.83565900350969,4.27254104456331,1.93230830972725,3.72367310585444,3.86303533901486,1.2928028513565,2.76685803321619,1.80936024516073
2.65738486474909,1.72646573297721,2.98250300410504,3.74632991185814,2.4849535644817,0.0810626545208006,0.289712724652595,2.6385621371467,1.11346319301687,1.48870246901227
2.42057396079795,1.54663030288945,1.11679204581037,2.45016743774477,3.4917720681254,2.49218319434318,4.46331223223553,0.243634128673197,0.946448305234545,2.94167601315503
-0.969650572558005,0.615206774454417,-0.332156073640976,0.584819271444619,1.67769057816201,2.92990862178285,-2.45066627959158,-2.50497299110543,-0.397203099112422,0.982006614718765
4.16282156320014,0.580701090928844,3.42899524453005,2.312140653968,1.89187325323099,3.23505406606002,1.54489493649902,1.02992295241478,1.14324709340738,4.59954044992291
3.21245781465287,3.9021157790802,3.15949335681389,1.38716850045203,2.95628189027892,1.19060980656409,3.58725823117076,2.26291693381859,2.64927366055276,1.04335638237503
0.254701318890915,2.29764105578649,0.699866218499645,1.46953856077303,2.13851268762589,-0.671481498857511,0.646555286277986,1.76997702609089,1.45988045030022,3.80024806098368
1.48306929532416,2.32256282276728,1.92133766693471,2.85015350038313,1.83726241152137,2.07901139345308,2.30603693953732,1.77678193901156,2.47860104549419,1.43222137960393
3.2600304659388,2.43444366372622,2.7632663756067,2.52007870805449,0.854008661427082,2.49344856968687,1.98181583209536,3.27562789254058,0.231693360659785,1.74182884811718
-0.960796565085211,1.13189116094363,1.12559701782811,1.12108361850926,2.97327818066957,1.25413976816514,3.10623627519291,0.675374280465394,0.421770268009198,1.1190077918402
1.08496224690052,2.65312434879882,4.52259115244313,0.535818845649866,3.45223784094474,1.47059388208593,0.993807745925332,-0.345791119958996,1.66706875880751,2.02382698350584
1.0934199229238,1.35164059634383,1.02004966804328,0.497183519621777,1.51821362494364,-0.0147772736055527,0.747975660389689,-0.0454978512042667,0.279827239415497,2.02836928771138
0.19492760213199,3.21719489755939,3.04993805324885,1.1544620712219,0.878312549004538,2.62470835403369,2.50524556010807,-0.165192179330266,2.63428013661633,2.78874063546418
0.689759764088155,1.16552369640803,2.97002747512201,1.4045776700058,1.59621306029405,0.122282224472938,2.13899705940065,0.326697041321399,2.30963881586987,1.82067648608205
0.21621632141644,1.86413119122542,0.329219865402979,0.859903696698084,2.76127575713985,0.12978871777092,1.85827011024468,0.686132185408274,2.40042245608178,1.42487124054317
2.54213526478777,4.05752788972253,1.93017667651345,1.33853733434992,3.36757475303459,3.71492757175972,2.97985260981682,1.88126675614694,2.96389785434343,2.92003039988193
1.90656358093741,0.673365105246535,1.17298393508256,1.08293260747542,0.0445327604780661,2.1528074326524,1.66952003602359,0.834688082707273,-0.356879384806915,0.350440991817549
-0.975712173361591,-0.124865065593125,-0.434298711357902,0.986859723063545,1.36756637564931,0.0111451764321556,0.394414170430003,-0.905135552069091,-0.615617803546293,-1.39573562687689
-2.09798626728272,-0.623934197841034,-0.13097772706008,0.295132734118757,-1.27237956250074,-2.21991139082416,1.83122530579608,-1.08760608500368,0.0360213463421874,0.246889774882182
0.987540039051709,-1.11996266940523,2.04792599494182,-0.100317783606183,-0.284674444385452,-0.000868784135165935,-1.27184799951255,-0.0398843350548477,-2.98361887348805,0.154453824335988
1.09415147212057,0.783752483050736,3.76169590992394,1.77349126246259,3.35096587347139,2.70980046334632,2.03192095410995,1.59279279267474,2.05078955533116,0.106531426162705
3.17738988836575,0.917796969657216,2.55475762182188,2.21979980931033,2.96877140965202,1.89933691405367,2.02525176955782,1.786828056448,0.244065100325963,1.00087961856264
-0.607377481541887,-0.600955913007043,-1.04768164766187,0.759916741397483,0.979985357923853,2.72682226267185,0.452200635836057,0.194280794519303,1.21524839209559,0.876364274715607
1.21900848662672,1.09411993920092,2.93977090778548,1.28231962751511,0.346302841913756,0.396254705202956,2.00326974481521,0.875380991327462,0.0918029623043279,2.75391483848363
0.971997816635308,1.06074344287397,-0.484963718519885,0.38378028135963,1.10263129971826,0.97628608267403,1.86189162644873,1.81666697044336,-2.05627590031788,0.157637505629209
1.61013866806465,2.74840276113962,1.6853858217869,2.72362214421883,3.79333825854798,1.51677434919951,0.507298707200443,4.16583934928773,1.35340625289195,0.790042573473126
1.63365251817037,0.613796133331622,-0.232139468991002,2.60392689523541,2.30342175380254,0.997318179146224,2.8829577371679,1.37860769916874,2.45513071625003,-0.598080169117003
-0.360768794317962,-0.353642652673568,-0.379032768807385,0.507574320940234,-0.792151915902911,1.02630420166896,1.50367952988756,0.979733623813492,0.066493185641945,1.18977769087057
-1.3880427748747,3.20906997981974,-0.412125387813374,0.722370189593023,0.224441150548901,2.03587229690283,0.609459216937949,0.383541663491561,1.62159378776909,0.854037804579517
2.57922548295001,2.47221760082414,2.73386212884642,3.27014167752681,3.65143673188267,2.41081295805565,3.40083686716845,3.97111591851171,2.92414345831328,3.13684438073787
1.83607568332515,1.94084121198492,1.17278233474083,1.25611528053635,2.11837134661622,0.0759801995808977,0.801726087007661,3.15813916059511,1.87902682286017,1.18260056853364
-0.120455995550996,-0.111716947313991,-0.293889223451087,1.14275518521422,0.804950085382245,0.0925945862920938,-2.32432643480325,-0.325499153149519,2.07719434609748,-0.237912646448549
0.71183640792412,0.886641832725285,1.50788679933942,-0.317192164060827,1.67097667878997,0.729032995660994,0.722090741160639,1.29172079894129,1.58680490354273,0.769886011552086
2.39509044364991,2.99997115236935,4.02667389873292,1.53865292890118,3.24522126128375,2.47802489279288,1.6750048050977,1.56747684424132,3.13898774672617,0.364899742329264
2.22286944385328,3.30491441296352,3.67141490002169,5.11721245821162,2.18832846690475,2.16990951080137,3.47458161905706,3.85560390885919,5.12934440228068,3.20313347690598
1.13608043693918,1.36391670787434,1.5917729837593,3.02835053345127,2.35288546457874,1.59453608747004,1.72201938105287,2.26830562419111,2.12964420586744,1.24892066754655
-0.7104727696329,0.693429328438329,-0.316651100100147,0.325464346766017,-0.0646079920632431,1.19273169858809,-0.872558452468282,1.73587856867758,1.60161498177513,-1.08216811846937
2.19793611164138,2.09672126087343,2.13912971584979,2.1354107473158,1.45919656059479,3.54899980853515,4.10333545006414,2.56286656233819,2.39522537605668,2.28345074343032
2.72182420068654,3.74451622662439,3.30552565233924,3.09376642505366,1.96747392599364,1.20721204627731,3.34339231610678,2.6201139110978,6.02433357364197,3.21050112993929
1.04204577231156,2.25899048265038,3.61397562991619,2.35214068611437,2.4264640453617,3.0738739654401,0.65516684437764,2.69616522626835,3.57667358723222,1.5038708025399
1.94415007730565,2.7378611437433,3.2409539591945,1.86175156486574,2.23789521487069,1.21451127804171,2.96569773642286,2.50161323685459,1.40426568791169,2.11287498410941
0.132558822964207,-0.809309379937077,0.695748502567719,1.41923716233824,2.41967924069347,0.0183899488346734,2.33596965852126,2.97110486032755,2.26743752307929,1.69328832705197
-0.640992663561541,-0.0649499923732262,0.109317079403271,0.764345917786191,2.64605743735635,2.32597997736639,0.710543041650303,-1.61725453905827,1.119188613279,0.341403071186577
1.85584405651413,2.58572114784658,0.397021043112121,1.32292017439358,2.9677514679709,0.276204222144775,1.76759689484383,0.586954420509346,1.38983026524227,2.85945226311265
-0.100287525547567,0.284093703834029,1.2228998100233,-0.755559788386726,0.994114710503083,1.1039871211178,1.07985085832169,0.609985185753697,2.99684365811985,0.849751479732115
0.356163175757933,3.03605104631446,0.739271121662402,0.3629574332475,-0.731157081592633,0.826272927791912,3.21802318087502,1.2408175153309,-0.414368374896064,1.34243307386774
1.15365143156223,3.74983950482936,1.85166530726012,1.07499401649407,3.24406737034477,1.62101765833404,2.96839219239897,0.691583444542728,1.97115972144958,1.86168247694114
2.59607922566347,0.645829929344878,1.60037047271197,1.98931905524498,3.45647030359731,2.87345896331999,1.58353073645553,2.43776295675474,3.41512207127753,1.3407774900518
2.97425049137381,2.42097148424406,-0.830666654192315,1.4833308003412,0.552941349507281,1.24558552207481,-1.80549171997046,0.827437246986735,1.09397650588693,1.36207088552952
2.2494137091082,1.28025900329973,0.605751323201614,0.649434263277679,1.33991380466224,-1.08528676894859,2.45601206627051,2.30027913489871,-0.25838343368709,-0.0274042155781502
2.14857493111135,0.696473462729186,2.53162262012263,1.79535140137434,-0.190548733970775,1.90138636752628,2.49319626072327,1.90406395187216,1.09744839561068,2.06300306270299
0.765048162233555,-0.52126719815848,0.306265343965883,0.670566640873273,0.920113634187799,-0.242441850543295,1.43150933419359,0.774763784694177,0.845485442826367,0.694921860554023
-1.61174978665287,2.902128859513,1.16046929958109,0.374847125814441,1.50956753860524,0.85357451633699,-0.785078874345904,-0.586135653370445,0.374935296380235,0.432664697739914
-0.261818070780677,1.04007538519907,0.0547080056407514,0.158570130482063,-0.139065123911852,-0.924534587109209,-0.0859349652686188,-1.68721234646872,-0.808290913082026,-0.144187210953668
2.97068687673677,3.27249304647944,5.24136043847077,3.42659250041274,3.22610175377507,2.63594485703688,4.09973141111079,1.81733526420827,3.2770747398343,1.63403456278039
2.08174811560871,3.18634169188562,1.90643849626071,1.4205777065898,1.7381115218631,2.74405354671559,1.97531464236551,2.48087118319823,1.46640313211723,0.972990348995162
2.33099680713393,2.16231626372492,4.35552164044456,2.24236935739175,3.12155424764955,3.40780469258046,4.01458480836565,1.55957405646619,3.10107287099884,3.00349385349893
1.27534035822522,2.15977688591083,1.96385607543246,1.05319966815807,1.89534221094196,2.06511009908098,1.37834516332912,2.67125271696813,2.479696157301,0.817948595687086
0.110756296003895,1.88278306820893,1.66697087226268,1.17748504320743,0.231452077699427,-0.967553151101694,0.245401557570207,1.42782850984792,1.03963299510587,1.36496737807683
2.36381226675184,3.03734942825086,2.20220215174708,3.55895301293593,2.79133347916775,2.83879432689205,4.36973227823351,3.88966157422947,2.97843660423895,3.97610282701669
-0.444763743360617,0.152591285495007,0.0877973773548616,0.802980927621895,2.48031162817361,0.500934703663933,-0.270591722468861,1.03109471272612,0.217618049071945,0.097017257088824
3.51176389746864,3.3943740036328,1.39381619777479,3.20767981366441,2.31295941580643,2.915384206138,4.38639912731116,3.6072166199589,2.68545838103325,3.74032442891649
0.868435620416374,-0.204118542381569,2.70087868775031,1.70020624844069,1.73002528074718,0.904906120197097,2.88844017234759,1.66288403140254,2.05534568016024,2.66193326155219
1.09411918370525,3.75879394969513,1.5909666886565,1.80698344643029,-1.79953742888998,0.554182244497509,-0.0753816989631466,1.86896269612921,2.32883226100051,2.83723804812486
1.40772925880598,0.470411375518112,1.27464223755063,0.566659929635298,1.54006406056483,1.13660747399082,1.17321661144248,1.0639707674661,1.10788146210487,1.00269824433353
1.15502080483031,0.127391015293658,0.696641636304924,1.62452080770994,0.680801337673957,0.696316149219633,-0.745795883157748,0.271102480579397,0.609015034758377,1.4226250658747
2.79719392664103,0.552959705930687,1.13857153557562,1.98989819519007,0.769220258776229,-0.255948575755497,0.606324605007345,2.86194500412099,1.1555951582051,0.0361236314408606
2.23449245878728,1.14391749806961,3.48132125335356,1.9713260138761,0.871493122251341,0.441109928218623,-0.385322558309531,0.40752245591281,0.91710016714378,2.37818558398473
1.48885401863526,1.13589658317088,1.25343177222355,1.35424088082201,1.68757327740234,3.07251525940914,1.09914736683065,2.27814210955777,4.03222642441061,3.19750391367934
1.35586136680886,-0.493271114301808,-0.0139778899359582,-1.13059233682525,0.57237966652083,0.982030298044728,0.0307540389043213,0.559663725815684,1.59330005476479,-0.0806235372838335
2.89487223804188,2.21946028621306,3.27674413755512,4.49705250900829,4.22130319206203,2.38750346528503,3.27259605133865,2.73709647600633,0.911075361852762,2.26891080169934
5.41156948058324,1.70891295363092,2.97592383611402,3.47566155317195,2.55424349562458,3.60666760237147,3.97203895226265,2.65873312668423,3.34102181242872,3.33274227189271
0.887514978131552,-0.0430505728340678,0.0188697673370658,2.8295053589538,1.36646206399395,0.309607414378779,1.92492973088174,1.78807352223534,1.51204595814303,1.0865935728424
2.84965680019692,1.21190551685631,3.04787344719193,3.35448214699135,1.70194016817393,1.17879018714662,-1.68305132801648,1.93215298496635,2.17240794783127,1.14445680664532
4.82562558375123,2.06870444871367,4.41469400170288,2.88080366867962,3.49065832226841,2.92680751034061,2.10212277022023,2.58132129203937,2.3165601519653,3.29960754926027
3.2915317972146,3.62886108910932,3.59354014263663,3.36100120520319,1.80313596082005,3.7200365376293,2.61593512085004,4.09871501673633,5.07311632163271,3.14022933982354
2.34961728570613,3.60808160199871,1.94040116741556,-0.820632177481052,1.15311237949502,-0.219353898100906,0.569047259055515,-0.112562460669673,0.639113805587494,0.150299204736657
1.93508016173219,2.85676672550205,1.75521911182628,0.622137817043324,2.319975192404,1.59798950327326,2.07821202137094,2.52786702276894,2.31949224680762,1.05926185416867
2.06974140988561,1.37323833995251,1.68317530008526,1.01472646503471,1.25040481323839,1.67845680979601,3.16339516146135,1.63322815611943,1.45385243276408,-1.19058067361046
2.75912442098265,1.18048291973944,0.732535307036171,1.97980929325209,-2.04889088028075,2.30133557473986,2.01025225423324,1.74667465321521,0.0821170483425295,1.73830724289185
1.45719162386176,-0.309811450334868,0.927157236816427,0.39076887314953,0.105973666621109,-1.12616825003558,-0.172441480684342,1.24132820850162,0.995810451683123,0.0234026233507779
1.64487210616228,1.05418013965699,1.1871391905558,0.864659033592479,1.32809011993449,0.607163260497986,-0.431149508692205,-0.590522772502518,3.5231237867486,1.18877272846423
2.76829451713819,1.74622876676749,5.11551019962588,3.12971421447484,2.42381990167964,3.97145106975754,2.8575091832684,3.41407147689117,2.0860461861856,2.85224722314012
2.49718464656029,3.50870949463763,3.2332499190301,2.70489448794104,2.53146448545046,4.064225141341,2.54468354804214,1.41216746952863,1.23111855035242,1.29467202115309
2.04359970902613,0.278807414182269,0.135888643589357,2.26963522899661,-0.961807513470535,0.52978709245703,1.85416234390869,1.8891413925003,0.781483532459897,0.936327819419618
2.719704310851,0.574943914419205,3.59304671134712,1.57430932415522,2.81361892367812,4.05817044272121,2.19932387615374,1.14527845061016,1.34298784110743,3.52391067140875
0.955771303995032,1.1791149563497,0.832776245374326,1.03301517836372,0.880206619040326,0.279545315509355,0.91793655059858,2.39662685618272,-0.157493857458801,1.98651516167385
0.702829659721124,0.62035716868965,-0.902148193857649,-0.250797311054891,-1.2515667848255,1.59622835227115,1.33153397626947,1.04253044810098,0.243025720226824,1.1801847253648
0.148667169409681,-0.954636016101344,2.77914442296136,1.49189172835853,1.07716533617871,1.46531521227408,1.50433043502871,1.60959559349066,-0.674991688621541,1.80247642611222
-0.491568632520403,1.39192743266603,1.35952201407838,1.7203220127318,-0.744864404446014,0.999888580294402,2.30830380542182,0.97560126413162,1.26977400247363,-0.187351557249979
-0.473523365568194,1.33475680031568,0.431218369993523,0.638130739143361,2.10601201518363,1.70877779073896,1.96193417949215,1.37788365746375,-1.483802573736,-0.467675750504425
3.06219765907526,2.17960386738788,0.263947332890645,0.948575211503755,-0.791586146656529,1.56847342511842,2.6427308945196,1.6390758388536,2.91874567250425,1.03571273226573
1.67066520587875,1.502065361931,3.57755624374321,1.37653134380474,1.98720259322009,0.511681481457331,2.19116475636879,-0.325645374306414,2.80101404082571,0.279905495413937
1.79139044586313,1.32971046195426,2.29928872752007,1.71677113834698,1.73103169362397,0.66970555684402,3.4556378038424,2.465452427681,3.158560442446,2.62331846693346
0.171431999161333,1.25600419699177,1.36523029412298,1.15371318741129,2.65330132506792,0.375473124752428,0.967474245241614,-1.99910120097648,3.06331794256467,1.39646789910213
3.70159712820161,2.14458918187362,1.59125623821297,1.65605659224735,2.84277420309808,3.29368595387039,0.452068178881964,2.78328522983358,1.18349271458852,1.33791169336637
2.59645179186272,1.3176374774208,3.98029280871619,0.349866851112325,1.87520460834094,2.20915689164492,0.982091257864774,0.997912736970346,0.984973176634713,1.78282003422881
0.551097327792635,-0.774075932616459,-1.82392892597691,-0.51098443237061,0.0932813270100482,0.135780285932215,-0.322205308999141,0.000975377638102459,-0.97238344807872,-1.43939954823754
2.75791720728317,1.87095969539345,1.96804210332716,1.82437223692546,1.82939150374613,2.36023051145836,2.3914102473562,0.523077007701693,1.94680981243522,0.121997954207253
1.54607707959131,1.01078840572489,2.14803465018376,1.45418262342395,2.55838094088589,0.53088278275199,1.01163308890847,2.18783574001952,0.0194839168568623,2.09149002433716
1.78158657671011,2.22189983960887,3.25799271861669,3.96314898014982,2.90345001874092,1.85605584552262,3.70749607012964,1.84920348928097,3.43361366456222,3.70972026996771
1.54676785470552,2.99581441315103,4.23922279411399,3.16694541627018,2.6698019376443,1.78265806442545,2.22265522171126,2.58049160962061,0.562188060943783,2.59582085334469
0.440641167126239,-0.177158579559711,1.98730829223169,0.0870698992916316,1.22425140882152,-0.576532664964807,0.789044739118557,1.8081432552619,0.938884791425718,2.20434533751449
0.274101159278376,-0.0750579452140163,0.901802487563616,2.07707814202635,-0.299839242192716,1.05375051277704,-0.0444929411418863,-2.32364698841074,0.950031190380194,-1.01877189044572
3.26011094390278,1.86868348513797,2.05615765813234,2.32124862074404,1.70425496957756,2.91869042788305,0.470053109469545,2.64633208107603,1.6415111670732,1.12760174027266
2.0079921194474,3.10462033997052,-0.128443668241464,0.828910819469406,0.968637025714786,1.06670341738005,2.46576703582753,0.708659556814698,-0.297676535817309,2.64014968104406
3.76232109832384,3.28691396535703,5.40702242923948,4.57036668366996,2.97214379093139,3.28361469919205,3.52672686062036,1.30447151093041,2.64326577241076,4.74505611799814
-0.692848939938462,-1.89414956092447,-1.55405694949654,0.807183233849936,-0.47423088155929,1.68154709327316,-0.50730848775316,-0.886160379722216,-1.24576964783113,-0.467654153520828
0.520038480026521,0.87486392363155,1.62997837990549,0.328431075312677,1.59439946937331,0.546589470201396,1.8472976501022,0.82047789169297,-1.19605454299142,0.0896681385414945
1.33076918120354,2.41919196850705,4.26906550543798,2.0170134334336,3.69301431651501,1.06279640087914,2.238554632256,2.06752065684962,2.59159226430257,1.72900191069426
0.309151656771535,0.89214064284065,1.33512562164595,1.63369099348641,-1.42463473553227,-1.04951264881469,0.449391850113384,0.525410022264931,-0.0150275646271984,0.787989514995524
2.53799883932146,2.33776398591669,2.56825638426434,1.19999908256401,3.45218183104736,1.12751222692811,2.00296656716998,1.4583592795398,1.07010089196917,-0.0768974361056602
5.2626066027691,2.64226335660342,3.11848591059803,0.81880233132008,2.23915992919006,2.11821251048457,0.570533426605273,2.5182790948933,4.24302538949627,4.30909090466485
2.38061294177407,0.316349584711041,-0.324145462101434,1.56733546058148,1.00281047344981,2.16755627755278,2.47573686439001,1.01246387482203,0.812472476845784,1.0244714074047
3.83475445115788,3.84631471662463,2.05737632427608,3.31448687877317,3.03783140054436,2.7326185631002,2.79603653313633,4.66197373473963,3.83013512685742,3.08716115565849
2.53624707196947,-0.883660082035351,1.30058749165343,1.07398234746094,-0.952280324162065,0.937626833917845,0.804656127721933,0.0861937294654361,1.84149093787599,1.98573334197295
2.54225637383562,1.52703286590507,2.68771654362691,2.2718751042401,1.86421461717634,1.81073153851906,3.5455516826519,2.51414496460202,2.00474272763131,2.90636704687815
4.19844667542022,2.73910995735281,2.77105300949038,2.25241150436523,3.85194434321137,3.10441770661248,-0.22690204885156,2.06675324909032,2.15230255852308,2.62249981972961
1.57273007821541,0.528838362093875,-0.324440031862012,1.32049246681004,0.953532908582668,2.63840143334217,0.140466415307158,0.818365877217483,1.06940299162315,1.60527215172684
2.25808515565543,1.1343190897251,1.44161181426558,1.47054871124951,1.02881471048156,2.43413304569801,1.20877698477544,0.791312452470256,2.14502561727234,2.47672882291841
3.45488800209305,1.16537088632901,1.94189406768189,2.18353847297118,1.26089469012223,2.007915091034,3.08140686377773,3.00088621651874,2.29151137487361,0.956527097103324
1.31613150572955,2.40032590098892,0.640759824870489,0.702381594814023,-0.447543086437365,1.61940965654931,3.45774387692926,0.983532412924143,0.790994758265565,0.156535515948661
3.08215314187687,0.438227456619997,1.18471932895059,2.75700004966223,1.09291196632156,0.793612729885862,1.37485671041316,0.311730525692163,1.53511588783385,0.758736909665806
0.140145598349396,1.40434556717862,1.33889729125352,2.86858686102418,0.963292115814681,-0.468607593487062,0.0516002148178739,1.89661364005955,-0.42948983596769,0.958543845042609
1.62102622300894,3.86371255049557,1.02429076561597,3.17265209547846,2.54992522127001,2.17087830522613,1.04001612215667,2.15417772905143,0.245010928019917,1.19518923893515
1.304173116187,1.40102507736536,3.45781320399385,1.40249904187369,4.11203896133776,2.42134830660403,2.10342111908299,1.74332670526079,3.55472300255605,2.24827629354766
3.54045437484204,2.26056940969789,2.89376489736521,4.29632846976745,2.55352941628179,3.37186058912042,2.83429308286394,3.88530431326949,2.462866879462,2.9608477419453
2.6883592231912,1.42220792069497,2.28587245377861,1.69112040013436,1.87443694974869,2.33107975321555,3.34644458742707,2.47875587855491,1.49362254876341,1.43455102953967
2.40196534712633,2.62307528340602,2.36105913241391,1.74599260770895,0.0170969648645687,3.54579309885514,2.85088966581824,3.92608066654816,3.6408249186751,3.42467999234388
1.7916169440049,0.0405294613803998,1.96257166444245,1.47828257496801,-0.13241256663241,0.106984892403715,0.585486722963217,1.58450266621789,1.98180318339967,-0.457216690384888
1.12345829340778,2.36499574954241,0.686637180757416,0.351247707102898,0.339538026606096,0.403115240867244,2.04032867580115,0.174463908081932,1.17994238618052,1.29748563471905
1.57792919400111,2.32848911420081,1.14990348873372,1.28927038236009,3.98541488282312,1.52837839802528,2.22323914305041,1.72640948552739,3.29693397556024,3.48479616832054
1.56724514443461,4.04795682830136,1.77443430441018,2.48356076112273,2.84092703256019,2.1969069656992,4.29079769990759,2.87310274357976,1.38647653107127,2.30256587069962
1.47335141785499,2.1873085415665,1.18077479610977,2.36549532315601,2.09032346951298,1.21527475555295,3.51715707108637,1.9088540772444,2.65884125915199,1.33310487323071
0.975225465171136,1.40626431746395,1.44776721897798,-0.062902101726438,0.730519384533728,1.09423828136719,-0.146783537853679,0.210225792707486,1.73001083822832,-0.684442655215662
3.60013154663625,2.09562417091286,3.23934157576297,4.12608629052296,3.46214151576163,3.6099670499246,2.33817156121542,1.95315005442493,3.74969617075707,3.09166421377745
1.36675449949577,2.64319089932045,2.20276257956222,1.23541883852976,5.70511814889468,3.3988123300965,4.67078239061315,1.86305666160122,3.38105537831495,2.18017791428862
2.10222650657685,0.194598449468951,1.3252171206763,1.21032120787003,1.97873942030133,0.845677888430879,1.50418317800875,3.55012895772431,2.96645990768331,0.843845104629266
0.312027259365741,1.69439350460578,-0.365792100520711,1.58086932873095,2.26265472342586,0.796269241659758,3.24753961126743,0.864346725125672,1.07357120798929,2.33931568409376
1.89216945642658,1.68964176164038,0.242477344968809,0.923415029361669,-1.0822244255638,0.272277437367789,1.36508142090848,-0.762593134861562,-0.170503879140004,0.845185398297126
-0.878656658831694,1.17473565927763,0.928806321286283,2.27398973474369,1.24494650930491,1.69748171542649,-1.54094412338624,-0.62138322328554,0.897370077316015,0.158301047857276
2.18208898380689,0.523189796818884,1.89334962900358,3.09290491257261,0.784977565359229,3.42667898856096,4.00772563332804,3.92084595646918,3.21290031353949,2.43841226647878
2.67804291775272,2.65851137802699,2.55183792837187,0.843023535064678,3.3907079474599,2.03162118163223,3.75718461176263,2.92456960419698,4.07125331870147,1.85160852752212
-0.756136235773263,0.361315085432964,-0.138653684845248,1.05921353470106,0.117456862365625,-0.131561833024677,0.807896492460118,-0.731495114928862,1.04589644100453,0.915362366585761
3.05744248841835,4.19867704503988,4.51447333772176,3.64354448493518,3.03448364410985,0.29723701507093,3.34715437539388,4.10611308918452,1.74187788689015,2.25667478848709
1.63984843557859,-0.977448578921217,2.18040891440499,0.124699130878136,2.29159097408326,1.89345351677248,0.255639613070389,2.13521943986812,0.212523149814081,0.596481141641446
1.94287322695142,0.609836489022429,0.205374072433975,1.58126298273303,-0.131801651507599,-0.938730167250929,-0.49875417920104,2.52762092201925,0.705818847350497,0.608391086077771
1.1677447075823,1.0045377803284,-0.530338494711935,0.452401688402916,-0.309696355253576,1.99438568706477,-0.0804861229681455,1.92762356608385,-0.242306997238373,0.0311197387863063
1.67875222470424,1.7793646822099,1.76115351972026,2.43635094638642,1.46498088913632,2.68457287923065,1.3031179866459,1.02461755608794,1.7095477957703,1.44135488717693
3.39400766849038,1.65710875374246,1.78644160981486,4.43143537893008,2.13723234620921,3.42422050140158,2.18580610094566,0.246054909540074,1.6772824656997,1.47702505574491
3.41903177589565,2.38325417917965,0.234495459158855,2.90530719732709,2.61709096219931,-0.0569682918290577,2.78533462458515,1.57991698288374,0.470629110803771,1.95384279454205
0.702778638419492,2.28642502645129,1.62685791089957,1.40954553773531,-0.568634812912684,2.06551310829465,-0.338850272021108,3.67978280860668,-0.154339494300704,0.630075936629602
2.12113680194605,1.14957761235063,1.94921414147337,3.20902511345173,2.75161034222782,1.94495144233141,3.51472710789566,0.307851887987861,1.92254584390451,2.3924233179681
0.755008697326758,-1.16889352738394,0.713704766346491,0.486559526414868,0.350135723165069,0.909965274115837,-0.917116060365295,-1.17351716357006,-0.738900602043558,1.25236854486821
0.68994447157114,1.1774906292038,0.398060548048377,0.37616557237884,1.29101270616974,0.27176228322447,0.804923176660689,2.35529809070954,0.0526440701034045,-0.238931713111405
3.8431103359191,1.87038122766729,0.941298906721514,3.70056915391297,2.60886754943028,1.31399737103318,3.82115033537339,2.87043556914403,2.36708759630636,3.95745615397376
2.28236210041598,2.35986347266276,2.45546707110457,3.85857646707076,2.96956672780875,4.25669157034634,2.64333082335146,4.11661359595673,2.44260479616091,3.82961893601395
1.7582665634647,1.1932999720602,1.31743175456259,-0.0770892534384675,-0.56126744084258,0.00224372560506259,-0.739017473209829,0.399425671977901,1.07936061336242,2.12291371972971
0.448026179599501,1.8575849281728,1.69046214221935,1.8516483286789,2.16519276671879,2.21853154973436,-0.372734723444748,-0.19649106452842,0.443081970970045,-1.07115952576075
2.52922331666492,-0.549114594811507,1.58988672046049,0.440225643568975,1.23069948973173,1.86418484692312,1.86575406110498,-0.0837128046826909,0.311114258417329,0.202750903830441
1.5861075753027,-0.377601796412918,0.77517644938429,2.06517891010828,2.04942497025887,1.93715530243809,1.89597110686298,1.80587720894119,0.788366325574943,-0.510483523589907
2.08850534159486,2.05651336653257,3.59206715598087,2.75321109066329,1.6497154362894,1.50186017637016,0.972250556914639,0.880439844820322,2.02714340537389,0.726110168955207
1.0692625020171,0.581051117279833,-0.152028951725051,0.900756885121852,0.924241261645702,2.33806190997282,1.53616295454996,1.17650338017116,2.51413777897881,1.1873094402619
1.74808816096344,3.40107637761509,1.42775275829271,0.366984266815486,1.07021041012235,0.552333140949595,1.82699624770872,1.48277099177337,0.207203262076334,3.06828092674001
1.74494908043458,1.09776492816242,1.00525342650673,1.92621334659664,1.64646462578684,0.860590443743528,1.66688913593591,1.97902658155297,0.986322611744457,1.09076456327753
2.46574482676355,2.35713050798077,4.33313791542388,1.45274117976399,1.2180203536166,2.14833172569384,2.63153550514668,0.795064118413245,0.793191888739897,1.24160723506724
3.09722426965653,1.36918353176016,2.36738960884827,1.23742713372951,0.316550893803572,0.789744614572643,1.10277228266123,1.42890396912143,2.70715876600972,1.44046622718979
0.948074494240831,2.27113087962921,3.89308702945961,3.74095140532527,3.35852469219973,3.85717269773317,4.03250568319464,1.13634734398608,0.933215623482588,0.977397054039373
1.36860068393633,-0.591004143955322,2.06189321144559,1.08790422045125,0.166838859870649,1.71220224135388,0.295695516045045,0.847389990276635,0.89529738467022,2.76940222405458
3.46553617450466,3.09299926418172,1.85520221442808,2.95483857898071,2.05165745239701,4.70751343377273,2.90801540514119,4.65980457113868,1.45640049726937,2.78615040754182
0.988865161378044,0.493795620484428,2.54352698599743,0.232170857439718,1.81152896294115,1.39544569066883,0.597583433614976,0.735735296463052,1.9462657353538,1.52593507622065
2.37171125228766,1.81357496519808,0.828655204425329,2.61659575231854,0.656482456780291,1.49462432416688,0.156711247417695,0.341087419240654,1.72641773206172,1.08575852055107
0.126196892615751,-0.840469060261366,0.122351863740336,-1.30722219438222,-0.275589805440515,0.982766016765986,1.69705055502156,-0.966123296793085,1.11513976391159,-0.0871907677863641
0.768361643015898,2.56041240893569,1.44316634687925,1.4573796225306,1.11588283114994,0.963134162537179,2.20459847638917,1.02248390264739,1.21583858706173,1.31645990599265
0.552390086103702,-0.235601942222872,-0.956289394573236,2.63761120956196,0.349022286398534,1.15921173587687,-0.600354551408723,-0.821154637713468,-1.15226232759136,2.0747700593952
1.98863382839839,-1.11095940136426,0.611871678105686,0.920730150643636,1.08050341353645,1.69455209443843,1.25276978706288,1.32200412129817,0.904065625403872,-0.458394460180545
0.0946730473513285,2.69272679919374,1.87747695784456,0.608963208742489,1.14249788693035,1.80001379040509,0.784377946778228,0.829526473207513,1.50408107780568,1.27818448360882
0.755632732553512,1.31801412341193,1.59159510988818,-0.0975569276082882,-0.514728846935731,1.40138474781446,0.00390448389003906,-0.127023129798242,2.0490788665651,1.23677268932205
4.02281629731802,3.17308447295807,-0.19632015081332,2.90809401515691,1.36955913983691,3.27259261631214,1.7981546387104,2.92317408535808,1.85269017444408,1.89321423733326
3.63320856684597,2.85607042068806,2.65560994610804,1.50069395611549,3.58012941377204,-0.273210079813403,3.0005339043123,2.4053193992043,0.645163468139607,1.57731333651453
1.18141873739875,0.609131669157244,-0.0569424279788882,0.117478225699304,-1.35004613922597,-0.228901274948487,0.666910895527593,0.990611521621848,0.392596580712537,-0.769931365833704
2.35198698230819,3.29384508563885,1.65717911847305,0.966667961110112,2.57243167275976,4.02238410498175,1.49017897322673,2.41461050360409,2.64530520863807,1.69226652313725
-1.20977874542713,0.673299767057282,-0.579387161238806,-0.654171231789547,0.639819630226967,1.07926617386941,-0.353453075935859,-1.90307367512377,0.0868017928682339,-1.43263678720831
-0.756260082752565,1.38074407262692,-0.89108839612031,-0.675004290127084,0.440571025775825,1.22430739908691,0.198765002448457,-0.972600610953047,-0.316247487817954,0.360242419008587
0.445578828178899,-0.224750258730293,0.45048393031402,-0.294755376994543,-0.384244144238415,-0.0920968776878644,-0.0900051643232262,0.94970344974386,-1.91278185546466,-0.656568159175599
0.183958373857877,1.1521471833652,3.17186902234265,2.63398984136432,0.436598097045228,0.275042225756883,0.76724168477631,0.661092304133676,0.889993159969675,1.27963256126045
4.80932164298941,1.82881958182772,2.25627007937911,1.07855272523878,2.90939722536134,2.02633585426474,4.01147768316708,2.60258972558103,2.95424032387416,1.93241162757602
1.74966547428343,1.05906499935676,1.05444209482361,-0.228106708848935,2.3801390489368,1.44447887663591,1.63405308307316,1.56134872342052,2.09193187106242,-0.998184454657845
1.88404890333586,3.52602293643048,3.17033198081117,2.16240765864919,3.73861186688423,1.39870606835527,3.33349042328461,0.753167539746657,-0.834332937889652,4.26333686046485
1.34832662063919,0.808763537987901,0.329156221630769,3.16063990861773,0.593573828513163,3.05306628825128,0.188553944115087,1.70282464975723,1.19183965434106,1.73106454827358
0.537494340948309,1.02928436272964,2.18652780585375,0.397770509294157,1.38649411580788,-0.154520507441215,1.00596707781413,1.07991319983827,1.99166484720035,2.16232852492332
1.1671243305807,1.20603180701648,0.798972225331735,0.669314806574756,-0.139751393670465,0.184561073253982,1.68203864187617,1.81600001726287,1.79998917641831,1.25391843749053
0.155495681819275,0.371123074895974,0.374600431476979,2.88284126968476,1.29641902074221,-1.01857440424916,0.33069895372875,1.50503023500342,1.62597818649787,0.180013580422682
1.66266131278269,1.84468765103382,-0.427096109811522,1.23805118126177,1.21712300995049,1.36570475266325,1.60166607619566,0.812574290438009,1.1022054779265,0.0387903538587648
2.43244549782805,0.82465148772136,0.783482031176487,1.69332278725694,0.852708840850577,1.80320966168069,1.25161680267024,-1.28280476614092,-0.556656717817858,1.25296652389369
2.30107530368355,2.66288111657784,2.92301553195163,0.378080681063082,2.06847056778415,0.89948931348882,2.69968844698466,-0.147788989627282,0.166827310997807,0.290144028591159
1.47101477209895,3.20543526660636,1.6135829852918,1.24128912596446,3.05608739817355,0.45955799735338,1.95238286811533,1.1248225663118,1.24241586842459,2.6371906078969
1.73213834531961,1.72482070766744,1.47730054217247,3.86138415038608,2.86527886490405,2.01336603212811,2.33030419857483,3.73692420415,1.47448202518496,1.70579430774359
0.473159390729588,-0.689821986542132,-3.39344164741197,-0.600117031362118,-1.0864766467143,-0.202742210092159,1.08655528961092,-0.596127587786687,-1.00272058151609,-1.73847891779379
0.189131336170367,0.226350050111074,1.18235176878665,0.0902664407168605,0.702105728533233,0.929176971799479,1.17982702372409,1.23926787567417,0.520893890938528,0.226667650748687
3.3181044527428,1.82433107683727,3.36178047630277,0.901150354142614,2.49185970374954,1.13436486437783,1.80354495722109,1.5473743504851,2.75569989461439,2.27595564152604
3.13158584735765,4.9808027121136,3.03182563529716,2.36348579958042,2.80296861112087,3.06391102148927,3.16643420929546,1.790805132813,2.88360146420787,3.64412008642957
-0.0263892711937745,0.328073384909822,-0.274461110534469,-0.727121390148242,1.3259906490006,1.72069433204898,0.968909430028124,0.740890573665519,-0.31951219834088,1.75994783242247
2.47988709990363,-1.00951871833547,0.311975038909095,2.67939987565343,-1.26306028238138,1.35821070586515,-0.655538758806706,1.08475468926228,0.94060005089054,-0.842017738405971
2.27944718997472,0.392633444129569,0.926926173348067,0.304307579051198,1.11767494301304,3.83053879053398,3.62986646077635,1.21948823609614,1.84814351242712,2.20573888285982
0.899644425884314,0.0879532750944074,-0.278638868942643,0.44656524685763,0.651846710495012,2.07480338782596,1.42343562251736,0.959403450379697,3.65187992933659,0.520544484287929
3.13746247609,1.47088598673586,1.50939340365705,2.80463907867743,0.830178400116708,1.76320671852294,0.951866067269603,2.35879102497669,1.91834482669577,2.73767129694335
3.89728303271143,4.44405977194639,3.09696439384237,3.1359680742963,4.3202177327468,3.53100247758949,2.31666725097573,3.54362040751585,3.46223994111585,4.56917406260971
1.84653847375069,1.55937272917493,3.87049046818668,3.11331215034498,2.30234693098454,3.91433095064412,0.209211547947152,1.42368539092599,0.965281185491848,1.71285041471096
3.94510459459155,2.84530091211402,3.44061809797539,2.67266520180594,2.1878774074654,1.35660769070022,3.65235369749718,5.69775413637644,4.92038742125557,3.20776314206874
2.34056472603071,2.98028427145611,4.05639258688041,1.1444491303666,2.81499566490731,3.7881910979023,3.9872002867398,3.69479715445006,2.56410666505508,2.41317625632308
3.56944258227363,3.62155117434198,3.52779139133001,3.4669700451841,3.63658986317651,2.44423974248349,2.80247374632074,3.24601536522189,1.07277526190208,3.09561327004877
1.9913256694896,2.30837221556353,0.602981105140223,1.65305703845358,2.02292303089982,2.55778605114945,-0.0304520494114828,1.14296747615055,2.63057657827164,0.90258946742816
1.3638314646874,0.347984196857104,0.0310726139729465,1.2093786389343,1.65436857056703,1.4220881720496,1.6636267314517,-0.346363610429277,2.37787356409455,0.83648855428972
1.2618012716672,1.73161815226483,0.814481062841426,0.0723368826900486,-0.965864764208126,0.795400918333169,-0.387665381786126,1.02698238771189,0.430422206017611,-1.03937281207253
1.12625884902893,-0.0930898221733734,-0.0140173989552543,1.81281082077007,0.26397919070489,1.55654694147041,1.28692053877249,-1.01090620481624,0.990842993330103,0.872414669670904
2.37000158548995,0.610167877756706,2.83873075108709,2.33911695502216,4.5606243207321,0.65827910910728,4.11353204228413,2.11391475537006,3.08945465329354,2.04375850439239
0.755150728694145,1.92740289449955,1.36950715242518,0.256405706995385,2.26237764554531,1.79905046770928,1.29103038533221,1.34301957707277,2.34566512160113,-0.077542312613269
3.28630897841246,-0.438777182530545,-1.47142170522512,-1.07875412147502,-0.936520582109927,0.348470909796674,1.04449117493242,0.334114737445658,2.96339664649604,0.939214225365057
2.10627898756989,2.29707071714259,-0.735173214957251,0.581297753489754,2.00662406176084,2.80299085301743,1.69658713809771,2.31417314350708,1.40791622618423,0.77344787755531
4.12419737418783,4.9860384916225,2.08470474091984,3.73043993560329,5.03016661649393,3.56166104771323,3.96426415532097,2.9522356903408,3.87516350927152,4.47118427920342
2.15583173874621,2.42629123286654,2.95198277174448,5.81238222105462,1.99132241137979,3.09967087134833,2.59315717812625,3.72609511980491,1.43514654062652,2.17608052297042
0.217150758359523,1.1810742888372,1.63395927114831,1.78900713235461,1.73470914215667,2.94760594930633,2.63840274623206,1.75095719752657,3.52962728987549,1.18305057022984
2.40016801790426,2.25137593117631,1.2833379331505,1.81179296256581,1.70487811656506,0.607213164428759,2.2998202647905,1.30077096952544,2.35598834893029,3.13571073294529
5.00881815175616,4.48148148956208,4.77283983468424,4.76898823632525,1.84410664355692,2.15173195750026,2.32540053889958,2.40024075489777,2.20414991795948,3.092180384978
0.0382522698174143,1.21856912874899,1.57766578143157,-0.604574974176832,-0.248478713535405,0.547555237622865,1.96217693399209,-0.252667861626513,-0.55308262756502,0.957769407577724
0.609853415326673,1.74687042426672,2.16369768423846,0.792429128211849,-0.44842031075355,2.22020059058864,0.0445543993505674,0.222020966490031,1.20215156417233,1.40850714741871
-0.0135601663148128,-0.491910338349748,-0.910624336362958,1.43939605798289,0.105759108238103,-0.13146775852265,2.2419534026038,0.618237376232338,-0.0568860245664802,0.960894713103446
2.7106046966491,2.45342559950458,2.51753076149487,2.8657906567377,3.30709561575391,1.77886243167706,1.22735905119872,3.28102255494463,2.72065313737904,4.23383612754474
3.46887781920195,3.25134100471482,3.07105428839456,1.0485380484944,3.20426068879302,3.4304579353085,3.71188701433582,3.66780894343578,3.10776191353004,3.96968044155057
0.701882554873476,3.13408152424071,0.0081675879803047,1.0066430439546,2.23050701105753,3.28780110552576,1.83060389111445,0.967227391342173,1.852109605431,3.17976228292932
-0.0905952183495704,0.799878149321671,1.59349799219948,0.129912705670033,-0.252104138690839,0.648829295173574,-2.20671839229227,-1.68923938636477,0.446590582614795,0.968395549541088
0.376877662254514,0.606194578624218,1.30853289293692,-0.192757433130312,-0.800670278979459,-0.295053713877093,1.80084643969281,1.04223285351506,1.8754003530886,-0.369787390699269
3.19390172130045,-0.306339915199159,2.50168600452093,0.162931884185399,1.80557336027861,0.652416679614792,2.49930919612061,2.3217118968822,2.27577708330572,0.335319092330797
0.292494172741495,-1.01555704619925,0.152380983407221,0.751401487512498,0.0692703770962106,2.09278359948519,0.256897303817691,-1.17876244861886,0.979335234320739,0.6077081555345
1.87408630474264,2.05369537886495,1.43912715443963,0.318321446991905,0.19316264554453,0.84101247153517,0.246353018866943,1.42347863105819,2.40821388129358,-0.0996635482234609
-1.0026453855965,-0.64411231568903,-0.176487420794287,0.444456922488146,-0.945677230394997,-0.408676383070255,1.91655329108646,-0.696397257625992,0.297182848194713,1.72001670977447
1.68583809910234,-0.0238738068906996,1.53112066480209,4.93835600557617,2.66898403365774,0.603007500896121,0.69950748910717,2.03826388802167,2.94386751712318,2.06698826990358
0.93812256094864,0.764239276898026,0.0694573841796234,1.38641085957155,1.66364459347765,-0.159967259508838,1.21384569338461,0.253026341803573,-0.997612362770449,1.20074908982821
1.84298968052256,1.28890883353754,0.666494688237099,2.33418658961604,3.8798684415325,2.68465380460181,1.43339201103551,1.69952142903866,4.16667648042236,1.73003584383892
-1.57730370325548,1.52201787214129,-0.930844596107824,2.3495457475915,1.30974785657313,-0.839208397304788,2.01548714079947,-0.568474158532994,1.38637290498913,1.06557936699332
0.892455158318174,0.661737137496853,2.08520585949072,3.57411899828849,0.918960054626631,2.04915553923856,-0.076786096698473,2.63916245942446,1.72804835847022,0.934339439090403
-0.161145774955392,2.77400095957133,0.869732276902019,1.11885570117062,2.36044735919458,2.79596655445117,0.15924129287586,0.353405217245183,0.425397115468467,1.59924960174101
3.91810260577009,5.14302509739579,4.16313403580012,3.75274954860371,3.72054643087888,3.67273308377435,3.55338278117043,1.94679992363961,2.10761269465409,1.35649688190756
0.537817795205819,3.54137600785413,2.26922898517958,2.86524720587586,3.21370120687673,1.61760916483418,1.39747631101264,3.17323005185992,1.37149097209097,2.69330611469279
2.60340505242079,1.84365742079525,5.50047569190987,2.94872513253552,3.69254860377504,3.60606025592609,3.18598992166438,1.30927771520073,2.09077091660996,1.94462280337699
0.543236803199574,0.313014482522734,0.177525051976458,-0.640490295500034,1.11719331335599,1.38478223310695,-1.29076350389757,0.929103278983226,-0.469527324082563,0.82048145480544
0.971395815918378,0.14460744242296,1.91265980707828,1.10824735252095,1.64177936637587,1.26401584166348,1.66885521962187,1.90268434449894,1.14055082374521,-0.228846126813016
3.89731291207207,4.30374017127181,4.08451415795721,3.66339758511339,3.78206346831185,4.63557176862317,3.78961641777721,4.79893209360787,2.17849069862342,2.24371963810362
2.08267171768646,1.38807325203217,0.838780820889012,2.33180923843224,2.69543656969841,3.81985469552032,2.31867519962706,2.05906158026549,1.62927505841249,1.32591138056668
-0.306195723105509,0.20698076243415,0.409809411445577,0.485863297391834,-0.0121626318853314,0.834434329739999,0.165341897796347,0.0740752015385143,-0.478745411027659,-0.0695750050708556
5.47929184830292,3.88909677409892,4.00192449498275,3.13980007506111,2.5764199635917,3.3916020302454,2.66963397589452,1.85381315747626,2.34908315033565,3.51260422958626
3.52273393047348,1.10880013820707,0.490289429755973,1.01312183891703,2.77028734881018,1.49516188760281,0.125975829824502,1.32873947409109,2.03269033825762,2.74485004608666
1.63350862257289,1.51501136971942,1.193503096049,-1.700694706931,1.29871936224924,0.752149355663685,0.605108975513019,0.619811256576508,1.29954681441934,0.566137514446037
2.28887084394073,1.63452044000896,-0.755048204782825,1.03410484209576,1.70205388116717,3.41674161795505,0.457549943240382,1.71291591085471,3.3854870518868,1.68815641597475
2.78751731365721,2.98642633137481,2.4415905170038,2.17489824269358,1.39700385675265,2.88236442160946,3.1720926451293,3.63675737342036,4.75327964561682,2.86800486511365
1.90595350793038,-0.124088730917044,0.62795873675504,3.75391397976155,1.98176741543609,0.355235677766626,1.62196111157833,0.238834287486385,0.13028723708973,-0.683167198971318
0.542749563283822,-0.665256092634441,1.56668427252812,0.853838938335721,-0.721853322077269,0.458305452778648,1.16280516469776,0.30974856010056,1.14742911194356,1.28124010911769
1.39858226961632,1.13522121163562,2.62436046146241,3.08485172261842,0.488814277127899,0.611339865346896,3.13252499476916,3.13506507884588,1.22641398107013,2.430120434731
4.14336868108995,3.85114530824924,3.81814894051096,6.13108828297023,3.17096125103426,5.5587625895576,3.34414356345884,3.61217079361018,2.19384843675077,2.3509039941612
1.4205306421531,1.43492741082677,1.94731168864843,0.723885171886442,1.35084509994795,1.19582133728181,0.140176623681396,-0.205598900673186,0.0925677433505809,1.82774164238055
2.0674285420731,1.21836717461932,2.28372066922183,2.75559725974913,2.15084775147422,2.93508251095764,2.62746250836014,2.36903688812095,3.74981862642558,0.995380126627314
0.12900251110261,2.07828462369081,1.08073959563509,1.10384526934054,1.0785160801927,0.521761380673583,2.70946229698571,-0.663300817091188,1.03498768840644,1.93974473186461
-0.6430211654032,0.732263176318943,-0.814233603013729,-0.379079885595477,-0.10170677413409,0.0569002629364924,-2.13193070059756,0.444314569131645,-1.39003480596284,0.17743964227588
1.55001989236576,2.22263875088632,1.02082880588605,1.81874023094029,1.23919232783145,1.27356778958716,0.50666052514656,1.0544581393317,0.757681376893606,-1.09979720236617
-0.0291832509983021,1.52309682805478,3.10561918679012,0.504450994535775,-0.669909178730291,1.62149419102394,1.97014133084573,0.94512930312052,0.189390318760897,0.666151899949772
-0.472036181529593,4.42706556145843,3.36089562601732,4.31690588418368,2.36995135184143,3.53682598988776,2.72934326059821,4.22160718514057,3.19740716453082,4.28116707971018
-0.0546976994718074,1.48397200492966,2.05217900696827,2.34345115951547,2.06757756324756,0.416809225028477,1.89710734291722,1.25356429126287,2.10673580735728,1.21654991762768
4.29036510544115,2.98095807735281,2.76062359441438,2.82352494323913,2.89468459226419,3.97128555507683,1.43376478732241,2.74150736033369,5.12768564323471,3.30807221036116
3.0449051885384,1.86063259781273,2.45564731804252,0.51505991368182,3.74293467941268,4.04127348046837,3.28576489467007,0.449809470965361,3.02462900493525,3.77122880347313
2.97534997588114,2.76708408417401,1.13517372421459,1.62422328640965,1.33679606691685,2.59910855789382,2.24212312631744,2.84213030673748,3.04846638986739,2.86593895559997
1.83465817722613,0.918444950443074,3.50782350985852,1.09537797760462,1.56653400968699,1.87919556140869,2.12630297313915,3.43178729941259,2.50533212914203,0.710964868168874
0.267931589939617,-0.564389523188218,-2.05489442639729,-1.31117518009504,-0.716765583558382,0.187564165805242,-1.77772044376934,-0.588989506026152,-0.341597362684178,0.561696251420594
0.00225197136741872,0.259465148911873,1.74295128331919,0.292442321536747,0.630627989211151,0.280975106048518,0.17265203336597,-0.218733781068465,-1.28839236284029,-1.6664823242421
5.25908131982515,3.92447003158771,1.14749111518719,1.01808206565062,1.89321315918158,1.5982703735082,0.32216467057317,3.07896959303868,3.69428355566091,1.71631663807089
1.98430256991557,2.94534872864904,3.63935286690026,0.255900959336432,1.13582735044132,0.665694509991742,0.0708704658839003,3.22666968188108,2.22766860428612,1.8923650394713
2.09688664478428,2.80232932042189,1.01098828785778,1.75558281903322,1.21143696686476,1.58596384966356,0.851866119026409,0.0678555321118284,3.2174048178217,2.68310117131239
-0.0157088787766957,0.692953992729568,2.62119033029479,2.58380531980161,0.160039258677514,0.259846947009514,0.2325114971091,3.42385372230427,0.117440584357865,2.76699483855285
1.09396789792666,2.39988994619747,2.88642369139641,2.35809056066781,-0.474200840114502,1.99907342784087,3.22460039638628,2.66870978381684,2.68824160291798,2.85181610355374
2.02991253470315,1.384219122041,1.17179196820634,1.0949360863737,0.523517355222813,0.160312815769352,1.63958914803924,-0.638034056314084,0.669961359390795,1.27061662955947
1.87682652183639,2.77506721182022,2.56027985431867,1.12571879263659,-0.870776728246987,4.06262336782302,0.679786498873765,-1.08459098954191,2.03161223805999,-0.741318331044488
-0.517063541312391,-0.286383573834285,-1.42306848228971,-1.8663674199826,-0.26549433535906,-1.06998296731122,-0.603098904397374,0.250982346054203,0.972485261451068,1.67641923638156
2.06175989627419,0.75397672414551,1.79712050329271,0.755318118658775,1.17514212594661,3.91664324021756,2.75516597294686,1.75558768865118,1.27253377805852,2.81419668200516
2.0955009125349,1.05623541223238,1.61638517459785,2.68001893374916,0.858303540285055,1.17866479199848,0.775237287143068,1.52791275219873,1.23832045247577,0.286622636523518
-0.179640257212562,-0.470925328593019,0.647829684238052,2.109522726716,0.144521988979294,1.31717452597781,1.63638287557186,0.281169859975829,3.07304959899402,1.55515096889252
0.95145407808748,0.936423213071266,0.078328460295366,0.782074995402033,0.443855479470782,1.04482156938069,0.86819999621295,-0.790189443964457,2.90274641949785,2.42946552294934
1.5241251802828,2.86804181754737,1.31358347393131,0.0552933071691403,1.91149331978494,0.589563324333359,0.506661143354993,0.0479996435598011,0.783397917450204,2.65720416804882
2.22885417667912,5.4701712279325,3.07702097764374,3.94018784084567,3.17037460551114,0.986116391375332,3.35814607279162,4.04229776374644,2.75273131496226,2.47653636484211
1.05442362477233,-0.0790265571769637,1.48230627942348,0.588436412344609,-0.301665986958375,0.119144702320332,2.65477429448579,0.319199630644521,-0.0868124336278166,1.7158780688275
-0.980694372651031,-0.539827445780145,0.65453703938578,0.387145238473636,-0.806759953110169,-0.34357003693671,1.14621293967346,-0.514506854753943,0.18671228441739,1.00377729612496
3.01545214610934,0.358840014674616,2.00766648549427,3.23199593255645,1.90133608168312,1.82177627823494,1.33975359572209,0.207363096073323,2.5118602485981,2.71387536522433
3.47015966385632,2.94202647680316,4.47216712506507,2.81332226737449,2.79503994717116,2.29109485233699,3.50987492784746,2.85356064117424,3.32015558645211,4.47880162115182
2.0014127728526,2.63615787206523,1.63197086614182,3.00955695082488,1.69911859413034,0.239327720863945,1.26495024071394,3.02473799336134,3.85376916516788,4.84075089056162
-0.183791407380794,0.0542232315105138,1.53342419002781,1.18685674275181,-1.20056168254383,-0.0941552585620116,1.16671411022723,-0.102884874114427,-1.11477481085747,-0.415195147430582
-0.0269636706274172,1.72704935649595,0.209723394800943,0.557877738625473,0.786117965889196,0.662076179194675,1.9085854217491,1.93607548576484,0.884650845060106,0.483718588027031
2.87914929888746,2.34339485463088,1.55104039056191,2.38490746609189,1.82050250090915,2.80670279703619,2.66965946285756,2.18709100378505,2.34265634959592,2.58574486563041
1.47324771739803,1.23937630193509,0.257170007059912,2.31660652392399,0.404229907381202,0.0610203303460061,2.3981464347893,2.85407815755242,-0.164264671873403,1.1758951193895
1.3842380466163,1.78299334521133,1.9615386252174,0.558644634952479,3.43242501484664,0.44389076038934,1.63175728937844,2.42339886386069,2.54327315378259,3.44092747849712
1.85166910530354,2.68368961769759,2.31761330509397,1.63274458210065,3.45609542335819,2.77902295691257,1.21291407461797,2.16451710536598,0.519508706433019,2.57139687001761
1.46372765284606,3.00084991590517,1.10321585818805,0.540884348080541,0.769785234870921,2.21514496321167,2.38228814596796,1.37071548985084,2.42122177984234,3.87512178166601
1.83086046338315,1.59439726009857,3.49756717704755,3.39413039425914,1.00413641249363,1.21102663026384,2.40351547070961,3.41574009160287,1.63392404246911,2.03149825057162
2.43899781408437,0.0979617407782121,1.45635464876809,0.507663565150699,1.91016582474841,2.02503132902945,2.8543049705959,0.138695536187805,0.553205468070193,0.79510888336987
-0.871950868095041,-0.548218959031382,1.34749907712839,0.856518915504625,0.124056438509056,0.0264591634370092,0.231604389703661,0.19622793190873,0.0150077745048213,-0.414217584684354
1.32302763161806,1.60315849440079,1.83895803945708,3.737784012732,2.77019623806855,0.813489731519244,1.612511070521,2.71349840824399,1.04340925082346,1.52770557331851
1.81203123913512,3.08600998743442,1.27304934371653,3.34577009374298,1.8994211868783,3.27129456840958,2.3698911559321,4.05216821181079,1.81000931608658,3.17452072432679
0.897303871325008,2.3406029671912,2.03224651751209,0.689066602165905,-0.532760484399645,1.80840859094511,0.446032704159025,1.92332678678355,0.741037751647914,1.05905859930887
1.78253892055998,1.97612181394606,0.923654247197534,1.45314010708366,1.71938900626202,2.68442091744847,0.870070986145093,0.501388619070553,3.63020019702485,1.82810281707455
1.08295832546951,1.52088222815952,0.703468929328066,1.260390186402,0.255884985004543,-0.196550504877374,0.773509603078767,-1.33264400672421,-0.912898971407069,-0.509759570926468
2.12418298779432,2.75158649885484,2.51459999894481,2.39071127361621,2.99589899760472,1.39186091060652,3.43656866475846,1.24213795605431,4.14853539594383,3.85584277004035
0.973604096798348,1.20336626675279,0.889947638507238,0.825753779533335,1.7745479333865,1.53506529284325,1.93331997880309,2.44896117345702,0.978839167733845,0.608618902319509
0.785311369309374,1.17832151191604,-0.56150351017931,-0.270831180726091,0.563755376111305,1.96143292846464,0.622849410233712,0.638232601928151,0.660910507291496,0.168135319409105
-1.1995152952463,1.84381958989868,1.08367878452556,0.0836045779749767,-0.696087599655762,-0.0333385027017886,-0.267648175344086,0.911058374044092,0.501311745092362,0.0965918394554634
0.335313579132645,2.98039455215492,0.324524779655653,1.8801652257933,-0.231500030318325,0.582608537804702,0.933258740230097,0.868783815819237,2.16304591179517,0.824801312989661
0.569189190504861,0.83942517016334,0.995581231297605,0.399774804817329,0.511836866360505,-0.22255949125907,0.781621422096737,1.59016135487946,1.17363835060368,2.698897501088
1.8092832137404,2.10901631748452,0.875425623322468,-0.179898013757974,3.08512963392988,2.59773216103921,2.06377181128583,-0.284587026697096,1.08962928400359,-1.27900743922943
0.409787447170837,3.23127604311488,2.76808823591932,2.78674715725495,2.89725803741018,1.58083455240894,1.5704819328869,2.41109498375429,1.63128916798716,2.3683235268344
1.36099624808408,2.12365298670642,0.148314350889874,-1.04638738476299,-1.8345813017122,-1.65628265427249,-0.098724060917439,0.936908249741035,-0.759127251087457,0.715922734338206
0.39179816300483,1.5369622541088,0.645535722683724,2.27420787536174,3.79350551590826,0.763940368764277,2.1489284737712,2.13919292653464,2.6069357031032,2.50702401480141
0.84584183132762,2.32841643487901,2.08159652966691,2.24377336062827,-0.405564659808203,2.35295591316541,-0.0371946401038179,0.911325724591195,2.70553684096313,2.05971292114995
1.03760098361167,-1.31119096729953,0.0885742182000863,-0.627717606555396,0.627334404814867,0.607635090091451,-0.401407545609843,1.34754946407576,-1.90374651719568,-0.658545005052811
1.03496909321806,3.3307140500077,4.23937758144139,1.60075446903339,1.39945261029829,1.19283402244923,3.0260762776501,2.63115546455592,3.17924086015377,1.53074807159149
1.6974566375899,2.35368414021472,1.20590388139221,2.45125009997782,0.719622984857138,1.75795328273643,2.38665285146055,2.55234870955548,1.42574919441431,2.13341672386815
3.5491480517326,-0.419288085421506,0.642031273079975,1.89359819115159,2.46824378654556,1.02544063362277,0.433188455486228,0.284123554786626,-0.87626908177972,0.464370382374517
1.78937433837949,1.31251106089979,1.33363783232927,1.84244368043765,3.26001437530823,0.585961312062275,1.63874122443109,1.15263315649448,2.50833729252196,1.29415533367678
3.04813003915763,2.11540522130718,0.789834891899188,2.07641856110099,1.7746871000074,3.18486232168926,2.06005266625218,3.30600293941022,2.21437351145743,1.61811305758565
1.50090687060083,1.78662126249061,-0.709101458940204,0.275009718477145,2.15449625090424,1.49852060169034,0.714830755005492,2.06288264808205,1.44420527073,1.99938536257162
2.65881211563574,0.662256389093322,1.62406885418018,2.02075185346818,3.0099612307834,2.44952283946342,0.354512397805173,3.55870501830792,2.57638625986397,2.83104002094387
-1.10753565184556,-0.424204692460815,-0.153386375180515,-1.01318179664449,1.62672639654097,0.481360439540095,-0.443854898687089,0.580374696462342,-0.139833395070096,-0.251724447137975
1.98070725707318,0.565043761145907,2.16624795313194,2.08440688825177,1.54999587520415,2.40295458126418,2.08115157938449,2.42865697389057,1.47550701975541,1.91466452912873
2.60361483194152,0.971448282782227,1.40003116809732,2.52540486250001,1.8146834024351,1.86325444161999,0.578617000429277,3.56928799909024,1.62503168995918,1.24161242539589
3.17732290384038,2.89798244741471,2.6255854802851,2.5798698698855,3.04734718508586,3.1767314989194,4.41583504817775,3.54537737348984,2.44859478214642,2.42392834763382
0.513502237696897,2.89565412742528,2.0257197517413,1.36228451859934,1.50157651831425,2.65375243374746,3.01571779926576,1.17926521835117,0.830731868522585,1.83043896128718
1.31091581017107,2.14437042041628,0.961138812406288,2.33920586704756,2.5010876559601,2.15814636095618,3.42375580628424,1.52122991484597,1.55938124593419,1.20773013999836
1.85114210146093,1.56209924296752,2.05494592517458,5.07333937345963,0.525335385202139,1.92046963320059,2.51179381480806,1.60142219161363,1.1276120423971,2.37649449121207
0.648725395689899,3.64718598875704,2.20230274485266,2.97960300853732,2.48168355069733,3.63730021437609,2.64071456099009,2.6946868856589,3.0785028658315,3.58107509303896
1.38884027765489,1.63310252143695,-1.0404867094697,1.69109472954192,1.7611878223046,0.5797433904072,-0.65761843662089,0.52827943981656,-0.281013334892103,1.09534567147584
0.704615170764113,0.216044294027115,2.37569715931512,1.39820900857786,1.34797688905567,1.58193072462893,1.88270184534595,1.45049697472123,1.78797894748535,1.68885099706585
1.82439245556385,3.63146830028876,1.47555011570701,1.89098877024921,0.0951427026577485,2.09270443590467,5.35156468841776,1.03945706664031,3.04557642172005,1.15523776885723
3.37356363537554,2.26383528396772,1.11429543361702,1.22996142683212,1.70181289843123,2.19999344949856,1.36601917787327,0.0100693050231597,1.21582426947087,2.47840734315266
-0.163954477591579,1.99321586708207,1.98800111779721,1.09318423613736,1.42806121140674,1.20265797234728,0.132740105854052,2.94980366359144,2.09418261084643,2.53166372027326
2.449112144153,1.23225771357012,0.516934861788353,1.21656725787801,0.835379578893859,1.98236445813719,2.64714364354773,-0.693698046641519,0.481715367006463,2.72931810850229
0.324868499112114,1.30854315418191,-1.86034738960162,0.799628119082437,-0.951460909966561,-0.292590400688619,0.729576758479048,0.446087015281543,-0.458598208007581,0.0304988055184428
-0.223996087044801,1.58785931351606,2.72793780995987,1.48065571872565,2.75205446467985,1.48732834952146,1.67323200723824,1.09597226160989,-0.13338943165451,3.14557402650769
2.42018458183427,2.26984291857125,1.61804286517653,1.54981817537128,1.88164067425179,1.49276698937273,1.97214592719855,3.23190261911084,2.81569819610792,4.92082476820638
2.53696891605851,0.930181473733624,4.13199763278784,2.3985876911371,2.90030663237812,2.72565448575599,2.14804443412407,2.43269227695321,3.17097053414576,2.29520897913149
-0.500672206820544,0.637274147354201,-0.00897421218100436,1.93626529956554,1.29488333179177,0.962969983392094,3.00780758626519,2.52377938015068,0.956506251400724,1.98092631479614
1.53074569857163,1.21546145273261,2.37710400745343,1.98962929604562,-0.31269441288128,0.663941398946993,2.3123940738822,0.445797025211834,0.602888839439725,1.16416786238718
1.22661349083853,0.268729469370041,0.500315657388406,0.745617928796217,0.928719804150752,1.72458610157235,0.000791409967737633,-0.276692223844287,1.15286393448843,0.266492585989953
1.21743221544768,-0.486980048384318,-0.237287154184774,-0.468533601425238,-0.0388061941271758,1.7292522408344,0.815381159582957,-1.28210337943464,-0.155671423562592,0.346995638852093
-0.432709108697204,-1.07858108401784,-0.972265074447179,0.771356551277769,-0.548982528704332,0.69841011877947,0.625686349541848,-0.462528306256187,-0.666590960078381,0.595733930633666
2.64318719220083,1.70923795455148,3.58761434568035,3.48199635208369,1.74455553784796,1.05240254877027,2.23058059270303,3.59505182172532,3.26542517164162,1.75726296100517
1.40872124634863,2.38801357398474,2.32220018812111,1.3436427472321,1.68219341614194,2.58839143941293,1.40615716747608,-0.531883994678031,3.10294355320093,2.85903941769094
0.821782471751943,0.707129933466622,0.338929426916472,2.17829926697463,1.1692436051094,0.962852562090602,1.25853899965379,1.41450078148123,1.67998660354087,2.05684040401405
0.15675039916618,0.611200044257959,-0.120245080532537,-1.10705120798273,-0.5520014552726,-0.492266469259734,-0.644031923630518,1.83484039832313,-1.04486080057763,-0.645560437916862
0.353948639878376,-0.38105884383566,-1.63053359623326,-0.173097198546096,0.934731915805843,-0.647500462339173,-0.127429385559319,0.0557089270880793,-0.0596308397535522,1.33985401288141
2.46489023140797,0.0963835310624053,0.297779439922153,1.95942305801018,3.66018557673415,1.53042302680849,2.77663957377171,1.37857334669491,2.66382730318633,4.21139218018079
3.63593273660305,1.63909774177686,1.01381697077511,1.72764077748623,0.831059392580271,1.78893505614241,3.41330384429392,1.99304171453384,2.30120099528132,2.59232890658486
2.52989304569051,2.5876479047811,0.927770946732986,0.306909499150978,0.843477390372297,3.318799791312,1.62587453693098,3.67228945043412,2.00488216794629,2.58119214250315
-0.0275777294663588,1.06440363549049,0.320962460969829,2.99415580084806,0.750165155252389,0.30483552382616,2.21559430316784,3.15921795925904,1.58907016042685,2.08225643162912
1.71022826680679,2.72859031695932,-0.0316030106537544,1.00880677393558,1.88560452065075,3.40787338670103,1.39960526912804,2.21036223269772,2.65440878532891,3.6557884506917
1.707353523545,2.30624146765384,-0.75230846678539,0.637758072540113,1.40164123825203,2.49566551985739,4.38832191947672,1.63244818740485,1.07607964758983,1.15568060125593
1.80584058856049,1.73382339505746,1.50763282127718,2.33786435840451,1.35022385282594,0.281341748005923,1.74922064589579,0.908259252556169,1.97030342622496,1.00383776825409
5.6579913970678e-05,2.46705876755288,0.154628002490424,1.65657372948328,0.274140938601183,0.415673369220262,1.38990841081306,-0.368189641774232,1.58209679628125,2.30559474747141
0.718447222932905,1.37481249381949,2.42796592135392,1.52078947761607,1.01465938230519,1.38748190962685,0.613982251926901,2.11708997792621,-0.438885378929196,0.466500050266892
0.648329483918245,1.04065655336578,1.43084446376847,0.443883200765493,0.508847097269169,0.203187735696942,1.17131025542919,1.31055974900195,0.855346112250804,0.684262631322141
4.64294617057324,1.91249623190595,3.59059046681241,2.85199020996559,3.28497187330266,2.32936987734137,2.50050146247345,1.78583049515334,4.16714573496637,3.2886209692807
2.04770343594637,1.02805098340151,1.20281270650748,-0.875332068113892,1.67335179865031,1.29988462829063,0.0918283228692068,0.117139675271258,-1.0172591684526,1.83569070301424
0.939492073579523,-1.05925172118838,0.955582013249681,0.40501483999421,0.173474998627295,-0.0616731399895251,0.305504120197869,-0.536580707720317,0.840381678098848,0.405356000031344
3.13853500294021,2.18087723336105,1.40708299452387,1.43774992495964,3.43799929464808,2.77033247636127,1.00336632846909,1.05581538870093,1.95995821182141,3.03535181721198
0.279558388675338,1.82529564377643,0.935086619565391,0.22243257517827,2.16380096841495,1.80414850725168,0.33204770028607,2.53416257990758,-0.557445832274607,2.47111268261304
0.08465707226101,2.40220672627362,2.71036000620956,1.8671672000307,1.12797256005004,-0.0231278548528424,1.70459471183724,1.79524994612529,2.62754739633361,2.23313271687108
0.450468704251515,0.572517877971718,1.98435062920552,-0.109329573265278,0.819144352482886,0.938048378833826,-0.0532837104764659,1.44656810294999,0.688918786446427,-0.417992844581047
5.28222878882679,1.45876303268242,1.42080674648179,2.28296717941746,2.35415757336528,0.803360219381781,1.69832318678867,3.2566178682678,2.36249657360985,2.3347202549222
2.57164898885226,1.49737563817668,2.42221280330834,3.00026702664095,4.61574291463176,2.8411326392934,2.94513149606702,0.950276390046277,2.8889101022759,1.16326903555563
2.23596296216398,2.27789390648243,1.25941053581203,0.141226638171884,1.88091325756673,0.28025117579126,0.644623160344509,-0.571068309076406,2.7828097211808,3.48486463856227
1.35336486603167,2.19220017428841,3.44226612307492,3.84446565450716,1.92478231213319,3.80155315307112,4.32278392581462,3.79775389669088,1.92550358359445,4.84783197985907
2.44115839255778,0.200137809337454,1.37988352946627,1.09617947125374,0.980384344144173,1.28304174306837,-0.384639224683116,1.36461523579491,2.13916596645756,0.962189127079172
1.44432843508488,1.0756208734342,3.28003258810248,1.82109730588694,1.67653574362708,0.418277656514269,1.51966201701465,1.34755464456571,1.87538924625015,2.66241499040795
0.950400502788223,0.658456280609811,0.69811352070695,-0.0124500244283461,-0.288002407420063,1.77323418786586,2.44525496571824,-0.551650034650747,2.07322045727096,1.61031495782661
2.7936763835662,2.51813662867129,2.60986215356027,2.15560869329601,3.58629439189455,4.08363883780438,3.93378668773902,2.23107333501017,4.69188141274808,2.55700411807866
1.93108899394181,0.128200609240556,2.81587611316209,1.21127827574376,1.36411542313257,2.6629860714225,1.92932060101051,1.93337947101349,1.84900483859691,1.27867405864093
-0.191837926348152,0.915137514959714,1.16357329247967,0.400140920066672,1.59945487682202,0.536932504107158,1.12276971922453,0.736199583024369,1.96195262194301,1.3690304034836
3.40994963764297,2.18968489242774,2.44779390806826,0.762055520717656,1.34722584735525,-1.52009261804607,0.33233491448079,1.65901565083417,0.52021440927697,0.466450886852264
0.79084930581271,-0.037345632609905,0.599498401515982,1.60432240654864e-06,1.89191920887731,-0.832736463659261,-0.474209941869358,-0.184946616417216,-0.749420054433119,-1.85562248548248
2.60115546737319,2.40446099378744,2.25757111767715,2.27365721036231,2.44064897051308,3.56706216692426,1.42655985421098,1.53235278356529,3.46418603017404,2.11564574332425
2.09969335290973,2.29583350337216,1.65009253929107,3.36481227274807,1.45329954976411,1.48094779700827,2.66061032036148,2.46605652121857,1.6798534253584,1.68820693352756
1.1977787245395,2.94025464907747,2.47817194378501,2.36261139897859,2.24746310757683,3.10514388921357,3.57590088208699,1.74513037295894,3.19547285155647,2.12446998511657
1.37890402231353,1.21605270224837,2.45926636374974,1.90719016033442,2.6802269563689,2.84490492659592,1.77139758553932,1.74540224355266,3.79759496390884,2.0416547928424
0.462953590730151,1.28403626581836,1.02771601415634,1.70397364689105,1.2320522049264,0.165824076075185,-0.10717333183747,2.09506632187383,1.08715972351742,2.36098463275201
3.37554326798989,0.73592617771701,2.79059950796311,2.33210340715071,2.21022277827175,2.32322999663956,1.34789838011987,2.99925159994275,1.74248170254135,1.42229464293194
2.98118494733927,3.5354762714814,2.7252255081127,3.19477840192004,3.03445909479091,3.94666444070217,3.88813225914269,3.91869420783172,3.54171403675878,3.75061411416265
2.25287124276713,1.71387633863945,1.08326038007079,2.080584730935,2.55122140295903,1.30154823846641,2.35299476042719,1.3899458436763,4.1698196926207,2.25426878642182
2.62551106485654,0.21268549061311,1.88289384640812,1.84048198149814,0.704232085260865,0.648911885041019,2.29226803715648,-0.492703115550408,2.63053161666184,1.64503680405507
0.696546557209483,1.97760803868388,1.70746036691702,2.28702251839022,2.02108784135386,-0.281198869552446,1.1049175705512,1.23286787495554,-0.778191965079137,1.04279805413088
0.23351157207764,-0.482464320079751,0.989477297815898,0.295040740185171,-0.104680150016133,-0.531236299896394,2.3858955256328,0.903591895581936,1.13272354605607,1.0027193205634
2.30378753067528,1.04123012557401,2.72431086692828,1.6418689668959,3.31546973682923,1.90132870452957,-0.842003583213505,2.13165103729671,2.02947493787772,1.81963141109459
3.2695566129043,1.96900747410445,2.56099915955973,0.526379315084901,1.88747210679297,2.05683864763279,2.74514963908554,0.59158574756412,2.49455171539921,2.52165471798504
1.51814328386635,2.98822941248268,0.636925855661966,-0.394849550229574,-0.211840520175847,0.110211242719324,-1.47426121937455,0.589088062820485,0.0853753406280899,1.74520712755274
1.51296002101692,1.28249629525186,-0.216167007267688,-0.254357547473709,2.04375487062338,1.68865157481384,0.653814178708865,2.07402720506521,0.145150432702038,0.582933301966514
1.95889227389206,0.919655697802159,1.88419832669189,1.84046484247712,1.82509647116235,-1.00335097850426,3.39831438314348,1.6720480196372,1.13119773745206,1.94443243347611
3.04841928917878,3.08896674579517,2.77661815785723,2.74603461854495,1.67155561302092,3.39051338296333,2.26983452834164,1.4695965039941,1.32644050193647,2.99226894096646
2.54385063772264,2.44957923962341,0.795102566282837,2.84384863884796,0.366180254714225,1.92159197044129,0.401047073869124,3.09988946640882,3.12782228478671,1.13564839905695
-0.232366820348598,2.39031935063185,0.978529004609702,0.925788125668309,-0.125295014543867,1.48159492458377,0.723675198485202,-0.224395907140894,0.694367555316453,0.475100272691077
0.538992005165505,2.42158869824729,1.43903487463793,0.873604900597759,1.24562676662822,-0.117483944420033,1.79107015625967,3.18231821806577,1.85068917564784,1.03642620375989
2.45094953013694,0.489632491697023,2.14522791544333,2.38177656403802,0.372485245757636,3.50908417941569,1.71223608954608,3.78527439295871,1.66038966651157,1.87466484986894
-0.0176107825711913,1.05478405094581,0.917805061345697,1.2499619870972,2.07644668626603,1.29509511810457,3.01038682777214,0.588477095074667,2.92770063436277,2.99620324846799
1.8564041427158,-0.469911354946355,1.64930082557023,1.60386426583598,0.69238345764303,0.213505641081013,0.824447704747433,0.00817776998410402,1.90842102030679,1.31439435223969
1.58826269703917,3.12140956336716,3.00368923566721,2.05570164962275,3.46299232180248,1.16195418035409,0.987271351197181,0.178774889855532,2.0800039180493,3.12311796600366
0.886962843037753,-1.06398250859705,0.928631884991811,2.23361151163587,1.53555677201257,0.26716938924314,2.52195935782607,0.717138227357882,1.34778062913901,0.834479625334013
0.185744921325517,0.370884207392247,1.11030303133908,0.209735344868127,1.55335011768394,-0.197973440354613,-0.982031044139841,0.494869118087688,-0.572609804019501,-0.74403287298347
1.38343262562891,3.3913852503945,2.88180743909815,1.78014979011714,2.32538822856409,0.338944149890019,2.54389306868154,2.4244713015823,0.552341677771771,1.69813522574485
1.22972411405758,1.04400820980534,2.73318857949574,1.15900389680578,2.58592319425393,3.5541806594873,1.218387338812,2.41764717020259,0.20560315466348,-0.380675933848796
3.54541251633634,2.57443310983209,5.08388885334538,4.82284575252634,2.89892473111215,1.95948545332097,2.76826438560684,3.75387985418387,3.37796636974516,3.96201009390455
-0.0929944581425813,-1.30972397699277,1.90973070971837,-2.1563271700647,1.13055624198311,0.0446079577815441,-1.41562073578153,-0.218078383395931,1.12381453918787,0.704839598706236
1.14867768727269,-0.173766688514058,1.79386419969844,1.04376784173907,0.247369311549285,1.6544143508549,0.986995726868035,-0.942582377928567,0.354790724176289,1.95381249162983
3.38276551916379,1.62272601770389,3.45925091704752,1.3743800803497,2.54122894343392,3.31897735663587,2.66422831152603,2.2503083216307,-0.740734334514474,1.15463152066564
-1.05097049509143,-0.0182253652695062,-0.602694095613032,0.12054214509946,0.68873524976277,0.558484535978871,-0.927094684692992,-0.713606506984234,-1.08951604658743,0.69253041161043
0.526115633197253,2.2276421905139,3.45173020416433,0.250727613289624,-0.767685942910657,1.75348384491787,1.05048994571386,-0.837475421550698,2.29338110495226,0.853328673413269
3.11557168246918,3.17242362811449,3.38643280202033,0.521309540002472,0.391556909143356,1.75548902820238,1.95689884921861,1.25539422852826,1.4468602737672,2.99359873914237
2.32675996791626,1.99734839122895,3.09112363258764,1.99303014249401,3.53605931697934,1.70817775189436,1.16847087319555,0.486469521099691,0.884301566451574,3.1341718221936
3.7502025364463,0.816443883307609,2.60476078852254,3.25770689696672,2.50029653047722,2.65910252299254,2.84030951619686,2.99232786717708,2.74135044947522,1.65669693058826
1.61628429909288,1.58053395886026,2.84532001908297,2.20145502368704,0.219147704487939,1.41457427801976,2.43141511091597,1.20165255811788,2.91793479904445,3.65919444885999
2.38022068102082,1.1948678477454,1.64879613419687,2.16148406042351,1.58126872866149,1.05188603452361,1.19500596016228,2.85204146681784,2.29938634503595,2.47533309669657
1.93078093593516,2.4310587399783,2.11911008037029,3.35813056180526,2.67537073607974,5.2422584432844,2.5264645597483,3.36972648706112,2.60256993890073,2.72288056626111
0.387132549520301,1.57813909469975,1.23923884286253,-0.409534294897782,3.36935241933362,0.281066017692306,1.67081718156822,1.48438456025247,0.91799164794765,0.820648207010703
-0.707405530791117,1.013097826519,1.6404732400206,1.65609153748489,2.25291055110964,-0.216639213316725,0.917468846080572,0.251892930462538,-1.10972170379586,-0.660451077043803
1.92462054641712,3.85660653640747,3.85656190499471,3.7475540908234,2.16569887972931,4.89437155522196,2.83001765184625,2.81754101257924,3.63806310576738,0.566513481698264
-0.807247324285692,-2.08835893716171,-0.944386398607051,-0.619676378823873,-0.473520927868932,0.11367408950822,0.187222340466872,-0.630023013348079,-1.33282840218994,-0.926388173110209
0.316713672228595,-0.107961158783385,1.94981123924656,2.37484777527045,1.97576174936671,-1.2563776273727,0.384829149108901,1.26287352208919,0.710132587168977,2.33933695757132
1.36201855414622,3.07065384235915,2.00686968114584,1.6394682364221,2.1395534826031,2.44898567067423,2.29550578886587,2.0767836309205,2.0130724978324,1.12682313803921
0.865956700569052,0.429575783993636,-0.0916986029107354,-0.667021087492242,1.41713032810989,2.18238114679314,1.7452699535147,2.14681518148,0.944945608884416,0.554044488190865
1.39152520500911,1.54441949539732,0.635612298891416,2.43146596840989,2.04204286727427,-0.578610261865331,0.822431804548459,0.295425369486119,2.17856048682612,1.96826266240522
1.50125595268814,2.85201743387781,2.09799370346611,0.154353155826038,3.17401522423477,2.27140359544034,-0.712285663651378,2.22309224183755,-0.446640523365368,2.11738543419622
3.15390236903836,1.4604454237733,1.92234873495307,1.09743300237432,2.38037614898659,2.1965451064946,2.19761576431296,1.18731074178822,2.08934978207567,1.4588029514524
1.6832148643518,0.142304640146906,0.0679550188768808,1.02473221918631,1.3728082869919,1.82764899140693,0.0057039517694637,0.691617251712347,1.88440933727311,0.730500212970994
3.881241513497,3.86306918051777,4.54200868432789,5.15358521356591,3.8591504196614,3.12575955596105,2.68455794115758,3.53669576315185,2.67329489265837,3.16492786358637
1.31911661389083,2.14197859446728,2.61560227824282,2.08774416184708,0.979888216095211,2.56162329822005,2.01393991245712,2.84623408954712,1.86562368018721,1.57036376208007
1.50880665138233,3.19079576339273,1.8212289176777,2.46034632736431,3.01787037721804,2.51917306827417,0.947882667473547,1.31153913896926,1.36028754031612,4.14581643167522
3.06719445428331,2.5927201247885,3.94001089442974,1.89386228368363,4.21486194839214,3.27594167609066,3.76331236984393,1.63120372682189,2.96454816819925,2.73598254331769
1.59892002950741,0.0663512150556247,0.84902439329999,-1.68058942394197,1.32902366421442,-0.21120199602496,-0.648788165285192,0.342005096557539,1.88041718221121,0.660300901515547
0.960873915688721,1.1885946899054,2.31279197556546,1.60575988340634,4.54228441606499,1.21153926877599,0.0951593820193508,2.50189274475344,3.65832496889368,3.0613860105147
0.935985200799043,1.87491112336738,3.43987448077044,3.14673534792489,1.19091676751443,3.37046120891263,3.3995687052754,0.749237866118472,-0.881775941156455,1.52980947534343
2.63422744318731,0.46357878932872,0.00429773865769989,0.513005967259475,-0.715966878158938,0.653801024268926,2.44657631163243,2.85791079897781,0.367355682048888,1.41249245828951
3.19409456037566,1.06316076734519,-0.507981724508551,0.325893481049091,-0.0648470756760406,1.54038200199464,-0.0664546311139167,1.43990736995235,1.16816660957779,0.786483913699203
1.49338118215689,1.33998582577961,2.2849464259418,0.211356046576126,1.10139666191148,0.640272103205294,1.28670752643066,0.607320789122529,0.115312896430481,0.104776506770355
3.88813123092268,4.37392258831977,2.73213342781592,4.77571180891076,1.24923415388179,2.13544519233109,4.37608658033259,3.72059300985529,2.53437366272959,3.40526793622188
-1.49519270639147,1.23895116019465,1.31854067597939,0.510163772425257,-0.215524611380303,-0.0909421656111419,0.0247895461426032,0.646448928985692,-2.11758288857288,-0.57738601677444
3.34027920625879,2.68460730276638,-0.705485911769374,2.03586834348248,0.938407770249998,2.29486846023607,2.14512415996035,1.58216261230641,1.55452673687721,2.01687787892007
4.2362436769289,4.44870826995255,3.83118555592006,2.1307564820085,0.165501817998099,1.65284662383466,0.993626880475447,2.90763613947701,1.84135215249796,2.69993651303079
1.81005139994068,1.10831297498668,2.42560287792703,2.39443562862576,2.45209028130552,3.02524957815275,4.06105612569169,0.864113637385608,2.03510346957465,1.78821506573572
2.57929673010193,3.14187106550735,1.88527588939685,1.84340923687568,2.66350191732027,2.62638044277776,4.29371875370105,3.46621743846244,2.84776977925748,2.62733206668725
2.39076388476501,2.5643246094925,2.11318972087982,3.39668826928164,0.632607284026075,-0.641765950786679,1.51762188506394,0.691012250651039,1.86763697252764,1.72753624507453
1.1588971965767,1.69555080183707,3.38906406399768,-0.0569435268473204,2.04038772396276,0.522497631668867,1.84164717225268,1.3796939728923,1.10095659901651,1.43414277565448
1.41937884948648,1.41061231874487,0.328412717692339,0.63208996527154,0.943509293183293,1.8303642953268,0.748043460030746,0.885638565093775,1.8426271590042,-0.158866597484351
1.67157790670746,0.735888448563194,1.84011343744641,1.04792516869343,0.740674954169505,0.759686042162782,-0.845047996035196,1.77495271606733,0.82775453828363,0.815813415757038
-0.55114090714571,-0.928638933908216,0.0772953455352208,-0.0440562003315251,-0.817939635951141,0.0515876182484516,1.48395831257265,0.164888121025672,-1.01153648698926,-0.30329823301137
1.02356267992165,1.00615746523066,2.23403724881231,0.254725594646808,1.81249970977244,0.401279295641682,1.25426329571478,1.49097948503286,1.56840889038984,1.893126490441
1.61100330374593,-0.212843338221797,0.7070404955647,0.451384415769189,0.33297262385872,0.845733619579631,1.62857540127825,4.20801455290563,1.56759336719756,0.285699731144705
1.84925726324097,0.888544124534356,0.0884759183517377,2.59365137091927,2.05962608280611,1.24778297063022,1.98621727134582,0.691973078835979,1.32983893703064,3.89918833400715
0.581120606553245,3.43414670326614,3.0004997606539,3.54981690444461,0.681729686384137,1.04386658099446,4.50979713996748,1.02937561339288,0.994432989457428,1.63227515018565
3.06106109293301,3.04429567023996,2.27827806832107,2.38057934455847,2.56753382717494,1.97148947515328,1.71694607338213,2.10153964410814,1.23992876972887,1.04421233749936
1.72073408515061,0.309145162627282,2.45856971589232,0.241276434308278,1.73123420322883,1.66412667250612,1.74309452611582,0.927951022485231,2.40629237899515,-0.835112073229953
0.0635026325775159,0.149434947586092,1.61210945838779,1.99442084247812,0.425682909811756,0.994729280291553,2.29151530206364,1.22600694819284,3.06852948539721,-0.998244252418433
0.706365778491722,0.289483147920303,-0.416089291235779,-0.910686429944068,0.276372159209096,-0.850051314831177,-1.10836394410303,0.598817379517593,-0.336767729798106,0.139389041127313
3.51554456290506,1.40083152196348,2.03793464842595,3.36195453554677,0.649954441098765,1.03145672469501,1.51480637393396,1.57990399672722,2.49721088413946,1.85673220987564
2.54272582363909,0.871523147881201,4.58743056655414,2.58796846951765,0.138114505131424,2.6704147877956,2.47888083127629,4.11555042296122,4.63524168684904,3.86105270262707
2.73562713019832,0.777094429427777,4.15276744762564,0.0428534730776486,2.33683510305399,2.29796464910682,3.29064527710175,1.73784166233322,4.18794943440746,1.58141008544577
1.97410274166289,0.353249338188459,2.54033518414581,2.72608386621556,-0.0669933834351872,1.24852673747051,3.40665973330359,1.16140458299189,0.530054868763201,1.97533661253362
2.37663536881002,0.979096276920093,0.976348723525141,0.849023587455561,1.85432495148437,2.31921417765991,3.78025220457385,3.31897185391902,0.969990368678682,2.27892353166031
0.964834682009274,1.1991602910309,1.0288052716437,-0.350726534370192,0.651261980311679,2.03683008123252,2.44619490719032,-0.950127011752976,1.82442300956464,0.520208406372511
-0.690525350676428,0.465237041328554,-1.75283646292918,0.638018424337127,-1.70634462869201,-1.90825884120547,0.295130784697996,0.757524086921943,0.984462893150636,1.9444428377554
-0.952053226108599,1.03695869308174,1.10145019643297,-1.65403996966196,0.942593219450138,0.974497458102307,-0.206596670741405,-1.88057548532872,-0.417099371232569,0.553167319128751
1.16120364990224,-0.198845623998781,1.64553056130903,-0.217979129831429,2.28640593906236,1.37900303152494,-0.0206310077898122,0.98667372291395,3.06105352024417,1.85548389869898
1.39245359307808,-0.261341254339222,0.964362699718092,2.38779627326498,1.66685317214105,0.174231131158038,-0.228313882432082,1.66589168199593,1.68181889002385,-0.0463326577248346
0.702474898702061,1.14129904982949,0.280894611321715,0.280950489135347,1.0808189793568,-2.2613251338986,-0.859118229841409,-0.151028864588661,-0.688975924193902,-0.808598716525421
0.186096020401111,2.31577140883122,1.50660937045828,1.43415190143025,3.75215149374446,1.37974483154266,3.18870378648022,1.80811583997412,2.57316357792059,2.42970583347276
3.50978034452837,1.77826757667781,1.9935111938378,3.5660686288846,2.88818305592302,-0.496967729156008,3.45253584114261,1.64100707560961,3.85192040959908,3.44446694138971
-0.442325751980978,1.83829229796138,0.993008474646347,0.705177820898804,3.0276905096049,1.88652747693589,-1.16186388946136,1.6106376030868,0.214826872273289,0.42565085343203
1.36833520986246,2.57674824690845,2.09558954606589,1.77369567918971,0.966409516460161,1.42991256350275,1.65901198630466,0.714383115296178,3.47734974668378,0.837081196564301
1.66336302048839,0.205680359664403,-0.284055072082509,0.787497721510635,1.37256013039108,0.103098851064863,1.51186023516242,0.682384703253426,1.42743031884686,-0.0428879891531173
2.08950805366803,1.17150395205433,3.08365112804133,1.261852973339,1.07765415356782,2.5610115547533,1.63646849229406,1.55998247566289,2.85604702763562,4.0699127324436
0.17153645792503,1.75891012622375,-0.042442313302826,1.2276400676079,-1.67834393603495,0.929710444696781,0.782758737828356,1.44632699446246,-0.371517138560528,2.21696668141011
1.02938858037447,1.0350550459754,-0.45768610054593,1.2096983715416,-1.94243295612102,0.419157070522756,1.89426499443011,-0.205481042982466,0.00867803504151587,-0.34016409147964
2.40635440058129,2.48093606531043,2.34953736597466,-0.173407700225605,3.324293831249,2.53152330919182,1.19853529955309,1.11530596996935,3.35399915659041,0.0767883754885761
1.19788578818182,1.81451678256884,1.31758146020263,0.845776701272632,0.789690628980434,1.53051757647856,2.31704761610727,0.0742561489419187,0.789172277411629,-0.601119596805897
0.3519072100729,0.596571881381053,0.632063197010265,-0.652713346548591,0.677554789562121,-0.167500608341135,-2.33457694999298,-0.935819300214823,-1.47163312630645,-0.373628544169051
1.03009975992445,-1.7099842701784,-0.655447754715605,-0.832717875105106,-0.482717504386509,0.527934780018,-1.06588262225167,-0.284855025644806,-0.123029081667773,0.839580653018675
1.14642728718416,1.70393683178554,0.732849292757741,-1.18700068139554,0.999069513646335,0.457253568020489,0.177309106722222,1.54222700446094,1.94136884677836,3.20561402021058
2.33922985247118,1.47199012065618,1.63270281958499,2.41902088623301,2.40567683279234,2.21210788243127,1.67644143470626,2.41607770110332,1.2659019823499,3.01364506378871
0.535849133292643,-0.435177025771241,1.25044443281473,2.62371163403818,0.537698546122512,1.56462392289604,-0.069124290549947,0.202182332739446,1.93345327220648,1.61210430913905
3.26868800628114,0.806191076655616,4.02041387765453,4.08270643958496,2.77923359804923,0.794910225067386,3.48818520686743,1.78014242279262,1.73554508989276,1.01682720425978
1.46537912997317,0.533324269097203,0.463255174552943,1.77073301432339,2.19686326747951,-0.492472350534495,0.886623746831433,0.990424171521003,0.264104554819341,0.678418413611202
3.29278184046952,4.65361869147009,2.31260299720235,4.73876802860397,1.96639716644372,3.17283674023827,2.23729576194426,0.774142835823844,2.22958797721618,0.546603018274446
4.0293482912465,4.67383968048235,3.65747440645214,3.24147880251064,4.26957338317322,5.10256255010758,0.906326018381634,3.06678835042244,3.4583812733497,2.81808151290766
0.576651428368791,0.803500115560698,2.16799654834212,1.10880770239451,1.78189826394578,0.107046077083376,0.568232540606102,1.28740769677948,1.26219760308061,1.0210989533749
1.47437340417247,3.39961998235283,1.93768266746273,3.13499277889789,4.97911487401534,4.0377138640232,5.9914105457456,1.84171582103967,2.36163809453066,3.36999345306801
2.00240653634722,2.69273824039911,2.98572166528791,2.7230382219711,1.79913467878812,1.27469984764411,-0.198087290098559,2.74673768148288,3.2114085339205,1.02223155141364
2.04926079694021,1.11941665744256,2.97558230951341,4.03028330158014,3.19370951781624,1.54449894971982,2.4848659285664,2.67216491329963,2.6250647509178,2.61825882847347
0.329281189428111,1.03596596540512,2.98038144447802,1.98712516593333,1.83240653421434,1.42580330620158,-0.201980754186041,0.767067936792342,3.19154313042601,3.28387274808591
1.58923757218028,-0.348776972306862,0.354000249244784,-0.460291679629151,0.392241758984523,1.16269861431602,0.555607461496075,1.60612767140312,0.217793778849695,-0.277786728820548
1.23357075162233,-0.0211048503670954,0.895205598294509,2.46519069677155,0.168154938357818,0.946569304934599,2.10958099609354,0.318815308484179,1.2873652638501,0.0133028650070998
-0.841325655926372,3.36325852106681,1.75962793464756,0.973182750749504,1.87440092731878,0.785931275764261,1.96358184737224,2.08308958973585,0.804265012694198,5.14224366487371
2.48419487556466,2.64981539321023,2.71668811286664,1.5293518412848,2.609788528941,4.39936716545173,2.21964530550462,2.72847554382805,2.51386244053399,3.54759529774309
2.7140556246435,2.02743106826319,-0.166727035195409,1.5782544833641,1.47915947053816,-0.228571392070305,1.7492526599708,1.47268411557109,1.83304012070146,0.805377157582241
3.79925123887061,1.41575950775215,2.61299524616223,3.52285475813185,2.86269995236585,3.39183797932114,1.07920350367048,2.49989113356011,3.86178267666997,2.87919838757692
3.23453441127799,2.35546459600245,2.01196798090825,2.30802307288858,1.78282823389544,1.91194141476529,1.24170492366471,1.2105775665291,2.54604445713867,2.1579765341839
0.608016669003783,1.15727883099822,0.457359251475597,0.195489281869175,-1.41176757550797,1.18897735481952,-1.6407483775151,-0.556475125752529,-0.481894527121739,-3.16669890368495
1.31833456380302,2.21167196996421,2.12559076335513,2.85027368512416,2.41478631893977,0.894939501174105,3.10076213724259,0.505246475867139,2.8433485478116,1.16335304616656
0.73335757795292,2.24109834318693,3.2417854625934,3.03443443183937,1.2519910135452,1.12264265689929,0.198649412841821,0.866175932908173,2.05504327078336,0.925451368773737
1.24819480181723,1.85767993920343,2.4091097129672,0.899278841515858,2.81126298683069,3.1619936250391,2.42073015965909,1.88201662063043,2.12222892225719,2.51879652872748
0.6728920724354,0.838556247134116,0.906999253840316,2.16217039394715,0.241431657279529,0.886760348000355,-0.927882332809997,-1.20050696441366,0.420707953933403,-1.22858037273587
0.934506287509369,0.119048794496822,1.00998527964225,0.00630937446147484,0.388796109808191,-0.835567214733154,0.469712722801142,0.236419148791203,0.754617261646615,-0.189078334928319
1.25985905594343,2.03593470232549,3.34005774759241,3.32000254256862,2.25903965279464,2.34765859585515,3.05825166135047,2.53350803729457,3.78133507535828,2.92651109929954
-0.650975459767012,1.71447562269954,0.705398311882378,1.86669528919629,1.21136581517484,1.39826261771614,2.23427280898017,-0.742806857150866,2.78138243674566,-0.126911261906159
1.66078234237464,3.00236232954808,2.20630597324262,1.32356527841768,0.498969538468073,4.68608153486861,-0.0242334778255147,1.40735461778581,0.822731987020806,0.577514971852388
0.853041968286997,2.2785071069442,1.89249405589214,-0.00175832738279924,1.38867989803043,1.24805976613443,2.81388737203547,2.63222344475853,1.11169053226685,-1.52995607106277
2.2496964244484,4.27165787588125,3.65340168448758,1.68301930949531,3.54541475243446,2.53993805815781,2.47182422899309,2.18972373891913,2.19287955982148,4.08669720964385
0.351360540652765,0.257476697958296,-0.0858553484973593,-0.387813860223768,-2.03393291101308,0.318259658288335,0.334734574327539,-1.05133634885634,0.0602850761949208,0.558237820781503
0.721654234793322,4.13615502390271,1.59024211022367,-0.667931042461995,3.19952573502347,1.96353316406569,2.65864473795123,2.13613834606622,2.089417001096,1.50233982383606
2.59224531193864,3.67748758318353,4.37103259400588,1.57386648477564,0.258355574228315,3.95684228742201,3.7380726862985,3.33014467239453,1.35879543826513,3.20607883485701
2.83767517198454,0.595318229795082,1.78840344357502,3.07335360210841,0.850912840986298,2.64695122365928,2.91525965278706,0.91113899640171,2.31306861032616,2.32277217004529
-0.000611743134875109,0.6117821824327,1.75589246474162,2.3183594558456,-0.00429609546199616,1.45660073896065,3.45786292915785,3.27386035949194,1.49040712053883,3.27483683907951
1.62172671732271,1.51017971060147,0.739734730035033,0.129406714289228,2.3182329206166,-0.155089333115158,-0.0856976084781653,0.761351272568341,1.14974087741518,1.1521150533823
3.36526462125641,0.90804387733596,1.74328838525517,1.37954854180781,2.90182832825217,1.86884640960605,1.27434096881331,1.60372345101637,2.44976980763653,1.42242745166557
3.14057571654262,2.606829805267,2.06766963303737,0.637997823157572,1.87000204522632,2.83225092402099,2.32652344396122,2.48136446269248,1.83630049230388,1.77860257483189
3.15732502193011,2.22034175209232,2.29289537621652,1.4079310886055,2.30455068438837,2.33215561184385,1.29180177670591,2.32932277950241,2.37749637844991,2.34371174618223
2.50533493065786,2.90459448980589,2.03013867126931,2.35173765689396,3.2096206993568,1.45722663505054,3.30507101273621,0.554170020224973,0.936116290029515,2.17661388817152
0.466577782428109,0.532624193211099,1.27881572473825,1.21230767435308,1.39199395119391,-0.00885277586197564,0.660213703573092,1.074914435274,0.109318638838564,1.46741650489189
-0.0219904775198456,1.76731890907916,2.7675713279928,1.59511614083111,2.31822538899702,0.37212778933951,2.19861872176555,2.37905784816433,1.60076858849633,1.4612406384268
0.360895694295456,1.33765168207108,1.17905393964675,2.50369105666616,0.221020657920815,-0.268239506568246,1.16135058613307,1.78089454988201,0.953291310330464,-0.232027912994497
4.21906079544369,3.15677411736398,1.84527732640972,3.32649148981611,3.80851423649015,1.88543545928418,3.37594145186517,5.53113373593947,3.42333043768512,3.32858978600015
-2.00305547810849,0.195782378558265,3.65116211985327,1.85066499640069,-1.75504983044331,1.54842430983003,-0.992907058055293,1.23156047614866,0.0983015225032838,-0.155201971142179
0.264985223470143,1.86056568878154,1.95722014165663,1.78467186778569,2.88415624037138,1.66912206907557,2.61130890562557,2.69555696248171,1.99413087528926,0.314629549256171
-0.0450390176945781,0.347995727117026,3.08802190516734,-0.287644086708749,0.582327632426664,1.37817577073067,2.98175763489446,1.44696442152129,0.914819721584557,-0.559077046113012
3.35747565353746,2.54353981491474,1.50584624425244,1.28391854407372,2.23433634680017,0.267231087802797,0.745194204520341,0.868266768484952,1.18994425418724,1.50941289652992
3.52654139059709,4.29960092277836,2.98363256253628,1.68507812827994,2.91715683671037,2.56093089755138,2.64640438962048,3.45941182652557,2.76819638230381,4.04502594442413
1.35568503701166,0.990427039618353,0.731727481854125,0.970265679715452,1.21760286891282,0.148973307234469,1.38584378992429,-0.639756623919313,2.35245653022538,1.39111616876513
2.40088103019345,2.4739132407333,2.22946031073192,1.97149014342385,2.34575710223071,3.35056094987364,2.1413410156118,2.07475703372978,-1.04053386809523,2.48312904334182
1.5252885868885,2.01604867186084,0.000571081741523427,3.43822849108049,2.14283028716566,1.8376490920122,2.58328029943693,2.47525286678904,1.06813753056824,1.22681719126647
1.99760754037262,2.37730685196165,0.0309586465109741,1.80744678318299,0.89321523386224,2.66544100710308,-0.348834051434749,1.42890425550807,2.33219022507329,1.67813281966772
-0.236654482224016,-1.71243957681662,-0.483622246044174,1.16242414344429,-0.507486992703057,-0.838868183533246,-1.05310338852846,0.809331919632445,-0.128646906527232,0.700095522973532
1.00574410050909,1.2868935404375,1.53033025790779,0.71579242264956,2.55413947546625,1.34919103889479,1.15052999410587,2.29627074796283,2.99572016449565,1.61988218449676
0.484466186224242,-0.896500508714692,0.703195558090803,1.42839421666655,0.676040771461823,-1.88147848498963,2.69283146890647,0.842842913420857,1.61875965601649,1.15249888769589
-0.704065827442132,-0.0993776461009032,0.82580034714323,-0.420305884876427,0.110656064352615,-1.68043026462299,-0.525781077947693,-0.180948125538949,-0.679911699385654,-0.209991786053275
-0.37479409107809,-0.0571016739964039,1.10698585145235,0.353372949132673,2.59363912863645,-0.222474156812044,0.615664613069498,0.398135547289694,1.17052124717575,-0.000458598430869372
1.0405148387714,3.23826900539123,2.38934610746692,2.1658318243613,2.27189177313887,2.07213139970471,2.9300661992923,2.91969921279839,0.967594169101795,1.29979818842584
4.72280538252416,1.7244514579546,2.54400706485313,2.0733167610926,4.22317408574476,1.21270019706348,1.27939061117514,3.28347832746818,3.76245444014522,2.466650952918
1.84874735145582,2.46618718925826,1.60409406115286,0.75948806769148,1.39541779892651,1.33224266248199,0.598160884356424,2.00271386222817,1.02269724667304,-0.3022850428256
2.60831367884753,0.778815007229255,1.93305296707366,0.880449664082024,1.70149774978419,1.10249048969188,1.17294775537326,1.81428044902471,1.01184871739147,0.816773756393259
0.600674182343274,1.08591389509926,0.945646151474528,1.59939569537893,1.58709548641069,0.970885729480949,2.88079830106297,0.1399857770075,-0.0379832769022237,-0.364701705091784
4.6958358653434,3.20983393789707,4.42572026501935,1.303737414083,3.83578665273028,2.25668382145356,3.49471496789537,1.87348504151875,4.41999232565404,3.98017774022037
0.0219350851423361,1.27587720735799,-0.622507535585601,0.24243874286708,1.94532578279614,0.645369755610284,0.681347189853445,3.26801215394806,-0.387236229553718,1.65844123250398
1.48052709627811,-0.728763780724691,0.482328662685646,-1.61862066232694,1.38376555524697,-0.176760975665645,-0.929680994815032,-0.00401321666557727,-1.3414153050164,0.0497177884128293
2.11844053654754,1.7925321032515,1.77349537768653,1.10900115046649,-0.183150078643962,1.2405136717777,2.29667321462835,2.14677567922373,1.89975351106303,1.92321193290636
0.133439644286605,0.669943710368396,1.82774961760782,2.70537952836953,0.823278643043098,1.08737180855038,1.64662764291751,0.190588558964574,1.26959562420938,2.50616733941185
0.877574870994135,-0.0151118454106919,-0.255414790538197,0.39376781776827,-0.348646493164299,0.991134305682679,0.0609134990038782,0.37271984580437,-1.22884010160767,0.677489114255974
-0.0152075404790677,1.67064592417732,-0.612670218111707,2.68328767742336,-0.173213177007674,0.339135811455203,2.32192406580365,0.745834695022852,-0.0918370053407331,1.3190865997646
3.26210880140441,2.03199596059335,0.661768979971052,3.15028214785171,1.46407226339421,1.51632069361406,2.64640363892778,1.26675759094748,2.04911068168228,2.58671749073174
2.77121159368349,2.06095649544923,3.01963766533184,1.29288576931383,0.954710000288881,1.379513932786,2.56569665629318,1.07594995144917,1.11095273706891,2.94018680267778
1.29182851206663,3.60388309837934,1.38386670224782,3.36939417690484,0.716303990733564,1.50250134147011,1.32373148090965,3.32866808819035,0.832695659684579,1.7846595333919
3.47022903742301,2.19665679618267,1.08759996950082,1.29591706111104,0.702063082089049,1.64740226472672,2.6958724489335,2.1505886106645,2.14600674455377,1.07496253683019
-0.609738306937543,0.880492909602368,2.10866355156237,1.27498455732196,1.55897255386339,1.59494275338675,1.17255187125713,0.720436402194461,-0.0690743034254495,1.3909399333985
2.46123759965089,3.73039682420774,2.89268742301784,2.75893361275595,5.79316777352959,3.09315451001617,4.15605300938205,2.8699973827826,0.969553455101363,2.60304197881647
4.48729473014628,2.3289332472328,2.78454824967114,4.6221266057442,2.5184573761819,3.30214779770563,1.90369886275454,2.04613064607299,3.10058712813312,3.01123742426515
1.88100577994423,-0.00522358916440968,0.0421422787158675,1.19565793759813,0.601819873431007,2.72298367035553,-0.0307071468554112,1.0802526768268,0.222255084338722,3.36092269827519
-0.542588075479055,-1.57586185964812,0.532073112971488,0.378999842358619,0.388808096369989,-0.569891724350697,-1.54668653040724,-0.144031680469083,-0.935337993592468,1.6785029082145
1.44876399923446,-0.0710518976069183,4.47294488284397,0.057621287584345,1.38559906650599,-1.04265794989551,1.32071837222173,1.67709375472579,0.622081309160567,0.545528680790946
1.09390254477603,0.943843199337836,-0.228346818253581,0.534490878203949,0.0267180730970177,0.675838731246829,0.110099160101672,0.527303392786387,-0.226078916557732,0.504231043400689
1.52851124267163,3.17665139494223,3.69337466223933,2.17291987074637,2.67993412055839,3.21138120923706,4.77900352629572,4.56291112931201,1.76537231082727,2.21790089570388
0.165770157745271,0.806583387204132,0.621696035448435,1.78606825989281,1.880646305313,0.740621279891223,1.67767740518858,0.838934958198368,0.406395117677895,-0.223993770953697
3.3015437580312,2.86040305279504,2.54704573832677,4.73987749024472,3.4816927244955,3.38225322347081,2.21492694255908,2.29991090576636,2.13207230511007,3.18982762300132
5.50718877549305,2.10920420101449,1.81983909100903,3.63371972187209,3.34265461565523,3.40168359677114,2.5088485767974,3.41032440556346,5.11633817746649,1.32128201360322
2.67351451030268,1.4310483515154,1.97675952446451,3.77740418367629,2.51609426600329,3.76435387085499,0.983200517210991,2.14011674774781,1.89739765659196,2.09449997715927
1.96333853313749,1.5294443944794,2.49748836880297,0.957849230426115,4.37117966604338,0.704600531884674,3.55960953663956,2.02378201425847,0.344793936309753,2.91588255003274
2.49399672984646,2.87227880111182,0.414791452278893,3.07824551860732,4.12246808273554,1.81580260372593,2.40774300801182,4.04054046705303,1.7065313239945,1.60827858125969
2.73660855936023,2.80507050214959,4.06606603946851,2.90333576548391,1.21613704887993,4.20648297771911,2.11327757784927,2.45946220187683,3.1874364843709,3.77404849724015
3.19364603683115,5.21097474306497,2.25754581365924,2.61799563237786,1.29601780699426,2.39206391262772,1.94257745896696,3.54259123993196,2.91052387997769,2.11348748364302
1.21382595422159,1.91827619915641,0.31338389053209,3.07016990779984,1.23509082501245,0.624975289101634,2.40940975868152,2.23675937466985,1.75512097226153,0.99231867296198
1.78903855327469,0.176613828492601,0.567037900680347,0.836881815261836,-0.0327072832562032,1.05052926692432,0.354990472922698,0.0923816514908106,1.36365533634646,-0.570425924166642
-1.17950976225923,-1.3604841594357,1.42746724028227,-0.155848280920019,0.0804406614697986,1.50511853727814,1.04595523547379,2.04384420347297,0.577032128084896,-0.475706449012806
2.18540023382359,1.79439763371706,0.754110614308989,2.29109546000096,1.03194308911969,3.69541574985789,1.60274458775622,0.985998740422905,2.94737888073899,2.37429108672527
-0.440471881436628,1.0673755776335,-0.318715328512686,-0.557417234425672,1.79074446041686,-0.655163607502071,0.310368803948178,-1.04515573294529,1.88761121803165,-0.822099708176924
0.551116811940768,-0.62661658595755,1.13292190662078,0.57825539360545,1.38869600045657,1.60438194302603,-0.811488038534148,-1.35271144573756,0.905593455134932,0.330436967006731
3.18672947497609,2.46110973810348,3.01141462983465,3.16632293358272,0.957098267477072,2.76918948271746,0.943706479288931,2.64194506123203,1.56311176113939,2.29046673495602
0.248598543705713,-0.488178480292149,-1.32852753970345,-1.55935197087626,0.171594769575251,-0.808431796662584,0.188482993220682,0.421510422024963,0.179034282183411,0.407760161510268
0.915026625486053,-0.243679988764471,2.03973521877326,2.49245419994801,2.04314256646076,0.967992039866288,1.05769611247786,-0.658469036633246,0.985565750744081,-0.386696871619982
-0.0986801685969412,0.11493014230654,0.364787353449411,0.50518331156714,-0.502127522795347,1.84476012277077,-0.433634453746787,0.931905047433132,0.966984856705642,0.201662610607848
2.75206032589178,0.864003551430709,2.1432473732616,0.0325186358114327,3.16453030010697,3.98436587787374,2.48711595394936,1.79588537916518,1.60505843249802,0.869932358100625
3.83088847226952,3.59638091183313,2.17305858103828,2.14034402672035,4.42363571444881,2.81945297862987,1.80109087320787,2.30100192321751,3.87739790803139,4.27933830139931
3.64950297933043,4.47014491047918,2.15733695523178,3.2066679792004,2.65855397175773,1.68003272092526,2.05044722144332,-0.0356744033056056,2.74998873285246,0.912649431731211
0.987249654901456,0.615906632587198,0.298380813140581,0.390239246753957,-1.51314595567183,0.72258720835143,1.41298326346834,0.443742644588121,1.60746020288838,0.0627590892047797
1.47658707460429,1.66836165655513,-0.198524657098343,-0.57578529675485,0.517581322190112,-0.626602970578485,0.156031435658641,-0.150629652596106,0.249833233745289,1.98562695152886
2.23797929280068,3.08301026975854,3.10738064813457,2.44623311164414,3.8273422180869,3.25141769744039,2.13227537770542,4.57558165858835,2.56922772473261,1.33006571615522
4.70487613834161,2.04889827006014,2.70733468739986,1.7885791018912,2.64277596937177,2.45579426279571,1.04062598899989,3.05497820724663,0.350904596438633,3.58774762914616
-0.627524939005833,1.01694055790712,2.47817676598002,2.68120553431971,1.24497692110059,2.96947035594522,-0.558125402674833,0.0742096442010041,2.45321223816281,0.443616686480241
1.35172337060034,2.00533658584291,1.50958766314058,0.950617895830566,1.39878818243318,1.88138050919531,0.176842039660899,2.26851699575065,1.86210409982931,1.4008767132066
-0.0405103937604763,-0.895305381454806,-0.511835829310247,0.00271754344560585,0.617785142110554,0.51574828392782,0.961867018102284,0.219474727605528,1.70604920009021,-0.0255155725300361
4.72532883726241,1.6008100228743,1.66801299366534,1.28447726797263,2.72074699531227,1.56994552482248,1.44263717061376,3.5423250239238,1.39997805188862,1.58126305726102
1.57596879450361,1.2798957329064,2.13964051022495,2.25196311834264,-0.454341284174694,0.273728254564734,0.44601871145241,-0.014220184262463,1.29952250951472,2.88342971450525
2.7889335447762,-0.733110292788618,1.59585923087885,1.02328920038822,0.301782773618053,0.821956335294415,2.45009681279677,0.563698799021521,0.737970903081553,1.22905167209737
4.08158677567569,1.90919901074863,1.37566902937315,3.70289394917631,4.21464054185048,2.59750092078055,3.66127954150597,2.10585195055065,3.88951202046583,4.16675967375052
1.57116955485347,-0.199468317530684,0.237976006968242,0.577123310029198,0.785528296360163,2.45079720651859,1.5631137774161,0.281904253917318,0.429014136462678,0.340008110753941
0.464340815172193,2.17986332791729,1.11786385552163,0.939510841177355,0.790923606044613,0.706890672069149,-0.392826101124581,1.52631435921924,0.823744767049494,1.56538803050331
0.876211070479011,1.19157345393195,3.19820077269313,1.65000760272936,2.60750153257602,0.905185534275951,1.95670708610663,1.7287151478388,3.21803469669565,1.82001860701982
0.66749144440404,1.11288657176654,0.431668264794276,2.43928476676522,2.12815562147021,-1.47281656020068,-0.0194814830956995,-0.521220733859524,1.86523998410269,1.78211180796562
-0.262989064276212,-0.0503358082482841,0.594356845302475,1.45558795241909,1.72163438835461,1.594400982119,2.79098381926927,1.45671404023647,0.637301376633066,0.305639502710146
3.03823392081286,2.56205725045198,3.6972475418194,2.72701395768474,4.25607978125954,4.0100283479327,4.45232853367771,1.54406756772083,2.28973877245464,3.8411312962091
-1.88216870624754,1.12345852750091,0.112459676427393,0.996409832818232,0.994046422374567,-0.0358073615875751,0.886680884096891,2.93417508381347,-0.198033800311115,1.03272127250805
0.0292339319977173,0.397958804339066,0.719693819666768,0.0782603810960637,1.87818529987839,0.123525883515242,1.00768319209879,0.954912441887714,0.246468766933052,1.95512198914461
0.565413100814871,-0.360766344739853,0.396313724846499,1.70447770156978,-0.618627838865376,0.729167559848877,1.27783796942628,0.38803619642908,-0.522089060863624,-1.87037232892154
0.832087384507194,1.45073116174517,1.20171492094054,2.29461771217921,1.04066772013825,1.79073532974872,-0.292481869814174,-0.2206944600737,1.89221224623812,-0.488809209536116
1.9573059331266,0.776411541875556,1.99604810228198,1.11520894647701,1.4909596208163,0.73203651848609,2.14757631845654,0.094192877665494,1.29018059697985,0.421917558958059
0.311615751710202,-1.61950158252463,1.02811456101632,1.54567913243054,2.02614035851627,2.64268847612486,1.89461110840271,1.75649822945605,0.646704722820389,1.66973267806907
2.16051239752492,0.644029553873899,1.99329879487651,2.13715937088614,1.11174215905779,2.00197429932363,1.47272004841427,1.5282196660725,2.08836186679743,1.36164931258522
0.937773387799469,1.29611525129907,3.22697435942621,0.0035690511475589,0.882273215993579,0.191062940788094,0.459600504524112,-0.0109029381030974,-1.66279209196496,1.62378729760144
2.46969774818036,0.811955178547679,2.13107909353949,2.42783459787364,2.86202008688951,1.80633112748544,2.5507956969231,2.6535485168642,2.48128832596616,0.104698274145013
2.55770734966531,-0.031076090779274,0.618308396257221,2.29003285889112,0.81818887428727,1.49060945910281,1.46752935348534,0.510116685916882,0.971815513365488,1.50247904396811
1.65068651361747,0.380180142545524,2.43434507242501,0.772353370055249,1.77148282347552,0.23323868235736,2.77511178232403,1.71251565766938,2.32277560298123,0.496912625205789
0.395940362027969,1.9336904604251,-0.474228760386899,2.9254324489955,1.26872679853181,1.0280044557836,1.8408392397843,0.087215731790989,2.24163502020225,0.781192635255204
-0.462860151386376,1.12093900237601,-1.20506030478563,-0.792909784176745,0.503057408352384,2.38477669671303,-0.652574326714866,-0.454146942066986,0.688372970881115,-0.363434359642298
4.56794932341167,2.80032474542707,3.38392874338591,4.12465701954393,4.13750791403051,3.53010213310276,3.69278260224899,2.82284399890951,1.88877943606021,2.4849989671748
0.236442362898013,0.16145691614488,-0.669254479735193,-0.734540661060659,-0.697625338525394,0.16829214735368,-0.281558844422022,-0.291533112967141,-0.572732753408519,0.588281656652835
-0.295486090109243,1.09393041506442,2.55092023355006,-0.463431901301957,1.19296376856709,-1.2467903706983,-0.39930486564118,-0.656535823762713,1.65187676504757,-1.35213650207401
2.55191642017494,3.36167150925832,2.17976025361149,3.42569229881947,1.93517108038685,2.92962955834138,2.61103649363501,2.70260001408116,2.63772163880243,3.33530176950113
1.93335166764626,0.69690394837318,1.0518432764536,0.470317778732366,1.85570495796011,0.181700219435924,0.402970074819663,2.27223369657479,1.18235726332341,0.662220287413548
1.36419860278391,1.54039794180469,3.25142452538628,1.919888277522,3.63880088712432,2.1352409853107,1.47794053402395,1.32275953286171,3.25827421885428,3.66545066361291
2.20284451047835,0.454755976175329,1.24155431551728,1.0880108469241,1.13876539846173,1.95278633398208,-0.11196376456536,1.86326679233746,0.747707852603808,3.39074684125917
2.17370892914274,2.99166778246234,1.8701465359266,2.46382657243814,2.70002471762895,1.24668085961038,3.98503811375596,1.24458790956027,1.9119241461291,2.02760054345333
2.13397479336638,1.55682026677809,1.72558298792186,1.46788509370016,1.45361239893013,0.275023326384317,1.73406598393912,1.63499528518807,1.59647470842102,2.92669297511556
3.81956887723463,4.47460416325429,4.58502750825313,2.9750187995905,3.38894535196256,2.59667615102296,4.70896038758253,1.97881975063773,3.63874157296762,2.92240749607933
0.399399866127968,2.25825201074333,0.91372659748732,0.471651396284375,0.786295248453607,0.735321462111639,0.862705519969535,3.00924890571549,1.82242870849447,-1.98724484609948
-0.0925330796985937,2.04200843613469,-0.710615211105954,1.55816606579716,2.23873987612821,0.639981012674239,0.221278719777518,-1.13037481367864,2.31297022540017,-0.65796106317969
2.37341160949241,2.95226034203259,1.94406077537566,2.34530511823317,2.42524966103541,2.18513962957563,1.02699903415223,1.83591118398679,2.91317943257119,1.84109172729193
0.699762355320356,2.41008603191686,2.93581977813576,4.07137254354277,3.3585979805688,0.190708568223624,1.59888212163601,0.647026272140197,1.15907494572387,2.14853985464244
-0.684093679143139,1.35695679908709,-1.47122943995535,-0.728296909845087,-0.1425965177794,2.0809068511202,-0.158026470770467,1.78793754226529,-0.0217151518626053,1.45609096192533
1.51762089751443,0.67193369294219,0.427426323989019,0.795622459665436,-0.62494205279655,0.174260622987095,0.420816896661614,1.72865872686425,2.50277540818308,1.43360035754734
1.07535862096342,0.991796632306177,0.539150189714996,2.81650418106551,-0.500860279530206,0.822145863227089,0.129825567944652,0.65398494158766,0.987291641295818,-0.109367506155029
1.15338065607314,1.62787417780259,1.77167629230639,1.2403981004375,1.60312948685729,2.64524347482965,3.07915769603671,0.843097156159651,2.51345889335418,1.35288689093901
1.45457301920783,-0.0377332691833716,0.376833943654878,0.490599496552449,1.89190748684348,1.47378013264383,0.692270985798568,-0.802337968401765,0.888786872197879,1.03733570595648
1.28616230244078,1.63102137567368,3.92539271358808,2.13249455324242,4.25995192327751,1.51527963852675,1.77772292435586,3.22723649543848,1.7511214069257,0.86524280488923
2.0520654678114,0.332600290306495,-0.164170216254315,1.82553304805188,1.45072438591275,2.61444694780941,0.0644870946069235,1.33828253313784,2.12847466278773,0.594592118083589
1.10190080975226,0.350749611164339,-0.907717194452068,1.31210953373608,0.353705946031004,0.259309047531877,-0.151067147509254,-0.324640560578366,-1.34660464922111,1.59639450879717
2.43857939231377,2.58509579233545,2.35375264006091,1.56799714754969,1.99012323915099,0.715455189948562,1.98289513897887,1.93997369985377,2.12989757469522,4.36438358980116
0.789393166785301,0.0949532706856994,3.01152012704501,1.09510266623913,0.684658096510925,2.41598498009957,1.38836421626988,1.50175582321752,2.59132750529913,1.73844376145935
3.62560378982249,2.64938314348705,2.21252641206982,1.10692770623301,2.03278427594074,3.80571612091387,2.62496698242269,4.61928349564308,3.24864268655893,3.57024419236266
0.750980019400975,-0.256491437039243,0.334096800045408,0.61709053241224,0.158077363599988,-0.578158989403358,2.0818293021458,-0.949320752214132,1.41716260520647,1.33327819726176
1.83759790996694,3.14982035591229,3.90474810523872,2.21030336140686,1.69093046363641,0.697423761369004,1.73055586596792,1.35242279065868,1.87525990883605,1.28636871936319
-0.516900093196585,0.85171658017754,0.915511794640214,0.08032200757063,-0.395921900294841,-1.20546659201559,-0.430009495104603,-0.21609641653019,1.04146144913501,2.13446319253081
0.0367481198406071,-0.101841202819487,-0.120925805948589,0.689209949684106,0.595030427536029,1.16195069681823,1.94390426936557,2.15571626213628,1.57846223102159,0.659749577431928
3.09184130121818,0.982879703504926,-0.393680313746196,0.190002613818975,0.995175639380374,0.651457326780354,-0.338957559730664,0.412094516027636,2.15619262775184,0.808102296601032
1.51366325116114,0.868042039285833,1.97247258443975,3.0366496108365,1.31237726566492,1.2724993174939,0.422099111206748,2.95236408920293,1.8894875650937,1.52669583121078
1.29690924827291,-0.339177356455393,1.01996097259985,1.44832997724944,0.322496177832085,-0.207798150887861,2.3231494237567,0.816062233773692,-0.0336620680442945,-0.505552554733667
0.724289039443305,1.55963706727596,1.02265276919449,0.615051982861659,2.85629700627418,1.88089326105711,1.51872175724524,2.37574952243557,2.36155924412933,1.19991756821787
3.95009034853259,1.33607014202326,2.49704683608057,0.883976306864709,2.91994932152935,3.13711767326763,1.08460889939145,2.60846721890146,1.90967475680417,1.89646022795759
0.730266596420742,1.81316683613981,-0.0138179142851689,2.246856618427,1.88113114959164,2.11086466984415,-0.974447674724735,1.34496189568759,1.80237169101682,-0.425439163997612
4.85393777116295,3.33700874688344,1.43351710351597,3.07874065916392,1.39177449810612,1.88024324627958,2.76153038152539,2.19686721861047,3.4495188405006,1.34897530200462
1.969351317988,2.12861213127656,2.3845168042712,1.71231710473607,-0.383022497920019,2.49728545375776,1.73956946311079,1.67871842668442,1.79025623590894,1.7954773887733
2.92788427667083,0.934524864224939,0.416038022283386,2.50955725490546,2.60207388249556,0.799170096453216,3.99535900693793,2.88745022244131,0.976041632343275,1.6199031896362
2.49309930325122,2.12419409375105,1.57415847979734,2.72858276724432,2.41361189974653,0.0541088608127567,3.31414046836645,2.58606947545942,1.78723974157908,1.70644425145921
2.0589801562153,3.38071396778885,2.0807104978648,-0.41865287274702,0.23827949437811,1.84956213142756,1.36798580041537,-0.0920894146346707,1.51149058988315,1.46420660028903
1.45413583232735,1.1262427740028,2.89068596525163,0.376128705089869,1.63767800863601,0.54018366013391,-0.622865290004172,-0.767334473378639,-0.696053192916025,0.677550710536006
0.307804692197598,-0.670913192866431,0.93955624494369,0.966650662603751,1.88225102105567,1.18060941015514,-0.723984519385772,1.08891823694667,1.63319966741849,-0.807748338339467
0.682093591656626,0.878391762900639,2.5804417690857,1.72590834833999,2.15871224043375,1.24892636986727,3.28717784094884,1.48560354361477,1.50622726911909,1.16639405752518
4.03571716540998,3.5861607150918,0.880817071914632,2.45407562095281,1.44425528513014,2.8149203747451,3.7963476971699,3.82802825413913,2.38952820318118,3.56213255286578
2.46622982953176,1.71457022551884,4.03917704662761,3.16025773731113,2.58295799935156,2.54857636239492,3.72301984328368,2.64829876155295,3.14609829749353,3.37391959664418
0.133662215985311,2.17579333711583,0.825514507409888,-1.01894399575402,1.21285532061438,1.51448919080594,2.19404283638721,3.23032090918258,1.49659612594421,2.96474880352353
0.436209582842916,0.874361283600746,0.726189769125257,1.8708884320121,1.11529908482641,1.53835413047709,0.598789506316988,2.26236733328277,2.93658176436006,2.03207640106951
1.6665568016279,1.23067430111934,2.53764273681811,3.81396461731311,3.04601874679964,1.98681529999353,0.706739383185962,3.84307581886068,1.13912562947495,2.90330385007838
0.980324327428303,-0.44268114298301,0.778649386580467,-1.1187739220106,0.557423220498539,0.348994436481276,1.09668711386175,0.203427495750971,0.348926298132881,0.442310596505509
1.08010216334439,0.143005538220066,0.327625852283652,0.674920191369495,0.942086819177313,1.47315425141513,-0.152714284799846,1.79958778679284,1.05649133614421,1.26886160129535
2.35010842458366,1.72693458990901,2.81684651737679,0.514915092835075,0.475123344776534,1.29016085694637,2.42438729427306,1.37133070016072,1.700924093913,3.21009044388654
2.23548412500295,3.06218727912101,2.13821319723936,2.75232142586791,3.57220941622242,1.07828967256283,1.96345023367883,2.77215893709371,2.49743075138322,1.01843818810881
1.35491941712812,2.35063089272577,1.68845253990405,3.65334577240349,0.229562816560559,1.38856512529885,1.75061270279667,2.28222659822527,2.15948793822582,1.26844508013085
-0.420891440720323,0.314236373043306,2.532832176375,1.26785224269427,0.719671333887751,0.693256372438324,2.85965243120262,0.0248623787397493,-0.249816443167269,1.61284423577344
0.202182269055079,-0.565736024980193,-0.0266684013237337,-0.344902082373887,-1.03925053318988,0.32242198789549,0.14346539360823,3.03250077580134,2.34778899963024,2.11612418744479
0.0839364033532675,0.932068741248314,0.0511036516682761,1.7396086482395,0.548595114673177,2.22974203496617,0.767804751282285,3.65776939041375,0.548259779410225,0.764719622275119
1.65574851219555,0.238070855674212,0.75680593980553,0.889612378871413,3.60553582062349,0.970177173293106,2.79004787782769,0.687135406360663,2.96224519323612,1.64232780634485
0.706001612306137,3.22793099768117,1.99665575768793,2.60932791050409,1.56283483584543,1.49154884025007,3.95410102723144,2.65254337958139,1.37094724991219,0.753007228575527
3.17856305081636,2.06453073923173,5.15309866129377,2.14884400006786,3.81972587936156,3.97618164676727,3.67958318629372,4.2958120738869,3.18264040684819,2.81428073330548
2.34907267489389,4.05364929860661,1.04909687867679,1.79888271628139,1.43241400184175,0.878602415597834,2.50068699520356,3.90972188941936,1.32310850821713,1.18972117986639
1.59586682768521,-2.77065579522226,-2.17364487801236,-1.06422945973409,-0.0291050619441632,0.77907810246633,1.66120695810622,-0.117694360619335,1.4822238947274,0.0779247554518852
2.26220104951072,1.60572435988547,0.362990254782005,3.16821630869385,3.10447407606614,2.77090072825598,2.66718179252922,2.76647944088669,1.91598012460466,4.78930720356753
2.99176624287873,1.4235154450105,0.94173715706142,2.4235005910524,0.958634899864456,3.21663647239534,2.12764187187671,1.94676113293163,1.51605398329267,4.04444264183267
3.10166851076816,0.821806500917468,0.74807890860228,2.00395931379054,3.75141414294291,2.49834182254035,2.52088236286049,1.135558686428,2.93056481232388,2.64118934369774
2.81519833154024,0.367707453253459,2.36304033031689,0.68610605300506,0.896283409284933,1.28160912548243,1.06731445924088,2.19160092673629,2.6320506504064,3.22295416823802
-0.0631853635905608,-2.57834731319268,1.47855409518452,-1.18935239301799,0.360314688865563,-0.209748091896508,0.955554310102318,0.860288935723215,1.79713981126082,0.279893583751576
2.39178381442106,1.26793223612382,1.57800429292394,1.65027585930857,0.962836895087438,2.11929038562753,1.28430886598317,4.04556083673984,1.67058517962473,0.917799793467283
1.0831605522719,1.28636868984215,0.507672980018068,-1.07679745274433,2.50239421250217,0.00930339916509315,0.082452195062705,2.1400631454786,1.11592268606441,0.446999008364041
3.26088523625543,1.69806010163849,3.9023197805198,1.77715191059992,2.8143306708555,1.40493474152432,1.57874417541489,2.95531242842271,1.52149703778831,2.29766751892525
3.77681155091651,2.05774374203889,0.941601831821059,2.05730847115762,1.01246022085683,4.75502691327635,2.07213973152681,2.45956620579269,1.65676941788336,1.34488927845594
3.49903203506309,3.8019097910771,3.74614229558625,2.90394900309827,2.26599893543046,1.04273825269554,1.68472477029613,1.72883542873957,3.58505560684574,1.77292496968524
-0.782514648504926,1.00217934694766,2.60513856775165,2.87451850057996,0.932533511360741,1.33038301439355,3.74738818668646,0.554056151394101,0.642569488217692,3.67032071678259
1.76018842981057,3.16032274386426,0.687587162415531,1.41756818942441,4.39091778922069,0.60188142342017,0.145507044163723,3.0078577297357,1.29223656480703,0.864093956576424
1.42952955666566,1.81640607767236,1.03312139426915,0.565073162635445,1.75611142882753,0.835475172482016,1.25623444374889,1.17192284347764,1.73374757825549,1.86312998096722
0.552951864329937,0.145424133321504,0.314243703873229,0.721197578966221,0.271357660024756,2.39428287282656,0.729243320901635,1.91908117619538,1.58778582096921,1.46992672983402
1.97261700569358,1.3589382973739,-0.226789196315889,0.738738449486755,-1.01540951566213,1.87689753325629,0.965634719332876,0.5615322699509,0.271428580997551,-0.597997024077709
1.1898053509533,-0.782836218562179,0.648767256825762,0.789291358699593,-0.476680988909074,0.143359415471952,1.90161146291453,2.87355191173484,1.27878757804331,1.8923563913532
2.4538150661488,2.45205139390324,2.13930486835876,3.83420352657528,1.73902986720819,2.59302175008692,1.03869841973406,2.21602188813999,3.74940692898732,2.92477186766094
0.0340258192018131,-1.55913356488003,0.812313930368251,0.609728129416317,2.10016370589425,-1.3630693348224,1.71610254427943,0.381459046502362,-1.13528596738336,-1.1208063833149
0.0513267276592501,-0.279363553540408,-0.53456608649707,-1.20451378245056,2.45024735952507,0.545988731919222,1.36744519846143,2.08537903294512,1.27888612895114,0.878772889946811
3.80542156994014,3.21317062532515,1.89926080731865,1.83893153294802,0.753302938982329,2.73031388128249,2.0284891134637,2.14362396317769,1.39665201011654,3.06025418775015
0.670639979608367,1.79913275993723,0.327377306021638,1.31999388951613,1.76162702152333,0.185449096875885,0.122692905903294,1.43222378478201,0.567920871804316,0.189368272322055
0.728708013205805,-0.343648362407317,0.879519950066387,-0.31488293815977,0.989756348352276,-0.521301330929277,-0.110943181748857,-0.322138055361366,1.66000237461498,1.80476763231866
4.43627842795076,4.17773956284511,2.207423865732,1.83503538129755,0.682662098347929,5.51588909718932,2.4249917855729,1.73557404535754,3.76352747474733,2.88895445565156
1.29407370461502,1.7256270822706,1.0947139139941,-0.666530831733732,2.66845687475849,-0.285078256872694,-0.0941400603183691,0.295582788548839,-0.458770757840986,0.956439954151934
-1.28984445836488,1.17614793670104,-0.200952145782256,1.3747084655634,1.38350277965106,1.48230451529735,0.180921564256883,2.51331403314656,1.14203529240528,0.649033989392711
2.3792145869442,2.6721292359184,1.26920261159016,2.32549530476063,2.37933961870962,1.46424726957022,0.508875924394603,1.72605966675906,1.01691667501352,1.49894267935006
0.397697663494133,-0.0673419202544201,1.26607659197285,0.959223635049176,0.288774303914749,-0.737791726264913,0.194272117274731,0.620539036390981,1.04192464481731,-0.0387409436654852
-1.12606514980284,-0.847885605975105,0.680314891813269,0.354957732138059,-0.556101832086044,-2.15942023872276,-1.41092686065299,-0.40942447924194,1.16076488801965,-0.101890788311464
2.02155531673977,2.41460012344221,2.49655354515258,2.59930655070924,1.12188159910938,2.06764208007777,2.44876410664844,3.24930322021199,1.11193657329453,1.56420112894689
0.738456605597437,0.498151604114274,1.86667604750911,1.88834786471227,2.9164980073525,1.79988945177441,1.00703636511786,1.97615196877714,4.71956294582162,3.30968028608622
2.39361906097761,0.576468265607468,0.572179263892341,0.865295413881637,2.18797306415843,2.38544684216889,2.30532354601864,1.61437830590929,1.07652150741876,2.91318505373087
2.92317965779339,2.21781963158622,2.62939159926095,0.592829108839202,3.11547406091887,2.99349615425316,3.44897075098401,1.20330586514717,2.35196689154539,1.77528309115895
1.12559824432459,1.22956378910764,2.83686272228558,2.05204328909138,1.79628582780017,3.47671662469719,1.25899425730973,1.24392225325635,2.47558489319212,0.747330824743233
-0.981737776388557,0.245083596151652,0.27586201964636,-2.13164632970577,-0.986876458412364,-0.280621253949936,1.29606622526453,-0.278379093896918,-0.928114119869689,-0.561708854334273
2.37683406711876,5.29002437709712,1.79335321362422,1.97780928621504,1.91650141971648,1.09404348130888,2.80907960674268,3.55685914561479,0.880666081774629,2.49589782074577
1.30501827109392,3.37885123375782,2.5166589022204,3.10662391550123,3.35749604337258,2.87813911174561,2.7185836181066,1.65571759250437,0.0386395933800705,1.19846392748589
2.71064236087489,0.435395319226033,2.89759702766202,2.7120109414613,3.56913249400216,2.17108991610721,3.61896440469498,1.15775431372549,2.37650920791703,3.93547470181224
1.52693767829205,-0.732693893837158,-0.542533653792011,0.365341912232428,0.157047251680647,-1.59245976489715,-1.08492968269537,-0.11931432405975,-0.170504308162616,0.0747812385373746
2.37956207453757,2.59532324299899,1.46391530451512,2.38848961545786,1.55256969350485,2.18702106799577,2.76522526703526,2.37120743396282,2.4119578662188,1.81669327758239
1.74640320566332,2.0103611309168,1.51683172443598,-0.318903603206416,2.74988837693231,1.45930644824862,3.45090694660277,3.51109560343227,2.67023845357284,2.20802646709115
3.15443551832962,2.87885496395482,3.90319218271804,2.69229273614965,2.76050458313604,3.77613206204117,4.5026830397826,3.67411757445938,3.88371358541047,2.27311186923223
0.478160639044578,-0.472055815679756,1.46530020736874,2.62693012639452,1.02711760723821,0.155509145819568,1.35346964048292,0.55214669416575,0.827241947356242,0.778272586490905
0.883197254961024,1.4776023864948,0.386826761893806,1.25434295709503,2.03268271504381,2.16917061571408,2.16867993666072,0.503559259017772,2.77475402749482,1.37563508185303
1.5365767369139,0.729497027585688,0.60788032878834,0.986978993516417,1.65734475283585,4.13261086273332,0.878472367904599,1.75250411999966,2.31107920875047,1.44552156112606
-0.114438543685755,0.0873798971133082,-0.0380223680900525,-0.204928848620466,-0.00534935812629224,0.539987524725382,-0.00565103493723227,0.877627202706467,0.0628107828331106,0.114579223504653
-0.58072965177805,0.731559972714648,0.664990626341625,0.888595417094768,2.02911736411276,0.436576752810077,0.335461634346128,2.02151342998288,2.12528176455885,1.53092492979634
2.74475087016053,2.80453984803667,3.47804723838811,0.524913887601095,2.8469069273942,1.86815537681933,2.6322051105465,1.51803877282314,2.48185198113041,2.28285800649137
0.647911266705944,-0.782154796348251,0.58124841809669,0.233320199549881,1.75514011674231,1.26398692971157,1.71863500261238,0.597791723402859,1.09952832856088,0.0740741581869385
2.05500078199232,0.520879049721269,0.967753660512749,0.383026665551181,1.9023080966836,1.94039037429616,1.11642712754283,0.147758704982341,0.991492129014972,0.989192931583045
0.347725088838466,1.15143579907705,0.971188531635932,2.45435724976159,1.51875620257098,0.0926727734040532,1.73918127200834,2.55021648640686,-0.906891819776038,1.25325887812694
0.633407988421323,0.0931855960951474,-0.472730969922874,-0.311736090206723,-0.754540616683378,-0.889551869939351,1.31010121692078,-1.10748405074701,-0.232213668176556,0.970546020659564
2.34820845620515,1.02218821767841,3.83820913955656,4.09220688012363,3.20893458954224,2.1327655866037,0.749472474233532,0.0900697967885571,1.68189201492999,0.961865174760375
1.90213537638355,2.94032891284206,0.871863314184661,1.39507708496387,1.25024092913258,3.23020291824455,2.70116369969098,1.99651773261646,4.29328115718249,2.43075205083014
3.29078077343669,1.07323586207933,3.82942657829495,3.53905976616135,1.07316219062264,2.27638018890016,0.129864428097749,1.7088804691961,0.942302052024205,2.16615576343885
4.96958855923315,2.33524857803802,2.20992332069831,3.45873247903674,3.77999742748042,1.89575025456392,2.93844332235763,2.63990955412602,3.08995603121869,3.30288186536141
0.282455971419405,1.37957827744473,1.27783180901709,3.78735717318497,0.436277886461773,0.761005016614859,0.832961899632978,1.85120751119486,2.13808736360481,1.7293133280709
2.06202678134658,2.28006940346271,2.59849610261344,1.54666290610085,1.55092311720173,3.48270296356782,2.65768755977705,0.856619662703848,3.08430945138483,2.94163087928205
0.164499339301841,-0.530815982689,1.95806083810647,2.35695049390555,1.38054315250099,-0.283825454559991,-0.011023020341013,-1.4920622016018,-0.885384360955832,0.617887601159014
0.995720033116647,0.957118482811092,0.926647278871722,0.449393039659664,2.07081509640976,0.26479855210644,1.17885963589543,1.06192636327165,0.517239730044534,1.88748385187995
3.07738635301069,3.3259856464938,2.85841869097209,3.36444049560363,2.91893097784635,2.31517504375765,1.88822240492122,2.52322766892522,2.70841283958822,3.24398958392027
2.90730058307413,5.45798064350599,1.50007423007988,2.45916576367922,3.42746427490766,2.27104660487784,3.33757305252099,5.60073042423367,4.08575966882447,1.28106665407377
1.50721369532168,2.98272412523816,1.27339159303248,3.41735215172471,2.14175762559907,3.37925701110262,2.71910356616425,1.12441710416652,1.0760724146164,3.43104393477582
3.89424157510913,2.6980760390831,4.07921498264664,2.75870380497937,2.24836135206641,4.06303752593838,3.3436120829244,4.13228050103202,4.87904872269046,3.06149231988538
0.05788782646396,-2.02303778622912,-0.379361421989186,-2.0284581813561,0.0908033821081174,0.158393910478845,0.899005324846187,-0.592430358865569,0.743171685705465,-1.51244427361243
1.3386632395409,2.92045834662765,1.58734986373344,2.45982865703315,2.95730655380144,2.03072363072553,3.30866946972455,2.57604707312798,1.92139526128829,2.22327343564389
2.15864718513289,1.40398581264296,0.598214950233712,1.2654793800799,1.29505419526698,2.87784108370637,0.358394320568534,1.03061426774391,2.54415230434712,2.29341187946331
3.02415284483105,2.22096810987888,2.32196267989496,3.69839158451439,2.52685066161251,1.61251838905671,2.61778254848413,3.0698198552812,4.08564731695306,3.25867363447231
-0.949603919273564,-0.65406976570575,0.408655167779228,0.488303043655252,0.644544076418795,-0.132931548730808,0.195097096638001,2.37844622623396,-0.370400383905423,-0.803531401075011
0.332388997077101,1.47951159837175,0.522307177121478,1.74488635535908,0.392501426066894,0.882808894652185,-0.376257630994016,0.0592595727738403,0.291205028710863,1.05458786180232
1.82221480944618,2.74218742861492,1.69648697053999,1.88718411386366,1.55605727836601,3.29425161255502,0.975827352486941,1.95388937347616,1.16199568533719,-0.445084759585679
2.89046407201487,1.50849791699414,0.766456843387251,1.32399370125528,0.829929295700431,0.749545151014329,0.117900712152576,2.28987436316233,0.870960384850784,1.28952925956597
3.55897118437093,1.5628083818599,3.14120630599172,3.66746181699304,3.16906610081066,3.11410690008721,3.8486781516005,4.31109004324285,3.29647197530643,2.56312065190576
-0.488487651969342,0.462318248825244,1.58860229206718,0.758411089420832,1.59762889721161,1.38736448463155,0.797173176285252,-0.498988504098212,0.94071788409804,0.739586126044144
-0.371738796644637,0.880114689531658,-0.146578002581706,2.28000487031965,0.941242083944304,0.0718225353071668,-0.0558421996206895,2.9390400327581,0.180565967961609,0.615957700483188
-0.0749722987741879,0.948630157177787,1.87264136553186,2.06969209697417,0.568945344049927,2.62647620783998,0.346145653316056,-0.597644747086775,0.983237544294005,-1.1721563536639
2.44796593494843,2.76276315821603,2.74796780837871,2.28915840800092,2.627521318051,2.40859971271198,2.86712532926054,3.10188148059803,2.04806385067432,2.11957964259372
-1.00175903925643,1.3124703490145,3.95491087450807,1.64172647041513,2.8831204359792,0.480205389924687,0.087437561761343,0.794142399715373,2.21449339093244,0.506086024754045
1.20698763372027,0.148669642697326,1.55651147990715,1.22248467767881,0.638440107397697,-0.25935365163965,1.97731430753531,1.54647731118683,-0.452750580664893,1.55999428001843
2.16012627215882,0.835825307752384,-0.95363776892162,2.01778289443633,1.17375125096465,0.853256801977415,0.554093811601034,0.398254617564328,-0.717301739120923,-0.964073875489269
1.53800935020728,0.495472866364674,0.569002101894827,0.567263942672179,0.0115749481353019,1.42183702573127,0.314310949200993,1.43099285912283,2.33605582377904,2.54983426564348
1.45666859776951,0.282033562567476,0.657222296495108,3.10573735315043,2.72492273484696,1.78981868581127,1.97099186555723,0.86699359492788,0.84798013041916,1.92298799375377
4.58092878360734,3.54750654867184,2.82944544467065,4.16477250487087,3.05430166573352,4.04827238901136,4.04277881083775,4.35357690825377,1.95003499504123,3.96204707714748
0.0895235061991219,1.10703904097418,1.73219558405956,0.619535234916289,1.31730903039914,1.85318756262224,1.35415197705792,1.38143674350129,1.15531237205319,1.19507915803806
1.51742030388933,1.51496107245726,1.02509290369612,-0.90357790922342,1.34011307567356,1.92145750605479,2.381242166394,0.582594657071039,2.16875800737749,1.27541659447355
-0.128347015560903,0.860263493573362,1.57473149080822,3.35572447926275,0.0469047658859757,1.07860174230347,1.72938445390697,1.13582661973267,0.166689824722227,2.7535622961917
3.07753008702973,3.94417221005714,2.70911506149785,3.86509907318904,2.86976763359139,3.61528914262732,3.87631184529022,3.08515121529735,2.79187050382128,3.35704627786542
3.99379001851452,1.98085566875488,2.05111528073478,3.91614670210101,3.93099015596097,2.76179526327923,3.7351232122943,0.198759850950977,3.56661009966863,2.38761316249303
2.0769173998925,-0.258120987402589,1.67981663289343,1.75380991961963,1.81836537889428,1.58540067326305,0.332731991673346,-0.262431620710988,-1.68001863528572,0.430658208191611
0.461200034681055,2.36682109327064,1.00917440475841,1.52413632302543,1.34967236104193,-1.76979692016285,2.11384988369657,1.16800563624753,2.08443870890394,2.40183279923261
1.6936176003519,0.595819663024287,1.0631024155641,0.814827718192426,1.22457787586849,0.79191472924433,-0.78545537633981,2.0137673062592,0.49495678219469,0.443960323813733
4.12452157487051,1.59766221068235,3.3707437772145,1.39579371029897,3.0502821294832,2.46230138332045,2.63616876720371,3.58097980133502,4.03591298815527,2.26697963864572
1.2542403069155,1.42636520331869,2.24621679934385,0.695276235101728,2.96548732744599,3.50961344816324,2.49583408389805,0.912904811229488,2.14211232826115,3.17599296061737
1.64981688194634,3.24352405661907,2.14828527523683,1.85975089074201,1.50504533223404,3.84387488469907,2.17193576032379,2.04843834200369,3.74002019916661,3.76015956650141
0.891107336599551,2.64159450721149,1.39084515464919,-0.439736180021606,1.312411485963,0.0474822159295912,1.8844106211298,1.50358897164836,-0.565432744040103,1.88435586295061
2.06056173551153,-0.893465989983812,3.74733137193038,1.91900242989032,0.502275145556267,0.523486475396469,2.26468048385034,1.65295235780685,0.436328528691707,1.3989013262061
1.41771108030788,1.38084582209574,3.39013061669788,0.845720970026308,0.253908652159712,2.48770435217149,2.95060489029678,2.64225936127953,2.60412865933307,1.71701588906972
1.11965408532304,2.24074805289992,2.51479914378523,0.225084376395036,0.600491769976893,0.775346547650373,0.464454266075824,2.04604720640608,2.84811596256722,2.15850291270432
1.25849946077658,-0.424548852265927,1.74309148973599,0.892948091808831,1.04088113717075,0.359882119291317,0.833952952805499,0.833970767031022,1.52682161200539,1.72875989294641
1.59244723239768,0.308769484650479,1.12650329651903,0.461449768475958,1.98366179700696,1.85772931222277,0.110843964687718,1.36806454281375,1.52830897005076,2.1442794827697
1.28891653982345,-0.310319687234031,0.970075255775491,0.24338029950394,2.81983181350271,-0.723665931737698,0.381573026598039,1.81000662333419,0.0562544009459851,0.952669770429993
2.36555603751358,1.38852213259131,1.89421265678584,2.01449649169887,3.64327435820049,0.281856242353601,2.58770431502477,1.85536013202784,0.933684476408606,0.844648759274003
2.64679284145712,3.4102148891606,2.03928569890559,3.09449371725044,3.05532445214899,3.40423121602435,2.65212681545172,1.95767124668119,3.49166629564216,2.68119083065915
3.12487984668749,0.727303128318523,2.30312777772266,2.9392170109444,2.15528197958934,1.93667119122003,1.99416239128791,4.37831538653752,4.06292172858218,3.89002034488491
2.7839187242715,2.41778225315148,1.14107547209923,1.15116145077351,1.87088202368798,2.46699573537043,1.8094418992606,2.34798466368506,0.00776923065062851,2.71284287576414
0.914947135650708,1.01409919446096,1.92404617901067,1.88328688156021,-0.055549697854435,1.6495370873588,1.84200533690177,1.57381226342824,1.99973623346382,0.197844988381102
2.44061265810923,1.44779454220847,1.71281935996513,-0.500158356101902,1.99816637820995,-0.516522384074109,1.98773019366421,0.616056049102127,0.123894614621899,-0.504577933460443
-0.26075201867962,-0.363523610667623,0.762631744294827,0.20723591462704,1.44240803144053,-0.40186960813315,3.46299005102813,-1.78448003132229,1.69754081818023,2.15913247912946
1.60767422073551,1.49345196285267,2.96883592783118,0.532165439368486,0.639808160927605,2.73999109122536,0.550501490062655,-1.46810730602221,2.39283130036602,0.0779771672792043
0.129577026531212,2.38995278068343,3.15665332214292,2.58172015737481,2.0098101913429,3.54573260999128,2.78871043429277,3.43801048693584,2.02853256586085,0.707497023090284
0.612678552547639,-0.3778495239657,1.28354530045196,-1.78612881704747,-0.268916556332518,3.10509902308972,1.80844329994449,3.65779501399367,0.618787073444298,0.465527734679305
-0.706380708672349,0.0983312558356512,0.235835169599003,0.158008788651719,-1.05747727719681,0.230973386340519,1.56043136142582,-0.0927379510554962,0.853653611952641,-0.222270956661988
1.90540159486152,2.11502580922656,3.22631268640896,1.36102764447287,1.29154726607808,3.07259528270361,1.84937566742697,2.55478913876005,0.912662417539859,2.96405937620206
0.386646379747188,1.15271633767672,1.35251532513917,0.871654039278922,1.23500446118874,-0.435505099380827,1.77417593613381,0.287458131206739,2.76623951420427,2.83482046107586
-0.42069472243572,0.75305926401614,-1.32710988224754,0.372855460946819,1.66756394841437,0.976443671542923,2.29202061229634,0.967050100905078,1.44485905324885,0.884967038164043
1.70515420534527,1.68754336495591,0.529708381111868,-0.25595696027485,1.26128420263381,1.46235622263265,2.37528851804482,2.55726876744104,0.535496262075441,0.116544771875294
1.02044494573638,1.61258474313704,0.88221950538949,2.87214293953858,1.85897419122619,2.3674690846715,1.20422354534043,2.35312500999191,2.68314558013521,2.11403549448952
2.95182765241103,1.05769199072237,0.930157246995889,0.645504397783077,0.510771036192967,1.75661613526564,3.06359730604957,1.88048774659383,0.913937221942723,0.866421218982386
-1.2353788939896,0.904916005925299,0.761831204267646,2.03165007669603,-0.790014532869933,0.61021272193004,1.35840451812884,1.1324500877872,0.290500467777033,1.54282167130663
0.521061849141923,3.65230491694793,4.18079356564406,0.619969715473398,2.58126334562958,1.53607912851973,1.8713343198524,2.836920268405,0.865885664384729,2.49937471694212
2.02092759492641,2.19614222643557,2.49558735746318,2.13036835985215,3.1077601681717,3.14380351692568,2.27569573178918,1.94739222968114,2.51086509319791,1.27756205820259
1.47979059168564,2.08196520663138,2.21436262807892,1.77789146059384,2.28424466313818,2.63004380203108,2.3697893380078,1.49736374813644,2.18067652539811,2.76501042183813
1.67774884129831,2.67220369095629,2.14996243199444,3.58944471257759,3.15534071627116,1.95404978064467,2.17652667756788,1.48362798293594,2.97649654794512,1.71697464241478
1.26795461191025,-0.16352785014235,2.20452234264869,0.985076175449851,2.16009499924504,0.831090408879513,1.72072345123965,2.94925673826611,1.18343208684883,1.84079557515506
1.44274950917978,1.1684716227508,1.18000207323815,0.177687354602007,-0.258124908302111,1.07203468315749,3.71780891674769,1.46100721395614,0.848228702328512,0.613504400254257
1.79256362858544,2.96982581240333,1.10001338270122,2.10346932286142,1.75315900099369,1.24741844582843,1.86277319944554,1.78602782002604,1.13914248720992,2.61924122740854
1.74828243624357,3.2379656854094,3.2256237015463,3.3939671923078,1.69265409235537,4.59808919151024,3.0253992741723,1.40137010933076,3.61931941518976,3.26290642588107
0.291128164428785,1.72789402216253,1.63076394159831,-0.199090724050853,0.363102548847059,-0.235133410179102,1.06807720792752,0.178446869926964,0.562246489118802,1.3954891672686
1.81661630189201,1.02289607801727,0.228327152944598,0.680037526646855,1.75243097133379,-0.745287493904887,2.27661557883106,2.67247427081433,3.81963827221882,2.84833060622849
2.27703439617243,2.43886582295068,1.47122304649647,4.54507027653127,1.4475114545543,0.189516432300025,3.307794763129,1.87128275898822,1.3360537005237,2.51321189411139
1.92679715494061,-0.384019207930493,1.23358754235565,-0.135600180272471,0.825466998687041,0.144531628224151,1.60256685571505,-1.12027252290405,-0.424664374074312,0.341362975411272
3.50986081758166,0.0199242061085534,2.26771065831986,1.76516501307649,2.30560034716578,1.57721028460825,4.49533321360433,2.59563794015546,1.23449760035601,-0.0598435901986099
3.9114875299801,2.02469659534539,2.72945878951237,1.5695698448998,3.87039697846948,5.27249263056432,2.57751912981358,3.94902524181631,4.8539362029392,3.08261677450526
-0.415149140497928,1.80600908268063,-1.02792078801498,0.101495563446811,-2.06624685378586,-0.180897297996058,0.0530785258500946,-0.397979798937055,0.69607526030061,-0.817920515988347
2.09165464995835,1.80610951769604,2.72438656465238,1.39957006298813,2.70714136184791,2.89928197228786,2.69535842257235,1.87568404940144,2.65603188721194,2.33366164516025
1.44372219610557,1.72452578493793,-1.04263923537583,1.40664528449053,2.79241718461869,-0.688914629425858,2.52011309784556,0.173530775728588,-0.0867966345973747,-0.425134047457212
1.36929392414768,1.24891280089301,0.766255277748492,2.14141930168437,-0.00796184740434125,0.401720035314387,1.37319202975415,-0.130660915273751,0.943803656294502,0.0569483467475506
3.59640773800096,1.46389250887455,1.64543081205306,2.18725825921928,1.68891190735418,2.99619726367732,2.49386025844208,1.74149095742931,1.68719668128722,2.59001261541752
-0.581525275220636,0.610280859493518,0.815503279512784,1.1952713485442,-0.578520434844999,1.11528595304245,-0.770447254047848,1.19931639206369,0.648592249528231,-0.211004055513506
1.72836077603487,3.62298971305383,-0.589867171469224,0.165390320081862,2.6807204119307,-0.210783638233816,2.43106712527048,1.58208079022986,1.5211900098152,0.598882002420426
0.603358749136432,1.30199043830975,3.53295175770755,0.992849654157311,2.38373756772272,3.02827550701354,1.41086217346252,1.7730527699906,2.293998237984,2.58426472216757
1.60655815531344,1.82628629076535,0.347857039678767,1.79900803779999,0.98122532987413,1.575523204161,1.90895913460471,1.79528610904345,3.18625158410992,-0.0445465279055832
0.963567255618688,-0.392872153831522,0.321016821828246,0.709837834910316,0.69353969881714,2.79206919868715,0.442667775991191,0.934356070655977,0.711458688731978,1.39383400802495
0.911176172337308,0.170525605846001,1.16724954492081,0.25146416626215,1.63016861668603,-0.048132349679787,0.816315399027724,1.61767589898562,0.404642797448327,-1.18593437972395
1.35851409710346,3.32334633052941,0.704017529671398,3.29034200327395,3.97668869109439,1.77605178587785,1.84855533014134,1.51961078123426,1.71903991802147,3.71851257348834
3.28943401580258,2.63788824848044,1.07875606629277,2.61656665213462,2.60892508205685,1.61084771238863,2.29587914321927,1.41510627822063,2.16689015028668,0.162118685699044
0.804912096981571,0.469644592981546,1.05622018120231,0.0397611764540021,1.28247374509193,0.00984012334288153,0.162335360249969,1.47665001566688,-0.208467633750611,1.69130981640633
2.81941116084381,3.64159205085499,3.60250203308203,4.04584569381139,3.20603806130232,3.22848657006993,4.92054210384997,3.49370206880671,2.41529955394565,2.97007920479178
1.56132120118585,1.57386047133996,-1.6764727770521,-0.309892847235494,0.194476039435428,0.68915863882009,0.312983744344668,-0.682539224798357,1.49211001448932,-0.11353077910319
2.55826988269404,2.3581517802392,1.06503126073405,2.65894051472863,1.87052017629447,1.52373467133112,0.249477542760259,2.03562850476978,0.319967886084448,2.24300673797453
0.567565891140192,-0.479456779899976,1.8256207891403,1.91482973521093,0.2687810553915,2.30286562612616,1.47522530607608,-0.196319335666122,1.42117219764116,0.199538431909133
1.91196703582533,1.60177767408843,2.97882908040498,3.05029912283659,1.70891520254137,4.69165338765619,3.24577762767065,1.97035611356695,0.492778768074665,0.734847063263289
0.129660002803103,0.437719850906633,0.0730203886273225,-0.383970415655915,0.938213354328118,1.24092737369467,-1.53447669475589,-1.37630721356503,-0.797994879752437,0.801604459451373
2.6560319289341,1.02498306303525,1.30713610124239,2.35454814205229,2.58576923466091,1.73334520488101,2.99904196767344,1.55620676718535,1.78680237760302,0.987154396394254
-0.345809375578956,0.847444254185723,1.28586845583501,0.56057554450329,1.32954618580007,0.205706697436422,1.71069294535833,-0.167824147395517,0.940248784156021,1.7854548548292
0.957465601323414,2.09716009895513,2.36193265243006,2.2316313076941,2.13555917034046,4.0241747136003,2.58703171345439,3.19314799338596,1.93940068221739,2.9669587773317
-0.106926798735545,-0.259296923728199,0.389167539321094,0.705394585645578,0.362734146790077,1.09054096742716,0.1360256468542,1.63450921847316,2.52021172806765,-0.370639802957852
3.51342363009726,4.02917939831575,5.30989340974756,3.23278679099391,3.75047098098846,3.14164125744473,4.51054684592913,3.24055297009486,3.66748430891279,4.82137198135993
2.77542210135615,-0.909584212797781,2.30630875439216,3.51740068575875,2.72327439984775,3.00213394022221,2.18887503919324,0.686682007374679,1.13406494359555,2.48382937827561
1.35885328671084,-2.1918352632019,-1.48403226847209,0.696083868773781,-1.78430039740437,-1.20205736397781,-0.481216884249659,0.813277729505763,-1.19860117705488,0.229132644227051
1.48945004302437,0.716736259464758,0.213246225991133,2.42873889992208,2.34451814078084,2.04699573599896,2.28807043457088,0.488364455872569,1.78672150691769,1.15677144512889
-0.755521884701879,-1.67849574141731,1.7475624476249,-1.68654666731273,-0.917264168959454,-1.16409853462416,0.102285608436197,-1.20875893988358,-0.696716418832582,0.67832348696632
2.45017859188098,3.18100978787526,3.07020706518896,3.15794458762127,3.00907640621567,3.75810469219826,4.02352535478788,2.55244256533911,3.05719959035554,4.395773940055
3.31732880844016,2.97443225590819,2.24640171734333,2.61846839437512,1.70079349897095,4.0541068514309,2.3999583256407,2.14082716465427,1.36495785019313,2.23483982847799
3.29531306682332,3.12615519023137,2.78080242778457,4.53034642517435,3.56552140646113,1.07977677583124,3.03798329832662,1.93613628471946,2.64604590723792,2.24524037949704
4.63128998225531,2.86680985154652,4.04620531582825,3.010743088295,4.07762889083582,2.77807473995102,3.02079652367563,4.03589311823885,3.313504971947,0.71019117217186
2.47767728893021,2.36004489735666,2.69231450487675,1.45697005793789,2.86428354089891,2.78237580727372,1.95822616339779,-0.632893458984914,2.39586429565901,2.22577020710974
-1.2425826494751,0.415892942751366,2.67005192840146,0.771371014141836,0.426426578542975,0.406547854365875,0.0214882455795421,0.427018567943318,-0.597456165635531,2.73750562125022
3.10063643074668,3.01123404592835,1.83660140754864,0.898878976079437,1.75648500837118,3.52023167427822,2.98142785447523,2.90973140636405,0.650923256757819,0.460095888405764
1.9878764266399,-0.0628623406361495,2.44589360218933,2.06460647383912,-0.541078665323869,0.666098540035646,2.21747444481847,2.27823558816988,1.47446904056901,0.350580219760151
0.752778661817813,-0.562624827952128,1.61194778068508,0.16376846301081,0.120685784115135,1.93824367700963,2.42777882449508,1.89596582506759,0.385822615167796,1.6405460396923
2.28429378099258,1.14466377711503,2.49795043001191,2.63475776789884,0.753951122497646,2.35822980617355,0.805214904165715,0.142330752694697,2.34331135929989,2.23520868856609
1.95559926090069,2.76991928803957,1.49310627664,0.992917985826909,1.65023966930749,2.8228903065305,3.8094454808998,1.44475341808257,2.90883772594073,2.01655520929842
-0.0735599952464769,-1.13809986323986,-0.0500809252599519,1.43630578576273,0.824372931916648,-1.66951225404352,-1.62958248190026,0.486217983834374,-0.160842526578075,0.483819188253873
1.94138634966664,3.57042603078742,0.290596402657076,3.95860227304308,3.30885987854775,1.73937702453656,3.68187499949612,1.76211346984368,0.29438590780342,1.45852153228704
1.81545660875766,0.600261829411325,2.48593380649715,3.16084045190826,3.4654759655865,4.29453694792125,2.46985498432412,1.81094152234626,0.599622231315773,4.10998127555952
2.48367799472199,2.62484411402978,1.43021236613014,0.987639996504394,2.01826717258035,0.792763439025356,0.54688310414668,1.46798997497197,1.74685963889353,0.41156550698179
0.970418971340908,1.32330779954366,2.19152117215989,3.68827389292027,0.957044749650015,3.82203157082068,2.35384468457129,1.63214605114359,1.88409715779443,2.70872111121597
2.59333272516345,-0.0266640086521126,1.5845404993278,-0.738847235853272,1.34701983408165,1.89112112075744,1.40314002961419,2.04063262316725,0.627015918094015,1.02029760814446
2.13147572580955,1.53326550369934,1.33481404347123,0.795864550019513,0.419178390786922,-0.728252909520177,1.31515132301939,0.595415312341114,0.624324247509874,0.684493745183353
1.96393244828262,-0.0400531103444601,2.11028273980246,0.477277031287571,2.5460363894462,3.00777446307383,1.21705017518267,3.6340320708395,1.40276462464567,-0.646558134527389
2.75923670493584,3.0700462659863,2.56846771780085,4.47024043534151,2.31840382925879,3.82677446890192,2.24964531576237,2.14810501960698,1.62789715880513,3.40629887788695
2.10337436378529,0.440233073413991,-0.17549663189423,1.85780522278486,1.47664902114562,1.50669244022845,0.268030800691074,2.21470761288652,0.214734689152827,1.15425183610717
1.69090437925022,2.81802955197228,1.45992656799969,0.800453163199228,1.27393545742911,0.521953820474695,1.02101123705073,1.02708505916596,-0.174056389339197,0.119603550804408
0.982255390245252,0.955695618381018,-2.00510429949459,1.89266838747063,1.49444554915641,1.75193311599244,1.7947184656562,-0.371051235730353,1.28897673413798,-0.746586458456423
2.73096749841587,2.1587286404028,4.23534198187702,2.07857746103789,1.72032393437562,3.4692088519374,1.50323513534989,1.33572290233117,1.51979883943611,2.30458390375295
2.17233508759641,3.46104397561031,2.32864646841507,1.41684330941383,2.64541092900295,2.10039787959223,3.02924076826683,2.00502245724452,1.6768988087887,2.2866527181644
2.77587180310419,1.56181177389615,1.88042839610989,1.84459417034728,3.58077047813133,0.718258353357163,3.58472802432501,2.95611434254594,1.27471972894288,1.44837257825497
3.67912344870713,1.33409891220585,2.25020249007965,2.17970788856654,3.50204711410622,0.563941102006114,0.0169577240630814,2.5078917899614,2.40238794493216,1.01981655647826
3.76035614672086,0.116279407900665,1.128735837186,1.24168930701004,0.388727054461412,2.41981398982563,3.88432763840642,1.3242925239472,1.10175161139009,1.71314196648783
1.40548848225428,1.5304854405253,1.34243817074861,1.55283191198726,1.74684967897545,0.853502512404326,2.55228779351173,1.93618916961466,1.86350742538322,2.11329255502356
0.802379197270197,1.43072590748109,1.51184812085164,0.849236518727063,3.56510121194039,3.44652955956998,1.75671312228338,1.57225465638246,2.50973190022693,1.84257825696746
-1.14388866590811,0.459024962577503,1.55262127736829,2.24486603460746,0.660636093218357,1.99202348210454,0.650934553621432,-0.0941453346048642,0.654367508828838,0.92757424253645
1.64276638952312,0.647507272488282,-0.0543182348407609,1.62126638479963,2.09976046444813,0.963547474711902,1.46902445823519,-0.439620013542324,1.45857545624684,0.660816857034792
2.26615120601076,-0.809634215302209,0.388795309890097,1.70421349234038,0.105284738302412,1.63947978957722,1.03679450741656,1.37694164359976,1.97694522133124,0.506858881913491
0.938527323718488,0.788524488367535,2.26425212822825,0.71117630470468,0.196413989008388,1.95715104670413,0.247070798640729,1.48430370704228,3.24549619508702,0.339702131884035
2.32318325315585,3.2012430610113,1.79207902659654,2.02868183065276,3.25128855264201,1.31974219279441,4.87141300048309,4.46768413800771,2.55658111298116,4.35775775182553
1.24558998743061,2.03391808456656,1.79128474079728,0.244205707237104,2.45291794294532,0.102938251730666,2.94676336732107,2.09998235355149,2.52934851552201,2.07172534389573
2.33252482149881,2.22233514812865,0.245789657316604,0.426331159947889,0.470961339262779,2.01903008562701,-0.19238027332972,-0.72193575460425,2.19985546620609,-0.789333651057658
2.8727362636741,0.0571815739622581,3.47815706387552,3.41702115593167,2.68101516540689,5.12027675027387,2.16073059892965,3.44850386833645,2.63750296545592,0.27142755514273
-0.238501189511254,1.36633269678713,0.946100707465591,1.97999157878777,1.35576531917446,0.399929976593229,1.74258964315173,2.95961565474206,1.49032697113442,2.16456545451827
1.47497359649264,1.3455621065857,0.550642886058102,-0.751832071577497,-0.0221744302146181,0.34153035380355,0.995751841756824,0.830066152354085,1.89436425687665,1.02101825624236
1.14980050314715,-0.4456112503067,0.64967819270668,0.936747413749235,-0.236464148103367,0.678684377672362,-0.615516245261418,-1.21698622842961,0.91719018474181,-0.284861942022276
-0.315863218374836,0.633592951475831,0.783899307404854,0.827839778263271,-1.00536614182764,0.00474691899267121,-0.997660175180438,0.752293049370325,-0.0464198054061853,0.698820176386293
0.520161775249433,1.6013912562588,1.75948664087329,2.95235591382256,3.21965852489797,3.51495147768336,1.56963283901174,2.06596820451741,2.40678987862492,1.76301035338882
0.686257637236016,2.30640863659265,2.79961300677303,2.61151869407924,1.36057458847159,2.1729438864387,1.45951210938391,3.75213580101583,3.93830746098631,4.59633097243166
0.353753503710784,0.989515289845312,-1.74076728219829,1.03512398200271,1.05500400257296,0.894798621700761,0.875107374385666,0.426917912312885,1.49723764603917,2.42575084388527
0.517900008690263,2.34611265297908,1.27578827400814,-0.133461427862448,1.22608355358524,0.34566370617835,2.33934985757838,-0.477775699912669,0.0138793779714191,0.862366928177607
-1.31366514425889,2.014667295997,0.29720143303161,0.68884237151964,2.48045278368415,0.23272076042943,-0.778892674925992,0.953304290491265,0.946469353940943,0.671172935339541
3.01030722153627,2.78505139720038,2.33388158225698,1.40843528467896,1.12741596178881,1.72165770055633,1.84606824307622,1.99782199633768,0.492061405622857,1.17777102434045
0.233872146306508,0.864503241448636,0.897280019364905,-0.380152094894763,1.36915268847679,0.956837086097269,-0.234961059289053,-0.81655040971837,-0.783063952770439,-1.47199154256334
3.36091578306865,2.81308101157034,2.48933769736111,1.67121573300295,0.889892667223873,3.05784328488811,2.60941034723283,3.60702803872288,3.31678525949143,-0.0880763615968041
1.76507402560332,3.63155110909869,3.07696544477365,1.78941383493792,3.09988881481322,2.77713949143034,4.74943874489681,2.49810201103016,4.52763239846169,4.24707200366871
0.747812516305045,0.611613447811026,0.673889162047636,0.735463107950639,1.13828260197109,1.28946237762457,1.64526755499155,0.553740446825031,2.80557623842162,0.88853162065507
0.872201576186979,2.42679830856098,1.04075891447853,1.3227971284879,1.96210496751503,1.53106977111544,0.336487831768556,0.603257923919753,1.63795398443365,1.38459558651202
1.39670293950788,3.42887166876325,0.680500294567709,1.07660975139967,2.41661497604249,2.7621025194801,1.91216633640603,0.751947024580587,0.0973354341154562,2.27273065980304
0.460028538623818,-1.05626858347591,-1.10231530818415,-0.702165180222704,-0.855314436980478,-0.609378868418833,0.844563956755558,-0.621940171068336,0.0941877876773015,-0.3860012406885
2.74603837120732,3.63048712985716,4.49469504542754,2.88244918810395,3.78387417382533,2.54924014306857,2.15450249467248,2.30631304595448,3.88605128145432,2.64015701873724
2.96538006506771,4.40003645726853,3.44833926733325,3.24448249662057,0.443929099549477,4.32474902419632,2.35980030298471,3.89947714321432,4.51737748691703,2.07711607645178
1.05281086771058,1.35379891764269,0.92738257405307,2.25625956669348,1.75702544588543,2.2375826480268,2.51317700704207,1.84122962553667,1.9582655671398,0.807877505057678
0.93247187321398,1.57486032397982,2.33796498133549,1.6786860710439,0.95516397205992,1.48370903932738,0.0220350780554206,1.62771822177222,1.74652857981895,1.81146763561005
2.08725146500712,0.690581459437003,3.06295006637926,0.12358394028558,1.13265240799821,3.40892409420675,1.46847761772846,0.316493754356994,3.68579836311866,0.338989168830986
0.325951107672823,0.294706791476731,0.685451563294978,-0.630044221568786,0.913095870690358,0.160185486789864,0.370478697905822,0.0247374753497268,-1.60696764556695,-0.259480727733905
0.950170866745544,3.51256711869994,3.08871885537487,1.53467202967317,0.85501505094142,1.72713981655759,3.36329547311331,3.15060317755632,0.631239632634565,2.09898226877719
-1.33947809217904,0.895905800940072,-0.726022946955637,-0.0355262432949355,-0.263144150914752,-0.963844476677825,2.28794377019862,0.563975437556096,-1.29627539059416,-0.826482508221469
-1.26244870475199,0.34536749716766,1.2884559508697,1.0651719907602,-0.972370918482205,1.93893020842644,1.01880991551349,2.15647491337337,0.731993822355321,2.33402564063986
3.14630510760362,2.2936925065861,0.819849148033926,1.89514847588814,3.13084883021773,1.62052733965843,-1.10750667154281,-0.0651388410919704,3.81647795578626,2.40640893718466
3.57267718942248,1.0098791447435,1.30833218218421,4.18511157218808,1.87852204334536,1.5899241547519,4.30328292264377,3.32360193468003,1.74000198655015,2.73943236173991
1.32099956622567,3.01369630855471,0.761345096736143,1.90026466148481,3.4059667074048,3.84218799014324,3.85668121167927,2.15608433457698,2.23281395429543,2.75433011849329
2.82650503062794,3.30885348233361,3.32632223836847,2.51479647621754,3.40891310491735,1.75554296400803,2.95851952298199,4.91601301133163,2.9422075038144,2.58631482597076
2.23211335143863,0.878243690638895,1.96196289728756,0.830163931738245,1.34240544376229,2.13999606517725,0.823221765543684,1.11400010444417,1.28659968961652,0.178810397671792
2.22445372981486,2.58477473838487,1.05591416711163,1.17614825875806,0.974699091720137,2.07975600801584,0.242942398986732,-0.251173467512329,-0.195383612923369,-0.543136261965068
1.14319195152499,-0.633839944734276,-0.105310548668628,1.103225781718,-0.783212021839198,2.35297703723538,0.718263103348888,0.992859180113336,0.984280763966077,2.2570081950927
0.273772514386718,1.19831825046795,1.9651103118353,0.462394560689923,0.99234001258079,0.356340385018199,2.33785431507109,1.41590273974392,1.27007542505275,-0.43269194698898
2.34217917009061,3.84675673981723,2.15558575144509,1.69585705224153,3.17420470318115,4.12783015378733,4.66803626805035,1.79853899165679,3.20441174258935,2.73769898888949
0.232999406055076,2.4400234384528,3.33906783902366,2.26927717653711,2.44528212860451,3.38676795761726,2.46383089234647,0.80076129079338,0.491902583853516,2.08129886989026
-1.41432076373999,-1.65302275696743,-1.01957147572313,-0.0675978077504507,-0.710222126763382,1.78952515265914,2.23379896522008,0.264286568422431,0.0447957127829565,-1.18610563763454
1.66891296319369,2.2586849968169,0.85101404709884,2.29222675720073,1.78235397875829,1.40917328598455,2.52076709023239,2.14957963024165,2.86371008538649,1.64773262578849
1.0510188599581,0.357768443230272,1.07233782187776,1.93470597998573,-0.656724638364603,2.182365407187,0.77715247188175,1.44391743743942,0.423584218884682,1.52083898230549
1.91933029114354,1.87870232465287,1.18089499962432,-0.848939320742417,4.36959927203209,1.78373521981552,1.19428048389503,1.83356823315369,2.28089934217354,1.68163121731331
1.26014947452668,0.430513875002325,2.7433154668657,1.87439096549278,1.22639887339027,3.69393663657347,1.83183628411972,2.0819081176272,-0.50787561218862,0.713870542768963
4.26000359754001,4.40882636185481,0.182630096996392,2.24217583997391,1.55938079084562,2.23487054112417,1.84610313147501,3.12692073891789,1.65807399952017,0.769977644229002
-0.852038926685471,1.29153781251549,-0.251638558753469,0.535506431821495,-0.102846947051844,2.28271382494356,1.75486700015611,1.74347364625991,0.551140621627658,1.22526444820341
0.933225816756439,1.45588798392158,3.47872066134161,1.75303570129241,1.73227284510785,2.6942143742288,1.40213152690408,3.01897671852045,1.66790894356046,1.09172218722057
0.600003664525455,2.27877851262751,1.71731228725845,0.523073022905146,-0.49783173796629,0.834929301936539,2.75599157649996,1.12676982483274,1.82239337635732,0.633533095646135
-0.942809212969851,1.92033702553429,0.36064740457891,0.680734590027173,0.657324487169378,0.598719700961125,0.938806962666872,-0.723981767842636,1.31045186709578,1.96533901012396
1.44463346114847,0.740627921569774,0.0872671095946905,1.14286944889245,2.02534712045336,1.24839627403698,1.93846147742441,0.30841550461667,2.3922678022159,-0.958587912665188
-1.05053034400934,0.99740893772235,0.636199207661252,1.16435781465012,-1.14660680815244,0.167243287733878,-0.0180742313484472,0.730404169284432,-0.862754584546721,1.58862208133894
2.01169866154539,2.78363390505095,3.10326531171531,2.0707650918652,1.75158014145712,1.7749049836053,1.74919735832231,3.19834616301933,3.0195505221869,1.83312411918588
-0.136236658824075,1.19300987287118,1.98819589485477,0.695169002160585,3.29039917936402,-0.465628332898583,1.94764461306301,1.63560687311055,1.16705728531154,0.27713793415712
0.648750711406742,-0.295865807318016,0.340301389052209,0.194923576114191,1.28789558392555,0.637547415476575,-0.212870656202668,0.938941160450264,0.470457100974783,0.0540261752036266
2.58698949277918,2.11619527447217,3.88720706015201,2.05884602520835,2.0362102095958,1.37407549808696,2.24130289465444,2.64976020240681,1.41418353740144,1.8980227759461
5.05073453810152,0.350904737879439,3.33743922593367,0.429808959508823,1.89302857164547,0.147965244498637,0.879746693495607,1.8820204884369,1.08974415186941,3.59521164593292
2.15552633721068,0.0530370641182842,1.34169061630446,4.049899226809,2.22446956600961,2.21292780890856,2.90360443599973,3.23215573260001,2.60875986939234,2.40999637401966
0.671668572116359,0.0844726300294693,0.729443995466706,0.409587330366827,-0.261143498444784,1.92370217529683,2.14696504566769,1.05580781116633,1.09067638208736,1.53339682889329
-0.114876391569849,1.22698258787662,0.14530544771284,1.1530686230617,-0.240277368538412,-1.19638315707586,0.954979692866802,0.937271985064175,1.53837386759289,1.07363351934548
1.94792066937593,1.39572633909683,1.16640282958532,-0.532541099563337,0.500786839310033,2.39134206162628,0.712887039162829,3.39661381895243,0.687150667731229,1.62390393726838
2.64156260189963,2.56342049466219,2.43968662094302,3.98331209797076,1.17699642401666,3.50511049901864,2.97077453541514,3.48154903700578,4.33407316303236,3.5270109555139
2.48563577213174,3.53124156858398,2.19970237624069,2.35963908178144,-0.196516283356335,-0.219688673258609,3.43396275009343,3.25070377478467,0.348668096254508,2.04256982515124
2.12211916130782,0.551631814933634,2.74015677253084,1.77839543241801,2.32993202344803,2.98305533186618,1.94452782034172,2.95989413495373,1.92258083612284,1.18879946833073
2.63421334385982,4.63843877057029,5.87938422343955,3.70007774826263,3.68961163790902,3.8371199128015,1.18260290146139,3.58675504862783,3.09145811260833,2.51278106174528
0.431358757893803,2.23345632241871,2.18286695835499,1.86633566468836,1.95230226972739,1.52939384890554,1.07267044541064,-0.987606446651752,0.987748279079708,0.500472606464595
2.96565130518848,1.30543591681994,1.46182884419161,1.54798276074121,0.94190175865202,0.95398150694244,1.34387471409596,-1.04202625851977,2.116824557569,1.85836626265421
2.08854575912457,1.59610439503677,1.56313586968586,-0.280406192346243,-0.561309375996851,-0.936588740496053,0.469092040882039,0.580767056614778,0.208342713578143,0.991844486965734
-0.143923483349749,1.51024163188892,0.23926445339162,1.09838276249321,0.845122579448576,0.835681587287595,0.647701533822011,0.402769401081669,-1.44465249396132,3.00530458396582
2.01154577545528,2.84574314993438,1.33932947397196,2.2664907637871,1.22921148997112,2.25936545753966,2.1539071213734,2.32948367379729,2.27532629008875,2.84962567593378
-0.0137914940865471,2.22226331030845,1.3874747044468,0.185637724384312,-0.137323673593852,-0.0295163690850311,-0.248991787014838,0.593695059564136,0.0848083612445381,1.57630316962626
1.64241965224593,3.19434330840851,2.47338533237169,2.88063231716178,1.49873397350095,2.05486855417021,-1.27945016612797,2.48813405128079,2.04008937064149,1.47702746307907
1.82966423991746,1.19754960556852,1.76942371499175,2.38941687158611,2.86806846278241,1.63582355790684,0.945524931525342,3.28412900349247,-1.24595377970183,2.30660047988032
2.27899793793031,-0.256021792854636,-0.128728848636121,-1.01292184825912,0.763780357156312,1.15317440038342,-0.641737617905023,1.81839333475137,1.0127009862312,-1.05468390201666
1.80891143962895,1.32221758738627,0.0238110648386198,1.13597405645903,3.04031308825467,2.24592800218609,2.21043484789173,3.15519297728311,3.72786651046319,1.5097331062256
1.79806605759515,2.04719226937914,1.97061954899785,1.66621459393713,2.94513750434823,3.01103046086684,2.79702478069986,0.567705798122162,2.76119036284506,1.12437819497132
2.38623601980607,1.73804587683686,4.85106055469418,2.37178237082837,3.76131115610141,2.70880719072509,2.68768023463005,3.55856606185267,1.99188679291663,1.92571372101332
-0.271153667402007,0.911217098286611,-0.473902709341426,2.17487638113273,0.228602402740813,2.1331464903687,1.59437965354127,1.9083161121682,1.15845534882334,1.99680605093927
0.105634730485903,1.90074492047874,-0.417983998583142,3.02236219510329,2.67901922883316,2.85274547471578,2.63113743005225,2.64831678726563,2.0844073537936,2.00646577630026
1.36559161259796,-0.967938331582917,1.39078150865018,1.53525095129929,1.34805925278427,3.65550973729838,4.41804589577061,3.09085666873221,2.09845363705907,-0.272161308402013
0.757273804614006,1.99461926022823,0.485608245037865,1.86278539361237,1.29124164347615,1.92620645903331,1.10849329618859,2.51887528246174,0.802337377311785,1.16155149209281
3.26354401510857,1.05804442274519,0.530838742866836,0.184766525837868,1.58410612165402,0.776195152388242,2.52811012796946,0.872458207245462,1.75012321760051,1.64387978548321
-0.899476995302779,1.38292805556802,2.01672376264475,2.32338070294715,1.58974139452472,-0.457451870520526,2.18269444931858,2.03706377147137,0.95564642772572,0.392200267777131
1.94500118060346,1.00369720689312,0.790455696223908,2.20395753287937,0.780010920714965,-0.593412309676986,1.4468281217102,3.06706198607676,-0.589531825973944,0.909452778397928
-0.143281895871281,0.908579564815462,0.712237808171984,1.98125347249354,2.18652664872623,1.99671131412342,1.63996769775325,0.893423717172683,1.060114066224,-0.55168873275513
2.54886998442397,3.0417019512409,4.23924879136939,3.07663940532031,2.75342647286652,2.74939878993822,3.77572179845082,3.23262236438171,2.0891695886444,2.37079000201958
2.6855445694943,3.73339765307302,2.81763050158001,3.14504707872703,3.56097791117616,2.42356129107895,1.67560349791471,2.17043345060546,0.845430555970406,0.55837845508412
0.504977065996914,1.19920817956943,1.48489598990999,3.13991230881375,-0.833952002865628,-1.04862118430234,-0.76258211377156,2.10434182873046,1.36113458027257,0.477467668211041
-0.387944193559443,1.16696894846555,0.280661691844871,-0.112850682094039,0.97395532303692,-0.361367120611735,-1.23689624768554,1.71275261911362,-1.0603662857268,-0.518087524303628
0.476893163034082,1.20720084632874,0.319258161150033,-0.428770403929507,0.685655532152989,1.53815893939702,2.00868146672951,0.506447263078772,0.991973271847529,1.58217848519932
1.67447845500982,1.35878256148809,0.314962657004215,-0.538683026332364,1.62204161473357,0.516406393762453,0.962271209436947,1.4769161895455,3.22611399165244,1.28297171469336
0.688105795288026,3.02574063395528,1.53897469689132,0.221993339845281,2.16921187671927,3.2721917009276,1.23847538417369,0.633845051527179,2.38463643576629,1.17270503894288
0.143182313803764,0.674025521867423,-0.458224511691618,1.28804497271655,1.33983261674716,2.13862695256166,1.85633053525102,2.78766855145659,2.24400402046673,2.83526736447331
0.457912081678729,1.76717039148947,1.09605922971562,4.03290035254611,1.34786403920829,0.83921125624306,1.18737458607405,1.07035458198581,0.711623453928016,0.360704555449076
0.751930997719243,2.78697818510629,2.01386416361014,2.34325451724534,2.11227206483066,1.17978005875968,3.11376588499762,0.273332586278918,1.24022382081763,4.25358195684275
0.479633660972049,1.65700669259759,-0.191783539330873,0.240029262204939,0.456167651015389,1.77002523011285,0.277382650826937,1.35460711508551,0.409698057834321,-0.153379507636634
1.82215684688885,-0.306380781737743,-0.997555681434923,2.40076276517144,1.19382401871428,1.46101934551639,1.10985856162973,2.00583110010001,0.331612775713765,1.99659920510592
1.40261906130279,3.27342012741522,3.02213658802329,0.256108435718897,1.3012743963236,3.04700125604565,3.06140832759209,3.7584638175984,2.27902355713471,0.847549910132907
1.07309708678458,2.93871947616472,2.54572432869566,2.99404288247355,2.79721659465503,3.50752868801611,3.3338180410973,1.24564325816907,1.92364535405411,0.12320601748797
-1.80193746368333,-0.627949238108603,0.0955760296461612,-0.271955482572174,-1.0933110371884,0.0454398743219103,-0.778963754766225,0.135794845316248,2.28820242928287,-0.0361647980443388
2.63758562793079,1.35798019525929,1.29738501575864,0.590416022159752,0.155311779579119,1.87756134520046,1.60756437491417,2.28676887093124,0.412944125140327,2.87002886149229
1.59220454964038,2.00269985413015,3.21888189707012,3.79626433660226,2.59369407778709,2.82044676847222,2.2140085357012,1.61777277596164,1.43320022753335,0.802398054825433
0.722066254018601,1.04040179379124,1.94572184511922,2.22424953993146,1.00358603706319,1.17762214700231,0.351355253859457,0.957851622283604,-1.85326630481907,1.69164212794008
1.62151921112899,-0.352402718200462,1.97552819993877,-0.0878670175966507,-0.0299947586654981,0.429008472638695,-0.155244874666214,1.89104633817325,2.90500878017027,0.874775333073349
2.11646794531066,1.97939275549709,1.42664967492029,0.681881234384391,2.25347717618254,2.40611425216718,1.38853109033764,0.992507735976389,3.41734207900124,2.3189786208716
1.37677459071237,0.37983470472961,1.60308490310817,-0.25050177594052,0.998500160934197,-0.37405484009357,0.337862528593179,-0.0419205184293082,0.738541292909271,0.490817072451798
0.162393842878721,1.36214353204396,2.06864694735449,2.82463670619546,2.06922241589647,0.377396570920387,1.11914619457101,1.66957079771351,2.0155013836977,1.11764735518475
1.20276633336858,3.60494263944458,2.00898442290281,1.74445015744406,3.2306499619952,2.76727144502897,2.21613035133528,3.06720900711609,-0.0295864943360211,1.94676061733024
1.57622411550614,0.638347000570152,2.01265862550528,3.19781756402424,1.74516795625865,1.66577729464849,1.46222942679297,4.19536303940744,0.928559650859706,3.13344309354149
0.547398207162754,0.172729533626991,1.99922907753101,-1.59260167545222,1.35360624448935,1.19881182783981,2.62063701681123,0.844503333063672,1.29545789016108,-0.464965679801018
2.53020065879311,0.584951186990407,0.511329722872728,0.243503257095054,0.714888272413928,1.09908572990577,1.55217951695878,0.284552033277044,0.695694555155917,1.92964345013342
2.35590015856431,-0.0639733701593321,-0.44519201833972,1.55049825721036,0.610483011069183,2.58275759384609,0.122668842574637,0.767640782227092,0.905921814982999,1.4176624802203
2.5006504089185,2.77416918109924,1.99522928537847,4.6410850502747,3.62899937122883,2.06027131693272,3.56717035651755,2.54579759762748,3.866795477138,5.36305240461883
1.18888984758564,1.11142274676073,2.70030686685496,1.34563722220166,2.71156317680824,2.01536081401826,2.33007334415654,2.06457724638893,2.137701045934,1.85451029300795
1.79441395054256,3.65388284972042,1.2033035911715,3.02022230701065,2.11253560112885,3.22977924313505,2.13734700115707,1.50968776698849,3.95655449809718,1.46851301745342
1.07132836348865,-1.34584811232125,0.0925836727832772,0.47313821394726,-1.54683365277665,-1.05655406398728,-2.08532456544611,0.533699951482827,-0.954951235464786,-0.240095046171538
2.40646180535837,2.70004457737672,2.98212392200196,0.103865757136302,0.820713400684296,1.73982879684452,2.1874986344204,1.40612286248142,1.566001281024,1.26528763531373
1.51666779141772,-0.423984175517686,0.524286196142882,2.0169580535563,1.10519675460589,0.987164180019891,0.378297015018057,1.52244984555562,0.972514949506873,3.02737605308903
0.617676639562983,0.567450967059746,1.6248683851882,2.67485642212756,2.45570112887473,2.57593224678088,2.29931536485352,2.42264768308797,2.44807366414402,2.74859785300828
0.533950885714744,1.52331677560256,1.64351093691066,2.03328747776283,2.90600582509172,1.02914959761671,1.34187283589658,1.88788718839954,1.89905123605073,0.377527955844897
2.30444917262408,-0.52171349267795,-0.0780143666330277,1.95266711771026,1.13468744664982,2.60447909174359,1.57295316794023,1.55371049666454,2.16194822434392,1.0070605024349
2.52274982834422,3.05577914667364,3.05447580898138,5.23032645408917,2.03524089374651,3.1155216760591,0.894377067403317,3.90219755332434,3.6922760031409,3.83895986725251
1.91669750568133,1.24128828367571,1.94009827993803,0.661161037554653,2.39679165949862,2.26196184253102,2.84251390494839,1.30119904644496,1.20800511654833,0.5568805039219
1.61638221953541,0.125592849464212,0.433538940815171,2.95794414109128,2.90372445455137,3.99764784126361,2.85783203015681,0.686126289347354,1.75586304836032,1.39824845143908
-0.0979330115683816,-0.187097479176321,-0.342778463956785,1.41467956043612,0.0259469050378908,1.28386736954284,0.529498094543537,0.748082261316221,1.14708249316321,0.0119459899938853
2.18653447500237,1.76705500413211,2.36491100330141,2.72142048854779,-0.0482466182998893,0.806632084018193,2.22088878111959,2.7598038627774,1.243560951483,1.6249670704021
0.327079541147631,1.59145396879784,1.18876955478362,0.720779089941062,1.5192516876896,1.5703308672245,1.31911093667352,0.5103017819216,1.54187776270717,-0.454519233510645
3.20644158656966,3.07067512584605,4.8237562019549,4.75859765812338,4.11471354886454,3.93919820403631,4.03816673025148,3.96740342066082,4.27276446232409,5.06042621945289
0.118394186333297,0.987861672643557,1.20057146777685,1.61526536522643,-0.530151609746853,0.350625900233449,0.422606789973425,-0.346793805219545,-1.75729207603437,1.16929144805555
1.04052873541795,0.706659149743359,1.46465108544715,1.64715185609314,2.28553445919573,1.57873740493175,-0.231084310673842,3.20653919043592,3.22844001657492,1.36640968462553
3.01862206341343,2.23646873559855,1.59981759314295,1.70650520703072,1.26248485890335,1.85985123897766,0.161286308978095,1.47237930633745,2.08878808954566,2.901699245867
2.38598442728701,1.53851241427765,2.89163822962602,2.64136881879945,2.67431956554709,2.95623720858531,3.70293865240052,2.65313718002102,1.0817161582011,1.82094112813398
0.407189789216394,1.93877301963572,1.54937157781839,3.46198481907702,2.15596183523741,2.704104664993,1.73461314193419,4.02865446372327,2.76854991819492,2.12941146669258
4.14732867259059,2.03305533703024,3.05375249644859,1.21390385634167,4.25498459991424,2.00691596741393,3.90932306529342,1.57797431849855,4.56470748846018,0.860478676567623
1.7983368670961,1.92629254098365,3.2117532914887,2.0275999809384,2.21303990039033,1.27940582775232,2.58297931928297,2.48910567527916,2.65343488702614,2.72043331428094
-0.905458102209917,1.33594441252569,1.02030502376745,1.78557561262681,0.869704789196449,1.51279817667549,-0.191757793031663,-0.940737433256293,-0.112197191944163,0.583128348254926
-0.238386329359931,-0.679056410657633,1.81897140441821,0.0428206214958887,-0.500317130313194,-0.265431199974109,-0.436767196674619,0.0175627868458065,-0.171077259555415,0.670186562311485
-0.977036948773552,0.427761014200191,-0.590525916757272,0.793275841593884,1.27958098906186,-0.794016917467766,0.551347484016524,0.752425491224413,0.880765725833669,-0.147445202386476
2.80258269277676,1.24940390429951,0.525051682599133,3.00351439138996,-1.07074898592532,1.63612713390171,1.09576445682056,0.0995864026389395,1.5782430876204,-0.587787576311049
4.1224079260974,1.69491796327005,1.48717540859679,0.868488197347928,1.41936160468289,2.38008384198719,2.11371912055457,2.7730453261673,-0.944003958456213,3.17541460930443
3.7135769071763,3.48358628369027,3.24284301194068,3.26005257196891,3.28274972227142,2.55964313901031,1.38197419519123,3.61228142955825,2.81014624034273,3.81766671964974
2.81115902571394,0.974537043814232,0.960999492366027,2.31975494611982,1.99589844052941,2.38780017312242,3.20980876179394,1.03241547536769,1.45789695752701,2.1704141319052
0.628229752932404,2.4474445484958,0.999215859117765,0.104509995398639,1.03282117349967,2.39268143648534,0.377075054690355,1.7825743558663,1.72704101946048,1.745244596316
2.13600149947247,2.18164123223593,3.01758019836058,1.45232822249621,3.72312945248074,0.162095775946409,1.82101968567128,1.6891043731143,1.51304377949688,2.79586951446358
3.67651567424112,4.69709142567968,4.32838666573996,2.89236771881671,1.82495082029464,2.59152751551851,4.54158360694137,2.95920516009847,1.02228191025746,1.53322099620549
0.299481199889572,-0.0923408198941182,2.05144689432817,1.34728810334953,0.803430544449818,2.30671477372172,1.5319950870175,-0.669297960491347,-0.622499488239628,1.5280618742641
-0.0494100528657979,-0.659457558128893,-0.0337285312292417,1.04032906533977,1.53441362233976,-0.747671599789992,1.4701339969199,2.3422603246889,-1.03605089619676,-0.00585767252520116
2.91077459672599,1.33114050763427,0.894961731330609,2.30166653501355,0.482589843281697,1.5823593006638,0.524109352252307,0.0100907303870315,4.28688730110472,2.7437709452215
4.27122933454651,1.39734155589514,1.08104685764224,2.2677243900003,1.53765335388271,0.530347211811162,1.90921384224044,1.53288759771901,2.86262988830365,2.00310170067628
0.499651029991959,1.37181866620333,-0.456845275258894,0.132558097267589,0.545802747799535,0.769981210858272,0.890058924212674,0.703662021169797,1.77964844600191,-0.067334730109271
3.0810995336104,0.722686628710394,0.744746852431298,2.2887664375311,2.68376269030287,1.83837971723006,1.41889911261125,0.442421910945157,1.05080292017229,1.28471002339333
0.42546363879862,1.46796100908796,0.181192594271876,0.00376214252780482,0.281418456724165,-0.131345573375156,0.863744607924245,0.452035555496274,1.50633089818859,-0.513603542528322
2.71255617986033,0.769253720538873,1.56579856225126,2.25876173542124,1.97712622750312,2.20746494888923,2.21953734825379,3.00263296269767,2.47173048089892,1.25691618237129
1.16379469801512,-0.00334185179350577,1.56057141352534,1.01091139144383,1.8458764247809,1.41975713229158,2.13672515636628,2.21769578304892,3.31624984584072,2.78216400616193
1.3166768498349,-0.27518228637244,2.35181128802688,1.81583554671551,2.92500442348691,0.753632493745496,-0.296512857880785,1.7851383139587,2.26567851754183,2.39256911616347
3.22291056922464,0.632992845865442,2.54006095181083,1.27654118076667,1.54546606257741,1.29267346103704,2.02601730716499,2.30368411605967,2.70207197377473,1.54917430248027
1.12377548771327,3.60771478777214,3.7588690262216,2.38399933640894,2.13939444927511,3.15928054858322,3.5272938934852,3.47789981813314,3.28164501399759,3.00980552513626
1.0434626780417,1.39009672737432,1.09971473161399,2.02164240721224,1.39645581624577,1.54117174455223,0.918118253852724,0.93767561654571,3.4771035532247,-0.0527068771534704
1.42268791794063,1.76719960898412,0.620780399937011,2.48300189710989,2.90195412210683,1.38558247396859,1.58198318181493,2.13912419019477,0.346387244215429,-0.763502245418538
3.05958281883491,3.47015591726881,1.06813232567319,2.2451912492788,2.64674352183207,2.45909650381936,2.18621011676457,2.17223315539322,3.53237533097325,1.15706648814426
1.65524803245649,-0.56228335379299,1.90691060223046,3.27336600524809,2.51946202194206,2.34192400555715,1.64324367671072,1.04058185310523,1.18266957952316,0.279218760523425
-0.140540281066095,0.617257163805515,1.06133609932526,0.125337832285089,-0.153223043708473,1.02423139939185,-0.569645258296629,0.263454129091525,1.65090749726924,2.02296091819619
-0.166857379406162,1.48501470881148,1.1128159810574,1.52510598589032,1.01654246865182,0.922467493700721,-0.619976497593498,2.00767260429355,1.83529197838048,0.431259969962054
2.40287149771955,1.94873352976265,3.21568168217271,0.210755707094213,1.74247187421617,3.33989265000664,3.62744384748698,2.90902667539509,1.65321375045888,3.07877023724758
-0.4205241735434,-0.477171849142583,2.1387133852346,0.823162021089704,0.540987101633532,2.61261991974032,1.79564026076335,2.67886080367736,1.84933944552735,-0.446071307573998
-0.95991008505631,-1.36032921767996,0.214425666699753,-0.24954670822866,1.77010109565564,1.53116032684206,0.128850468560343,0.484231080988883,1.74729733990124,-0.372995645183847
2.016687200944,0.274622125440642,1.88671919156175,0.816061995701287,0.311811069945904,0.325780197544448,2.23898672656564,1.72813059641341,1.08935155455593,1.82716212100015
1.57043898284456,1.57463353041709,-0.481078517783677,-0.628047064807308,1.10565451446876,-0.257211154401998,0.737062215320244,-1.15350408060344,-0.275192322388013,2.47246742969182
-0.0129130018688072,-0.75288523929828,-1.04372959782853,0.638937714391815,-1.19112399934693,-0.586190786333864,2.21776748737469,-1.08490060352362,-0.35842306332173,0.107470797321025
2.36517351859145,2.79158085682534,0.9854979881921,2.74292479577572,0.48248010977495,3.32272597288876,1.05527112026395,2.04744066265431,1.58346702007645,1.09156589260849
3.05226488382642,0.677546382730088,3.39672305678488,3.24089818202821,3.82205126313677,3.45420805473965,4.44753881302536,1.4198784683817,3.06130204206315,2.22003407413908
3.31358903293774,1.82428835595545,2.4114915434508,1.83675608356436,2.1505648569245,1.06145336515661,2.65465855359786,1.23772041758452,2.34310650171849,3.07783489451565
3.54350355833784,-0.487974654143548,-0.94989808112497,2.47742190751801,1.70816289010207,-0.0916384431481458,1.91125293931023,-0.246744318773814,1.06402380557109,0.841161557161971
1.92733803071859,2.42535210054343,2.11327442298806,0.420060350514508,2.52995852690516,1.33430731820421,0.530228797950289,2.61679483621969,2.13673296186259,0.395588783567702
1.2220012711629,2.56565591335612,1.28565894187933,1.258241032617,3.29604468808345,4.35817353541447,2.13985260234975,1.59478056161643,1.56645534607605,-0.259539115406887
1.87875303692614,2.50538057206616,0.188452751423315,1.77038391082722,3.5671177836983,0.819905261652489,4.05803228331159,1.94576120157714,3.08007463127571,2.0787582478376
0.59313082830026,-0.497251556155247,-1.27237370024782,0.149339307064379,-0.981421526812435,0.352234889062061,0.224421968996751,0.667701502281378,1.60923483966991,-1.00351710268334
-0.80513229825618,0.503473108753898,0.501315147238932,0.406895470924274,-1.36412781052692,-0.40395213917556,1.13252871482504,1.6844170781055,0.220056628406026,-1.33698008394339
2.185188815794,2.86382280503134,3.69591855605651,2.22455668330439,2.47176037919248,4.19441124329198,3.98764721556163,2.02716290033348,4.31428173061331,2.53784477195775
-0.263760214886987,-0.160594251364281,-0.563523183321476,0.104290979463605,0.656949672854701,1.38166497556263,1.46944940937206,-0.0774726893547898,-1.14628447743378,-1.32667199032003
0.59887338763196,0.584237949406805,0.531029797319998,-0.395552285883637,-1.5882289698329,-0.386722631952033,-0.296659120417276,-1.26692436741548,-0.626544461324079,0.270953473529352
2.48993549515426,3.03035386588707,3.11148417934568,2.82116222050062,1.77901477215073,1.42940514900414,3.82832672365567,1.38813434664291,3.21174459489913,3.79730376897761
3.6716110199936,2.84979204356439,0.279157603228316,2.34329141596515,2.62146478812643,3.30385622948671,1.63267116060666,1.7384334989389,2.38219622634353,0.90316544813807
3.20876344304985,2.52390375015717,1.30014085281199,3.52897303475976,0.196284491322055,1.9649452003524,1.84276261010137,2.63237810351549,3.55705908748957,1.44117731716859
1.21477925760394,0.477673556934249,2.79253619133488,1.23223496114541,1.19118118461096,0.6093304348292,-1.9311463820237,0.0489634975880969,0.624305183631157,1.34228521396495
2.41343517419113,1.18117393549706,2.56866264590402,1.60343821551042,2.77704573808702,2.70158921614148,0.715505144720337,1.8761373371328,2.59500424900067,3.83581854092047
-1.13431243324319,0.82938400934541,1.76111104969157,0.289161673548169,0.753282763007327,0.997812461707919,1.87096527758984,0.934770112522254,0.77396840268491,0.721049103897152
-0.170409226563433,1.78329245383356,-0.506881582637389,0.473681996286185,0.778531052169457,1.22443111627603,-0.130631140079768,2.30348940772024,1.38069183963444,0.69607575074913
-1.02294536367933,0.0213731627391893,1.8244598996271,1.68877936882863,1.1681073850816,0.525351771178798,1.8921952320741,1.47746631964503,2.28906672558483,0.896654230892224
0.0241022530687715,-0.760376390417088,-0.943898880176407,2.41423189931417,0.297405698767277,-0.224813875038138,2.25317444403267,1.1367367975818,1.60837265211055,1.79237059648817
-1.11622848095336,-3.5413876065683,-1.43116397429581,0.104562997207198,0.512984950484242,-0.826106506754025,0.933360038602085,-0.203054870306681,-0.662696816701295,0.440658902515724
3.13993126877787,3.22119839242636,3.58527827657853,3.27280276273659,2.47440590507258,2.79519405429884,3.19792809150779,1.98751341321452,2.24586691822472,2.26269006185533
1.36067680826414,1.91587363367412,0.297859823802297,1.4471065142978,2.3229025023159,0.662147468868883,2.62452554430589,2.49393942118831,2.15760883154247,1.18968861873818
1.10403932241253,1.817157871006,1.65189805503118,0.671258386705286,1.55749532298094,0.25996567367087,3.00654367997655,1.82547717282483,1.34172527092308,2.21432078142843
1.09393366751792,1.08444433838155,1.40021703066199,0.534649336825098,1.61934741645151,3.44180750412817,0.701836415340024,2.04908542000849,3.24392505559504,1.01800718416011
1.75669837903716,2.31454207941806,-1.60280236060808,1.23860328386503,1.49804358506554,0.478628012290914,0.606156473714033,-0.831893010009792,2.40278171789165,1.21830550329537
3.13137431029297,0.29739151490652,-0.139471130175473,0.969898875667816,0.079256567620241,1.88911052973629,2.3190595041152,2.28038238246532,1.19342030487172,0.761089077783733
0.454905710214846,2.43630665748148,0.883946581159684,3.23917168932713,-0.840651333280566,0.872857656515628,0.632325625123322,-0.551915501678101,0.667254293057484,1.83287873114302
1.45440136262726,1.21334909467861,-0.47054281747707,0.891961670849742,2.9111029316154,1.57048332406834,2.1537002471567,1.05872442607376,1.83602513267502,1.35381074070038
2.39595349023646,2.65170338550726,2.01723763527725,1.27641736343405,3.73813219125632,2.76927364379052,2.60214135482413,1.44316559226076,2.40962574368716,2.2724813548345
2.46550679936154,1.62020307479057,1.99062253731374,2.10094170212967,2.60220834966724,2.9138884292485,3.77251220675045,1.51618092600846,2.15323492391781,2.43655970674847
-0.0998208371603524,2.22327387521441,2.48201158401981,2.30868926573413,1.63763366802986,1.98230189759295,0.177038239589666,3.57408251957147,4.34018140058935,2.14022259163499
1.51599837203994,-0.114425171706732,2.22623801320268,-0.231175769517018,1.52763875582765,0.73312847373489,0.683690625944815,1.52254467301243,0.741019802080682,0.143277176415085
3.83629745147858,2.20461294211347,1.66898683307301,1.28126705614679,1.53375015787591,1.26699363518382,1.60056419331821,2.04497887717922,1.85049071697592,3.02041893855348
2.91482994589239,1.93390329025517,1.32133623125001,2.04116383097877,1.13908273465327,1.84434115866073,0.53153736955293,1.99474185548189,0.713886354881305,1.03223273143708
4.72096611137702,2.26077810101434,3.75564353049167,2.621926439949,2.5503506808678,3.71849150634141,0.927804214696268,0.664378590873238,1.88335261766322,1.75389896265503
0.174856745700131,-1.26078834218224,0.344320396191827,-0.140369235011853,1.42283446035857,0.521426060243532,-0.367851449453545,1.11603482198416,2.28766121818313,-0.072094617682595
0.84717731039086,1.74683954440112,2.59548643198456,0.919498000167284,0.690652524542205,2.44605748482212,0.239450390385227,1.642393036252,1.48770438870505,2.23223284992879
2.39872243352335,1.82566393450943,1.87747358589326,2.12565683399443,1.63300237241139,1.30053348481756,1.1010259607377,3.0028638375007,2.00125508472054,0.157180848793732
1.14627642898701,0.833768472443257,-1.42392168236541,2.84639503644073,-0.855347515574179,0.968364710767265,1.56276451767845,1.50002107436593,0.976268503521027,-0.962923146493887
0.284963676747913,1.11795151770714,0.80348868790167,0.104726357200065,1.42498576259318,-0.0671394640193146,1.81498317534979,1.74362696025892,-0.3800410942229,1.8437535471133
2.69918759124338,0.375928948597061,1.96179380891678,1.79634482058295,0.793786912250516,2.12340415287401,1.30352608375061,1.53729921451039,1.74521270032799,2.72215723282645
1.97869471715673,2.14734003088672,0.134327284978898,1.30887819555236,0.879715231036906,0.481469781550052,2.3557760351625,1.74162516627839,0.619233202741306,1.28954006153525
3.30259221519569,2.31000952158963,2.14003030731309,2.34088400238292,2.34308133700194,1.0134321951975,2.22688200480341,1.7477405957614,0.728680154467683,0.593590422061765
-2.0654085139755,1.12956280878343,2.74785322768731,1.56460340466784,0.607467152314067,0.4446128460894,1.47533842928528,1.90501800942106,1.29070183110002,3.10143081627117
2.73516761012089,2.93455009879901,1.03901501307563,2.15696378329167,2.74138661213845,2.0611812608032,0.305907234106183,2.08224356790575,3.14419040579266,0.088582618462179
-0.449003732929221,0.892597035918867,-0.123654983656457,-0.841089223674261,2.29233773326543,2.80600781334797,-0.240656422702996,0.973227961639716,1.18590984249676,1.73670789351656
1.69364153557501,2.96611240046457,0.25691214827039,2.79840677682474,0.949089653790678,3.41344563607862,0.550327713580763,3.60640447757604,1.27180733849409,0.697872213661215
-1.38759835791545,0.0406222169774101,-0.00829519167425317,-0.720683367322792,1.09039111181914,1.30086097496234,-0.724297393264451,-0.329663964514144,-0.332853657090454,1.22812142307358
1.95162129642049,3.4199151209577,3.2447614809875,3.14062178686877,3.12574684856376,3.43414125624412,1.24112158927607,3.43420822798674,3.80943829378113,2.918195267531
2.34251975319204,1.21382394706221,0.849446456144073,2.29634119618137,1.38818919110869,3.12661879313592,2.58077625074658,0.123425340000079,1.52123678611558,2.39348364189874
-0.157025210602037,0.4693791464238,-0.468110231304049,1.70752148177308,-0.525335827291374,1.10643473522171,-0.220440015000009,-0.103424704722337,-2.86523421077978,0.337355541096075
-1.89827136422008,-0.198906431235217,2.46120504026965,-1.47918227334543,-2.10345535972974,1.16600174940689,0.277734032711884,-0.266150860299566,0.989035286298919,0.319538976321067
1.61354149215665,1.9954288841547,2.67453684331436,1.8225316495806,2.1614672311512,1.68655476316961,2.09510841887455,1.52262452819673,2.60193981944361,1.4211860880775
2.22202669331738,2.79607237866934,2.01352374592112,2.47510261257552,1.75554943693733,3.55354697260057,1.59525481731342,1.72018972432331,2.1183630528514,1.56928215672908
1.46156121342876,2.1376691077253,1.00149001570795,0.825671800827026,0.668915812601005,1.26987015636675,1.81613191215074,1.46049477083975,0.595505658337807,0.693565494354358
-1.18430396138307,3.28081656652066,0.972392706268911,2.19490659464174,1.49903768703696,-0.413274290765095,1.15001739515503,1.99345004081166,0.471684901716219,0.613612403086392
1.20108654776416,3.53623063510465,0.969601966897726,1.07775042938146,1.80260652512029,3.13777180869326,2.12680039135324,3.33280053614178,4.17791486651163,2.5040404234442
1.44220843355608,-0.485006941226637,1.48658610181606,-1.77558311504267,0.628833197414624,1.70036533813775,3.61458298226156,2.15703857961322,1.23785958928232,1.98021782194048
1.08395490611464,1.11001474148358,-1.96811308236677,0.630350484943574,0.326332721892025,0.138038708120842,1.32294220029135,-2.46910551619247,-0.730250568114351,-0.253657492262983
3.85024253038874,4.18582409000888,1.20718447025947,2.8660789764192,1.98587834999106,1.37001828446849,3.13746763486148,3.17568448718901,2.83103411314136,2.12467551821139
0.564625788678312,-0.557381281350338,0.694756233463883,1.06316496201343,1.45321218182289,1.34381309633384,1.14619160629625,0.899010740606324,3.07521080021896,0.886709093476365
2.43588917470571,1.78187492001761,2.73297101623132,2.0061248365466,4.04452104014092,1.57468646280937,2.68546131183875,4.20870349678851,1.93092538332153,3.0220608531949
4.61567467497049,2.78438815564933,2.90491974005048,0.563893437419041,3.24324776256336,4.65157009345996,2.72717360109623,3.10568222930066,3.48745847248369,1.52466269128547
2.0579253634674,0.704098290086159,0.797080347034111,1.94034927170691,1.49837217185017,-0.293641330098128,2.15081203055468,0.11372316547783,0.01983274602778,1.18094468889049
1.40039734961219,2.04461682369557,2.15699192506732,1.63036128673606,1.34157332016304,1.56159993948713,2.49389771030108,3.9175926451354,1.40954779234926,3.9559762021604
1.39691301715171,-0.215707932863286,1.25831930770582,1.19144946794669,2.42071743825689,0.433571571293477,2.05880174007221,-0.0433768341551923,0.0406744050256105,2.49423064858969
0.510821086148952,-0.789378237478252,0.0909127912411082,0.514520147423579,1.72607099064847,0.306257160977609,-0.743748879199007,1.1834153702762,0.527162524274369,1.33840491534162
3.31952668797906,2.83966597116653,0.842450491990662,3.9433828401241,3.64610489526273,0.538540863557619,1.2750379823167,1.83988106942366,0.480215660942741,2.14273428358841
1.69361718982432,1.82747527034084,2.39182681564552,2.09358054604136,2.75114033345421,2.93191919793743,2.20713613946726,1.47194539635879,1.73687112279877,4.04195449365978
2.54623769685459,3.96652198625526,4.48376121651392,4.29834579826481,1.85378772480962,3.0649072987854,3.10803898779672,1.622919593813,4.62838449612319,2.06591809500645
1.66558579985466,2.06501476577183,2.03208939090859,0.944286754729959,1.8726940880061,2.14779383095319,0.89209060051591,3.23598458001832,3.09074869227785,0.576393921911918
1.86115247994292,1.45696134413292,3.86149371309559,2.76305283220168,1.40123750600951,1.78144090525461,0.450857206188857,2.98011908508672,2.28025760259222,1.74417902946652
3.87230886294895,2.17966957099347,3.11640328567004,1.11410059099889,0.242085626155609,2.41225814388895,2.7513000141973,1.34591294838717,-0.242950868902347,1.63724385625362
0.481963544769448,1.68225814358162,1.92745115198441,1.20449665082278,0.969707180794755,0.834352653576586,-0.715752805746786,1.96794453124605,0.392759778429306,1.46861084169552
1.62331136965216,1.10472712722156,1.4704157900333,2.0289027925892,1.28637310977524,0.857659098838199,-0.0508309566297751,2.80324744544546,0.757230404464772,0.664317947766841
-0.0424782456532369,0.126594031106365,-1.66742721608765,-1.2055757327139,0.272490908468656,-0.723575211574761,-2.51964767537892,-1.35548744205266,-0.82580641342301,0.907248993146963
2.59290847281506,1.6809766229196,1.24134181323873,1.58065761858667,3.56289806378262,2.27524440035725,4.1234630064879,1.93000759175625,1.51962550035269,-0.688443923779548
-0.119802636429662,1.48245875184386,2.89965080079814,1.70666012988257,4.19253395314677,2.45887600763307,2.16422755618489,2.41524633018492,1.42243560681195,-0.0909591528691012
0.347426476979281,1.57786115315053,1.70875542048967,0.714997584235023,1.24407023098365,2.50625322871037,2.23078861318059,-0.225370155049447,-0.153028107456467,0.979646368243639
1.41238893474324,3.81350218627559,4.73451714974331,3.50741409222162,3.51061442068577,3.02399740886071,3.89567027361234,2.05396811132567,2.48446832955937,2.21664676126011
2.42259891338385,2.12413079792319,1.7805856961477,2.25252408811994,0.540012040646786,0.582662116995675,-0.125782827823943,2.29272593399971,1.11503106712379,3.50100087207508
1.15317800294284,-1.56627064554416,-0.767833078609136,1.38158052609627,0.875411610448806,0.307909120988339,0.137173945148854,1.75645532681386,1.09409677103837,1.77911620639959
2.4744166601035,2.7109948050726,0.956078336254984,1.81770501068341,0.559464031256106,1.45580669208284,2.62327138451314,2.22635327565437,0.89015854925338,3.73498453022559
0.287355074361916,1.98432083406201,2.34692913699617,1.41135403981536,1.5749895302822,3.13383657432158,1.51943143977761,3.95108962451799,2.4719813891549,1.51241879332124
1.96456288770487,1.92632574097456,-0.310070206480637,1.22784427247996,0.871245385310258,0.277775049020095,2.00624561143538,1.23189645358794,-0.150324795906343,2.19914421757128
0.746172689242133,1.6069425578332,2.26826084957696,0.626849852344482,0.937839629534394,1.58427074118608,1.1083064099988,0.297288266380444,2.14594710043866,0.844408238550807
1.41316530189037,2.54437263751027,2.15806681396288,2.26509596208613,1.00042942856584,1.17825107971172,-0.0986655545147284,2.43042254368482,1.50682864220652,2.19314623152447
3.246935870776,3.11958666822237,3.36609519572264,2.07212278103158,2.20737461298281,0.63122854597852,2.86237064263028,2.94515604779593,0.639965837967413,1.97903516860722
2.58039396519747,0.946825914977365,3.06783766645266,1.79410601464138,2.02515355101095,0.792581584764663,1.01985200483362,0.725080937007199,0.414291071320105,2.25350975770358
2.0889310471501,2.37389408811155,1.88878128384523,1.80847597374645,0.536182655447179,3.49819587012102,3.28968092962932,1.21794318562243,1.68366521058961,2.32834525249483
2.68071415161469,0.985899146500253,2.73971547826772,3.80163872778922,3.12371115079547,-0.433444012270215,0.508211488224748,2.03569080174859,2.03085316766372,1.3040047820164
1.49200462719796,0.0964507520682903,1.18704034221573,0.756251856855983,4.19930284395314,1.14131220909179,1.21298487002385,1.45932344617301,0.509240906800928,0.652834831465774
1.85811034249218,0.744621454045219,2.8509361190914,3.68216067552808,2.05611763417305,3.80466021462989,5.47532772162078,2.56303713746551,1.63814177972829,1.13219448444787
0.370870138593963,2.45261282725976,1.24780456851933,1.41023987273816,2.49020275179542,0.879863392823241,1.55833137953878,1.76680343955101,1.2833861322401,1.1177620339587
1.73819153670109,-1.09479973679367,1.33986344204865,1.94436327547282,1.24796634020635,1.90347607265438,1.42558070301441,2.89595984889463,1.33710634925003,1.84913367204229
2.45932026649859,4.18295460410793,2.54906700607798,1.92115983705842,2.22937833172632,2.04547159567991,2.29391371428287,2.58992169185682,2.19569358050801,2.70080717405673
1.84709500308857,2.26770158459168,1.11458786310367,0.884819959234286,1.77923436994788,0.39778686703099,1.52284347558052,0.605642200574897,1.8168641746139,0.648549217958931
0.950122405425699,-0.646438969540091,1.32681482225838,1.23339465461114,0.269058131976202,-0.201330241044419,0.223670130719517,0.468516982007783,1.02335153043356,1.58615210272956
1.23236222207051,3.84403705981721,0.612679629101944,1.32525261556104,1.39534079992241,1.64351236690186,-0.251921080811118,-0.667823777311697,1.92291944700375,1.04407641950289
-0.135257067470894,0.0476958892660226,0.545014772177717,-1.34668755199124,-0.690367564436074,0.981581646586695,-0.636758038947999,0.880919581011178,-0.723922740800513,0.285991045029427
1.87641946707029,0.712520929677977,1.63406547845626,1.73988992520067,-0.900992440470571,0.364247154768435,0.0111925252574685,1.83246761985621,2.00757987805928,2.15021248776881
3.42227240183497,3.20244196331267,3.16139863124846,2.81148868000948,2.93202513497625,3.61906469215637,1.65639086445064,1.78907016003236,0.710680807968868,2.37207861591441
0.807128324327299,-0.427607884481707,2.87390726077549,0.303238850581523,0.387629174850351,0.462670633377862,1.4854747754832,0.263011024870884,1.74689592198116,1.43989296750501
0.741042431855705,0.559785120369518,-0.870638655066441,1.37518138887189,2.33749712404761,-0.25450285212395,0.914402344709956,3.83916844807325,-0.318967479861558,2.3075324598685
2.50536399981494,1.38449491184596,0.616206335802246,2.40535874565003,1.01503988644953,1.04685388295246,0.0601489978933498,0.769939518742849,0.843530139633111,2.42594056212352
-0.0749168538661947,-2.12222367282686,1.44468051487537,0.396716379286058,0.490835558161113,0.162349468781882,0.297068342962392,1.00423625974213,-0.229233553927121,-0.320770981071856
0.21780705515097,-0.446417467603916,-0.937094660836051,0.322942943101565,-0.260500663090718,1.01467030630953,-2.51426515059158,-1.46785509087872,-0.777919636602785,0.630756133774746
0.337680258283788,-1.20119126532663,1.14339092026618,0.573446008656593,1.29213624174712,1.72730940822884,-2.15324854923009,1.34101721941288,1.00545540669892,-0.759761117388554
3.02282168536148,3.48537881308862,4.00944402387675,4.27548359422232,3.63747265654433,3.68219764290519,1.63885174577386,3.72594994927224,3.78385816548955,2.67137695774515
0.947158453226861,-1.07322948781272,-0.554545641152817,1.68452111863278,0.926966886801163,2.04424957071062,-0.502311159573915,0.758419226850945,1.09680299240224,0.323519891780799
3.03860378989895,-0.546097114592044,1.06713974483862,0.741446983993554,1.66281232526648,0.831965201323261,2.75636978944482,1.95584761942075,1.72427672430697,1.50689632760745
-1.79805395909808,1.23985547762996,1.07289820272113,-0.935544712802051,0.172234618769502,-0.7989574310871,1.31081761244622,-0.420026937097717,2.03744394901744,0.496517816586704
0.638338401298244,1.76740106324922,1.36802263613029,1.86117389209846,2.07062898523313,1.78948340224121,1.95821129639875,-0.523327759420295,2.40967707215936,2.07986090343313
0.0536290635662107,2.62547219714296,1.86495013583652,2.53155808070116,1.96565835909813,1.5014291009061,2.15091273297574,3.14624541769145,2.52583361478253,2.97325589329426
2.81204853151797,2.68720454373577,1.4581299910952,2.15957584277377,0.644711718724143,1.62406417684592,3.12695860612637,2.39708641683334,3.5122878589753,2.32815364016272
2.79334582906516,-0.0822380616966458,2.08411778314103,1.73700425356249,1.50778639020124,0.869545139707214,2.18944927329702,2.66466503421819,2.55354650249105,1.18531111225414
0.0689933538826031,-0.943391048997403,1.02848611588514,1.15242673351081,0.147980578109786,0.70519155730499,0.17645339091334,-0.553207950729645,-1.77566722340431,-0.799215533120826
3.40808603012109,1.61516016680515,2.56204298814168,1.49395938567008,4.01304919667387,4.34399142618339,4.19606270360755,1.74987668991767,4.13110034114812,2.96992707020869
1.67252670068789,0.63699260493027,3.67160906392754,2.42717828742166,1.3284750221421,2.72509235228147,1.40708098590627,1.2551272823219,1.92093374062038,1.17479422857168
1.78481649677114,0.932937849035659,1.67437937749686,-0.145147889499413,-0.321008499989913,0.336253068837795,-0.981982355793436,0.78922079138388,-0.614962539895165,-1.540527073043
3.60238308889792,3.64045774562866,4.13876542620676,2.38467262953796,1.06273604036408,3.04094094149473,1.64992032858176,2.72725683904864,1.19364236243671,2.46171567557211
0.185338811442249,0.331345518533657,3.34100302386653,2.73702337059502,1.30580602597335,1.42734857396732,-0.0685988449923531,1.23334165216319,1.0574269017608,3.20527275306145
0.59986138064907,3.31200627898443,1.06610187764821,3.21304398286687,2.3765710299911,3.38417158527345,2.7079022804452,3.64184765531851,1.82428887482258,2.0981550950288
1.10604982843907,1.43336183094245,1.61814016851261,2.23370003317007,-0.205146609002933,-1.03518107320304,2.89068178228686,2.27552278045027,1.39282893352819,1.36665203721757
2.1835374876689,2.3135976661561,1.72008917635805,1.36089465350118,1.1307160131072,0.744733940031949,0.888966220203669,0.227422518839811,3.09142693734159,2.24534960173644
-0.791357768493879,2.2252926901039,0.940203971077106,0.068123233130066,2.66796730907599,1.63398977651366,1.63180409700133,0.15139697127684,0.0606814508191048,1.08275428185682
1.08361995546292,-0.374301735267509,0.452384421388663,-0.119264354440454,1.02070955197603,1.24451752023761,0.733119233159564,-0.514027265332427,1.24115329270118,1.34357219363442
2.57471563425563,0.884728571861241,0.062295945337276,-1.36978264070234,0.167813826769568,1.54719309622529,-0.0490636883260427,-0.104915528055312,2.01072168015194,2.03218357574846
0.402518440428846,1.73437546478043,3.03256911762175,2.7704593193332,1.06817738725396,2.47263972813955,-0.0387736331830992,1.41057331097417,2.11884699659904,2.25431539009588
2.80953696825109,2.42234381517859,2.0324909843181,1.26395625906833,2.4074109170811,1.46376945106611,1.76789251246481,0.95515383285321,3.79291905874208,0.523198964359873
2.02091189301276,1.16362060954346,0.84144263231521,1.69222776605767,1.01690270325058,1.4447520557077,2.75818572362978,1.61319151991515,1.93112431970912,2.80124974562318
2.67900938851557,1.29881835393918,3.86351831077743,2.32514231599115,4.12554721866935,3.34031589290155,2.15815875108914,0.91209349287087,2.3160676075829,2.11223359211393
1.95117952252765,1.78040442162033,1.99349635037972,3.83179789975055,2.59868163156016,2.46076872395584,1.11051959877047,1.79664497587399,2.1980064652624,2.06722340780207
1.82782656956472,0.0586281763112204,1.47409583656657,-0.840593527714315,-0.000996583564617173,2.02387420628326,-1.11948367638011,0.380003853338456,0.98348824916286,1.16894585171552
-0.0843223247268954,0.643157434766653,0.71058496607711,1.93539256774727,0.0825806885116452,1.96260746251306,0.987677635218697,1.17426058172626,0.843808408037111,1.77312730562677
2.18437767421496,4.39739800823252,2.49344360351029,-0.140123152199711,2.38853501368605,1.05348639575435,4.41498851180111,1.26383423575664,1.44999570706144,1.11711849219113
1.83128051550114,3.28683051727404,1.69485392224147,3.37748006085222,2.62441973534662,3.65162988235102,3.27504696814906,2.33015658917744,1.87770176162178,2.55697543871103
2.40654499651646,0.345399367639889,1.96427664966582,2.63271556940154,2.49764969841732,3.42302540176262,2.64486798383877,1.63965659404747,1.4156392628,3.56705986254089
2.39251651774175,1.25852479404618,0.669642760773378,2.21642375633254,2.89505622758477,-1.20177927696681,1.02269877836502,1.4153639089116,3.43249931563016,-0.430533572178417
2.98766027628297,1.39194074353349,0.225064943532992,0.328860913681967,-0.910875162455485,-0.117186684423487,1.11403871973503,0.710886513628454,-0.33433784482875,2.03600225696493
0.58681808788784,0.653479665719753,-1.05021474811693,0.675671739124654,0.655107176931452,-0.579084686511606,-0.125085451131941,0.587672912509469,1.43514114965162,-0.284568112808462
3.2667616089088,5.30844760341736,3.17014868040924,3.33592913732284,2.47164583645474,2.22480989725446,1.61357879677747,5.07552867906655,3.11135623004446,3.07251611010164
-0.914108269187961,0.916865007046686,-0.434978036701291,3.37793267749118,1.95476647385544,-0.866303093416025,2.08465507608072,1.17058188061841,-0.797376852103543,0.068661862027406
0.582753338069045,0.158275625024192,1.58280961086586,0.94393949232013,1.31255572886926,1.65392108244507,1.04822727922344,1.49332212260431,0.959340061033325,1.8841484435168
2.34106623935548,2.93124744115496,2.6912483947674,3.29857869584636,-0.257511030783557,2.23579557830562,1.41710599894834,3.22633351314094,1.90150759303041,1.33587984948768
3.45349418732039,2.61841015182827,1.26479934160015,0.606030158334415,-0.192773990779694,-1.05442730701524,1.89265865607853,1.27822503005404,-0.0800699143194232,2.44242884619932
-1.08408504148449,2.99294775506149,1.63208458593905,1.71173190079216,0.945680795151127,3.10453371422089,1.75351197223815,-1.88537500126646,1.46811545938615,0.379706486294501
2.47163947642354,2.10849215456054,3.55130895008763,2.0090997453128,2.76392059227186,4.40778911988687,1.27922885474553,1.49792943123081,2.93397853995773,2.78351757865437
1.68010251100985,-0.237821847542098,-1.49623700074349,0.817207949887301,1.14898749794653,-0.814117113322205,-0.294742274092475,-0.568132032901473,1.14491247343646,-1.2307571792774
-0.376635478395773,-1.73534233611409,1.45050507863139,0.207763828090517,0.169558912343166,1.78048137133667,0.504382742138444,0.660513092343892,2.10235904197297,-1.08084876720748
2.08477985645499,3.1399779660755,3.60308395229,2.9137651241301,3.1103573591663,1.87422459472352,-0.132953979018359,2.51633433732475,1.62430631553828,1.69410110692518
0.237846740185429,-0.417483798064047,-0.730052035766865,-0.014779026229424,-0.313069863419652,1.28897161975483,0.22900980849644,0.245191678165753,0.972713924988945,0.127385220893008
2.24772187223091,2.0727066893443,0.419820672920798,2.76018974018429,1.06014429488736,2.19489971716483,1.33602652589031,2.09138438710871,1.42342075999762,1.75891702620938
2.28891630731849,2.20481504402505,5.45669075492115,3.73362722489856,1.11897748812861,2.72647064332231,2.07605399372462,3.90420289815675,3.18741114929278,3.20021405152735
2.39268103004367,1.4566370313624,1.36102252852905,1.79827197159946,1.53785293437241,0.214823646193843,1.13884066391376,-0.1150628460422,-0.223531798359696,0.758633423870757
1.71024936317757,0.506187851214817,2.79742568802358,2.17884102030272,-0.928579555182696,0.517700926594943,-0.214650500841053,2.5684500249785,1.04479431746402,2.96230005857802
2.11542703799866,3.19613789449848,0.863402237183639,2.47700627443381,1.73646171485735,1.33516610134966,-0.271943120035274,1.52859618053898,1.44944995145363,0.899798097302249
-1.06290013972178,-1.53931380583346,-1.23967771678153,-0.285945359234958,-0.865385122619898,0.199353684837692,1.11145864033099,0.000301241355774662,-0.294554619243567,0.608363899560452
-0.191356699327942,0.372420885521663,-0.0114140704014898,-0.60820891592419,0.879515925254714,1.99925322988369,-1.62876826997701,0.0662519802328737,1.23092406268695,0.0117817359411965
1.82945004475861,1.46749507075017,1.11816521076275,0.650767836372317,1.82595742742209,0.617190595777788,1.02031334498,2.64620535201609,2.56816153513923,-0.45713720165982
1.08308002916127,3.26666860244985,2.78167826138648,1.55894052947782,2.32919684778835,1.85479348439606,1.0002229131193,1.60643964314456,2.65119190693887,2.92953315021971
1.87536327359755,3.54270409504303,1.97411322070086,1.19956557803311,3.25497103742591,1.04707392442561,2.39117262962114,3.34724747647475,1.19550652712401,2.27718710693369
3.05557487214902,0.78556394747965,0.544862111376255,2.0000430793607,2.14037599976201,3.58870673776697,2.14023230211151,2.5744982978923,0.0425404761595842,2.38768986543095
2.67856569229381,1.66657343953868,1.49909959876552,0.0584643791700087,2.80286549684915,1.03034689896842,0.629510986107964,0.602428604706448,1.15731010346248,1.19432949984862
1.99927369418973,2.28411968913373,-0.0567831859184751,1.12823554010026,0.886607402396621,2.78051624688146,2.73006336460945,1.85194364070274,1.45984217264127,3.19846837516633
1.06095719536618,2.40298314338379,1.37637448172115,2.82471010381398,0.351738307559359,2.69937938478242,1.54139095546959,1.55097272402546,3.03893242353619,1.50016621258429
2.56870321332278,0.334958308166593,0.972225124742634,-0.0125433975591853,0.494521626581143,-0.44673017817905,1.77080373979501,0.0259198140531878,1.60289133978881,1.79423635421479
1.61512598678612,3.50073953674159,1.83763258908591,2.34754861065256,2.0338691148211,1.83302744439592,-0.0532318453542371,1.79942919074954,3.04053951876796,2.11827934754434
-0.552186145360397,-0.552632403757569,-0.497526553881713,-1.04796964526675,-0.371161224548356,0.673946458749723,-0.196018319498022,0.689771650857185,0.930162541424344,0.0195144156302937
1.61936643584331,1.96753091591342,2.05129317740208,2.77593161447467,1.32202741823803,2.56081507297352,3.59704332329061,3.6753081141582,1.61777016714014,2.33178816847795
1.91579239004815,2.56717330343957,-0.607005920917446,0.0879518642322702,1.31308362266743,2.43782672193272,0.249469814269652,2.21878043208747,0.33635073870488,-0.247096025670812
1.85685194143388,0.364587276475468,2.30763926304017,1.49795526484448,1.95881784812909,2.18574655649012,0.337519381737353,1.01507076044679,0.907619381553759,1.33045106915883
2.14471505254224,0.833078729256005,1.66163141305706,1.64707394909079,-1.2489959221176,0.373946438548101,0.598992225235568,0.0985301236712085,2.62776733254404,-0.198993089370051
1.58981922879352,2.3535111920623,-1.18214922860453,1.94956987397054,0.544414269466688,-0.832347827731501,0.00844411940803946,1.18078608847066,1.18139626276919,1.78049774959889
1.33465050468431,0.376469977949753,0.600012880597153,2.33385735329271,-0.194339447681834,0.443591751034626,1.12507208077908,1.29012368338148,0.37471182102526,2.4776903396892
-1.20528941209394,1.26611091514849,3.22148665098935,1.84880093835271,1.9440409737743,0.148024105130192,1.54299567961638,1.27368703458043,1.96435366821142,1.286245280036
1.55947328293927,0.305453747197465,1.00701476819265,-0.304945225330947,1.59140369267023,1.25371804435422,0.428088969950785,-0.862509770138262,1.83930499341821,1.2289431246479
-0.496025327255337,2.59659747052138,2.22316162263013,2.35142556933166,2.16169496465065,-0.114039340864223,3.43539431490841,1.688890805363,-0.184236168743502,2.25432582771054
3.3806073785584,-0.037428539958007,3.28924051429115,2.2312476013786,1.61979994292436,0.694262500647467,1.05503165690139,-0.259376213229069,2.43004347155547,2.73614668270456
3.86832372945217,1.91984298227465,2.8074509761612,0.771216365781521,1.78199353655756,1.23154717257829,1.6714697852823,2.68999131757639,2.55279269023222,1.2707316218488
1.74649367278051,2.07514597131408,-0.626495390349041,0.708315593716618,1.4946022783059,0.208717315247931,0.141289595632997,0.418346182019436,1.00880748075883,-0.323752136222613
0.438968161356218,0.852403881353989,-0.201703991775802,-0.671419848933718,-0.62171491552661,-1.25127106721107,-1.54943903669575,-0.488302926585858,-1.25833086254077,0.761336569737312
0.602924130272067,-0.900866129020534,1.63029989793804,1.2408872937681,1.61998330848449,0.727122653948674,0.669862011907646,0.394173764432202,1.40616547993377,2.85727625911296
2.45281742795969,2.62375831883707,1.6611198329642,1.8845920891228,3.41181827357417,1.66623282844465,2.61434511298788,-0.186949023235589,1.28153423744739,2.40324582932242
2.95611305109426,0.546328330863393,2.61660071702377,1.91736848860335,2.31341927329905,0.941661859474129,2.65194623106754,0.484381426184261,1.24275292896015,1.32820163470949
0.355935985634485,0.937494374523362,0.718082128161065,0.583057970504497,-0.614128132176782,2.09751078570379,1.86815963376062,1.04578838606989,-0.401011966378903,1.00351047625995
-0.192753602944701,-0.159052717375321,1.70763652175774,1.54900613546223,0.60965154958285,2.75536859519189,-0.133180517874289,0.315389527094472,0.843802500119152,1.8520760376657
2.51505339533768,1.72656876722697,1.50371287640032,3.55721576661808,2.68178606992313,1.47485584085628,2.12886444971088,1.84682722862033,2.35058857265387,2.13528666289268
2.92363528493666,1.33913878825698,-0.853372946842625,0.309054182569848,0.126299654122482,2.31396088097009,0.274392878773381,1.65784476306023,0.511465033852106,-0.347145400653821
1.36489757441389,-0.053654348234988,0.0706742104951109,3.65528689775851,2.09485213733543,-0.73627884957549,1.71809457776204,2.8235098951568,0.0729637640029811,1.16168252034696
-1.69188169522224,0.902113706361668,-1.8237819185818,-0.420441400190305,0.243426450156318,-1.02015935158951,-0.322922590004654,-2.49396010979169,-0.194516552496703,-0.762630960294574
2.23978483805453,2.47182282013806,2.46444121312111,3.55730859562714,1.59328712350799,1.12717796124902,1.56790530197787,0.424091697687195,2.01903015800433,2.786197011923
1.08989179156048,1.86515286440911,3.57661698812766,1.13446296464316,3.90871537747535,2.53805445808324,0.472346368756744,0.978399317767397,-0.170928990835945,2.41897346842961
-0.620252015448414,0.0672021428162247,1.19040291514129,0.125756198524986,1.79104403069087,2.28623170053037,0.598988202781033,1.56369359452804,1.86523124715147,-0.232291987836712
0.694161799357749,0.675928433484177,0.0312942302323408,0.376746606508321,-0.190217534107993,0.27501956098021,1.49839663495019,0.748607223433729,2.33680506402406,1.36705535664126
2.43104396325161,2.58783329808392,3.81792255417415,2.36629294503542,1.68942468872858,4.02076376972788,4.00685395774168,2.37819893268006,3.44720521294034,2.81010048340198
0.936511502268298,2.38477419653473,2.80391368310303,0.848641553468863,1.7150563167163,0.303067563983157,-0.226582236448225,1.18557074312458,0.452705453507346,-0.103750184456626
0.704557372688845,2.33169492713828,3.4627714661833,4.22996672411131,1.81325959210233,1.07348261597892,2.29302989816465,6.0503572914457,1.36566338719346,2.67397107598417
4.39788026896252,3.02458748733085,4.1951933906189,2.23529834095358,3.47610204276594,3.59954268842853,2.88728719957073,4.78694617309883,4.11767387954884,4.17365113543372
1.29123160023378,2.75310142231016,3.36739871386906,3.22036003965869,4.23755738294694,2.81077357438284,3.61109717137498,4.12524906228379,3.98784928458399,2.94612258948425
-0.90559646749267,1.40389902628785,1.5596653289059,1.53649018989897,-0.146934140777544,2.37593039402618,0.931729630680816,-0.442357522428853,0.281329854571394,0.592401523800773
1.26073814227654,0.235247241122951,-0.453288957521993,0.104538415603195,0.299049500894822,0.245962671924687,-0.268873426267589,0.457187697057209,-1.57660763472835,-0.678352512137897
0.611288915079904,0.808004811795602,0.47274119858965,-0.495073712471887,0.512815050675342,1.52105789915208,0.268974019863908,1.52718740662304,0.9293699406817,1.58580269172196
1.59229902349583,1.74708266574539,1.75193954258752,2.30860371104619,2.33957822955978,1.58283346744267,2.05859196599845,2.79130924675176,2.18124105894344,2.82641162685762
0.209949867135486,1.66899575782273,2.50118918229165,1.71769174165069,1.76869157623492,1.64680471196731,0.040718668994693,0.482551028446013,2.15267100571231,-0.727398254541929
0.00167158877062931,-0.499065551649753,-1.40048985298399,-0.984723146315117,-0.348169906749204,0.164823800152842,-0.834837495310779,-0.541587374859167,1.51197944646465,0.226160238295176
3.12404745185372,1.28777143367919,3.45176021411725,2.62102553219602,2.25529661816967,3.2775604146416,1.69185844798362,2.2504506840089,1.28972312986818,1.87521168972063
1.41811322306112,-0.029588157740619,0.951546268087976,2.57912974864543,0.176038613993984,0.892296465162277,-0.670015555736663,0.76749659817147,0.613564251226317,1.51421934813066
3.93896762619978,2.75527010734512,3.48758913381136,4.53395509953614,1.98841417649063,2.36496697393668,1.53846385629775,3.42769212971531,2.75945212587201,3.11475134924726
3.39512400218451,3.01544107046613,1.3430900519208,4.62523955362352,3.01761931894764,2.34278818220118,4.7100252540872,3.72504970323684,3.17316088089423,3.42412410320312
2.16227247367056,2.52036953077065,4.41564106661668,2.47962472022689,5.4124615738402,3.59311524368298,3.87616544884781,2.83717377815007,0.923187321493415,3.23964030296134
2.65327648590959,1.71068156795818,1.44024218440171,1.58275810674546,0.852800168931033,2.24611431617978,1.71244657308254,1.69881848586036,2.87787710997597,3.45819621603602
-0.240948484660487,0.595829009115526,2.22314114668129,-0.284961522703983,0.899393262764315,1.12231744575952,1.79566810169061,0.367650916378291,0.881369943998655,0.931934051997747
0.975658156634648,2.88594592226248,2.0116986705472,2.01479891388475,0.769353449957282,2.15220913660967,0.710175276102804,0.733736325850304,0.443229395402343,1.14701553153457
0.740911819961314,0.518537741400559,1.97968349316704,0.154482751305673,-0.0201529482104009,2.23017242924661,0.20956828674626,0.0328635647461424,-0.117113271317737,-0.950212175439375
1.44417599621792,-0.266409631304654,1.48344032049174,1.59246018322959,0.186058114714092,2.18861616406504,-0.409038788607108,0.549350631114217,0.395698559635763,3.31628705389243
1.66216787868905,0.841818462417081,1.64347950131972,3.39726309812917,3.97119716267946,3.36346677215209,2.11168725807458,1.24329409649546,1.72199612947517,4.54820539456159
3.13086822303842,3.00569650905825,1.4228954484542,4.11509058993337,-0.726033230307718,1.85095605566862,1.50537009310856,2.64884746104124,1.01916802327241,1.09632883732468
3.0793296246527,3.047071672636,1.69231980745928,3.2510081050408,2.31429056862465,1.69479844138032,2.09690840400665,3.39435991518592,1.18838183163452,2.38931453298084
0.00538188761126213,2.1636978291712,2.54309612815575,1.5029329419235,1.96155493465926,0.853508462043212,0.654596644586718,-0.103927013385682,1.13689207416462,0.204816527594442
1.79933497052841,4.33051853548636,2.26353866232368,3.36531253527789,3.58324690175263,2.51803480697908,2.51725461430557,2.75049214407803,3.64507612179533,2.40052424454254
1.22333472552873,1.01793813510017,3.3909281418843,4.90494338954694,3.54000559546685,2.12073186423922,2.70412715969005,2.77764660548937,1.81660518477034,3.3499135009745
-0.113649452898146,-0.337619397569213,-1.16667263702051,-0.0421261122342157,-0.770303179089801,0.126092321889739,2.72338392800522,0.483998536154461,-0.683398663244536,-1.48296908745183
0.929398798348509,-1.60373217665021,0.214507803638752,-0.102651574219953,-0.479632047020055,-0.13448953100865,0.732277881054627,1.34283865786433,-0.608879062984325,-0.510776816512505
1.60321182959121,1.64089713016883,0.287722874149692,0.615601367168506,-0.264232082801564,1.83739429920747,2.1854027121057,1.08435455112937,1.80915082747536,1.45835799982126
-0.274048490484721,0.0787758472693758,0.186904289132791,0.823309366378965,1.73050890776063,0.545493421368429,1.17452383766042,0.545749490347787,0.11325619637481,-1.10193957448863
0.472436281939373,-0.341192054755668,1.87039480894989,-0.0989576330391448,1.0953230805991,1.67336552953746,1.40018076605081,1.13693165257973,1.96130031921734,1.38341957565055
1.47995419107413,0.532770404596433,3.21745039250586,0.334795535379723,1.21685138554661,-1.63125875913866,1.14721273802678,1.82059080651627,1.75572486396942,0.703817126534994
1.49761290405161,3.08531057385357,3.20160825520316,3.02787662925839,1.00919794534769,2.72359006824937,4.01736778858353,3.46295759107287,4.0777936316644,2.65197439013984
3.20827599359752,2.65870145879959,2.74691819002487,2.50736605743,2.92108106470903,4.09179330678212,2.75877909800443,4.29458892828501,2.02362909155081,1.70953226647079
1.91155373691203,1.13180744653685,2.85119065270511,1.46754833364244,0.655408385733685,3.22717204792848,1.85196054881816,3.90245714416641,3.36459285953711,2.60483222726521
0.627179642157596,1.70273433209355,2.18956011078221,2.12117549151867,-0.0699299138843816,1.00821868842529,1.19948215894438,0.45757569050002,1.37907254652677,1.61788365067744
0.263859723057189,1.59280141789928,1.67705184151871,1.82490844232346,2.55718057528341,0.952786724466215,3.15465146928845,1.3530861660267,2.49151554379476,2.04612243106624
1.18940867916123,0.551452038863995,0.383410353265046,-1.68744791430304,0.93017142171208,2.29976291975268,2.6327949420144,0.883093380126067,1.12943187013489,1.10944990774888
0.70647863869178,1.94112515380357,1.33524778933065,0.874987086761299,0.00440966326780445,1.34626590482611,-0.522289161488565,3.59942375143939,0.053120362405828,1.49669251417904
1.06139506045271,1.86295298080614,3.05557249289615,1.27129221161899,-0.0337966847663829,2.07522297889445,3.01011635524709,2.4068715908293,0.870795628517937,1.65484589052787
0.736161829903983,1.40793645032192,3.7155649957002,2.70362300475499,2.31527640250186,-0.576916629915007,2.78403864923864,0.390475538573617,0.611190079116255,1.90238777339996
0.484200450639386,-0.268797058451137,0.904893740109986,1.38652157788236,0.34577960082468,2.19942714055147,1.26434494180983,1.70108975243873,1.49342764045312,1.17045078016234
1.74046279831985,1.89418854751566,1.10354351899556,1.20322873518061,2.69708167212227,3.46146256871383,3.18713790761322,3.79650907757364,2.29604275598457,4.32192868922721
1.70676040676018,2.07206363791184,1.50227358981207,1.3754772068759,2.90994033131745,2.04792100266933,1.93983429947192,1.77077272559011,3.46765587239659,1.29278131558876
1.47315677393394,0.765297222088565,1.43553786188326,2.11295532538923,0.470130002415622,0.459099496862376,2.81111464918185,2.03790111819793,2.3547491758999,0.0854058566577481
-0.2197684546346,3.13125594530158,0.595939670637336,0.886561489665937,2.31006193521615,0.735632526341728,2.60605873860069,2.04259787195556,2.58400294817794,0.966544159155911
2.91801611383335,2.58572017122112,1.1362148279519,3.55212151393306,1.7482795664965,1.86029372779467,2.79386432623186,5.01302469155425,3.64527861107145,1.92076907243318
0.593352026921258,1.64340106178857,1.60572515633661,2.86493915105006,2.73478874989228,2.2480614229755,0.232381438812928,3.80549991015623,2.01033728274039,2.53785005713951
0.276430119207741,-2.06065807971311,2.06879335406514,1.79329524742528,0.52491606257501,0.604846074679699,1.16198904342092,-0.7113393485477,0.511789537058048,-1.16905213617145
0.369134173545411,1.01543307074583,3.11218662811894,1.75961584794596,0.564449784228942,1.61524369491778,2.31489340731474,1.4425359471802,2.60146259398518,0.715635463473117
1.47486568017157,2.25625281026189,2.48299249760528,0.591404314223205,1.16103362568018,2.03696358076762,2.61266026577674,-0.057170845651906,2.20518112202872,2.27521805400755
1.49694989363919,3.66812400157234,2.28791723540275,0.90422190109225,2.53337196671189,2.49403312696466,1.38727349717188,4.03662630573599,1.88344727694184,2.23308977824446
-0.0159996920192334,0.7988652176311,0.00588479523029554,0.341218763180606,0.269975747500359,-1.18176832281008,0.820349160352572,0.563282776884195,1.18023256431662,0.636210855095875
-0.746938942630907,0.304501446503782,-0.305171448588117,2.387010255582,-0.766940925676341,0.748359134897138,-1.35397345201459,1.44433444500492,-0.416067258217655,0.109829342091821
1.01454008904044,2.11000389073174,2.94896071331188,0.585700436784816,0.780514484537953,1.70219362169099,3.23397630115857,2.98550109134853,1.47408361144332,3.10166256817478
1.71659576625623,-0.977894462053843,0.164051856479873,0.911724217819479,2.12720776355961,2.08072430817464,2.30664573450978,1.36124509555655,0.570423541025082,0.33794432710412
-0.613664384056179,-0.407037559009802,-0.407068704637322,-0.278283785499051,1.7214703899175,0.898669120270586,-1.36544130608267,-0.44652264020681,-0.287958133084393,-1.01386670947015
2.00244416640843,1.61716982146931,1.69749275225829,0.366710239963687,0.659842871697648,2.01718324218743,2.0059863002877,-0.754776837856086,1.53616358581712,1.10720975743839
0.0661523627247604,2.27264226914273,0.635007493963453,1.512871336997,3.09224897078159,1.44952119440355,2.53122427969909,1.86927503500405,4.22587319214944,1.50760371863555
2.16175426715195,2.87115347582915,2.91901939040421,2.58302242506764,3.06342873411322,1.55930628981376,3.39507167374489,2.82543789953779,2.94527670945798,4.21110939232065
1.21377467733902,1.30908197649046,1.06465111146752,-0.310107185508115,-0.317527108470657,0.885817499727618,2.10146621859049,2.56345838594857,1.32083822230052,0.56218140590455
0.457764497054431,0.407913905003184,-0.940147903927236,2.55013535796905,-0.33779079120581,0.242015293583979,1.32696536504278,-1.69532121156601,0.617968655539709,-1.12841337088719
-1.51974523586284,-0.674342277494946,-0.420682788181801,0.152051546084967,-0.689047842181188,-0.0989911647103797,0.653266195554556,-0.919544685389378,1.25805863343268,0.190068095742793
-0.647490362719374,1.68120684677817,1.15366356782208,1.36561664422391,1.64573805811432,0.734616486138999,0.0191710240150824,1.23258039304607,1.99611471822479,0.541413157970586
0.760681191231884,0.665484700604311,0.109533821581201,0.18729978596105,-0.10313223108657,2.48325241643473,0.58017197803032,1.70016561942279,1.61642688080558,0.481342773459654
1.57231660708428,0.244265955716335,0.855009002894057,-0.0076867190573473,1.88081586331338,1.88807345390394,1.50298550182338,1.23891408339207,0.967544285955903,1.79229212230372
0.429886192345607,0.222838467466464,2.40475906400078,2.51270353124163,2.58456257521423,2.26332520111214,1.19616180655611,0.833249006347436,3.78626055725592,1.31212014446674
1.57156956058159,0.520207342158196,2.39804513698896,1.94174869403452,2.95375935763705,0.698557392661945,-0.247731147101351,0.571579735007591,1.23711410662998,2.26615487149115
0.445687843288109,0.32476462433163,0.150287087155031,1.05784957370629,3.12828024307284,1.41235308914424,0.988609761406445,0.675606450713363,1.330811268565,2.04001131106543
2.32976671908142,1.1298934497902,1.59192433380641,-0.512198990432869,0.46031941990084,0.790042672362991,0.548891793795435,1.36357486892589,1.10044464077618,0.459700891200931
0.36748865708775,3.86056405146352,1.10401127669247,3.1934773867805,1.84273341978177,2.41717148257522,2.40612255261669,0.447653266329646,-0.351043037873636,2.77807622736125
1.308684882198,1.30096922254711,1.27904594283911,0.621967921981617,1.21716581411198,0.589347388466343,2.51089261297956,1.92642067244811,2.59494148277946,3.49825908124627
0.832918720449038,0.208445800297741,0.29498273550101,0.582991428171534,1.71078904078774,0.698576689230733,1.30515965381292,1.41600203410021,1.2738239368105,0.608239316695725
0.0414956051857138,1.40419873442334,-0.0843416612639627,1.502837607931,-0.221549180454112,1.50247707460181,0.310263385228866,-0.303820282446636,0.570214601969979,3.80936236224148
0.27109422422988,0.801602977657402,0.672238241275179,0.579923123260474,-0.0379792484592595,-0.10703814846759,-0.29532888784865,0.36117990807233,-2.24434646462694,-0.720626411382584
3.02721881148949,2.28480140605944,1.47324057438358,2.75925567849006,2.41292790802664,1.23040898009754,2.34593274765554,1.38388442811661,2.50558652222336,4.37164332302318
1.87583720033074,0.945036079078447,1.63976540846058,1.67970837091388,1.20772415329204,1.76300823875247,2.27116181174653,0.852823107784423,2.79967419041977,2.4081952300748
0.684021231694004,1.31273203890893,2.80383727537257,3.04211883775738,1.82830538292834,3.34535537869413,1.50975211816925,0.963575242315028,1.60363118376182,2.07922788877785
-0.492976921834205,1.53951637601956,0.262931936996305,0.616973026141863,0.860806618602021,-0.310842234067589,1.66214323883651,-0.0966025061494829,-0.471426581274286,0.79883033059663
4.16957318428345,3.32506916774083,1.56918692400479,4.19428495121525,2.40796229681015,2.28338480110992,3.15465475963202,3.93958983047563,4.36606546805252,1.87244792081948
1.38996902898264,0.851341667072336,1.37961277947565,0.149968340758911,1.29361728999139,-1.60238886927353,0.382210482465548,0.36568475118769,2.07887408888605,1.41383457707102
1.41364714340354,0.914640172491626,0.841028307379382,1.25111378567344,-0.245664230279531,0.164612380093025,1.4312138045012,0.246360241002305,1.78638123517744,1.24894752902607
1.05842927594093,-0.207712241234342,0.95126218067313,1.21216402740652,1.46747136206097,0.964811809192784,1.71534407121539,-0.469158419922663,2.56352156664642,1.33632000886096
0.407418301991135,0.933401859760065,2.90915280829159,0.767695181204791,0.254500177014167,1.33616135347456,0.120292028309811,0.52954056269244,1.69958450259498,-0.558824755126547
0.839113119356531,0.77518364110794,0.80752300414786,1.7885294149735,0.26765885320893,2.34807716930516,1.04592352559918,2.77256823112838,0.328166604348874,1.60509832004023
0.802188353835368,-1.3657439034233,-0.372292948951906,-0.566334979229648,-1.16090079916208,-0.372993772916218,0.252395656273346,0.450071517172027,-0.18631186227443,-0.172504788714978
2.04780543910858,2.77853815760547,1.30821862170438,2.04370479999144,3.09075954955447,1.30791602644363,1.60072033110065,3.25417465445679,-0.223269768761013,1.5036918017125
1.18326322428771,2.10022597041733,0.770862255374664,0.538918112329112,1.01576793122926,2.47105580684253,1.48966581832229,2.22634726948409,1.37759733560589,-0.780274631198898
3.73178483312278,2.06456646013452,1.9350834323841,4.82407284392312,2.19419714567813,3.45483387375428,3.89115111888338,3.10306610744742,2.25863497744348,3.43175598904907
-1.27096144540297,-0.141690456211843,0.401819407875745,-0.568870970507131,0.577779741135388,-1.04191303465265,0.837693094563271,0.918544205147145,-0.150997075929702,0.150426169375464
2.95954481985953,2.79383087642484,0.376594343828887,4.27827079044241,1.2285405731409,1.14295107959863,2.04960482460078,2.49876646273517,1.00626073347126,3.14707737006978
1.27160918999997,1.26895513395782,0.594396329614083,1.92670344516182,1.13093160805998,2.02076664195928,1.99895847263232,2.4193338705334,1.84899581385098,0.816946318480511
2.23751162004577,0.195457295519153,1.86214213414974,2.29263109748527,0.952870829231858,2.45587500491964,0.251649572300487,1.64652605760104,0.529403121728747,1.66077653952659
-1.33716306467541,-0.407049342248518,0.481834879274989,0.288862307892136,0.530492819109978,-0.254218653345097,0.898258112562026,-1.2254131465028,-0.797602774897772,0.24595616049039
0.266072598593671,1.34538128950277,1.50227963523654,0.625587567190336,1.02938229680385,0.88605671892745,1.16592789049149,0.744876156418427,1.90842420895734,0.894611272861401
2.81621938025431,1.36887476188976,1.48392575923672,1.38377489478307,1.92353632994088,2.45290531443029,1.33007385214457,3.79513616168769,0.915430030930365,3.58089901627917
1.98648185699611,1.48834091484149,1.74733822372324,2.11600891655146,4.82030705601561,1.56576112909191,1.5355737092372,3.20344187713161,0.590704567527407,2.80550295703266
2.23833107851617,2.37919666944264,0.723173764751849,1.2759370776448,1.60367308575706,0.986073110998695,0.484576741054699,0.042621265934854,0.0545895104367518,1.20576994110498
2.18328477530539,-0.139812008161375,0.0256563426478176,0.248188135213482,-0.60946455218066,1.54797857249416,2.80885821504526,0.620262276606007,1.56103438479648,-0.772833868328414
1.8982822746135,1.86063372390249,3.69259178052288,0.59695586590118,2.13654066133941,2.10627326812096,-0.299090632343097,3.11598977123032,1.36932161239407,2.9538392851967
3.1602484635025,1.19365683124138,0.827281771714845,0.854439652819555,2.7951819977769,4.40378808441385,3.14934662931909,2.50452779170748,0.610486671456356,3.0878611253509
1.64245321666455,1.28520945201746,2.38032552643353,2.33640104552579,-0.00827724592258061,3.35206863819471,2.62794796469678,1.11935935949261,2.94201600811797,1.53033506024408
-0.136605287784824,1.02416030247589,2.41337369923981,0.408292068573301,-1.0445072404061,1.50476149942088,-0.24385769712331,1.33470123851312,0.949500834697121,1.11900859283885
3.1151759883222,3.57838438604328,1.44137399556328,1.05344264684436,1.31241522971609,1.16910760784555,0.936509193950649,2.0112004454537,0.793615188147665,0.159880616841436
2.12053485839574,-0.237220994949718,0.632636179815955,1.34594848647002,3.29379736206135,1.93726801301691,0.909846437634228,2.25304154126634,1.25442563561417,0.0253349424407294
0.608109233761585,2.66992053555204,-0.093046746914893,0.994633284611704,0.5191963659265,-0.0109628545402543,2.06932476817544,1.49936840989127,2.19640887587147,1.00044272227616
0.558891887915193,2.2257506049742,1.42467310162478,0.0605417650175715,2.11984890386915,0.992381581330059,2.86903881322857,0.85642360092682,2.05461885032323,1.16016024957154
0.690856712732342,2.05439206968466,2.18453131055078,1.62276563305968,3.096466922882,2.72331376219402,1.63433270438756,2.04344421468934,1.98702857107615,2.24959185549693
3.92229183441965,1.47420775637313,1.90426068620288,2.6778485279337,1.39024543285866,0.722020361744314,3.32782543643549,1.29558562646868,2.73062941867723,2.02886480427845
2.71077566860509,2.41769838269414,1.94634983867611,2.33840891894319,1.51636764534895,4.15017404449525,3.58882686046077,1.91176005268668,2.98113957326537,1.93354159893308
0.315236822005466,1.284080784414,1.27162728634621,-0.15897985664801,1.36950926740744,1.34619799051235,1.13293395514794,0.188740982476579,1.16160474862741,0.692881532278567
1.35938447109354,2.0376124215304,2.22786152162432,2.38786751518544,2.21363255530627,2.96519937291754,1.91243760864633,3.36150346602762,4.11138252938022,2.11819227027913
1.169125758489,0.507986427558516,-0.175475181805385,1.50753697550971,1.05641839545214,-0.306842882635101,-0.202811022091296,2.51394422666677,2.46365172903739,1.58595010220516
0.300440068242748,2.84576656948845,2.81319292217601,2.75059624921968,1.38421749521805,2.42308747727965,3.42598440124108,0.114275993480396,0.496652992242852,1.25813830587127
1.75983255116394,1.16953384368904,1.5347560117908,1.37027957067701,0.301948691227492,2.5392993803076,2.42945783739333,3.36089600631466,3.13634045367873,3.52333573502769
3.89875520721227,2.97068960256083,2.1890030528799,1.72375316527248,0.479104136683811,2.23134067792337,2.07558193792178,3.54907811596941,0.11051200743967,2.06553521061256
2.1818738785381,0.98095332729559,1.00226362199329,2.36938110804153,0.786352231547323,-0.281743431463722,0.947790586968864,2.15000921160592,3.13390292432804,1.20499381264785
0.0920794885353491,0.752907015634571,2.80302593132651,4.71733959493956,2.38459073612445,2.91246390425725,2.53064017085152,1.2478500961605,2.33942751314625,2.47293996421297
2.61839478281246,1.78517413988952,1.40909043653649,0.861461671825587,1.96452686180166,-0.154030672404454,1.19555729334543,3.09668364736959,0.954812648387114,3.42147250706358
1.3612773260878,1.23716875802289,2.03206608937337,3.22761042584198,2.56471230011037,3.18118630248991,2.44313234944483,1.24000244172169,1.29432766446329,1.81063736021532
1.28666402397981,0.196172419315518,-1.30851417034939,-0.268173383299705,0.305150238685869,0.359641278276684,-0.28940744971503,-0.851444059949264,0.799238658668048,-0.706803025915624
2.80857802448798,2.04310469414638,0.38763971425202,3.39482842927866,2.33397580928837,1.24378855390711,1.91981280100791,2.81165945927837,2.37894838989849,2.15519588052428
0.829920283154436,-0.081362506874158,-0.398828837931445,2.16507617155646,-2.97001423201804,-0.580266481119867,-0.100813387465092,0.284867076719675,1.36394842885304,0.55856862839788
0.497495675087178,0.634235505079821,1.81387772267736,1.21223281362402,0.562547254927519,0.00743307127244475,1.55354307810454,2.19960303191915,1.05840712206211,-1.86507197149009
0.899486955244911,1.03350276129535,-1.33294358548254,-1.08215809456379,-0.569626970611351,-0.746159914972823,-0.512248309940731,-0.540537986475945,-1.00978607250605,-0.172739061052026
1.1634421155406,0.0234579094508183,2.26216114798001,2.22110838742731,2.14558102919267,1.1176335212848,1.24168959652321,0.580469123718489,-0.307865348892274,-0.349721664388332
2.02297690060489,1.26180882764514,0.480324805051384,1.70155861016583,0.396199907332947,1.72168009811056,-0.0750822315116191,2.57165768015842,1.02585229495725,-0.0459711263349074
3.72303411303582,2.53562448154963,3.04052021023656,3.26367704704683,2.50703869046881,3.30565013915987,3.45700855466016,3.31162626765908,1.80881026712675,4.11206421645426
-0.531172238250692,0.0109941157024137,0.514605899215098,2.03017365806542,1.55019401873198,0.954490403998363,-0.0177488152370811,0.6021331365907,-0.316971210459934,0.934545973520008
2.28309695293568,3.57338540051565,1.63339894824532,1.33217089073958,1.977043646446,2.33854015001824,2.26222828902861,3.50199079517749,3.70038396147355,3.09925723823177
0.956995560205941,2.20621489116211,-0.49952614304028,0.980910388329361,0.359380760252395,1.51434782484058,1.28504925027314,1.60436384634186,1.05194367254925,-0.329235028185738
2.30034857054476,2.77547099069819,2.69828215566682,2.55382229095555,3.15582598367349,2.39971935665604,4.98878187694751,3.14805257774402,4.0489532405654,3.32542303810006
0.787385018895959,0.555514836315483,2.52134036322087,1.65321592874196,2.26472795127855,-1.66847261129277,0.679449650939094,-0.666406478612269,1.64478708041166,0.611159242328393
3.22079548413277,1.87150974442463,2.9990624021709,1.33773144544878,4.56537772651616,3.45897653272375,0.601037907977536,2.91636892398019,3.09434907144706,1.5485658936951
0.41834904052877,1.55951168178453,0.206568149528616,2.35857898993052,2.3012391962533,2.45741899837677,1.40587044411733,0.947171828284474,1.43930862367996,2.18518548583846
2.31856430178662,0.862402008275482,3.38136580391149,3.55590005469171,3.10541971849876,4.58245594095832,3.47194604688369,2.2986384093986,3.13607331433074,3.70218368590543
1.75446863417457,2.24583093291258,-0.762977797706134,2.73785389214057,2.00869384985538,2.67515647250962,2.98854339081865,3.14078415517782,1.77615174306537,3.0880808692031
1.67425598989582,2.00770675707651,3.74532082109732,1.29627343319661,1.91705947307262,1.73445449378966,3.1119575696722,1.00370389938297,2.16549811099094,3.69897772782328
1.44554885490459,-1.29151756657042,1.18113781034677,0.164412693023132,1.57899584750395,1.36211593970158,0.330565331463107,1.32332528983369,0.555829773673744,0.899688400056933
1.45727882588231,4.41484654878516,3.51037166777557,2.79624938099701,3.94719457392782,1.3876100155765,3.16691041544578,0.749069012926089,2.96851609150341,3.14902029611785
-0.813842485681994,2.16902818441689,-0.237567538337395,-0.275125416074451,1.24541052552025,0.692145191033716,0.0958859977842513,1.94819086941039,-0.168627076227988,0.0900208866155747
0.0796049279732551,-1.97547822576163,-0.675960375397584,-0.117799795361848,-0.755705290800393,-0.49275757797505,0.667643454376716,0.758080393208571,-1.21930135659438,0.558465727832627
2.40485917148197,1.18334500261604,2.66850664452733,0.576039323398976,3.91520209931464,3.53209118697722,3.97914303359158,2.67968647411263,2.30512166982037,2.54252408842229
3.87714189536623,1.63589251352718,2.61486651662342,0.851838936929215,2.65904121473766,3.7343793886481,3.41918739221503,4.28795979465508,0.613088706492097,2.56699021970916
2.16109498092993,4.49495567444312,0.32537589753663,-0.448004954950443,1.55327245134856,1.28910037030022,0.95796721713823,0.941902086921068,1.76500445968216,0.598178480067491
0.430293268204442,-0.3221196292133,0.82260551315479,2.10621340720455,2.49800351709058,0.360556589809861,1.46051572362671,1.32181200141388,0.0658596093387086,1.09338237361316
1.52917937150435,0.147492847386956,1.43301230833565,1.42512572772491,1.75272983760413,1.00087854645497,0.848842101459117,0.474675400939146,1.33740687052559,-0.111953148051805
0.63668021663696,0.020934293999628,1.51634559739863,0.921008965652148,0.559936534187481,-0.576037845075861,1.57252560773404,1.45375887194731,1.37163632511544,0.801102181254753
1.66642136625486,0.641137565846329,1.12963203737977,1.10356192611638,0.607546742957036,2.81897970528932,2.46009366163882,2.29175485367513,2.97092670585742,1.16905725250537
0.519217085372612,2.42946802616764,1.9474140522266,3.39703647826489,2.7095103077843,3.42425428434117,-0.074768026251026,2.58887011719275,1.58724422097513,2.54552964735429
3.41579097916184,3.54295969406313,4.05850502732975,2.64847397211734,3.11579392443462,4.02567990289235,2.87125756045861,2.73677035646131,4.10926569018048,3.84302671004677
1.4405380276405,2.46416265267784,3.22607522358849,3.22401559874355,2.67460367454467,2.9823605817556,1.41803328824754,4.23153744459682,1.49700143161005,2.71548683643362
2.90277117377595,1.96925965468242,1.95854023949935,2.83401201179167,2.8381078451386,3.31979476367005,3.43598998604115,3.18735411013938,4.32998657907921,3.40492175405869
-0.579405240603612,0.692183878943353,2.76960353221566,2.90753850360433,1.46459144205948,0.10801660798382,-0.194895855589623,1.20439328700679,2.50201334829097,0.942029294543878
1.48036312322219,1.85564250812277,2.423660982869,1.25099819010336,2.15087053440011,1.25876711824397,0.815081129412337,3.32455784854631,2.124035203437,1.61796688453265
3.98547884850935,2.4940642683021,2.18171221017385,1.68090434200151,0.690752425313601,2.74197822190456,2.17352015113765,2.03474600374235,4.15792235414085,4.29867426009035
2.80933643126953,0.955695730028826,2.14804908244445,1.7343517478368,1.00391652800274,2.68732645893876,2.40601979035181,1.14038804343723,1.03848918583593,1.9635191528249
2.2637375646907,1.673920936214,-0.108609332617436,0.607468942219993,1.13047798958304,3.08872406974205,1.55083407437765,2.42468479791307,1.81225991412348,0.912738359303246
0.88829141775798,2.79321698296955,0.932404504501227,1.60454221692558,3.21402041448235,0.591959627995249,2.84125887133673,0.781444777819002,3.05228606344386,-0.151245006382815
2.26047977776714,1.92736240474188,1.76755392715717,1.58451137208364,2.50292853654783,2.23464248714617,2.0190674161447,1.69606600248461,1.54087248678728,1.97405809606314
2.130722102922,1.39397407418428,2.08170927759196,2.62786167442534,1.37193990800965,3.08269323391661,2.45053810679844,1.77020625151987,2.64303650726999,2.63236240534863
1.31261314885964,4.05958933249489,2.83474135927467,3.19970563389518,2.52001010615333,2.55251258883391,0.434973969286502,1.98001321335735,1.68968431306175,2.32610590638205
2.8080968702473,1.36889519926189,0.360962836380333,1.69815408254991,0.57664231930291,-0.234490375540881,1.95212489977977,2.2584745574124,0.987373214984175,1.562491713191
1.76275923744588,2.79681645312939,1.56851874197908,1.35038166716456,2.10426237993158,0.459417697504876,1.68030710242256,2.68832800558682,2.0816183567118,2.08304733207549
-0.767924511739006,-0.213442555096952,1.5221361794237,0.111924639807432,0.744369119639839,0.531868957231127,0.0317059015689519,-1.24520971470618,-0.80879064101487,0.995602446572697
0.101276327906233,-0.140981454725837,0.803567300115635,-0.191364921347204,-1.30343493346808,0.200394132098813,0.336985396970969,0.146006859304752,0.951650035031814,0.341630251782815
1.3108469980047,-0.179588574254318,-0.611717718835768,0.628005977808807,1.66707159299821,0.935156922107414,1.300529358919,2.30744274054646,1.65242295374298,0.0957799916945393
1.49477776666538,0.131045237659588,0.979008485240688,1.20044982713153,-0.673484102087169,0.765976116354267,1.6111620586438,1.69444928628359,2.66238902023715,-0.204717267962461
1.06416186960792,1.37733941128334,2.79698387471125,2.89985290163741,0.392040021028089,1.27782797383655,2.24610012722334,0.811447720983108,-0.282614870892382,0.423826067749037
0.468053085896633,-0.495966670535473,0.831719719102154,1.70771131502516,1.61127757119722,0.865670238095087,2.42238591982962,-0.64031793744411,1.92781357268422,-0.316279796294358
0.968821755644802,2.45581318923351,2.75539147031549,2.73259574436747,1.88272946670937,2.29192974983691,2.11743232738229,1.30554738252836,0.583562502028011,0.782140467445212
2.11028337676176,3.5987722076107,3.45195794285021,2.03469786639484,2.16153867824703,3.06846068084164,2.17576512712601,3.28849820138979,3.36105814401534,2.32371973962296
0.0504059865568183,2.1225599966891,2.83109882226016,3.48756318604206,2.08619457056609,1.26221307388946,2.63597013157796,2.58746517278177,1.74970129981518,0.664765063765144
2.63717390336972,0.486057460246311,2.64835303700352,2.48853402890834,0.942326938457685,3.2709054499933,2.04522381862655,-0.0696718561053142,2.23092041509371,2.04672874116988
2.96607439581272,4.03416036444433,4.95873672795788,3.19688728314652,2.22629182673841,3.17052933380751,4.62311793715466,3.77601805529084,4.10217991622136,2.70487068359206
2.61569475722042,2.36794785466596,1.02256629063259,2.45815841640078,1.37329557486064,1.55551931847923,2.38858829850024,0.220219099849317,-0.344484877572613,2.62251168695253
1.90916367192953,1.48347285214897,2.5869979131906,3.35455111517914,3.46322824484207,1.00983615138173,2.08956007496162,1.87010033449248,0.0516949831673332,2.29465691316609
1.46416586994055,1.53366864239912,1.03804663708889,-1.40155398819838,2.1400383704918,0.940698394161744,0.72597568180311,-0.081536655098438,1.24789746461012,1.12475978486177
1.78573125165448,-0.910343408344234,0.0759833172263279,1.72162989105922,-0.0254574476233296,1.99801206381675,1.97441425447003,0.993196694388157,2.36686216164854,1.32432341450876
1.86851523393815,0.877546383326535,0.769370056031801,0.558186396946583,1.01369713675548,2.69608742738975,3.02755480147732,1.52670274419498,1.45723638757302,2.01308749965887
2.13019676971894,3.75677440167212,2.24384735989374,3.8784794859998,2.10526971093801,2.15414424586442,2.33663081207435,1.45589447653077,1.33928532988182,1.46970672678681
-0.777640037171774,2.43333215907183,1.00425139243816,2.48468451710035,1.42441280605084,1.33546128995359,-0.16981778722982,-0.307881247478355,0.417663588131388,2.00179233609503
1.63289763780285,1.80660566622275,2.44628478950561,2.02664884357608,2.58972465331006,1.50818109942233,2.96046995394125,1.5825474517401,3.05506789765257,1.86223745594724
2.37733317312154,1.85066287541842,1.3977078193621,1.28993555989976,1.40792451106958,-0.0952097437158641,2.93225265503759,1.97014485867082,1.79671851835116,2.54530000498192
3.83831115422675,0.536544910158334,1.97868857666288,2.20835087930082,1.73924574908954,1.67748832141157,1.60396589773955,2.56554032369283,1.96990219761421,1.3173601875545
3.91008970537401,2.11642180011714,2.36825114818204,0.892823135658296,1.47517182948835,1.71608701959232,0.73763505576417,0.865351984749778,2.56629383152333,3.121461131509
2.82410992954149,1.17282336270166,1.06526703358828,2.51522548110688,2.208699485073,1.09076332249741,2.65765325562246,2.77959241948483,2.83739875262137,3.75375292062459
2.05606016558614,-0.402701119706756,3.11269010575056,1.4871229425505,0.452358863155067,0.631365581150653,2.27169058941067,-0.275719571864185,0.582591287426472,2.35433954778575
0.630414992720536,0.0721812881322133,-2.28823179596149,1.06235309239146,0.0717019774391988,-0.542906896018502,0.46330562488739,-0.450967004909731,-0.809167171761839,-0.279582575703834
0.581879727066875,1.41200102309508,2.06802137445068,2.01828716703025,0.938523896710391,2.03268922249004,0.44719619869541,1.31130821292745,0.415621562072947,0.530500194323415
0.570230853297357,2.67019419712534,1.19856084623588,0.544276094665049,1.76579026974512,0.840131351469034,0.941107223308213,0.45467997249161,2.03407092771264,2.0112591873123
2.77075060154013,-0.239724682030759,3.45207446575109,1.53792139722201,2.4406410819472,2.10429259625777,0.747984056602507,1.36125130718844,3.87932621590017,0.364474685415007
1.96814113603672,1.51497433465475,3.11196085311326,2.85213378564467,1.46331665244174,2.40034475815829,1.22583322981983,2.1423240138595,1.75098470913748,2.15180130800077
1.20750087495307,2.64909586046518,1.20984740404055,3.93539102243701,1.63218104083685,1.85210716574265,3.97048449473585,2.61052762880016,1.01838214767404,0.959458355895964
3.70987838986957,1.08987758179877,2.54340164136098,2.22589430791557,0.725034070805638,2.9257185812858,2.88429761497634,0.799348760145634,3.33122370151122,-0.0500952358933469
1.39815825457535,1.82593729117549,3.57400165675581,2.00010138605843,2.52122970498509,1.90532879931206,0.0375359132136617,1.28516296952515,1.96051866594672,1.80551241921489
0.723783991710206,1.63586940636383,2.2775003150177,1.72998534918071,1.56147013500524,0.187414843961307,2.26304114412261,1.7945833998607,2.43059507536201,2.81298135899389
3.64034712168677,0.802382071395326,3.40201951223675,1.95356735110962,3.23456621475201,2.19523049073497,0.464391093260827,1.78923313712452,1.89009736242759,1.80088166686166
0.636137659234836,3.65490270480387,3.3269882562104,2.19358370705625,3.31086953999042,2.59564327247802,5.0561690869393,2.45059537940717,2.37628473294338,0.238936915357143
1.95577456399059,-0.573065021839845,1.06826630815461,0.684571766958499,1.54794572076021,3.03647654347966,1.40133360960316,1.72121358854409,0.895721821136664,1.91361726150433
1.50747515915044,3.09238359749209,1.14768716082648,0.878386129100463,2.21447708054699,2.12746950247905,1.82995715742085,3.00402384320558,0.89577912621052,1.35065896448387
0.84205431489035,1.38147411372083,2.52245721297026,1.72947024827591,2.03049230060012,1.72194534319283,1.76753650482046,2.90534065170145,2.40160218050869,1.39364072409509
1.22363380610243,1.30461395180095,1.90346055448048,3.90548369127799,1.34851877893012,2.28772913354525,2.25299137226597,0.841366468229774,2.33761779674829,1.65858692851904
1.10420312105334,3.76237500710911,0.0412167852018868,2.97757573901355,2.49148398592217,2.27421282265611,2.00814209070778,2.89442721694826,1.623303772988,1.07872488369136
2.34190292564937,3.52033671775316,3.03029374942488,3.1895061596625,3.75792244845686,2.51532375823224,3.62604527739716,2.47572127498341,2.90921450534435,1.66760370660914
1.01255984278551,0.769434133239623,-0.0568533189596874,3.20521100992593,2.07859461744125,0.689907714480556,2.22841084419943,2.66170261795748,2.29341046431746,0.778493788102864
2.43481342529621,0.316311846265772,1.02624732447858,2.68876993435115,1.94169384858448,2.17839035774133,1.80688323774469,3.34888353597578,1.72757647889311,1.34702162374308
2.07443939296962,2.33322542273093,2.2609923736438,2.73582848033337,0.305546529110603,3.97141459542572,2.49546689444989,2.2938551033719,1.58151019969208,2.82042246398519
-0.41509194113671,1.32661170324502,-0.564566658846237,-0.758097982302153,-1.81957388101102,0.161424920933364,0.617679369702918,0.896468726586612,0.0321435869357882,3.12736696779524
3.19426791344494,0.602592057942792,1.30963577184602,0.885510517423067,0.747153302192433,0.895427772692038,1.17033297811959,0.662806060012552,-0.464711130658308,1.00181474912633
0.940642051406004,0.469446230326459,-0.0200533179667739,2.34853098277419,1.48293773096996,0.946429752102562,1.5949488181468,1.28002439979201,1.28861563999998,1.31858725211695
3.43142073589736,2.57306312519546,4.72741582951895,2.18212897436274,2.56010989320547,1.34996467721631,2.71243299326098,2.5882177744003,2.72398831816417,2.91321351864293
0.109173842581102,-1.1392766173442,1.17581822299923,-0.110525276752129,-1.73103788943813,1.20365612142903,2.12204724381649,-1.7032171136734,-0.867045075739563,0.353469124506591
1.33930635580079,1.69154997402141,1.12658530921657,1.59988106873856,3.2861731132537,1.32051292440428,2.45682129091699,1.26517860897931,-0.548822501751292,2.87078865523749
-0.2382247566747,-0.300073944629975,-0.140062969372551,1.43626421859453,1.49029470549104,-1.31346330089206,-0.0133306501922995,-1.34676264324158,-1.28880470679928,-0.0479723020550073
-1.06305607293699,-0.116292596770694,-0.814401278219607,0.436843324489977,-0.919997079894132,1.76126525649455,1.35208091481855,-1.57028775941874,-1.70456204260799,1.63468423048802
2.52462582305066,1.41182896643323,1.19010658560188,1.25538477913806,1.46063573131868,2.68192152793492,1.51029400984718,2.98894609718803,4.04425348374287,1.84974478039901
1.6660580755375,0.291511601405905,1.60903185663971,2.33775477398306,1.00633280729115,1.12329960020282,0.170704088924439,0.733430596552798,1.43095899991327,1.04776981114547
2.435260747501,1.96678557146876,-0.0942636565973713,1.31573319127701,-0.106597210243002,1.54782865024784,1.01254341887568,1.93607045439721,-0.252328912730088,3.02130706803522
1.24144976093907,1.36019731918769,1.07657354256707,1.38216118134094,2.61122708958352,-0.134160687408614,1.36283032560878,2.07867184543615,1.79911990504811,2.28733440138002
-0.466684192127141,1.68229327343402,1.51780314422386,1.11287183155303,2.21133838268714,0.769637580816409,0.646874648018515,1.48928697227295,1.60368990457487,0.454617404386347
1.84842941259832,1.98401192504119,3.40853555721989,3.0751350675928,0.585076447427194,2.30554544143736,1.21746773664093,2.67336369998592,0.640816708696882,3.0397157867498
1.62712951146643,3.83794330271733,3.70027769306319,3.47062481593132,2.24603774002265,1.49208596273769,1.50622978066514,1.27547945976958,3.13249698199464,3.03122014481331
-0.596373526076925,0.470486925879553,1.2623865120047,-2.28279710021372,0.157714678567713,-0.622263363564156,0.747654367760603,-2.05913662365293,1.81515074768461,-0.463991705647406
0.404660344057905,-1.72718767742935,-0.269802293793156,1.57808812160265,-0.422311651569428,-1.03580293780242,-2.37424130997344,0.163156194224878,0.515327030065542,2.10175113089623
1.3395902171133,1.30735178994361,0.993420669344834,2.41562920940895,0.171449765272903,0.0894782395244782,-0.411377807241009,0.682122839809171,2.62772177988165,0.20040776604226
0.772261104194812,0.259929055506848,0.486810931180855,3.68418205220793,2.17721790192029,2.34421949899823,4.21338638124797,1.7832929883397,2.61134062597055,3.3536208403338
-0.0944206353518025,-0.13713794527518,0.973307290665795,-0.323146148256402,0.0346966379586725,2.21490068631008,-0.22745470624841,0.178270062535644,-1.3539394448924,1.60389641862235
0.662764392805134,2.05356106172076,1.60213926604052,0.594461651483484,0.881452765855571,0.555637054050509,1.59558941008989,1.76825474718628,0.560849625954785,2.15313956564033
1.58206231963699,2.71800393093956,3.44944499422656,3.24467677813886,0.486418170995607,0.210648220562318,3.26377160404855,1.72294564156457,1.53855640250134,1.92928749538415
0.527420106390576,-0.106124251299509,0.387728269003025,2.17755819518847,-0.490549853079938,1.10749886349607,-1.87782567108286,0.961299585593427,-1.26854115270073,0.239148262995381
2.51108192400447,2.76194548237053,3.51351642301364,3.89945764950068,1.92911717931265,2.41227154495583,2.50909326945722,2.15514081399178,3.374485970625,3.68520055552496
1.65903173289118,3.61978525313396,2.76744463135236,3.07232621107316,1.12946714005065,2.84072975378349,1.85061208124614,2.58044008141423,1.40086726417681,1.15356704099397
0.358105358564966,2.00894199851647,-0.347718295476037,2.23387735636288,1.80631063661367,2.74690424297548,2.21473368362248,-0.167255855917377,0.635535121830041,1.75956222792643
2.09410095761254,3.51820372508564,2.68148634435543,3.61207081689459,1.64231732502267,1.38539442881594,3.1660860944601,3.08470358936003,3.42755150167402,2.44079311278361
0.425493889470339,2.1835540401946,2.10230883134802,0.21826055819517,1.39793455370698,-0.237545231173179,2.27576685147173,1.07673804902277,0.744950255670609,0.401219784688597
1.08365266346282,1.74185761380236,1.22644714320538,1.30877165769877,1.43567357452213,0.23487418490744,1.16336175997169,-0.8335084080871,-0.663148497446294,-0.0813628693367516
1.05346689400509,1.74728386429338,2.36432462659807,2.59709354499826,2.32697933654119,2.68741475341026,2.13417717880604,1.65751196617474,1.97975814604455,3.07226839296458
2.49787626788061,0.0272669936494181,1.64229706667461,3.31875152782202,3.03644161755836,2.02733245120732,0.237197098690771,2.15602616773425,3.34725320085986,2.58319299808017
2.87186344008162,0.558445480278821,1.70444046261919,2.47645056564102,3.22489520385893,2.13343762771217,4.46607560457749,3.01563090887567,4.14461057216158,1.31610317644948
0.782472464679588,2.20155455520969,1.43027069219749,0.604220189133909,-0.722249669376201,1.25467875032828,-1.69683766920643,1.03400240826912,3.25630986196472,0.0381203403517488
1.03111506620652,2.24254175321372,1.30867647713768,1.9533720147523,2.31011109238403,2.09303268431955,2.36883072687383,1.09727540323719,1.79075997792524,2.24127847614773
3.40041394281444,-0.159881849831158,2.25075991916059,0.625609590539208,2.00124209628177,1.37848278636287,1.87469216502109,0.545735849142682,0.154847715843358,-0.642878005633107
1.85048672266534,1.49164611213179,1.57733082191346,2.90460100400101,2.65537850847573,-0.460592534104313,3.45515902926753,2.14289500268754,3.24912704944518,1.57944487736349
1.00414191373416,0.710240004626369,2.47774894648363,2.00845396944805,3.17239337870024,1.42419398467928,1.44374110195609,2.60859749106428,2.72137057045196,2.4181999176543
4.00185780719432,1.50120707608419,3.73972968559052,1.3715044449683,1.56241598448355,4.28685614784426,4.28314315826914,2.30733316552545,0.565177304251572,3.00495868838944
1.29828229479779,2.02817498797355,3.76958379914615,1.91259434091294,2.60924841867948,3.27139915743297,1.45109737890478,1.67938654604718,2.81542398974184,1.53760424547208
3.61393502524868,1.8165239034263,1.58055428622104,2.49199000681739,2.25090520735744,4.00774709626277,4.32375748128837,1.25414501623089,3.1987560652485,2.82711445565497
2.84516323872019,1.59708693776547,0.886751123397749,2.13840285738393,1.13450490802801,3.23944435882793,2.57770682976089,1.85024723526611,3.84052022489929,1.55457082304716
1.99078355752273,0.169896965267961,2.00182479462395,1.28367867642747,1.36072103072037,1.23219509642975,1.09086304988595,1.85587010426331,1.33756419270658,0.378222872681294
-0.0682789489006921,2.07419216697115,0.408412305510839,2.18683128132601,-0.236352684588398,2.65764081161101,1.27867774525707,-0.530503385144904,0.148627629349792,1.2375283990227
0.312384247963596,0.997934998489811,1.98053275014462,0.389466187474427,0.178997855831037,0.466517933092589,1.39939168359478,-0.13784452746352,1.26522214186243,2.20141296822574
-1.68557742301114,-2.62985495848817,-0.797004034715119,0.70792654811339,0.698716490394784,-0.755538392570225,0.0575503205853268,0.388840556148193,-0.659208453135523,0.405035896016946
2.93894556719017,2.90763978269427,0.53520724923986,0.119257120661348,0.335452523372407,0.796015365959016,1.63285713509844,1.40842129522886,0.778848483590914,0.300569348784545
2.57814703144192,0.651768257234574,2.93141516721992,1.84109926231404,1.88757461602466,1.66855809526894,2.55570305501782,3.25181418129536,1.96089991455453,2.92582938946086
-0.245284008196413,0.171141433076926,-0.760369481916008,-0.598377292049165,-0.709860143955938,-0.844981849936236,-2.61933974881619,1.23787363285817,-0.751747861703491,-0.974488324487663
0.975946178022227,0.841050514486908,2.24226640337102,2.4573669512105,3.36851936567604,1.32795984091847,0.626152905290187,1.70496098661957,1.96224083469441,1.33811649711543
-0.851892466498089,0.145070843187026,1.6550875436776,0.405322300646239,1.41843776971993,-0.194076767362115,0.987333051390644,0.647659854761778,2.08141651801484,0.809747801873276
0.611402378938712,2.02343497070153,1.2253088499589,2.78399960135802,3.31732374394437,3.13505988668941,3.066433493301,2.08113280750211,0.564260061291795,3.10274873788845
2.02033992441754,1.83760822813947,4.95829282484388,3.7199558649987,3.49925103484169,2.23184997726799,1.74698215280688,3.25317628883201,3.28034748157421,3.22286948038719
2.57939535309956,2.32927826038568,3.39577016018753,2.90303659178421,1.45344207316322,0.0696704869501497,2.37416640589155,1.42652255978509,0.551238244764554,3.33885966275044
2.0132668914654,3.13603002740601,1.16951521893831,3.36543628579418,2.94489990689136,3.47132660993182,1.9019539629312,2.70399300115006,2.46163068059467,2.8564933607301
1.23556406047018,2.88095379299393,0.539132859095788,0.669164645410968,3.16856797406354,3.87278516535072,2.60302776281074,2.19854161564472,1.93751322199364,2.89105228366053
0.523776155572048,1.93786527661984,0.475339358720719,-0.325205900935738,0.888116840908748,1.11412953918705,0.0402875688286576,0.753810123409317,1.68292755265163,3.23088363174648
-0.750096789260594,0.259412734860254,-0.783432921278423,1.49788083738649,0.5785777536852,0.766826185884012,0.405624852410596,0.673520560244255,0.907950143070188,0.036902256866801
0.12901297852974,1.42589970764818,1.10230890596079,0.688821332770742,0.821881064566765,0.633112543760116,1.39961665593318,-0.628069115770153,1.33139242073707,1.48004829538141
-1.39023167105819,3.15416288020495,0.75647110276683,1.04944019210972,2.30605632447087,1.5980719464019,1.72918413926037,2.39141671737798,2.96164042645237,2.30548339032969
-0.98167453015295,-0.738543760875035,-0.465675742438925,0.410016335027562,0.656454687797463,-0.352881723942588,-1.42939199778424,1.25245136264563,0.0528089184227371,-0.226708105607497
-1.11765703438679,0.445995744528017,0.504245824603008,-1.48281962721213,-0.0845943549403392,-0.504292699351415,-1.0634344424941,0.926704990749253,-0.358130545373625,-1.42722390528084
1.96556325404154,2.86720530281657,1.80822107089337,2.15930669110675,2.10061519805126,1.46653677546735,1.18409784408101,0.188451784875221,3.66863728960339,3.75819843609597
-0.813913718597187,0.47004329451953,-0.306953962119465,1.12231956990859,3.08937040052227,1.13868079862842,1.29982220237172,0.239290561063507,0.831240974607281,0.109086435734593
2.45987058674353,2.04502839749683,1.45922300705116,3.26518512080346,3.30712400214894,0.325324501315669,0.352449397848051,0.458480271098652,0.254290190172625,1.1059882211149
1.2606090789462,3.50847135520842,1.42356824827551,3.90734546007568,3.43595597123242,1.41947092389134,1.03170409781638,0.290317500016446,4.17742577903089,0.466584458012478
-0.400376968791172,0.488550274471608,2.56353335931986,0.395874865860167,-0.00614795872943752,0.447520672861686,1.34107715131583,1.77597788184763,-0.130869310815589,0.864923458149227
2.41197821080991,1.67652522011959,3.73813759551616,2.37432342180115,1.75527387411859,3.04174571892252,2.587682338113,-0.438867907365071,0.860796304332367,2.42646209710773
0.0482369575948237,1.27829775629957,0.949721362931511,1.76454512116507,3.22878993565834,2.32364410300564,-0.812310813496145,2.23468838920855,0.154868817125708,0.177921716621375
1.89855167474543,1.64640381074889,3.37636283202476,1.63753238000993,2.21731533346202,2.87103119199454,2.48232735349414,1.21817729688189,1.57755306909814,3.08349186637442
1.49680071006938,0.861641329381436,1.56303465658542,0.213721558893754,2.84948995811609,0.249164733731605,0.277250207497748,0.8604413844338,1.82663636601995,-0.258642490150497
0.450052843574287,-0.0170532568159614,2.57105338147755,0.337636590540956,1.7674607497318,0.711074445703626,1.2442682665642,3.23593720129151,0.336252989116597,1.43247669191843
2.19925610324677,1.045948930941,1.54162684481204,1.922431020451,2.11679601469871,2.23278037181529,2.21857083637482,1.94944350419007,3.63629993636347,1.73038856786438
3.09854714417264,2.46535820556376,3.61743245032578,3.4839745555001,2.56265585909322,3.73218573731652,3.07145622180509,1.81762789038335,1.46748808874547,3.52363556596416
2.85538175823824,1.29580237771282,0.308541532867321,3.25734101202643,3.48765896504484,0.672010015186365,1.33743974461883,3.30319543933075,0.68398132479101,1.19082507184187
-0.0525977768152552,1.82846725453347,0.0457536695086432,-0.604308304003871,0.946379462571057,0.64926047817368,1.92508425464378,1.04145365419227,0.642867519304748,1.28292905263284
3.13272203259751,2.29425853846055,2.25766254773811,0.827104866565911,1.25984487610122,0.374854293752831,0.740818780286928,1.48909409680246,-0.127613425055923,2.15805715017863
2.46096797957063,1.95704784080811,1.82639641168524,1.63517720674497,2.0927652785999,0.215667140211322,-0.0469363637575984,2.19115954716364,1.20289591818423,3.00820024795018
0.351744960980982,1.61768412462763,0.580964640378474,0.255515916099002,1.6602376369065,-0.300889235709614,-0.944509088820324,1.22681199468101,3.24302589149469,0.0720566767507224
1.59833992515606,3.2190981927775,2.01285161253148,0.636603642518945,0.544824744444381,-0.875605281044318,-0.0537790505256344,1.5658690474838,1.35882578781199,1.10135508802141
0.857195781917942,0.393717663169682,0.156881857434238,1.80157259564023,0.876296623001689,0.940503744732809,3.62022256103186,1.13689494602507,-0.0455154699591938,1.66692737665952
1.90586873560634,0.54785360319781,2.48528486991569,0.599324704833119,-0.572790098319072,2.13717059139545,0.911920748352244,1.18952623226346,2.23552533516433,1.2188523892755
1.39696368326816,0.923592190033815,0.462717667780137,1.249357157407,0.130334747583198,0.1817565869431,-0.429990134713158,0.929569653719188,0.226444817275923,0.969027899064879
4.23347394647047,4.41477735832368,1.26985048119803,2.90227128234504,1.24606693707816,1.43435701295228,4.55942416178674,2.51764840025882,3.79334884615619,3.09179899922663
0.606276247822958,0.978130290524521,0.201716188517825,0.280145970109581,1.51184005455493,2.0573329166031,1.97603692281258,2.07558624422861,0.628491012191597,0.804381496866431
1.43322394084278,3.42310519111428,3.24311021464573,1.7845152447841,1.82360812283849,3.30094616491401,3.50724276332608,2.44197424418298,1.24977493979641,2.07168910055373
2.98704811158763,1.68463208071959,-0.343902230199203,1.67254450806431,2.0978118890932,1.58450490206871,0.741858251582827,-0.165414101315555,0.0812962615102513,2.17152611124619
1.76783086627081,4.16946451698306,2.5590125175231,0.779428571885651,3.96440336709941,0.981874683395093,0.780501064855007,3.38480006647188,1.13907883213436,1.11048941189222
1.34765105033418,3.55789819418126,2.79808673872866,1.48863418297947,2.95959046146171,1.6647370033346,-0.0686988430217941,1.90865261440414,1.45355850835238,0.517074799202029
0.435195655304087,0.640585009754083,0.551945108193017,0.190746302817287,2.36677296394998,1.29357313728374,-1.20248170546038,1.98484775355049,1.26097596110875,1.50893240455743
1.46031533146419,2.26647890527975,1.65269489917051,1.96186108374632,1.51036007470513,0.307215389680471,0.892022777327877,1.27196521368292,0.882784811839034,1.70778820690564
-0.408922499962198,0.510850197079526,1.33328891446492,-0.192195823562214,-0.0890903219784936,-0.135300502808665,-0.932382999016237,1.38965642272862,1.6204525451641,0.631132418710551
2.76172431253871,2.58467622660858,2.16094089173234,2.62461002550102,2.81455571611208,3.70163674416727,2.67935066009002,2.76172176085596,2.77385666165454,3.68923920730007
1.52291908047687,0.749064344052729,2.63255997007646,1.31391017150141,1.50558023179978,0.497883547235053,1.67098954301588,3.55102030356555,2.79794609373106,0.27712870653292
1.4174285132196,2.25221764029226,1.23789457377587,0.862454959810217,2.44184338121997,1.10400086427079,2.87492774568024,4.15730933983657,2.42838356718811,2.39288543339961
1.9878158424853,2.71247308432082,3.66160804400057,0.604762615628262,2.39714165068203,1.34604079000779,1.55664056770865,2.40939143627238,0.0495426762543141,2.59783494696212
2.22517634882674,-0.0701508187363626,4.28761873007955,1.56386674470258,2.61347174620444,1.29657529759736,2.63284956204666,0.32704675701807,1.13304203666845,1.90204916355135
2.25979302866954,1.61469233958548,1.55178402565057,0.210974109674106,2.25092880116358,1.66304482587319,-0.0587543912680837,1.56242194343773,0.962149371135241,0.789018470540252
1.49448159537647,0.747941591463306,2.85156323830541,1.43512022813846,1.78594876806053,2.57069420318988,1.55026726213926,2.0482642902053,1.97076152490384,1.4013343010393
2.5731069825004,1.62129839527525,1.81385992354167,2.08827425463731,2.49482291103305,-0.114666920684105,0.768726386508328,0.986805504920457,1.8189886273266,0.284058334356272
0.487231352798409,0.639013675837623,0.826379213770961,-0.551791951334627,1.22858166541882,0.731326153107611,0.0826870773832881,-0.619937019384321,2.10897176116905,0.897978655281107
2.49464668042448,2.91554131854069,1.90727683096348,2.16585182610509,1.87455123522577,2.0850881701026,1.89329721002192,2.42896271071355,2.19845311434875,1.06776198648736
3.03623879093778,4.35306405935712,1.94167937362627,1.70271534022729,1.93707121230424,1.14456814998613,2.65253484984134,2.52169065846512,-0.282090118098633,0.593728415368679
2.03196467411003,1.27404642808783,1.91485542514659,1.06631890375828,1.22545901874668,1.08151942100576,1.50946728245184,0.860330207738983,0.0226743866418211,1.8584366550227
1.33637704458134,1.78516689105239,3.46627405964125,2.28558555579198,0.736550986953269,2.58505289754373,3.21672627533154,2.82978914444215,2.13519953163903,1.89644972349515
3.29637591194355,3.26358912861368,3.85153231801813,2.91310149104998,2.34769528791949,2.08026452305224,1.57566637060452,1.87934691581921,2.74382673878262,3.44531023161542
4.48420901167021,3.43738322565618,2.3714915106428,2.78133180530919,3.24034134277564,3.6823567869105,4.41921218055955,0.804857099799237,1.21401679482223,4.11844949254732
1.70214643691521,2.64433429543576,2.61523722680404,0.948419523785082,2.66759164183044,2.74504827805329,1.5394205539128,1.86653289212201,2.55497531345261,1.73898853468164
2.77337690451464,2.90600063023347,2.64528120556439,1.11040434627174,2.63299862645242,1.5977819256732,2.58100431721942,-1.27517089958929,2.20338398446353,2.87341141553804
3.80952818653228,2.33056756514213,3.2958004347644,1.24637550761616,4.61551092145895,2.34264728159779,3.53962774516274,4.03353354326083,3.17093475182082,2.16967941956557
1.54496369239209,0.688105804022442,1.78932255150939,0.75413758228243,3.37675939610983,2.49058979916497,1.07908329675568,2.63363087157172,0.771738866081311,1.28224672875565
2.58492875789698,0.982576417555212,1.76982712037334,0.285304623989562,2.99789448803816,1.92809660117639,2.09282586427167,0.693002622996245,0.779860835838456,1.38974763071213
3.36650723824219,3.41746948836992,1.3627353393853,3.66577711322363,1.67917988140155,2.68656577296854,1.00796034289064,1.32545946008714,1.69881070997323,1.636787146332
0.00257024505389059,1.2662788835879,0.483505084321696,1.9476803599865,-0.237558505204668,0.884657430217441,-0.209547991356635,-0.193372270514332,1.22608872344799,0.920501641707007
2.2696293699966,2.4280125908479,4.25155514269933,3.31641188361885,3.49767093677634,2.24365418422296,2.64797783145281,2.90553627002111,3.55967812126986,3.1796575509718
0.120001324972069,3.13065556520265,0.726176144847833,0.901286223629134,1.21671973506109,1.93323875305707,2.6030329667293,0.0983818763606139,0.369195488272904,0.50143532999867
2.18234519669413,0.147766090331713,0.553938331772487,1.83538010226473,2.55336419473401,0.577028554479765,-1.44139195466615,0.927814239786064,1.26205143650854,1.10256949626826
-0.411838593945489,1.48570395609852,1.53111983811688,0.398171895978296,0.933158033333285,0.398510855684538,2.81815409737305,2.82141298580204,1.20632447049498,0.0132071825726415
1.87968317564816,1.41076542824479,2.58742069888371,1.85329102080343,3.14559324631374,3.07874604785952,2.37846372567316,1.74651969784258,0.352735919979453,1.20801812172778
-0.611328433072106,1.03389183876498,0.308859155581338,-0.49559052934852,0.214605748167773,0.542870824575245,-1.35890944720677,-0.382198874078108,-1.17238829699485,-0.978849272960689
1.51544373668488,2.37300536610624,2.59574652301339,1.52784703190445,1.57772482501486,1.75720001824903,1.77525211220882,-0.158408480100595,2.88054428594885,1.39196447302329
1.70663282693726,1.29264430434413,-0.809483768232923,1.2890439848536,1.16583177517754,1.31389203952791,0.689369255651649,0.295904799187813,1.15259705095576,-0.25321606746393
2.58008154503706,-0.571297671181324,1.58673166217492,-0.173818886568293,1.64575747913976,-0.0463695098522603,0.692260079752643,2.72661746139773,1.53361789091766,-0.215056551989117
0.783392064808988,2.66726095637648,0.139432155265386,0.419815237122905,3.04258556677985,0.688585759288355,1.34494148864811,0.468381115310124,-1.03213298766205,1.39236401632988
1.18363655879108,2.23226414073811,2.36262670650275,3.18915807044721,1.26745575748638,0.802328652536738,3.38733048032303,3.76255880092556,1.92798711800104,0.481277617825221
4.25929746901376,1.12480164930358,3.8051772294005,2.93233500129258,3.26593461430562,1.86905904191094,1.28762963802615,2.01159802558085,2.03327150732007,3.20900876740679
1.0594189885005,0.362764460438143,1.34880403343047,1.61790903808267,0.588085421533656,1.39878171864386,0.116016770711381,0.792583844269441,1.61296803201208,2.39369585879637
1.79712702731611,1.29930095630413,-0.199558803721327,1.73265643911093,2.66005682899046,4.31132703104384,1.73499500087573,2.30116110434986,0.447139843265406,3.45422919828884
1.23391427108509,1.46131371689414,0.632265966368706,0.717925730318343,1.89589629983228,2.2586015872532,1.08527405889467,3.1495088629029,1.45124290111572,3.36363253134878
0.316654301503933,1.47709211729605,0.820545285881667,1.62751913608439,1.69765347314919,1.17237108394905,1.45727942744933,1.24807115662767,2.93592048390766,-0.000816977272148245
-0.623927041539194,-0.465864840358233,3.4668316284706,1.13056641630557,0.833849479436077,0.295915449841644,1.06415531577208,0.743492009173821,2.10203712165099,0.561524607473531
3.61185354157212,1.44368910311937,2.33755030618536,1.21185108485316,2.65232817867511,3.42900254781054,2.83363317798523,2.03544822287521,1.69836538930843,1.29807678452343
0.29835660954645,0.120824006706826,1.25012656428843,1.97414122924792,3.13222193704036,0.239706860942801,1.31974254662095,0.282220823516185,1.30602419325527,1.19032778336479
0.660228645101094,-0.0872757884835609,-0.184538074050806,0.486959514301525,-0.0650920443831535,0.714103074115623,0.861409211042477,1.05280788463884,-0.602746961474093,1.25073338975204
3.2906948539811,4.18926148757009,1.98919512659287,2.70266290303813,3.12563185334733,1.98144172614011,4.3210178547972,4.18160189731736,3.32268005352327,3.56546029922355
0.955295962068171,0.0462010789531239,0.799419504498336,-1.0432831461193,1.67004582099168,-0.277899564968081,1.05010323352669,2.75956722186476,1.22998076496294,1.46705312094675
3.04880691361463,3.20074080019043,3.73936591467485,3.09123053558588,3.22184251832045,4.41722683825682,4.6496248677012,2.16207164273274,4.11892643792628,2.88171791551802
0.762925621888104,2.58295155455562,1.0293716610562,2.62458519152359,1.07258501792853,2.14044690734641,1.33809787691646,2.67705751006115,1.08374294529605,0.702205089137253
3.92612192249651,1.24415895459875,1.24784913766988,3.3783816135167,2.72022932879659,3.47233704273565,1.58211378358018,2.69505707572627,2.47418628198112,3.71988523989283
1.93351999463275,2.11878717550603,2.68771552116699,3.82542414510711,3.90260367411783,2.3765930471337,2.51206773179616,0.934990171745558,0.716331027571387,2.31498391203198
0.177144834782948,0.999860363066932,1.16214939055772,2.28727173214544,0.876410806100987,1.12509510595124,1.97852719790881,2.3487584330825,2.61389746024454,-0.78032387516355
1.55311152077873,0.987725429088354,2.63682581747375,0.609090654785648,1.03252656490208,0.831596812897592,0.4546622896951,1.4766086562713,-0.468162582181493,1.71600580810249
2.55345598910052,1.99778337328746,1.98594964951123,2.18459949127932,2.72744056618024,2.62496309994574,2.40196463454757,-0.188141012126635,3.13371530106914,2.15420427705148
1.62358845249298,2.55778717384655,3.61280299305302,1.14721708692539,3.65035152903892,3.69078691552641,2.38629403499239,3.52242931156702,3.67964518138966,3.02156896924049
3.09986152555781,1.88230850011065,1.19506267591081,3.24873747972148,2.6079858418028,3.59431970727833,1.74036238497272,1.88179037342702,2.63870675281388,0.729886631601485
1.10957745303392,1.41867647024138,1.84097995188673,1.52365986363303,2.46630304090889,2.09349098096231,2.54206269138627,2.08538742741029,2.29892761643746,3.4905410414333
1.92216454562751,0.436105969085426,2.05641790589899,3.1822519062585,2.19821896127634,0.933611740447597,1.9862581945648,3.29124763284807,2.03456072710249,0.508058537645751
2.19691041317655,4.27161849715205,1.8522728766131,3.44097804393328,1.42893062548832,0.968480427668739,2.05699742573246,1.82202914642516,3.79239620146958,1.77873218467967
0.0830002949017461,2.20370838658296,2.31946076647653,1.0023990594618,0.450735148599933,1.44738728762979,0.718770909409009,0.888550069637583,-0.30029628536835,2.44080298647435
2.30197834035652,2.09736105615527,3.64095496618868,1.93010840165396,1.27972353055502,2.59103370435864,1.266179277472,2.83845430243874,1.81663930903202,2.09115710408284
3.54649038905348,0.843559900935555,2.32509183896196,2.588893669581,1.16711762960025,-0.29095117367808,2.49463960770036,1.12675278113513,1.4291320574158,0.276031364682436
1.14619957035734,1.23358550479303,4.17789804405036,2.65317488914377,1.56586471734758,2.26107269861037,4.28631639162573,1.43398477755867,2.88727390747749,1.47439059621512
1.666152042804,3.11029514268741,3.46946182080366,1.37567998499801,3.05212957665407,2.57909653685357,2.0582076474548,0.795214675408931,1.64340185273655,2.09085782428201
1.45386140064511,2.78048354957552,0.0925939185845679,1.60725765308731,1.91370090592404,2.30102945626103,1.42584780223384,4.16234292882555,0.529452495364808,1.6711605506339
-0.184519918837913,0.707997059672597,2.85397908564677,1.49433041352466,1.01443130824721,0.0342588127123119,1.62406827837409,-0.0625430236655979,0.934487286489694,0.878101504882499
-0.254406851439684,-0.515140855558839,-0.6572296958593,0.866935246578609,-0.840723304583842,0.942365721469502,0.0664117420057159,-0.013168833099249,0.965091323101406,-0.263980532764119
1.40981725312,4.57901015171282,3.07663572211628,3.07419339895713,3.54166830802172,1.55878305359854,3.8892448741573,2.87132698211046,0.266230979773536,3.17427856346275
-0.307394732810835,3.60270936821522,0.419860848251411,2.53116997763294,0.939203646400752,2.38456567734298,3.37906920790767,0.336179970762137,1.91681542781697,0.872025890275522
2.57449627829488,3.1682910504855,4.46890536331269,2.09028581181545,2.81770476605747,3.4399608274254,3.9182472882614,1.58979055317839,3.31381213352912,3.31993367461359
0.152074435783476,1.81293635509745,-0.0166704039849477,1.65187676680408,1.84381999285218,3.68458792305877,3.52538061603226,0.986683955816106,1.45458980297144,2.1253337649736
-1.54410034723591,-0.670743156040755,-1.55671883236089,-1.58928510916708,1.02755314606344,0.252945419139955,0.815214300133588,0.575157522335303,1.43077730635427,-0.48065531087498
3.33137696227161,2.17060300742209,1.68306713280502,1.44806742312394,1.21656222648969,1.70743656220647,1.85852870862121,5.01305178703948,1.22287076964291,0.460875160178692
1.35556762166904,1.10457273733977,-0.0767683939683681,-0.316701845677784,-1.60991310504824,-1.49430952135444,0.355371104834665,-0.548174533686745,0.974221466202616,0.132125033778073
2.21605201475179,1.4605239944747,2.77470238348724,1.4080486854213,1.68132115900061,1.8255126585436,0.920813064985466,1.96191979365421,3.19657397555036,1.40920531287434
1.66963322978667,2.51092952455863,2.20030089291264,1.57261780761663,1.5506075932431,1.21978253311907,3.27543542314728,1.69314658069447,1.11112390678154,2.87799661134899
2.61656676432102,3.88426340535808,2.53369567588169,2.86665222771322,3.24800503084813,3.00484620291033,2.45153752228682,2.2204560959898,2.71876924295884,0.627828974871909
3.61821075152917,3.41685250487369,3.00801674194024,2.48368404590299,2.95144298458649,2.78609462505788,4.17329543928267,3.97169425922932,3.54790738515059,2.33630581597145
0.117395318729425,1.1543416016384,-0.168465374572733,1.18359058021113,-0.348849292578467,0.933425055386904,-1.37183791393643,-1.57111973861631,-0.593259272036554,-0.573591950946092
0.145006355113883,0.156475379358013,-0.660675683000893,2.61648444281513,1.80421132082629,0.0954443380062787,0.716043202896791,2.03158728795594,0.57013484800569,0.974734750047891
-0.5783530952487,0.0850562754902685,0.213790985803178,1.27829945379071,1.50494519152828,0.711103538941026,-0.06510084512083,-1.00948549246784,-0.123260249479474,-2.02494041269245
-0.378759443660047,2.71133500645027,3.40270009189178,2.98500901823874,2.14320662947442,0.556484320376387,2.07502223191885,0.933565111316405,2.6414730930292,1.01911283026494
0.266049801038074,1.75569481971194,1.29166189838905,1.56180236833946,2.63166015017177,-0.246754928544147,0.390873592381182,1.12195273326894,0.352851847687064,-0.125999955734093
-0.938786874497313,-1.15710110744423,0.185271699647111,0.300019331104745,-1.11381827485698,0.590232020002666,-0.135192905423432,-0.908019752603835,-0.0041289564199077,-0.516265386338392
3.15435172462644,1.89096297195693,2.66809517080028,0.384733501257001,1.84235622741243,1.39109649861082,2.45807871261233,1.59976926842182,1.70214046185232,3.73239005941268
0.385330794524237,0.476911870631271,0.7991837392683,-1.08834131097162,0.134524042555036,-0.541944532555078,-0.236169667960685,0.445347892101655,1.94161401917587,1.64104729504186
-1.57948219508497,-0.854609827947671,0.437016934309276,-2.23945720528125,-2.47888795348222,-1.95032123615429,-1.71048129810708,0.0172175504075783,0.431544122382515,0.73920140551749
2.58154816721469,1.50143895911353,1.04818603685783,3.32424782515814,2.25718264042272,1.84915152624785,1.19573936763586,1.04132870807119,0.088625876209256,2.24673447317307
2.57554421186421,0.564527971558854,1.01072138068854,1.45027581046732,1.54146204311336,-0.231702394405845,1.54402755153285,0.436090340180384,-0.20215826154884,-0.180719497222887
1.26892692903838,2.64230013069243,0.869574325825849,1.45952459925811,1.89732729959976,2.10933871475248,2.79186929245411,1.10398577062755,2.42419440367443,1.94462660600977
2.3009322264435,1.77641087033576,-0.657349638187458,1.40706894227139,2.57293841026162,1.48893263990309,0.368286776347355,2.08697061024569,-0.0564177400719039,0.805744445602232
2.30859199685921,2.2617008099403,1.29745507377957,2.5780320036455,2.28237638358933,2.3161396529779,2.02085552536268,1.46397170652749,2.40699653437745,0.950903747517376
3.08271347271603,2.87838083967229,4.74894789628874,2.193235407717,3.57224947042585,2.82029407844621,2.30672957593579,4.20361574663737,2.00205711811717,3.16925994907008
0.91529925227115,1.1547242302048,-0.696471028296419,1.46242460946525,-0.855824726582626,1.84200491629132,-0.111351718610447,-0.173275424657822,0.452952797741431,1.06769795449595
3.69838528126739,1.46335911148086,0.249906617082104,1.82499561284524,3.89141970314827,1.91327302554901,2.51236190041312,2.62280570170099,1.10237110601298,2.36693901952608
1.28233222200299,-1.17289661875749,2.36698056161807,4.2386515948376,2.5646047167723,2.19613657360335,2.28032083964612,1.39304624921314,-0.433992546585426,4.08960264629075
0.192628773984324,1.33922172946817,0.677087620118486,-1.11317370190531,1.04508887409863,1.92120036888588,-0.130609473632643,2.32048547983756,0.244279871379402,1.92668309570844
0.538175164665362,0.667610303001057,1.73489133770141,-0.000745594569050212,0.845273043813156,0.363937091350851,-0.486106425207683,1.92629139404347,2.04894227189314,0.792033252307593
3.18576797675375,1.26900770043355,1.18716647249215,0.864534128053241,1.59443988331288,1.54267313654747,0.920549695672473,2.50171825500132,2.84617857367407,1.83006043588318
1.92954491826797,0.152778839253145,1.22750991217876,2.60766709480457,1.52522491626953,-0.00138251743415374,0.951314619602173,2.29508678773493,2.35454576356725,2.00046303083997
2.24501295111035,1.1595406720346,2.13389472766278,2.75694757205319,0.302820211555698,2.04524698689704,1.72988979593031,2.27006038230763,2.79198500668275,1.76756095062508
1.89246851407984,1.46004415160876,1.18404034470176,1.29076147605678,-0.321086298679606,1.65289702299847,1.74639888454123,1.37075263381022,0.792536597799671,2.94252355555769
1.13846938014954,2.83359822042967,3.54371008404816,0.790235219009323,2.15909683262627,2.66666447140573,1.18096746020085,4.12005237898576,2.77103507998488,2.73611209369332
2.34698625343827,1.12119134685357,0.937794418260425,2.2204503844818,2.20177063635107,-0.823552897101912,3.556611905901,0.72572967387071,2.54584518563551,0.459505955020379
0.485268902441851,1.62439898655855,1.76114609780014,0.41300496614902,1.88235040370268,1.46465859739126,3.19992007355256,3.96172543969554,0.125474354914422,1.62669503334557
4.78429899542713,3.25772831850038,2.18744400548616,2.18355116659002,3.67938995685662,1.15089193414785,3.3012631312873,3.75397220595672,2.35474333311166,2.13875645660117
1.29712750181616,0.422679112308512,-0.0996149217518196,2.28451526888671,-0.430646064682274,1.92342890252012,0.515389889288125,1.5542333701254,0.866360669448466,0.366126243062713
1.91906835567837,2.22286293386547,2.5992889381284,1.74707534970511,3.44885322411615,2.04933362750797,1.43441481903743,2.96648422514993,3.25675264965728,1.74100866473154
3.16403148478635,3.32279904401443,3.37841722716046,1.44703557710784,1.9167223890133,3.91142705893516,2.15286308561446,3.4448181180324,3.44646924799714,3.28220245658295
1.74792218529807,3.66429347924968,2.85743343867484,1.99907192978369,2.45372265587524,4.28088178939208,2.16577379563382,4.05724042732087,3.93647748076279,3.35723546679165
2.91247813779437,1.3241958905463,2.19123106280163,2.64115023328384,1.65130984818929,3.03801805880369,2.52550381297003,2.71254754927923,1.05640927485711,1.43031221530787
0.984093695964722,0.594744054182525,0.683103223425402,1.65767281132026,0.840440865947202,0.0701540319953127,0.369584499635744,0.808267335856492,0.490988791300237,1.47805923132058
1.21426630560677,1.84020397447651,0.494179862152875,0.815684776712237,-0.625918711488708,2.46946196009852,1.58638208204292,1.81340319605797,-0.109910124058037,-0.00603359921772184
1.0156194288973,1.5567500076514,-0.253998308979761,1.39213555645425,1.34091785088765,1.25474735258737,1.92492262093533,1.04394757948108,1.35724230731087,-0.434937773274531
1.7894175453508,2.95267897749997,2.06219033260869,2.03595001681494,2.12976467931384,1.08840780081919,1.09949551693788,0.974846539517203,0.762718666766864,0.710630845557977
0.382330955831411,0.316414379549826,1.32710370888585,0.597588346086366,2.51438567423494,1.44144035995404,2.11021022914076,1.01289142276572,2.19587052748341,1.53646444176834
2.3331061167221,0.998422442072673,3.42434724086057,2.67904519234485,2.94729579524128,1.83387959402441,1.79704321461757,1.06011288453556,2.07389897509456,0.578972051571821
1.71427621411701,0.0817564016083872,0.574947816196142,1.76974107464733,2.0660181638367,2.5412851190247,3.08243649718279,2.99100006652303,2.91589011091521,2.05806401746657
-1.12042929486597,-0.657339131285093,0.484055585734234,-2.58795779259334,-1.49408438753144,0.189283994089063,0.598306998527821,-0.31157087499905,2.34304045117748,0.368850598076017
0.59287032878234,1.68316314697399,0.235625151002308,3.23136668900607,1.96894829740135,1.61202626538552,2.53048764753856,2.6205437070741,2.06856757813952,1.20539894519444
1.13613419027402,0.487940438191869,1.65357289884559,0.552325775323193,1.91061842504149,-0.468904757941559,2.1320612476176,-0.320327418184629,0.753935664937587,1.01480722699891
1.43414533915134,1.7132291514734,2.57541705677911,3.06944144114612,2.36483093393878,0.53016976716105,2.16617829356719,1.78680182226791,0.952067807148258,1.2670225718869
2.26034269499847,1.28428113600296,2.29973403781208,2.03775464326214,2.06535253337972,2.79442216848061,3.53393329891786,1.91610264505478,0.765885517569179,2.05696213706901
1.40723216131778,1.8143750305272,0.875535032073452,1.34539913836901,0.675571627352072,0.0119792981250952,-0.787649548254311,-0.388485735624372,2.18860380063847,0.10686068150439
3.35542720755958,3.26082961370598,1.67786350855222,3.27967590445751,4.14215196887584,-0.138014887978062,3.53776655570597,0.94075776104235,1.73880781680245,2.57107781665647
0.0560290510336363,-2.2526813858221,0.179506071253224,0.847144650951603,1.51855481094981,-1.70291347535398,0.306545814025838,0.560224184387107,1.34173501791077,1.84286175597928
0.99237888236428,4.09336115426366,1.38622857435955,1.95002492680773,0.0878753308938608,-0.0961610607512944,-1.12511422018449,1.66581233045472,1.12878646524043,2.2322638246438
-0.2717389246328,2.25050761863199,1.74603659947602,0.702167146845081,1.84454229912268,0.557782230074479,2.80369904413327,0.907913004968651,1.23539761250708,-1.18497139240996
1.97009953320597,1.28221242647688,2.28984937487394,1.24289118253167,3.05602951347563,3.70019274149488,4.01884530718659,2.77780109648339,2.59207363591517,2.52447380501104
-1.45450006469802,-0.470426778617752,-1.16793411257731,0.151700297684735,0.276852173565197,-0.502945679990517,0.115038482796756,-0.830858430292902,-1.34219582649551,-0.0895290445105558
0.950914473312949,-0.394207543215489,1.75800742420482,1.90372189966059,0.765911164455173,0.832913380606803,2.25225520456349,-0.476910674654269,0.604593052214365,-0.192861004501839
2.7444223406417,1.39121499038056,1.02853854279628,3.34295190803176,2.6923022259733,2.04373997307665,3.21667446400881,3.65457309703255,1.16329122768444,2.23203099667765
0.374099856049763,0.676840230567727,2.04311551982184,2.45317027769411,1.16405730537614,0.698109315196774,1.38747304434146,1.79093667820463,1.70273374084616,2.38327711513786
-0.781626373051034,1.92987286297954,1.34325886103108,1.58483224064104,0.814129106114339,1.41258871295372,-0.93489243277092,0.900519645320677,1.43702721295931,2.08718730568664
5.45780867357954,3.76282097373859,2.65963181210921,2.22802483903453,2.95573455332061,3.73900849128922,1.88139531824393,2.68412495584807,2.81538806857584,1.74187880401564
0.650171444124175,3.47992341419277,2.07302632660749,2.88128078361606,4.20286421454866,1.25058122777962,3.02932096651308,4.04924138412045,3.57407796360194,4.32304443237414
4.33147511426732,2.61318693736368,2.37166734232076,3.04827362736538,3.27379755094558,1.90410647924076,3.86896589961525,4.30338486309417,2.34542213165736,2.7140196023537
2.46326873987683,2.69172227009003,1.6284288379188,2.7093938744888,4.9975972262715,2.24054041164566,3.68626672339109,3.64789035686117,3.77046072380068,2.83397159470966
1.56491052406853,1.74622537678623,0.806178531966101,-0.274518424246523,2.73277247688195,2.66806833394755,0.0595345220175614,1.32463821377706,1.64394929599976,0.205181289345921
-1.59584035986886,-0.31935941067406,-1.4953041645766,-1.47016426344992,1.34733098525344,0.285561214250112,0.239260793785672,1.65040187016796,0.312174639602701,-0.841236013357848
2.98441939936222,2.27067207771629,3.35403361384382,2.43167220623505,0.863339145858409,2.96755296503141,2.67704357587719,1.61332746621336,1.90494493189227,2.35372659120611
1.55898993045995,1.70005196832391,1.25449798261175,1.25405836730053,3.14557084707693,0.989644314448641,1.55813702403762,1.65913346428588,3.12819689749452,3.3499068626497
1.51050615281097,1.54441495491511,0.949801932129433,0.796212130902725,4.53690746116202,2.13481378135408,2.92444055529801,3.01941936278218,1.30092946164825,0.788633955793284
-0.804079039558476,1.73955303905547,0.736519179512382,-0.26813571633018,3.32191871793238,2.15287755671754,-0.175447109782438,-0.211577685951416,0.657063552400398,2.92248492481993
1.40805099838599,0.233352454982041,-0.0791967153877371,2.21308701737721,0.612942227746164,1.17141163447965,1.69705466368184,1.84051253348286,0.191413638575656,1.92250375857851
-0.262671981837898,1.17845179774566,0.536637298244771,1.80105720613933,-0.913633010295062,0.615060159910726,1.12262334306256,-0.836157657207693,-0.941330545328264,-0.673132977873835
-2.02642169941513,-0.256269898474321,0.226148535989285,-2.1668488211157,-0.589091399353843,-0.522174339140351,0.119555229448593,0.239469805142782,-1.11952704778389,-0.678402385201189
2.41798676512657,-0.945878439142013,-0.243240337521334,0.967153611271254,1.78219593047024,-0.730899308998925,2.15572463195968,1.87253185972696,0.922568195856499,-0.34637557550776
1.00847621785695,1.64965928274295,1.20297999592453,0.877420561928445,1.27864168202121,1.92945352999926,2.59091113831562,1.21249624961058,2.44523111000945,0.514902759157275
3.45869260627939,2.91321176630816,2.21853237787761,1.39549160879465,3.32300598676619,2.88523237579709,1.67902734689926,1.27386555855203,2.64125223272472,3.46092655395756
1.33790346193686,1.49502261897888,1.37678879926435,0.591906039106686,0.982244215728289,1.25061997827502,3.49999352137723,0.615917682658922,0.446547401776079,0.899279377211961
1.31358280603467,2.09722186943574,0.680739715997489,-0.0630996025850761,1.38893820094933,0.0736445244946454,0.99072607898015,0.635257148896263,1.40167599836119,0.685930441184673
0.556021103491064,0.0935308164797246,0.595877948085391,-0.422950130130919,2.44810391171252,1.20491210847175,0.407067687822104,1.06008338428475,1.8047187647475,1.01747993470185
2.89330788772335,2.35431023733929,2.16463594790058,2.62655633882624,2.56847070400332,4.15705785943796,3.52724564189877,0.034538396602299,2.09576116370658,1.92218132550418
0.518819966610589,0.627663269464905,1.27117575074409,0.231944329929724,-0.697952690284544,-0.980093810807942,-0.0458497952449022,-0.591748717195766,0.15561110960075,-0.55576481179584
-0.794113803318503,2.44001003133554,2.04444292047035,1.20694417630347,1.19248817430082,1.5881132178822,3.02100001701343,-0.795708557040417,-1.20977547438597,1.48902335460239
-0.791932593210588,0.211510572286867,1.73572367865151,3.65113293882795,0.606874979973655,-0.535442883550322,0.891439029614823,0.158667788435324,1.75399150898914,1.3407250692334
-0.0748429595869582,0.985718025301853,0.921332439276053,0.850271336821434,0.877904438182912,1.05026897689111,1.32228880252973,1.78210569297305,2.1391919948002,1.18641028544131
1.73311143216397,1.57817577880516,2.26385854947651,-0.545037891916603,-0.0376867830354801,0.499341097698609,-0.744148234041438,0.481104021023061,0.00686048838108722,1.45445012517385
1.18033230351826,0.0426212647367855,1.42979933820922,2.17467406426471,0.0877422398132314,1.61483152668989,0.114848709750881,-0.544036301761722,0.302479406677948,1.73286806012976
1.97192842231865,2.25021283695592,4.45683102967087,1.29805003240881,2.56040123559148,1.94404586110825,3.7140268592447,1.23883503375092,1.66981682614261,1.17033236747632
0.992928593767417,1.10998150263683,0.844939337994632,-0.0753039741824502,1.01154144227123,0.603743395425847,3.03766968157772,2.13337883752176,1.85185583672599,0.657629235151796
0.139359660936077,-1.6370800272573,-0.108949954166809,-0.876404481869856,-1.60400410790699,1.77296286607825,0.570529664332133,0.761977615160527,-1.8686045065732,0.320177509037012
-0.0629634176160458,2.304976133913,1.25387937208841,0.924382481647965,0.742881685259685,1.04231860433514,1.26876291236444,1.20342422523799,2.17865240402222,1.77827741889401
3.1322237892609,1.80150974612098,2.26815113371104,3.46071852430443,2.64525657735054,4.09236982331388,2.57825147746689,2.7087510194534,3.03307098579804,2.04366946372764
-0.445763309932437,0.91024332421825,0.870883369178286,0.248541148822875,0.235786135936191,-0.82351880522726,-0.543977420935609,-0.406583743076064,-0.128966360309718,1.36487476775796
2.38486315865427,2.00165324515835,1.19681248076174,0.215358296202188,-1.57452892731963,0.0609013697596776,0.443389855271751,2.29093479860634,0.415219493853031,0.942440372576091
2.79474977462571,2.43717492185536,1.91285897353678,2.22861534099122,1.46078438456487,5.47950963458172,1.91079733664903,2.66149545831886,3.44946174302336,1.77582071245078
0.882796890609167,0.0614250357869054,-1.0291804336142,-0.541326168907138,0.142254882974521,0.72260063250534,0.143214725008467,0.132455423508727,-0.836103159520492,0.153292371020896
1.58116194637377,0.136538711137279,2.18175779553246,2.01133418432026,0.295450199696133,-0.659085216789699,0.839326935401303,0.63919277555574,0.815866154198858,1.27747718593683
0.411294714787541,0.19562575657632,-1.07569385693383,-1.1949877838998,0.965653679708921,-1.18113024268699,1.0944744496031,-0.571516271529323,1.63303457359766,-1.41934884116551
2.07145903059218,3.09973635576312,2.91272311125156,2.05141580200189,1.61138218949978,2.04299807746253,3.27443392495223,2.21708575282814,0.501876949458906,2.4344642763712
1.47633638337355,1.37978938123318,1.7578160058969,1.83502089015905,3.4470518025863,-0.413259321500897,0.632081865787431,3.34201047043069,3.47848771845146,2.73386972051986
2.6780945822845,1.82568738842408,3.11866576567146,2.10766494799878,1.33324639838401,0.86977322770013,-0.100164703767022,1.53884310452416,1.47099812709286,1.17609114673635
0.858854805377467,0.50383307225883,1.27127602851049,-0.454702057998204,-0.361246959541422,1.07490573368137,0.401813393847365,1.56275282103577,0.0719246030027292,0.986700352819605
0.93352359280759,2.39713824297147,0.00842275886742971,1.93462464995673,2.0809210645649,1.41164059282981,0.0826281087497368,-0.297205043071389,0.568560955107322,-0.194969129776973
-0.384293103079317,0.471014223420668,-0.337600031802167,-0.271001539181542,-0.61105789804485,-0.610546332895519,0.771123934736389,0.295007632220312,0.438445525128535,0.712795528693268
0.0915080457738116,-0.829726332184963,-0.536542964625746,0.647445636322339,1.58785486048525,-0.376256780275926,0.39029348982767,0.771899711653044,-1.56398759482059,1.25908753160227
1.11514337712339,1.19100078721111,2.42318033385138,1.95308284660792,0.87122045138033,3.14559019124088,2.59116176098707,2.20978193978497,2.28097566285496,2.8081913430468
1.63487004670091,2.47550338647201,-0.870633630593507,0.16855397789717,1.19145597013103,1.34369452316781,-0.113091078869361,0.169254332406178,1.11091424147166,-0.0198077914769381
2.16457058233216,2.59323171249221,4.33173102691948,1.48039012763346,4.702847635158,1.92231137389843,3.94584425119927,3.40062034529086,2.49065664305165,3.39229517772937
1.78837590382102,-0.464575476185803,0.865361232944617,1.45616687798088,0.509771608004009,2.28428463150854,0.84380735570654,2.08184415406592,0.366713768233808,2.87655182087888
0.514797510587058,3.06394719064831,1.88315705097811,1.32805594996753,3.85471649994479,1.5087033978152,3.28282335083693,2.39371919317805,2.54697072651653,3.34089703405191
0.215876394354786,1.66965509701342,1.41174919058412,2.38382748623119,3.08905143855219,4.10782567780162,1.93893055162089,2.48794703456819,1.86378249213354,1.1704250142606
-0.315343109094599,-0.0984138667850682,-0.22131853845603,0.428491527655876,-0.332833692663537,-0.445091711760916,-0.455257188675146,-0.479462855446732,0.556344110153345,-0.843657838538888
1.25636294707386,0.0106194186817662,1.8733748784291,0.641561043887252,1.53391200744334,-0.962854431731582,-0.343205673740522,2.61774125831957,-0.10518006713571,1.18011091441535
1.26949486309317,0.725952819366527,-0.967159326963035,1.20767316114098,0.892813424720187,0.327022081267024,0.648457945328726,1.22814890797595,-0.552807131574887,1.16284331169482
2.0426737604249,1.29995598051582,1.57405700660922,2.1249498310085,1.629451427667,1.58387326180124,1.98556320376619,2.56715244966329,3.17311637799006,2.82906492609818
-0.965259054969575,1.92082684659199,1.78571356253679,0.656223817810898,2.55649463402503,1.92192372661148,1.08837179798162,1.549863597171,1.98475508538037,1.35707592903832
1.70983797278254,1.16601804547154,-0.288422336894769,0.666458057302863,-0.0152013382847296,0.979475853703937,2.06715668182663,2.22939553284476,0.729061843838459,1.55046533444703
1.95395905027847,2.85323780027934,2.63289134237247,2.01562036836866,2.07929212818572,2.39398892038837,0.613994825841053,1.09235956744462,1.22520248668188,2.68913316312162
1.07207908688208,1.31463022335248,0.855164431278718,0.804262855925876,0.614152457464173,1.79959805110249,-0.178771008163471,1.55024412896064,0.590412051647102,2.01397957561756
2.23651873465372,3.36813799738364,1.45549930611573,1.42121913218527,2.50907679290788,2.51096274826611,2.15599306550852,2.50313347283695,-0.0904212014137342,2.72660797960727
-0.602295445596208,0.6368544809697,2.40292447293214,2.51786085794834,1.8472727743645,1.58729981143546,1.77527686500895,3.71337505253924,2.20547757064161,4.05299327684135
3.78646025145121,0.388378717284186,0.945780805562782,0.184940554298009,1.58040303010403,2.29383203608978,1.03470579793365,1.77339475961535,1.71588369232815,1.31186177299318
-0.263437355697811,0.717625722194711,1.16940890463788,0.934725553854031,-0.232177985657704,1.3397808867883,0.318497445702592,-0.228312837728538,2.68669168459567,0.442600865605524
1.69501526782606,-0.112828633104453,1.32111431862312,0.0227063924748214,0.724997956873606,2.30749033493001,1.49202218454334,1.21301805421445,2.33257158913629,2.56128303507463
1.28062104304555,1.74151589161452,2.72673991586353,3.98013729512723,2.46748656749418,1.41257070846995,1.02008486871526,0.119846881844738,0.770943421619616,0.240525969968466
2.7455701781129,2.79726042982778,3.12809084147423,0.600386814440518,2.59646498818289,1.77236247967263,1.41374101263377,4.75426123154934,3.44083939395458,1.56556479190205
2.79049216881001,2.71948362464785,1.97712452670325,3.73980438566752,1.17795798954513,2.07507001637079,4.26446562608493,2.41150129187075,0.437768581041355,1.4865118134919
0.424692661689921,-1.24398394408432,1.50544983432734,0.894901688221887,1.67731527179001,-0.593570247350969,0.0365202301300901,-0.0815981304320644,-1.13094422183396,-0.830779250643167
2.14883404894645,2.64762305819767,3.75194928552863,2.35726100511212,1.61350507792819,2.00398394713037,1.64463026405814,1.89318071660876,0.530221696661823,2.18725996792396
1.32638443250766,2.24859281283715,2.44479532424941,0.835027741448701,-0.0098508924713776,1.94833638132752,-0.496678836421992,-0.748596778327884,0.978634193804077,2.25925448741492
-0.52312685354765,-1.40216527890152,1.24223407118634,2.16237994686965,1.49413415801304,0.600726197824657,0.214191706018106,0.508941343256936,3.68475926870763,2.38391564131397
2.33970547245758,1.18172424627083,2.27966082283741,2.3271675766496,0.158146580714239,1.28840211795427,2.41666789707571,3.7382952926675,3.58084782599463,2.2200861917708
1.65272652150915,-0.71001151400942,2.1149848679639,0.943653152804233,3.37420168765624,3.32887939469838,0.903930588493261,1.6928711945431,1.65930999500784,1.73569039186948
0.0452841885221363,1.61344554939035,0.244720938948579,0.179001126885178,0.915488328134127,0.592387771534461,1.66526990479637,1.2271217868302,2.8116238162645,0.649492182315041
0.303537294320992,-0.0204257569412283,0.498919656417487,-0.57120601520521,-0.0438436627135569,0.708515537594491,-0.398826449200827,0.782773590418681,-2.26961659528185,-1.17968793781268
0.122790340671855,2.43739535704536,-0.0977360281037503,1.37677530720386,0.391466039044524,-0.673720031415182,2.39229491849157,-0.439153555592653,-0.192586570629083,0.632439882474906
1.96007797446438,1.23631078668151,3.67610542632397,2.85465535593991,3.06501177705003,2.07666152255981,1.16412423250433,1.93265360840541,2.76858032074692,3.37562214198203
1.0597541722787,1.47822499074163,-0.102973521653959,0.253450940173559,1.49737338298771,0.96307931578774,-0.542773775156161,-1.07491917669935,1.77680474673852,3.03541845193127
1.7144993277356,1.8041283201963,1.81816148773015,0.213680808097547,0.351166085938835,0.186318186834235,2.81404314822365,0.368634034979418,1.88215228397745,1.94695297628406
2.01638372142229,2.28915705175464,1.84590635671606,3.57378524414231,1.830032632962,3.91491671415034,1.97953506828088,1.92874087564203,3.69333712131886,1.54374238722812
2.71712136094708,2.30903354447821,2.95521131713674,2.41907134124045,1.06555457271614,1.95715466523257,3.31641263510881,0.608255250170447,2.41790499695199,-0.456323921758171
0.952265474503545,2.72147721626181,3.88703717895699,2.55126474817732,1.07691235149016,1.43437058648238,0.6810450470852,2.76293711922753,1.61882384566891,2.52791172136783
0.460274551549624,0.746787679471991,2.1950661492549,0.987128082767084,2.57061917301921,1.49743866350562,1.8291504361526,2.14299042352431,1.51723463322292,0.727147035904402
2.79520350382874,2.68708023456309,-0.58892436504387,2.62000544777607,3.01468006757567,2.3767409667111,2.59341875353789,3.45755875577377,1.58083442382866,1.94738116905799
2.42467775077839,0.34077896918599,1.19828690204971,0.943580637462481,0.961808103084077,1.06451560014145,-0.111826309405543,0.898363566407317,1.62440604396056,-0.29333212119441
2.81637356092109,2.36855346885757,0.0876505685569435,1.97115768217409,2.93607687974201,1.50462169086453,2.44672826900571,0.783695860211935,0.633300769118821,2.06396340494309
4.21948998309452,2.0834300163784,4.17783499336473,3.39130103378677,3.76893532111834,2.25243254253157,3.56068061892693,3.72002502648232,2.58738232223345,2.70268575870847
4.29074265131033,1.91712921157125,3.70121155063479,1.44330042576764,3.95234133622921,1.24412430207364,3.4497527957995,3.02274720022407,3.16914014795146,1.533402915907
1.11895667086706,2.23270993102602,3.34972873116051,2.87715238499676,2.88004098661308,0.518018183806734,3.11091001551576,2.90693627852789,2.1896105049028,2.86935382228506
2.26454419192352,3.334974661206,3.51962600065968,2.85205939840273,1.75710013700569,1.58460168082801,1.0505845132125,3.62812975405958,2.61165855962602,3.66095285052837
0.136174405746507,3.79296307833639,1.12288427663435,-0.236897773894104,2.86287454510286,-1.27552300192557,0.536237543743919,1.02109319841132,1.58634383938074,1.06312662702029
1.45523803458879,1.74281806025233,4.13590269742223,2.27812296662704,2.79471831804405,2.57454306384504,4.01589508243267,-0.0935293347471706,4.08339917131749,0.975601256180373
0.654142663531329,2.67942069005533,0.268415408920716,2.21179132352854,2.03474423638964,-1.47436722353486,0.652732253586745,0.55913426961084,0.142523172203243,0.954928902811938
3.308518444607,-0.397906856658085,1.91574656343595,2.06097021320946,1.3715899881786,-0.617773777224327,1.36534608948728,0.935457174183978,0.547176954771769,0.754097419200176
1.9296489510268,3.39821334283465,3.91250959702464,2.22591959419522,3.90150176859467,0.876648545780061,2.32282444572489,3.73863100813818,3.84436880425106,3.04142138588004
-0.43296494734983,0.379475883271616,0.186829859174698,0.6463065018273,-2.14867838604552,0.0546453620493071,2.09420244433346,-1.92174585478476,-0.0590257370972282,-0.160540266521961
2.10922937627791,0.661921136109222,1.22312106500526,0.581452254147156,0.214735938255847,2.20001215739832,2.09021953333048,1.069354560327,1.33426658685956,-0.0413063790958552
2.55714213486829,0.59392928987875,0.967043477411454,1.84468204580421,0.0214233038233376,0.831893334003224,0.901387890649816,1.58347982993524,0.233839795346311,-0.157011871312007
-0.499658763999062,2.60128913771536,1.10769407527583,1.07207274983312,0.867535862308625,0.700889552095362,1.98760223418268,-0.912145148393713,0.828661633609841,1.16622700837784
1.54296189404998,0.991106206137696,3.04315175253087,3.51133719898661,0.865810398683194,3.52143677014651,0.727753329886847,1.89650329660165,1.03110898565395,3.24517791758912
3.26513438095958,0.323211916205994,1.66875427165097,2.30678561775349,2.52941100607931,1.47758340954276,1.13027729219673,2.34459270313074,0.73987857725784,3.8917092369216
2.090000386856,2.04320856729358,2.95201594569722,3.05317825384537,3.41621046924748,2.82198134122241,2.02434553403414,-0.256940851101336,0.942080839128173,-0.763316074210878
2.66436537068329,1.85385410490256,2.0583423435396,1.53836303912431,1.88936653442444,1.80228651912507,3.17758156463395,0.12897775621215,1.30637179073074,-0.145851380245611
-0.306030687179279,-0.958346472932854,0.759039333487929,1.33134108902147,-0.323001440013692,0.469355712625213,0.100326987525209,-0.0443701048986422,0.152197008911702,-0.821162471340447
1.67316069758853,2.03057397701783,1.0992204162631,0.8367026120096,-0.239473924205667,1.43288979539904,0.887630002596763,0.7645045236828,3.11553710856558,1.14092980673106
2.16650269442568,0.684921304203568,-0.287286638884592,3.30655174694339,2.05042783378067,3.52824185366042,1.08077400774662,0.085339821939497,-0.134957747424705,2.0173367311401
2.43512634362589,1.72734419546066,4.15772099369948,3.10980591303009,2.61095936622379,2.68773287285975,0.496788790542982,2.44968404261629,2.06245963248499,3.94308348494123
2.27872258105997,1.39452907217789,1.40626650829233,2.55370427437387,1.56170170413313,2.10525331019269,2.95862448596256,-0.0156706707601337,4.10251816117698,0.956707423031275
0.986309168050456,-0.935018222457664,0.788372576354048,2.08044626772465,-0.148888455957438,-0.156926929321108,2.06354375748364,0.103285839765144,1.10999988080582,-0.898104409103269
2.25232181479517,2.18686506847454,2.26423740790744,1.82102083129112,1.635960194458,0.764699167283523,3.34347512518974,2.12734827722985,2.8962781688641,1.39467095423107
-0.0761994046631159,0.676470055468252,0.773322495171192,-0.833430305660993,-1.10442405491357,0.52775346735241,0.451319708219021,1.11429340331997,0.690474634930594,-0.610390967991527
0.365265949379376,1.55354549082377,1.65067165185067,1.16455262458644,0.99138412310653,-0.290271273266364,1.29488111880674,0.440182349713295,1.55457208969416,1.21151432532012
2.49888742706403,2.03998407985266,-0.19450745086053,2.24129926933934,0.268703353759741,1.99293742221599,1.09819131475429,0.533028717548763,-0.852683996779277,-0.67037738201282
5.95586021258189,5.51253463813152,1.60031212516321,3.20541900825509,3.39593181619383,2.8325354977552,3.58654168942906,3.53901030145944,4.48471623902219,2.11837740795263
-0.819124187772246,0.82053345298493,0.99635624852103,-0.903113239486137,-0.0662851125473998,1.18270505381554,0.480169826344873,1.09225683636636,1.74950467719214,0.0382659691770048
1.50688825591013,2.12298193657491,0.989917898525462,1.71992556128789,3.02736637241599,0.865968993729341,0.819094050965099,4.17110514666672,3.29600650529948,1.60298750872174
1.99476783627153,2.50839255498616,1.97690018464737,1.08490908232493,3.51315358030518,0.760328716560158,2.56073643297018,0.958622157677083,1.62418427032439,3.45527581144665
2.6052367836331,2.51530731888593,1.56476147527903,1.60666113116549,0.483965215722817,0.0162212934607178,0.193182962793664,0.911963261702024,2.76647739796258,2.12264050511894
3.23001449824505,4.30843209127676,1.10182564770073,2.05818444223326,0.834535012246764,2.54601466214042,3.24049559017905,1.30759332689644,3.72594371003249,1.73723155941512
1.86673211994995,2.48704660457421,1.61477258215531,1.43141710012116,2.74301516706819,2.74573889750244,4.5025454071819,2.95028577322212,2.64705015668269,3.36241855831368
0.0148362163439415,1.67375317556837,0.0671597895674713,1.50253697776192,1.90940417212315,0.303471924943703,0.616033254670764,2.09866050191785,1.21260907073689,0.982555947551375
-0.365252293491763,0.681955123489352,1.06074602442536,2.07377291431902,-0.15218384444486,0.267445592855581,0.533829309560702,-0.0552957184833516,1.85219666056369,0.900462904968351
1.34791731615126,0.808911614629729,0.799367201160117,-0.56874912064078,0.0921424171469475,-1.42608031639836,0.385307369273931,0.208515509352014,-0.121323538646276,-0.993287317117802
0.760907243464749,2.07826299421669,0.851620046982422,0.643242829809069,2.63578023738702,2.79168351159709,1.44813303552473,1.84840933543364,1.48235562364703,1.55433395568219
1.13597755217901,3.21238414977539,1.97856598991934,2.74902010680308,0.880329921059826,2.30586753803865,1.86468314198631,1.51532204450851,0.260400289436949,0.970864711984649
1.44134648695496,0.309581128416024,1.5625572933478,1.00527890265251,0.518158303201284,-0.400888263220888,1.67577664783695,0.295515297182493,-0.748930759664053,-0.254446902301633
-0.442137386339566,0.956014458035445,-1.10998939231329,-0.487945213459618,0.799064704817873,1.49164052196102,1.16777586643445,1.549266172392,0.66987018614238,2.25315315724631
-0.926799538592958,0.141512399837436,-1.98788421213941,-0.563295217514563,-0.545283523516013,-0.00629005635301697,-0.126461115660733,0.684217054504579,-0.308545077793038,1.42436145863029
3.86208179625953,0.930150516214894,1.34186047182228,3.2648262521734,2.55662005532391,3.21248844696018,2.91744706240194,1.6901459440997,4.71781351031737,3.60951787108863
2.80513618653625,3.41635847209894,1.74226155817636,2.36312213464884,3.83456781795774,4.86146535381758,2.79231937078011,1.9723861669637,2.17692587593187,4.03160233360521
1.2739104699824,2.48561227013234,3.56108335829811,4.06768123405436,1.75295733327376,1.64443575325061,0.983486826101807,0.778828607381789,3.3194918546027,2.20668513357988
2.44493746646362,-0.496844715255681,2.61639447883237,2.55651897999272,3.06436629856346,2.4063365497415,2.99879337855726,1.81209267668712,1.75600052682342,2.44261183939336
1.30197192908942,2.42808125467652,1.64241376400953,4.25878207842567,3.08026427697336,0.31162660168852,1.21898195868417,1.42124373260725,2.08031221991933,1.4262924889239
-0.0814355572551119,0.0605388303046301,-2.68580656478475,0.317133034112165,-0.578677975615918,0.0870992058934766,-0.202935141027431,1.45001326222433,0.0561491722399316,1.4208712387775
2.84103962027154,2.7243826667363,2.99228998146753,3.21569804558242,1.5695565158719,4.63259814607646,3.35091888664805,1.59766898502413,4.69894201871902,2.63748080501077
-1.47017548773345,-0.474437931935774,1.55442017421357,0.550802197174748,-1.24495560355757,-0.0876188741940944,-1.87932179118875,0.738871212720538,0.163330596096987,-0.297607268257427
-0.946200510175505,2.78767834641888,-0.0526346451999895,1.03186257920332,1.07126410136855,0.464340909167669,0.684559783742138,1.18888126942018,0.410662793234392,0.0927977558060338
-0.388020625494325,-0.576965423122743,-0.212229465431881,-0.685569942974818,1.0149813664728,-0.785277919050294,-0.720926004396391,-0.57241694508003,-0.0462889466621959,1.24180394002441
2.23552938009465,1.55536848316029,3.17440836063809,2.63347476273587,2.43747969662864,2.6286419370008,0.421117661861043,1.5190645386668,-0.137080539880657,3.25990022035585
2.85341773551153,1.59369623562108,1.45870925881432,-0.344126828312466,1.51738948076581,1.54089131094833,0.250569103352544,1.15767408030107,-0.556310008825406,1.98886519651833
0.256578971970683,0.154290500215741,-1.74927685160392,0.71951611262985,1.69083464714823,2.15414205396608,-0.491460952574332,0.0268165181205733,-0.833134554189424,-0.232208411044579
2.14455982761713,3.00671631399597,4.39181935182921,3.48872132388774,2.54781914352755,2.62419982952192,4.0030581282438,1.70396482405958,3.83977466353574,1.4690957932272
1.71850426195225,1.52789433230762,2.32352367455835,1.95980797321596,-0.136625716531187,0.137852916906635,0.915639133141909,3.05060345929852,0.854361685105632,1.93724234877472
0.0655547152686896,1.64172755562222,0.881162645897681,-0.709225997909601,3.04060378176981,1.12140823226934,0.731326170979312,0.374255855468008,1.25226399336159,0.233971181945358
-0.262412887932293,0.302555959697131,0.188816236209437,0.122688822097785,0.23859114010272,-1.19761363527724,2.13403258831083,-0.00101565326332355,-0.51405900356104,0.136432296404352
0.636176186403018,1.11505965351114,0.220328225279925,0.69092038000871,1.37477294704723,-0.345145749239186,1.22029690872292,-0.271775663088819,-0.408265510101429,1.55217944139437
2.56927775108899,-0.378544939922925,0.59641757083955,0.251988124970928,1.64110543791866,2.30258047542296,1.66467347157421,3.18324508231438,1.19006831262705,1.04597533237372
-0.566733830873476,1.66117278126951,1.44783156583572,0.88641283157354,1.82454997268175,1.16171983732118,1.29328480629871,1.88981714111623,0.257623406514849,1.86989358806808
1.56460673522178,-1.28090828589272,3.03045763350629,1.54461278466735,1.79338242826135,1.20386196433621,0.911932196455248,0.324713220492027,1.49591473824172,-0.661993121455055
2.46989163820663,0.804912745538838,1.66321867888672,1.15149942346059,-0.559986477360165,0.691097949682253,3.40427637625075,1.70768920389284,1.59503902850214,3.55499960793222
0.224504280716147,1.49393123410198,-0.285014489004787,-0.755179988849412,0.490894786735888,-0.290812137696663,1.01530700186478,0.81136967774144,0.936010248962151,-1.80321683706255
1.31998566509333,0.186065926861451,1.87464090589447,0.236107712904479,0.543473868362495,1.29172450852451,1.05234162578024,3.35534359223966,-0.976094750601408,0.301372661267876
0.0495689654977306,0.702771061215012,0.134993971489781,1.00647267693108,1.1246486578591,0.0700324919798047,0.107045624844734,0.118980445205491,-0.298805781075456,0.171865434203313
2.99123380550441,3.8681282823129,2.14937526645274,3.85284062822583,2.3144678084241,2.84552184095825,3.27252551578772,4.18568631021391,3.81584506318702,2.62740734650813
1.36827730533996,2.66446118030053,0.938905198890088,4.23180205118469,3.83916789306598,4.2050871131425,2.88047894463495,3.062459293497,2.35772391325921,3.38134833593518
2.69286175730229,2.55576454039305,3.23538960147216,1.6404779034808,1.71384573324478,1.47620642743766,1.63567811047708,-0.143754376192144,0.856451701538438,2.89984403181901
1.56375782980541,0.57691190991147,-0.216694080011484,-0.480861283400202,-0.990758143261944,-0.0706761725903041,-0.595378535979962,-0.28555989768743,-0.156547279716267,1.12894787468299
0.278856028514052,0.696546522130547,1.3359335471966,2.69769957167593,0.696346278523677,0.589359851627361,1.48594169499483,0.0686044462529543,1.54724426299932,2.63413113187187
0.427547276599271,1.57993938697234,2.15461802787305,1.29179935846079,0.713919000982206,1.76355285063974,-0.175173698198593,1.99666585837148,2.95098751842186,0.628328695115092
0.17062939890406,-0.255631176246493,-0.390582674443285,-0.00837700212702068,-0.30570908270155,2.41695542854261,0.206862849044655,1.6481778119085,-0.430623301027201,-0.0275985789995932
0.142406825222474,0.531432102837754,-0.636437717629004,-0.106609712348391,-1.30390508426029,1.7857635534475,1.23253257107319,0.585764067687521,-1.96044491546257,-0.105217034698509
1.67279822537373,-1.11028340379389,0.0974976034688372,-0.126043431597356,1.05529059875707,0.547747429828833,0.789622937186062,-0.32286898036868,0.543788198982893,0.653885176709642
1.17526104944297,3.55471700782568,1.5527326703822,1.78665166923872,2.2164410156679,1.80591891795876,1.01714700562211,3.64707515789206,2.07773505580911,2.91875532592961
3.04062066228685,1.70120056506398,1.31885309967882,1.05847356360553,0.920469294113593,2.68055931067403,3.32755337471602,1.44924026369421,2.76748392256891,2.29281451306238
0.659690208397081,2.71492377993749,2.17776851646552,2.04799230861392,2.96793656032317,2.63866259732455,0.615117792343766,1.69416758294424,1.3508315831313,1.34066573149606
1.8754004405476,3.25258877504584,2.38963531658816,2.93481536373898,1.12417583719706,3.49470606027778,2.56416809001839,2.91430363228115,2.75576618806589,0.902450619743472
1.96541315860102,2.61011095336444,3.49907576666565,3.94793012384125,3.56143983826885,3.84322198828339,2.71135081825475,1.71931499953726,5.16816406065593,2.56498565702531
0.927628765992694,1.64968374502639,1.92161802465614,-0.519088236333511,0.162471705321666,-0.00705330882976418,0.165847207399201,0.905062844364516,0.627538371143987,1.06680198930512
1.42216285736475,0.0406605630407815,1.45633174537058,0.407567728028597,0.685387478928809,1.41678742115422,0.726957510331189,0.278773957184863,1.5809934400983,2.9483946718705
1.88189665287603,-0.120787038333524,0.0912538240825603,-0.174552264688297,1.86477967333963,0.053667575731546,0.63992902915063,0.974634689557182,1.87778539987886,2.20287955377048
0.485427360370687,-0.0615279269170617,2.65878815862513,1.14422395467028,1.57650248800699,-0.379185996940406,2.08274503825314,1.66692159905441,1.73665212759582,-0.592539533392881
-1.54904133314128,2.84404141826946,1.54863159024222,0.901230609247131,0.155018734583544,-0.516722131567769,-0.423289926619707,0.909094776346649,-0.494530003980561,0.51129135933614
1.44593000931282,1.72734558673438,-0.503151920186595,4.04941183488223,1.88518396268051,2.68325347301554,0.894071119804098,4.21695584209096,0.839993681916777,1.62311536655551
2.84328803860295,0.461093639180169,0.371463290253121,2.22079998063286,1.6532809664471,0.79656503755717,1.91962869730833,4.2785534208094,2.07054308218828,1.80022996141615
1.31253559238529,0.898301136313651,1.03365989145916,0.224906319290274,-0.0591645759251265,2.22696647361833,1.03358618871653,1.90132493340794,-0.421494905134763,0.988316783022075
0.691415563543139,0.498612226716959,2.06710985671596,1.86038932334788,1.24460721575317,0.66188536408321,1.9294270283315,3.10206479529461,1.54756304852833,2.96920124170471
3.06997500950059,1.26699750765086,2.91388670463481,1.53449223882166,1.09910636403941,3.29502945991191,4.49485906616302,2.97767767646774,1.945711960194,-0.435538734578556
0.583146643920335,1.55764502983071,0.784413532506241,1.45655810059369,-0.301427739244691,0.734653486510402,-0.421784045040607,-0.0389333089176627,2.20357138757803,0.797750267862602
1.48922595611731,2.73098978720772,2.2775173463546,1.18819188296391,2.68522289624756,3.31538446336675,2.80659492916443,2.83914767798987,1.87122922274792,2.35444296365692
3.16122747363544,2.39929028814564,2.14392160543383,1.75297838859744,4.03194408964321,1.63678917178792,0.758765463576203,2.69428911927046,1.65660826298093,2.38100751121289
2.57486876890779,1.7886457566186,-0.112604155999366,2.84835925731072,0.387627592518218,1.01429324255175,2.60015923584653,2.65126050657594,3.11123860001035,1.715479821288
2.90513497809824,2.98572294957018,2.49510584278929,4.16073302361689,4.70972255484975,4.78173163214879,3.37446520581277,2.50250531435164,2.51910397952914,4.81469576331195
1.5141581208642,-0.728935780246295,1.08272275397655,-0.068947232903926,0.0341162663951164,2.99431321155308,1.27993481017286,-0.145482174951603,1.53881146740083,1.8682046720485
2.08155186116142,0.289081977211939,4.33614315233761,2.0289521585953,1.33934100239702,1.99525184500666,0.989310590013247,1.5718641168441,2.71968217489795,1.74041535016273
1.79551619376323,0.610574453610836,0.413762363961187,1.25578336715804,-1.14386174304412,0.698901362186875,1.53792825981663,1.34676860741545,1.09258163912208,1.99806235961129
0.17360721145722,1.88082846644541,0.231030296970113,1.65921600889323,2.66164582882474,1.39028933628194,-0.589879926837215,1.40855664007621,0.272774503843379,1.13870125684375
2.35486189954417,1.48453578712006,3.15918107665454,2.25575216763187,3.30254579509477,1.69396630145083,2.19326428070635,1.4675845141304,2.85141692759121,3.08237805871304
0.740233654936212,0.316466293779044,1.33263342224213,-0.613318636845273,1.64284420964671,0.610595321077712,2.19571688939441,0.750585068041947,1.76206444606652,1.13703934171835
2.06402132509294,-0.271294052305115,1.58226230257328,0.823514820349899,-0.244666119842381,0.0577927047957235,0.0944372191141013,0.104769715524824,0.928585149264683,0.795974639727184
2.72579790030515,1.67433064550212,2.55725908362721,2.45829500681088,1.46582151351315,1.38247120442548,1.82906027855717,0.848002001398886,0.63423202789226,3.53114526667622
1.6136945078885,2.54636537786745,2.63119776424986,0.700523388356022,1.46525649741112,0.290356878760476,0.695825943578732,0.690253833903938,-0.898380443260611,1.243591254413
3.9501212576135,1.42807502088833,1.37127392456494,3.32099781888067,2.91936021809541,3.66086706439567,4.46690115055076,3.31980441413162,3.57791087562464,1.25727955028659
1.30920985946735,0.498147338345673,1.28307114028031,0.367036676771397,0.334580184261225,1.43383356621243,0.919074428129913,1.30877456812224,-0.0751422329119691,-0.0186966113305187
2.98287552006444,2.34052421533089,2.80922493915989,3.36678921397784,2.01529534078566,3.6935414243433,4.38382635977985,3.45418659932957,4.08407741884227,4.36648642691622
0.498047640993552,1.67238108376917,3.98545683854256,2.08706281794375,2.57207409363455,1.01996937587701,1.97826311716181,1.37105640814159,2.39767129984272,1.8670630708915
2.77689696010968,2.94771904687622,0.944882114777438,0.812483003030406,3.05946522365395,2.11705545084285,2.38848285830842,2.12700337531351,1.8564916524721,1.49051989916036
1.36397493142479,-0.785536336160811,3.01679559211627,0.985313002089389,1.24487397467051,-0.612442433842756,2.40730900018127,0.264090245294483,1.43456265356739,2.01660143136483
1.90573591408262,0.922109016188226,1.75666670164124,3.10315882681961,2.86091241795726,0.215236435915755,1.78606597313153,3.01438750813709,2.3071926653318,0.922310968581829
-1.36406271407705,-0.0321296969652087,0.571282871616474,3.56717603460958,0.283783268179521,1.27819756412464,0.666385177858701,1.64026427046014,0.414843170134681,1.06752550709123
0.277640697229468,1.2805419865718,0.963906596384959,2.78805368994933,0.598120616584236,1.37687637557205,1.49798010511253,1.53521127308104,-0.0190313804719446,2.94946969474806
0.466610318279045,1.15768155647131,1.73264782839035,1.74731194001906,1.46113642254786,2.02804337689265,1.41854817082026,1.10410697664055,2.19613910197329,-0.447974250367458
2.33112398058104,1.29409420227431,0.238545940882244,0.946449311008567,1.87933615056637,1.03931434524949,2.02882010035383,1.53270194633957,1.01641395322541,-0.00963161031543303
0.52841991711402,0.543511532065136,2.95229268814678,-1.13546522302007,-0.905382369365927,1.39554910399564,1.27955427908892,0.909699305160443,1.29639903983751,-0.295317761937728
2.96122797085572,-0.00575973073574421,2.34034473819321,2.20005188488422,2.26750804940471,1.03067039109789,1.51588752172905,1.67336586522097,2.13816429728364,2.61182562796
2.15398731830453,2.10376286919763,1.33405950593072,3.29059551887261,1.38791610899779,1.87829904220523,0.373606659524899,3.21987780221213,0.345743748735144,1.05738249039685
1.44011008934409,3.32002631131363,2.8709908921852,4.01069903328524,2.15736249445619,1.52249352354254,3.13731671573369,3.10372914135313,3.24404669183845,4.01101346813851
1.76241451897617,4.16171959461287,2.70153345656081,3.18346328682987,3.91302600825604,3.12626576275026,4.33506441089395,4.4078286186402,0.805754763818607,2.53600944671657
2.5552082372352,0.98248056496808,1.2226211531138,0.215144255661249,1.47905911776762,0.808701807677329,1.53289386446571,-0.26445344423015,-0.0737158456753941,1.38902881931536
0.646787028274963,1.21032449929057,2.8927380743621,1.42890740853695,1.38099899968697,1.61230947136686,0.504695669672229,1.92350223819966,1.91157259012006,2.49117658029576
0.113904224196092,-2.46074382834121,1.20074028116218,-0.607517449371578,-0.0670676261478858,-1.65939743133439,-1.42171362893411,-0.422050554512507,1.74371026263052,0.143801372689539
1.62532114148039,2.64434511120348,1.93663796790581,2.0281438326185,1.72932558536539,0.769263921349804,1.10087826468162,0.780081379214649,0.197550901486823,0.294517391117581
-0.326816621361928,-0.980899426624626,-0.605705276896141,-0.157330214943361,-0.816454214143647,1.54392954206781,0.242026493732933,-0.155903591683972,-0.989045948926389,1.22781162422889
1.35439848155978,1.9990694293492,0.20544708236454,2.20814163663932,2.13069284923835,1.47579143211316,2.48336563657974,1.17844991303627,3.18205345398072,1.62543976086279
-1.28907819796128,1.80644467104126,1.34444877063446,1.4269366535889,0.024149815350205,0.51250571119734,1.81930157372804,2.75544993340829,1.24382192529688,0.759780748039773
3.82622617057225,3.371585864976,3.07849879272711,3.1390933605094,2.02280367970585,4.2636778733709,1.80012160778611,2.38025674754073,3.08703964029566,3.69856889347502
0.335567786130241,0.746374422513768,-0.0904126042022955,1.82153036579659,0.837796494025653,0.811650617052194,2.03799934164199,0.734198828296286,2.20422137312991,-0.395488162633441
3.32099631756064,1.05663672164654,1.93453400756227,1.02559504353232,2.46639194005658,1.82928216969477,1.71471616063673,1.91688231890588,1.41973691391038,2.34235170950251
0.45951086715709,0.861208674046538,1.48025973573948,1.41984886337046,0.397539412927637,2.77710480353717,1.78494582552042,3.82915004811336,1.94251155679571,2.40057304175798
1.03185972581705,2.23020236678041,1.33019007766719,1.96163075082231,0.887013389557263,2.47582289229229,0.434965044443832,2.63689229252731,2.03430719744841,0.367151941515435
0.641581115247295,2.26393650609807,2.67829220426868,2.79019612927054,1.52136513458179,1.70387577188667,2.40374471596814,1.28302456904609,2.77624373697058,1.68722371379269
-0.83104240970172,1.01337251388589,-1.49730535328459,-0.440570175192323,-0.880927999983419,-1.44944979075468,0.123266534568987,0.234816613443,-1.4594955159139,-1.37661921980357
1.79526390494071,0.722220942202843,1.21261029228943,0.956510723904346,0.150238710198075,1.65339284896518,0.190358243947751,1.78410278427361,2.46780127652442,0.880714817188888
1.99428776716908,1.77100792106732,0.588280836523665,1.38579836212731,3.31421415348764,1.37813964083112,3.9343230208532,1.42471645227387,2.57987754515609,4.17357967107335
2.01004150776539,3.33147068809922,0.933493277131671,0.0711453655290691,1.0211856745475,1.12023862232879,1.78028735331223,1.95332873118753,0.359860143597216,0.494243331568305
0.612060313443937,0.0736418438217702,1.21782214883402,2.6996706499476,0.692347126982189,0.450950012045333,0.695352644559255,-1.07315524141488,2.46739411147088,3.05431912449801
3.28957644579129,1.09090202904165,2.34652581307815,1.47533624920857,1.67880005839201,1.39372595728094,-0.917480335668783,2.26638006276237,-0.223080744057906,1.12730696600789
1.71036340064292,1.04855957355829,2.7571796161312,2.82657258181772,1.69878835766833,1.55199696029402,2.07409133720291,1.29565347778048,1.89690099571745,0.533514245757852
1.54057156585067,1.52002688316624,0.0343770791240573,-0.501794228926705,1.33995566350607,-0.0743969633970802,0.251783266661665,1.26822897367764,1.89522338573583,0.674159802109006
-0.326976545840078,0.754576930608518,-0.428501602874808,1.59333358041338,0.806356760557902,2.64571858927039,1.46767121547938,0.0896738355958788,3.27807511826912,-0.764560552673723
-0.60692308520297,1.15090748257007,1.32826554577252,0.141596957063517,-0.452165369566412,1.66404995327459,0.428443246949783,-0.667601949770255,-0.11690776451887,1.94265817685834
1.03557319507999,0.34135909372013,-1.01822399610683,0.795610276613608,1.31989710503597,2.50673211675227,2.54995167434364,-0.435643647147433,0.39576353450139,-0.633138734765074
3.31557833826385,3.49299726260354,2.23497725930544,2.19506039163655,3.61541537128359,1.89832866143587,3.36726676026758,2.57868130053028,2.0832916562492,1.14178613947591
0.763252090682608,0.687412456448924,1.23852030570904,1.14452334627605,0.00985116839046751,1.25411882880325,0.677960036654928,-0.00604535262954853,-0.979823894115104,3.65694109489711
2.33932639237292,1.96541532859801,1.37923997754158,1.84526069637264,0.174309060118449,0.789381685762168,1.896329236451,3.05071907617767,1.91217406130736,2.87992249176367
1.62548882147287,0.646724943753909,-0.165606694050761,0.246852023515909,1.13070382330646,1.73083379864335,1.75626536959869,-0.126375256730751,2.24430341132725,1.9032834269336
0.910203255323381,4.0460409768083,0.75794723391452,2.03538359577256,1.74809026979584,1.77353194935345,2.00175063420095,2.9529468010948,3.29476947192237,1.67171176028733
0.569291727239689,0.725784229976131,0.780642570300278,2.39872401639325,1.6790172324938,-0.493501038047381,1.71034788637836,0.744491340278643,0.49125944881216,0.936992034777775
2.5685674617391,1.26695245476543,-1.73838037269028,1.09237579674883,1.61121154336366,1.9639901708297,1.25029067025197,2.38671295239588,1.30804221984813,2.93801914755424
1.39614648939674,0.394462919886929,2.26615273173168,0.989455844378931,1.68668938674489,1.79921662268077,1.78940430652259,0.687092881714519,0.741942900419152,-0.520279251766687
1.57436137221453,-0.608867328192271,-0.728666032175589,0.195581018141571,1.38508095832972,0.12056962410475,0.347410771682256,1.34053047993787,1.46454468168934,-0.528606277790002
0.65094650360764,-0.570918166440923,1.24859422677434,0.773485124954769,3.3444944299081,2.30851801816331,0.590498247801911,1.88212214833099,0.0764611298193397,-0.270626428809015
1.07470659271766,0.137248788816168,0.134846043936705,1.78673983638899,0.413205615432519,-0.154210198913271,-0.572829695606146,-0.286304369200415,-0.2540914135665,0.20967299108303
2.01499125407887,2.62778874150784,3.114919193124,2.1848335577004,3.21435055286979,1.91865551732193,3.11244452657804,3.64118695575793,3.03798422373689,2.24726077189868
1.39463589444056,1.62607500718441,3.16542290479802,3.03026499595444,2.01135126812103,2.16985745139489,2.98722596446039,0.643115946264887,1.67307679341771,4.10121900010352
1.3149713902128,3.0250348571382,1.8432490928585,2.2195081949919,1.10673655237348,3.65309877047669,2.78263550405352,5.52234703261906,2.88716603509942,1.80691424593871
2.23480751278208,0.31968876428293,1.68866399459526,1.49306526357574,0.842294675583902,0.269894564813977,-0.375797911286779,0.514578667630981,0.857693627327057,0.182896707351147
2.41369872283185,1.54657291555929,1.77554599987771,2.25919158358141,0.780408743948957,2.27990831717699,1.51346754465443,2.63702761457427,2.85368696985824,3.06529502984261
1.88154776169963,3.92188618224322,2.73409518302099,5.79961414064984,3.18773227197337,3.47649333497456,2.39294848636501,2.78272567238469,4.31151545005877,3.68627402431598
1.61444731144696,-1.25615315514676,-1.12599466832574,-1.58190552307678,-1.79815500704425,-0.124052799243053,0.130355106902441,-0.145781587590833,-1.14056519615603,0.422848233992311
0.625174174224984,-0.52835990959657,1.98376502931784,1.54482837554739,-0.214786853569831,0.807249073719185,1.22323980838255,-0.658008763717754,0.486561679077524,1.693161343456
5.58238587357903,1.51414268702583,3.54934621264024,2.39273116677502,3.19818374401945,1.58617019681542,3.03550726478331,3.09130016208219,3.5898464038885,1.96092114559438
0.571303091243594,1.42753714013214,1.92708039951247,1.71221107434589,2.33756816210213,-0.652313567559583,0.016834416939531,1.2719169653313,-2.69724780222914,0.872699307066832
1.3789060673708,2.76951843023414,0.080542101933277,2.62783350132096,1.38985027785583,1.48775469178566,2.11919988543918,1.77971971953747,1.82106696772867,1.74926897743509
2.28602942544821,1.9032389456812,1.90280913687573,2.57113274710799,2.89223318926042,3.19322252562481,1.72559133537055,0.806960047963101,0.298473618090055,0.278921821525403
2.81507347243322,1.59965401039269,1.5293664380164,0.121037843775376,-0.884728848973864,-0.149602085265028,0.842489437329328,2.85775448261816,2.91191120237038,2.05120358543913
1.30446593725508,1.59689512146901,1.6962183234128,0.924108566965624,1.26239315063044,0.477326665758721,0.558011491987023,1.9610501328721,0.1904224219049,2.52385404364272
0.417879867381582,0.977394048279905,2.95064448553335,2.33373069496759,2.50314533788678,0.487301516439882,1.16348626292073,2.4670665070887,0.518100040661263,0.586778740157444
1.16839337828533,-1.63815891810144,-0.959985217172809,-0.980705211295322,-0.533081573022274,0.889861528811079,-0.272688215315301,0.614024548382084,1.43587375670412,-0.76912080751774
2.44821887907043,1.68604260597428,2.01384273121848,-0.0192271214500297,0.00428991910480381,1.63845000127745,0.633061309931819,1.18117261676808,1.60181325077456,0.756022895160735
-0.313225908816147,-1.24419899079899,-0.107205235249268,-1.43477482594116,-0.180438403225455,-1.1849429190127,0.0108640549303077,-3.16591856020795,1.44003637553138,-0.203492676464824
1.17014582457982,2.49134329212862,0.857475393348362,3.56150598463591,3.01820796650296,4.01775414577891,3.35391625861922,1.91655730807197,2.41308673969538,2.66412188580595
2.74831584960696,-0.340184238774998,0.991303139970319,1.48013870868709,2.03078842366799,-0.235124559464359,1.78459533636654,-0.45900752958334,-0.566313565205938,0.246099635244155
-0.0995017316233535,0.487925113698829,0.460339770973928,1.2552040351548,0.692464938019963,0.0565672757363574,2.01249763140645,1.04540569552792,1.45668428273538,1.32661355694673
0.96951633560934,2.39433981745386,2.40789314420229,2.45295179705192,-0.0408859222531892,3.71418053078039,2.67308477821512,2.3658705425998,-0.896324699601015,1.95456723405762
0.553776398279903,1.13451618561888,1.44592854152836,2.48253288013272,0.525309123555871,1.79277398054985,3.34248913770509,-1.08491227220094,1.77951943956517,-1.04761104160588
1.5602140973625,0.235900794750445,1.535019756372,0.767699162172405,0.313385383362593,1.12952980690882,1.85775650218521,1.70118526624763,1.04837606629848,1.58901214196251
2.33339153482777,-0.290561281373576,1.40030166756163,1.01103149658429,2.36820817416403,0.109910008140111,0.759588883012955,2.28505844440524,1.25242513780039,-0.456840284018152
1.19070457833676,-0.211317647664304,2.61715244852937,-2.44657542716218,-0.719948835603541,-0.393473974847284,-0.415275381232345,-0.622234099759159,-0.942425603149567,0.0883295353890863
2.21220324927279,1.30552437520936,0.291704232617536,0.282488204276519,1.45946278191581,1.07415255604033,0.673243202323621,1.56375824946437,1.95914161581947,1.86294249137059
2.5452657653994,1.54290658200196,2.08956909103753,1.48386530170715,2.12442873925753,2.70715747296484,3.17563782550971,1.65586624054992,2.68935836148064,2.63963798947405
1.87356986722078,0.871794936201261,1.78459766925368,2.50292517719552,2.26407933516578,1.53953405945173,0.41849871790394,1.20329735929377,1.58273397298902,2.85846135839596
1.17741797639431,0.0463255954765601,0.237895958347347,0.51524111545845,-0.0537265039729675,0.250448382469256,0.0759966720110844,1.82924845227039,1.31085104735812,1.53805702096352
3.95506992317366,2.35637817729801,3.7315284663928,3.21062605798491,4.40403579158998,3.15661552457598,4.76913094027722,3.49504994407388,2.84916864786379,3.20391664707449
1.77103727244159,1.1668153262125,-0.924884346731947,0.318558527039526,-0.733685278435456,0.2215191814432,1.49302918102383,2.64078604029064,3.24697994725714,2.28026808375107
-0.239458864243728,0.901228279807624,2.13459548010984,0.344326819864056,1.67673589658382,0.538073899862506,1.69894407770104,0.360264484774997,1.1353986505376,0.917671065294948
2.58367376380944,1.9890851868759,0.227097897403672,0.954932456844328,1.71556937802965,1.94654178291234,0.250955248061877,-0.56996472578447,0.88153127978527,0.873986035956968
2.75132022469976,2.50326332958586,1.23266379273314,2.13406236687729,1.95836185578536,2.38265548521211,0.0761692646630969,0.841146285781174,2.2484299054573,0.989801165932666
3.11300570217965,4.55368785340448,4.61492032500422,4.67408714644324,1.26410900972902,3.58765993262562,2.31266953490668,3.22586748109867,1.05073817169636,2.94736097469836
1.76628012986455,2.40293348826939,2.82566679386894,2.49022254278748,3.32926097209649,1.99184615895854,1.3652215081711,2.50048009582384,1.21216619209513,1.20644761187552
1.68751226186159,2.98491885683009,1.04214596610072,1.23892244837044,0.519611391243758,2.66288344207699,1.06873769210004,0.938682708699588,0.583637593210034,0.858525464583177
1.8660126619796,3.28714507354727,1.63161095392402,3.56380537234353,1.50458885381964,3.27475891679848,5.23139181528715,3.37272977602731,2.53253480097455,4.24142649211645
0.978300836866923,2.66516946952431,2.46625663059105,1.69553261183418,2.1660682442699,1.02208877872296,2.05941109555722,1.84951615563294,1.60947733480966,2.34957463999304
2.12939373817081,1.60257921180675,0.0783381148793635,-0.174079104536285,0.566108987581075,-0.697673707593208,0.130319012911875,1.12199148603155,2.40830296703771,1.249235184191
0.753353946208529,0.515123117700889,-0.404684952935021,0.0521987574870212,1.03316022631808,0.731003137541553,0.662804906598036,-2.06774068371132,-1.23426373007334,0.568109833925203
-0.84334681118426,-1.01713171507014,-1.02129661453017,-1.72518980964661,-0.0962041971440508,0.699845942313259,0.264223144904565,0.560166324716577,-0.714667681047478,2.43522442700813
1.81337856723564,1.45225985984151,1.20408719349958,2.42792126195435,1.33764598567082,0.835083622292245,1.54894966618736,1.74444516033652,0.862434800944087,0.279168929507192
0.293499157593879,-0.0762926524526018,1.69274574486902,1.05936908750767,0.773779709960059,0.372431461083476,1.85720625882105,1.12292203146888,2.18745287286113,-0.710340459037145
0.729224669598739,3.26719540035336,1.5569367686564,0.798393341973361,1.27632897087077,-0.250961854531748,-0.494577539210124,2.82515161370996,0.727806232056763,1.43147292692419
0.360107763411155,-0.166117024941253,0.8257550593031,1.75516212004362,1.6112574709166,-0.216395076545056,0.0565577834286183,0.418682065453654,-1.68048960424725,-0.121490761812862
0.329664633342594,1.51427156424443,0.595004718821792,0.207644521244198,0.582323525373786,1.58818858584217,0.968221466827505,0.483888271630419,1.66269511197132,0.0737073759528265
0.295935666488999,1.15066483461296,-1.0084065363581,0.642772970870773,-0.479251371711252,-1.76201787171388,-1.39642973021794,0.461187846948487,0.518096806569262,-0.063214396383223
1.0208818543918,0.549934283527654,-0.598366016833644,0.224392413082412,-0.28106808047201,0.206833781535745,1.43814822729685,2.20187830635314,1.11891015870806,2.56608039863672
0.528923321085426,1.26569006083838,0.772585232303864,-0.461514900662918,-0.535405102836157,2.89983011292706,2.20580147769489,-0.494777218713012,0.177573899412208,2.03347216319881
1.01596500583352,0.427508569908391,1.49868659841797,1.48708383825851,0.127139331549985,2.03167920555167,0.544668419443731,0.688387496937421,0.679063018515742,1.09315464849964
0.289359380979108,-0.528676002479708,0.792868815181815,-0.212067656727818,0.0287504874636398,0.282019075926028,-2.47386245307199,0.695565688396078,-0.183501280989243,-1.41119968969205
0.818814240186753,1.48416154186494,1.74590877690984,1.6631510581286,2.82350415241502,-0.044422473919159,2.72605418072331,2.13851659467422,3.8877032791704,1.85440488211252
1.6074320928799,3.25444164682538,0.840987556349204,2.89681246809258,1.08354357359913,1.80500063657642,4.40554546372678,1.10734229633283,2.08972087090286,-0.352382915998814
3.42124712898871,1.63423280122161,2.54183176306798,4.00332813461635,2.12381310552356,2.79024491169855,4.7830087621167,2.43882191241993,3.06792977884031,2.22988335687357
2.02482645739189,2.13133237196213,2.63624768869431,3.5899895787443,2.10879923744966,2.21281397534435,0.571411609667898,2.70247802731455,2.30687728723173,2.15288989216205
0.327888052619143,2.63892531567464,1.94861707483384,4.55029398343396,1.30941480460852,2.60991376450236,0.811650094413332,1.89469334632549,2.73685961584381,2.0008291663279
2.02971916529936,0.217936157708167,1.030386796885,0.220520877459376,3.01114960442422,2.84905697162942,2.48192607985794,3.97847802187607,2.00167052847118,1.36924280245517
-0.425646219069017,2.21937242884092,0.457413074496385,0.504693586482171,1.78306376423511,1.42097429460084,-1.34978249740991,2.0992388911568,0.0731694296788227,1.8214317484919
0.385071834928566,-0.14339388871285,1.01353392540773,-0.303808715550211,0.0897989726734671,-1.57907931922571,1.34725930084119,-0.622915240293762,-0.491577534051609,0.856729863633812
-0.423742183077865,0.143955622418691,-0.70656330468009,0.353049407208335,0.384778990228205,-0.0441273058371126,2.43225562128831,0.76172365443821,-1.17950754677239,2.11624162892697
3.23594493097147,2.80525575950931,2.5272488243004,4.05432997953868,3.33058735568667,-0.168285676650179,2.52654498545923,4.57025564626914,3.45600940193452,1.27221513961817
0.0847482997141708,0.603746625157251,-1.46962644167797,-3.37638959644564,0.142497782673084,-0.253641791339607,-1.66141867330863,-1.00378071792181,1.20761800068677,-0.153331723686739
-0.306991739935288,0.773696097433219,1.57983667200142,1.60955527965356,0.618277206428116,0.567859676219737,0.271471186376195,0.28878901685171,0.976087220875511,1.94152134196715
0.974656899787507,0.368563416180132,0.49058934559594,-1.61633142359622,0.00802644166095102,-0.46116353273738,-0.306349753268741,2.01907518829081,-0.356641798473515,0.524702467402942
0.842158221905573,1.82549569552737,0.960655418707969,1.95488515039486,3.01169185362662,2.14958341551467,2.78133071753001,1.74786854351256,1.71498158245588,3.65121700615449
2.47247488134336,1.46467089042416,2.05648608690366,1.98234530846614,3.0610977127138,1.65886958818048,2.49426982190843,3.38030247233923,0.605969680915979,2.06442113721442
2.45870578752309,2.30513180699951,2.52967235909243,1.99030297667599,2.83284072983525,3.14157369738234,2.06104669938373,2.24719358318707,1.68945336375492,2.42317185531018
3.73828777954599,1.17585120891755,1.86683324456896,1.77166680107441,3.21832230507467,1.13536868625925,2.15554681974781,0.696966414766621,2.15517780578127,0.775618944704022
2.8243018609093,2.52989973740007,1.80772538113922,1.86289446578877,0.499088019145611,0.79917591146139,2.62292384361372,1.5329978977567,0.249312762421461,0.956234706097303
0.852130614579482,1.34273458891561,1.67104558892594,1.90730431329509,0.768342134222905,1.85754798511032,0.826715006885415,1.58083820929904,-0.266911491662032,1.15437792568958
1.53004630028585,0.579031964978839,2.52483248626275,1.45807452394484,0.40762704470132,2.22829104695399,1.36205301514656,1.3487001518609,0.757702467392666,1.03949193856765
4.32659551238566,1.27529732133034,2.88473568194027,3.48645782699438,2.52692062370936,3.5352514281873,1.9031399662517,1.20836014054157,0.905172069071975,0.0382638345368658
1.79242289095789,1.60335835715342,1.266571928187,2.91857985686587,2.04939998621333,2.42309504694973,3.6795446546802,1.97290514812999,2.18601111617422,1.98745817693093
0.893831562750829,0.381209596032765,-1.01011274677011,-1.20162913473327,0.104285924149736,0.940380547485654,-0.661091851495438,-1.69102037242777,0.299205615837899,0.944699856243747
2.35564828364725,0.5392759863792,0.804887282500158,3.38822023102925,0.605103809261104,0.124264433721249,1.60695422968056,2.69244764660733,0.0250287061903497,-1.58034090355629
2.96619090597536,0.965361768871076,2.08578682410564,3.3128606491255,2.19222947590596,2.56895829234115,2.34475000551997,2.88138450073017,2.84267053419848,1.72457724677573
2.65271609758588,3.35019184190774,2.49408194194786,1.78170984232347,2.07690117092997,1.69155555861393,1.21051896492555,3.58097340593554,3.10152793686669,1.51618611281387
2.90990361464956,1.5338743180272,3.52351699283083,2.33522565707294,-0.226812315039918,0.872113619546528,1.43619309487797,2.60748284630858,1.8028116395878,2.54427239639143
3.35271135214908,1.27139921531179,3.36976342044254,1.80918938879963,1.26907964192867,2.34253077952348,-0.146726233618977,0.0115184000101779,1.14410357787734,1.94649281585969
0.546066165231028,1.64767973391626,1.30750588588409,2.40150022513157,-0.652460332271137,1.07274900807813,2.06690710624099,2.01751386807063,1.62724566611046,1.86059569306521
-1.8984821446524,-0.242689397337437,0.225835855221674,-0.277115276821392,0.62583662070094,0.625422497572088,0.0768939151266478,-2.1947573642565,1.2562974801291,-1.97146199057362
1.0638798772301,2.33922223464745,1.49365550109375,2.13872649124795,1.33606360598746,0.634120583421005,1.41127575906708,-0.58028314100821,-0.088318437650339,0.0516597890794323
0.891946791668138,0.679388717733356,0.485213897222299,-0.244330039277467,1.37165287214217,-1.42306561615067,1.1225952786742,0.326340083713998,-0.285505962115302,0.62345943004933
2.72900155008895,2.03157058554603,2.76086105761244,1.60303335769061,0.836072919926889,0.000200499496038509,1.44114247594227,0.976441299652649,1.15106906718346,1.7770217464068
2.20002488123507,1.78963564936524,2.76910704342546,0.804810517485933,2.15920699264734,2.97011945183182,3.25763553292259,3.26752649805576,2.83519348261584,1.5881742159597
1.85058650813808,3.10125296153103,3.19882547744751,4.652529898355,4.62298903573062,3.46291881172158,3.47665951336161,2.8581515415707,3.22357661070625,2.15699148866163
1.68384036727143,3.22923800385554,1.14475164450966,0.213352904234606,1.88790098503173,-0.686876243641814,1.97349990577921,0.491432989571155,1.36792981374553,1.17327789304437
2.12755648240044,1.76697214853017,0.469688066675402,1.16355054847656,1.49739160719943,0.183106056337791,-0.0487728026194831,1.74436397747444,2.04656269886301,2.05047761679855
0.641535458711694,1.71976139113224,2.78452627332492,1.53731639573647,2.33594213750748,1.44233666859508,0.715645259926962,1.31933088802237,1.87916901424863,1.04236410184188
1.14544931403259,0.823082440150217,0.913670995259427,3.13952566984603,2.69624866370104,2.7147273516402,2.313897516187,2.91277346861298,1.24206912698239,2.72189579157632
2.32416016964127,1.75068886177696,2.65493403042468,2.80294103719038,2.70601592040695,1.46676358962055,1.37503860281348,3.26887156419586,3.20729002705608,2.29117515011849
1.33376926270916,0.789463486067297,1.48333782255316,2.37419130104025,1.81225686878309,3.44119014559779,2.83366597587665,0.860833260281513,1.78384625520435,3.94624678715057
-1.85791993225855,0.590494779060467,1.40817584579703,0.0678568182083521,0.345278074377741,1.81014086688189,1.14205068847099,0.297281266191766,-0.511196678768085,0.605182515418724
3.13538606446463,2.23629231505035,-1.77171676635975,1.66940444169156,1.82179263440338,1.22703787894481,3.12751945076273,2.14339919148981,2.46230711022748,2.60453614165804
2.08521129353133,1.33893233376037,1.4655290795003,0.691383966515683,2.92597539593015,0.663291876374716,0.513141753295675,1.04827878581529,1.37868831663751,0.762522658003667
1.32534564831578,-0.0827484775853919,-0.684601503561415,0.381643463512318,1.98714335144625,1.06812253184214,2.66803676820449,-0.952317878981826,0.275475502186666,0.128444610472142
3.57932557230349,2.01949429392109,1.40024605819632,2.27234329239289,3.16092474158746,1.2909945715092,0.77939049490727,2.56426638738172,2.3203699099486,1.79700451034034
2.22245913534522,3.02595808948614,5.57165036554329,1.06096294764228,3.20121091343476,3.31044590039007,2.47226593283769,3.93963883992523,2.40821822358147,3.69064530747492
0.955749639185579,2.38573204803292,1.27673123658539,1.33440202503666,2.74144301438804,2.50234653304642,1.59038989156477,2.45653721568578,1.77727211173103,2.49654297847574
-1.06628635871394,0.683436505671648,-1.29906027671897,-1.14870531239011,0.93163489979413,1.22047079388781,-0.164019096131744,-1.75087376949035,-1.99879611937356,0.498064768346434
1.02503834354115,2.74175784635813,2.49180924515145,1.26390532178373,1.73565091893199,2.14456112855585,2.49910743884134,2.09618228868021,2.52041624016399,3.10314204505633
2.74095783522049,2.62346459505336,2.49670124141393,2.69010334052151,0.944560764336859,2.42366730565956,2.94950268351113,2.10000128201792,2.68813054450626,2.58847283819407
1.31586863238904,3.75107145879043,3.47344428532938,3.14258020493066,3.7161733900909,3.08098437856279,2.3059865498024,3.3126610000048,2.14631083582878,2.81736394737789
1.63062500254843,1.5730011715239,1.68875266967946,0.0523523142183221,1.71935405276124,2.27815301934661,1.7623635356209,0.687804187902148,1.5190872464365,-2.48437478233516
1.02336081674458,1.67016492598625,2.57611213599059,2.04933106197598,1.2527260479439,1.20186903470787,1.17872870113145,0.167412604634173,0.518043328257092,2.3601536975412
-0.00419430104178553,0.435462012645327,1.09617663268743,1.62562911870706,2.21265050747595,0.676821246173068,-0.027397692438081,1.36394695438792,1.98894655187573,0.612406315734009
3.84067294594888,1.98038917006809,2.06475208194577,0.906529799843647,3.01742956554359,4.361697727919,1.86947827259362,0.45687756279443,0.876116502635188,3.079584225535
-0.56962989714843,1.27589143358995,1.930788088906,1.88664699123383,0.980795283664167,1.80188613609392,1.15976752957213,0.502766842704312,-1.18102341163869,-0.200285746957402
3.70473553963177,2.93397943259095,3.80528943062078,0.676461619208331,4.06667363522466,2.92234219080315,3.53494956581793,5.56593349638542,4.67813655110884,1.2714182137623
2.54750167127723,4.12586645809115,3.80440591051905,3.47193080625027,4.6888559032285,1.43688736443924,2.95169905733886,3.20304237870654,3.5773750364459,2.36644373729002
0.77616140080386,-0.023056871788264,0.632583637796226,-0.738093927000562,0.583500127990184,0.529137140480253,0.534873457883569,0.524683582084532,1.65310183029812,1.20036789899768
0.917986548686727,0.624660197501142,2.7462732862628,0.63075165294574,0.244993302236431,1.16041621339319,2.16446087749326,-1.07617202542251,2.33659468049406,-1.70696630710679
2.07187476916772,1.50479365672188,0.683217014494676,1.9099591284504,-0.0859432773763369,1.40762199488542,2.05202573008106,2.46568020463257,0.765484837535798,3.14529156462504
0.373915365241663,1.95928102513647,1.82205153420464,2.0121612417833,1.88704929048739,-0.561886114343619,2.44308414582131,2.28810320164849,-0.128301597406053,0.931829830504794
1.96500394281575,2.97857732006051,-1.53221956312816,2.11352799237204,2.73300040158055,0.0417057617655627,2.60811427236195,1.04012776533974,2.00749067899133,2.5258947078251
3.21559132216937,1.9874799659469,0.641489055339478,3.05182648464447,2.5908254378278,2.03203384857486,1.44988856946226,0.335727399366618,2.35627636230124,2.26890334368957
2.67536678088644,4.72964887624702,3.66494249764177,2.51580028787674,3.22854242463265,1.40328614769776,3.72126786066582,3.1472798901114,1.70149399175726,2.13544029424624
3.82294042733152,0.176595126144936,2.18331584665512,0.984091410803411,-0.657534230791703,0.860183285604939,2.14964523716463,0.24227705139915,-0.696310838843317,1.56731436592728
0.419315309010767,1.70323151578978,0.64952560829865,-0.998861869426336,1.37424736750282,0.358737855906376,0.977372772331122,1.69027058057849,0.044502955487966,0.201999022627233
1.58515531804393,-0.0832198918451195,0.483361494317249,0.771455290135274,0.937803023147059,-1.41660001091702,0.0500848530245707,0.0681144701358998,-0.604873797739025,1.72220882754167
-0.114197024672995,0.527920196735325,0.651180033141666,0.252484307775612,2.54316077024649,1.04731975104303,1.0972531031409,0.0798744085619998,1.47947051243374,1.27168338151194
3.37331603024873,2.23737101679636,3.56122396759773,4.3082434446916,2.03740552026927,3.60970831147404,1.84945422636428,3.63394665709428,3.84829646208641,0.361339767410609
1.16677121304616,2.04812418798637,0.780643326062814,2.31163885432261,1.15419512817034,2.03541668955449,0.906077432800487,0.797142099223027,-1.1090052155145,-0.879375757318198
4.17475724782567,5.04026979947822,3.17608841506551,2.56729416230397,1.43640697032999,4.00260510445965,3.38369149557771,3.78682143099908,2.62125602959354,0.254946931467676
0.334925224101369,1.10150140879651,0.691678890003429,1.2086112532306,1.47451754385118,0.764557443335427,3.24934376549615,1.5813246734094,1.41582652048133,1.69482379021481
1.84952584895796,2.60589004815187,2.20825321825972,2.85254067828237,2.54297148960222,0.966689996762376,1.19939917135073,1.19920934146068,1.70193304478855,1.63532406358587
2.60150668805804,-0.474243351240546,1.16346143116283,-0.361244723877773,2.37615801446171,1.84493300462643,0.678476517471861,1.08107058748097,0.315676511653863,2.61284559111242
2.05839558421444,2.01961121871781,2.7071641243427,1.22973932533838,2.65054175933591,0.595430160548492,2.00532322765241,1.62253861825122,1.6830290836341,0.41209406123058
4.46852570390922,1.50803565778261,4.40050326144119,1.7469455146631,1.8731450758898,2.28920375407883,1.85109800897361,2.27981084589776,3.62104146447135,0.65178536516422
1.77544370369614,0.191665567411713,0.168968113586331,0.453061881850808,-0.32918769048278,0.913754863401665,2.2759044744938,1.60842108891224,2.31318111080659,0.548006527410534
1.21222757004301,1.81639316597084,2.62165527659473,1.8117557446568,0.303114345315977,1.39278231758522,1.41808252567695,1.66014969241749,1.44924271181787,1.58424861556177
-0.237078450823753,0.950372218435268,2.90334000214735,1.70918585802782,1.94727792963091,0.552981469812359,2.85600459513653,2.75507186563428,1.32929479273899,2.27130331635001
0.716675904150758,0.229016087910805,-0.604432531914594,1.41998542890479,-1.08271358879332,-0.132426943139617,-0.394565890927809,0.225723272005301,0.813199655659183,0.714274650913346
-0.895022219156252,-0.0997422559989793,0.123803266601374,0.0574618353881867,-0.36873019416271,0.206726017580137,-1.89502274493,1.0503889902275,1.0092494835932,-0.66813942645863
0.208757380422023,0.778493608115184,0.248116243470955,2.89635355237658,1.60391558607988,2.8920883626994,2.09591100316503,2.8217031878051,2.94022475171417,1.43082691096984
1.199458705059,0.894546985659308,2.51478451702556,3.2080011481801,0.316650380209332,0.468200382600839,1.4119530723543,2.06546594682114,-1.0245610819645,1.74810610075013
2.45709709142262,2.44749948558383,-1.31875210359342,1.04435728370067,2.59182644713443,1.45119800588413,2.72535607420605,2.12544914140716,1.82440043330634,3.4438529084848
-0.379961457409376,1.1321524651669,0.839300330312835,1.511608365586,1.29413384179086,0.545914337024456,-0.150237069883301,3.07650153210786,2.33857967420858,2.06338776237152
2.69977562719547,2.85320489494051,2.30305915728132,1.75597483892853,3.03611082427307,1.85442904627533,3.37360042222753,3.83994584600295,2.10276352829073,2.76390191142102
0.631961312942552,1.94415334126806,1.11707254360301,1.77269024432074,1.39805854001019,1.80512044919182,0.988328755165101,1.33532435443576,1.22324219177417,-0.436853525067673
2.12017892443611,2.43320134208277,2.70729411024104,1.88912178811922,0.582907977775294,-0.96969110954138,1.54317643292124,-0.0231053946423427,-0.159534619992432,0.736385800437182
2.60672304645068,0.339646942945797,-0.61155758459166,1.30598665739123,2.26715847736711,0.794904572868268,1.50154403405822,2.55050938703921,2.52346760781087,0.550593545545132
1.85597644942732,0.75206817722769,1.19521455192049,0.00662753363195778,1.94143335378755,1.55850385869822,1.73932410995642,2.85668507602594,-1.60561710855658,0.172197696359029
0.00931848590410889,3.92549521704179,2.87307753942111,2.10424718689625,1.00975076561858,1.95388924848839,4.14379451891583,1.82701606457755,2.53984007797628,2.95442377077958
0.904541955387762,-0.93257185754492,1.07640402298008,0.471774327476591,0.970160437045941,-1.09924935131206,-0.629867797909965,-1.00278476523126,0.390233685321722,-1.25509528880984
-0.605642055751956,1.86597485002649,2.04193071293494,1.4533719673867,0.321131619835456,2.39095403422777,1.70522795004216,2.54121640498505,-0.293989873396066,1.2166398358626
0.0944379949806898,0.88014152468023,0.548736616218355,-0.863499304273125,0.0112261026442751,0.0247686965751415,0.670235863160812,1.47696121948168,1.37998190247851,0.10103224297111
0.0239250034602801,-0.184520382551257,0.439915104453584,-0.495350073324164,-0.331784039179837,-0.562608402484685,-0.647897625787734,-0.883036277342633,-0.463581846341697,-0.465292058918943
3.27876406944267,2.50868872597875,1.63216845645299,1.4058089558633,1.26642564003123,1.13940863461795,2.18736849115834,0.67168446838347,3.00365283788026,2.97496413540595
-0.947926313946517,-0.617826027685147,1.06300714318567,-1.09388580959704,0.20057951377341,-0.0862470674714772,-0.508228342325255,-0.652775590379529,-2.20567530522978,-1.46060948409002
0.752632770160541,3.39483594534146,3.60530784587314,3.61503780322694,2.88808256990729,2.53146145078247,2.15752751453053,1.77805191240604,2.36330102162253,3.42107270824656
0.918439251129041,0.0692262045764886,1.72782158982095,0.241452599371897,1.99615372352107,-0.269899600461304,0.922254054985758,-0.339136070521558,0.0117841723101929,1.65030417241498
4.38459269638364,4.21478924894367,4.18247335031857,1.89706020614541,2.79123871131655,0.814785521049002,3.03992905312172,4.03782847543406,2.23712233980694,3.06656176346407
0.0731866005521522,0.931715650779975,0.520685549301343,1.08501489715102,0.650716485292674,1.6804453252996,2.41230416235105,0.839136075497113,3.36241249078881,1.9477576120639
1.31116237282267,2.01963352913924,3.83186365276673,0.256538396446978,1.50240929288069,-0.298075837284978,1.30892659485984,1.44170420292439,1.17716660282255,1.08783799341454
1.94773826092452,3.02792210896982,1.94854059663849,0.765863391269097,-1.53701917043855,0.441475508065339,1.04195240727485,2.03100925489916,1.22227708327108,1.48488060379904
0.592989084029158,1.44483541479449,0.0027634303098526,1.76774620638078,2.85864593083777,1.02798729021348,-0.828250703645329,0.236975892727266,-0.793507315882814,1.102443310403
0.184077197961912,1.29786891093991,0.513565237474607,1.49844983925629,1.57922644148848,1.50794500900532,1.29977182233128,3.23189223932871,0.804245011219948,3.14329887857971
1.19046153141222,1.32710383007695,2.78244985891283,0.81064621325594,1.16531162687357,0.403555958438612,0.842092219134841,1.19183049344525,0.723331365641177,1.89697678954447
-0.0627475672420883,0.647243548616007,0.424148558764006,2.96046621851016,2.14765381831581,-0.219430525175358,1.66875700980851,1.67854761759433,2.1126635355207,-1.13934364575986
1.29010403140797,2.27205803487292,0.224383276876591,2.63322052432847,2.28202003358866,2.0270432098989,3.76180660810692,1.69706059303984,0.639301219848249,1.68910079282794
4.1561591970345,3.66456114318559,4.03750660397465,4.16010895052414,6.00649684519441,4.92044897710796,5.02321994012343,3.14073521146107,1.71143649950829,2.01395760851855
0.179402973140045,0.19635218222343,-2.36725475221494,-0.774371933342338,-1.41324649247658,0.0696856700679492,-1.12032740846498,-0.137558918933842,-0.751207134754259,-0.352376223212715
1.24525693381862,0.966705519760868,1.04912984045732,3.03343116987088,1.544009893491,0.159704581840674,0.941193661084152,-1.04306568868472,0.980431471852648,-0.353725030706894
-1.3585895772149,-0.665201085286455,-0.292880961306482,1.37004745988337,-0.957114151553779,-0.0964272692131034,0.677654109168622,-0.649819026570209,0.595215038194148,-3.05414515999828
2.9137595825166,1.72101805426825,1.95990715112429,0.993600312390673,1.47901910333374,0.780448166527613,1.18825406257425,1.45943389861435,3.0096636147417,2.19176353280601
1.31018439674859,2.47111417376475,1.49119854552284,1.29700476755441,3.11931135804182,1.60230798587121,3.35184844230196,1.50610189424099,1.45766869996521,1.52609600727233
2.06579251321335,1.42377250109927,0.443971705107886,1.41333501061803,1.3112075416413,1.06190850947024,-0.450164107187217,1.31857304708985,-0.310800372049908,0.763926464074301
0.694028812002315,1.32929602995745,1.93086635224183,0.109552838171114,1.68058302738314,-0.222156329898241,-0.230220668354348,1.40006148973073,0.940002527978546,3.46776922132732
2.36851823061356,0.173188066487873,0.228475543542809,0.031174029999209,3.93394181421486,1.17572758922266,1.15499954511138,2.51423625205094,1.64154489587551,2.89888868507916
1.46342281452793,0.697632741845877,-0.224908964444835,0.649206794258854,2.43701465156823,0.693652219077071,0.40276745458445,1.33281615376031,-0.288488094193842,-0.55197855192398
2.41978907000667,1.77813448496548,1.48289804739394,3.50612510945444,1.41000338971087,2.59543745118679,1.83178296313213,1.02867317677038,1.61336755065172,1.54804635702271
1.94296109859794,3.18405504664488,3.51313970836433,2.39774349637184,2.72288548933589,2.75314939218124,1.66904819713241,1.58470199529002,0.508544201182887,1.29665097744686
2.72434451230524,1.6898472330978,0.194183015541015,1.11040118647777,0.376928136961997,0.370479238139655,-0.575917118813183,0.743394996507812,0.377668487972113,0.507196652876799
1.56950044992074,2.12871760476589,1.6912844551307,0.314151092548204,0.84444028617994,-0.53918076831902,1.56702618644457,0.26766832578794,1.31358728818287,1.31732637263987
2.11698991636719,0.132147601519342,3.09864711602514,1.3069599804506,1.55507895425201,0.815978071889946,1.47379630553118,2.18859795109072,1.42079857936312,2.41363498538186
0.693357236468708,3.64711892462511,3.06825749896855,2.7841716991406,3.40755066799912,2.15192454094716,3.46573900610058,1.56395900710386,1.71152420539129,3.37079395900081
1.55128164137032,1.53819728815045,1.24931018714095,-0.188401399327177,2.00613178548803,1.44156092106098,1.56354134243612,2.16521707136993,1.18212325103665,1.02712431617579
1.73175084853127,-0.465482926409434,0.80082059485266,0.76067269095157,1.83775301467151,1.8658276745659,0.365643349167818,-0.146760261966662,0.373117899941688,0.0922221572418762
0.847080380701317,1.25697949016577,1.24287791099724,2.06659138874806,-0.52292706543494,-0.710035064487239,0.139023975707987,2.27754386225924,0.198041813336371,0.731599513800704
-0.311210180780433,-0.158640784781268,1.23154151834172,-0.388627985335992,2.05199130064863,2.40602829813329,2.06378596549155,0.65714796474366,1.38613052130868,0.696321056263754
3.51610355459508,1.9291382819389,1.95152524259074,1.24254945165148,2.87427636715727,1.71421908231846,3.45676416460589,1.37122774811156,2.13463226609842,0.92568757757707
-0.134960307670986,-0.522097105773178,0.898312305148634,1.39831769857142,1.135675913025,-0.338517421582288,1.67496889135951,1.99742911843426,1.70547537740744,0.793362418146498
1.80543230126933,1.72542914030979,2.84727609252973,2.3439703982048,2.93428948552341,0.725578413492594,3.3467317227109,2.48405082038397,3.11409843505035,2.4029893155992
0.0197158644244979,1.39184005847654,-0.398854640865514,0.0529497414752577,0.775557009026374,0.484277771111403,-0.0397887010287899,0.779282527707984,-2.30430068068162,0.783751770414746
-0.265491377580476,0.0221382088671064,1.35002999249921,-1.40062312574005,-0.265207605308604,-0.767812716019544,-0.607830562090992,1.20949180858252,0.571797269418481,2.19160123716067
0.700621038639447,2.49589039695655,-0.191629233635331,-0.173086808675836,-0.146495961596545,0.500946379903312,1.84210835024468,1.53805977885273,1.00644154874506,0.508060004564625
1.37485779018307,1.9930233327781,1.81960472756739,-0.00986663248687614,1.83976892381164,1.77076832398871,0.116452422429968,-0.248543327227441,0.166061775533522,0.160529565735872
0.190108456921999,1.75901995316105,-0.111892683199979,2.94712649863533,2.36961543354765,2.66553283138872,0.0633443537225002,1.88883074584013,1.90737878941615,2.22080665670594
-1.95631135251212,2.3310217679751,1.93070089930422,1.69322268767101,1.66976317010146,2.65994095307203,2.48820128539991,0.188715107417354,1.98339174041398,2.3940030589446
1.2426318118696,1.58948270144702,-1.23731901636544,2.46312763249393,-0.142234116290752,1.65117759937546,1.61573568696007,1.63877067753534,3.02296680611508,1.83815802133441
0.324814531910237,0.330320757937274,-0.532834530317888,-0.511828729134932,0.328602915622444,-1.87276446288314,-1.77844966700707,-1.33647403962129,1.47257989941621,-0.533036144549392
0.69878267351998,0.61455525702683,0.528189532013442,-0.443261500897631,1.72291942861648,1.54662382816379,2.73719528344419,0.924798738781434,0.763954434311394,0.573124049604776
2.68300193964565,3.43534319729501,3.01228878736846,1.80347484642552,0.576691986335103,1.95059677187144,1.40534677008361,2.70614014794126,1.067943097288,4.15950978145201
4.29154933758466,4.0564584785,4.83752923253058,3.70425160244343,2.57859415237392,4.47933055016798,2.20051428758132,3.61278169675258,2.45386486282323,1.40913742834071
0.38156190949004,2.14881922450779,0.939783945746492,1.72755849710656,1.31120530080274,1.85033477317643,0.851479510935674,1.65311282341921,1.59619735220551,-0.0388918975082162
0.195763051987768,1.42996820617977,1.08205869537211,1.37042983224153,0.0936558875376582,2.01340694556711,0.909929749185861,1.23763307782975,0.752388337538414,-0.801566653156501
2.16395809239303,0.490576400188415,1.7500023567691,1.01300889325528,-0.975636182169259,-0.515378575184859,1.23321276749949,3.21796864156436,0.06748988669579,-1.48780940657631
2.61879535824639,1.86981186272104,1.62083103698623,5.29147841937355,1.99262069491918,1.56318635819774,1.42254815303818,2.1608539953583,1.44704447019295,2.1416502752688
1.4585119487721,-0.935064292048361,0.521538983426455,0.494710534556083,-0.272804350855047,1.79411020148817,1.66429112725517,0.539448386642381,1.37226308561474,0.310937041909566
0.542911136880474,0.941606134410653,0.530513153791857,0.399811574904315,2.46505376590991,0.691925667168784,2.0615504517985,-0.697703522950413,0.861284654584401,2.70405375207654
1.93679573246268,0.953822457483089,2.35398674018148,1.78284554299106,3.51131793902546,2.84884017085811,3.21306842688385,3.5341009403558,2.11512795701673,1.77560027289191
0.584059724551861,-1.07746373561269,0.957633031009975,1.84125002093685,1.42351402974504,-0.322449776022899,0.801976283617544,-0.536893852768988,0.864882772507573,2.6244075262207
1.42826871386501,0.902747819281374,-0.102752287057531,1.38622712412482,2.71913602845602,2.15766980837056,0.733963139579638,1.54568257069922,1.00991500785713,-0.0117561128380195
1.99202330379111,5.37486051779843,2.04100080125015,2.1317408988066,2.88605887977952,3.06459660421149,3.44121900338574,2.54088433631766,2.16795401687098,4.58321058735722
2.09553470800834,2.46922051058205,2.48734655374613,2.42215120422261,3.11259945931901,1.2361228257697,2.20869675205845,2.40270552116525,3.72080494187787,0.354495622908887
0.453229444749286,-0.362659397004927,2.1977948462445,-1.43106289481057,1.11925118297077,0.577595069053081,1.31764459628067,1.36488521444228,0.333414940795958,0.763978892469199
1.76988636540727,0.804487923495408,1.13843338336518,-0.118375989283014,0.116641251666483,1.34239585486842,1.56384062861068,1.90011682768858,0.617598328816237,-0.610900687913719
2.49052155938894,3.85530751632182,2.51015074594189,4.70095178798216,4.86909830213498,3.02293796712398,1.92576877313517,3.01559895803315,2.27384924209918,3.55367873463236
4.01280719302055,1.07697568843246,1.10924530347707,1.3487146461044,2.78792082088562,2.49722135022301,3.35251346704967,1.57662547927467,1.82176300602124,1.48357651604333
1.65195511713606,1.05385539903808,-0.0116400882606189,0.847770991362194,1.13335870707119,1.0752603726618,1.94490267740525,0.138678835148356,1.98199275655492,-0.00879878057087047
0.377142953402711,0.747932763147262,0.676288439052029,1.05703306314313,0.0984973406046724,1.84960599594963,0.304168856420262,3.50937972498252,1.1410667302766,2.14850492391612
2.48090622668135,3.44017886974165,2.95512911042024,1.69933944117746,1.18060831574196,0.264800813544538,1.97873001571799,2.54199049430615,2.27811723802146,1.43838173002806
1.08882687554119,1.34137257499582,1.68027489114243,2.54687456527712,1.21563757542099,2.09168581749416,1.21242347029885,0.427857787333487,1.82690138937164,1.78602287585122
0.537120420887821,0.54430614636946,1.11209879716152,2.3652811776617,0.753765273160748,1.8794858696832,0.380853906142003,1.6287174773017,2.49926155597276,1.90593821399447
1.83147153055002,1.65155697986068,1.88319954647472,1.58136304526784,2.77631130068584,0.697120197718209,1.24145074244273,0.873298902757093,2.46401859652353,0.983426492744206
2.3842208477378,1.32466462898143,1.60991508403991,2.53162347973345,1.27614196915811,0.964807965726911,1.18167517968922,3.08484774861479,1.85111821037128,0.835359306955913
0.20656789937748,3.48697120920386,2.19924568923796,2.64223630711424,1.5143180084738,0.753528045901235,0.838267482812464,1.26887122210525,0.479162064722761,1.05192976903618
0.592261102119198,0.262007701063788,-2.07153402728345,0.714474763077243,0.819093191115916,0.384246110298285,0.449457659170989,0.149526460446181,-1.01221829794688,-1.9107764027631
2.77228119093853,1.4711443963941,1.90100593649892,1.21670564436299,1.55469244642858,1.86122608652125,3.36703003365189,2.71566549085574,0.455146356753968,1.80705678956428
2.10819539771053,2.7325104959532,3.4163842765256,2.28742239414644,3.39700418794405,1.83755493758015,3.31926441711715,2.80715412305222,2.66604174524932,1.94403632371989
2.95623927913745,2.15172440630454,3.19128205014318,3.09427999098316,3.08655914564748,1.80895858498506,5.43665574429552,2.3843845076336,1.28829657208986,2.16699521311819
1.39858169789509,0.185093277563041,1.44622540092234,1.94276430909209,2.22399222899226,2.67116515330936,-0.120348689869834,0.561132799192463,0.0234981076047662,1.81621347895439
0.397628113823873,0.043156431758617,0.604815957019206,-0.929968984598278,0.447531819177884,0.697236497111141,-0.810931545588864,0.26158598375267,0.157570621647296,-1.0248327211516
-1.15336748173297,0.240119447832791,-0.410547580713447,0.111079501546803,-2.29717288948512,0.525766144090588,-1.06121945437051,0.435773703962185,-0.745330652016233,0.420610088031108
3.48801570833523,4.54676872211354,1.94288389588378,3.0801062688872,2.00627141658218,1.15174993148363,3.21698674912775,2.30018745337221,1.61412061068592,1.77875161658475
0.787255698507166,0.711551061892765,1.18421454610207,0.486114859034839,-1.26400807295274,1.8650556560777,-0.0429004486750031,1.02072846032809,0.917042660276316,1.19623658926593
0.712189099859396,1.28121805064138,2.90879083366763,1.24092220259019,1.51381510652945,0.71902960792825,1.40161543998447,1.97818885250397,2.29111623443132,4.18090618818754
1.45165014191592,3.45083679986426,2.0800352944666,1.02146591426762,2.19627893072295,2.06280845135496,4.36413982984769,1.14619078112169,2.30046785437004,1.76878881092196
2.18455783227458,0.647348933422932,0.624439501700807,0.0605091365451589,1.04929711032063,2.44686096999059,0.151948254591095,1.30424524348083,1.12979049407852,-0.0401554888858531
0.814459349011616,1.02475644139213,1.62333220654649,0.157276536516325,2.79707952282423,1.08893717751215,0.49198591177311,0.954803968078203,1.97984067624941,0.67730061213175
2.55486668486175,1.64883413570116,2.19504206319241,1.78411387749852,0.336049167213461,1.72459980423861,3.21423186940493,2.66709587934108,2.0890320716134,1.77864437475062
2.0689910869734,1.32897296577497,0.968079579057531,0.292475833957849,1.15793778678258,0.798221502018548,0.852442777696533,1.64935427716238,1.86210961253145,0.897612054294059
4.56570648093782,2.55897590355644,5.83712046961606,3.91367317625521,1.46237341718468,4.26190876972413,1.25222133357589,1.57917391732203,4.53443871584505,5.36542862507673
0.914955607267786,0.00277163300819327,3.38596845613507,1.73425749350896,0.212429363592503,3.6061290508699,1.16814994697225,0.543396746628215,-0.452698144922115,0.855379070461321
0.756672788517115,-2.10220972073685,1.82199406553164,1.96485548593174,-0.237899376915631,2.12269199507724,1.15732844767563,2.15340236544025,0.95158799394826,1.63395104873404
2.8700071397025,2.04396876911981,1.48403800007684,2.64367838765798,1.49908765430937,1.37348614010839,1.2429729850905,1.56335932035417,3.40879864787512,2.96009689116213
-0.386776831443605,-0.284415855318657,-1.45344878935064,-1.27810103861287,0.254254529077086,-1.1134877788764,0.677297046792135,-1.10411586736431,1.83307744035055,0.175434896538835
1.22497013262553,1.00659442091956,3.77057898290813,1.27142030541629,1.41701704333763,1.70487645939857,2.64930403480699,2.15358831270889,2.36518434334812,2.24241726163265
2.95243121659647,2.35014857062289,0.305085115916861,1.34542442838699,1.19939183648467,0.550224344807555,1.34185237290423,0.336924491525559,1.39829724373466,-0.609139085522544
0.912252034583423,1.41052572155383,0.731238376188444,4.62407463947016,2.04651808140408,3.30976007225247,2.02858714711184,2.24417479914452,2.13260333760436,2.3980059082655
0.542885452837821,0.386695631255704,-1.82525078911892,2.88017503929289,0.131412191711972,1.10310339188926,1.27100084993316,-0.240775393659947,2.63903065839573,1.81426802237327
2.11865743245883,2.96329322013832,1.71752486744854,0.225897127450351,1.14380624442595,1.38123383677708,2.1554596085873,1.90710325097661,1.97808036983839,3.04670409908824
3.4864805305744,3.14131172242296,1.87859408080417,3.29270160540663,3.11658922825032,2.37398624585047,2.72890735179416,1.02853173206112,1.13249566062211,1.81014709561836
2.86860155767067,1.32547918382141,2.69128674980114,1.28912905294737,1.73053891925005,1.27767057553649,1.58049963985824,2.77443782759892,0.449319278039406,2.13291440092202
-0.113077802813682,2.9648322043202,0.440641587423308,0.806561465848548,0.803635913054971,2.28396757027742,-0.338759855529032,1.17419498516681,1.60120284220583,0.772399886005585
4.05514484983599,1.80491285984081,2.90625993422586,3.58248060173135,4.1294935908259,4.73517506411024,2.29148313196043,1.49400718240409,1.99666148062589,4.40479278488229
0.912728231919781,4.40326111662867,2.47374653480957,0.476791473819358,2.41167534368677,2.04354276749812,3.16485828635531,2.85373596610637,2.86266809028378,1.85614172460536
-2.04539310314677,1.78935546720955,0.039034265189451,-0.861812768314461,0.30334966751452,-1.97434884186142,-0.554427373492808,1.58606887957688,-0.413602973560787,0.808561789101135
2.57934196915764,1.78208801952005,2.85529363653901,2.67974505772158,4.34201136359997,2.73975684455574,1.89629074235762,3.89249191592586,1.79983701652122,3.24151590623432
1.33899739781739,2.78930523183109,2.8903158163291,2.43773677121489,1.81013665614402,2.1370256570819,1.6210860171764,2.20994803485377,1.34811247215258,1.73205970775132
1.67352698862228,3.14748533788087,2.39713954504385,2.24703368290843,0.0188327467023885,2.19102476028066,1.12968161175406,2.102367395167,0.666112095716547,3.62243547644609
2.41590335322818,2.83366796602558,2.54937597802123,0.867301756862863,3.25471951963736,2.17874083224095,2.60393510865367,2.43129127167307,2.3518807717335,1.30932662933578
1.82741134655833,-0.356162031177829,0.749041543935697,0.326057792325232,0.264170389379248,2.51721773922731,-0.374970877236171,0.732283783118453,-0.103243573639451,1.51634774417226
1.09310247691939,2.18371412367597,2.50210529381669,3.13144742469784,3.09768685851508,3.91314415840187,3.97609784006948,1.89857464748604,1.80570403769434,0.973037927504479
-1.17514748106403,0.49695823469588,1.32678573602826,2.36028333714782,2.19849181138634,1.87548322898777,0.845650758196697,-0.221454829130904,-0.0913827165540222,1.60212126066488
3.52546658650116,2.47888571679431,1.45710195902562,1.48131728715857,1.87470867402485,-0.0490376077877861,1.76783327926512,1.92957398787517,2.12968630763805,1.63569333341943
2.38065606918413,3.06179068019261,2.49624902252642,1.42347903729785,2.22398552031237,0.501014034264191,3.69264882038635,2.18317425036414,1.6390754612575,1.35325301021007
3.12363570850793,0.707683715773841,-0.156188404261687,0.118184132208298,2.34489462832307,-0.0130221639316226,0.262704366562611,0.806594844638914,0.276809158276698,0.139590289971117
-0.853535465418061,0.798351515154054,1.05632063194521,0.305018579275061,0.788099215449989,0.221744356806774,1.40578746593737,0.537727296551284,1.66001873524738,-0.625968745825443
0.696361850683505,0.975535072957108,1.06510126109295,2.3889428180908,0.371589983571357,0.193735717742287,0.604977858985169,2.26748296437611,-1.16735860651415,0.458566150205108
0.792888550052602,-0.032934372782534,1.14481288874947,0.747471119541092,1.69658041419849,-1.88866758504383,-0.855827443061775,-0.830023958303534,-0.72144413432583,0.61821597048603
2.05342091041139,3.78250883819993,1.95008342879306,0.891925947823447,2.9821384496713,2.53221014493263,0.928307991511772,0.468582214147717,0.250664087536245,1.18017668373777
1.13109387329798,0.348606234006303,0.395211563255059,0.746074908651791,0.228255701679521,2.36507562889173,1.08621046574651,0.738505495960725,-0.0375138330341229,-0.374395065204872
0.713135440936942,0.922028807049557,1.37275205079765,1.33866866114644,1.47002462012326,1.4805079333276,1.03733994614817,-0.589640312849335,1.01461181981666,1.72140886730087
1.19672813424865,0.693962698988894,1.09389523714764,2.52876893404861,1.53287647798453,0.601453707973034,1.6168371482394,1.34136542615871,0.979723640265634,-0.340350206930801
0.0193003060977885,-0.0785616153660591,-0.576679112800196,0.540451498917482,-0.539586830271279,1.3262718201464,0.526588841577501,0.108360388214601,0.304783288629696,-1.26060551785833
2.69103518240266,1.20560569946097,2.16899800412281,-1.57155347055082,-0.702881268373287,1.09237739899718,0.664563557522976,0.822716441851693,0.245534824274284,0.0535873329646841
1.70737305146093,1.53946392533777,2.51056897305412,3.80966232752802,0.605069405125681,2.12421680445426,0.450713681487727,3.90997462724249,2.7542158987853,0.928079646664148
0.969103598797928,0.768863768650357,0.591816553490393,1.11705781558989,0.260782223143483,1.35491276252539,-0.301784769279179,1.73958166782927,0.663734054526076,1.31532264270065
-0.0418881319152915,0.761158972714705,1.6472008128746,0.789511791814824,0.346889305426346,0.494040873503298,1.06515572591102,2.29844126114437,1.74121560624859,1.2554512036248
2.57232568322245,2.32041380142755,1.49160415203668,2.29467664484063,2.45067639835118,0.535944131931712,0.72063038139233,0.16851979189319,2.60359755506204,1.84360648178662
1.74790927761507,2.57911567920243,3.36161295951458,3.10444862125394,1.84809545331084,3.72622943201865,1.10505795317897,4.79935842411654,1.63782200890329,3.18515298179258
0.494410549340394,2.08008608611115,1.26115450844886,-0.379628557976419,-1.61588183939255,1.74700019214048,0.576529203403688,1.37796647494753,1.24094778142604,0.777933042222927
0.688757472701645,0.561767955699066,1.56108293777543,0.495505596636819,-0.944487975180158,-0.232888554661173,0.593763421776417,0.897417153708756,-1.57968639906336,1.23029054139015
2.36561403851188,1.08520554760022,2.07400689650491,0.00669073183191471,0.8190348820971,1.89972945854808,0.0943113080073343,1.83401922640826,2.18053557598012,0.356097301163171
2.58629878560032,3.60270043485406,1.71098285029262,-0.0386780975345564,2.80697587259005,2.25740775083597,3.31263000836631,0.544421493043617,2.30342493419776,4.0291384762453
-1.09144572078085,-0.177593044410092,-1.12959567684441,-1.16132738888958,0.0841804947836819,-0.723172322203502,0.526599418969165,1.95586097590578,-0.625976025498101,-0.807105535378373
2.47230898478638,1.47301124074668,1.28060376039295,1.86144675427398,2.88755265029576,-0.358847024888564,1.30464609972778,1.65053975040368,1.83747677148623,0.748282461315746
2.19219976907162,2.61191921740551,3.28761926412554,1.05581036814112,2.8263387214591,1.84354132215265,2.7477481071593,3.45223521417071,3.8577216902212,1.96158409361875
1.11094026862035,1.04379787716626,1.26334245598192,2.85381786082337,0.964364353950795,1.48131010114994,1.85064505742659,2.70385501737558,1.06443823182529,1.33723687919419
0.369543573852286,-0.39258772198722,-0.802142726534838,0.394001986732065,0.304292594402988,-1.99348749317597,-2.41369198859058,1.21152896028265,-0.298952217216746,-1.14106086489128
0.66094367715914,0.204648224826093,0.67093373104749,-0.265638269625531,1.72412821034239,0.24811711113281,1.1884371596916,2.16486571451835,1.83295710734252,0.314552103948487
2.49859990739997,2.61564722831181,2.4316058591048,0.924246828929314,2.97225074800813,3.2208696186717,2.64999389374621,1.20677663930828,1.8795217586935,1.53762093842554
2.20353583933327,2.48731811091122,2.11852155577834,2.22357267961093,1.25740269200673,1.55760643219475,0.952464484056524,2.08782700819259,1.42370562036766,1.81544924589796
1.77082570465502,2.09668207321395,2.98252033589503,2.1143416471095,2.97022667820191,-0.209521161201374,2.83121196855458,1.64316471671195,2.52531917073921,-0.22819359419386
3.22283736808877,1.37872020702864,1.52094280686716,2.56228165132864,0.40982401861154,1.17324823848777,2.45099193417119,1.50537676402978,4.8183557540273,1.05908686577196
2.44598611465272,0.462860121963933,0.661866902005779,1.96865329968404,3.37242987932398,2.42856025920415,3.17999069546541,2.48492369513696,1.64118380458145,0.323953514280312
3.35333579991133,1.09679296382869,1.56596563378857,1.29411328401066,1.68683533632133,1.24073853039746,1.12602624168205,2.19124898716735,2.19653858836017,0.345031406024447
0.429279038654505,2.14029525870051,1.4397135099194,1.91938622621306,2.80353345953799,0.612707821342066,2.60915211897511,1.95950089641184,3.96219057442506,2.62139393213561
0.184270292495671,0.931084007969266,3.02305650205268,3.45364271880348,1.31607628144422,2.36690134736052,3.49185422206982,2.22333661959239,2.07635359869317,3.0576467523649
2.0257212832541,0.777802804961828,0.644912292970703,1.2339639626161,1.66068301785495,0.376266526270417,1.19410234350837,1.01058629440178,-0.0565137269661533,0.405587413902872
2.5100271665248,1.7499911948473,1.67398125490189,1.32198647123506,3.91820852688763,3.41378790492683,2.37568475166149,1.95076371062425,1.5296750051324,3.5462342047873
1.2082829967567,-0.520311823782033,-0.643084829313952,2.35481321498765,0.0820472462953536,1.02451522027678,1.20119850712247,2.55319254146758,-0.701766965207274,1.44004074345328
1.25479285617554,1.732617145721,1.10724213511276,2.3294236872375,3.43326566081319,1.7869537258655,3.08618496795138,2.83804157266446,0.940109677676352,0.283043137416023
2.45442236027886,2.16648542415138,0.672552973886942,3.0997144684783,2.22956836432312,3.42036977861266,2.79585009214347,2.20026507784553,1.3912854915372,1.38314157279044
2.11241257874093,0.910740449151624,0.993290650499105,2.62518427580964,1.85184174459167,1.01607872166949,3.06126433404579,3.80037442680383,1.17921241854762,1.57305439830489
3.03435094830444,4.04931752908231,3.80668276509457,-0.285340024590399,2.66766942132506,1.52799999842032,1.55634510553244,1.36618060427714,2.33290068233466,1.50100100969645
2.55217445674894,1.97092047255246,3.42691789721804,2.98513980440014,4.57188017603105,2.01269986619224,2.47258234456859,1.61273772684658,3.81262972059818,3.47154909061335
2.97582773242361,2.94355108540304,3.04466037055429,2.6748289904492,2.20743624550009,1.9158707772275,2.7478899017851,3.0320234350413,3.87046933422868,2.03968796865685
2.0425819129799,1.76773787324842,2.29112887089963,2.1129398286133,2.20836802605388,2.1852642638406,1.38563063868592,2.64638976407645,2.66322895982861,0.928574141306126
-0.444309178445952,2.4350951614776,1.85146666282388,1.75995418568938,0.63073039281277,-0.431374439529821,0.818699063150629,1.69589190423072,0.902055851621201,-1.33209158190119
0.705646466072679,1.12139203600148,0.0236226774752407,-0.153270461673063,0.700398179516998,0.581633396780454,0.611410336631011,-0.559384957908389,1.98094918010326,0.858022654475443
1.57931909877182,1.20506293755096,0.799754123280743,0.232744451027906,0.9893317546562,0.95574726006877,1.77592507577118,1.86745704915029,-1.26058948095831,0.354077504047421
1.91554217100883,2.01377726838117,0.776723914170043,1.92641020733148,1.51653227478643,1.92888895774945,3.35654136204417,1.47179453703837,2.10110529112092,2.87799213051933
0.643285455163665,0.474887774476319,0.243905994534907,-0.556451020828632,-0.317726551143642,0.0171833338793975,-0.685383733888466,0.376775291307921,0.528714750642749,-0.15868873883973
2.95468300140115,1.21968572588295,1.62515126173083,1.52140556062455,2.21672977618159,1.72430261610114,2.55241148736001,2.37590245944108,1.47100443395238,2.49649149338168
2.15953612394891,0.820586585038417,0.306542064180639,1.6070583615974,-0.153957856075491,1.29912549696095,-0.110805976392793,-0.150029124105536,0.117634139413067,-0.0934447784010402
-0.81424201388659,-1.19596427404796,-0.5709166857636,0.426601262094848,-1.12674975106789,1.74816723774563,-1.49603034355143,-1.81667555919168,0.339201830371161,1.29946553618583
1.49097401914954,1.43012906202121,1.20960341688119,-0.0878248994974848,2.03647601948406,-1.04984902650029,0.955657092181104,1.6015542846766,0.878170553786182,1.93983305168222
-1.07334213721534,-0.613440209654812,0.0354998339778844,-1.86753208816346,-0.123388492793015,-0.7051728983798,-0.841248781829715,-0.242444705500667,-1.13340372022038,1.03527999430685
0.619124068237333,3.85693354332615,2.91337414357861,3.31576186360266,3.9246538068542,3.64713243554105,1.96621756152557,4.06062490803061,2.93316379740927,2.40811579757435
1.97327871084,5.050448029732,1.55571931295765,2.89120562238899,3.9476541418309,3.76462403156379,3.27909260896281,2.45534036346737,2.1525285964776,2.85435248791973
1.37415576555177,1.08374293546284,2.59763958308623,1.66363501415893,2.95627959547303,3.91077626285081,2.02440002146033,2.75437292898866,1.71664909142156,1.32828596359997
4.11363367124488,2.13426308421281,2.99796684668893,2.40040109327853,2.49339392523585,3.04100916132958,2.31663676545652,2.38158355948064,1.44335542556263,3.45837931060468
1.03954464725228,0.128700104720872,0.338589144600673,0.377967532411614,1.46420497393972,0.672799934853155,1.91135011948029,2.52902044057964,1.51607161660715,1.25104579409472
0.0356620513853428,0.98694895744308,-0.312749024763826,0.499492939780066,-0.138932692199628,-1.11514683966534,-0.269790584409148,0.861723539990128,-1.00715817271646,-1.08747993236577
1.8517226862372,0.802646769100002,1.81941422196863,2.00255047703832,2.83190672475407,0.806024260838375,1.44267261470929,2.78763184874309,2.91968774829357,1.7137969539352
0.966227654125379,0.898096327650872,3.42281891947827,0.221730080995266,1.26768961765941,1.18292538593861,0.0246664370610887,0.487338815797572,-0.14368013855182,2.62802701302676
2.42546738396195,1.84832278344003,3.49170221814048,4.69009119323898,1.16511320007878,3.61939592338991,3.15966040486021,2.25925062638093,4.11108149559204,1.4713148608225
0.623934744141389,-0.266126888877101,0.918582776274128,-0.418079675299895,-1.50362878982626,0.00906100743143164,0.0716366071142535,0.626281489542012,-0.668520574903819,0.407874762043512
2.03588924177487,2.26702005783689,0.716390298355663,3.33963639194104,1.57553297892064,1.55664075029371,0.848200452712459,3.26659867941507,3.19337266197694,2.8681038251179
-1.81136743508124,-0.411609537448421,0.133062590635146,-3.14204711694478,0.796491898827807,-0.600069172225284,-0.458053226005226,-1.03529365768337,-0.0801208623767431,0.694336312734245
3.56944258726437,1.42293360328074,3.36758855968084,3.92643303886316,3.21183903936497,1.72224449008545,3.29457907487212,2.59061816737025,2.22275147991138,3.40650186858244
3.31006729719252,0.174040148706394,1.62971914505618,2.7246979730354,0.822308397974958,2.27471648398453,3.46382916518995,1.22486699513576,2.63780028367195,0.931465571755747
2.19310465077286,-0.520268043818974,2.67951188525017,-0.115655670508906,1.11806002678015,2.84764494315316,-0.631660289123682,3.31182781022683,3.77533014140575,2.39478146332605
1.52087828519291,3.72735028789059,3.68190503280127,1.47356081342928,1.58564726992661,3.88369212141908,0.0111525971044588,1.65869463189309,1.31468932922985,1.16867094079132
1.21805923217525,0.682116489472755,1.34167203431595,0.292616850759166,-0.771105785747065,-0.950851837244116,1.20217778692837,0.483214110185868,2.91989767666261,2.40231454637933
2.18881920788315,-0.566452495847147,0.126518603471104,-0.544632014094062,1.32591671503769,1.77279570458985,0.467678382115846,3.79384919036795,1.2716210891828,0.0253690947163338
2.22772046961846,2.09488758701802,2.69474445257979,1.44677986060235,0.829699845299074,2.78616473039172,2.4855548310295,1.30154355290661,1.3504014271397,0.46647775544439
-0.0418671201064532,1.10124789801227,-0.623853587630182,-0.225084092055694,-1.17763008610756,-1.84054241203214,0.942356885594361,1.12229099785065,-0.855968656397576,0.386908921621304
2.92311805930966,3.55779837704926,4.34069963013162,2.71933823385314,3.40409227007719,2.6377102979341,2.74092551269903,3.66341787802355,5.01049976509431,3.04318893994727
0.647408640057123,1.39988643447775,-0.197562980926405,0.537302608989719,1.27352774740206,0.00248872363280872,1.10223416665845,0.389911284248009,1.17265890560601,1.78168863980027
-0.0468678227386028,0.809859680983116,0.161050063732362,0.221374873840209,-0.154684642448526,-0.044432417762626,-1.10128724893205,-0.428148697080698,-0.602365065905652,-0.462605493116084
-0.810459447428121,1.16839814344002,2.47019032859649,3.54486341762165,2.79920647106198,1.34037209525083,0.132174800618148,3.52931492429443,0.590901113995437,2.30834268597359
1.06280139241196,1.46047053938132,3.88795211667236,4.63943919711159,0.460466694072266,1.67169025458439,1.6735901342871,-0.411264678252217,2.8640262791036,1.0064550771698
0.764634995610048,0.315081323719093,2.10557251435355,1.1163584446503,-0.110846412530756,2.0087469612927,0.860394807862616,0.682296846139944,-0.144030938411099,0.065861283109357
1.85642233308051,2.47000152074171,0.148081247394879,1.65766590660333,2.02605807699845,1.18679902520366,1.53359344356947,2.71433858169229,1.6113187693407,0.201141686458646
-0.150108355842659,2.29022058821358,1.44302914454366,2.69320573890966,0.612304873072682,0.822288992608253,0.828008855044571,0.988304838967358,2.36458294649235,2.43041939772872
0.923914291367541,0.95020978861143,1.84451250192142,1.89114128417684,1.20826697799471,0.293456362827659,-0.504992678229243,0.510327081117875,2.00729121186525,1.87981318860993
1.34314010642862,0.366806841020149,1.32066110849283,1.3182019400907,0.663547198197347,0.32028797347076,1.47899961531242,1.978188756842,-0.109610410038307,1.66924505467329
1.16331718283853,1.97550776800849,3.91446046470226,3.07106135377684,3.24968917169928,1.36394018462545,1.70493168250221,3.40169460100833,1.66697048587632,3.31594569829201
0.991883207392989,0.753527292803433,2.17024269426407,0.946678267169504,0.36734064826701,1.21767717464493,2.21723099353662,0.0220243649929911,1.34691379788918,1.00832438667065
0.940189101003359,-0.934932642761887,0.056391732895783,-0.240255001643191,0.0204326154230412,0.342348628715379,1.35559015920269,2.138046177194,-0.217867035921202,0.827705748962863
0.931163509687581,0.339013286904205,0.0694283043520448,0.183737007377614,0.7299594097006,-0.555008415738544,1.05616112274763,1.9438761110068,0.751773314506206,1.61824837572277
1.98490720823,2.30202829854416,1.14688427226387,3.54295097457271,1.50851175466529,1.9817733735349,2.13310792365959,4.41128568893865,1.95170334328125,1.61066499394947
-0.411649480241208,-0.805684660806154,0.189808510012481,-0.142188040174829,-1.3571008409402,-1.07490509985836,-0.386432230866407,1.22215800295481,-0.929333813815641,0.00888591541723672
1.43561083210346,-0.212493053057048,3.89545701618235,1.68430744926127,-0.266016863267321,2.00015859010955,1.9052481020307,2.17760835268312,1.614831877831,2.25723317485075
1.31980981338168,3.06028519672534,2.28487004857638,4.05572193182426,0.252719080594535,2.78512881195126,2.86969487106786,1.54721434360194,1.08623352790965,3.31168244310189
0.928376713818799,0.559964269025993,2.56699002043264,0.971607245818305,2.43301677579651,2.6693234072161,1.59086071908973,1.15229895014755,2.40709681305222,-0.839849376768873
1.09758624328729,1.10664075996218,0.382431914385905,0.839902844581637,-0.357205116030567,1.70936499771229,0.695764325589904,1.36162399746523,1.07403141311784,1.58894542663283
2.6926598228707,1.99563092810936,3.18285930254026,3.83801541177477,1.51378404960839,1.83026125787839,2.21827935994394,0.780908235649095,2.18745066359834,2.79754077618806
0.851101509579292,1.9829535774515,2.42892827243909,0.0779999921309282,3.47164021126522,2.39670907874624,3.68473364250135,2.71627032826491,2.61592376964716,3.24391790799919
0.960175399019271,2.06714390383977,3.79768672658124,2.10664653073795,0.900900807550769,2.79540178497542,1.97653784036692,2.14411840219621,1.56293721552374,0.622559814644028
1.84366958982008,0.814382805606988,1.4382917934433,1.81025204164536,2.13997308130455,2.53885561312221,3.29723405898576,1.35253512674768,2.45215257683672,2.38340893319236
2.20701356660524,2.58107158919276,2.70424179675816,2.20040804407748,2.42541774886397,1.07014231422625,2.74439903361552,3.58918171382512,1.75450643964777,2.687008013283
3.28623247342993,3.45448920626228,2.04947331256822,2.7529071581129,3.48133419249493,2.54618830307189,3.01911553765388,3.51233905671273,3.58788781095593,2.54393446636815
0.0811593202175676,1.02227726059471,1.46576005549646,-0.616858714971996,1.80752080831651,1.17943581464537,2.13804629493753,-0.910315537730995,-2.11460340065644,0.688667190593448
2.29083254800326,2.03397462974146,2.9434986819649,0.127950225186054,2.3523216896987,1.36565258668452,2.85168685314695,1.53012165538769,2.48762661193107,2.03651965755085
4.07772508226266,4.14241649803835,2.91141517926168,3.75862431079672,3.5982382970638,2.79670731983075,1.9013619194932,2.6333387257021,1.58700240614217,2.64556386188418
3.38355557566424,3.2052535085141,3.51021171859003,2.30754302494175,3.56606014094392,3.0749903502169,2.85493410052258,3.16648269822506,2.57064099848863,5.17451274061689
-0.954202557435628,0.232253189299165,2.50482785658144,-0.949623254786546,1.44245390560005,0.100144227315777,-0.635652004884615,2.21898971915145,-0.044495970872846,0.0389144426508929
-2.481273194612,2.13085413518088,1.30211147564797,-0.175770560138072,-1.25891966615508,0.466647093292457,-0.254624647855216,-0.0286309762082259,-0.562659414676402,0.334982503683141
3.31741664530476,2.07726977850937,3.82909120337365,0.807731403754952,0.690024552391448,2.86850999482467,2.07841492781582,0.872276679857709,1.77319520463367,2.3802854512397
-0.326731833000504,0.263897363920992,2.59323143929415,1.01842307581126,0.739184193794109,0.693371266896066,0.757154099523973,-0.722751726490155,2.14441138950541,1.09390945242803
4.07518744168961,2.01746659250644,2.67451977629703,3.5834270242419,3.21026695711624,3.54355009958128,2.62762833501841,1.57026897946782,2.75308552905252,4.32705030116103
0.933521044039696,1.43706842795065,1.00416574224081,3.21422587445685,-0.891034482174474,1.60983846775209,3.03553204056794,3.01025785277794,2.84884263421223,2.79295556858941
1.91964735121818,1.02440054819065,0.765336925217078,-0.857353726649352,0.396524163467339,0.00784149819604818,2.49344887524607,2.10153431388942,0.368007086293919,2.29384589294039
-0.630011341482438,2.54157352174347,1.6710367239034,-0.663693873946205,1.33644846055969,-0.867909162587474,-0.389356561027399,0.508820055862792,1.8573302935948,-1.11149253950759
0.291650905735639,0.477455299718247,0.208331776664418,-0.723514097992801,1.02827668569036,0.268426562590173,0.778996726769234,0.242687537293244,2.02255561987669,-0.149178365289566
1.45744063152147,-1.58751407036597,1.75558679901263,-0.737926668387917,0.724273643540217,-0.501105608426523,1.02543570483907,-2.43801312803248,0.645197802187134,-0.2472505957027
-1.33611498127743,0.387517723811498,-0.139346655669304,-1.08159526128782,1.05825598876071,1.25720103077326,0.978597036690013,1.3478625781418,0.202621125581708,-1.59413058338677
0.535786633743775,2.22106805974731,1.08898672394347,1.40461808164876,3.5331914987014,1.96466839552767,3.81317946240737,0.868476658247361,1.21649134319231,2.91292555413174
2.31234822243725,0.929215246657991,0.290653037330177,0.395295297625621,0.0529480264986358,1.36505075152608,0.170259413119109,1.61796277938791,0.88530501204756,-0.325800739785021
0.602656071954942,0.653046777804519,2.90481595853807,2.54677553466408,2.05032917061962,2.25848414814489,2.31963851498457,1.48714863362565,1.33254469152904,2.98960922968104
0.782287273075279,0.328600189659407,0.326760074728038,-0.761523498075673,1.44405750578542,1.74618442022531,0.222564328112145,1.90268359881434,1.59851373112952,0.952116214943078
1.26724201578367,-0.259027118127624,-1.96526262511191,1.06486472525921,-1.37724424094712,0.0760759612366286,-2.11999310783413,0.026952143907398,-0.26740889871893,-1.78356267202717
0.289325090707082,0.440995143712201,2.5117022566415,1.1404061663721,1.00438211301169,1.21077585947052,0.140720665503902,-0.00390599052860563,0.101519234247918,2.33103706983112
1.79317468674882,0.24377184575679,-0.259314035735098,-1.1270192285903,2.18007544065687,-0.101949124910704,-0.758899923083445,0.27631583707115,0.786807880690493,1.64753096324393
1.62445997994747,3.49431429135132,3.38055823338993,3.53682260926175,0.891549634616888,1.49445739316054,1.20489005682291,1.05848311715196,2.54735127086138,2.12942255324153
2.6834683748523,0.728609240367073,2.52007738966416,2.65459935623687,-0.308970196633394,0.635940226932403,2.02245990750199,2.55667706085107,0.885137887058237,2.6990913183617
1.79335071621007,1.42577107892509,1.94189086727674,1.43220000302346,2.07604245344987,1.36842404534031,-0.289711987499624,2.51369518539589,2.69629429332212,2.45506719157031
1.77236666283419,1.94794873470492,1.34263582849915,1.58059813800531,2.20697209125405,1.00054559643136,1.21483554936692,-0.539287413483002,0.408059120071311,1.27896127080897
1.78799483657473,1.86270625226701,0.420226837447047,0.0889097723333726,0.132263182834363,-0.0131937991458912,0.635957765496312,1.77748409018454,0.829936060573037,1.58531485844506
-0.67185996201143,1.76962641738941,0.856116610013115,1.88718947898897,1.35583950011944,1.37921778856382,-0.0832733639339023,-0.172392273892766,-0.506178732023581,2.35344006223232
1.42021692888658,3.48813205508797,1.60319454673371,2.00214498711787,1.1268357103072,2.19064348921131,1.66759115194305,1.10737951974149,3.55126720106231,0.287514803216126
0.570802381788889,3.05363262326785,2.93540815892728,0.943796707940403,4.52659885055867,1.16715638994081,1.79946259741406,0.502688699062298,3.27501355761767,2.8917296203443
2.26946183040762,3.71618557462933,2.56672498894723,1.74479885358805,3.95166042793677,3.6292405133281,3.18484765751027,1.88967484689644,1.91961058597991,2.75492969714655
3.50222524619188,1.56748187658524,1.71636920088123,5.53643122440758,2.13207484709392,3.14271770170688,3.01172710203885,2.40832009498334,2.69825736782906,3.0421731443153
0.819188534551757,2.88921623935376,2.04153404431512,3.26600805709802,3.33576476055612,1.15049601047474,1.7526407880901,2.26380498618359,3.29396102263574,2.24744352557599
1.06010186409016,1.32835880332562,0.499394490184252,1.72056175090939,0.958253995883931,0.751590001415258,1.15706976471818,0.711300497580802,1.24204928458316,1.35659777489062
2.96140216671613,1.650616231195,3.41561247164638,3.07446501647755,-0.533763363799365,2.44033206813221,3.04496466731995,0.750189412799202,1.90462891155791,-0.743471545151658
3.0160201791812,-0.426922050850228,1.00689359520387,0.617175794262514,-0.0401359829072394,0.621533568796091,-0.0306359490925592,-0.542932758023259,-0.0637017998715179,-0.840759962107136
4.48262833878036,3.01671245327813,2.02452029128187,3.09974953715653,3.24636540097933,1.52301140583935,1.49978377180154,1.71802243744685,1.54269974555324,0.0095786603690895
-0.763027273288297,2.95792595636247,0.626944104045571,0.326147291895842,0.886678033440817,0.576412996958027,1.85441151056816,1.72205711975896,2.91106460798225,2.35866851946503
3.14068154405431,2.40297954734654,1.40328961117349,4.66830997782005,2.26578708675567,2.74763584136003,1.51155124225706,1.0685324829964,-0.431262309868649,2.01128166980779
2.22945516126716,0.545063032374125,-0.268873242451689,2.8370336706111,0.540690927550997,1.74644612206048,1.89273490306346,-0.292937520499406,2.20160453857906,0.461902535516563
0.780320560366135,-0.314380577566967,1.02862280883017,0.339514180779815,1.20674613664447,2.30452297350669,1.30395387011577,0.916385974161318,1.97024960202608,2.02104721213778
1.24555131838342,0.745744661278633,2.76500400053255,0.606612481188685,1.67854890908141,2.0888251761722,2.37799991445275,2.47263779542153,1.04524490534306,1.36329520996173
-1.69371496964477,-0.918985222372262,-0.0577089559691824,0.478963447681055,-0.19386357162679,2.18788533417878,-1.20759774295977,-1.45785600118575,0.569212853132635,-0.364541927797387
-0.0710227942541435,1.54476941811314,2.42249239440094,1.36491188581713,2.26389224031646,1.31050048674917,0.404790018328511,1.72249009328986,-0.00360153971718424,0.754930986547808
-0.849665445653087,1.02400744284115,1.17164621027064,-0.994977301141275,-0.495059130174202,-0.291155398068659,1.82116882478332,0.382538641021048,0.603626518761721,2.57317612797376
0.183188597397721,-0.981497667308441,0.555209855223984,0.905863717006414,-0.514132604168079,-1.06536482173245,-1.51783525946444,1.84712986890629,2.06380094127411,0.938290225334042
1.773879397539,1.64839034912634,2.3068381747735,2.17989947056166,1.20849356980112,1.49247969432227,3.27290969770889,1.76960020924786,2.03628056617369,2.06796947389492
3.23378323582413,0.256704595520995,1.9760185526721,0.7736763911501,1.94261471349504,4.90506026675353,1.42740278013253,2.24292283675327,1.83500505891205,2.64166325591269
0.413096561224121,0.266483500658562,-0.287827747597804,-1.27765581160447,-2.94542168703098,0.339853509294204,-0.890214693549702,0.660963477131165,1.22393696971016,0.418062212241779
3.31416355729936,1.79911359462374,-0.324972759532275,0.370259799209845,0.306690240138403,2.04735849634918,2.85189258843018,1.1999510437994,1.03424200396202,0.721915634967286
1.05611389494409,1.71608665929457,2.75409816333657,4.34998898027547,2.28208732393463,2.2448428232451,1.8895686337013,3.45326939648463,0.62938440734265,2.04765144902647
0.834224922250034,-0.0843946707054297,0.409353689498191,0.550677525750214,0.236632157680967,1.45572884441674,-1.26220375644713,1.5905747276033,2.27608587046313,0.654297909863653
1.93355595476416,3.75485776645807,0.674521403174015,1.03867968487536,1.24690143284575,2.55396879815657,0.236619796138686,2.0584960850709,2.59449545986809,3.87906970232322
1.62049117940477,1.2254185689309,3.36248983191366,2.13856497538958,2.70651696889312,1.07347135974233,0.607584290762878,1.34544037731437,2.03166335993123,0.852476443895772
2.48846921612466,2.66364350551583,3.05537660529834,2.86747388729846,2.34696207967612,2.00071743787485,2.66478519230906,3.27619644156053,2.72798084507884,2.8162783455271
1.23772689494835,2.91558189963632,1.60282510165292,1.63101645493445,2.3400223520677,2.03562832486905,2.44094629141664,3.60502353176147,1.87818959444464,-0.143252665879235
2.29398700433288,0.982145928238123,2.95494159467093,1.83745767958241,1.60365795964558,3.04581177005234,3.45357778793835,2.32703362360524,1.85081092711984,1.02079348819802
1.59843670966324,0.568273894836225,2.38491190547008,3.00794762744307,2.94279132798866,1.46235497415134,2.81906691492386,1.70336219944903,2.99484161024455,2.21076022089583
2.974382882124,-0.980099177136966,0.485617011544167,2.27616933492375,-0.0124675462920865,0.179020116923651,1.22199910699194,1.80457304895304,-0.699214499395963,1.05824709323709
0.391552268596725,1.11547384363193,0.956820381455277,0.555158259012739,1.38954949955702,1.04875506944841,1.40076253394523,2.33487374478855,0.598571104696018,0.888766630323901
1.50359986137155,1.97461426085393,3.13661814849257,2.92526118830411,1.03504611628098,2.1102541932785,-0.0304617658298176,2.28796953062243,0.52065568583647,1.82119554518039
2.79531412510088,1.766177130804,3.18772226174566,1.2025388994048,1.80395470918013,2.0618963748322,0.180065467298549,1.58073844639817,3.26951360857648,0.835876697184954
1.53965734182752,2.05115883634555,1.56421518683067,2.42145575943658,0.278024454461522,0.0723566951146416,0.690680932525409,0.194937071221981,0.0515130619997692,0.766985026184
2.55505002400608,2.21807443203018,3.71561606094381,2.31259836271012,2.13833808885077,1.72113502374802,0.287038358996012,3.91473267829119,0.836275399392798,1.52820288123986
2.76359304598167,1.4025350425683,1.55160463327229,2.83502653989179,0.811346453342639,2.45192990286171,2.45080907540353,2.98685831011063,2.39265794444957,1.0913004622577
0.317143948878337,0.808229897798235,-1.42350970470582,0.347605493690361,-0.273952345350599,0.592503648586798,-0.755650243848561,2.06255475274878,1.04364903436816,-0.56830017871739
1.89635656935089,1.7893793457532,2.2196948493278,2.90587391741205,3.0955663048862,2.1247009772028,3.09043202122955,2.6236109039363,1.77952430422554,2.45396536845476
1.64984173092959,3.2461703305066,1.67571342278516,1.25435356111466,2.5712057989137,0.12053856237082,0.465938758891446,1.76158052117398,2.5376432697928,2.11608052206906
1.94454774377881,2.95305805950108,1.52745965981887,0.666479461910873,2.06166420163838,1.70038367233963,0.483081306051329,3.5594578789175,2.92020320590188,1.23171133377403
3.37175242711581,3.96689781216749,1.84825633482829,2.47528974244674,3.21803887176147,3.14536893640407,1.92803948718817,2.9167321351063,3.89869932603963,5.40622935298266
3.28797101910218,3.74242614777417,0.719300582703524,0.66260713361093,1.49307400555928,2.54279112548464,3.61763159260981,1.63401188499833,1.89750281748541,1.26840777028287
