"X1","X2","X3","X4","X5","X6","X7","X8","X9","X10"
2.56292919958134,2.37917029227469,0.819100891621455,2.06011679829398,2.69436167649214,0.184158462197534,-0.035377477991491,-0.216611101339578,2.41602068474259,-0.171223778140945
2.11615259076284,1.11536997932448,1.40866885739612,0.508772799534149,1.7363559476859,1.06033861561043,1.15065329337786,0.726306712180601,2.38463038597857,0.60087235797191
-0.940033251217245,-0.423394725452868,0.620840507331563,0.4007496085317,0.703152712876433,-0.302588587478711,-0.054452544818719,-0.584062117722283,-0.583303259454879,1.88366361801894
2.73857354025355,1.84601156606891,1.82140729674066,2.44928012563321,2.97278376026794,1.97577248644993,2.44618778952094,2.47814906225653,2.31058155704618,3.74290282040514
1.56006659044814,5.29334182618697,3.84179958069007,1.55896420960603,3.86458914329395,4.95196901176829,3.82121235139577,3.2654464056446,3.36603445296152,3.29085074071651
1.95123136813267,1.45728352985181,1.08402909673802,0.400061264143216,2.28317773767249,0.69697608041584,1.81105554572112,1.77608922596687,0.737564406061514,0.942179355366389
0.845523077460605,1.45988241528179,2.98125259122927,1.61124069959177,1.3977563479724,2.59327653657598,2.50509412143953,3.03795579394509,1.56928640315243,0.985501202600362
2.17622271629102,3.13099233530486,2.31455970664996,1.75557753104861,2.172038215887,2.58036251221318,2.41483013584395,2.71030619023989,0.99594756753093,2.04208980500797
3.86529234264429,2.54686986530813,2.86434813951711,1.98872920689049,2.04469922335777,3.86567953370477,3.27546825837049,2.44716676735791,3.25982298375446,-0.106028827211828
3.17203951928513,2.01772051935951,1.3266820565396,0.666073549818988,1.16079706927411,2.75871977462737,0.317488976743962,-0.796437066423112,2.22853908352908,-0.402195337186222
0.406696547537457,0.279459121249567,0.289238472263267,1.98262925687652,-0.890585740308978,2.16239719230668,0.24013984700277,2.07114695017465,0.8463602884851,1.30046145591509
4.36833879472043,2.17537417503067,3.38863523897943,1.53798014331183,6.02859199000187,3.47875973704748,1.64212204848651,4.04455338524666,4.25972935344516,3.41824211698334
-1.28910393060479,1.2215694979726,0.737774947429334,0.778995073946821,-0.438945985083674,1.28640626689288,-0.245897405716234,0.796124534117102,0.0246536045184087,-0.687341657859745
1.91290337565111,3.59349916993756,2.34659178229457,1.21913577182198,0.390162738096528,3.96576071185871,4.07104993462425,1.75958987648198,1.76995538197485,2.06084766670164
4.09077258983488,2.46845034671581,2.93914395425612,3.23923025362623,3.83401854742758,2.72351593641989,2.30440931413996,2.30388774577686,2.29877203992636,3.33702032408923
-1.05628547662727,-1.21822749984906,0.604251411425366,0.158258201437917,0.379531836250921,0.213288261027661,-0.446798524210974,-2.48735068636335,-0.343201589324097,0.385833080681818
2.08455820097075,0.566622423746938,1.48089518864889,2.44524007113331,2.05709158721745,2.55579974379736,0.969800411446682,2.128349109771,3.32697087113441,3.01637567111332
2.44967087561494,3.12785024452779,0.827986174409298,0.799996395997298,1.73130526865065,2.96332513362829,0.863185834451642,1.18365093501262,1.39937539138934,1.1989724946984
-0.566317388560761,0.839292405493344,2.77781563009787,0.0296065887068503,1.51524637482536,-0.157426555643922,1.07369083120945,1.2928486372454,1.30535537559888,0.70330649070838
5.57030999783735,1.95338631698838,3.48360870697189,3.34074428978751,2.50222909933552,2.71406423087532,2.80770748392692,1.37770497708212,2.3366254770337,3.32021150360208
1.95829205871611,0.989755756442138,1.38395893538558,3.27975408714552,3.00874572263146,0.462061526620646,2.00363714774297,3.09007144495095,1.26958953503548,3.13460421609103
0.326406157427579,1.20266066605724,-0.845009711863905,1.69648020616257,1.64394229291322,2.90104078931542,0.872175643830144,1.9375417769651,3.1208696424239,0.430760759709473
3.59944044580329,3.28373918266534,3.2083967038216,4.61699228491241,2.21589914363694,4.20667939665675,4.81569402162125,3.46154071453751,2.81557717628435,1.00028928113392
0.0941672245470144,2.26690275107706,1.41389973566188,3.15401157175171,1.38840601144386,1.63518469938679,2.90690291671595,1.1171981172058,2.34156722179797,1.24878180649855
1.23154314674248,1.131993831102,0.882646961177162,2.71647940743175,4.5458552122454,0.963758438081821,1.56468471840219,0.912619117009211,1.56166669254222,2.82553174669278
2.02141155004652,3.05156458973894,1.94113631365364,1.08381921749891,1.20372398980611,2.07151677856517,1.34067331782616,2.05516578057814,1.41189948101218,3.64923097791976
0.934112248209052,4.41644989958163,3.79778274217121,2.20147203307217,2.11213899510013,1.09400762420384,0.771847416039888,2.31459189254736,2.7293471016162,1.36600697507321
0.559292522489259,2.29450544361128,1.62254555750587,0.242689954924502,0.51541116337112,0.890984001990979,1.11621978520537,0.124921843609022,1.16115183080578,3.29718709940258
3.43834359245387,1.63020580151868,4.49703630133427,3.15484970850191,1.87476585316299,1.85359102545318,1.67319629531898,2.80568474746036,1.87670725140716,3.10456305040879
0.783238210860638,2.73894727158038,0.643641283755582,1.80039974589099,1.17497327152102,0.110561827272301,1.84706364527697,0.552000488569296,2.08973638967116,0.45863234480179
1.92431618899831,0.301721202034464,1.80106064077417,2.18697687476105,2.97777061344205,0.690347443892203,3.2239996886358,2.78073148994805,1.61358018103355,2.1051403883638
-0.325556581046491,-1.46346715115407,0.840064428516206,0.858489147693623,-0.866689741377846,-0.83804176373104,0.491500582273163,-0.784787825235192,1.03255444557774,1.40598102706657
0.186072270840064,-1.16677042321165,0.767509202964289,-0.726337592401918,0.0894862683974239,0.571047630719078,0.846375721692887,1.44059525273753,1.09647575101262,0.35764222256935
1.91530626148376,0.832802438902009,1.24629157344752,-0.524687975987083,0.505680186263208,2.61490805101134,-0.418462536119546,0.203672388987352,1.68904801274274,1.34844962827184
2.08655188452461,-0.582529879705836,1.09763872227714,1.02039258587689,0.145787764143524,3.05460173920254,0.528026175237075,1.03605750088111,2.05819799788116,1.81882043932904
1.29674779593134,1.56205964801821,0.323334193517764,0.235351225323478,-0.868269137656904,1.49284563230703,-0.200412622695949,1.16375775791083,-0.930531114023707,1.18135591155975
2.99185171898114,2.10764381711709,1.35668970649476,2.74655296879376,2.75392861049399,1.52819296396576,2.03575983120497,2.48147494794956,1.16333786770221,0.975192029196259
2.47549316485568,2.48587725832691,0.394493559452098,3.01855379175837,2.13958273622875,3.41676928032688,0.630398879949417,3.35258818292684,2.83541773335881,2.03704687219854
3.46491201841174,3.433900271673,2.60106591698552,3.18377068340544,2.53206169723897,3.76543644053304,3.36295849243401,4.99743764492464,2.69153269757095,4.99171786039112
2.27565119383266,2.80894656900527,1.13532723173783,1.17681226587674,1.02031071604636,1.40852578353195,2.02155636878208,0.275079317139376,0.577346119177453,0.767124772298551
1.40092222706148,1.44698982400969,1.97100604724852,2.95847020372521,1.61565336515446,0.650607461075383,0.568349225839246,3.37119184920471,1.70752292528012,1.57554049886743
-0.755266877709217,2.97666133792101,1.66680690899559,3.2520270673027,3.74545821355069,1.66303754616788,2.42723867001613,2.66145161439728,2.19050280008266,3.10643849396547
2.57440575082747,2.50537442691081,3.41882259547126,4.83129419538219,0.828617019600322,2.28080602575298,2.41661242905201,2.38703334984848,1.3665812335696,2.12643437959941
2.9814968720542,3.03012504093452,2.9802138273236,1.30205653064196,3.48598901070266,2.81199653086187,2.72373609986209,2.27257704922771,2.73405258206844,2.83895112538236
2.0498649925737,2.17973676529673,1.55445067799545,1.12297019519071,0.23450466979032,0.730215113607606,4.39808140112259,1.07448732333087,3.82090811809652,1.56163268874045
1.30163157988859,-0.55009502701528,-0.056456963496552,-1.09482213506757,-0.993705547694729,-0.661084744284412,1.01502608453137,1.47899458072059,-0.278737990734975,0.298509182007129
-0.728993715965303,-0.27541748232417,0.861229183227147,1.47673239953983,1.00557617512954,-0.399428974390895,-0.288494934238664,1.51021805781544,-0.234198254858855,1.10872797554401
0.18367062191014,1.40577343746281,-0.815782818346902,-0.0394942017075797,1.70444464080391,1.29306205881466,1.6579404165201,1.14299901546462,0.30544985292403,1.72706579475243
3.07429118365839,2.11698415983656,1.20794579871473,2.12971691204506,1.16162844422393,0.558081071293833,2.91224593012673,3.02881752414355,2.6611407264634,1.42165680112767
2.51217887880876,1.7024939898635,1.69405379310789,2.62525780158099,0.897541154774078,2.64184895110572,1.58482913772895,0.788953283779789,1.5663060221576,3.87356917987704
0.928957250143235,1.49065511252025,2.00582586336357,-0.754483296890624,0.152284953192069,1.30896077126598,1.44324900775099,2.06386827246607,-0.00871302395724505,0.168704326172455
2.41905835038061,1.24752916208852,3.09766927772799,1.03841611678177,1.71293310762926,2.57335054146649,1.9924525127742,3.36734288465146,3.55175577328712,2.26091674121135
-0.317664086856841,0.274084561335506,0.926807038707968,0.762672320778632,0.76105340364804,0.771848768448041,0.89136803226326,2.18480995119678,0.353970310078353,0.655686609767358
-1.2840684088684,1.05790832239179,3.38487572214617,1.0165944233934,0.939205805164379,3.30152369717081,1.58139387259535,1.59062196056345,2.0004471203931,1.72220413261369
-0.169656003925485,0.997910790106702,3.57806711019997,3.11342186178439,2.6105000089027,1.25087628335732,1.21181801994711,1.1070161919971,2.01441058833825,2.48190971364327
3.089468437344,3.32115430598773,2.30806755435634,1.28923282291349,1.79699419330817,4.66815554891277,0.400954887003521,0.825817694804668,2.85174957461637,2.37594994642253
2.99505127804179,2.0318495136396,0.486602478957531,2.21294069171036,1.78350922809557,1.6119586718725,1.55018123684102,2.73612232675202,1.62458596962227,1.77337926297958
2.27400513196145,-0.522559115871564,1.35524865707063,1.39977784927425,0.717793163333052,0.780580119258822,0.844966482079005,2.39975325098407,-0.520122591829321,-0.647885790461145
0.860434175633239,0.667714524237345,1.68212878032194,1.15030484053131,0.136991349092979,1.51736656966857,1.52464715374174,0.278942520474067,-0.0888536995245688,-1.48751934052475
0.266316027184376,1.27525859751124,-0.564336528969753,1.19935811185783,-0.509573690723677,0.732678537617071,-1.19586545004269,1.16834796522669,-0.0932877251943482,-1.27453388081774
1.1583258203152,2.68625085490191,1.15855649694981,0.859993469844287,2.44461641898002,3.56397593007905,2.59174485736751,1.89238959615106,4.33636443208931,2.1085251430905
2.51628802756928,3.09718591009788,2.08751234817784,3.0403113292591,1.66048541893895,2.25919932183536,2.22334612777006,3.64725577849779,3.97940264428924,5.10664084184424
1.74316866234641,-0.59954395561892,1.80654988221128,1.44981252420313,0.709926181339118,3.18131931675471,0.309989267120109,1.97608149758858,0.502627870120734,0.800917464362622
0.591507501133283,0.81735137286764,3.87119770325328,0.538146553582367,1.78512885893252,-0.994104227725713,1.69724954099739,-0.441404410612595,0.574131304413277,2.36545491444169
1.93308703719454,0.241615508688067,1.51302873975588,3.60058699115812,-0.367447676638385,2.1455216349522,1.63151748726307,1.15146227288661,0.929705641396268,0.548973785565465
1.4866510313945,2.99217816653513,3.85008811374172,1.8990979121206,1.48778871737457,0.799046163183994,2.01647136108059,2.64048996249302,2.45402505233536,1.72926261339544
0.324291925970364,1.97148979668679,1.13212472597076,0.00523259218955396,0.462816717923662,2.11203521447636,0.551337556404723,0.786072421311445,0.213501240970566,0.335872619841357
1.28314466071081,0.777921073048509,1.39231355975593,1.5128114646992,0.110975490278091,-0.693327812605389,1.48755475651595,1.13622551677084,2.20687793726199,2.44410757349373
0.106970941637422,0.225380587885496,1.12015738986788,-0.137086105399567,1.68056423117292,0.395112381742166,2.45462043732493,0.419044466907826,1.68410688350663,2.80348987904577
2.44212751318577,1.3210732126477,2.62819737457454,2.83089426735151,2.14781840723286,1.9084826105793,0.18785799058338,2.21585305479518,1.14931428902165,1.26896451030479
2.10681490024761,2.58242493964556,1.77020942901064,1.14529678091065,3.34877979868321,-0.214356321862478,2.41984876285501,1.46002347256669,0.168104009538777,1.61197617961267
-0.956477231107312,2.09014489280291,0.660439699055134,0.509690232574555,1.31430738677236,-0.0715244503677428,1.13422442739315,0.432266109130378,0.961445740972504,-0.0518646134260545
0.868169252433996,0.651603459580356,2.42493062907201,0.194937345112682,1.05584845118141,1.84996855918055,0.861873244671758,2.52530037934615,2.10229338358835,1.81255992780607
1.39818126173457,3.37480206509139,2.35924907643346,2.47113813738565,0.572645072629817,3.59706277309756,1.64773438840102,4.73564897561103,3.83009681249585,4.06418470518717
3.54447721222048,-0.597470890335297,0.49984388433407,-1.99091926367184,0.923414407213123,1.50555016842217,1.69427750222234,1.62876140745006,1.07973492332487,0.630626455992611
0.00999158819202022,-0.888550099023357,-0.31743147241352,-1.12544656734096,0.900216590939564,0.764424100621821,-0.320115066517524,-0.619953805711067,0.230681986225559,0.53458841645215
0.491461155612588,1.92975912259046,1.98259804868257,1.82042324747963,2.60814882919282,1.51925078622888,1.90531556025139,1.55375158819614,1.91285037904477,1.89145225458934
1.01012471624854,-1.05868995574269,-0.578655102068097,-2.12353938374663,-0.772111455084564,-1.02273135333225,0.699375925375119,-1.00079128734235,0.257154789804289,1.20224710790402
1.4940179033989,2.94050182282925,2.43610108739501,2.81346454676915,2.69753144920111,2.90900923335537,1.75420870265038,2.78506655397342,2.56401468176625,1.37565597199832
1.48367294931782,0.0367697913040548,-0.0418263688584743,0.88349044787455,3.24714088604372,1.69743562009529,1.023502379186,2.88983107098048,0.708665431246655,2.17019851817106
1.184093382454,0.321051032104357,2.03246067987283,1.97097421639021,0.919729512784675,-0.775743088194006,1.49456085836111,0.903061881269231,1.47537330625703,0.647902746773245
1.16594471757513,2.3177094705845,1.54366820533104,2.72151393777356,0.49143053790615,3.30403906213276,2.69328149125998,2.09896989079809,2.63823762471003,0.820151118166074
1.30888828604209,2.28948149957253,1.55455179389437,2.31378362019235,1.17358987357037,2.98673279745851,0.557682307873952,2.3300708412301,2.40730534637823,1.86137673137785
0.039724060368475,1.8162577829808,0.79403676292088,0.272152366169551,-0.197810582244763,1.04303409071583,1.48305178227778,0.112639740165338,2.12957356184891,0.948702302173197
1.72976741448164,1.08302501390668,2.05331989306012,1.8108198027101,-0.1340031328752,1.09139923922353,1.12529357709051,0.63818297370682,0.387762360897289,1.81139409287641
2.77613930484913,1.70896095377422,4.09567033798557,3.79143343068302,3.01078789078546,2.0553775821911,4.33402527279786,0.0508853720333375,4.07209294345903,1.11674843812297
1.61503476171609,-1.35554085403403,-0.663492334645477,-0.490014859632805,1.29118962490264,-0.448013244267208,1.31359764129604,1.35739287651891,0.877882353802124,-1.81902534178677
2.08152784601065,0.344054868875224,-1.70591752623832,0.595377259567648,-0.740988157734723,0.788186642436034,-1.26617746698544,-3.00383096934058,-1.15417161255562,0.65734490169732
0.136371409598795,-0.967225794252043,-0.0471094246761641,0.0410078635275062,-0.740201206309395,0.106042770028829,0.732845148418168,-0.217615092462098,0.868893127949898,-0.838176404806615
1.39901532611167,-0.275005443429146,0.921739965451841,0.00140272443300219,-0.551397297449246,0.757840994209052,-1.08579785144021,-0.477568702292329,0.754519330976774,0.625802125512908
1.53322499620317,-0.893147668379345,2.63148260058898,1.7957806530503,0.685726534232386,0.803969597076988,1.10970485095166,1.31315926700646,1.90868675324953,1.22961290538783
3.01476875799492,2.2419500774195,1.64893531677675,2.87670407668123,1.12771165763215,1.98134332319195,0.945554224910321,1.35531352205241,1.66055175243462,1.31173063910665
2.03587363541416,3.7035851110828,3.16528206552743,3.64682825443805,3.41324861334943,3.18431132194286,0.485092473118036,4.20603929471137,2.00088096554539,1.81794018929268
3.29896470600588,2.79153816493211,1.29725084151292,0.865943146148072,1.86377316405308,1.7547722222786,1.38612077875303,1.64486630723659,3.79728220832555,0.738196055588082
-0.256992275384243,-0.788875908386863,-0.135100184053902,0.656057515161571,-0.869750050042415,0.0816575917565856,-1.90158224883472,-0.634595202797277,-0.12442578173743,-0.45120286117334
4.13156977989695,2.53689913959091,3.45793327955702,2.70574654384804,2.75884282059013,2.78086176106246,3.12512867615821,3.13937314341326,3.03477555488359,4.23656222709639
0.139853721785447,-0.296645844378426,1.77549174316248,1.71636782028079,1.62489636279112,0.143312137318819,0.404116147173029,1.63261078049551,2.52074721433774,2.47933368822439
1.9919494518881,1.19671226813194,3.08611485923184,0.442495898815879,2.53176585669677,2.77732810810712,3.89370196010355,1.81991352351774,0.729812986251936,2.85965698965577
-1.25558286092181,-0.640133832321313,-0.0740755717230048,1.83483432131164,-0.229162397103039,1.28910657892929,2.45343861702845,2.34086622328301,1.29851258894204,1.02800037994215
0.659420038726619,0.765867019345523,1.02340710549106,-0.12957946760333,2.35358250609717,3.78580239326164,2.3479087820879,2.84520365549109,1.87339499143029,2.07749325041465
0.599888784851029,0.970365815499827,1.89779576478099,0.835703718210305,-1.11017159104532,0.257489397294717,0.339662970065234,0.980204220349729,1.6838882834402,1.79130239512962
1.76364282251863,0.995019573174338,1.95576991733178,0.479339572463344,-0.288712201798322,0.520026340371167,0.229406154721171,2.89651546120999,1.78611785678017,-0.251357600883461
1.43199043356225,3.69549242014338,1.81042666337227,3.76996363643058,4.4034360925713,3.42420636440053,2.71788641562904,3.1302743254714,3.84648387011032,3.19312279437703
-0.205123945236231,-1.59918801819012,-0.230623314142824,-0.359161677072931,1.87694510211836,0.594738796746759,1.14730227598138,1.02368687158152,0.0803980656373111,0.144263776722837
1.94737536842934,4.10555895018712,1.97495799612078,1.26330262077099,1.96431341289583,1.45270812748572,1.90042091633546,-1.15086628190411,0.876905604676647,2.18149089786804
1.80903825993057,0.120925323357141,0.13130190737263,1.18739550688807,2.54515356026916,0.199187763545477,0.217810102630654,2.13794496434713,1.15051280725426,0.482385605018924
1.57202719159487,1.36255397569241,1.68382504314607,1.22024495955325,3.53013691916215,0.826267371367704,0.213920669717646,-0.0783993482628629,1.37457233286908,2.01623822155475
-0.482608901879505,0.0381934920312965,0.683615264898845,1.76055472768072,1.33766489401193,1.03650564515443,-0.182373690277074,2.79506603764505,0.0578303253070829,0.601246266098615
2.24742506124193,1.67161551673741,2.28326895275419,2.53535539251196,3.21321491857384,2.15113298364806,-0.768959431007151,0.779819876227449,1.12195485801652,1.12338392219481
2.04458021343107,2.28790260058847,0.61738412784284,-0.400329281508086,0.676810938430502,2.34947425286731,0.268307330806411,0.644905994418253,2.61390434207969,-0.0774589427835599
-0.0112326708800694,1.70178787535534,2.44306767037114,3.3314109298881,1.96395321760476,0.706343580028893,2.35922627747578,2.09985969837341,1.35892421202969,1.80812879177812
-0.455034747092376,0.64635581454187,0.386808654819739,-1.24690348767059,-0.485289852730431,-0.079566592337526,0.413636789352349,0.51851846129458,0.422130887104577,-0.560272293588147
1.82679973997823,2.54916314898012,4.51063339880572,3.68266409542761,2.56754175519474,3.07235234858054,2.48933055192613,3.10099140012208,2.82278019944001,3.03598361831606
1.60679670311081,2.24114705110171,3.48227082112411,1.12610382315235,2.79370523119635,3.1527606880664,1.47062422475557,0.7497419459739,3.3263859578934,2.38871381735613
1.50042588022485,2.00269109637855,2.22996524542403,1.83690174822637,-1.24778412913684,0.977234822481106,1.0616597869673,1.46218630413169,1.59103297703276,-0.389335257683115
0.884888449728282,3.67216699697687,3.02795575001304,2.79221372599185,2.84710179572598,1.64817770825919,0.963163429336948,4.15230261389241,1.85765588042541,3.60121968813073
-1.324826429132,0.970459990304132,0.984535836581044,0.308382318382875,-0.44647284417208,1.01332879051932,0.0439154766272976,0.406735822920844,0.15949363484696,-1.05112650149036
3.06336735153895,2.1470741587096,4.09724994428002,-0.140554380596166,2.00075837727848,0.6245186113383,2.36286042818721,0.508882179657705,4.06778764509033,2.90873345647574
3.05806278791412,-0.127382326239075,1.03262134417393,0.72588738937017,1.08945036368855,0.60310600916179,0.918770127581527,1.09668763492124,3.44531040406783,2.04099893790675
0.568337036325958,1.87440508409148,4.15557243642544,2.2448339366608,0.64847192057995,3.38872565398316,3.63048735078341,1.88350504390579,1.51244841445726,1.60450357482341
0.675050955634463,-0.308367804448233,1.72251928663726,-1.54750937551707,1.88278098456747,-0.504877190583793,1.47666375586921,1.46337084915189,2.07015430559405,0.518551592814921
3.22333359213525,2.44330384393194,4.81056179754129,1.80207854700094,3.23906374496296,3.27735589578023,2.65617397636959,2.83915634051462,1.70933048691431,2.76446291828567
1.26787410680588,0.646027475994372,1.92677690494888,0.494963306009598,2.54651816071909,0.0332454027455116,1.65191231137287,1.23349684433105,1.52509917092896,1.30933096237821
2.3008668280544,1.16536796791896,1.78313452028445,1.06926142693847,1.01279886348505,2.64249169485138,0.0991219882353274,2.23755446120193,2.5332891095685,2.05055966435999
0.607734828969374,1.69642680889827,-0.224845948154482,1.11848615108454,0.539560350776407,-0.0828623487293887,1.52071000970491,0.940949759488861,1.58871869360722,-0.768530983504813
-0.336319699673556,-0.361969436677726,1.17142917993905,0.592720684192322,-0.853649042962995,1.28598670865116,0.526249063239484,2.30500630670044,1.01807057502231,2.40591266107516
0.477425671203719,0.58586376130198,-1.40713047472257,1.81289757345428,1.30134328995936,2.12749184639401,2.91700260051277,1.07108611558141,2.48429126544717,-0.165890158361172
0.976111704631296,0.962782495094046,2.05484096494572,0.844783779832381,1.89697809749543,1.09475007437978,1.14765298706933,1.85137003810953,2.84155681016402,0.970988672684238
2.9431476118093,1.7586945386681,2.16177705075932,2.74855280156963,1.93744120889625,2.12899934209456,-0.54466212038632,2.93982337062842,0.879774546593304,1.40117189280865
0.186491703889848,0.832033815274529,0.102097942372907,-0.510553033214706,1.06893785864108,1.18432425733056,1.48038940732761,2.1613410021224,1.93560264930345,-0.970073218963119
3.79973687797458,3.40159959225097,2.90889437326694,1.51500250814391,2.11763759331228,2.70703631228493,1.87647547199334,2.7689564998096,3.29307422438915,0.934543416409869
0.195876196639998,1.72035063651118,0.221196698716137,-0.445518465232635,0.342399131637357,-0.461905057496024,-0.787777971076141,0.0387132236075138,0.328642593891304,-1.93461905183428
-0.122869857019929,1.33398964303755,0.475737204561878,0.958080503278083,-0.193706548516792,0.899588906104019,-0.746666610536234,-0.969332699287746,-0.371097953387984,-1.20104625514466
2.95471107917373,2.97125749121901,2.65885011599363,4.9791936531085,2.59163422264133,2.45129858052455,4.24850028645078,2.49524598090267,3.11281047739999,3.22807788973956
2.44863200002546,1.71803846141021,2.24080870986354,2.38881964134249,2.922886518555,2.90448890270633,3.25692671536414,4.01570117584526,2.52570840479872,4.16469682556682
0.265651064939254,3.96868195938345,1.61035695892471,1.30754365434147,0.346276825005894,-0.507577417441771,3.29872772190026,1.45287470388325,0.987710944861538,1.02537302560221
-1.37377326578942,-1.12276178167732,-0.285286293285538,-1.30627432591269,0.154401768880062,0.210006616753465,0.872071591958743,-1.83224968665047,-0.989043967643892,0.256642510507783
2.25917715810278,0.157497150455951,2.59536046174607,2.89230786451456,0.709516146491142,2.4483680893972,1.35466699723067,0.723863573178086,1.97697006579037,1.41798598868443
1.49855997416713,0.885053410263834,0.731308087747874,1.77716062594942,0.598126464572747,3.24725960992869,1.13195265789446,1.07509439002846,0.684383155883598,-0.631268960813521
1.43778767950087,-0.0450132867993833,-0.299454057588209,1.32020796788813,0.566356514315946,1.10779789293817,-0.480179693141053,-0.977765364550353,1.18475700467354,0.254864538089765
1.91966064612897,1.61860195827203,2.84128652990944,1.44165511872921,1.57427696377572,-1.08253676090878,1.22747695111774,2.92755550985256,0.832079026446782,1.52164939491636
2.37226794211749,1.5564767692794,1.06217254151875,0.515779926355482,1.58764572455075,3.4347836098675,2.49755400160843,3.73392200738267,1.26926943498859,3.05886917209521
0.952141321796908,-0.516285511462105,1.08413868306844,2.68756261035254,0.97588800417471,2.05407778330412,-0.772308873187885,0.0844941726684051,0.551369668058624,1.14207708004387
2.54171274009877,3.45501825195457,2.56053017529297,2.40845863387811,3.29970918422286,3.67799470683261,3.44395550083683,1.73366014200801,1.26978435955558,3.66869318831438
0.514202221646171,1.42525904869627,1.82313028708197,2.51304798692461,2.69871604429291,-0.273666647357258,1.32790416423842,2.53714749034961,3.04357548187751,3.27572872263322
2.44744901152169,3.16693892112575,3.90860439933656,3.56021047118356,1.0587417835376,2.82270741268048,4.50394204434439,1.24548496691906,2.0114611385416,2.33578600216144
0.33948209676668,0.59983227681768,0.652529684782024,0.914016498915932,0.343432773733485,0.574484867019047,2.04163362856777,2.29266693402752,0.558401294989237,2.34194049739199
1.36881944925755,2.17331275733994,2.63303435761791,1.7955979511869,-0.733491584171089,-0.0612844146424187,0.47171520433303,0.285769454376165,2.07717137041793,1.46992890943256
3.67895328428993,2.48792746743731,0.944853864019515,3.88309914556539,1.8584287287482,0.774779450537598,1.94961718665271,3.20201930895067,2.77341338081266,1.45986161775049
-2.11055114539018,-0.691736771445842,1.16412894245143,0.476427175666573,-0.988220783224594,-1.16462096158975,0.411206793938023,1.54519071978783,1.05496334976229,-0.503965984510557
-0.257215709633022,-0.663386560854431,0.486541972208325,0.918969785376318,1.01290716213969,-0.7100620803806,-0.0119379906763998,0.602259783325666,0.27728790800509,-1.10067618138377
3.88287626588575,2.04468756592204,2.05061029608905,1.69250104343919,2.04741638076813,2.23416869551706,-0.0275363584129962,0.861157067402049,2.87205685153076,3.57599582764985
1.02444527250992,-1.02404768675789,1.83286394283718,0.296383894954143,2.40538292525377,2.03002016657399,-0.688941165386421,1.1869504344418,3.69991947491391,1.51980852543132
0.0585358963091207,3.83500588109782,0.299009566886013,3.22941233468341,1.63934429546607,0.695279511034429,1.89248719023686,3.87720748319845,-0.0994259956469215,1.40453066398368
0.653463252580693,1.21939467488103,2.42327751323105,0.333734848124654,0.685479613001997,-0.158815087997591,-0.892495606927503,1.55651578335255,3.64498209834739,-0.357593212472007
1.49138459019539,1.68017266962785,2.07970125767555,2.80168144633679,0.994618048587631,2.45425424700481,1.49272077137097,2.3712437627577,3.14106377738609,3.11098792098522
4.52536092381228,4.07397765712577,2.18823919793214,1.50840886828876,2.34304403534976,2.17958591527296,3.39864796971781,4.93887127804276,1.43582349099689,3.91552271103938
2.47364671393051,4.6238587334232,1.11491113504739,3.46985943896991,1.70192484547815,4.61558157437602,2.16399802791844,3.59401488712453,1.14668644508715,1.44908502198161
1.36662302980648,0.272531366768455,-1.17582498007963,-1.06486053470196,1.4677513175053,2.09441030178003,0.602612494060291,0.929522670816256,0.337092360318833,1.07908028351697
4.00737057133541,1.6083568285914,3.88439197185181,2.32602672004226,1.80864967936828,2.48393538712603,3.34750169077737,5.434216411512,2.95541211314416,2.89243603702606
0.0275070796464186,-0.839738461478984,0.149328545861463,-1.00230829478497,1.69945532863919,0.353397738368908,0.436287653566173,1.92805626833616,1.96225599750636,1.34790260380567
3.38237656330155,-0.00194291632795718,0.52481715519904,0.81068985279073,2.3075171811784,2.23743955084575,2.50460220645897,4.37621872151122,2.22797016223915,1.96753363034515
0.0614005151101901,1.4904515522353,-1.20263313091214,1.46590660420722,0.877908617887049,-0.0336726920128161,0.827764839528789,-0.354564016549363,-0.316337073337639,-0.454376105163258
2.49444088162084,0.60618270233311,0.25918510466095,-0.441526840730518,1.93316955440749,0.689601852592091,0.375514441906106,0.163050426083285,1.62664287827008,0.284886119703331
1.69353298075827,1.08924990452782,-1.03155422402184,0.360585594831027,1.62903940691948,0.983633715616624,1.24887387093347,1.9360781872157,0.58236323639456,0.84709389040844
-0.158897358722497,1.47095167990422,1.70744147955207,1.97729857986144,1.09095757503883,2.84234683305205,2.51680021712185,0.948522462155877,4.61675040690705,2.46237568489881
1.48464344998697,0.116764260588254,1.8626540771864,0.911705806421893,1.76502420604028,1.21785271084529,0.642384399493694,1.57011645864469,0.74722289164711,1.10003072666609
0.84843839051585,0.77631367962888,-0.280483545382642,1.00046146847379,-0.189090579342629,0.175709813245031,2.44201642886043,-1.04504753352009,1.85465420819807,0.763692567155728
2.43484933462873,-0.258296043771467,-0.0136439151557002,-0.54379194960253,1.01817269817004,0.191710530261282,2.69695647192156,0.172432523398926,0.181243167205836,1.78374458525011
0.854215720471752,1.91363853233957,2.61261461573709,2.74126155137323,2.70157797535995,0.988608809101199,1.82576513985464,4.24303542395147,-0.0474617988642203,3.81976392451407
-0.716829467901175,2.05670151811258,2.07204288766343,-0.571746344214317,0.530953561042903,1.57225469270411,0.920254452815521,1.57695010317229,-0.461256710212331,0.693256582944905
-0.550271085247922,0.651901524710772,0.630680623694531,2.90340570417046,1.77287236119394,1.35006705558105,0.456082046304535,-0.00299509264391373,2.90112813566223,-0.0375344537805384
1.28484552630886,0.21758144495103,0.891104719008767,-0.339410315075674,1.3367206526124,1.43641879852159,0.710874455333694,2.85789222218247,0.0859712442835663,2.43580778433696
-0.130657179821734,1.70338299004253,2.99395820029171,1.77724987090328,2.7562840815185,0.957104272719435,1.61766426711205,2.2984219906944,1.31361872518586,2.71029981139252
3.23603390089486,1.96132967605718,1.81761873897684,2.28886448910046,1.5090892027017,3.49015332119196,1.43793694746016,1.96340305796303,2.04004246641672,1.63140621349569
3.07358115017125,2.97265642155601,3.2188855318084,2.11519130642522,3.43253358844699,2.60362891475602,1.87301166909972,3.48672701764508,2.34032096546844,2.33623634015237
2.77149433114249,0.679455387846256,-1.40958884750889,1.2601874463964,1.0499585377274,-0.392569338629757,1.28667819848077,0.426981473639293,2.21649113415002,1.02277566650529
3.32849459131268,1.03994173976376,1.11947469958283,1.52524516355884,1.02006576138553,1.65642654350719,3.31488753221767,1.56935856373439,3.14393496327606,1.50790279028409
-2.16159624361255,-0.805519886702507,0.00884980400365852,-0.608002537798825,-0.802126318030759,-1.78112474319787,-0.290499915285861,-1.75776247496227,0.706674492979224,0.361153395652695
-0.385340693103274,1.04178345297853,0.0134286082076047,-0.139665021661259,1.19712770682332,0.81764564670108,-0.836711061237057,-0.0661016558883101,0.0165393486948638,-0.206702098540115
1.83964321654328,3.51649010658675,1.01443557093094,2.29633433797088,1.93153222674366,2.37784007754984,1.05818452067106,1.94005876708284,1.4345825254681,1.65642322202392
1.4041566240584,2.56229207927891,2.48514423003623,0.167645423704191,2.63594828455712,1.09035262676063,0.625036617827229,1.14273215325986,-0.82790443051514,0.816763270584728
-1.15603477684251,0.93198137745565,0.0388871081612205,1.75537441172247,0.496969441599762,1.2241028653061,1.46537660214112,1.60727794243562,0.883855590416975,3.13685839304806
2.96739715557555,0.549521077300743,3.66585817610192,2.31894647607606,1.37588266421779,3.2026969181393,2.50594146256526,-0.231777731837556,-0.969844291458438,2.74002827834467
0.554078300644834,0.646275650669909,-1.62488810382341,0.387943758122795,-0.645674609809759,0.694172759683141,-0.333124261136011,-0.974845986716722,-0.819428687525,0.482818900124841
1.45055317780011,0.886271203188133,3.31867559537675,2.08240960768077,3.06026013459237,2.76598984518292,2.93246033992226,2.0791312732416,3.79813595333508,2.2529397396133
2.59112387388802,2.03969124147131,3.21207509091201,2.24866591397869,2.47658450228191,0.436624182642624,2.6021032046581,1.50966250939031,1.93312809719117,0.991917504785271
1.40686551037495,2.44043841562442,1.48082856848033,1.69380121613982,2.86017807661333,2.82929071297086,4.90727988771436,2.91644761300461,2.23157118685582,1.92328466130315
0.968721050805257,2.04475906411175,0.373747114363259,1.77661670044024,0.776374791550602,0.454337479556269,0.405384293386069,0.921679477781122,1.32064410884562,2.37326548454877
0.256799086005514,0.26101445726114,1.22766557406877,0.167111866214742,-1.41221647406592,0.671729044217998,1.49554064716366,-1.37081140544111,0.141208674058496,0.343101949325019
2.9579138195449,2.40635458118373,0.320839877556219,1.11612868739771,1.29029571339618,0.618417168861616,1.54422014472064,1.36895501199536,1.15983753982626,1.6559183000623
1.44237767571854,3.47568295721273,2.15625888048866,0.996453718126878,1.28865374289122,3.42301739809333,1.07036003841686,3.5837477294657,1.42260338074789,3.29610083872039
2.40680138754974,0.989820197964711,0.985537610076888,0.256773069008672,1.70648146366306,1.48218433849356,1.2915220586806,1.92596749542701,1.66940008774645,2.53913817328351
2.86061135503988,2.27316061042942,1.30193677622552,2.24991609628194,2.91023315433127,0.805251317805163,2.59501508871495,2.61915964770428,2.7457768918624,1.90410934584785
2.67716289190476,3.91856220605694,1.60912520428158,4.70905851977665,1.00994877207872,2.79805429984861,0.673760782040848,0.760005804783928,2.43213126606545,1.75584158836766
3.54967780667896,2.42507205675709,3.6685191544624,2.39023026057537,2.22072035188664,1.19907317525554,-1.09788925469795,2.85782187830054,2.04583534450971,2.8500642566459
2.54471438795129,0.950826114609329,2.53220164308275,1.26663428279072,1.51721911760389,2.75993073235837,0.724140505282126,2.41570018411357,0.930237880371017,2.48708868348088
0.023496278476005,-0.89247483526705,0.605723424142648,1.17920320092937,1.60489517126026,2.45465004910618,0.38382812368323,2.30101662203056,-0.892599267022254,0.49330242641471
1.86816527755325,1.81602588914845,1.11014246293675,3.6152215153077,0.6489665157615,0.528820174449159,1.85322592889947,2.56614478396612,1.36923333994775,2.80321513553919
0.0410421066224491,1.502778404835,-1.08265807800458,2.16689721791145,1.47259660144389,0.932075314326279,1.24634581030751,-0.0141021573713547,0.768610044262904,-0.092633025848321
2.42203407824214,1.47174234632904,2.61099447233167,-0.569552022717507,1.77368980203145,1.83960306385944,2.48767199517553,1.35978999346061,1.4713199552772,2.76123966286109
1.99581251774742,-0.115310239084289,-1.02867798642397,2.09258873886335,2.9834958748341,1.78809847910649,1.24887912553092,0.101381632460707,0.875492199882,0.452783644394488
1.66201631423987,0.710632395060011,2.54006594299021,1.71191039147778,0.212603724591314,2.3194932824816,0.338309041202155,0.447695542198547,-0.408697212844394,1.21407780795868
-0.371620305935012,0.764496375203871,0.826535925474526,0.299740049328262,0.685845016937438,2.13991903902346,0.772845279413548,2.87575927155746,1.92678296190013,1.98858759576665
1.40291053068884,1.01523945287004,2.59226587451698,1.94777270171258,2.71807222867065,2.25852399791943,1.49194301976578,2.32170785228827,1.54788403371919,0.543476766040364
0.641279709216492,1.27460341424379,0.195481625563283,0.766323279163617,2.30753688905679,-0.325829493437059,2.96383147778826,2.06015720899528,1.13488837930112,-0.335176684636725
0.814096051410403,-1.2873241376142,0.747899053952054,0.717573497927759,0.574804765538154,0.337095444641538,1.09183144090849,0.916950421328852,0.653142124299304,-0.150340078355858
0.31308791014577,1.10460320976688,0.64584316817282,1.21416659618672,-1.00654987488285,1.05092458200606,0.35249261992492,1.39712655653477,0.794454955420158,3.01813123721852
2.27918697854164,2.23422402290942,1.50239138369883,2.14083915241997,0.0930280995388606,1.52487427970853,-0.0775822885118642,0.969423331637594,1.71076418618595,0.256322579486483
2.6366114161931,2.14085053209954,5.31481638190184,1.13392297555418,4.39358682068325,4.4900287124213,2.22762154550611,3.00548579462122,3.87602028648102,-0.879882887758674
0.044925072693155,-0.408934817000627,2.92492789619953,0.395574268679783,0.0574148427912624,1.31239337284512,0.0262747455514252,1.91560760581804,0.0499210537365521,1.1791492794352
2.23982011264264,2.949435289012,2.88999973827518,1.79400804533797,4.40479185313974,1.29554899022862,1.86468741082014,3.12861555280673,0.515184650041858,3.95278796413741
1.06941646972653,0.841480460973548,-1.10582740184195,-0.715485443842405,1.07703411237533,-0.839353637387767,-0.205753766399127,1.18511887442744,0.986329996800019,1.17717599438403
1.24640785419835,2.15992733593382,3.59546842062494,2.45346676595797,3.6790802811808,2.46411555952783,4.85769874032169,3.51967894161878,0.869561559208424,2.32783831239912
-0.193630173351008,1.6532533143643,1.32711107151434,-0.389874097355671,1.24877593593029,1.6987912182955,-0.686587950584713,1.8532434797018,-0.599700315174957,0.852704546794082
2.51230557390426,1.90041764450723,1.4353379268753,2.03332359071302,1.46044572260541,2.47359614412042,1.52118385046816,2.14575849438965,1.52476707322874,2.15445611787236
0.451263945811154,0.15902691278377,0.423444672420226,-2.49094410840812,1.3797718446865,-0.20610204597008,1.95307185024677,-0.329535528683114,-1.26407045887822,-1.10437329966477
-0.0834229033308245,-0.154866118289709,1.61399856142932,0.436845013493494,1.75019299288185,1.41102131070646,-0.177966327248085,1.27425006042753,0.60593136012402,-1.29879918731568
-0.489123975099298,0.293740701874418,1.76698881735867,4.15635073350854,1.00945544172031,1.74053359578088,1.9121024185401,0.981589106244188,0.550899716894689,1.42988308865951
1.60754876171864,-0.455608169664077,1.72418618545471,2.39912209938366,0.29773919173893,1.11949780124394,1.8982774457683,1.98604316845845,0.205285424550634,1.0781840026338
2.76054321357445,3.02977913908447,2.97515855606982,1.48325319990254,2.09929855923127,2.78590428625552,4.66469831187801,3.47529725600743,4.59611903372116,3.12558985050438
2.25024779013722,2.45869799656588,1.45137921161103,-0.563447397901713,3.41236936462659,2.91821495517198,3.19035930528745,2.0272998766235,1.11426952170174,1.17032426064115
-0.130927260926918,-0.178929354835257,-0.924298761907038,-1.40672339643062,0.704988209942133,-3.3352783571401,-0.307267348267282,-1.19450768679578,0.404733276247758,-0.0416120050386378
1.74440279167913,1.43495640944003,3.10995096501942,0.291313132338761,1.64020759058685,2.41869427300534,3.39541829547067,2.57231504785719,2.10872071459334,3.42671005820981
1.40019135666221,0.8275922634947,0.808461790586675,0.548991964145472,-0.408280166536052,2.37607252846064,1.16992954381157,1.59253060660905,0.674715962217905,1.94505720596153
3.09479481331704,3.30067229308856,2.93464227589492,3.05697683558845,2.2888296175235,3.38566617853181,3.76268065582733,3.1946494483845,3.38149555854963,5.18774621989331
-1.36475556555738,0.360864362272889,0.879582850392117,0.34347315209616,1.9124450163505,-0.788613908235899,0.297229621290972,0.725538432966773,2.0217560364984,0.84263840131653
0.562818946170164,-2.02051328631326,-0.00904843908527602,-0.0993697644546217,1.71176663655891,-0.362758257079252,1.282056981229,0.513259306492132,0.337738819653444,0.0196000161136458
2.50496713793374,2.0734959119414,1.95842278177574,1.22838223227465,2.62132458843886,2.17399497423714,1.30022368779687,5.41064394912544,1.83943053811699,1.52568526494769
2.73146612453438,1.98983808604391,3.33781467778589,2.33622855739874,2.95504079085295,3.37994245860898,2.82087890113762,3.24328941625286,3.13545353479007,3.31634418713047
2.41872041920233,1.51803807173418,4.96798320456748,3.6590341032917,1.3725119707737,2.72726572578495,2.6951102896917,5.70826092130851,4.6886982437073,2.34255926496086
0.790076761821537,2.48264207190731,1.78393669249714,2.19320495009271,-0.263176836529825,0.40877326592972,1.85702404672932,1.21587267515735,1.79018838504228,1.13582080388753
1.19887384505752,1.4712262934141,0.748122701978652,3.31513465225368,1.75366738164847,2.42085324446031,3.13227653895113,2.10849983098339,2.12093995726754,1.49253664126616
1.92469894917961,2.95582432319297,3.27803481073272,2.22426289595627,0.917138158966432,-0.536322454107344,0.86861947338546,3.07837846473733,1.9688341197662,2.39128340688488
2.31057028367664,4.1991379225949,2.18299166250316,3.18920294222664,1.83394939909784,3.36073938894946,2.48178792021685,3.61719479652681,3.83446081847397,2.53593662832927
1.52271629176164,1.2348008577442,0.578420281281578,2.45036835779157,1.39689957310337,1.19555515364069,0.728327722816275,2.1047061309651,1.87841145675919,2.47285662315117
1.96015557643707,2.49604913289342,1.37128309926895,1.5238956590761,0.642609381855382,1.87781690504175,-1.16455923316297,1.52085070416967,-0.570963284031308,1.8313345822073
2.90315985650237,3.53334614334181,2.56024344170529,2.71613191537187,3.35154565192013,2.15380988181544,2.46502922236515,1.9776397806468,2.14435321559967,3.41406231220278
0.607502355508731,0.212260627314001,0.166018695823508,0.894169517157292,0.257586342823061,2.05421478515721,0.808670278204423,-1.00370118613935,0.957918688413307,2.48869345785359
4.5251443858595,2.76448426567716,3.68500105826187,4.58666856908857,3.88110245082284,3.05952165132287,4.33662183238443,3.20592814486202,3.80720100799738,1.06963656410032
2.78390054269225,2.54377710838709,3.9649680784705,2.65075186986906,3.07941591283617,2.29247642281653,2.79670420522165,2.77752399640812,3.50567172553944,0.861441180184037
1.76799535775236,1.37209865360595,2.57840102679653,0.78516032642785,1.7973466906739,2.61290962324598,2.69075833597632,2.44531397393021,1.67395253768982,0.539782139425859
-1.03346155675358,0.0317839567756141,0.237608048918435,0.376217648795206,1.40275554714702,0.367413085812971,0.701767114422312,0.824925092805168,1.69066068034445,1.0533699246475
0.203069368492562,0.377170578646207,0.823130557022479,0.921879516516648,0.891228609008547,2.44467103941571,1.19543642144466,0.401071778453607,0.778391809442301,0.354062941714666
1.66965048950303,1.80766964801787,-1.54247853819404,-0.176129382472914,0.225203192049399,-0.898827488846496,0.548412506254994,-0.587914892788996,1.47645203920142,1.62940015841588
0.645816189953511,3.89735591940873,2.8300172074732,1.45670283689951,0.523795160142538,2.2562798398919,2.18008848036806,0.497213351940526,3.14859653355891,2.34200178139179
-0.913064007237541,-0.279413829767614,-1.55623997207359,-1.43086572132086,-1.40666642004268,-0.962467355154807,-0.353494584402788,0.529474497879771,0.885756672541449,-0.099553863539622
1.54569513755592,3.17171598112559,2.42261679388052,3.52113017574364,2.40000858913176,3.27365150651086,2.74357601340377,4.03725132318423,2.90329520004401,2.04302747881361
3.13676772369613,1.03930991774027,2.95614914403837,2.6276485477965,2.43803330588917,2.78406035361607,2.39592263924379,2.88911097115391,4.43973155968043,3.16516410595759
1.1929418741859,3.31188104576232,1.60378425096001,1.38974055369781,1.87998973351088,1.77295076417978,0.474813401803039,1.23963834625921,0.601755195234962,1.30917859235392
0.819017335803275,1.58992615777589,1.76428529550129,2.28008897748718,-0.305682280010158,0.961128097238893,1.60522492559592,-0.865633818860848,1.33969916498595,0.806880934359236
2.84897700893243,2.7149465386155,2.7608841517865,2.07182985790317,1.69441108831479,2.61727705348157,2.95375696582288,2.26824584356379,0.530758998075507,1.62702013177166
2.26266777792851,1.27951651840663,0.714789198169642,3.29648219649065,0.431797643038261,1.15066289232546,3.84854498890055,3.92686414780827,2.42615101337302,1.72118884257761
1.14408331316975,2.28883185601538,1.30131741779257,2.6095733036887,2.27144689246691,2.16019134021243,0.286925042434038,1.12722283092405,3.58985815493348,1.92936335440705
0.131712446909137,1.8202706746732,1.27886878215134,2.09509080607002,1.75575107558933,2.05873529270841,3.61243373220453,1.21138622773889,2.72462029269203,1.55399401649193
0.921719618885877,1.51024208454109,0.541264756204354,-0.00548173568021504,0.909627580270031,2.44821005348589,0.562054693042062,2.55407661066644,1.14687850905613,1.37405650775998
1.09533432666849,1.81426878049593,1.1156471648423,-0.179180557721113,3.16319580982999,1.65453389800209,-0.600357628995627,0.487431640043118,1.80922208214461,0.0301576822295551
-0.26592543561936,1.20945871465185,1.38260879747176,-0.0963876623301563,0.774493978973775,3.46861948380762,3.06011861605019,1.24628104388118,1.10445600878405,1.13424199859682
0.419801965759045,-0.285268417060753,0.570526881958417,0.634457535849459,-0.249672588334205,-0.804699002895332,0.349101451243165,2.45284154771804,-0.160078057879865,1.00725009974866
2.94632014103447,2.92986828676008,3.15699221819537,1.39375012943679,1.79503742773818,4.17082402916743,1.64683241208573,1.56827843059766,2.47376256394919,1.77399249483274
3.48568688066235,0.439521418953659,3.20625439825524,1.52119597107205,3.79949040743377,2.41362004675219,3.08077489302117,-0.0992440671000541,1.46069311004082,0.568378080521753
1.32549978152478,3.43036063540785,2.15952477499075,1.76444123069982,2.3502358834963,1.87003370423905,2.49724344784357,2.40442419062977,2.86730592131982,1.30114543525751
3.09909032421279,1.68234591877982,2.56222113758503,1.7052439995385,2.3145049833305,0.605603130006466,1.5657087097168,1.26405288184194,2.21447068724758,1.77366339981181
-0.478721122625065,0.791365467422532,0.443573124030901,-0.758431520570632,0.48148675562947,-0.829946271384292,-1.2863936352828,-0.0790073691146033,-1.22835268487726,0.86195825957591
2.82248275446644,2.16545448228452,1.01498373446163,2.89895288311877,3.68748503940404,3.0057363386332,1.56522871841191,1.13375612994463,1.86391101846052,3.14964711516861
-0.061176134294473,-0.179643542268438,0.320330478274347,1.4505868744004,1.61833497530455,2.31748180727473,1.26516194051911,2.05904431221045,-1.37868597605902,1.68569256779791
0.663055848619328,3.09465036324691,1.64320483195769,3.27067162568893,1.98941057923295,1.55805613934617,1.0054217675496,3.41552217409519,1.907024871216,1.15249981087176
4.07075644475497,4.04615911882589,1.90276764713569,2.13666752700575,2.71014217895673,4.56977502212358,2.69136784710438,5.55724284042502,2.35725034707418,2.92940720060549
1.22610873492917,1.05318908543354,-1.02002371802979,-1.50623348758243,0.112077798291087,-1.50577823430004,0.70805486318316,-0.174509605062357,-2.54671080276158,0.389082005088224
2.18542201327591,1.67859242002758,2.78432736190851,2.67801634506135,2.00746074632487,2.74171333271349,0.656084166472898,1.33027971840844,2.32974700432819,2.07297463716481
0.170880520141462,1.60326826169192,-0.139288571902488,0.695842453384903,1.85597593545325,1.92203681258211,-0.618510396769981,1.52375141653868,1.2334934904598,1.28144186698075
3.08058425400341,-0.0173358400299608,1.53478713939158,1.86460267547075,0.849361126954966,2.80890427852387,1.97168777667107,1.78177237484967,1.79790378063236,0.777782596830506
3.54535674835856,0.535719249264486,0.394474249015716,0.839832987614129,2.34986151595382,3.26520082966415,1.78460359175126,2.38380281807222,3.45495555301812,1.06393399866972
0.687223351987645,2.08981373159142,1.26456178260784,-0.986927014256496,-0.928584290888214,-0.101912071353762,-1.45865091429251,1.61555217136726,1.15655491151742,-0.0386934884584913
2.41554611629996,3.81352760152107,1.4751025556024,2.95209318258093,1.32499043354328,1.92384506483501,0.759679322441041,1.06511720839133,2.92941437730581,1.0850401604457
2.84322319318414,0.0542962551493738,3.33396392335344,0.839752852592581,0.0186096994040177,1.9523633057609,1.64319976126753,1.03908135109668,1.63174490449228,2.86405034509499
2.20984476664041,1.19960617165182,2.27056892434038,3.41649662120236,1.42838710087351,2.5552878211347,3.23914181579732,2.1259554071708,1.26775349481529,1.30489083849443
3.15361976674563,0.85294166737657,3.8540130669032,2.91582031222107,2.68390683939467,1.379475462057,2.58114677237258,1.57258369704005,2.75287588749689,1.96836443450954
3.01002565648895,3.02498709255448,1.11205460428929,1.55884450424501,0.750957218720255,1.82444230887019,1.10206216368414,0.522305856273035,2.4473070946015,2.09254236574704
1.61462802151948,2.98595607907014,1.54041816352428,0.954872283557269,2.9845786190924,3.12933813960611,-0.483753969288756,1.41410884480446,0.646243533810808,1.57909453291801
0.898501170673628,1.36257075466337,1.77321878532952,2.4808730005365,3.31106578046651,4.18475824919695,3.20597946258581,2.575483071365,1.24711703886265,0.870341226557544
2.51348714973114,2.33121504031966,4.41470826430029,1.84098828402386,2.37710851477543,2.42855878266225,-0.293462289975946,1.97450838141737,1.07470617763327,2.78715666961304
1.86663429459249,1.66400367748195,0.941729952290787,1.43628051846442,0.84085428222643,1.85274263847602,1.81659126029923,2.62298162472705,1.9121447947511,1.83014403009042
-0.0361730578878472,0.667454158825047,3.58365731169161,3.19228359382145,1.88191794623787,1.74868130617514,1.78521862229073,1.65074690968679,1.73420159850521,2.70688909953493
-1.29046538075291,0.475163106240431,-0.0499234108262728,0.251914507473944,2.28640107960708,-0.362467029789579,0.398734669574704,-0.616209046177392,1.32452313771971,0.575109314919639
3.68251428884626,3.55765023808569,2.63882547420274,2.91313646228503,2.69026159916879,3.41611510647199,2.92072234670516,2.22940536449238,1.30482328531611,1.49693368681572
1.8999023395918,0.460085729816107,-0.304306518536898,0.200431348538548,1.4838473446799,2.16813521376009,-0.350053316365494,2.2485841013961,0.42671932891823,0.27157315936742
2.75061680206332,2.60525059069203,4.1388277722856,1.1560286062981,2.57336189735688,3.30544251720871,4.16429923627934,1.75848278631128,3.1988201734579,3.89267139971411
2.00797248606352,3.02684732744126,1.2405839822597,2.76562498693731,2.60459802428636,3.43820440232461,0.320254419343642,3.11297840422472,2.98118710737071,0.889363289221091
-0.519906978096741,0.946556715656107,1.56350464564687,2.22226026799887,0.160020063890779,0.324893334532938,1.76697682080045,0.310940450038181,1.27516444130108,0.0254308347678945
2.90547267023263,2.21474218832827,1.98682451869901,-0.117176966190793,1.79590613704766,2.51183910462044,1.25792859082149,4.59071747191426,1.71551631380909,2.26469057786729
2.58924839260047,0.219722095249125,2.03813192360306,0.282294260168253,-0.81407741358359,-0.63426308021459,2.45007094918579,1.87764583878112,1.8867089266649,0.714372992246246
2.29473876237136,1.5995487023072,2.00177557731641,0.783988540736879,3.35218703362424,0.932166395733409,1.833449036483,0.216456662582017,2.10749519293683,3.30654965576747
1.81924124356609,0.13549422946848,0.740419513118256,-1.68259414665028,-1.19408821419261,0.432464699069768,-1.27070077558698,0.636206078991328,0.289007102631675,0.275650198563551
1.05877370689615,-0.356768306103249,1.31692055916896,2.08359255192522,0.588911495068504,1.18429664756478,-0.398379153734058,-0.214361939113347,2.71209063029023,0.530831865119561
-0.608841131291082,-1.31979807772035,1.28044084861862,0.268083091688793,0.0785680107942552,-0.824009148096432,0.574878556167083,1.0772431781445,2.83405344949933,-1.13278332397917
1.51190188765686,3.5118868105286,1.93283821422354,2.54977636362655,2.05914910532637,2.41452796037268,1.95778954415704,2.05689213629863,2.41109500348026,1.40163154988566
0.207929458541793,1.05296561588977,-0.781648265289093,-1.34912224113233,1.18387239062611,-1.52611288792882,1.30437638443515,-0.0620843532548661,-0.400132118431028,-1.79008437917878
1.79548688869242,0.154046281803,2.29761847124713,0.178068260378181,1.23192485546602,0.910104841041679,2.54678103644232,0.805285849083532,1.7140350021661,1.17289771649826
2.85784880097026,1.32447073093383,1.77197673148265,2.16725442177237,0.672242926226131,1.29241756371349,-0.670243362775469,0.0498933682412013,-1.04991884818622,0.134004191283682
1.3580436204877,2.06564347039114,1.6921026406465,1.98983455274671,3.10646956409897,1.77978873833352,2.00503886544519,3.81821875286832,0.515699995627065,2.73932845031311
0.812568276262178,1.0205732089245,1.25235621007565,0.318052289889023,2.03818414485805,-0.125975907981391,-0.379496286341561,0.278830535576141,3.54578536905093,1.14357157288567
-0.96896842108044,2.28581318525073,1.24268341857352,0.849405435965645,0.200390810174119,1.25204454964499,1.18320577071844,0.897011502407101,1.09085857161958,1.88136684589964
2.82526672630972,0.135747326339666,1.69514657667449,1.53130577709513,0.539718699637017,-0.434795026671259,3.35868990385664,2.721582014225,2.14037382588186,1.98073023854665
0.533495662582417,0.701374947865865,1.98828708824324,0.922326245846528,-0.88142632389318,1.65060055024157,1.31559294611715,1.16432549813276,1.71455410345633,2.33870822420897
3.15687064732175,1.84386618051394,1.52212591876074,3.02263969560238,1.58557310127578,4.02847002466729,2.6689399914492,2.83504157715095,1.59830839255407,1.15230490344678
2.52554090893203,4.15499229391662,2.58110697400438,2.10879353607286,0.376839983190395,2.21803005363987,4.07471819910287,2.27790258362099,1.48438727059096,1.52770642144015
2.24291694797676,1.48998210528098,2.71467754802531,3.13202683396662,3.13769138026623,1.00394911243207,1.23603602779914,3.10395957329107,2.67442870458164,1.23828808738023
3.59958095904198,0.0439424533284186,-0.777005803354847,-0.0332023639125898,1.19468036030866,1.61585356227849,-0.262901227054396,1.64981639084231,0.707467304819088,1.9671418467928
-0.347075266068844,2.44692838773394,-0.280300669455195,1.49815266461028,0.307133968179828,1.61259128015048,0.866773425200936,0.997267379691075,0.911193209799998,0.00935811795688823
2.1094960493612,4.10943004807574,4.0297936504842,3.10980035795226,3.20828342182452,4.05872742990592,5.35605799139906,3.87693799302883,2.56169914878362,1.52475664000993
1.40756041344058,1.10899080185054,1.58216301001367,2.92609139325442,1.05295463097777,0.830264564986676,0.24497673959229,1.45041725582277,0.776708342638337,1.51912730411972
-0.948831190546351,-0.142631069078715,0.588301597617089,-0.0406341088438525,-0.704633014516466,0.170626591683501,-0.478027466086371,-1.90787997839175,-0.00529871260269752,-0.200124627474426
1.21563586823944,1.57125738615466,-0.163677938496957,2.5001047189612,1.32472589197291,-0.263321642155356,1.55825024993729,1.85578829145916,1.835949685187,0.212031471623797
1.79779192141236,0.274666996272361,3.45794774128002,1.31198000083849,0.242393702887972,-0.249834644816028,0.747461059775252,3.13763945943823,1.73231699529234,1.96737114454133
0.855229467671021,3.74921036127225,0.832837551055629,2.22679570135885,0.567751207821788,1.147427442495,-0.475184383832831,-1.9672229760057,3.07010745307381,-0.0682916662292716
2.68277692183355,1.80119212211603,1.85929214269156,2.8136603735142,0.918462291618462,3.12358913901379,1.30610870371893,0.32498500765346,2.7694075877763,2.44462358724361
2.51821332459924,2.2193490498479,2.86230304609315,3.18027160603527,2.14744650893397,3.13744070975781,3.73385283169943,5.59969073597348,3.92521121852803,3.29521245261966
-1.12881103559306,1.40568544835487,-0.748280535567369,1.39691829191089,1.07308838001772,0.649804193011019,1.77684117710416,-1.25190542708615,1.09172145081482,-0.347959646468437
2.66023653085367,1.42088003923631,1.65808727307714,1.99867283914032,3.30010100164725,3.30004464329925,3.98864198752828,2.79296026415222,1.95177831842974,2.73205024314052
0.554541732003175,1.81059190238516,0.988329977413122,0.606316237339983,0.686383891953282,2.49961244304491,2.11985225916636,0.789379809706773,2.45065220727466,0.554651998473586
1.29059097174595,2.211232726225,-0.214092004838689,2.82671303222505,1.79028161450927,0.518034384089964,1.98229144350266,0.857483098900345,1.09684043424443,1.32055497707711
3.13895815468344,1.82724204716207,3.91004319097758,1.73518687134301,3.43101190785134,3.74510399326843,1.84796746882895,1.83406822180522,3.77127618571172,-0.316855610554657
2.12317317695874,2.51927654124484,3.15455699345153,2.691431218692,4.54426452060438,2.16347204060554,2.97490095912152,2.95517606185639,3.18636482901059,3.35791576888418
0.989712153388285,1.40114113748037,0.869790736010595,1.04704265264416,0.274246551734722,0.633503735288373,1.74842659602004,1.96696863434419,-0.169884499062554,1.63843289808684
3.53456766851245,3.02687610307159,2.48703747877827,2.72005657186245,3.49540847431911,3.00709325891064,1.95072708149377,4.27255819326087,5.33407814182512,2.04706580990789
0.601513411322247,-0.0246893680851155,1.69573281239673,0.659731171140767,2.27429544026182,2.02258296207305,1.73280420846894,1.21400163984528,-0.362377685924285,0.0975309042005157
2.22131110584341,3.07300762872147,1.01244684834234,2.03439626851814,1.76590878493012,1.94031804815185,3.67639565906352,2.52413045035552,1.29242241820961,3.59475205571583
2.39083418945513,0.942912024396259,2.54436060930014,3.12671759862192,2.33647854540329,3.369560696761,3.40034019765248,3.17530330032311,1.44933366150744,2.68086641465675
1.79819233398119,4.84215338709683,1.54429913936447,2.19289401442962,1.29478789820557,1.74084471779383,1.73440571474056,0.233921210035546,1.66010364778248,2.22030981328029
4.75639677227655,0.63037135422049,4.75411783960271,2.9990766155368,3.14875948951096,3.22853201240352,4.02171503606133,1.82449934756975,3.17489797834217,4.21910304781096
2.34506049364658,3.60035259538185,0.910633468066821,0.983648874623743,0.586380933433893,0.216652529921874,2.83196231344625,1.96760261441807,1.18397108796523,2.09272806949562
0.108199820979601,0.671412492662288,-0.161493160199126,2.26260680940037,1.3606290575913,1.72689515078711,-0.336813616926587,0.782774624933099,2.05093102172337,1.0690451914422
1.27934915376925,3.15783797484067,2.55221461946996,2.0505059288258,0.457382524090187,0.336441051700833,1.19544339794668,1.59124472612421,1.37913329269781,1.81975759402547
-1.98100984269673,0.654235117155003,0.264159513274442,-1.2803125692894,0.0734148816961307,-1.03844598034977,1.07318288385148,-0.232099012416644,1.58495720952422,0.834289302019852
2.58626202539214,2.14810212739149,2.53259054467304,3.2066992825243,1.57432862659966,4.90536739442583,2.08426300470314,4.34063248855518,4.18339530078687,1.89458660833514
1.53342775328641,2.70073202310916,4.14895520017857,1.5675141057463,1.51011827857377,1.68565700002406,0.403031723373233,1.15159076779127,3.98971365515659,2.97237753697566
1.02953010729514,0.169564450119744,1.12853384310502,2.49153008394846,-0.895690348199608,1.09144584708643,1.4392437718738,2.58161078722114,0.731352786316688,0.963942527080168
2.28592135979931,1.49383905860787,3.12630329907256,1.22160950593609,1.63822191381993,0.727230463431479,0.427748380401962,3.15214264067704,1.17969538715191,1.06969347943237
2.81511193478362,-0.417962842863346,1.57575235122674,1.55303708152971,0.0288557521965436,1.23536782406873,3.30837381259609,0.457715896987327,0.737273133620746,1.51887647545065
1.28501883274879,2.30933528353102,3.07310788678106,0.621144892311252,3.6217666561301,1.40692084595134,3.33115635893027,3.2977757203673,2.10895820484118,2.76894708846787
-0.412570117098406,3.82196383255864,1.17343279023811,2.92561511876425,1.95879716817225,-0.12370981651061,0.147256665366796,0.237919703737224,2.06826410458951,1.98384341900652
3.19721990204704,2.57552908380304,0.350302067776447,2.95282550720962,2.6084276398142,2.22101529710399,3.80698546373173,2.41697175924717,1.79357743115283,4.44837476479081
2.29525159076297,0.263661525704374,0.600956575481655,-0.732339243413132,1.39495608838941,1.53790480036587,0.507993610864312,0.722390278151912,1.22351644357956,0.981593072931849
1.89982686577595,1.83230593437715,2.47289797876631,3.96805433510916,3.0698879207386,2.94513737139888,4.16772150434378,3.39497980255081,1.12350107364436,3.36323455840495
1.70756484019166,-0.0122718271473299,1.29571696499968,0.821832469841647,0.705655832031983,1.46246318633296,2.16650719470634,1.07054360677628,0.498875718010214,0.539877158769595
1.4620113304666,2.30288055286121,1.87597364773535,0.554121196366105,3.21494125515165,3.67921118046322,-0.378513498364986,2.30502298938897,0.945162100037821,2.5602985670316
0.768090700098906,1.15412685081352,-0.47449212572649,1.81373177869061,0.127836377138664,0.400740464946091,1.93802934512133,2.76098622365767,3.28071671239232,0.78551612632668
0.187837862327472,1.37409120128541,1.30559314393045,2.41663979761372,1.06240707340435,1.11933979068447,1.1751042784615,0.49601612236501,3.55192847358046,1.97776221038569
1.74666229411549,-0.425561766224663,-0.500576109728452,-0.819438727980472,-2.10880137978435,-0.389701503649136,-0.484593697704127,0.00644274267396266,1.59624039549846,1.35487503931304
0.422404492891732,-2.44954272568408,1.31141818323758,-0.0937744437982181,0.272197464904545,0.366199501047074,1.2240658544023,0.761321320812299,0.864214765282442,1.47279101471274
0.252344009054335,0.407997069344005,-0.831703320928855,-0.166409864802184,-0.729431549944617,-0.124723070128881,-0.0446397332440997,-0.561521037112284,0.214730723156339,-0.483830998495276
0.92001075591535,-1.1398147766981,1.72161544138047,0.795855695789611,0.91888584781229,0.226980335812864,-0.20679852429476,0.386198863559918,-0.329970724671015,0.213116830184299
0.178777213917007,0.399462763220178,1.83202569022173,-1.80160020977669,0.596033942967336,-0.510837458285575,-0.911097269091886,-0.274455562213925,-1.76929078760204,0.720139748375312
1.52436758653873,0.216361528328227,2.86596248379832,0.900362985788,2.1794162196392,1.14759453461797,1.77336852792327,3.39711794226792,1.31471251074216,4.25617797311222
0.75098421054061,1.77256026198363,1.91141066392292,0.484385679662491,3.00285504235348,0.354444250134602,1.71122113435619,1.86554134878925,0.512663672409818,2.02002647891501
2.82012302595177,2.32403159946591,3.09730253167555,-0.126942884983433,2.14901143376424,2.81395546371028,-0.343658098048462,0.200096055310176,2.94339534906776,2.44310586193845
3.18657229416462,2.54055384299896,1.99985970711419,3.76964077203484,4.12730854282609,4.50211329947147,2.88834775105476,3.21152969081566,3.88539221713828,3.77799747715297
3.7593997646976,4.00620142745129,2.36476621610103,1.3660594967175,1.21515514175932,1.08250199819313,2.99654523816226,0.870817065515994,2.04070519716154,1.01086118409612
1.85856588700893,2.44916735933632,2.31005140532579,-0.600340165800366,2.03035592368894,2.11475192737756,5.24087273555705,2.6362761565113,1.78824212716321,1.43347803027473
-0.345862848476899,3.86326758655678,1.02748716986475,1.2516123257862,1.02329230893495,0.809948573553142,1.70464811941063,2.11371286165375,-0.518210666275379,1.29785362312121
2.22357875192694,2.68759126025991,1.18797651783922,3.61004330439607,5.16542838155283,3.54439423613492,2.99636378808943,1.7688437818504,3.5304859090057,2.31045425186593
1.32780597173995,1.14549125853874,-0.0221045753756937,2.39140125899676,-0.175808084551802,1.31841782429017,2.32694837820231,-0.155711866257586,-0.0546061107087163,3.36844013362895
0.701122896569113,-0.732719888750585,1.5104704693974,0.935262455523289,1.05577197573694,-0.131153246491746,0.12298337623222,1.53475927252028,-0.661883013833733,2.70218611930158
2.2434364167527,1.36857709867258,0.425904703931869,-0.0916047019819772,0.95263922504104,1.55755881309297,1.7682648939333,2.05074369233241,-0.0824004534014109,2.31643451316324
1.34205284446944,0.431280114735454,1.11594137098282,0.169408161317969,0.567927662925977,1.51547683708234,0.693962708907075,-0.0530989258723624,0.707002559035667,-0.0167476927715278
1.05762126271024,0.67617854097164,1.42129016210314,0.76446728658862,1.13344035146584,0.745005059006509,0.615533584280998,1.29235920437837,1.17004581913466,1.06109272014439
0.656335319567842,0.40501539879211,2.28308620133829,0.682651174794708,0.354267974756067,-0.182497588589287,0.520420841841529,1.11504335703082,1.48555381573963,0.0048061010032272
0.625409292097717,-0.312796971230435,1.23996367134986,1.14004246687577,2.19132667214697,2.09113149237706,1.45938133648125,2.19191100833905,1.7628009715748,1.25951545007774
-0.336051983618445,2.02619203251985,0.241520014117694,2.4717060153258,1.13227387055503,2.15028615688958,1.35378344397859,0.496981974377188,-0.0541080971477399,1.43948358972515
2.41360967170896,2.49676794447424,2.42303036498785,3.40221405682082,3.3409378288121,3.02360347125309,2.50879200808193,2.54010396306169,2.186151523326,1.66154419745488
0.157863742198551,1.28974664652512,1.03001739723413,1.22135577005563,-0.106543071982,0.143807643163112,0.160945663457256,1.52541283701123,-1.14397477039902,0.76343156727223
1.43286467881659,-0.322641166125452,1.6046173834768,-0.394051004508442,0.52260228347475,1.72014128076337,0.703065354952258,3.10362991920483,0.522150511932933,-0.869989243062944
3.25766686136433,2.26750820928311,2.4837584473071,1.16595827039391,2.62546824081164,1.32379880662919,0.97648661314641,2.45440393084904,1.66759341652551,1.10975821828524
1.54925265063847,4.51734787474664,2.52244650332855,4.29468632583482,2.18081604026224,1.18009607765596,3.85137073957632,3.61939966997734,0.44443285619173,3.47841945023286
-0.324750517493882,3.27177159574906,3.03007205904845,3.55125733091917,2.73637826673726,2.99889582903179,2.53398831510548,3.82879637430329,2.2304865772118,3.6941657006896
1.41521629537352,-0.211894067237637,-1.34565904386153,-1.96682972648008,0.410155620356631,0.62404603942901,0.148227492965459,0.349677083580324,-0.749561820155171,0.10446451459791
1.2138550772147,-0.460484190933403,1.43085491252181,-0.339846331447244,0.564048839665928,2.43675701859783,-0.993066018733683,1.50518597726354,2.45918662998619,1.80274207121208
3.35345832405469,4.52479062709933,1.08228865123117,1.78220490657361,0.706437879165204,1.36545872144215,2.52480850430245,0.989291859215385,2.94720786466119,2.20021375760738
-2.69198046426125,1.57510300052592,0.656474376943005,0.935138235776933,-0.431014123705344,0.636916633498703,2.38363231529445,1.4291148158043,-0.124517620539429,-0.682754027939738
2.96709487178278,2.18298417123321,2.57242157188025,1.55067384056675,1.9890275651145,3.74446108635437,2.44210862064315,2.45630612213685,0.987953669984834,2.78361828378347
2.04220894340501,4.178035931817,2.51340766645105,-0.0872151835852812,2.16354525638861,2.95340069895028,1.42735425173136,1.63802566091176,1.58357336281022,2.12932058396334
1.51485593082663,0.272613296188353,0.789152751964169,2.11180581599571,0.866677439030969,3.27891042272563,1.55336730870029,1.94995934072043,3.15015989705636,2.12166096745111
2.15595881836575,1.94929781589997,0.631133953207179,1.31427943641254,1.39134505365684,1.97283953539564,2.30715079179339,1.08792381430707,1.14406716785404,0.139179485265418
1.07285720933616,1.05564883893253,0.220879363123303,1.25843679614201,1.45327067585291,2.31462259605468,-0.0507457816421466,2.07588758936585,2.03973725603292,0.618882080914358
0.898039814698714,2.51832260039177,1.0167516385081,-0.633619738881776,0.219489490572795,1.38722606313813,1.56120188006893,1.78155523953262,1.41068056500159,2.13974786508266
-2.25623539194788,-0.676268953843323,-1.28276773271013,0.474343163946192,0.342700443823899,0.0635067338188966,0.26065602705932,-0.979958502184745,0.359268636095095,-0.847232350882236
1.62495907954805,1.13652485829764,2.36586135042485,0.0623610146298884,0.921280716420957,0.797896379558009,1.0284153002779,0.610078005199602,1.36968824731295,2.44125487760884
3.9825554789034,1.66146510299965,3.71490425936638,3.3233663949726,3.44676986349889,1.70976948407168,2.74281285293837,3.77406452354236,2.73444758872355,3.44961317860531
-0.383364601599568,2.05396617598796,0.815076682924665,0.705175025945316,1.70828058052657,0.953716655249683,0.730998453088433,1.64035976994888,2.42789365539949,1.4556228399906
3.71323170213984,3.3390024691771,3.86552539917361,2.74993274224464,3.2551936772198,2.62077786098455,1.46255150649674,4.04183083981907,2.97462313512334,4.33163216260417
1.14339324297474,0.940517441555145,0.576135073970029,1.6769448185355,-0.0230486991452075,0.114509940698379,1.94877282396502,-0.541974607311195,0.885039764426368,1.04687688776995
-0.555031784538859,-1.43981574047998,0.213976562738001,-1.36250853178173,0.104071690875079,-0.742860557804211,0.841534274935102,-0.615823010812261,0.802443233975121,0.0553855822860055
-0.0820400819645289,-0.535244828878351,0.0366028739105763,-0.993736451802704,-0.833985893001285,-0.177491683825242,0.202728036741695,-1.2173195465497,0.68077175908867,-0.600759417368091
2.89472290137103,3.18704865038616,1.63950065560284,2.29240984413076,1.46072986579944,1.97226662824641,1.02638067441788,2.14352529672417,1.14095410976932,2.06091921434529
0.853167560499663,2.89535942745047,0.848455392735777,0.439620669789913,3.47291607536861,2.33451643732618,1.34140525792526,2.81374374890834,1.97361991114387,2.36699937348424
2.55572999728212,2.57510985859404,2.20834884470714,1.03327379647391,0.497659484054673,3.17377787507864,2.46081794608706,1.81899511283087,0.293324648565875,1.86812180807386
1.0837434774266,1.40081527311509,-0.806394962909123,0.769082739294464,-0.13873817412991,0.646050020434093,0.440719678653668,0.890904464046664,0.239452916307121,-0.52721772465598
1.08429222186447,2.78559545055852,-0.32978459748514,-0.331145581433449,2.00721921447183,0.970808332103629,0.706667841699464,1.19442581944758,1.72749081668931,0.960807594456803
2.86541813536507,1.84654495395633,3.63939757634443,2.84832365979921,2.95800145108317,3.47646068633182,2.82262804459323,3.45140974585434,4.74713281955735,2.73517395053798
-0.646029610390845,3.1255889917425,3.19960866077714,0.912835471630576,3.69718633195494,2.16800276372282,3.47399972963642,3.46262977037143,2.26947941784721,2.0546755549374
3.43347705962685,4.67869503901898,1.55577829812183,2.53618749458799,2.61229822500448,3.16353503832325,2.45591271499391,2.04062610646605,2.36835613016543,2.72582439672641
4.35537888981928,1.8344361817637,4.29067774464758,2.75916897122474,3.0391305861786,2.48536492286871,1.13213695356283,2.39722934516764,1.8325873115422,4.83983878715408
1.51635969632031,1.76566228089496,2.81153619850197,2.43546205710331,1.70933149781244,1.92211025086131,1.41312154769947,4.55052313514944,1.63878237514652,2.61322718707402
0.911790638531052,1.06127138610196,0.135989694549012,-1.18802393392006,0.806756570679246,-0.570187489429894,0.971610908462173,1.1458118991743,2.30496250162625,0.218929605748764
2.61367286096731,3.84437675617457,2.02211672829933,0.854397952440112,0.727321942750562,2.3247375778302,2.54401378135844,2.9674641815192,2.41855065395987,1.2701257830834
2.53425889528909,3.36289766676532,3.19478243203162,4.26229047129386,3.95566156250236,3.33034018108866,4.03991573178202,2.59578300799229,3.96352003200207,3.9763554000486
-1.58349929742035,0.328331385330642,0.124225720714485,-0.778039751052652,0.0212964158000566,-0.427461179313083,1.85394198485081,3.51577539804884,-0.654492828390225,1.01925308036754
1.32322119680715,0.163142133424189,2.18850251080457,3.2004633960055,1.0353666621053,-0.268725051905612,0.620312484431391,0.732141153317392,-0.688859095191883,2.44571378483803
2.91548245708645,0.938567060793514,0.968050643199469,1.49891664957933,0.507886408053824,2.12655342631695,1.63301727247649,1.70284107487047,1.10991575624873,1.38724143066038
1.39579900205568,-0.291622493524628,0.0866025880610099,1.06083859631144,1.6981190253469,0.0919154427579226,-0.373969894032062,0.894376509127511,1.74171372012024,1.6223775824446
1.6080692837749,3.45555532579327,3.0273680458894,1.52412868956934,2.18909808709807,2.4190579386824,3.98859646329206,2.69546435622683,1.04638823969372,1.69611143845462
3.41622303279531,2.38635340389224,0.523985917991671,2.30353465113748,3.27435915564738,1.86844819105446,2.51141058425441,0.981381471372431,2.14386294694039,1.920888584811
-0.0160421065440195,0.882911092784498,0.65049649471583,0.951189946205008,-0.524659676233132,0.0187007521243019,-2.03490537526418,0.90961449217515,0.216883556391113,1.02452069228895
0.0364938764816377,0.751215934167159,0.211615805263126,-0.579966564960441,1.20986697417659,0.15893874447833,0.756582284284522,-1.30407915202185,0.0196809438159372,0.00758169020278336
1.12305022999587,0.372773976528741,1.16908934332104,1.57379432985783,2.05652726533617,1.96442014774539,-0.694707685376386,2.82982334332007,1.80199747983009,0.917334600230822
0.239821596105516,3.36089085015304,1.3149483085373,0.193633729971875,1.89917143795479,1.72485614425926,0.514233754076723,-1.00979575944714,2.1761175497286,2.10014766650129
0.450752385128826,-0.12648678264095,4.27187929414355,1.00630345894472,0.951442379705574,1.12656776921395,1.34870185059873,1.36643480271463,0.927204941860778,1.10079646866657
3.75645582182552,4.28708778416199,2.24119968588992,4.09420486184132,4.58716682423507,3.04505008876893,3.09263004694699,4.06742319635847,4.79248628849604,3.31579224462865
1.64521814835567,1.2385582478149,2.02842755214408,0.837213862359347,1.36409858972594,1.77160994824081,1.74180181097404,2.64346116016756,1.63176907481298,2.52720047621871
1.99641600644448,0.736338468399319,1.89488623153256,2.85029800600566,1.67292920501946,2.28036823870022,-0.693319491677137,1.58089521015665,3.14612174175596,2.44365386438268
2.1747238566914,3.00651964092855,1.28436790517768,1.96758057380039,1.85235070261214,1.35992725499551,-0.246577521879341,3.19856698778494,1.8571218378778,2.59994684151868
-0.97229949714314,1.67179364156237,0.617525236151731,1.70313744249154,0.157032079030036,0.331513091662461,3.36273531358192,1.06663259743999,1.34548773641281,0.667563074322986
-0.507446448591649,1.15727627307499,2.16093017854305,1.86754244190829,1.04067675632656,1.39215728856366,0.448931454732316,-0.0865168889787991,-0.17128130744451,-0.401430030727388
0.554667190504481,0.533176397795696,-0.0715329329387179,0.488834541481231,-2.41996079705325,-0.803401714866088,-2.33323786950628,0.0586335548529692,0.928533847511559,-0.583810708242879
1.42849718271488,1.21023908082526,1.45411899490531,0.301294512982962,0.272511931631815,2.74401041111789,0.345651616008613,2.6886864867649,-0.214372985793109,0.834369081598538
-0.00176344448352302,-0.0713937450092064,0.61455707943854,1.0250086331843,0.129299206534667,-0.967211440014599,-0.158540093516097,-0.242923957602543,-0.430594056977054,-0.485340195532619
2.80676526252296,1.61607404763516,1.67547082615458,1.92928313214041,1.88516665222825,1.70963591062274,0.971433553049963,1.12084996285442,2.93078044186718,2.17996898924426
1.58748019444097,2.5596146398671,1.94723538093524,0.431616230374059,1.52465969050066,0.18437270925339,-0.450721920026472,-0.743750605415193,-0.0413798940968964,-0.0426272745924194
2.64770120590841,2.12114942008635,-0.273650686194612,2.08670308001817,2.63233447315172,0.699138067981984,-0.146523063209262,1.17276414092936,0.551445276818127,-0.399934879118342
2.65003844110684,0.669632029124272,1.18577617490161,3.06461940905136,1.59495491171522,2.46759500129373,1.37042666574539,1.37991227562794,2.33557798793907,1.24306695735083
2.21340241576054,4.17457946251868,0.977282569166286,3.66055867264503,1.64520818157477,1.60646022418024,2.1515668555008,3.90707387822916,2.5738553217232,1.7144888441814
3.26271211084791,4.80702064529882,1.59168426597094,1.68155351146104,2.14006468300917,2.41735325798787,1.65453960360109,3.58539669014437,4.09569687054207,2.14301535270214
1.42302070874863,2.86440046509357,0.333090392463514,2.57917239095405,3.0689546191975,-0.367135064280083,0.054698431576657,0.547260908298399,1.29817423830157,0.48175364233908
0.953595361253958,1.43438105283292,0.0860200988585118,1.32744242537657,1.94748348239568,2.04612744063634,-0.909289575884559,0.461233465363202,1.74780741298398,0.174968685292638
1.30477434940828,-0.0225492113436043,0.712908277677151,1.28483754614835,0.0823841087591212,-0.650083847001085,1.67802583016024,1.12757494250534,0.84918175314697,1.4178060163004
1.54752322975932,1.52670627015606,1.99442244447052,0.801564364413,1.53413564346791,-0.0178308469146145,0.799845005301968,0.32640243754937,-0.13709006721488,2.15967462387266
1.55530229625659,0.439447052682784,1.10612546371934,0.66572808659354,0.891936334635352,0.188801335446033,0.663534743382008,0.013415193808596,1.57516783327032,-0.00271464033731461
3.87910656993302,3.11918385723602,4.40010813606265,2.64550644403753,3.52650344476548,2.19434354149026,3.98503435520074,3.69139929811692,2.75854731304066,3.42030163941623
1.98626796303295,2.05998651153117,2.3050667603295,1.96961604445168,3.15047636748922,1.82911906586871,0.634355524973337,2.65841031121701,1.81874781879086,1.48704697375813
2.29594627506783,1.4818598128582,2.01581903202154,1.42303417069708,1.22087975750899,2.35859395369998,2.17480536212821,1.51388792286611,2.22559640456735,2.66797034971413
3.09744265445602,0.980980458093861,2.57905621935175,3.29251896396037,1.06487019120348,1.32388831960866,4.43497141961719,2.79337186198797,1.85753818019629,1.60192596524227
0.46045514388169,1.63237342496761,0.511104985741792,4.04242441657351,1.41735070078575,1.16664871773196,1.28320486904558,1.21170519203493,2.85062315711785,2.42177059313954
0.758558907191016,2.95405620679139,2.34542038168963,0.486618239120503,2.20544560577629,3.24781997400778,0.803853647484944,3.15673424915833,0.942178183708448,1.59323966980008
0.56184681379414,2.53038235883752,2.96341810010611,3.341033120837,1.23123032909774,2.59858630740903,2.10903512859414,0.680086163684663,2.10514488716046,1.89188123791346
2.41856785139065,3.54690026156246,2.93095908178086,3.37591466815712,2.48788199311533,2.67720591143345,3.00224191743419,0.236897344768135,2.57561260558435,1.07112823168346
2.06968280482378,2.87478078773431,0.359282352915449,3.52204065765348,-1.54625331387388,1.13731043345949,-0.302221427067685,3.15928196131848,1.02112203995674,1.92355673485952
-0.0287223018262206,0.957441816358837,1.72076886059806,1.28927534028937,2.06165199026444,1.94682591622342,2.10632788436836,2.87926627922126,1.08090791659485,3.06864574972081
2.2830062952834,0.544134162739324,2.58776858431636,1.75722261877273,2.39787375985359,2.64991478999898,1.06861795252924,0.15384631211188,2.63184013182851,1.97985254338825
2.53094281564423,0.817473458628,-0.362674639877293,0.223539708092263,1.07342437345517,1.02878676953587,-0.202416655485816,-1.67384266081605,0.212240965649089,0.743358606737292
1.85147992353849,2.89060457138813,0.32608559426193,1.80321373464606,1.90567772674092,3.35631792400937,0.366273807146517,2.00922640556713,3.41423190679774,3.69553048266105
3.30408317270631,1.22840414828843,1.09735866466874,3.66713161587725,3.23751321294381,4.49591938430107,2.32170805715362,3.76034149407539,2.86867588074965,2.83796921259192
-1.32157038016785,-0.850717486024807,-0.0334909086576171,-0.00904276292988355,-0.576338774595307,0.147811934506679,-1.31290643641852,0.81311801425689,-0.261525604270013,0.28993204912199
1.57941499664171,1.87746899304439,2.39058387623272,0.710836876382538,1.32063974375184,1.93913843243614,1.36260421233321,2.4063710042785,1.45947659129808,1.43937947132318
3.07872745370242,1.21079077581333,2.59280333330622,0.6018595327748,0.690165124479453,1.52117728087312,1.47656063444341,1.96563473397676,2.76694051223276,2.58652548203238
0.145582628551426,-0.0226734047866835,-0.506590998649828,-0.716660294359929,0.724899469861583,0.129772044528058,-1.66282287076074,1.20826907700239,-0.88644751969213,0.404143012972533
0.892864952841702,2.08592582741225,0.529741791619607,0.974557185209984,0.811553654469664,1.94419087002818,-0.50196009109425,1.57898291446541,2.26633938692671,0.252387628011987
2.39747326438377,1.50168238166125,4.72026165649828,4.06645982307997,2.68208381997989,1.32907614717589,4.07610373502643,2.41937814488033,3.19510643333049,2.88704225758226
-0.0402442665113821,0.580925363786814,-1.71116426156481,0.204762482416771,1.07174574473648,-1.47585158923415,0.563776295562099,-0.57310664557435,-0.82027089258643,-1.45549811749227
3.68302876085642,2.81432717776262,1.01169719479083,2.65554044831882,2.72681299284837,2.40106281697802,4.35694122887301,2.91025792339162,3.71391049381437,4.35901958058429
1.51832965626221,0.222280153104187,0.142684724315711,0.0624393157776955,-0.0580061270217267,1.09619722956835,-0.32461247436604,1.45420123517393,1.28365224489282,-0.292864552819647
-0.433289498883314,-0.214670428412653,0.967354110287815,-1.15541941807931,1.01059134819295,-0.54297505765275,-1.78895972466659,-1.2066242618636,-0.328642619373042,0.711187678925868
-0.609707280739936,-2.64812257018633,-0.947851386761467,-1.22114926661423,-0.552100382295727,0.645264116777449,-0.820911779805441,-1.16995264273156,2.92525834542451,0.128532725475355
2.99406354497873,3.48381175211126,2.61547241701277,1.85120442277964,2.71897131028833,1.58067676366551,1.24973248576419,1.69139622852134,3.47351667062488,3.70307662423744
2.10925738509185,0.541383033829799,2.86734250411719,3.30046413052846,2.91752696350891,1.3585635804241,2.45175651723131,3.74504456306093,1.81595745483615,1.20608353177483
1.12948315393417,4.78863052838477,1.28891215992709,1.43204032879391,2.69799281766133,3.75746971455147,3.73280862924978,3.03954398907098,3.61609932143914,2.0014948444799
1.07468829807898,-1.08761297977513,1.74156710352222,-0.511670431473779,-0.559383331739028,0.6990081581007,-0.368416490148122,0.295717344267755,1.04930561996181,-0.134886542876938
0.314511836391446,1.48142240046929,1.1975295324115,1.94782073752725,-0.111118553265938,2.51072918032442,0.702417070839898,1.60954822643478,1.41764913560351,-0.47179994583639
1.89540344745327,2.81275463160035,2.46906160576096,1.81308509360609,1.6841445346565,1.51242260187839,0.671616323635575,3.55486614712427,0.0895466180154572,1.34055597811426
3.04907448265248,1.95670476583886,3.43020383571369,4.39013599488262,1.857844772087,2.63380159558386,3.78843594890628,4.12106013326273,2.10956334297415,3.0870063717293
3.54947855843246,2.52963150437803,0.761568370952857,1.5475392362733,2.00913100195834,2.95554550892931,4.16366382643013,3.27043767064394,3.32859272700873,2.09452461152177
2.15766402722954,1.22169730355785,3.05852517644199,2.18670256492262,1.75448046777472,1.68276281371716,3.14772002705135,3.63817969348605,1.13135771924802,1.49715105919146
-0.377649328699512,1.65770429493195,1.43241972047314,-3.29107615857898,1.51234454758424,-1.33212879367722,0.303030384618189,0.683441699357796,-0.676912864710852,-0.00463520982516121
1.97476397607451,2.02807152004192,2.28899517746624,1.50017532264247,1.70509285703164,1.437604966017,0.469561640511873,3.44529404206774,1.6216638374795,3.16349472119909
1.60598870938514,3.27295570746998,1.92262611332432,2.19847130422139,2.37755527064926,1.0369324397091,1.31584813709409,2.50159476847672,0.0950449778005389,1.56080615581101
1.1060378336042,1.20620229106712,3.89324913745456,2.34582846274527,-0.623108751095588,2.43089502100805,0.940363340414248,2.04224485294377,-0.492038305501106,2.76721346761177
2.08097021310915,1.33152828590516,1.76927017818117,0.343998586215035,1.89679254055245,2.26208017355597,1.89701404483672,-0.796742696303785,1.84321670541215,3.63885633826008
0.342542476659619,0.450468421592422,2.46205172124421,0.49947405608391,-0.303147265293682,1.35475859347528,2.62104534383925,2.16786669564156,0.110842437592887,2.11014742275636
-0.160813238309778,-1.28560134756262,0.163586590699336,-3.48536832775264,1.27884922644679,-0.0725159654376237,-0.176825526950299,0.981397280218556,-0.948072791155357,-0.521427633260839
1.50976817835433,2.16502425782725,3.50273771424201,2.79788220038173,3.349655519375,2.02621733898487,0.0829970740406094,3.49987987302623,4.09717844851641,3.20246649995623
0.0951445252600092,3.41231426249212,1.67500556745807,3.35938384548095,4.10177032994624,1.90028900714702,2.42094131295638,1.87170590096502,2.17743383704529,2.28859645312328
1.66591876627018,1.47536169347668,2.83990146252118,1.09782183163762,2.36725896395001,1.27571027820859,0.489818467701816,0.762789156892274,1.24091162978553,1.74873233837722
4.1186529463149,3.69772422648953,2.80992948068188,2.15485356659167,1.60671425171677,1.55904647558973,2.78498993663934,-0.169473947836774,3.13634426227434,2.6846819271967
0.227176924399477,-1.4014195670087,-0.0215881245036631,0.669846331843045,-0.178977801459618,-0.871258017058617,-0.941705124834936,0.493322864627865,0.520286536573648,0.0269957581188943
1.3486029114381,0.0913264230466717,2.05466013113968,1.11177646469514,0.646264182307235,-0.0722478850498629,0.190373516952316,0.50155172680146,0.943438156138967,2.3527092186511
3.29417436150578,4.66974103553988,1.7050927618127,2.57230250231495,3.18139644571473,2.0917885798429,1.5648879057573,2.93022939667398,1.48040781935222,0.576126045261027
1.98977647164431,3.49336328240034,1.20755796732076,1.35528632490539,0.0704855364157699,3.36680653704427,3.13363546464457,2.10601721677671,1.11601555923706,1.64882784632065
2.69127421634381,-1.10624891030157,0.300452498160472,0.980740131110658,-0.481910609848159,1.70552419586645,2.27172052767142,0.577499789068203,0.649652646814618,-0.598192485472505
3.02970198759086,3.17219875690617,1.49719441128663,1.27462153429972,1.51175420368314,1.19420309558751,1.19992003190665,2.09262087705992,3.56578013655049,0.90736367252651
2.95490351449735,0.71903909493307,2.02870902824976,1.16371104609791,1.75431029232375,1.44847161525636,2.85050522681773,2.09492386415899,2.15831907472297,2.27029186052008
0.740666943855623,-2.06077320777247,0.000602214576411947,1.26355752940033,-0.707237185331829,-0.188237971909954,-0.679686724765441,-1.01065204610964,0.844699740749877,-0.566949656467568
1.98128435650919,1.32259968691377,1.55069842890167,2.39912111038223,1.17812138722465,0.396929412415792,2.84811640042692,3.47811708411979,1.98649660575933,0.874027791339381
0.170999627143027,-2.26787773746975,-0.0714928971585698,-0.488327116250297,-1.51256063667356,0.548689593828684,-0.865591605434336,-1.22923969054329,-0.767035627472043,0.838224522350792
0.812359156092055,2.28884148249769,1.05553293819415,0.698479448054814,2.24632081484771,1.96540932299084,1.67537813670616,3.19959293977902,3.03532851076973,2.09854119460741
2.44483236419864,0.511754750724707,-0.178589891038457,2.51997064987441,0.065902546011282,0.851066977053803,2.34138239702605,0.643065424471655,2.50746582849714,1.50252323193435
2.58792326061378,1.04370689642845,0.306520485087094,3.03955004735373,1.59307578709988,0.52168236852269,1.77575431580078,1.78020372535999,2.89898787992136,2.23037702051433
0.852751488229751,0.858658609140215,2.04148489267657,0.923577998354916,0.750342345443989,2.15558251192123,1.38364220615903,0.52474322479744,2.6355328929455,2.04291020053972
0.526871538804164,1.95483384963013,1.6183981123969,0.657627637429967,0.794582530044429,1.15429465652006,-0.206469977119865,2.40302693118755,0.0568706382704319,0.151318834582
0.426625426464235,2.55531379649067,0.309020199623863,-0.167122415205554,1.12945305591498,2.90428236025947,2.66119517118543,2.92233865471344,1.3904854347666,1.75747794800365
2.95849849036005,2.4495192453208,3.28650557953718,2.00345249731894,1.06711427022562,2.64262295167938,1.13815611771424,0.351996709745899,3.21851218740485,1.76802231549328
-0.561203948100202,-0.779806604070235,0.306605988383136,-1.14949033435577,1.24237230960884,-0.0254327578684868,-0.06626257297493,-0.768502775502841,0.0931690972237595,0.565815107777823
3.44804359183161,2.14128096873261,1.33615470104469,0.919462191592553,2.25979265067271,1.45041977883844,2.80582697773401,1.27420743455966,2.68655460924098,2.64167206768413
0.254726806949977,2.20054379498084,1.81842183750008,0.139652592748882,2.2484686195865,0.395281024822441,-0.0808122939437856,1.37620665722564,1.04290429634226,2.27239710120408
-1.05238241808468,-0.468752355144752,-0.565586251533664,0.430351584694896,-0.184719391053837,0.138392814524295,0.716581065674217,0.492850290441006,-0.234873390917328,-1.04282964703304
2.44042195630248,2.82377896941171,2.78927425121937,3.71359755771042,3.80152953286088,1.90827501991345,4.7691201283953,3.96531829213837,1.96904694535375,1.81911026096547
1.22363810569005,1.77540510677886,1.11981241734356,2.09856188070741,0.227016766705178,0.913097531121263,1.19950782440837,2.81339509280606,0.464474507950393,0.527346686466649
0.855293555039972,0.825860950464139,0.692550614828094,0.098585408937652,1.2460384955328,1.4375818684715,1.24872686603995,2.63276165392328,3.01001045853957,3.00471940163197
2.80691428107472,4.78074814868654,2.582074426587,4.49512014421273,4.18551339741004,1.3515188964545,0.452816323390221,2.65025619096204,5.13652431119286,3.44021822213872
1.28728058850932,0.457853482487732,1.03592290795924,-1.14408574221063,0.938967548554812,1.31340312844511,1.90583356646299,1.2466827558473,0.706517530929063,1.86397881597443
0.594780142813317,0.424340752567745,2.25780243431082,0.342997760096831,0.0368281999568393,0.535903010465185,2.6307454815088,1.91891727562032,-0.364355348896194,0.752221042250487
0.543901420991296,-0.920521908415012,-0.848534550182404,0.4838546237852,0.282720362586394,0.532989667018963,-0.231107582696924,2.90206061187268,0.524759751328074,0.596831680551475
-0.230180511516008,3.56615481921543,0.578311244948442,0.376517240174132,0.00908667616275116,0.565142379774607,1.31010182597141,1.52167976961541,0.0791462173394242,0.976552252992894
1.53306747403772,-1.26948304636558,2.26961162119736,0.819190831391062,1.3116045034482,1.73093783232772,-0.313028306569906,0.424172940230945,1.6453674897185,2.59736134005478
0.283511257630914,0.153484438300293,1.05652954815963,1.68907077667157,1.13164621850417,0.428475035836791,1.36136560508819,0.504073282823222,0.34202505478286,0.819158398986022
2.86820964263783,3.69248647622359,1.0993133127752,2.66356179884062,1.94574952834113,2.99141868308279,1.73557722991475,0.548148608516759,2.53845254571252,2.51179184836273
0.314207265084803,0.753339522061612,0.0260736130314125,0.113331537700057,2.58705049756665,1.01359412924562,2.87337642342364,1.62412813433349,4.67446337017232,2.59968593622504
1.4161392594738,-0.0260206122061923,0.555467173197068,1.0926482528644,-0.341743446312823,-0.31469886702797,2.06583299176826,0.494377414486674,-1.49569738968909,-0.610909485386799
0.538262765834804,0.54745162810342,0.800937359875385,1.68675739521164,0.158153056800541,0.483955884474289,1.08143689081339,-1.31818243486553,0.942308415438955,2.30554907057635
0.638723083176063,1.25093871377002,-0.0729058193403347,0.69022849541083,1.13844689332196,3.49792630737906,0.923996458380993,1.43644413771952,2.60887122706611,0.846658294669075
0.473153332664874,0.316192716576531,0.534097065270399,-1.05219714943949,-0.651465026057213,0.12804647219252,0.8567787730544,0.432312017354923,0.0229935051305061,-0.0964589339723398
1.73604763416,3.36363102108501,1.42371305195705,2.91630364116487,4.65345224321429,1.42210312740097,3.85577574408672,1.46859982939376,3.41742058139486,1.83854902249956
0.990477277584086,1.21067441382463,2.28168880703889,3.73884753742948,2.35856184894727,1.63897406553624,1.91562376590557,1.90101625946286,-0.12245012433943,3.27738921351601
1.75975896791911,0.558641602512697,1.71931175000732,2.45003273238382,1.04028202709935,0.154354943749039,2.62121131172575,0.661562651470226,0.810226723458519,0.882514730098098
2.80501131653795,2.01949876730192,0.98796297944099,2.97925661407859,0.409808559618278,1.85952559860251,1.49319636746145,1.00906934938554,1.25582448693353,1.54180087384213
2.62345861923151,1.01747326274439,3.32951391022282,2.9719195380448,1.12917179134658,2.59371771531556,2.75766401510716,2.13233307232331,2.32730723116171,4.76900348169078
1.49852969459923,1.21672759131805,3.77559940738532,1.62372973641713,2.84191357666053,1.64147168922141,2.67768203715458,1.9099160516879,3.80352650432669,2.10104634842098
0.925685850189198,-0.0615588138941205,0.241471888998249,1.05899730404135,-0.545455551518265,1.42523900610934,2.26517709495563,2.45529447349497,0.215830935140656,2.31539172592506
3.89786476642594,1.85868770587635,2.10931461635629,4.41495696575748,3.13517865819278,3.64143497299587,3.23801688801393,3.1693361865337,4.97529149714934,3.18256374196552
0.762168438162064,1.57641999790578,0.24422635100567,0.264461066081586,2.12435166544446,-0.191888356560278,1.31618196149813,0.793262573699429,0.204210891123011,0.653466938116353
3.77069045551965,1.57117934787769,2.26488538082622,1.65153743070949,2.95009687530668,2.15200260011281,1.62018566398089,1.78783053289045,4.11054083773266,2.04474428158103
-0.941071784229176,2.64595630155939,1.86464796429521,1.90896517163933,2.52196473595582,2.17740959071775,0.314810876184219,2.56651838020874,2.59831823091215,1.42245415787296
0.153915677548755,0.333237507256213,1.20778382254445,0.786372860661839,-0.622184403913409,0.435121988650677,0.85195602598552,0.848916081558039,0.683592153040338,0.562627244319225
2.5982860875511,1.36199295302105,2.20297340510281,0.730386411098875,-1.04510111754007,4.21586077298881,1.43991163488737,1.9492441802997,3.77070228835081,2.71900349455092
1.77881075312622,3.26513927109326,0.639806363113537,2.83790924296075,3.37260834537961,2.47721787124782,2.10643978070756,0.372880432538927,4.83669084854407,0.320316604323252
1.21760512549213,1.61432762299979,0.421981647486321,1.88905046813648,0.284846898555782,2.01103178995042,0.629179868123068,1.41130768824497,-0.121611391636139,-1.01491007170466
3.77765175348391,3.4402816456241,1.60720216294668,3.16365618209765,1.83168919499011,0.936093041234204,2.64315900815859,3.76368197581419,4.56049120922064,3.13262027459476
0.978621974352553,1.89069706659788,1.22425174976711,1.10025055187323,3.43086988276281,0.709401844500921,2.41087789450431,2.37535251367953,1.54132127315613,2.16758150000696
4.52616778465727,2.84859952718618,3.21574290979667,2.71335940857113,3.19398831881458,1.64794889399208,3.63856988516676,1.72379897893256,2.12479741289103,2.20727730967348
2.94533779270277,0.543975426140384,1.95086576340009,1.74665052939841,0.893639031499361,2.97811054639162,2.87843004646081,0.715409421401287,3.05956539812147,0.580182180374384
3.41028709326477,2.8799338966338,3.87771612070813,1.70975321261769,3.35362777861795,4.97154579663645,2.75761707127008,3.7438670060781,3.68281124726425,4.08044233777821
0.172961926647728,-0.185319958140676,-0.511441422321394,-1.49854163886055,-1.76822062351827,-0.430725816522908,0.717332701593613,0.470614249787164,0.535781624052543,0.12620981570668
3.47832739297242,3.45943984715521,2.17933802748458,2.09002747432951,1.94107912763499,2.55545413406307,2.9948504544722,1.36676174253446,2.11048077795217,1.44317262129906
0.711275901068085,1.5092014495139,1.48800723578692,1.04529166883115,0.886302857138919,3.03167666299914,1.00199807207046,0.819467925618234,0.173981219847518,1.15789509265492
2.95557612983032,2.401174854373,3.9057696418261,1.36077515178546,2.28549426252382,4.10618827685531,2.00014829505935,2.98869236523582,4.58914376816783,3.40479748944807
0.0283512736649375,0.627822117980101,1.3232570614328,0.134471347127329,-0.475156828323234,1.27394596932389,2.43868364976863,2.40736224932631,0.45770453741484,2.6261113095762
-0.602638312708351,0.369135992693233,0.840222923340495,0.550985950239887,0.010104103759493,0.444051972465042,1.09283631781225,0.245233515751667,0.407110345410858,-1.21532898996042
1.78881513275274,1.19497060025935,2.69795654209091,1.6057959020728,1.9271004575423,2.14365717519154,1.08602098889694,3.10445054807664,1.57839425690557,2.36141269178637
4.13555575240382,4.50414481254027,3.96805323799699,3.76258400077732,3.00517788873301,1.93567808856873,3.05824544913103,3.14200309421144,3.15249350473733,3.41862687075314
0.306145521389626,0.861630725497046,1.69590571462477,0.83792774482854,2.17024490903142,-0.842414082871074,-1.34973354044833,0.457725255083036,2.65908153460676,1.45840145205299
0.161968899914145,0.49528812540638,1.29019962162897,-0.289027544058615,0.874089592983636,1.67324640782202,-1.4743719938548,1.83190107350222,1.50931267490231,0.682992729727674
2.46185170528061,2.96093687871924,2.10111785476674,1.88988343536225,2.66278903232094,3.46681336784917,1.81193623203778,2.03416021127782,1.75421737419966,1.42323816934375
1.48137188056904,2.08760469643964,2.42488304404924,2.44560585803125,1.76476595415099,2.47114603307152,2.43592754755304,1.60167441554876,2.06437635094481,2.88052691236699
4.35192587788633,2.92977615324933,2.47446897938382,2.9300276619183,1.56145140230765,2.16597062949136,2.85413671128477,3.05771600837721,4.63758857011593,4.09171642527793
2.05716818764308,3.00587044722981,1.95210947585862,1.44524900320494,2.1600717206563,2.96102198298005,3.1108017934818,3.63098216242354,3.08699312409589,2.7833706166979
0.261202134300047,-1.25022496002634,0.418180239850311,-0.225919496537818,1.62994934452741,1.08724032426544,1.15345512157245,-0.302854019865504,0.0887041277245428,-1.09789520532783
1.73969924191308,0.838621639718188,0.757115931286628,0.0498017199861073,1.37459474083372,-0.282305111133536,0.865980653361305,2.49738857474073,0.447563622742982,0.358415740756189
1.20970099692958,2.51994695662486,2.72453813255526,-0.70848628888954,3.34673936625571,0.723170537436539,2.91002615783343,1.58512013430372,1.67743388176956,1.71504092107365
1.74082023139129,2.38813349857168,3.71386232717922,0.652159150526343,2.67614483976344,3.07252886414325,3.99989552451251,1.65843030871357,3.25630877059177,2.63194012405034
-0.288290792467238,1.04407132178428,0.52384697237869,-0.758472507899123,1.1968094531619,1.00113500401562,1.77008672454168,3.20569576958922,0.999484856705617,0.86735651000457
2.30330398692581,1.41773904721881,2.73109159162047,1.32257346816952,0.802678184372777,3.46156259853157,3.82014363819477,2.48380372982908,0.359743680410593,2.396302286786
1.94218727551675,2.21095106178341,-0.00655011898934887,3.10725441456553,2.25176001371069,1.28709085752314,2.06270136827519,1.75037269027557,1.84262214354445,1.76639848440121
3.94715927367408,2.75927755381374,3.25269577904386,1.91915762216737,1.09996461282062,4.18709173605793,5.13061383005904,3.05473929222652,2.51844477585977,2.46104559094376
-0.491535957590919,-0.298680515591352,1.30221080246875,0.215551668033014,0.401899162880826,1.57734211936694,1.93442732601308,0.457672124432503,1.89752363687098,-0.0981769353238027
1.71571386711955,0.871988179399616,1.33336556877583,0.952718756461799,1.1898528971802,1.36019536100692,0.93149818667595,1.22904931871145,1.65837755457782,0.816905932882394
2.0163230035777,3.24516953377863,0.366302618058908,1.57044081908756,1.48406096929024,1.73748776402547,0.979897828433429,3.45170061337474,3.67944949035902,1.20154849040031
1.11577610840825,3.92696484432443,0.474557256714833,0.389458480906938,1.09299094654001,2.43551342859724,1.4684142713577,0.334872899658005,1.61681719225743,-1.18970088411357
3.41401081444838,1.44191455528752,1.30694154109122,2.59202336463209,0.393600500479773,2.77028942896541,2.31988138542632,2.37566406055496,1.50838110178036,3.34890426244313
2.41989477910635,0.766320583125485,0.210181016861199,0.506615101948514,0.932534666604638,0.527478817501675,-0.183165876619902,1.03908492176216,0.134698248403125,2.47052524458673
1.05869692773099,2.27242862017791,1.8416260532544,4.25825105744921,1.31423270361943,2.2419882302721,2.87828373575702,1.72983686457355,3.32167950025078,1.55666152161784
1.50008885349518,3.08844400033761,4.61553892867507,4.08325247722471,1.81883143652908,4.51239725472051,2.22496448822762,3.24129912233448,4.55769747272665,2.46697436769918
0.360276838950511,0.713923140225931,0.488916973954381,0.695786127201181,-1.67728994455311,0.93527014779087,0.12235482825849,1.19391235671526,0.897897551284236,-0.00674620270376458
1.56869563538431,0.352114041948331,0.604603784550525,0.968260138561283,0.241286152372848,0.209871582757834,-0.729718333288035,0.851153128425324,1.58420227375664,0.59167973229491
2.09497615401032,0.487772894755188,1.2881785986712,1.72401010300266,2.32922134691644,1.42892781258469,1.22423337049509,1.76555032484078,1.30257040641475,3.61054585111414
2.36272123316686,3.93092284309433,1.86725599090638,1.51194417284145,0.188511006969325,1.7677467075321,2.28880299549997,1.46644062194791,3.15973894793555,1.57780844082822
1.50305742578676,0.963134176917568,0.545907483362893,2.69463745181797,1.85957021505889,2.15201440512791,1.63039406037039,2.59042367932049,2.83765677127689,1.24929527151417
2.95318777297011,2.48636092176524,1.31763618333668,1.82555317646679,3.0371067698422,0.0144861760901724,0.55817606877924,1.7778435361342,1.86397278655517,2.72506270823554
0.884847893767778,2.13875052114861,0.26337026194574,-0.456327217989997,1.39664835457875,2.20948765285982,0.545887919793217,2.50873218441119,1.91252027674437,0.787073905879473
3.29587392413275,0.352809131936068,2.06230601838735,2.70369934442629,0.637914735736087,3.74763291988148,2.49123486213483,1.8576022419027,2.12179037311023,1.76901864728497
1.60931823312546,3.05082822311503,2.3756591818935,1.64633207425184,3.35366353789248,0.512498493974416,-0.180457657747434,1.08679869968246,0.406469909847472,2.25405234800406
-0.0321439619050863,0.04799167325392,-0.0974054462099008,0.325916349720483,3.27355724378057,1.4174892987327,2.8120019783377,0.96756618915629,0.945212531454874,0.990254116175564
0.294071762004188,0.235936042947361,2.17648381367525,1.9020248745077,1.52158703466223,1.97447673867998,0.571827294428155,1.7869485282406,1.83527308142511,0.458783989440078
2.02106873962008,0.918072925670267,0.238901233003399,2.38470741402698,0.19676348387304,-0.652709856495921,-0.480564429695316,-0.916351883600379,0.988352934529752,0.30034805167227
-0.300600363965406,1.02130311190693,0.381325118610807,0.47500047227055,-0.418221953949207,-0.624792531291359,1.08430690558378,1.02377513837913,-0.635180491568444,0.741555085509696
0.7012570466344,1.0521857089217,1.09479469959517,-0.190678991183256,2.80402887315936,0.958204058317673,1.58915681646168,0.997816712663231,0.813788533640567,1.06056939652228
1.82032662294471,-0.155707526438673,0.438601085316067,2.5222489044997,0.610854132042166,0.128627750669929,0.103622521166434,1.51899918714363,0.41412890121956,1.13008805183006
3.31537081187032,2.07276824575597,2.70416024435742,3.96367166265136,2.22403049335004,2.24621823187153,3.63062548054353,3.39272763161715,3.01390521072762,3.66354847930021
1.42651407275972,-0.342495462561627,1.64512762354996,1.29844819697894,0.690761299523684,1.30555876433629,0.161742712512917,0.488970954939117,1.16508922552727,1.4937768130173
1.72255383922214,0.462991400030334,1.18974104355934,2.19315044965042,-0.28621256087221,0.44412046167907,2.27096108867841,-0.507797366450006,1.40896577091949,0.381667470725392
2.1982445769813,0.312389959043253,1.12544267022697,1.99461653045189,3.16820969755607,2.47640724495027,-0.512833155707284,1.27253905741025,1.68761278019177,0.554070218655242
1.19315253136499,2.11864835530162,1.79815669292839,1.27316472444039,2.48568633196697,2.73938046584066,2.7700361209589,0.619516751847794,1.75774745058234,1.53095143317018
2.51684345094691,1.39732370800249,0.983870293158263,1.08350254690247,2.64053931352461,1.81338835159209,1.60711068273171,-0.595173980836395,-1.20953527059399,1.30326867066481
0.556498581289867,2.32633083647488,1.78205834219004,3.1712454801669,0.962536096811493,0.899462257936279,1.06798573772297,1.39112121107991,2.27539045399267,1.58114568569934
1.18323357028281,-0.147643859853184,1.42034958225932,1.23888854801049,0.709340480212168,-0.241668267154243,0.496843392278881,-0.629374127464511,1.04422238614701,0.315600985397306
1.26030900837094,-1.63159484985717,0.711759002660067,-0.170908226851618,0.851922310529688,-1.26364155099773,0.833933573398824,-0.60632906760203,1.66529625024369,-1.75030414796454
0.169869848358743,3.67846048214528,1.21518156889747,1.67209785180251,2.67359854734836,3.40244147891709,3.1803542969245,1.88690295899763,1.63359732001931,3.84029450180083
0.659536704520141,1.32308052034565,0.455035300960447,2.34608285356694,2.06401660193775,2.44844565297301,2.17539658467766,1.79328059771075,1.88262248087818,0.815189303494713
1.05142546593693,0.646942738251325,2.18848923776789,1.49499012376227,1.74905772425518,2.34572013275018,0.885253468672046,0.937827967928577,1.69344043683659,2.73490061754644
1.8742364054912,1.65936005508842,2.07761145521607,1.46506417302384,0.556347758802624,3.32910907934843,0.797137733825156,2.12772490768182,1.61063051879087,3.41683816990418
0.433715262599384,1.70700192468004,1.42577618255503,1.94244513354639,1.13161326504135,2.45676641323967,1.3864670936164,-1.07638704523377,1.10497908685449,2.33723524827156
-1.89379864428867,-0.771112738141436,-1.42928157508749,-0.772472863498133,-0.901239527050535,0.739429221961675,0.187793732086258,0.806464973483943,-2.03030343901437,0.121012592026972
2.05926573046848,2.32050386581879,2.63489019418151,2.20054922729256,2.88361074881347,1.4381178947118,2.18399615376183,1.33785829518106,3.10293918913546,2.03985564744785
2.02104271215538,1.25051078671688,-0.835940163773543,1.76267971249975,0.480053138372361,1.57552263319148,-0.720427935097198,1.1758614098594,2.59510135419179,-0.278772399334287
1.2847267369127,1.12583110405716,3.20101151342879,1.38206774696845,1.35857181520813,0.189641058394637,3.67499907745077,1.32951593807278,0.861450724629793,2.15176816762254
3.57356358545311,3.28101976129899,0.357910524188064,0.184480934807421,2.0859072623814,1.90679055494911,0.874883836436325,1.84630677743102,2.21899762786686,1.27367303530738
2.10030606473203,1.96171738004464,2.33464402048039,2.13505332099019,2.04591601519114,-0.532280612786187,-1.14499312920573,3.06955549348474,-0.660781284808016,0.15822401365399
-0.749763151912064,0.36049966838345,1.59186787599136,1.79572404157682,1.40998636554719,1.56455105421886,1.28488045760426,0.108220119968074,0.113402076022994,0.720368541194144
-0.558279950052627,1.20231823744247,-0.355589903500278,-0.133229909795769,-0.30843921515969,-0.535420022426916,0.949211019146011,0.811586426125645,-0.171240982606435,1.97187549131762
1.23754182616714,2.97854539683092,3.96628072291474,2.66745846236665,0.901284275773574,0.965545901705849,0.92208664298981,2.18809441038754,3.55407296576508,2.60602859515751
2.88924077111026,1.86407343768106,0.683432528426327,2.81835164750973,1.85953074878735,2.33584517555872,2.14713134324941,2.75715556062875,1.86948371143413,2.64329525486832
-0.330281060316923,1.9257158913437,2.64472689678483,3.92517969185583,0.0949681767981347,2.05637731067004,0.300186758809232,1.23840491936644,2.35544913604751,0.177855861909367
2.09466378086212,1.73649910428315,2.28136478708868,1.65824357715856,1.94056248244429,3.29096183099133,1.24356370605207,0.716026475333439,2.15102318748528,1.0400262882463
1.31575753997627,1.35531871621121,0.883368157962802,3.12194118282121,0.54347520854638,0.935032070899109,1.69290981454777,2.44681654260006,2.54332601350248,0.182506968170034
1.0042069765499,1.28329550610802,1.37325133284281,3.31972541147856,4.32913229801857,3.34469843599521,2.13220781148814,2.28066337798323,1.65693128533213,0.18646285909885
0.77842896868909,1.06985608225707,-0.205363746828069,0.670450924168697,2.12617609611144,1.03975685297918,1.26423890175855,0.323009758563786,-0.0425389687615891,1.41525458532729
2.00506435302991,3.53636942322956,2.22354670083734,-0.0337107333389861,2.00197043666117,2.13495922522329,2.98402477519702,1.60432957765297,2.31423440701659,2.40333605717177
0.752645823713861,2.27741002025076,1.20801012584868,0.991556834152604,-1.06133506803526,0.450598662224901,1.21028146671424,2.9402082846321,2.81996372263837,1.95995598104667
0.537026638292306,2.26381004632483,1.26651668271036,0.751315356866281,1.29130498141494,2.24803911278945,-0.327057634393877,0.0820334224524293,2.1828336297086,2.19751322887077
2.150260408285,1.40411157273482,3.9176408653367,2.24537192903478,1.5377138436422,2.78925975462662,0.936007246810431,2.69994633975467,-0.914553976917063,2.55762291871739
3.82158041613505,1.78315640305291,2.56525563212986,1.07689510894441,3.23397877489785,3.57856378582165,1.21163153400277,2.18003535010244,1.95069323526084,1.10508348589639
2.06369565276058,3.44704597713364,0.599082864928515,2.7255050745286,1.54539665849914,1.70277582399331,1.33634141131685,2.05659068567943,2.3893046780206,2.97777583351871
2.11049790025349,2.82027655902485,1.62056759610693,0.341010159856807,2.53609111915844,2.22795753014206,2.26884334593874,3.46476489046994,1.03237238854382,2.78002954702832
1.3156735902365,1.63368246812339,-0.465286296509452,0.347428214777598,-0.140903210283575,0.429241876654984,1.64392081571652,1.15261334422911,-1.4531665315801,1.00120362318384
-0.663122491208417,1.56093360882423,0.231234631251772,0.83796401383521,0.410424482743557,1.73682023012621,1.23298556283462,-0.874509907583277,0.216038647470922,-2.3237491006785
4.04901838200384,0.474259592382882,2.50629567099066,3.04711975647956,3.56450667817396,2.84775781808134,4.766812457925,4.9189951139096,1.77120423446881,3.41961626226611
-0.70894818931213,-0.429973624779698,2.46859717935865,0.954381111337098,-0.0628119428281832,1.32736087128497,-0.876284396240207,0.247743620982143,-0.90654559779146,2.46658081798411
2.54511757326986,0.707169531083635,2.93348322925469,-0.122240038836193,1.31261658267334,-0.103473144482455,1.11223983248194,0.940272455815853,2.09590645546089,0.0611327604879789
1.46116432324031,2.4057968530137,1.17695913040456,2.08621978864116,0.253895078153602,1.76695770572543,-0.314149698328473,-0.242917525624452,1.71975442564611,1.28573408125895
2.66491616713464,2.10883021128547,-0.485913023910252,1.84981151558176,1.40072841251557,1.64229074404558,0.611439800225203,2.37630199710483,2.16082047215782,2.49288691943682
1.05836118411793,2.50914759867127,1.77746483815034,1.22510858190606,-0.916269758637238,0.653459160755299,1.73360745164831,-0.203733889977715,2.61805121394118,1.78776183074106
0.971231264510364,1.33732492716691,1.2224966625288,1.61365353041078,1.70976286701699,1.83876396121304,1.77627208962415,2.58310539773104,0.537903829921088,0.23155779830381
3.83553688049023,2.95367944655486,1.9728707560697,1.77427548838668,2.0785086382463,2.38026081126258,0.918254837263232,1.00577961028494,2.59006377092161,4.04337895964369
1.47611700593033,1.90365104828003,0.742628520949999,2.65922445765676,1.62282829981089,2.82736216313013,0.893639624802231,3.36268669350441,3.45037907798602,2.54902596044778
2.6532211981627,2.8263332431423,2.39846431436652,2.62785486783056,4.76543052308641,2.06221884508947,1.72498838608295,2.79441149721716,2.51400193331476,3.48822215635786
-0.415751492374878,2.12294956055938,-0.748501242951315,1.84414693543927,-0.0524723661200952,0.698976415178428,-1.329250610801,-1.62628863454268,0.775214264776316,0.654426821834422
2.08641870919358,2.80994483939725,1.72922434715659,1.58358180174812,1.20147611279187,0.654120471205533,2.33633754927397,2.98653814185427,2.2205802023285,1.54127860008217
2.09809234975848,3.95624624749883,3.7551903403204,1.88649450798607,2.99891014969531,2.84943514153746,2.08181019906396,3.43234773863953,0.663798730188998,1.730227108485
0.190326158971805,1.05140736314989,-0.391760370326389,1.98113922176449,1.12261623254741,1.16293407008336,0.0784093517099892,0.181293185275205,2.19871939180204,3.07877009495644
2.04619176226539,3.17695981458198,0.591256768420686,1.59966003562166,4.26464288406838,3.31689839478925,3.15114475473782,1.11489527615394,0.601868032420466,0.810357580062301
2.80941872785577,2.50874060872345,0.119698393118506,2.39995613254351,2.28941988355472,1.98440707014296,3.34374206305653,0.848202104689103,1.74838219260494,2.21447581221552
2.40152264448318,4.72306343253481,3.18285208050434,0.734285835775611,2.9011359254431,1.57396494584876,1.82569096961569,2.00198716360631,1.86779723825684,3.38814656951961
0.867679755378227,2.40920512941091,2.87842281729079,2.80711177269239,0.349999285153304,1.20126694008571,2.32735106916583,3.66101784221326,2.34166464732758,4.1347216052857
0.956272062732291,0.91659082228175,2.91290558245784,0.375689377583584,1.80047801387471,2.77657865527088,1.25038928081546,-0.00995996832028512,3.04649633598882,1.0663418672624
4.60651987930102,4.5606496017389,5.10985151961456,3.37020837226948,2.5410894850452,3.02388355563967,3.33469031115991,4.35656032967376,3.82782150136754,2.19050909550305
2.9106877445342,2.75067466538594,1.24535639800527,0.833373352075187,0.827803004641094,0.00207792843904409,-1.2856453549897,1.0633177374682,-0.0916366238806823,0.721443371001301
2.83989746703281,3.5027067095937,2.27347346588603,1.7425046332302,3.60485231603513,2.31925893613112,3.81392088869804,1.45901617959091,1.24692735998324,0.285303536713017
2.88114591305622,1.02370420258453,1.11331397021959,2.68821951783835,1.54321324827919,1.93732946678338,1.34801116151583,1.5040923241037,1.91860759961204,1.9337803637664
2.19836587052142,3.00434492410813,3.32387271547237,4.48119779987023,2.85810172745022,1.85090371883795,1.70097523454494,1.95829674325855,4.0266158678632,2.99238966767894
3.75390045838121,3.31914378635317,2.65078472429759,1.73824656772154,3.90065312342838,2.59244234183417,4.35249183093017,2.54650218519828,4.45595148560092,4.52942158862244
0.120177268785085,2.22758718419258,2.00310161924943,1.04126199307266,1.68594964478729,2.82905043179212,0.82528771189365,-0.283664118432248,1.55003934146048,-0.45130155928721
1.98129375229882,0.619529179310174,1.96718704537084,1.88158996926432,0.902321911279255,1.74273713840116,0.705648766371082,2.81975219749958,2.18575621265992,2.74187658373131
-0.634218179167954,-0.918222209682742,1.19627374800466,0.0393453937581498,0.301669678169502,-2.20665759655708,-0.420375047507166,-0.332119692660405,0.0758382650780744,-0.840237026824791
0.234318670960272,1.16709770462934,0.230842457053599,1.66908342867269,0.4775355903776,0.977664833595187,0.813709146689403,1.5469280701247,0.370749941678989,-0.408704889929857
0.545318045542645,0.140474938656062,-0.128638883290494,1.59232112838359,-0.973829335511538,0.544739706037368,0.835017273877946,1.76249376432115,-0.0364115147209092,0.49497170723177
1.34684042246583,2.71658346754545,1.9519248709337,0.771026328206802,2.18035839619705,1.83292762462669,3.4269050206748,1.03727340252791,1.15648119233076,0.659308706495637
1.29685306219837,-0.847323966193046,0.406377935326119,-0.54463802278656,0.153699262393576,0.190432557646083,0.112754528347767,0.540327408075523,-0.520398881942297,-0.254987732032778
0.682384516509668,1.8494208116483,0.80837944812848,0.513871042135881,0.496991972052197,1.06239731857565,0.825742718985781,1.04072509926104,0.446909859665752,2.4105382397336
3.53892943006871,0.0163923977387805,3.14686491304658,1.97357085451005,0.32956165410036,3.44439474139998,1.50442564384014,2.40806208140724,1.75330034213177,2.77696231883532
2.54218225422051,2.57859787769086,1.12258224150664,2.06697853993088,2.50592911767018,1.91901161272431,2.68040050531995,2.20597585174599,4.61436460494155,0.572577997975503
0.733857219912663,1.67705637884295,0.823986549123143,0.826159762464248,2.02652622295202,0.801739298722091,0.587017381602755,1.04135583343156,2.298983452188,1.39132282930943
2.82399624968836,1.82056157947452,0.267624486250641,1.78445155536392,0.824952821211629,2.54977936419172,2.22911931565982,1.6170170488858,1.63680873115135,2.26185461158868
1.74956560819883,1.57837590279157,2.03297477796466,1.8230008001572,1.8087212574716,1.24768631754637,4.3463654577593,2.21955004711135,2.84166943784853,2.52651818931517
1.61956247211945,2.58739084429363,0.716878261743543,2.37180812266701,1.90985001849629,3.25892077221801,3.4503799729974,3.09921300527403,2.50697869390628,1.34511459997922
-1.32895289009291,1.83015387052419,-0.274197505115786,0.576762010671142,1.40082048809827,-0.97698097666692,1.80084474997185,-0.778670429446206,2.9105231199011,-0.679083896040073
0.511934736633243,1.08277877456908,0.847557242731299,1.66964974456016,0.0462531045335799,0.91311964481049,1.93003807632203,1.77168195604695,3.29904112552626,1.90470381656271
0.905980637408574,-0.910362133611683,-0.017354286218926,1.69415583970578,0.933526580510948,0.675773661362063,-0.985560025618802,1.74205028943443,-0.295279954136225,0.088211524230068
2.60396951025788,1.09822933292923,1.02641574122125,1.14742612294667,2.03921211360456,2.53027672660871,2.20219096663466,2.67423857472892,2.83592174200702,2.55194925675614
1.55180249052379,1.20922378628895,1.94730972388796,-0.467139893689444,0.0102820073910274,2.17276747440167,-1.319185638694,1.4990696821672,2.29783515336779,-0.600194928555576
0.912322674021099,2.51071467423549,3.18954914526875,1.78023541268497,3.69778227269805,1.58499924809139,1.49266979457656,4.10579892592215,4.20536055506632,2.52793145775791
2.74082989789727,1.87190906751222,0.643488818817787,-0.046153916232373,2.6068298429741,2.75720584947297,2.10019918213079,2.75356669393637,1.25071261493654,2.63847299409335
-0.289783252845002,1.63276347668401,0.187076745381435,1.44693563657184,-0.195439462284801,1.06179265527909,0.687831252735715,1.00613637177274,2.37490121504595,1.05031041889458
2.15986424957505,0.333260634490964,1.8756285420048,3.59840879062617,0.269835140341068,3.41338803438677,0.912791459265979,1.32683660366795,3.37279559227984,2.09682376989121
-0.237523727742351,0.348340593127119,2.33758718065329,1.65271897630614,0.709218602365161,1.73824047050736,0.730252342093742,0.282728891326055,-0.00559081056307864,1.62037531290085
2.47591186414007,1.97313616362681,0.903125819595617,3.76848962212944,2.11237056364233,2.00158605791199,1.14512059499108,1.83474264856054,2.67315588799732,2.20135179775337
1.52965587943614,-0.827603314945042,0.650042282060584,-0.720586679397634,-0.465631448444914,-0.572211906086811,-0.253015082998446,1.7842265572689,0.815572992853496,0.36032441687549
-0.451263154025966,0.936407124551552,1.23071920672705,0.888230117382367,1.72703655050038,1.29489472377299,1.7452098076864,0.503366179742976,1.70679182638536,0.541941794182068
2.43047362387663,0.264669673053606,2.22459833687648,0.871192060480575,2.77894927077474,0.557965922882657,3.03583194534326,1.3875161934585,3.13365594597382,1.7279847559293
2.7817706253598,2.30151705143563,1.31982449738604,1.21477999735822,0.465866909484966,3.18699801226508,-0.0475385131385577,0.887941233438113,1.28331857106856,4.36166050298861
1.4082461837686,3.47282167155106,2.44481063241557,2.65186267244873,2.02437293089597,2.48191587488306,2.02932848000746,1.86530528110724,1.24489931652719,1.93943823578355
2.11253139369187,1.4869721998549,0.971397177652376,3.02303908895293,2.25771779024958,2.04063279919042,0.953208311603379,2.60767143409189,2.50919831446994,2.47699371383098
1.64641226730707,2.5280994158453,4.16391252058543,2.5391642556737,1.12146173835312,1.27765287900838,3.32633591473568,1.33843901552227,2.88614711660189,2.84498218153999
3.35343121408584,3.13205507207034,2.10999615043274,1.54809265182179,3.78996634071395,3.78112260195655,3.3366389785284,2.79009263252695,1.90934980579932,3.39706432640902
0.780503384711713,2.50226417963928,-0.469954033091824,0.881875654431406,1.54563492166297,1.30990747838226,1.40142782662485,1.53028810256003,1.43441519048549,1.54711796097796
0.849198008649885,1.38426647814571,1.19405734495352,2.19838470111806,1.64533230914897,-0.20439845752341,-0.167473335070395,0.958286396970681,-1.26685577753576,0.0209597700626024
0.265645556119163,0.322539695153032,0.931013258560615,-0.216421539008666,0.914434185716858,-0.758584954208335,0.756587009438756,-1.69761198215172,-0.718735390574982,0.187180152230469
1.48692810670285,2.69516800421244,1.6614763427763,2.40136706059504,0.79875964554055,2.12868498052383,3.00262189208156,2.26080871303297,2.54375559356663,-0.162456139684432
-1.17413538350865,0.748378977456691,-0.436066543808185,-1.51979106722544,0.983874361059139,-0.535974275270559,-0.136463055354898,0.0314155559449272,-0.63658608618622,0.350552145402261
-1.69541699197361,-1.84417595598212,0.0592222058657332,-0.878228207703147,-0.797143754063281,-1.22855095297069,-0.481158849129688,-0.264291195608793,-0.982376821894827,-0.973194668945685
5.07983700602133,2.30599107298574,3.71566941476543,3.20404584238486,3.25478980285495,3.66295328423349,3.55189394753746,3.40745371015005,3.35323973157585,3.27382188628393
2.55027444323285,2.65384857336834,1.3477925762573,2.32451613740172,1.68787475310231,2.40155449572112,3.53044354366998,2.11884783736589,4.84368529605986,2.99694060282756
3.20654681491535,3.48549939650367,2.61264557413721,4.422908597247,2.5690374025163,2.16116469883067,4.06535294219554,2.59602844813676,2.70488512872162,3.69342137978168
2.97014693547642,2.17810854623566,2.62506240655663,1.10476353164572,3.33473670212917,1.13471982112185,2.30741027840244,0.90404795260148,-0.853484129598098,1.15544547756432
2.35364545674559,1.21004795966071,-1.7280353262714,2.86174414670106,1.61550100161297,1.30605521420915,1.85370823263484,1.56710135265027,2.11210662668326,2.28970985301494
1.76180356525838,1.40071210721458,-0.116364805252404,2.70140719934508,2.17287597486336,2.41617041189214,1.32860709814353,1.28484218283103,1.384307448105,1.39112114138031
2.28637381034596,1.22292065884179,3.31055840167347,3.0998041961696,1.34919361720815,2.05571897393856,1.80206822707231,2.35027538348816,0.561499789802122,2.55743982885512
2.21252681338444,2.07353279642762,3.80614536004771,3.2538213828168,1.38709468166909,2.42603317546429,3.64511331313544,5.46104917533417,3.79674588947426,3.64113106390366
1.54536238233965,1.55949556040927,4.74217436428273,4.00301939218765,3.36230100240408,3.1101372921396,2.20460328711471,2.64250541819544,2.80887582229298,3.57090739675088
0.675999003451859,1.55374452350725,2.48606050354698,1.67701445407231,2.17469977448323,-0.917850268220288,1.41344126830695,1.24572270465953,1.52091978068161,0.589433114285571
0.242693283177858,0.963941519914717,0.477150405358313,2.27173932861542,1.95042641626755,1.11608262432684,1.41509386134654,2.18652497640227,0.0899667692499794,2.35417370601591
1.42366823376064,3.05296854307821,1.60107194231477,1.37590649363413,1.44609435149562,2.21715085656886,2.15450349252616,1.19202440284998,1.30210013928377,3.83559954079083
1.85799417815562,1.09348707796449,-0.614764901899538,-0.636453657762935,1.41119682330515,1.43390282447162,0.335525552134588,1.67316935819434,2.72339213412703,1.4178744955112
1.62793383566101,1.69308342224721,1.61383191256744,0.881820980131763,0.849959542576285,1.32217061535104,0.542355093595242,2.49519065512398,2.81602818568491,-1.80207611594564
3.1829865325845,1.0368128225786,2.94264896317368,2.97051861503758,3.51708233232229,3.58860874847778,2.83466090597793,2.32430224953371,1.61765144088443,2.57368813610588
0.144023074515619,0.113372867178086,0.955441395652252,2.0329031328458,0.6501918352724,2.57446439846476,2.26729895441356,1.78632522700465,0.0122233452587784,0.278815566365255
2.51506468765521,1.98239713967077,3.52301267323742,1.68227329757046,1.51317703345798,1.68402005140356,2.51321181218085,2.78371919282513,3.36105797656418,1.81882824609207
0.745904128717299,2.82935605313481,1.67386014563022,2.35660342248143,0.817229962562215,0.816356814030428,-0.0880957029048122,-0.509939930029533,-0.0265678408356682,2.41622045365374
4.57253782677293,3.96997537511904,1.71250475732296,3.24375420424806,2.18941192755176,2.48153560414881,2.09102853909045,3.72169572883261,1.94509629645018,2.12347965672995
0.930509435847094,2.39039225218923,0.769589251944209,2.82051493911154,1.17575237382852,-0.293901035268626,-0.140055773724172,1.56114147442537,-0.302109232338591,1.25156711892027
1.96378773258925,1.98506508360777,1.37081103887353,1.22681968941104,3.28093758193069,0.872509272576277,2.17407767159484,1.85417805820502,0.803436423415259,2.04992826034041
4.31056590495087,3.17323996610665,2.92689418037055,3.09793051090072,2.19887213653803,2.68706959033304,4.03158722297727,1.09213842519013,2.85879887490425,2.69532544397299
2.08934048934353,1.02318064957164,0.322682434181621,3.16677438011277,2.17536215877211,3.11967489488507,3.09761506502584,1.28143575428368,2.93286237253893,3.24763519396589
3.2757302192879,2.99954585215494,5.91826500251449,1.58832617989285,3.49794024062515,2.00247975189464,3.84613751985435,3.74292962117712,1.82381412369155,3.43075215090131
2.7403554720016,2.19261995211003,0.145609898759071,1.48779079048957,0.635277617330362,0.419659586111477,2.02422904525581,2.40998239581703,-1.06248823014118,1.97752385924735
4.18919620158165,0.202021777823216,1.02599842349167,2.47529448575147,1.53136979050734,0.466062598335082,0.780638650318824,-0.701936176511579,1.74762262325802,2.07420822972043
1.08461605829406,1.01043090656397,2.91446017961767,-0.870881982326219,1.39979530916667,0.380241910453926,2.82576818027245,0.799736316529244,0.714403304287587,2.21969812832379
-0.450723078407169,1.72989570128247,1.95498484020047,1.19576301828929,0.354430757639523,0.881589053508028,0.943240117088913,0.638599424920806,-0.969513160327084,2.07979929433356
0.114593816509147,2.43992252596542,0.736740793718774,0.711016246473034,-0.581518699273581,-0.810878290575327,-0.0734251176564844,0.554699203432863,0.556350973421787,1.49477755682592
-1.91575859846273,-0.802245219542303,1.70497653962817,-0.628695600534618,0.00960322133719622,-0.596276434572615,0.666970094033524,-0.357488299722101,-0.150889900717239,-0.493718333675454
-0.118532052373212,2.01241299745116,0.895649822787718,1.5241692334301,0.357227777531751,0.641809329046555,0.994659814233508,0.666391125479916,1.32950133428456,0.81171195678273
2.0332123049983,-0.294718339662648,-0.345088929403086,-0.269870794394743,0.267920239072592,0.182903170602534,-1.65414419180098,-1.2365832637155,-0.439323427968592,1.3183239090108
3.1571198227166,3.92259814966425,1.97542128785669,-0.388893298095213,1.23160368898945,1.02150181274856,1.50599379755117,1.66816185825391,1.53797544993154,1.97906309072187
2.61001076367114,3.83411460403724,3.38492375241453,3.48885296569255,2.21062712884433,3.07246971109881,1.28152203416535,1.85851911935495,2.66203681321001,2.64556113249804
0.392725279339906,2.01381868368739,2.73781083472411,0.190870052544757,2.34342133612129,0.575355163329395,-0.240326874212353,2.38161178585367,1.81935272477227,2.88198131526149
1.33927501249146,2.53041471895943,0.983192020456959,3.74261650807397,2.96212162432715,2.09143771901298,1.53784676336905,2.19272989675948,2.39387421648613,0.954676456817777
2.29297098935369,0.470939535961023,0.577227023414109,1.59577965723787,3.87441574803882,0.240002970837707,1.32694351233155,0.531349285188809,3.06936181947976,1.92753590739637
4.29517717406199,4.91695936798189,2.25752383982737,3.20718065513679,4.28014434407007,2.90590760840572,4.89499533845822,2.2904462020772,3.03598107126047,3.9388253184681
2.12546233345786,2.16270328420756,3.30853419367939,2.98320189345759,3.32228662816448,2.78202576187795,4.25762898074221,1.38929921810063,4.7527644794507,2.17936498424841
0.183830227046269,0.753083753544332,0.194012346358314,0.248859825677828,0.0745637957420762,0.695859405381526,0.301610965285559,-0.67809135955692,-1.1879032859993,0.0246693701396176
1.83290265995349,2.04043335427454,0.837433063732861,0.759535387283274,0.48074922173435,2.16968497219545,1.61264011124922,1.2822799441153,-0.257632797415403,0.930098686287342
1.69355099634879,3.57605436786192,2.91513704778839,1.73749103479415,0.856009819123718,2.01300155125,1.99511964279775,0.598600976219377,2.06699938561659,2.09946322653175
1.33442044643924,2.45128430024845,2.10583039474969,-0.679676190516935,0.342233370756608,0.484903716005201,-0.996914012719553,0.0305948371433457,2.58590994685735,0.764104142702362
0.696587766760874,-0.184547212763981,1.27222244646258,1.07692208499711,1.59662089454907,0.684054640146194,0.754403374898497,1.66789177721537,2.03367229485602,0.961597437427604
1.93014381890087,3.12152151575991,1.08764528516253,2.25634925114851,2.26226660024363,2.39292976416038,2.59196480066674,3.68580926324977,2.97650193583071,1.97896392323967
-0.593492180878562,1.40502442567509,0.051161615391167,0.0238186857563017,0.825561949203576,0.468343624384709,0.275393654740172,0.843441938459157,0.0342297201664155,-1.38548865531278
-0.296173729201524,0.086145192144613,-0.664553203422911,-0.47623218097539,0.677116700019024,0.347327434491054,0.251071610162212,1.32958924638419,-0.567369446680347,-0.141019450924692
0.933971844285211,2.72633261716722,0.94267601078641,0.754316311409199,1.89234394451867,2.78890882317411,1.3311187858091,-0.500467079188041,0.85364608484209,1.21155323077187
3.53982611314202,0.39388048754032,2.53052531190122,1.82906370507187,3.94689976750405,2.21102161531533,1.36671725785477,1.79354995857639,1.83993799647461,3.60475384432851
1.16041653512403,1.61348689535952,1.98403133509825,1.59405379019179,0.683186278417681,0.797058376632275,1.87515215223121,1.5325499744298,1.25481134246173,2.00616919814315
0.864890448227475,-1.09719946952145,0.454212675372152,-0.894337495655533,-2.20224863415768,1.65353301572793,0.471631367498485,-0.254819932399046,-0.230988349936874,-0.879877172651553
1.57295567095989,3.62465858368052,2.68134346224241,1.45503612887399,0.483234512910278,0.838469215959147,2.47534069310314,1.87489182617742,2.6217297257927,0.443553716145914
2.0375822283363,2.62951427793071,1.00843364196888,3.47875476617397,0.231079695133671,1.30484784910641,1.47037675832427,2.27754589870917,3.43064793506919,1.14830581542558
2.84160390421084,2.00468429033971,2.05970995604745,2.70276953266259,1.2837521173512,1.84717198126805,2.29761992809979,2.0249066585968,2.51812260749966,3.39930720319897
-1.73964808501683,-0.146359477203971,0.152165501538714,0.11710726129248,-1.40668165233264,1.58330586523015,-0.242244354962858,0.816254119060344,-0.687102381728463,-0.219610881367698
3.31656092746044,1.76256623646494,2.76210752709701,1.90544156422092,0.677624100384119,1.18260307056013,2.53079447197534,1.27280368831253,2.06705892650674,4.05523156892794
-0.301916747948063,-0.949699180527276,1.01692620344181,0.380113182811878,2.4048283982211,1.39752916295273,2.08333857833293,0.78469892020277,0.674202170760642,0.0659951118336995
3.39269730875941,1.67916549822191,3.33950602896417,2.67902180985816,3.08540547496856,4.20308178058842,2.24995082325397,3.45301946488313,2.60376466597003,2.81634225864628
0.285166331959399,2.09923711388918,1.45284962514129,0.980425222148838,0.875486379738938,2.53979815559509,0.908749681891038,1.16499280104794,1.7699329913677,1.8356768204487
0.0788512034239547,0.723874579816284,2.56134265934858,2.71739178151289,0.542231237764496,-0.490022918032907,-0.0504514888293115,2.38740544742641,-0.0638298342800447,1.48317286057188
1.35950026447625,0.560201701240274,1.19634772911681,0.965033267267002,1.25682285077395,1.37819735791397,-0.167884903362233,0.797598049024655,0.0747705096992214,-0.875002912734471
3.00565552744329,0.948640338104433,2.82055525088341,2.39400858241644,-0.142188304729202,1.55987461819617,3.1775369011506,3.06772457767059,1.68217690050449,1.02395870396692
-0.637287229508935,1.34060419757983,1.28288204341418,-0.732703651188239,2.93061737840863,2.51368659342027,1.48701767843791,1.45172890391347,0.31511511453194,3.03329955623072
1.57073296811075,1.6224764386229,1.04722915755344,0.41733024734251,1.20214278756578,1.15861598193453,-0.870866454384234,0.60430666726853,0.856618077709187,0.1676245219074
1.2783245777371,2.01644349543105,1.67417543585162,1.87176496638605,1.28438932282318,1.46863255359016,0.0163425774187755,2.10793718662404,1.44613464610521,2.02646557768268
-0.796353504133791,1.05145562075116,0.726979708575271,1.90055033319351,0.225032350738465,-1.59214916825433,-1.6306001566266,-0.605168254161577,1.00707171343715,0.708084099268596
4.11309310919436,3.64480141076781,3.93435339967711,3.89998224569301,2.97963422261332,3.68208371704165,3.27533252737716,3.48306919007678,3.0983842115557,2.5119864489177
0.864512099648283,2.56839709710404,0.352704571143303,1.40364144914759,1.19218151509297,2.28584047291666,-0.0843237050342673,1.52759911984278,-0.283596194214644,1.52094617303145
1.27592283927425,3.34885763585394,3.2031547006232,3.73064694384094,3.51558130249418,1.73870636645328,2.78711636170376,1.48739800078799,1.35548319156808,1.85827948872105
-0.64336131842738,2.13947114963581,1.22718135097449,-1.46714220897822,1.09213125924376,0.99365114352251,1.02779435760596,0.657750588254155,1.64137760645345,2.09589849280122
-0.487276500556832,0.460077704414217,1.7873042466416,0.713392371564653,0.628878794272803,0.380756413222629,1.06964658642353,1.28399038082622,1.79191262279419,1.73641716436382
2.15638810528366,2.7104790077563,1.83510372067603,0.443274041547343,2.67891524633001,0.945619682666926,0.131787775028951,-0.120792921644037,1.60069151179061,1.3139095637193
2.95576656832472,2.47023888970266,2.32944714646224,2.89375108253772,2.4582025091082,3.49920020633978,1.84593606016563,2.20759222851546,2.11251396436069,1.56796791983496
1.7188047204757,-0.149473290320332,0.791091342831834,0.686338988121257,-0.649991542952184,0.310691597916645,0.766183420853226,0.316320111403077,-0.121427239581432,-0.608063896595108
0.715347723704816,0.795307706326272,0.554513521778887,-0.623784456658017,1.15077153137342,-0.573215163728552,-0.251440251902801,0.735111149913996,2.56907297721963,0.451185942001409
3.61610269786218,2.02318489423626,3.92219559573317,3.27525650151028,2.64908227245471,3.70800644017694,3.97255558654346,3.74328778326024,3.15763293913792,2.23220007909516
0.733653378151006,1.72704701709278,1.07977492095448,0.324560009160211,1.48898333867376,3.43239672101782,1.42986215479534,2.28306194736735,2.52813035038113,2.14938071818457
2.48786915612314,2.70986630752215,-0.94737383398077,0.578151497858394,2.28715537127029,3.10771552645419,2.74377854603011,0.433639087505685,2.54670533657156,2.6812325206402
1.92144323465456,0.570599856764905,1.1049432792783,3.63123607251432,1.32257816751757,2.02827053755778,0.870281576809844,1.59937314280132,2.58860550740202,3.03643293989581
-0.00105044819649414,1.25870282661408,0.185133717886217,-0.0898977308064648,2.2756601534009,0.837902962947017,-0.867719064855392,2.87656679822493,0.758290974992123,-0.217749924029512
1.77561403432901,5.42480753758813,2.42384934065274,3.04963352593099,3.21445067093856,0.487516341818714,3.53979419791304,1.59767883566785,2.86408368375657,2.957665949898
3.27972002042589,2.20941294449309,1.39830838151449,0.736907933555414,2.9798772206724,1.63043355520831,1.88141337018194,1.54040321567938,2.79241779334957,2.15992923195598
1.92754710757069,3.03572150445355,2.48331009636141,3.05754129703695,1.27654671858811,1.88725309678881,2.84865743754137,0.579919304909205,2.47665997415546,1.76593364858522
1.06583795626347,3.96884079341782,2.78384542906252,1.06919937466521,3.636608690698,1.23810695809282,0.77747999344904,1.65539633664618,3.39105234905842,1.55548298315913
2.19240645389397,-0.963682500021864,1.53493734158155,2.28365979324955,0.673512142465155,2.39181592903955,1.5438420229211,1.50380666971327,1.06184450132779,1.17677655309192
1.27097008956018,2.16873458203155,3.65436263686602,-0.587946281908914,1.4753107606247,3.00789282938333,3.67360587593389,2.20093872459463,2.2326905083338,2.454267066387
0.958902558739756,0.182586473135484,2.14660165000101,2.18305180285685,-0.146496310309396,0.072351641047829,-0.593924442719351,0.544545466284966,2.52884533242308,0.147610147223014
0.444046775702658,1.17797536322332,0.324584402842915,0.634214603794311,2.81864466641115,0.0368549393257915,2.07637094487198,-0.0940443632723795,2.50378551036805,2.50241495084138
0.21805243671834,1.78913058500852,0.959953320270023,1.52130821302911,-0.330770870671224,0.536355370331915,0.852653420211083,0.698659094313531,2.14695284178043,1.23885903845639
1.45725549296007,1.99871349646996,2.58132112440667,2.99066184937443,3.56705283785121,1.09172982356102,2.90179286823145,0.377649870107069,1.72064840871553,0.73509974570732
3.67891121911557,2.87633189280325,2.26035108092193,3.37773857702882,2.6959800399669,2.900306885929,3.68167401950186,3.40858541046992,3.42517352900679,1.16842267035287
1.36060493676578,2.34136005497778,1.72507685051272,1.39444515387741,0.0847163690290185,2.13106735827524,0.614844898954155,4.08815437302733,2.22704186755237,1.81468062305692
0.990309914568665,0.809568694171057,0.303485262248984,0.829831853637763,0.77871909312545,-1.29561193332197,0.967812127491666,-2.16745849467111,0.420675139693635,2.40558024200789
1.10941367365735,1.67405787436211,2.08859760570418,0.906752707114276,3.34429177975992,0.666659044659673,0.356579719293084,1.08804546292508,0.832526735832112,0.935504445545841
2.77745447009094,0.346950399496702,3.03834483086741,2.74725334765373,2.54879713960601,3.73891895577321,4.43593842537633,3.51534953692401,0.233800208165554,0.702746387671374
2.06389713053209,-0.150958217323761,0.16622656630669,1.92705684353531,0.443506698286278,2.94263596505799,1.74248969517503,1.75211089461005,0.692450571534062,0.393226263332787
1.63743869067856,5.00199549562726,1.65950856746408,1.03514824232058,0.2120767547633,2.33757174318488,2.72459772031038,2.77860493811502,1.52617048593517,2.1319446829476
-0.0182700085391657,1.86546809718851,0.504422606604201,1.30392094254112,0.357829288542612,-0.884647565181762,-0.130384432605031,-0.203206829084658,-0.393845846585769,0.0120019982980826
0.917487181838664,0.817486784516712,2.05999769794283,0.62816020829233,2.08073396592049,1.72012206691721,0.810298338924184,-0.805983701726916,1.0120637596356,1.1278548258455
2.00513153946578,2.09460056934048,2.60448783242035,1.47092871577865,1.0618086895808,3.50813857809283,1.86977444522143,3.5017032560146,-0.0205270899034273,2.18364583981703
3.01364215130108,2.43671724264996,3.90819059426852,1.05923550135919,0.998437581662524,1.67466584110776,1.76984869964105,0.619625146240827,4.41113552933923,1.91609922071808
2.53830299607405,0.516326105006231,2.62115868756328,0.803454536373877,1.05883003562351,1.26869608492555,1.61993208585962,3.37734439983323,1.65347931735547,1.4404016392767
2.27905066183955,3.37582996139475,0.331345907960857,3.82865326366025,0.294562427068164,1.99024791692548,3.37978009891594,2.38338057699303,2.66918212294924,1.59726822613918
1.48664433188232,1.71240293785194,1.75445450597534,1.57764038747478,1.91924192030728,2.63830426284698,3.08114189008941,1.56695352373166,1.31356302737895,2.84065660698869
1.939207528007,2.56315601157884,1.35835762621734,3.83448367820959,3.3768011387402,3.21018974443596,2.07780001069418,1.48650311062285,2.99381840552845,1.61105951496164
2.80371695380671,2.16610016259184,3.54730886526926,3.11401169175372,5.26571153770545,2.89020084045085,1.73433057437852,1.37361685620204,1.3021834940651,3.42412569418653
0.993290857139651,0.7287211718736,1.82850355891199,2.51570975497988,2.87222522730162,2.57895711375227,3.46497516651103,3.22522310660006,2.05022381065983,1.07330470078916
-0.911331768027134,-1.78625096733692,0.531582049079079,-2.1539238436429,0.569244455580493,0.628600085200059,0.228239809594611,0.413890031863242,0.250258549362475,-0.660345795595944
1.88732414132717,2.11804207491524,2.43142845461277,1.5412860920797,4.77877022373236,0.660553782819843,2.40610845762144,0.0817746166902715,1.79789695451028,2.22037116209712
2.5708144164062,3.63487630273465,2.17707111743111,2.40277780816275,4.05018619346515,2.43057159376908,4.63424818313666,1.4473896128794,3.10736112687287,2.51528423925107
1.36849159591591,-0.158795070270343,1.70690400366196,0.714714468542804,1.83077864806671,-0.194983306020656,0.11345480543321,1.53864600457746,1.2305058144245,-0.177131696512837
1.97168728204878,2.00271729141708,0.88870596280502,1.7762923436426,0.532884057071833,1.32648614186864,1.08013396883754,1.49461055656446,1.02359440400126,2.64588114877547
1.70742707426675,1.29678365663649,2.54709017427956,1.90570062307947,2.77363217878791,3.91312891594414,3.08652324950917,2.64631040978988,2.37750601384433,0.528207612140646
1.56849591065786,1.88480952206612,1.9034479986518,1.97094504965847,4.14609545737902,2.92432741194106,1.74480479660536,3.49858865638777,2.95828907174512,3.75735059262142
0.201489186139203,0.732884632250655,0.881659929395773,-0.388204806598695,0.570633657757503,-2.14812836718041,-0.302337157187981,-0.491889153289045,-0.111831681821675,0.413072698512916
-2.37283414504318,-1.0873687768911,2.02676914491942,0.0392420773659779,-0.260373423314238,-1.08279185329177,1.20156635202425,-2.03537342283512,1.52390719769914,-0.102745350665136
-0.283632805357128,1.31173891366492,0.506667596805864,2.13873851661951,1.18367347784114,1.9122080946805,1.90145563670136,-0.344369592095216,1.44519484530239,2.25283885586236
1.55416883150795,1.37578303975318,2.95151220934351,-0.653569992688559,-0.134423825944259,0.990721041071033,0.664627472635584,0.767352542350913,0.742273319807516,0.493258515679358
1.77802431738297,-0.801735530295211,0.325510755849507,1.92679263975857,2.35636549796398,0.371602385872918,-0.371930246357299,1.15493422103686,1.84117877098657,0.0736360431405173
2.09785292527072,1.69508155645681,-0.221032367031712,2.68369873439648,1.52604449672259,3.9768738195106,2.86462603421899,1.93748206300546,-0.00562202270097334,2.35982643983231
3.86510613500372,2.19441472407228,3.0655082861609,1.47971166142488,0.591145211292771,1.10373703677478,3.5048475023915,3.56329406865374,1.86837076558306,1.2640251749786
0.320726022312365,-0.545935852635306,-0.319967937559574,-0.900650767540187,0.578518475595169,-0.143440517128826,-0.609515568203372,-1.04975317645627,-1.34079314844672,1.27049490582755
-0.828292504064615,-0.912113772349569,1.52602996279339,2.94369554879462,2.60371897699966,1.0023607668019,-1.72945188570491,0.775041236129542,0.54193645100287,2.03186821541565
1.58595727539896,1.75801004024778,0.671920848831798,1.59537848264382,2.22120017488821,2.0676148255403,1.68460609246954,2.49972625217659,2.02219090013784,0.294636257632906
0.857395299711771,2.41250700484013,2.96008868581943,1.35153272228123,2.1390135883549,0.954145465245701,1.83148003852478,3.22812600350626,2.27435634641263,3.46001932813904
1.38357029598183,1.8458595653851,2.16627200059145,3.55725210236949,1.35134164502593,2.11431781616936,0.410729232581702,2.69606810138618,1.29073570631715,-0.222913135973653
1.09485093289187,-0.680973389236786,-0.17182964037143,-1.54012495018482,0.633278097349252,-0.0189385028226347,0.325282615451687,-2.01841556487154,1.42053523533712,0.405984702151382
-0.258471912149306,0.887332329525986,4.22004516386609,2.3257868432491,2.38494779141927,-0.0213782211207358,2.29934528681148,0.665436897300974,1.24143990908822,0.334489301769681
-0.36261261811892,1.70190871525041,1.9766249040605,0.750368190972186,2.15163042707414,1.68302316879332,1.01194578882786,2.49752832863206,1.52488273293391,-0.397207454035745
2.4117962382951,2.2608601416402,2.55675842664842,2.20339422127765,2.15575497921869,3.35652171923064,0.152649668922864,2.18187425950939,0.567332424450174,0.627528754857949
0.959273497625926,0.466707553457536,-0.430645814809079,-0.121425843310895,1.30956779769592,0.391240360787315,-0.0128345255871503,0.898057254170908,1.89108084416654,1.17220960059484
-0.844674775728642,-0.410514923169782,0.276389376134409,-0.939859573318918,-1.48928981860065,0.602040370821714,1.81413428548441,-0.50372811204665,1.10724088693831,0.527256306988318
0.796530158181789,1.10566192355358,1.0132323059467,0.594100921212127,0.573236028162394,-0.71217735268223,1.13209035780117,1.35218836719584,2.10520996654789,1.29844323665742
1.12935603121584,-1.06978314354929,-1.5616097365765,-0.811825293265585,-0.314324899958139,1.27893400276806,1.12689341574016,1.32127900237196,-0.834178537071889,-1.05515648728967
3.30722826671844,4.15512590425379,2.55282104733659,4.5276979262326,4.31888787227959,3.39680819052201,1.81419505217102,4.2672626626493,1.20898808655769,1.79399484633127
0.672369794955371,1.06759646520263,0.605994396002447,0.093488075687356,1.79684415672676,2.82956775989321,-1.62954556002146,0.353490874549245,1.17946089104924,2.4641404103006
0.986920768999049,2.57817950013442,2.40772872852506,3.21673359595982,2.43056121654581,2.45674115628273,2.29468669715457,2.0723680361825,1.69955902571832,2.0549297248666
1.76594725793566,0.934391294550658,0.551138156944816,0.831450996343092,2.18564271136633,0.413639756418983,0.00739698930226185,2.60130615170847,1.32725549932769,0.716396695410148
2.36867103600747,2.86648713247063,0.329961794778365,1.11428909107445,1.33343025313566,3.28120273666101,3.34750866593243,3.14879643298078,1.18228551929323,2.86507279058607
0.123414848717587,1.85250678261111,0.0700575444070813,0.53497555091188,2.07313152431801,0.57806405209621,0.626296359323447,-0.107473675894042,-0.235765116007097,1.86155228803861
-0.389305733893115,0.556041612596524,-0.100557695746721,1.84398049644119,-0.708080404125225,-0.386563798052004,-0.552263583189756,0.294636726958091,0.362434970166814,1.45347143758569
2.02461450260069,1.53787026583539,0.816690517192593,0.0468139599290217,0.10961293416929,0.775744123679898,1.07126186966635,-0.49982072174777,1.77255758141032,1.76523994111092
-0.737975940833943,1.15544566297119,1.34307693513183,-1.60666485336496,-0.455428978428352,0.410488483194056,0.0850160849882136,0.242323498455017,1.4677320205134,-0.264290667193065
2.16082504914433,0.965456059452816,0.477490568334949,0.984677012106159,0.761323948660419,-0.550137448317374,0.563946720498606,-0.551696671871634,1.90034349998228,1.23295069078458
2.12866960638047,1.3785142671166,1.85220389736424,2.01575789915293,2.64105260943219,0.915588260313993,2.31724824067876,1.62954305947711,1.65316557263746,2.85803985267251
1.49050197658786,2.27913679787922,2.36379517707892,0.949122151370972,1.68992653482763,2.65280184408121,2.50793421311847,1.51397786408083,-0.0720880056808602,2.14488434436389
0.698370572774001,1.27513826268617,0.9370370466188,1.2429458818637,0.575343984347037,-0.25918183480962,0.270980563019763,-0.168165138547063,2.18315974477339,2.19323497920241
-0.462846174128759,0.323822296681435,1.00802813730383,1.00405010792938,0.375549195623939,0.67154120202913,-1.43064561431683,1.72719399786691,0.0984913772017056,0.294160756430282
0.862586146699748,2.7931927144163,1.16343173930294,3.01127747709211,2.26685458858981,2.47466333343474,2.07032647789247,1.81636326420681,1.50796610446747,2.06098738929947
1.04914001529183,3.08522760178029,2.06890686325029,2.02682258299896,0.103637811353071,2.93769126818408,2.48566545852991,2.13446652834122,1.31878121273625,2.5756362851622
2.80466592249183,4.64101976700836,1.26199472066946,3.19051813174638,4.07143371693427,2.72206657748508,3.50957085413219,3.17734495780498,2.530604092737,3.07723617227658
0.71172206000158,1.55291119759214,1.02667096172342,1.73547904281493,0.557262671000563,0.812054396188319,1.4253483112035,2.16776403691816,1.75705812813942,1.15514670322287
-0.083735755457103,2.92751875571642,0.623536024620778,0.369927156464902,0.658443105187766,0.245583139427903,0.98435322838742,0.312309393639037,-1.25775591579021,0.720231395958719
2.97791364602208,3.48060120893394,2.15638944758493,4.06105570947698,3.30779083103511,2.2564427727858,1.49917887728186,1.88946690840322,4.34719984507521,1.97126909059043
2.69968030901913,5.00458070129162,1.66468531516471,3.2428776719247,2.9661600089962,1.89163829294836,3.95689565239957,3.09601098574033,4.20259250091783,2.09282876529841
1.51951192849659,1.74194262574931,1.92882150042488,1.30566871155083,0.647747266818425,1.08405147211985,1.33668022011147,-0.396364149337435,1.06178416378273,0.510374066916487
3.01978152249978,3.68918420823527,4.35967456535386,1.84350481017222,1.21046561043221,2.15619615857937,3.43278378789635,3.77174935662811,3.05861142190875,4.09643450180562
1.85012617795818,1.18911870692263,0.402431424342503,-0.963834924705441,1.1582210107923,0.731668770684256,1.24400143560956,0.595096648127913,-0.448142695144543,2.08277998040078
0.453626008088285,0.842371176445039,1.97120484384116,1.69261062439071,-0.064620534006391,2.29204651251695,-0.238108307714614,2.31221668265289,2.85485031110693,1.48633536232097
0.927631899299615,2.21733614865801,3.30980282176227,2.50215872977273,3.09360775896881,0.883889774341089,3.0142261077382,0.918857104987931,1.98065277797777,2.41374132082019
1.0650435478232,0.0606261149313466,0.80885723556232,-0.116534290282172,0.74220249358659,0.991127887510194,0.92705114780249,1.88873452488466,0.934111326756889,1.3702763747388
1.40507150482685,2.59696796933977,0.595247142112598,2.35001897211554,2.07081748152168,1.44170443394048,1.30190653479191,1.2773549935167,1.59122353994945,2.24672694535821
-0.28785556600736,-0.0152249685637067,0.912798828306033,2.90037941944872,0.202938360990693,-0.325294680770299,0.701148896597994,2.7013984994711,0.525233585746177,1.07287029090846
1.29495350310744,2.2258601238137,2.11733574624958,3.8945908784361,3.51018888296876,3.35020791550671,3.23080236423934,1.04054441836941,1.25067700276166,2.47109888683078
1.71798875071671,2.16498555204296,1.47609746460148,-0.249449786289191,-0.0463585636513444,1.81669115574046,1.67665553508247,4.25938736793672,2.41523502252634,1.26933455001347
1.0996196737032,1.45812643203453,3.31424485205109,1.18194056709899,2.01876381679423,1.08597150901028,-0.180859532916631,2.64414024835493,2.95940877055621,3.40829070724231
1.78631763590227,1.22682834026843,2.36185216644617,3.97686476747097,0.288149922683536,1.98376825126548,0.560479647948599,-0.112730436137505,0.476877821543399,1.21284521041419
2.83527515739827,-0.269787977738267,0.397819263275394,0.41414805580567,1.51553339287531,1.308017921119,2.02946883799982,1.186455752019,1.61281004179678,-0.409081328083641
3.23400800836816,4.88851882070603,3.79135597479258,2.5866318827253,2.42161740633841,3.98670016279578,2.90288185247592,2.07674489833475,3.36098744149006,3.46909021645675
2.97381380514387,2.71889343482495,2.34920352714387,3.15356665811245,2.37865153745615,3.30438802738784,3.70130856084176,2.78721398891804,0.78667573473357,2.50745450018991
4.64912248710879,2.17347741641976,3.70571071637887,2.50214974427177,1.4738906698793,1.66074658233058,1.83386569648117,3.10500141227058,3.08814786500411,3.39314350648745
3.97010477972844,2.4030593239398,1.8249371200496,0.356820758867694,2.5078715092359,1.67677962560272,2.60123569585108,2.97678259517335,3.36515305733165,1.85133487454192
3.73995045103343,3.24916358408693,2.24133656501715,1.13875488392548,1.93909619963868,3.69815843647045,2.94516695552527,5.69756814914739,1.51189196041225,2.7975405189049
0.741353617364816,-0.281777115274921,0.919774230731007,0.256458899738818,1.17635620977254,0.932439197116555,1.10034381058436,1.79740697029439,-0.432874200648297,1.91941962864885
2.3368473303053,4.32689616430365,2.00696313134503,4.05199668857956,2.8197772085845,4.22662351814848,2.68908633820871,1.37564206717933,3.37342224966606,3.44608186583457
2.36906427432327,1.83189759555393,2.42794785628363,1.92005314188033,-1.05809864721707,0.459458560017518,1.41174174675615,0.267941227731277,1.64608957266064,0.821497574984019
2.02680192721462,0.280069937286702,0.688533985145347,2.58993722288744,3.71912583819185,0.241954493941933,3.30488341790984,1.43767174209892,2.36061491186727,1.54629300514986
-1.05588409619161,-1.33742910315275,-0.708870550135169,0.709698801606169,0.433371695504883,0.614060257151151,-1.30484841635771,-1.52664866000206,0.735307816191701,-0.841900283509372
-1.20013353969395,-0.849743574026452,0.689066715703024,-1.14713280308674,0.784059601124014,0.561719472064136,-0.448150644768221,1.60597511319411,0.533252908280522,-1.60428546053386
-0.118001510265467,-0.29114486102371,3.20774110063621,2.34020169512622,1.29406118438334,2.27814618412356,1.73218343706596,-0.64504613549994,1.11302407865568,1.59784837175055
0.642382119562549,-0.186025050671611,0.737248100711217,0.364474778823099,2.00835485300385,1.33270958637302,-0.679939632649686,2.01830773540217,2.71890489586534,-0.121748832288213
3.25510219738021,1.12233432683777,0.698916095473595,1.60409545351606,2.96760292802501,2.30209133367802,4.10855497712785,2.25495234097943,0.184551298963561,2.39280893427286
3.99145502496938,1.18880379801336,3.95569573458935,3.94566104131381,1.20122357281703,0.355718533580671,-0.576769619908071,2.97520951412705,1.67513113787785,0.459134043339726
-0.156034066757043,-0.779271645095119,2.93881945419428,2.06626254325229,2.00168800944477,1.7009798369081,0.420112108027161,0.978530991847676,4.27580656309789,0.996752937751943
0.69214353681676,1.42285535091773,1.36411390451104,0.46405474992402,0.53409910918867,0.503940991459638,0.649764377597799,-0.0606462197702393,1.3411691983388,1.63434116270511
1.79608761910649,2.43256212343046,3.52372832428971,1.89092743016461,2.89290602263664,2.93196174566639,3.34835740946746,2.77444399589018,4.17566830663918,2.41000301317736
-0.440576853770343,1.32362562514506,2.00896712007057,1.86661687140181,1.25075931342223,3.15859253405567,0.618037473567431,4.29991398552182,1.68952037677295,3.38906734150838
0.646324035748518,1.14702334493024,1.27103005452082,1.59077208404585,4.0476185437722,0.796520967161416,2.37377011738333,1.6467249033623,2.21326239159179,3.21732633089383
1.56678854498806,1.91462442763594,0.684997092403543,0.754047469066145,2.86865378169868,1.68592439149974,-0.19325448173407,1.89125039253497,0.55921222117614,1.17829217819224
2.32626748530249,1.14009383692293,1.63660748461972,3.04141907357035,1.37382397183764,2.66620533441174,0.128829804667258,3.11326834553738,1.83497595913884,2.8654028810859
1.80369615950376,1.31342338175713,0.88508910713548,0.0902768347946646,1.89047709398078,0.687699364944503,-0.392661091493109,0.691069750408199,0.15494610414815,0.0678370842060571
1.50954704684167,0.273146208518234,-0.00385001111351491,-0.246763431867037,0.253751881544597,1.82724982386941,-1.09359805395941,0.560579977071499,0.0209519072433285,1.50838073962389
-0.169427598725812,1.02818470391196,2.37238980012946,1.80860914603307,-0.130858151758054,0.131846714117703,1.67676577091702,0.737117858411517,2.39406877759772,0.906882830906853
-0.481047864083155,-0.945458442240661,-0.11944549053253,-0.836727966520134,-0.678202665454465,1.95172980578674,-2.7172039870768,-0.0901053321333644,-1.90893118487164,0.749195452087215
1.75128713035278,2.49056684228946,0.759848433859281,0.649264863542948,1.35353053337815,1.21529684147832,0.928620799337512,-0.194309144613764,1.58994103475835,2.1003756232361
-0.663834690963211,-2.73042842919285,0.749185945859419,0.974957031643968,0.942206554646383,0.743894904256027,1.46418170536225,0.0661446516379043,-1.52837121713952,-0.00186620394238918
0.576122660156932,1.95643140698505,-0.0605468419354118,1.23312382147239,-0.898291935702116,-0.28532534072612,1.7195405766404,-0.107138276495704,-0.281206592396062,0.0665895386304
4.46269345316926,2.39347588431513,4.42731664698044,3.40829132088313,3.46742277716874,3.52541381294816,2.08268098480331,2.84703491683504,3.16512678111764,3.1229625344035
-1.02753398542092,-0.504684423057008,-0.0970536210988694,0.829402478747127,-0.169255693067882,0.220255859453689,0.346567704650969,-1.27297079981733,-0.682848180142776,0.705980081968509
2.86603859664875,2.32186869427247,0.805048525162119,2.40154093970263,1.44410445513387,2.5860828536684,1.89152288745713,2.06936883959277,0.878231720720539,2.70150316953664
0.554302190292176,-1.43775970674127,-0.844231854711786,-1.70581586656029,0.383405719098557,-0.545067205735278,1.18190508514306,1.29573262258864,0.250831044720928,0.436965427420448
2.56557490031056,0.195990068784993,1.46037417546989,3.56290412373763,3.64178618527919,1.22641615989869,2.691876314732,1.37437082453095,2.39433697503516,2.51491726139662
2.06183039947009,1.00255906595725,1.12184462229895,2.03503437162141,1.10010286074346,-0.62823528015714,2.22855927680381,2.18214224936479,0.381192170039732,1.0764847840358
0.974598621745373,3.14802565924289,0.629176260569184,-1.84522501994468,-0.888258183965811,1.72089309226505,-0.0939210129400743,-0.828071163067662,-1.04243555592561,1.5100609041618
1.99442854873286,0.971834067597872,1.46424127836255,1.96621185086759,2.85479463896824,2.84184475871246,2.20092753775466,2.14568293827458,4.37069912904049,2.00076739982563
3.27146773272845,3.14020532098324,-0.147298118841059,2.60469032290921,1.14223994931996,2.4727872546827,2.00394742762229,1.1832830087443,3.24620097905183,0.0659472237793191
1.34852790167118,1.35745336333463,0.924340848425848,2.73161641860893,1.06304953501127,3.37719122375104,0.557732562531087,1.85978644348909,1.35982000120934,1.66353228901421
1.00847935733934,1.50417470114608,0.0539840438021186,0.598189206939673,4.04153679692347,1.10310469445239,0.498167517423618,1.56148436387587,2.17574572165702,0.331710416897649
1.79852770917885,1.87720557074539,0.0558717967737969,0.803496879406368,1.57736244433166,2.71132666236952,3.78290246632693,1.61793951653902,2.00693100456895,1.86273485062193
-1.18231661974425,-0.0272173858194018,2.75760234439854,1.17042272190186,0.362725366769096,0.234278509955744,0.788676434057847,2.53084763369244,0.965534800529915,1.21179244112886
2.72724545742785,0.781269923623439,2.18179999560437,1.9752007866608,2.8574626400589,3.73695682931968,3.05868017451822,3.37205194879432,2.82085977503625,2.52917541645146
3.17646086854338,2.59244120691823,0.708293506393689,0.955054622126575,2.27674164267354,1.61314218078334,1.81132552542888,0.53682117457912,2.03640317426029,2.1842099547089
1.20247190862243,2.02703242599715,3.03861565484797,1.98179679037342,3.2568383763743,2.83240119605087,2.23663886668832,2.23614441522803,2.32651991927246,3.1090233029413
-0.438748184672516,0.674482328235111,-0.106981823132119,-1.13455124059851,-0.316540633289439,0.519524782657694,-2.99821696733885,-0.0931993940005909,-0.761499023434565,-1.32118898391541
1.34753213298697,0.116066464325144,-0.638894108261766,0.834544080385802,1.53031086867144,0.652548115717885,2.11013525482204,1.73653236481922,-0.898450184907081,-1.03885120151282
-0.174117714082616,1.20488403354622,2.76647361807295,2.04118932142513,1.99396927997096,0.96235712825295,0.374253852836926,0.236078107672553,0.598633845747253,0.670841214088589
-0.0986901176532944,0.106685340986259,2.16298095467847,2.94994820425221,1.60016253798556,1.85326798143022,0.601510238846875,1.22171296127458,1.48251775553186,1.94382814927809
1.35827314486705,2.45904411083407,2.22428936965133,3.29809431823051,2.10010368930375,2.2201991050122,0.895689268401275,2.96362602252779,1.64399665357877,2.50404993949268
0.961884203144422,0.0751888558074695,0.693083770724324,1.36672326356432,-0.00198933716087256,0.0908968002250065,0.650456399195235,0.282783113996479,0.00127203374555432,0.506864762072081
1.10108606288034,0.300159326048945,1.92548638975725,1.15378085075223,3.00214818907749,1.21335228518319,1.10199356709969,-0.843208961397492,0.746745914097609,1.20318639426196
3.16324220970679,2.24725533653656,2.69699293676148,1.72982778706888,2.81033927938102,2.24466235837682,0.989935164602549,1.07350694698715,4.03520446249198,2.92778339939637
2.44519420957709,3.50757985760484,2.28113501156786,2.64545851832228,4.84114493645118,4.11460701831833,3.43963416797992,2.70651893072215,2.41715883636227,2.20469512906305
-1.6576671549039,-0.456673218077572,-0.427964440850751,-0.523826925627186,-1.5663929703055,-0.867426634296679,-0.396258563013151,0.824027869963695,-0.200734500823728,-0.484299953404729
-0.360419558791754,1.45135727709218,0.328287895771994,0.518494805973151,-0.625913537259608,3.04198244857405,0.301948386668551,2.68262812378181,1.10045548218295,1.11984524770753
0.857120972774345,-2.0144132099678,0.0767072038974804,-0.66464910163994,0.956479069904518,-1.24253822830544,1.76831195704721,0.932003308120627,1.58962855371896,0.0974013007745983
3.24741822406906,1.82760031711969,3.30724697651121,1.37905986177605,4.5878393319075,2.60649411187127,1.88211584876737,1.54598877025089,1.35734427991346,2.11406903693738
3.30819403356784,2.37382808489474,2.82272235513583,1.86940416932221,0.942305472586928,2.22904225796757,0.723791592406942,2.55480190027479,1.40174594134247,1.55482600839661
2.01066898404059,-0.243937020158499,2.85091668827389,3.02598566535949,3.03439439885283,1.4525459959674,2.18702568831452,1.08886355477112,1.70791040564832,1.82215989212121
1.25640309783301,2.13335956814455,2.53072450567649,3.34013203411912,3.47592250385486,2.04786047281039,2.79070728326211,0.94849311164828,2.91934293018699,2.95570557381283
0.812589470509797,1.64203610035793,1.26632512989126,1.87790193885909,0.699920992687011,1.32585495194018,1.73505833413452,0.450711225481584,2.10535782133824,-0.769263325778046
-0.757140475616842,0.724533078438221,1.31937323016914,1.58590975164967,2.26828298674868,0.860146984796298,1.64714112711402,0.226016272929191,1.80712744477512,2.45264231409272
2.71921258762988,1.94240338932739,0.24268558986764,0.474000079890566,2.63884661282699,0.687693536185531,1.2599522789924,1.64354129954048,0.320752930194434,1.2256918893927
1.33447538310202,-0.558281832611942,1.1683441128828,-0.308908510797113,1.48581468401973,1.11077901647268,2.63557849977717,0.249182829958237,2.31762198625738,-0.302291212204742
2.98608754863336,0.71659029144141,1.27104740046122,3.75393386007504,1.36081100981175,2.06463474272561,2.02484659767479,2.09365259012443,2.0180418792152,2.03304899626868
1.14311887083184,0.482299656068336,1.90306915015746,2.2324776996502,1.62089265773183,0.978347450652467,1.92553952588692,1.58254002681563,-0.239875625255632,0.649360131226178
2.83398294946882,2.73067612283545,2.10720879531386,1.06233371742122,1.32290101555786,1.1440112528036,0.56037944825967,1.29899197102254,3.68311612443342,2.34576411631747
2.20968300212059,1.70325749725332,3.13048064979427,2.28484614732433,-0.345268739133217,0.462437075123417,1.48949981366181,-0.299966949799918,0.813293666014272,-0.195644219623841
2.42788305121192,2.2734380161386,1.11318025213273,0.371739672807394,1.59231845117366,2.54738162849638,3.1943636382108,1.697317436362,1.69918169669157,3.42180138585869
3.49990616930795,2.51521294956243,3.50277902003407,2.92163802618001,2.68982894312422,3.36935451079115,2.70855025377595,1.67495068284436,2.06074110460014,3.95217614743685
1.4045911473239,1.45222462862685,1.38613050890919,1.73428200331893,2.29918135536367,2.42347169471969,1.43915899853236,2.4010591803345,1.31288344479342,0.737239458482568
2.85397738587587,3.8356656187117,2.92677501999456,1.98021385341402,3.52266867371781,2.26588646854095,1.41876164523283,2.05756801440919,0.330074123030981,1.57215742013471
0.384476424433204,3.40516639837795,-0.32978794461667,3.73557700867014,1.70311091993264,0.111407326152378,-0.310223470043095,1.89159977023876,1.83749596445375,1.72555764985983
0.18758698780185,3.17201044089127,0.0201906849929349,-0.801006122843825,1.21131855206245,1.71935758505602,1.74373999886083,0.2560755249377,0.875969585048041,-0.878316673269931
0.738405260057565,0.150806922962794,2.24024473719706,0.12657018713766,0.852668254589249,0.414914026813749,1.9825367094543,1.39399667779787,-0.315667625350314,1.90305908883685
0.629031523129045,0.340751285773913,2.84026544791985,0.387339704159454,1.38379477599243,2.64323592263829,3.11287823164703,1.56544516964524,2.02849381375247,2.58298352071127
0.312677436257287,2.20202630797161,0.410857797427328,0.861725428096268,0.787691816944157,2.33602225521688,1.25975309198318,1.63507774812814,2.13436765452559,-0.303856735724758
0.458537864372903,-0.227327816942365,-0.584126354762921,1.16439968190974,0.310272754777926,-0.353428299926997,-1.74431496344038,0.139993801687745,0.373338935471172,0.850264924991925
1.28990466901412,0.908458844896781,1.03103292261016,0.501670326367092,-0.178350377705341,0.463312688624686,1.32541576131213,0.578850970040066,2.69315236201035,2.2762093145597
1.95962027960399,0.286434341965757,0.405332698249224,1.0584750326543,1.07299495718629,1.75557243341932,-1.13240489508322,2.23147885300941,0.907836758608185,1.89866952215044
-0.8560996663428,0.399723193846726,2.53091705183768,1.29744915507571,2.17903396339152,1.58090720319023,0.871097570614202,1.39511766697053,1.75260322658125,2.68529453300084
3.21276681057464,2.09301758031054,-0.691906369435366,1.63546586351195,0.505596671428537,2.69018286860647,1.75278549944936,-0.900565513084085,3.02862696120202,1.57608110704285
3.78365207851103,2.16923283913131,3.85903303586894,1.75040895183698,1.41793144159323,2.45792524728373,3.08402478958986,4.08095899163557,2.71550235804218,3.51828202574623
0.552599458813523,2.33989817587665,1.71587487528425,0.477573657276617,0.593049627198655,-0.510420000828815,1.16524053669691,1.31170398204844,1.82836017902762,1.61704685736469
2.418883744456,3.05144712680799,2.88632567008326,2.88247240937528,2.87126578810312,2.12735303344067,1.69867357755894,2.22971600181085,2.47283158981003,2.10744018369822
-1.72532328285518,0.192023068033803,-1.04322110750833,-0.718720513739331,-1.74589458002084,0.226623111615303,0.273958122800947,-1.12282023662914,-2.03142001315463,-0.44256404973236
2.44791562643488,0.482350032576567,0.45198880268197,0.779146202497458,2.3199064784407,2.87751668795539,1.70011550502729,2.41678835728969,2.88864685657929,1.73828343034944
4.74456502192093,2.46440771040498,1.39382602621637,2.65770986708909,4.68305535262699,1.46212339422892,1.42493172426352,2.38896358947493,2.56793319852997,2.85585965430628
-1.14500827706349,-1.03353623760464,0.805680376120858,-1.96067618281407,0.398721366628079,-1.14419297353264,-0.0400792912547938,-1.34051966246205,-1.29381377628066,-2.79681467789989
1.11511052770739,0.581784110741119,1.58391309999731,0.0818125039137173,1.14956011207366,0.286120196497092,2.57692790713244,1.04951641708422,1.45380081649899,1.19657146278936
2.44510108814725,2.82214126547218,1.79290863519442,3.32376476080969,2.91247900307954,4.13629304158248,3.34997820571018,2.59949888918067,2.78290126995817,4.6552641013456
2.48938972972461,1.03515079969754,3.53429032020685,1.87521587922124,2.12413522759368,3.51722689460055,-0.0326508862093138,3.2217343024631,2.85922756035196,2.02352176349595
1.30069861113423,0.880229516735842,-0.856967401728872,1.90199052268819,1.39787431247299,2.08705987433985,2.56674279770948,0.053797956476373,0.350453873280438,0.177132005223924
1.7723038211657,0.0606987568148352,1.42946040591503,2.31734196046095,2.31002399141194,-0.00678465577014964,0.601579769547109,1.8281543067669,0.370211854448329,-0.292231066315608
1.30310895182742,0.592928488878835,1.67607348763715,0.921521075014869,-1.52752557304726,1.51259244143315,0.0492831332079369,1.8715825468413,0.87538947888466,1.47645004833944
1.43968653866132,3.5061033068681,1.85100421465949,4.19023475492243,3.86936268596026,2.07419002322094,2.19802696979217,1.93740691059037,2.88642859854224,2.94047852462289
0.988239837863706,1.83792281959664,1.73490190301295,2.08736114026469,2.10630750649363,2.82283620664093,1.72332773548522,2.54505328399349,2.36570411242497,3.25854610818822
1.80451369910373,1.58533596037547,1.78135592349,2.89878699385771,1.97477335772347,2.25670484495412,1.86431610720967,1.98730613431333,1.7674271503953,3.61359349985666
0.538741516821587,-0.0633598835274545,1.05598729754253,2.49304825518594,0.948747029876488,0.957006623252556,1.34598249255363,0.401940198076267,0.150276872381947,0.750419733385993
-1.55241594921572,-1.00420586649568,-0.535383440414094,0.62544533639152,0.43968306605711,-0.940514993097293,-0.681772708645133,-1.02626213323702,-0.375492990095421,-1.2945685248055
2.0437747760323,1.96966835952085,2.27268879670732,-0.4712755417655,0.748868503340204,3.42736167357251,1.20515546062362,1.87316633544349,0.452505941929337,1.23237536626735
0.788207448101717,2.76018406102846,1.18398130507192,-0.45584435667158,1.14876913229848,0.891539015784313,1.63139891798893,-1.62878358861713,1.43768113711202,-0.508926890513735
0.796499005623857,2.05434990726313,-0.395295672635263,2.50834675142175,2.38100245048864,0.772729738498708,1.57277613291312,0.293871323757235,1.13276078094447,3.66552811531497
0.00874593062452359,0.798635907122602,-0.270613015386438,0.849094134139432,0.201854896009893,-0.707504381322347,-0.84934772147596,-0.84265453757282,-0.0618037278609817,0.804349919199723
1.30248087180832,-0.1423028605846,0.0413211329453314,1.49014877688447,1.23901601227337,2.01306413100188,-0.100052013814664,-0.655619923561935,0.620923124003419,2.31410494362888
-0.328579609331535,0.405001331209601,-0.291866126143924,0.124295170498599,2.03560224167749,1.9556664883825,0.908228744980261,-0.699707020644515,-2.24481057495175,-0.140750908960094
2.03768784384843,1.31056898593182,-0.735912824500612,1.34247356545765,0.657809316438839,0.669150831420604,0.997985346009222,-0.204869749911741,1.23552256307061,1.10879281344545
2.05798021802343,0.319968371675574,1.03578089346886,0.713234806044138,2.49281044372294,2.15483344727425,1.39593003306048,0.620734791637583,2.39077873673961,1.04588290862962
2.83731938414377,2.08792644373612,3.0385552073006,4.20496485169116,2.37138951020843,2.19669176363467,2.73237121840647,3.07867301828402,2.17675522786975,2.78137465821339
0.663539166922943,1.42422089003424,0.959478701170404,-0.476966395570918,1.28434348741653,-0.82861000987516,1.85060556161069,-0.839109283891183,0.514081683155436,2.24056359910714
4.96660617781384,2.29726845834405,3.76751421881639,2.16242645605453,4.62328464190866,2.52201493757383,1.68353465960499,3.50921780242669,3.32673785245918,2.80239669918589
2.4916462190986,1.93267228802788,2.66391042019327,2.20970160106214,2.6029961025068,1.60010252017847,1.50333171538781,1.95107624911615,1.72637250034907,1.9840806542535
2.88289454918037,3.17069046066912,2.26214451876237,2.15179719949276,2.64113338493309,0.370076869769306,0.661616795564371,1.21363816386107,1.06261870276695,1.45269351177829
1.6071932897985,0.7387194166233,1.27551607817435,1.06743967644858,1.61456724919654,2.31472546833967,1.83127023173918,1.8244397909506,1.04523704652666,0.570380920123472
0.0913552210297022,0.522942024272122,2.57467909258106,2.2471651964827,1.27866363247173,3.36467327354944,0.885548786641646,1.770168853655,3.35005496868893,2.04404081389064
0.304892618420179,1.89799694485248,0.880273816759007,1.06771848970418,0.176954504106056,0.317841248353534,1.17070548655835,4.09283235442939,1.60857080795105,1.24439918393129
1.37900544220196,0.961267605226139,2.13457061136517,2.15761926833222,0.0517024543486666,0.875396661856552,2.70498298895344,2.07511757159026,1.87807082803032,-0.08700963518698
0.0156445367746959,1.1946447402496,2.29153776457229,1.28069257337959,-0.343022179875282,-0.137649729828188,-0.728330002608629,-0.503104150390227,1.59758798309116,-0.708646430280487
-0.0145728932661828,0.369629797861116,0.365981258215754,0.557610040430394,3.18115952241875,0.0121223480433482,1.85028854562897,1.56251840110074,2.05452574110848,0.325460042991324
0.230472773099104,1.17310091761505,2.73024322465355,2.81276717838294,1.7020892074737,3.85069832158406,2.16358983103545,2.69412267571046,1.2741632873037,1.418959928133
2.13190085190852,2.85073555213878,2.96182831730051,4.33899417120587,4.30731736163748,2.01000939021157,2.8880938748899,1.54430323461051,2.63742089229141,1.54152374613559
0.478733859700557,-0.618353970138453,-0.63101222089744,-0.649984036908018,0.473453156363215,0.0720337375319269,1.34369524144847,-1.37932690061073,-2.08846725000048,-0.947049555375486
1.70468761561738,0.346349916492259,0.0753400735196772,1.8191457463911,1.31091694157893,-0.14615663828558,0.291737046449616,-0.426584440222866,1.38156863319067,0.794591778784079
-0.221982688863591,-0.366411740854073,-1.47459918112982,0.114845132231423,-1.39640810430987,-0.939068173067844,1.43816058301765,0.159770753272898,0.747984927980043,0.618107247643678
0.922262489418869,0.0731178394770352,1.57902692898218,1.58619168516157,0.493725962983221,1.97457811587202,0.205296246725567,0.846503670315408,0.304407516526441,1.54751185797445
-0.507313481944907,0.521974269759594,-1.31971458343778,0.929598519669809,-0.137530142780836,-0.915226684866354,1.24239575189945,0.162724775767665,0.6291966078598,-1.35776738632246
1.20754268138245,2.85105783548883,1.55563865090153,2.98264268641886,2.7432811869364,1.39545384295747,1.36562637806628,2.22294802521108,2.44444989964129,0.630032156265855
1.01366601597979,0.861496260278059,0.576918020739366,-1.00748173371001,-1.41241342021381,-1.08001452518212,0.0707199392809603,-0.257251478519954,-2.04419701829017,0.10568291401204
4.00135838930481,3.04465996107591,3.20893302882054,3.91533631162373,4.15980221105368,1.75358923117624,1.9271471862276,2.26257975046059,2.89609743202636,1.52931788043726
2.38434595659714,3.50867833661723,1.36462456226701,2.56159234013703,2.27820655822781,0.572271142745275,1.32022378648061,3.7101889410448,2.47666531391077,3.805819581003
-0.858252614468074,0.187887938165687,1.01629789709364,-0.0409763287060453,-0.819876766718402,-0.50493063045361,0.0853552872963918,1.12768082718629,-1.15752683765996,0.436743210920607
0.449927931680757,0.72945311306431,0.460292335311692,2.49436605297759,4.04816706890616,1.62303226954224,0.750562299996123,-0.748774641195939,3.14489441941293,0.544308436392116
3.89337351744999,2.12807755512154,3.66702063617668,3.02022203603186,2.62876297332342,3.83683593543714,4.26676061472702,3.60162718432678,5.08289314155478,1.28715045671431
2.37651656030162,2.79640220901831,-1.33766678228414,0.0316255152199554,0.863187201641274,3.6535363092457,0.428898762535963,1.14779420761896,1.74547345596144,0.875092137009848
3.62797820743028,1.04212810953684,3.96144807470835,1.67326023809492,3.60736740370821,3.6425773132226,2.21889460261362,2.69268567001286,1.53074762584739,2.39244020050033
1.49366409302263,-0.152136541344445,-0.11293900819457,1.16197385280147,1.87738089449992,0.365511825784064,1.2295742856853,2.15779105065611,2.28131960105811,0.673537150972859
0.940474976933657,-0.486254278022037,2.800577170135,0.166834142550319,0.823137817183142,1.17128136764231,1.84043994642696,0.150301522987312,1.73847134995342,0.676470589473732
0.828690091246374,1.19237647850195,-0.574373311258852,-0.827818927212568,2.25508754033755,1.64930389561869,1.11537004020598,-0.949046864705596,1.6514033037917,0.13860576357155
3.46023218726284,1.01194544983383,-1.13153196221598,0.653635112575934,1.84845155649737,4.52442265344276,0.923168678590057,2.14957955701997,1.59018957724326,2.11180313815498
1.33587599128099,1.30503159732225,3.87290724046217,2.61004011829304,0.241219322557604,0.437906841641118,2.86364829483087,1.13766928381053,2.77383283299752,-0.0135619725106455
3.22650346906096,1.34825444165371,4.17603340299265,0.996379168540442,0.997073694815222,2.11552755775648,1.51707424766952,2.78473344894125,-0.239017919473362,5.09665322870783
3.14942467122266,1.29846378904414,0.895550513910387,0.980135108585404,-0.7350301976824,0.926112247801667,1.77539851974562,0.296047517338267,2.22850609407936,-0.257868289228963
0.59386601554132,0.593343890153276,0.692079868685323,1.94933971639577,1.28968264554722,0.814984718286179,2.14015836895046,2.32508227212029,1.64174295921043,0.307130898010591
0.431973174287584,1.25640421236398,3.3595636308447,2.18618880167598,2.29904544357046,-0.101873462495468,-0.405209344404676,0.452518612345863,0.664778574779125,0.778919587878549
2.1830149001595,2.45832316011197,3.12978185442321,4.94902775531523,2.27902007644384,4.30495210522349,2.69699822021255,5.1066251508546,3.08712050630984,2.98026188153355
2.19029861365216,4.2569607975907,3.86654353053561,4.05908383701992,1.75157425003115,4.69657258266839,2.03299608218843,2.00949945805229,1.83540830613387,2.99382153870151
2.31318177991724,3.78378036252018,3.12664132868632,4.759180752487,2.12466102248999,2.68302658839534,1.88145042108827,4.06086182735771,2.57634185851555,4.13935421292823
1.45696331297208,1.19082669102554,1.64383162187208,2.23494659924315,1.61926180174682,2.55203520072947,0.719968272338434,1.76778304779038,0.478028567453072,1.6183745990963
1.96340570131783,1.64162903063821,2.07613504226465,0.035566820071523,0.0525350277854172,1.39535080932179,2.24283215910484,0.252659347140238,0.589327480603597,0.793925705684432
1.36550588499883,1.49396473977088,1.60378177091405,-1.06713524107481,1.13690426418953,1.06323834272592,1.08370736132024,1.64830589682529,-0.0461217638075522,1.54694514366048
2.4992090827308,1.99348941094868,1.27729926062793,1.46334197642657,1.1522229431313,1.49534004712903,2.95835197696573,-0.597182357995724,2.61067293048014,2.18121436957438
2.14834886380946,0.190298993166788,0.0153333355961879,-0.271474295747292,0.20770950500598,0.556010784484343,1.76572209803317,0.682782164572364,0.664329390449028,1.00819965947161
3.39245011926184,0.179339454834042,2.02128662981361,2.32258532208442,1.29855188809092,-0.572463719422501,2.05846646779068,2.67214274312472,3.36793792691258,0.304428278429676
0.251264356541379,-0.0228135883136729,2.85898734413662,0.444828174133562,1.61911349899176,0.167773047717515,2.02360729843659,0.216914919529703,1.65449732499012,1.06357053218626
2.04932786917039,2.23922822432207,-0.199585864872933,0.714083156061425,0.864570929539452,1.68850426499223,-0.0684735124381342,2.35190921713483,-0.262708028636621,0.698547004725904
-0.557377249013228,0.388687602632517,0.848899716514619,1.77577857693314,1.50627171058959,2.06568799355429,2.36296312262462,1.05818933110382,0.183501684191267,1.06509356473213
-1.55353694476135,0.208564983607808,0.594359415451266,0.486751859093198,0.85366651949689,2.10708568841632,1.14418765655606,0.29306879722916,-0.9919228522848,-1.7876294259608
0.106192576366436,0.460883461155961,0.45865477182722,2.06126049780223,0.814959959770456,0.527479871063408,-1.02471173877225,-1.75045527308621,-0.395015563466334,-0.155318708856497
0.836223530709958,0.629821234808365,0.52721782648809,4.37571984201783,1.17096336260011,0.476962073887099,-0.992699993900168,0.889915649262374,1.84794783976723,1.41043751129224
2.6378192590738,1.8922764763725,1.84934786115543,2.50089000961977,0.755685511617861,2.57136217637464,2.6752116731689,1.25932578542896,1.37619623224927,1.55012726145963
-0.529355415394499,2.1785354961809,-0.418822832746405,0.466572189271571,1.72153938548248,0.047271294204689,2.37005676709553,-0.96324029079917,1.40129341484782,0.668913413595771
1.47540537393698,-0.062422565072582,-1.09023725545166,0.227290715093463,1.28735936567242,0.217042963827894,-0.0565396935639759,1.64899875959597,1.42300613884105,0.094397260815149
0.918171766508721,-0.63063638514002,2.94739385059163,1.00698257556946,-0.786181293117763,0.0913438853155804,1.26181963163555,0.538144991171488,1.07667661101088,0.919295275560034
2.61470974458386,1.60477834309889,2.74183407800553,2.36872915794157,1.98734058885658,1.93684443664415,-0.238541162927908,2.55788923344387,2.70732791628283,2.30414154595533
2.40103975230763,2.26417146038537,1.50222009533279,1.68398324212241,0.300657969299805,3.34761074926763,2.02071703281216,2.11653623299418,3.70170366825058,1.99857604313455
1.73744782861152,1.26127357250487,1.86230333876784,0.960193031310275,1.76010134150556,1.62080694929067,1.78759333924318,-0.019948137637551,2.59551123393435,0.184639401924731
2.03507190842419,2.71751381904214,2.42824188262589,3.67249663750091,0.832754564862496,3.65656070151391,0.336114736282187,3.50328511350118,2.2367756234474,2.23518670892201
2.16414100024487,3.07469159915057,4.52908684195782,2.18898069522576,1.29088452023998,1.42212553367198,1.95355846592202,3.09954691709749,1.4816958862525,3.3884974593225
2.22532881741509,2.43632976599307,2.72079965954372,1.10352446020066,0.881404673343518,0.750747323864557,1.75657470328078,1.64097624754107,1.26149468037556,2.21172619133075
1.72780414286183,-0.190006262976881,2.02881929022086,1.88010140793286,3.56077209922347,3.49867407277019,2.47131979046431,2.15092527420836,2.46351520616426,3.51335575294525
0.612177239989623,1.74081359976741,0.279098589023954,-0.466679576886167,-1.05735196244069,0.843836252543421,1.006020945676,1.81818057008491,-1.29652114392322,1.39508308486751
1.91609147955214,1.77950062831019,0.925456692518451,2.59963959287463,-0.520665884191104,1.24093539615403,1.43120413842116,2.05753791291325,-0.079365629322848,0.17930917426492
-0.22554426944586,2.32521920263402,1.50728323161706,1.39813637918734,1.07946716931298,-1.15972705178973,-0.361670540612377,1.76732625794349,3.17923981188883,0.522339715239929
2.70754691796495,4.42439671630762,3.89173037968867,3.0782762273178,1.38664229077465,3.42860728174626,3.41708406129943,3.83308637018196,3.12426331999681,3.58624533641001
3.5671418385055,0.749773366123331,-0.401034138048439,1.36953977636481,1.05525719264034,2.49293777415184,1.2322010875806,0.721017329799271,3.11804008496533,1.11935600491298
1.85678972243473,1.60236390113424,2.16902105875015,2.19628269156005,2.16601470432135,2.60306172020718,1.93528364464302,3.03885453606343,3.29360160316749,3.40999076101788
1.46791050023849,3.32936212717691,3.00562294253271,3.18445600375281,2.764003292593,3.98664742581433,4.54935939860483,1.50796842132288,2.60704230563652,6.09941204825531
1.16651904470105,0.290168595810756,0.775647301270576,-0.2041833246587,-0.90042467350794,0.29789090727007,0.162257927147108,-0.61715159105057,-0.2198926089579,-1.21222934523708
3.00887091594794,0.509305537197209,0.700291597431197,0.739817848266599,-0.202408168301747,0.314248148783532,-0.731100567077655,2.53737455270786,1.08510560616728,0.284592988291622
2.82514829560343,0.797561852203242,2.07002699350582,0.560780649958687,0.440638915475424,1.8324002111531,0.349493078994807,1.51005054297656,3.01308357439572,0.127027137569251
2.07398108047557,2.71434263154351,2.93086229775317,2.01073044844995,2.35738108064236,3.70231346255285,2.61946722034331,1.90289733713242,1.27898132223482,1.989912162597
3.88935530912781,0.0738226857584696,1.63596659250197,2.32929322116878,1.31035385419165,1.91332164871861,2.9269111866309,1.41918846126863,2.13722491703096,2.00349265815468
1.84006322737647,3.18492558173457,2.23417925153162,0.353891693139258,1.53122225804906,2.07418594468808,0.9030434358149,1.96614591281995,3.00117246402855,2.32683925475782
-0.288964182756811,0.0639706790923328,3.30010023522455,1.36628092515007,-0.254422831423624,1.13095565402496,0.909906260336191,0.939073906276868,0.836216523792297,0.599660114859307
4.87379939344263,3.56297641597696,2.65154483715248,3.57603081149747,3.79539985412881,2.02205195243761,3.9957258520003,2.64733846079991,3.61496608508079,3.309277622335
1.39903773651802,-1.41863136375494,2.31075996327965,0.774938013039531,1.05604623888851,1.44907261927682,0.464332883173822,0.00117320332657811,0.961439691083825,0.957169575578617
0.920779262681738,1.5927942080361,1.28928589251152,1.2721295031677,3.16138231009382,1.87617462776414,2.73740051912655,1.41636324212001,3.04117262255405,0.48438823946545
1.93862402221073,3.60150722327487,2.64469538868866,2.7437501738856,0.927124051138823,2.33695535165953,1.16192188189155,1.86332903942199,1.88215768486864,1.26200217308176
1.01563815811647,1.67828717485891,3.59822501205533,3.79044052396439,2.96824681247137,3.11590321911313,2.08579208102204,1.67432756478322,3.70975475781671,3.09465317975988
-0.293651541000442,-1.75486051829891,1.13620947895581,1.97653502601876,1.09160711666715,3.19093088259106,0.579337368181289,2.28099128742221,2.55433452114165,0.951308917863882
2.97004847724006,2.63370105904416,0.957482716306381,1.8714038512194,2.05255577815024,1.75105848028478,0.441260926065361,2.82974514038228,2.47427768636088,1.07124943657694
3.0117142309559,0.739134796236442,0.749178031431218,1.45996085378591,1.38033518238395,0.256455798598535,-1.46005662124846,-1.08767744708525,1.94851479701363,2.41712691974966
0.703632410480448,0.752772240745461,1.03666403423265,-0.925390476981361,0.568648550458721,0.645984123967441,0.883429506154059,0.0320084118402685,0.605978725541495,0.163292444042227
2.64546559702397,1.53283947972689,2.03323495551596,2.86046453456211,3.11364745921273,1.97337650348186,0.608483298413441,2.23684658357733,1.01623387952034,2.22447337484904
3.70437614498152,1.47420526966564,3.54847559003899,3.10374842655578,4.38478736988725,3.30592606883047,1.11798978146444,3.43857083746043,2.88989971693119,3.77835794804491
2.65241810239626,4.1820839569903,3.45823514118681,3.32288460832389,2.85408319537979,3.37309688154879,1.70657063545647,3.17970850092608,2.14697283455348,3.25371988398059
3.70297943302002,2.63288020073574,1.77062720767434,2.88177673429275,1.54939708982929,3.61398107663225,1.88329092779999,2.32609181433785,2.96039182622964,0.667342765219976
3.48520218577014,1.96274962907995,0.0303594462965926,2.71753842722915,2.52445414957513,0.413569356473603,0.774936347810234,1.76434627711176,0.975593349295991,-0.295010759194519
2.97078505963011,3.09675276657186,2.93756990801349,2.87305269563482,2.95545308829069,3.49160837646413,0.44429803150594,0.628932288391234,1.90622391204844,3.01171589128271
2.34834644725952,2.4587730574813,2.83080159115423,2.05918251439577,2.35155794318414,1.90882722369661,0.942530280035735,0.734258419154401,4.05703331186719,0.222526267714703
3.43489040445046,3.32840120498994,4.00915776304517,3.04244658465621,1.19061787726591,4.09626125643433,3.1236449415387,2.16534933255265,2.30134896788856,2.44823309269899
2.77988770389084,2.85162228450515,0.330240639544561,2.85833334315062,3.20916559393839,1.94051123049453,1.98101079476156,2.67934239383438,1.25396011330049,2.31581749002991
2.37472532002916,0.939222556355283,2.16640692748598,3.25313208872628,1.55607599084797,0.666448743446297,0.474499596647838,0.813582029037492,0.942859309548779,3.54478885886681
-1.64778622409987,-1.59314033370244,0.965502674138298,-0.0428032462580986,-1.91228613889447,-1.6130831665635,-0.246715955876589,-1.63048492346985,0.229240758876015,-2.44382554791341
2.5299125311188,1.09783144982578,2.81140422162209,1.72253826971309,3.17402866728833,3.13158475683016,2.04594089637275,2.74480678674166,1.88361297326291,1.86992740794807
-0.171892007697154,1.69957513313931,2.62775541653202,0.696353317414699,1.74564760793648,0.810632354484882,3.25401192109155,3.13023263059553,2.33845661212284,2.90904181039013
-2.02833534510843,-1.48116156489793,-0.0168892342936092,-0.491504427702973,1.05342478501102,-0.805409797749875,0.0774386464734157,-0.738209823675097,-0.778382245055439,-0.524472027880447
1.5738002203765,3.40769821416669,2.12977845042468,2.99139396682082,3.35108327586782,0.829090706587028,3.73459039557936,1.31276967386449,1.03119782531595,2.27621057577778
4.13237311852588,0.11156295072875,-0.939815284176513,3.02165888580358,0.615201029731223,2.93396174699904,1.46906583238348,3.53281052354177,2.05483790395305,1.07166663913473
1.92553873588758,1.48786307330199,3.06495194188369,3.02356842478189,2.1491069203889,1.04892561852079,0.652575003689503,1.92175053035089,1.4968762651498,1.50098505254565
3.08260419061415,1.42388730994757,2.4895009661228,1.41713783826383,2.08920137459441,1.83513335018349,1.62246912433822,3.00202685872662,2.95116328504083,1.92696145590581
0.587157441212179,0.913078862660627,3.33707811766963,1.10278035901696,2.458657406218,3.08525760643824,3.30282238128236,1.31978149480272,1.65672234022821,2.158480026585
-1.79025044710376,-1.694697961519,0.853068940815176,-0.0545484522926147,-0.781044971032746,-0.342164592928169,-0.0137680851175785,0.264153073251181,-1.03560521635333,-1.95078733969158
2.41819977648375,3.06641564257239,3.84223326024949,1.46519513283123,4.52374449218269,1.55924774608328,1.76244074913738,1.95079760436577,1.82499422769816,2.11926641026906
-0.916667534675025,-0.192296129332019,-0.601465414739526,-0.0866712565266023,0.0875249892101025,1.35083436090426,0.246825774772728,-0.83483931116512,0.97204269972936,0.479942382013897
-0.999717245801533,1.05886787890297,-0.0231192247869213,1.09248597765931,-1.10861129779821,-0.0981839422977583,2.39097470174847,-0.982660484130164,0.363415421779092,1.01937271988327
3.42471985955484,0.0557319096360772,-0.373623955795796,1.69033895730074,-1.32065908076742,0.459898030301873,0.178581806077227,2.84400034034466,1.13612448476848,0.25905093838975
2.44544960712848,0.804794424844091,0.20922864724287,-0.20290277353488,0.0588398142178622,-0.112290118188436,0.621782475919685,0.518141984679058,1.31343090467836,0.338978185873185
1.03103341081845,1.67181903629944,0.886947602631105,3.02850298411021,3.32481601265818,4.00913952391766,1.33495682747656,3.65072803621213,2.13367162681327,2.11389759051334
0.826883136299937,1.31925903989363,2.53921382221074,1.87092236954927,1.88568229108285,2.85344561777527,3.06215750604124,1.78559296884821,2.11415160250253,2.98196811733595
2.5547611467369,0.897023985015797,1.56994432655589,3.03961655024386,3.27835109954965,1.66532602086353,3.13122482699817,1.36215568297789,1.2653823368369,0.148736519929758
1.77213367050094,1.75065665739425,2.05829092739911,1.95116417153435,2.1590944871949,1.82351207102775,2.76061679619915,2.5991556478929,1.17141145274306,1.28645273662563
2.11327473867727,0.711774548090682,0.627707394680266,2.95555515890598,1.90038029597536,2.17298980503463,1.79460545136367,2.33119370594593,3.87060904955177,1.53598316403205
3.44287210251771,0.70936856880502,4.15169433545025,4.88572195813355,2.42278396490796,2.81536886533068,3.13882938565292,3.08778561417376,2.6896739183547,2.21225867217935
2.99121426404248,3.40234405769599,3.36746644659428,3.53166959122904,2.61378852644985,4.50111792596017,3.86371122000569,4.48330516100947,5.63663647735855,4.52928590308187
2.2418004861587,1.29211091688182,2.61089481855268,3.18255862212627,0.945109679654757,1.3161454246413,1.45776875806787,2.75711558146631,1.46329129136461,-0.422197468170297
-0.777922933096296,-0.717673084350524,0.518196072733365,-0.37929504648499,1.7380887882699,0.990289411049412,-1.91160515729121,0.900206273618914,-0.0660537219920956,-0.686660414377252
1.69146477537187,1.03617190721231,0.23332626885079,-0.603347111775405,1.72857828000954,2.01516328249225,2.49044525201545,1.22482849101131,1.1393082645243,1.35314356029674
1.63354022698394,2.99946810196758,2.00306592555693,1.60870493478139,-0.518706843537363,0.208223914753182,0.737931809305452,0.989178666180554,-0.852266268966524,1.55164481636158
2.29872277240046,1.53239242986739,1.32440336013288,1.67176551212395,2.20047093128567,1.3110913737549,1.99452721231606,1.0314761522778,2.78832756499604,2.85364450637661
1.14470006726177,2.75745095990649,1.91787271610386,5.19481201395725,2.29702395047046,0.640041926849912,2.22841016025086,2.96339181039652,1.95002002312545,2.57921727213674
0.595373858268672,2.90492807206661,1.34536018882527,0.866727522733341,2.56018404778932,1.12624718546761,0.650904952245132,1.18287429979601,1.46925539262124,1.10275861444618
-0.135787403809687,1.70897907945464,1.28194289177848,1.41698500025123,1.23194647364953,1.59428573873754,1.58289373849041,1.30935545246941,2.15928936888084,1.4791672308847
0.877684116591276,1.56908190356471,3.10139247539651,2.26803758315421,2.7276047487501,0.916338115466892,2.6816240855926,1.7449453331772,0.459865001629925,1.77720888664576
0.541008657360138,2.21897579434607,3.38215491520945,0.960494412939596,1.24818198009674,1.26300635536744,3.29698233551207,1.04978953713752,2.84645935870013,2.51072650249613
1.21663706524047,0.16291600089169,0.253029289040348,1.73261842062851,2.32960436801624,3.9284869462652,0.433364732732385,1.10530228876162,2.28005666791587,-0.687510864668101
3.41715430863172,0.978366383225154,2.36740531326851,1.00285330879886,2.07572045055242,3.00751215411354,1.46428208872621,2.35540615458765,3.08089954968742,0.809450522994992
0.286124267973463,-0.0747789563619357,0.163131187113903,-0.216773827065598,-0.962784844730979,-0.825447378689525,0.0702515668311403,-1.10830158251724,0.0738722069161701,-1.04019705550954
-0.366797066990502,0.723682709835949,-1.5956112368869,-0.203016201680176,-0.492571698521828,-0.854173088034532,-0.434505275009843,-0.304495130526481,-1.26156433113207,-1.0316415704372
2.91226066202347,1.27080236323153,2.70370984126418,3.81243576771092,1.58592333906963,2.4750300402423,0.785997893387588,1.18776319622735,1.84280793049522,1.36816322126337
3.05493600889842,1.44504215456008,3.3708216438646,1.69804320032323,0.207656435731169,0.566542412825361,2.72177167302597,0.118343401299226,0.653804965091949,1.07948838564131
1.97862554197777,1.47941235704582,3.21195810430397,2.03703443876565,2.99035338632368,3.17357888473937,1.86083718516272,1.62658260650552,0.680523474835882,1.73950838693636
0.328507655853896,1.59627441160293,1.0797433670108,-0.410086588480657,0.464179589264849,0.513373498589562,2.20569194156209,1.41345126544022,0.460666944226444,-0.00480691374745335
0.449506173646773,-0.620326656494542,-0.567234560754961,-0.63068197510829,-0.187492149121176,-0.656443591896378,-1.69131481597135,-0.444160279460245,0.748630383783983,-2.79558818897583
1.94835683107822,0.959417164129967,3.2936216466289,2.81297454087968,2.59350647597956,1.89321414599489,1.81518587771379,2.85645299674221,2.43844835332197,0.821558546012811
0.561454479019518,0.0258661121495021,0.0448940117211261,-0.649032668860272,-0.489087798552494,-0.43933288528858,-1.16406785225435,1.40819512615903,-0.780712405018557,-0.137348169981269
1.54378808812953,0.00750823853098835,1.1992818783509,-0.0255886858736407,-0.695868743085422,0.274266690443982,0.0366095165411779,0.3455529705399,0.096331263807222,-1.68870406238335
1.35710088706338,-0.141432651532845,0.253318006357958,1.78225178900604,0.746403512460274,-0.592298595992001,-1.01261345814743,-2.29819983453146,-1.21934761599852,-0.175731589725985
0.626523007557067,0.920766020417372,2.21846299610918,1.43147223096657,3.19987755349066,1.35312294795183,2.92776919458614,2.97781042301126,1.40787832789717,0.862716858958543
1.77359476345529,2.56323866907467,4.82444659081332,2.43247733373199,3.0547003027179,2.88165844981916,1.67225244852402,3.62275081565946,3.55545758381064,4.17383874775305
2.04398961502195,2.69050504606048,0.813856808846859,4.05222407023481,1.34183769487786,1.04689919445825,1.78069152594207,1.71399420268626,-0.555294348864495,3.61651817532006
4.65346273902207,3.3761477477626,0.581772215405574,1.60683351253885,2.21463228045843,1.86681589383073,1.71352169418901,1.27862798582111,2.77964394445107,1.48504600514536
0.531928946318373,0.146365774892241,0.853122930477861,1.33199124053459,1.00034542802627,1.58254367312478,0.367964085384702,0.0679728629974236,0.959921710956078,1.75668447102814
1.1042099462512,1.83980388263114,0.866937952493898,0.811664730485771,0.290480990491477,1.48634203341763,0.67001381480738,0.110967814044986,-0.0734811899071159,0.990279458857071
3.30973251832883,2.7455153584049,0.859375800018241,1.27848858634579,2.32784814847584,2.30373094079994,4.3100834083185,1.84039742515601,2.07505139262674,2.13900026477425
-1.22179432943174,-2.76139533881289,-0.530590364986736,0.185737965718325,-0.260055763118051,-0.365179025726438,-1.17328977118492,0.189450415832231,-0.0438841635357897,-1.18020495681787
3.17735066322309,2.15289459341917,2.43562119715687,3.10525725566925,4.04425479784254,2.88194353888798,3.2984574833554,2.91544809726115,3.04190677219431,0.654740729087231
2.85483489178653,-0.382655231759655,0.394755018908701,-0.408839016647015,2.96667425782766,-0.418455590817612,1.10390229151857,-0.751228949406372,1.26069997052985,0.840142777060948
-0.562063866467474,-0.0181544918241645,2.2284083271633,-0.110068409655969,-0.643933479211738,-1.43807522400334,0.815922450718674,0.83779418657504,-0.481920003997702,2.09554311979655
0.896523096390503,0.841058241705604,0.542537987298362,1.41515587714985,0.636313451857647,2.96468690637376,-0.383453091324399,2.14007678111045,0.800701635868939,1.28943853926726
4.16270277318154,2.02395215468729,1.67431963343877,3.19448160741768,2.47467801750899,3.60888925741066,2.87940388130113,2.41785769089068,3.59239647974618,3.51142857856192
2.01641692585958,1.66542426942917,4.02158722495176,0.883141327189965,0.96682821757303,1.51842697028846,0.667407630628008,2.46327469987552,0.80106119875432,1.01472923302046
0.42746299242299,1.92159834240983,-1.32786719538597,-1.55353175088985,1.6202443130939,1.00853808838493,-1.11610089162333,-0.724272150213272,1.72498579252807,0.422815399465511
1.5465959488715,-0.341966995429492,-2.33316027040528,-0.608101038136443,-0.0998463445873141,1.21355847763339,0.315047598702399,1.8297549937119,0.182810361809792,0.115325780649483
1.75054890720772,1.85017604482511,0.94478780256262,2.86367864650908,1.88513046751638,1.89714249516655,1.27777731753738,2.97100331826542,1.90689359966673,1.36067524671246
4.89923318637987,1.90844748815133,3.5344041736153,3.4424341690436,1.45563989540369,2.20990436694627,3.23757872511514,3.57172124033327,4.45276793394919,4.77113303794689
0.775811684330909,0.217569172270067,-1.0247104771221,-1.66078408657359,-0.270977992087153,-2.09449441225319,-2.57121633894554,0.733848695648306,0.576843406962193,0.697716232425272
2.5480845683478,3.96447336746791,2.18157906989649,1.64685413761746,4.17935480051945,3.15596201884542,3.33380929792775,1.77254795673641,2.41130053605893,2.90122970062934
0.740766060625882,3.47876220810768,0.528924655406191,4.00896894487067,2.57870027068152,2.07864120938577,2.54975587293074,2.2840638941832,1.99644137708564,1.14711267421952
1.5018692835126,-0.394159204194091,-0.808119367248401,0.645178078514446,-0.101283622445182,-0.145566963520462,0.928974845953751,1.13850115198404,-0.268840980168534,0.658832911078242
-0.749632263862665,0.669600912086008,0.260896434501266,0.80964615269785,0.0766802291027359,1.1295318266472,-1.18380912263277,0.646259353816663,-0.776259654896772,0.891024734694602
1.38662239939666,2.27548733143602,2.78759866831962,2.20952786886389,2.63839243595289,2.47396259599161,1.58238079448973,0.914828705491156,2.87270952616432,3.01492736551176
1.82847394821878,1.38661670796563,1.50421072808248,0.989680713005627,3.07091585670873,0.760070085197156,3.05305205066325,1.40675927075771,4.48044620918254,0.67754114840621
1.78767517112529,1.40255856892997,-0.882792761256534,2.9429134988932,1.8950617690267,2.68300824143282,0.619767218922628,0.0967716278663509,1.5515541257704,2.79625324921036
0.0589868763172956,1.82097260903458,0.989953163422373,0.734422509423072,1.15464627160551,-1.12054760336881,1.82695933920585,0.606240293412402,0.456137339734523,1.66700749099
1.48995422903408,2.7373982200926,0.992788377292072,0.533559646262985,1.00103578657289,0.867887291807113,2.17412239409005,0.0496808106509096,-0.61142336925584,0.659143558653043
3.03035355726851,4.6924085904938,3.00315037791989,3.78844796059642,2.77632764837015,3.12040409705331,3.52271808456415,2.53576700960799,3.60177363359854,2.38524857365734
1.37471525418184,2.92832007990209,2.99977910648522,3.82193578521524,1.36182160758764,2.81608115314431,1.3416685066525,2.40768365162132,2.06519067219177,1.97956307760141
0.504415238457331,1.95170205652367,3.23826279159345,1.69565354661371,1.58294359764435,2.2466998253691,2.1140495343574,1.12497423959055,1.03137288534488,3.69134671750786
3.02272738005986,1.6136678854238,1.83870661101661,4.09253394478442,3.54888979886782,1.59597728584499,1.96983027186918,0.787821219162776,2.07785102948166,1.61252738616459
2.04380787443951,1.35463994814388,2.71013299615649,3.10327329233646,1.74504398642458,1.74941542544414,0.376665537919595,-0.297646696649198,2.70565034069456,1.46203028611889
-0.159204417166621,2.20132618144461,0.971428092522883,1.62917553525318,0.914375890544373,1.34099415589366,0.163626230263619,3.1414456555494,0.434540191699487,2.49283654908015
2.03273898262496,1.00143295713728,1.87885074135789,2.11317321505853,0.179543419663331,2.14761138088436,2.00399814237563,0.387560180705854,0.923387081231711,0.178370854974173
1.19038485820342,1.67883225981822,1.65614712826173,2.23244592195218,1.74246750355521,2.26309079739204,1.15611962565639,1.74588264425893,2.14496368798195,1.46027043748506
2.19645298776746,1.17866507816842,2.19754369508297,1.71285623582369,0.512596739229952,0.702942820064641,0.897399094708499,0.334741004648562,1.57517444461194,1.05542505625724
-0.847523247807111,2.1401658176394,1.61737968825938,2.19335757101274,1.22509980888454,1.78583698016972,1.93026979671453,1.87669670003727,0.633321810871851,0.577908843862264
0.155744259319132,2.08560770645676,1.58846078148069,1.06754938352365,-0.852099530390048,0.570330686470052,2.24114085408067,-0.206266769274585,0.739231700888324,1.83182657868886
-0.330071557585682,-0.252358656595124,-0.463076738975101,0.331568890052551,0.701855383556344,0.0846774558589471,1.30173440641773,0.958926774350851,1.06078456492828,0.757776510316945
0.829613835136919,2.85887982932645,3.01741352726402,2.0938786229278,2.14609929339134,1.23530646336905,0.122570273813771,0.819835574624213,1.45478424957135,0.0272849040753608
1.70292421399648,0.650445593870332,1.41933942495277,1.35945481177676,1.80579233589387,-0.666426170376938,1.39719252046418,1.20260683940719,0.495264974112613,0.286086335614752
2.41958191804327,-0.173939833905566,2.13509695181336,2.18642014213053,-0.010395604221664,0.906821216606516,-0.87743583166871,0.199765971093419,0.66057964181579,0.569551029010803
0.677620637181496,0.617177285710467,0.694241224952885,2.11594878892553,0.307146904283115,1.78262395459227,0.751562814738643,1.40072719731502,1.31172132441716,-0.516772040865648
-0.584470458653816,-0.254692010897714,0.400081961225598,1.74043676849676,2.71369564323446,-0.171882279771567,2.76490797469338,0.798042107401943,-2.23271037678318,-1.12498309265908
0.17346098296159,0.902216763971226,0.469289031071408,0.638135478327157,1.34049765993314,0.748476152704104,1.76375106486738,0.807245918818032,-1.07539848505326,-0.265392048542108
0.180214640192095,-0.311194105761404,1.35441245077125,0.0376713164556726,-2.13727888173152,-0.495851979166624,-0.592649936536417,1.09790498508264,1.80180114802137,-0.70201486108577
3.09552677700388,1.33921671096163,1.7177886770944,3.6063883977455,1.83768323642076,1.42604836520987,3.00107784439109,3.89762190167981,2.60305351794189,3.04943533409759
0.789051586156681,3.1784691733066,2.04541835087541,2.71647748188036,2.78666151588122,2.97870703877814,-0.73467617932506,0.101790054066311,2.32367966425336,2.96716385464063
0.303039370976657,2.11547363079404,-0.201515995678432,0.899321762019368,1.31934563684992,-0.091847371823105,2.06609617478701,-0.250518753351319,2.26908722689664,1.22381731249825
1.12230711660884,1.45092982044097,2.44112891663145,1.24765590472348,0.128810333709117,0.418354588594202,2.30206785694631,1.06681709102972,0.850295330154182,2.00512503827012
2.39008659161739,1.83290890183431,3.45020123116985,3.42397062514612,1.04481244072181,0.88964841376641,2.3464359893436,1.56536833506488,2.09649071361594,2.855407016652
2.27585776854383,0.690480861095624,0.708624725036036,1.45694092722105,3.17107117870517,2.28653868703304,3.09141255757154,1.58060982764472,2.97043212750467,1.3169698912188
2.27564844515866,1.80561766205282,1.40042269986554,1.04175379404193,2.54694864685315,2.78350800989764,0.952650125200387,2.47572408725542,4.23751265019361,-0.720717367395295
0.333215939705198,-2.08002683783752,0.236430340752545,0.886026778910744,0.524564615114074,-1.9006747247271,0.21379668555563,0.402426812005829,-0.441681565808629,-1.5505808473739
0.8611693638188,0.941601156909006,-0.504434615225846,0.940034935081138,0.934442562781917,2.19341371976878,0.965949298902665,1.1248155044778,2.02715490964012,1.81792848966698
1.76849945660526,2.93902976564715,2.56687498028694,1.90281264468144,2.28867407968855,2.94023257335639,3.24216420290013,2.82823027997287,2.87437526978779,2.47612912538034
2.34999729048629,1.68121873129659,0.706448883490101,0.908488575565736,1.84430849035264,0.317285911069936,1.08307692015606,1.378313444063,0.994891935972951,0.116727241480749
2.26223399858407,2.33364132203831,2.62540380254746,2.30856342065308,1.26847618273659,3.29205954557783,2.02230141529701,1.69795460343993,3.1931950036254,1.55245890165237
2.96161342374304,1.32710355859221,1.69847585513491,4.31034544064284,0.356543078161383,2.97860847972412,2.51305154009722,3.38057044321552,3.89498282230623,2.95785126983545
2.93162970598906,0.72686548945061,3.04914283806364,3.77215383368061,1.44733062349489,1.43374551356186,2.44035814447434,1.79706552363176,2.43439555347269,1.87576125786455
1.18000695590853,1.13836018021438,1.23262801020786,-0.406575066520158,0.571330387833239,2.36413122334919,0.251263712514035,1.2267214308393,1.08201436442928,1.70870545754284
1.43423005917454,0.57419397814443,2.01337822890067,1.42002405670527,1.61235228916422,1.63463341954752,1.95509900335984,3.10210326547508,1.69288096733834,-0.32512241427696
-1.19995840642835,-0.0381388840855524,-0.227131412353371,-0.99609563487524,1.54159949155908,0.447550080187429,0.76745325497702,0.266657130434245,2.83492936526979,0.0193856387372725
1.7143270799123,-0.601746516951807,-2.34594589462193,1.26800446274611,0.666620696572685,1.61645120732825,0.431606871640902,2.61738792214999,0.476636637146368,0.144369225843544
1.34898703787169,2.56720663301889,-0.0485423014953938,2.76090718800674,2.45043924210599,1.03116341497062,2.32917397786129,1.23277045433325,2.40271480727748,1.16483125126737
2.63386703017084,2.95441851702752,2.43172616821616,2.01001385596237,2.37427367293169,2.40088389682061,3.70079802709506,3.17612279256569,3.81528329470833,2.01545577139583
4.55270582511433,2.49292893007563,3.15271497027246,2.45605546171911,0.614576890086013,1.42682296124483,3.79703384559159,2.04533158811284,2.24332798649303,0.620081304701102
0.160550462716402,0.29414663797587,1.31787938096545,1.41131294152767,-2.11035107609063,0.849881059335526,0.451200789912984,0.352688256208231,0.508785123546674,0.290197727891484
1.25528072098649,0.691724466841884,2.3094942468224,0.43168894468001,3.70704733476702,1.88121344937162,3.39582419036769,1.23095406885628,1.04899702768999,2.10725021415902
0.107351172230563,1.96491626996118,0.932689160972217,1.36001878254304,1.43810607865568,-0.300308759544867,1.04118964872921,0.923018200407269,1.752678718649,1.89266297916852
0.731862327359871,1.5667844411305,1.65134249239869,-0.0282711792258556,0.791018776797721,1.64498614031366,0.331451967603689,1.12352693128423,2.89169709172279,1.69424704033027
0.334503880115109,-0.59587830763995,1.43123808620742,1.61233669554189,-0.611585469120363,0.215385563164898,-0.552205536239983,-1.01223655461602,-0.195367693511606,-0.807028590581215
0.825139017772659,-0.115056185148765,1.50105458760002,1.43287146616764,2.65283755760504,2.81146661547544,0.463020063727766,1.14733085489597,0.590240269239131,1.71666401699226
3.6496610741849,2.1355402712146,1.56075082907433,3.38575917867761,1.4229418685135,2.01677668133731,2.24828608328293,2.14161147633913,1.80114805908166,1.5234057284791
-0.0622585582937094,1.43009722529474,0.887640591916683,1.817118344892,0.822064059214518,-0.242775207600734,-0.204832965337779,0.803050913491244,0.699870485363309,-0.617819243612024
3.06563352394259,1.44249187890139,0.0355827791934837,0.145353167359973,1.60407723665236,0.0498449726823235,-0.196718605003823,2.09645124035701,2.43083677815147,1.0745399089642
0.280049700038589,1.97309274226432,0.476632826701229,1.87319031074307,0.895407711082667,-2.03191538784584,-0.976358579899886,0.135082536614331,-0.0465262798577355,1.86921253511414
-1.63667496781108,-0.690365237526122,-0.338219236324152,1.05033681057273,-0.136257014625258,-1.29599443130758,0.279904120007845,-0.568323684981094,-1.02671093957698,0.203773231764476
2.59789817053797,3.56907246068443,1.70276228297354,1.71709556261591,3.74840195928975,2.13368009824061,4.5130076135728,3.02799732356018,1.09927107474794,3.07154091161435
0.211553060037991,2.17686138710254,1.58462128322656,1.18226221587943,1.74494153573211,-0.182377259928094,0.577510040149894,0.574838132518937,3.22993825729012,1.16506750307301
0.0974427643942042,2.6961649178611,0.313854844834971,0.295986086404744,-0.855916631748857,2.00381443536499,2.04979746606815,3.46239597427182,2.74338264939692,1.4085745874245
2.55516443862684,1.05417965059865,2.12229104808297,3.21160767437052,3.66042836907712,3.08191705073203,2.18701924862946,2.79103025246698,0.070545801008578,2.58103005320912
2.50900819305805,2.25039970239071,2.29754128711573,2.77707192953369,1.13211812785598,3.56082063914213,0.561877664856151,1.41536755919295,1.71544076934564,2.78067636123803
-1.76614641762957,0.772005432800798,0.605751825735485,-0.929391796447904,1.0688391057352,1.48392159998404,0.482589323972203,-1.70873725024505,-0.658266779615057,1.25915464251984
0.105364402850296,1.86852931865934,2.15681660283459,1.28420379272034,1.33815839737157,0.609538094329038,2.03222258250458,0.384006328302211,-1.21275377745736,1.25885040018218
0.654424036655393,1.97627001695045,0.628148704649526,0.533979407855899,1.06409128726646,0.935499353797923,1.71243373534216,2.01071238318763,-0.754836128931939,1.16794269287028
3.15638948172594,4.55645893616055,3.53881776938204,2.53851193666001,1.57065217609519,3.43058191090973,1.25555486196079,3.34493829390126,2.28837443861647,2.21551795220986
0.830985232776315,0.986980390466151,1.39594930036472,1.35308345469189,-0.0638073172018094,1.02203167138774,0.391402611645277,2.70167185948531,1.94406066412809,1.90496671392269
-0.46926327383516,1.24172903489087,0.49004855855992,-0.818378824937791,-0.611937041097986,0.988274284760295,-0.330182627616003,1.26342984795027,-0.89064839183151,-1.75954546298492
0.815225343633963,2.16973314760248,0.959870859618347,0.601678576203457,-0.926588599140397,0.604361254771912,-1.68361022454259,0.342480929172978,-0.88581962872859,-1.98443311246529
1.71892763006789,1.69855820336864,1.62285013114319,2.23589401712731,1.73284963212738,1.30341548843779,3.04540368979037,2.05505388607015,2.11216736681189,3.50137004647752
4.73852369915712,2.59314258488717,1.54729937075977,1.35542188662382,1.38627558598388,1.52300952916213,2.08073773313168,2.10580695489432,2.03794677029524,2.74908360129134
2.53451771222123,4.52747689234513,3.85892889620436,3.47043612717693,1.50264225732762,4.70792693875409,3.07281800610356,4.69097144975593,1.96105155582382,5.23321591387646
2.53250652333176,2.71554524408398,3.00736694456327,1.55593936888696,2.43774919175738,2.35322926975512,1.80945010557051,2.21024068366711,0.986036898202229,2.58334759349857
1.34963948735035,1.00521831790186,1.84003124376649,1.669203390672,0.788672659476693,2.51594807861084,0.751097593694987,0.97951196418433,0.473969143792561,-0.633232803296558
0.281705739425123,2.01528712766607,0.792823448297602,0.786932426989086,0.11410848049486,-0.132945350262194,1.69735765620962,-1.11172964210408,0.985059725876627,0.956943363150987
3.61198776528612,3.96231885245007,2.01417295285389,1.31339123949699,3.31804565593157,2.46202572234598,3.20187274656212,2.20170216639154,2.82034938426144,2.54198367920172
2.69783032591872,3.63706750373253,2.90442863033828,2.09001753133215,2.98044212029631,4.73734801681323,3.57965874770375,4.12912269285275,3.48884615755573,0.956722409886825
1.95830786973582,2.48078597978823,2.13549786239178,2.00709597903688,1.80924265039314,2.54950021136894,2.8553727526635,2.37181433233984,1.14664886928201,1.54604959669533
3.07163676610666,2.39143359648275,3.52218554942847,2.55441452791957,3.30976896047212,2.12887069830324,3.25966839121822,3.65501844437478,2.32559244391132,2.46404657374313
2.38724302192832,1.67924406688547,0.554905423667363,1.43194379457236,1.6065634847267,1.8328408933397,2.45899253955136,0.111135011990276,1.69697273218551,1.62473669451285
0.579925203044498,2.92124957297653,0.0990153048127409,2.03689965243354,2.83931379926979,2.406030690613,0.193398797210082,1.5498445340521,3.38155344627422,2.44194735647607
-0.142864937479022,-0.435966777368454,0.826775389351863,0.614053949933866,1.73017354003617,1.37413727767628,2.25341229812735,-1.21108705200974,3.19861477512453,1.20820224644797
1.04058154730376,0.0807707086953725,1.63516430343892,2.93125866860348,1.52835891429835,1.86641984868145,2.25692966509684,2.60967476582988,0.425795013211811,1.22714776057382
1.3884494843565,2.13962768435406,2.64067014675457,1.96030674946613,1.56182095426791,1.07841595371196,2.17320201104603,2.4145752148402,2.48695758163519,1.98728578395411
1.47593182431832,1.723762330618,1.86540780047933,1.61961115255985,1.43139688798331,-0.224937440066153,4.2060782632526,1.70447643430928,1.54458172748691,3.0288803911427
3.31941874402081,3.04272189527795,3.56555223524813,1.30100398903016,1.15113730985834,2.21523084823281,1.28008533538343,2.61338460878593,2.39429081180058,0.723111257524755
1.45853403507957,3.01203542173585,4.41563078044557,2.84603441501573,1.05315860630081,2.5181840244139,0.740751548454976,2.4672573726181,0.42900798507954,2.32434935952129
0.937730222515251,0.838366882073261,0.858084801681298,2.0021010315488,1.5797681736781,0.203017702257466,1.1368012864936,4.16148822714127,-0.793825216772044,0.997404044539212
1.00882495840453,2.46892168840582,3.10359188609806,3.09586790678688,1.8571665510842,0.989619196145532,0.988217791552358,2.42571847858531,2.29036213561578,1.15692078108375
0.928668049684149,0.803337043144856,0.0155881736615177,2.49323508995928,4.00268306565714,2.97002642970114,0.734610457201608,-1.30178492534294,0.0487842167202744,1.084597821386
1.82987087433644,1.95450238894715,4.49228247288223,2.41072788020555,1.78472967972658,2.00519623044732,1.63557654633022,0.943324744588389,1.10276629623814,1.90170465280685
-0.218591500191714,0.640527147126391,1.15615200205502,1.06392115735856,1.77689653333989,1.04732173751583,4.32347560037315,0.702396557916234,1.64533539002455,1.58776910927266
2.54100751407594,2.60957861751133,2.7639108604427,3.43416750776847,2.83022586927827,3.68510681299571,2.90402310045474,2.43430296033307,4.36719575726345,3.27070738076766
-0.142553167612706,0.962448616758764,0.666373974978659,0.649914997916378,1.55943549062683,1.85144537295569,2.17916809493223,1.64962616902714,2.39426821070091,1.14370267521448
2.18423371096605,2.42833408413315,1.72480024287773,1.0378436074365,1.03082226507014,2.41624284328251,1.68728872816421,3.39289915715438,2.85468680894677,0.912797823432134
0.472414429186044,-0.338186807942574,1.33513206048392,-0.526560645202012,0.178344730134359,-0.379860748807092,0.657999709600412,-0.273330756554892,-0.95648905123663,-1.57512934613835
1.09191779773495,0.712389935640201,1.4667852531617,0.0946747685418415,-0.0559361370208715,-1.48471468045872,-0.176575595896555,0.485442791258637,2.22292638274047,-0.873614676682533
2.22903052697849,1.02180061042242,0.613351907650344,1.54250996264948,2.90356818004131,2.99692450809766,2.48572694506295,3.25809106072511,1.41625767742095,0.494925609764572
0.514805703653847,1.44328954333816,3.72739035107028,3.29244463367615,2.71980644015121,3.39900031093995,1.56956776926162,3.32467028489373,3.23725302629061,3.813857010851
1.91268939821062,0.487158338770344,2.29948538673548,0.918716124216823,1.91910390356938,1.49868566152881,3.50032948823661,2.95791981392128,2.26454696981629,2.62809135519188
3.66861218492291,1.86138697676797,3.84689186915602,3.00544567486302,1.89954435593382,1.2967154900412,1.14708913504211,1.06056041996508,2.48495319987925,2.11835959427501
0.69213042187448,1.01235860984834,1.12493510107614,1.47653434311757,3.21605365917472,1.56067272461255,3.25675426674248,2.81146504631199,3.18356212381682,1.69410088106427
3.10544255569087,1.53619736719841,1.55189645364675,0.741779542756437,0.638641322528224,2.86094702168918,3.51421254127775,1.49652609857992,3.21784578570572,3.29377362160455
0.230731489462543,-0.22059426472292,1.0327648733129,-0.0260977352963605,0.365234129926405,1.87029707111602,-0.395729975120353,1.98968796342118,1.64181177704112,0.46321008267738
2.14790371646196,0.777847943101985,2.69152033819416,2.26370077873533,3.33223990737892,-0.466978163748669,1.75041268634011,0.432078529541325,0.957160769554419,2.01818450910474
2.40502041210732,2.46900082776452,0.414446580791025,0.11018947006275,-2.11259422764556,0.351789161347417,0.251424689756675,0.429459249491653,0.78031797670279,-0.154960449038237
-0.0663002821376394,0.2700079021134,-1.13917223738856,-1.79818197590189,0.450367520381664,0.332200397904653,-0.104747091716129,-1.36092152453794,-0.454424496226355,1.04169974659841
1.57596804490381,2.23306486867437,0.336338734007894,4.06157537425065,1.62155241428092,3.34894328953708,1.4821534815056,1.30564516193816,2.73317000834128,4.0872877764066
4.56602119243256,3.33868865168903,3.37820441284941,2.16155558930606,2.84769013633488,4.37457960837209,3.65026392907921,2.4454931592845,1.00200625748603,3.63324040943478
3.06173446517525,2.51096721615786,4.06195807646866,1.04600691009223,2.83952249540147,2.83538614559634,4.77228969139448,2.87701242529009,2.02152920055438,2.13588989334196
-0.131781244899851,0.962262257985451,0.966691508620719,1.72490630491539,0.086085064164373,1.71360542899064,2.17273593643827,1.83704548845757,0.0367880739582628,1.23135639188425
3.71907345704134,2.31428119252415,1.92999283362431,0.660555084552908,2.61623771749559,2.43834097855917,0.973579209624047,0.578649241589812,4.11668802210679,1.19997798728454
0.619142771478103,2.17227102610154,0.769501736160514,1.52822153058177,0.564920936715419,0.108780554413985,1.76846306925552,1.89229515220093,2.22280972979167,1.7773857185822
1.9905439686221,3.07146452459947,1.74961947311419,2.43979910390805,1.84855305743512,2.87225821349763,2.73345789416667,2.99474979986616,3.20843146004815,1.8659191346609
1.8561977760207,0.193445071114603,1.41256412375224,-0.671731104610054,1.44484535956546,1.27314511718028,1.91875216122859,0.600073661388473,0.305708122398449,-0.493718381878412
2.00569268058469,0.00024672123517696,0.811150603210007,1.16819540369927,0.0389933373393491,-0.301652387898706,0.231826503263866,1.19775412420886,-0.448704030121768,-1.78702259160562
3.4621676656967,2.17095123127162,2.84264826895325,1.96620706758756,2.086798870927,2.73628327253803,2.11486366472229,3.63290313573535,3.65827559038134,1.67693559094931
2.67796341716683,0.428517892750383,0.885314718816092,2.24113634564642,0.429996535820326,1.66972700173672,1.90492065786379,0.840844056134958,1.69148455775474,0.750966761788574
3.32995704517645,0.718283371107561,1.78385444902417,2.04259128554203,2.16566981614573,2.3706949846006,1.58725230506802,1.87427559285349,1.6735956564833,3.66264533433119
-0.802611361769571,0.492130306837755,0.491576060479169,-0.482765539124754,0.0791323826376796,1.68021623381322,0.949889205479253,0.127838445992163,1.8362347415577,-0.905535396209343
1.72562229552844,0.198431962739822,2.99754806357126,1.14258606005505,1.96733099252414,2.01768098640081,2.87597457464532,4.10671349041424,1.47859534318941,1.34042057226123
1.10844351491259,0.128176529544273,1.23620010155786,0.427886891547649,1.72009288002165,0.170782460647093,1.4736464723469,-1.04114593921327,1.31792130603297,0.736110740104457
-0.134786506345281,3.22572709539981,0.839919701532457,2.44773396068658,2.30556848859967,2.79419976694654,1.67700413845594,2.40288686105658,2.09868308772987,3.08802085657757
1.57706136771845,1.01119421849024,0.778705519422655,1.38751480612234,2.50528379584767,2.90402710119454,0.429276585787388,0.22359709260519,2.09847559893177,2.50545033954469
3.19491888581612,1.85653219260566,1.62682819059878,0.824024003852796,2.15474734159263,1.95050625748825,2.27290973243958,3.09532276275495,1.81275917729218,0.313046779744885
0.90173748954903,1.30227098182779,-0.125196568787515,2.31232868034272,1.65235567536451,0.874992866419895,1.01511967552023,0.743936208383452,1.66487749512141,0.0689775650705737
1.44547547966882,1.51796301300028,0.250907036141086,3.23757586766512,3.18314471523796,4.01262871466719,1.10930374162234,2.97923181125269,-0.2171531790548,0.79615977247629
2.04596182830963,2.26709146129491,4.05202192198953,3.81864023335843,3.33967784193491,2.45584442090548,0.911934914868677,3.52740348885548,2.01209912769065,1.83387442984328
1.65565456702604,0.222443487177835,1.95648051104476,1.13307495430407,1.31442397098308,2.62397813647291,3.20616544659188,1.00446090282477,-0.026218539621266,2.74712045725525
2.08890413237745,2.09767390185238,1.85300787331059,1.36304919346944,1.42387255096258,2.14060553430179,1.0825418483985,1.33876808161455,-1.05530935945184,2.69142868257679
2.28600133789705,1.8646872893546,3.29294933953658,3.06429920322332,1.34430693850135,1.68915538053262,2.32750994347192,3.70102388683609,1.91417207650603,2.56604879247846
1.76771458174291,1.32628951362291,0.0931555999825167,-0.19503766181942,-0.159322350964184,0.337223277062891,3.40084107307509,0.830689790483272,2.52389339475504,0.0725815959746047
1.8702363813529,2.12803531560529,2.09191863072593,2.6302917924332,1.82176235350216,2.35088795434051,1.53297131749021,1.56060936746233,1.12524764124188,2.97757502803637
-0.79357282259378,0.644599609425423,-0.229654585441318,1.42264396592848,1.29125111545639,1.19480617381169,1.45424004130028,2.48650677184412,1.26474514427553,1.44581933849716
3.86404589816769,-0.208052127252568,1.11812330593636,1.3013703345293,3.06282955169095,3.50438329369306,1.39465366826113,4.67472638629473,1.91193630491721,3.33762617509122
2.13140831315742,0.675486548537126,1.57485758894984,1.76864061596092,2.22379193008626,2.64287585271103,3.79837613160125,1.03232450549287,0.715634491582318,0.707319050469294
3.80171769248557,2.68755722003704,3.02290082301776,3.19851658945216,4.07691165234945,3.4145343469339,3.29885113404457,0.83380274801448,3.65687982512191,1.79064811297058
2.14426819965048,2.13345864752979,2.40176747572275,3.23231422182342,1.30750126972274,3.98026591489227,1.73228449483197,2.28901975576231,1.98368569636783,1.27723280911496
2.37503635792558,1.64204602886757,2.50538821456753,3.85764430453178,2.19267984957112,1.59508836226855,1.94307497299697,3.0713938986802,4.28877170254377,4.28037417709482
-0.501151561913865,1.00195284800074,0.809988790962035,0.0374248526157699,-0.408297479971379,1.08098322388803,-0.0775691492788699,0.615747082364043,1.2218355467811,-0.783271500475396
-0.124223008539573,-0.398761480732583,1.26543037009499,0.12203528982034,-0.546139174128061,1.02178346793896,-0.528396362209046,1.52607045779348,0.0617822836243801,-0.563549543292459
1.68937621434421,0.0392103920163724,0.611637574783391,1.00722799465078,1.86136559776338,1.49821846723087,0.822934284944375,1.31905835457231,1.11559412535936,0.568576423077298
0.746250540552073,4.03491572514806,2.47939644685165,-0.227646150041394,-0.385965504942368,0.48506806772688,1.04390052044057,0.309341446146141,2.54850474363834,1.17752129757751
0.767440459442672,0.760377918021995,-0.0834168098331012,-1.20603071871189,1.46247542390485,-0.727341964244169,1.46523523947509,-0.427060110583897,-0.312406113658314,1.07503876366938
0.231011728694868,1.64298194210197,0.42434059689664,2.84301537002608,0.618500021734539,1.57082231490672,0.142147131656619,0.567762557761495,-0.359206784530723,1.43441136275821
0.530070141738334,1.84644943964478,0.970824067743561,2.38217074876637,1.86351076414619,1.1399838329665,1.43464842128219,2.02348127877852,2.37901070735787,1.05763049078531
1.37449959054851,-0.240552782887117,-0.906544809733189,1.32508222522481,-0.520289823499959,-0.63530627552171,1.75757523770045,1.45586062496582,-0.29162320639938,0.389959766102354
1.64810865024798,2.52830393499283,-0.870399636325604,1.71689940128101,0.570616452322392,0.0145089452081281,-0.0385089168289543,1.42468040289837,0.532924691302579,1.0368877139895
2.10589087907388,3.928654040602,3.40085595535535,4.52239004640835,4.3559382209698,2.74309614655325,2.56396030553614,2.46347396831295,4.45354261704511,3.32136595592397
2.31998622541841,0.0130327653252036,0.768941814514775,2.81359709253219,1.47343857345392,0.133129384980302,0.529457507473711,0.208462098529507,0.81784620799258,1.14807945587221
-0.486725342539355,0.711067460949365,-0.355783112362715,0.927745741881887,0.788868376000553,0.642017242912947,1.4360195800884,1.21279417334274,0.260758183536909,-0.137701321891286
1.2579542471404,0.373951278981938,0.0940897899261234,1.06577848263821,0.389233671146422,0.163005754378016,-1.69155274714305,-0.249708523630443,0.121006918186197,2.60487415285507
1.13926524619738,3.05139367285301,1.06074144928347,-0.114627064303978,0.127627280004657,-1.29947617181928,2.65999494616903,-0.447632419260576,1.8373116844318,1.56961797913702
0.98585525646942,2.78649590215404,0.52624626607965,0.38058529337598,-0.266851724349304,0.872708517299752,1.87097832470096,0.334743406199998,1.54829152702211,-0.315240374800942
3.141602290846,0.0776466265434781,2.94112142903993,1.98379263252732,2.99286405436942,2.17096596745698,3.26197843452086,2.71460617798798,2.16288011376667,0.838200941953975
2.66552518906844,3.36589995179034,1.65161816017515,2.68288980324343,3.03160554739319,1.71585247034702,0.662650102043662,2.16368399002522,0.424932423467744,2.99944942022534
1.50888507608555,0.625242375109226,0.447085052046102,-1.14610962917227,1.1494753825882,0.919253815646866,1.71704204464866,1.12866468393931,1.69250837170875,0.214643407258037
2.89090669896525,3.46862115301077,2.86567680007563,2.92251819697633,1.03956880002004,4.40710633306329,1.37871615265302,1.82880825860931,4.18313407969916,3.78773035040513
2.01436764841882,2.84801942937401,2.72576830610222,3.14247253272407,3.35141135979843,3.49609119839675,1.77256104996357,3.23098602248732,3.67059032497451,3.46210180506183
4.1027436920982,2.10593235105424,1.43332894701309,0.840802333866623,3.02339413670601,2.55549706748263,0.218584344906791,2.4121953390432,2.30330394029226,2.04031366539496
0.0297749544516645,0.152072884280535,0.70607824677702,-1.02144364775503,-0.332401994583758,-0.92223534434172,-0.339820299637522,0.476910765591498,-0.86199904906943,0.536944521891768
0.560688328923526,1.81311467396463,0.899172546505821,0.381682482878773,1.08206944146478,1.26791863586687,1.77717631807353,-0.286074618235336,1.31466192874454,2.49281752501988
1.71096453090341,1.7195864680277,-2.06338754307824,1.81549283967112,0.841357703350424,0.31823017672869,0.0407213382972015,1.20510266626572,-1.06330518584382,0.289551273398173
1.41375130549096,2.57042029550591,0.804394612497352,1.59934365169852,1.95356799629071,0.125844977348563,2.20265569180781,3.30706140986624,3.1820829107513,3.41219999020543
-0.572796135971898,0.659320975993599,0.855658048700154,1.14879357252486,0.318125455762627,1.38236716820666,0.171834200049896,0.390930985252192,0.401396194920985,0.865350882224915
2.19298981110234,1.52037311679866,2.50617622919255,0.136386975657396,1.1983009850212,2.5219381736516,-0.341252716797303,1.13573611328889,0.883623209083517,0.051338434163849
5.19489268408119,2.902380122478,5.0629566178941,2.03418374947775,1.90865377521649,1.56257735642673,0.994224197913185,4.08436615088472,1.82582233703205,4.21767518986548
0.29916199144454,-0.370128964132696,-0.505103429981632,-0.263226588785005,3.31236692391105,0.665013322348518,1.31609119576502,1.54673270960759,-1.17082390058372,1.98513000748556
-0.1063621823203,0.915676640652471,2.72616627513372,3.11688884047033,1.01808517612226,2.24792331064335,2.27891018644951,2.01113232534759,0.833353306677251,1.2672675921921
3.98078841616594,1.80504146735376,3.43741977139164,3.62993576577674,3.5961519010339,4.12662018447548,3.96217698112377,4.2335055618446,2.23961455516864,3.44616992165481
-0.250503782234816,0.416017208842891,0.865227342302468,1.80603724045838,2.03139608061686,-0.0576739858639101,1.92628834718749,0.546200238124068,1.62150845040561,0.30485539339146
2.30148136277742,0.847533586329681,-0.206646761910634,1.8498533186223,2.17158714379488,1.64874240173795,3.51104011393747,-0.888519229102897,-0.0172820294827447,0.229602594633178
-0.0420793669207423,-2.10663678367534,0.378274435552427,-0.201587767294633,-0.250635386626411,-0.375229445808241,-0.750277357805603,-0.141983430793704,0.076698821455213,-1.86998265383708
0.815431095101951,-0.350493713887187,-0.524140436670192,-1.10437461688997,-0.991657204622604,-0.687302339002123,1.2152458588253,-0.43590527593708,0.592468921479395,0.942266658335099
0.146328247414802,1.19420418086347,1.3547737079082,2.16351105751235,1.36468637345679,0.929432262766352,2.18609089919337,0.522144878548582,-0.932210225891472,-1.13779184667214
1.97409660730072,2.07953317564984,1.25034664872251,2.16493498085948,2.73653050647845,1.04450955999287,1.28039408470602,2.6509668214494,2.47390155693194,1.018949855483
1.583259050648,4.66731835818795,1.80678608797508,0.482125823891385,-0.104897319429903,1.68140846903277,3.37625170953418,1.75353073010588,2.89205306327119,1.39962417112977
-0.847517442372711,0.700477517283816,-0.351546972103292,1.04366443597728,0.118529353584338,0.75945863134582,1.09195893091534,1.89252066961197,2.41238010741724,1.08497261681537
-1.04515614242105,-0.766409515909037,-0.80729506995841,-0.580488298709287,-1.79000971180362,1.04877919482015,-1.78478087626335,0.144942609920231,-0.869763958556293,1.5498705902644
3.67273849882103,2.95576187748314,3.51134647246188,3.78274398960331,3.94873906300272,4.60383344149723,3.06612256408134,2.87367703515018,1.5001785657965,2.78699900112994
1.51480885982667,3.55499372970919,2.51515259898853,2.47347201026556,1.04409860282337,-0.0858526871189293,2.34020046056661,4.4443055064976,2.7220050494646,3.02844058873467
2.6667078611454,1.578724545621,1.75116523537816,0.517212442601348,3.37388407850756,3.74806556436378,3.10141534519277,2.18498985449426,2.73763487680372,1.45062552798588
1.57905707401447,3.77501739032375,3.67660260465845,2.16341840289596,3.30317874980983,3.03818211509195,2.60352428004971,3.22230164335733,2.21389935596984,3.63173079193291
2.43518746997705,3.70683047202278,2.24452336569362,2.56324648199854,2.81646790380109,1.7187961185316,3.45438240585756,2.80460740550341,3.2472368221064,4.0991560565326
0.599925008997327,1.69042175183135,1.61688244060596,1.22679866256891,2.25349397546601,1.35458496599477,0.714186900348355,0.546692342256186,1.66795262281372,-0.242168960434986
3.31537030330172,3.73176764076332,2.05984217645683,3.36284522265847,2.84632867185151,3.38212365795914,2.75338021447415,2.49431992306575,3.90050396264869,2.15312095160013
1.53641587763616,3.00325778957222,3.45749857796518,3.4915107496733,2.01297390835242,2.76951660559026,3.01855999249828,3.30143266925621,3.70733190734891,1.58819317719099
2.43502729497014,0.274991418344357,1.95700940237313,0.74491637444013,0.865525497161293,1.76769245102663,-0.829834110172638,2.84920483289299,0.769280937851436,0.883934470342547
4.26945722581032,1.59241979041343,2.11300492463028,2.51574762692115,3.35238476555006,3.3309332508046,0.447992700981757,1.98218098407485,1.49715297813887,3.44788564360778
1.77298006541114,2.25938174831654,0.638605923531218,2.23438860871469,2.34023846996989,0.73276485629776,1.21195727866084,2.41998489517673,2.43356088081588,2.33624691819023
2.0702746271361,0.862854759551573,0.302575866136286,0.324140986669807,-0.826393053758206,1.37368892654589,-1.56724112992743,0.0473736475904237,1.48073021007843,0.513071134427731
1.14821137817927,0.678673941300713,2.37685806972384,2.7658978289732,0.941207265917176,2.40053385830078,4.13827736759097,2.30535478892448,3.29097201500801,5.04097104815881
2.76975585428057,2.67631006683719,1.6497504674013,2.5875848362969,1.19453160113671,0.321636216394499,1.40902099804614,2.62731568026946,-0.543342119910458,2.84520465052973
2.90035900831876,2.64916334057881,1.48713674941109,2.0631387621237,1.78628398779881,1.07124532708151,3.13120305917873,3.76824019547615,2.87494065920009,1.5315111965445
1.27308731438668,1.66630127214423,2.60102770893048,2.10246711921722,1.33227704027255,2.63400821701156,-0.25070813739518,2.32057446568297,0.645385757063511,1.40892074450388
1.68670510277423,2.61690393430032,1.59607314784121,2.28314579517345,2.18444104017912,2.26222872186417,0.964923401535242,2.12783594025316,3.0857792598666,0.433562406278559
1.29932159037297,1.99392288109044,0.874731568769718,3.4801332060774,1.64141195795575,3.05568027427038,2.50199348622127,3.40396710823624,3.00926176577147,3.05397116862392
1.2068686448957,1.3815140755914,1.99234582381245,1.70405438478325,-0.0378351367200089,2.35463231354054,0.293752982614038,2.48941090192737,0.332100779672477,-0.605447072488638
1.52201505141504,2.02822688839488,1.30171489426036,-0.0793741997592019,-0.938427586119344,0.879989551013685,0.602264339237676,1.11285849674838,1.55914742744205,0.704912743667297
0.821535638573451,2.36630858717277,1.53074104647694,-0.818951174766823,1.56733285145641,-0.116720487348179,0.487145258082062,0.921299821243194,1.8996576110766,2.74336096586115
-0.593944612719129,1.80065721550226,-0.875543635873145,0.966827530668755,2.2962581114116,-0.83002175017867,0.953844607280861,0.99044851446501,2.09575813275005,0.868183052696713
0.808376951795077,0.497661391571149,0.477599987683717,1.11316122114622,1.04746700004587,1.9568266819398,-0.277076204302955,1.45419885380776,0.374403350386997,1.56647295067488
2.05505280381938,-0.023628408598209,2.56241195202139,0.792033347110637,-0.499334272178508,2.12831935421038,-0.799212040233608,2.10933850194317,1.08982953014795,-0.931355188382355
0.327865401336152,0.527166319368028,0.941375428794952,0.558247801475731,1.0036386473329,1.70808505741351,0.314373596777926,3.80068805115283,1.88288293544953,2.83365557000516
2.30954113278474,1.91331434279316,2.28255302797059,1.44138305470361,2.79266758414819,2.14812573767222,1.70531733357938,4.00845636540442,1.17807360519917,0.574867757561016
2.31164767532595,2.35548921144295,-1.14778181735237,2.34140908345492,1.53259745661287,2.50658711570586,1.95988151844423,2.45187549187471,1.62451442551979,0.586051131565886
-0.528004650268085,1.89213797039054,2.0118290331124,-0.125826863869845,2.09114081778403,0.491071545480533,1.7854047063501,2.19643672936331,0.228554904874485,0.265182689829504
0.860698847277842,1.77578715990786,-0.366062492798501,2.1102875156278,1.21864687505409,1.95789851061052,1.18284835018549,1.00258183740783,2.16866380275012,3.10884038630251
1.87359578732383,1.83340733438276,1.42885123067666,2.22318174220367,1.00808180935431,1.67507507389457,2.15079840679934,4.325439178291,1.85896702169507,2.57289469908252
2.1820542822423,1.66709529005638,2.00265361945041,3.105252307797,0.694653029389589,2.49111004142229,1.62558735742517,2.59213770659868,2.99753439655901,1.53133020678377
2.52256533461404,1.94741901176428,1.33681710211331,2.20409298483122,2.47890422802447,2.09332156107935,1.69556981346046,2.1449929102428,1.48598679951811,1.72373958659948
1.86685964404721,0.643282518870818,0.433800569748989,1.27761990039124,0.356059358950057,-0.0879739320872328,-0.892325510687743,-0.518521634162272,1.231146846266,1.07056246774597
2.52847530100528,3.12640106305038,1.60360434961208,1.78031301463735,2.59398659484747,2.08864651170819,-0.16078107967738,2.41696979639264,1.52741188716765,3.24254634709219
2.16395182666699,4.04587087808036,3.75131270241146,2.08945341514688,1.44330851251937,2.63725931477503,1.98143032533108,1.76603008581629,1.32266441519941,1.12580527651844
2.17558811972066,0.831984311377409,1.25382770968597,0.354444974703457,1.65125454412979,1.22204877813097,-0.0754830804776245,1.09062808226101,1.59870638535368,0.117535163250336
-0.24486308614488,1.03348846971662,0.0179770266001232,0.934403267058233,-0.157967410653192,1.63737718308632,0.890857661658153,-0.0432964716595814,-0.915410270724975,1.98628352171536
2.49718740231946,2.02929404142311,3.55210817938805,2.71674235534697,1.38344628372793,2.18871624443606,2.16175550907368,3.85091197190542,0.546358534108508,1.7973420562295
-0.679454501677286,2.15043046136593,1.70418992275169,-1.93683955125652,-0.582633488761749,0.178256991011671,0.714835148807585,-0.174719465120239,1.34254838502508,1.66255842725299
0.690554894350549,2.60179824088421,2.61099194304746,0.823053138300754,1.11521046733296,3.27920972252121,2.68427695395996,0.526679205646442,2.85410510054544,0.765390479725161
2.16244018961013,2.56299390223842,0.72375089301295,1.60957739705674,1.46394303857444,1.06017730932898,1.60011812521721,0.357279853305733,-0.401442218579908,2.51423867787755
3.58185194181116,3.94470777509728,3.78856443364782,2.56145944490286,4.71786763526957,2.91432289931915,2.89166517916594,3.27369158925335,3.72287118009862,1.73627030694126
1.88780271086683,1.88207809912544,0.731111043897719,1.15743285072403,1.04981588874659,1.92130612742371,0.627889617529133,2.96790198373863,-2.97889380816788,3.62376042425572
3.42965339712214,1.40829275624002,2.10067776908622,1.31768270908237,2.04303444112021,1.4409482291261,0.343333644844224,3.56571403146484,1.83497304192643,2.76330775933207
0.869568617924832,1.15195587065075,0.417640371049986,-0.111142691274935,1.72012330877621,1.6198727801074,1.78906651215067,-0.0364609114118795,2.05566631026895,2.15956096331144
0.142884981564669,0.00578921560527512,2.09390593893411,2.14441086692448,4.06755438136752,1.46147986791744,1.61805564573229,0.502456162098127,1.01594268709847,1.15246273673299
3.46145740755312,2.82021668578716,4.05449067622265,3.75085138665633,3.63765551636114,4.15469956394332,3.99023927706528,2.37184930251555,2.16344646255503,2.53880570052631
1.74140396082402,1.38183859713317,0.632378410338458,3.50289680405869,0.244103817434845,0.743897431353123,1.30218359313938,0.269211957453727,2.08546112098621,0.723428285944533
2.05477681778987,2.81654389394133,2.29222733716325,5.3303116613499,2.8348256778433,3.6920790746689,3.9904687101728,3.81431487897564,4.32139184282688,2.91253912781284
2.46958110801123,-0.765099561817601,2.48923707269085,0.797087988650602,3.01496079729936,0.630509619900388,2.04139733553807,1.4404830051842,1.77151558397661,0.623875877913173
3.31970924719846,2.18469639362358,1.2663800579757,1.24484240026401,1.01292573659555,1.79569300522704,1.02493181044178,2.0179470107782,1.53271005060694,0.662470260554741
2.55246023219313,1.95567826401238,1.18849352986919,-0.155573921111214,-0.157983352693064,1.70643018640549,1.71860703010014,1.76015695067422,0.0560533196177396,0.943649035375885
2.61983544871052,2.65859283796464,2.40768806450036,3.93432380145701,1.76644958801201,2.01017374465324,2.49838213521653,2.0022178103727,0.630347454581136,1.95643621872809
2.66776562917789,0.473832767668289,3.1386267591714,2.1118163390013,0.652659514963215,0.903581493132381,0.139593272415546,1.01740864474861,0.288404130224426,0.37786134990898
0.244984982051515,0.151560935849244,1.00768945582535,-1.49844905462635,0.190347608197448,0.117450718350905,-0.102706001807393,-0.571120385187843,0.474502170836434,0.762625907113277
-0.389759369155596,1.7254715601341,0.618199072855454,0.102960143835293,0.487856129727726,1.06688905090487,-0.0714731662434448,0.071159630885032,-1.14426849672489,0.502862408291245
-0.226003657398493,1.5230543750747,1.17032734498664,1.74536586632218,0.469868611395702,1.68746231351944,1.28326990659284,2.41025565382929,0.578623148415348,0.743970274632795
4.66370347456994,4.3154170343808,3.88276527625742,5.15450169169505,3.09070670444388,3.58995922329631,4.64305106630391,3.40058448990733,2.6471267244932,2.60991135360034
1.89651271072479,2.32339327322318,1.81597584808172,2.87220381678297,1.3992719634035,2.48289141493151,2.55581897890132,1.20853073735165,0.302544700085607,2.21481894404601
1.3861515128097,1.61410258431145,0.541412866456443,-0.190866642157858,0.435192446941149,3.12967436410137,0.7101383170017,1.5817388539378,0.278636180017848,1.54106549600516
4.17613487933295,2.84872009220709,1.16553897923405,1.6927206194397,3.48448772677027,2.96949907606292,1.72444140583087,1.87178081924692,1.40150409764624,2.95053272271748
1.4570570997328,-0.880220192094944,1.00118327188429,-2.09217553159162,0.433469549278834,1.36802526592714,1.52502246582366,1.19519187008973,-0.924783332518025,1.08603008877793
0.290027125994761,-0.198879722945529,-0.988941125003367,-0.611552228807762,-0.465659663572055,1.22320240383907,-0.828789848840096,-1.07769610677649,1.51841433243572,0.184334581118539
-0.613713787898851,-0.357867772901625,-1.957930625288,-0.238310880299787,0.533268142493079,-1.94539882883112,-1.07610957538202,0.456426669147851,-0.490739257549881,2.5730967204413
1.30852677095776,0.285327282933579,-0.19469653230073,1.08371192499457,0.943552427461961,-0.285135641863042,0.529024987905773,2.62928039439857,2.02738442831564,-1.59962493837909
2.55798701869586,1.54786436295016,0.778314032659169,0.233339053773836,3.93813835009662,1.067663299582,0.586480757689046,1.91295531986913,0.50112092722207,1.14086343532347
0.63627407872032,-0.323661082116063,0.165537640992784,1.75915088267694,2.24374117267853,2.80655676379279,2.07697557711829,1.48982036548759,3.74664718380175,3.1739505687953
3.0389099196746,2.09504300981678,1.71013088605317,4.07370359479992,1.82088005687361,-1.38344291945982,1.32279645435585,2.06710202761812,0.0648410378070226,3.11401310352979
0.799312826464753,0.296882456080562,1.12006173132355,0.709027906715871,1.40075117725992,2.10428429964183,2.16636448030289,-0.370627733393424,0.625990814221942,0.727569150919492
1.85576794090646,1.16032419880947,2.61785129219958,0.879434477572737,1.02301129657503,0.703901114476375,1.14428806442854,-0.566029674158574,-0.488307091638201,1.37780646363709
0.501255831217168,0.215627551582533,-1.0000170390676,1.3067603622809,0.787719125607186,2.31917281136532,2.13229403410517,2.9258562815684,1.60082497320186,1.48540618619071
2.18251551819179,1.91249526710097,2.04041715822664,1.56796159513197,0.701231267295009,0.970763116473647,1.74409745810862,3.27687698257341,0.704376920537765,0.626455055305089
2.54729792737131,2.12721332175791,2.89217582110507,1.55638918464143,1.4900074926076,2.48803360440271,2.4775612624845,1.47033114203867,2.47234887502801,2.83718804605813
1.0236567627903,3.35893987143507,2.58434640330455,2.71324765551994,2.77211303115378,3.75116979468584,1.9414213298342,2.80648579181606,1.31468934213583,1.46855615473698
3.76947558474658,0.811943536270457,0.886235876378917,1.99894713511142,1.58802086502481,1.30724347732057,0.699836610506154,1.75844467952167,1.64978917663419,1.6610028326624
3.73560764531573,3.7146274438408,2.56403166091322,2.64628222864724,1.83595846569418,5.60464354932401,3.76852921195814,2.92947655242283,2.56020267108373,4.78756844402467
0.837977953825121,-0.295483969440172,1.96695697823059,-0.0253663409093525,0.453624664949904,0.119457860750346,0.327011021709288,0.568605157151755,1.05335677936763,-0.846917184970497
0.746255136719697,1.34476212959966,-0.895653798736137,-2.05959424103085,1.80718022444876,1.43481566707331,0.530087919986774,-1.37454635445494,-0.411097245169002,1.49842218413379
2.26340055826246,2.81713903008698,2.82287024881922,2.46366856495304,1.72169553721091,4.28476290749608,2.22721345901397,1.79054104635866,1.1209880118166,3.80692131244514
0.0969562213565185,1.51297822547365,1.03843529985353,3.23974536534851,3.35454588188124,1.91903830384285,2.07746352160191,2.08107227810293,2.8950036799527,-0.268006111637001
1.7212082111881,0.429833943661371,-0.212067381025872,1.99724103446959,0.896751592538645,-0.578001437890771,-0.00464623463736369,0.692329087742368,-0.599535829157127,1.71944366622594
2.1337458804241,1.54134572135745,1.55582951766332,1.8478370957013,0.337328927747165,1.64853585079685,2.11871435514271,2.02053650349115,3.67289246905646,0.693325695170517
2.73954521238168,1.77421106051445,1.4164272053606,1.31605188042779,3.00129401398195,1.44117810823441,2.34067687092003,1.42104867161288,1.53458077060258,1.69468321940841
5.11099037242261,2.10510455629003,0.211173866599593,2.44262512388946,2.71669063723103,3.68872688179568,2.60484261922123,3.63429922901035,3.58983609603459,2.22441825540943
1.2578351615609,0.518992310857446,2.20319632748021,0.720085659223931,1.04037389331928,1.80586513268279,0.715052561551286,0.651002881601584,2.01342553077982,0.673577197222151
0.683478306178901,1.78713182661151,0.422591812463065,0.670685555718048,2.70534021484059,1.84762422645905,-0.186181130478419,0.705428781105823,0.668115301987676,1.8265136884423
3.13650627030041,4.19448184769498,4.48071232497702,3.98711697674401,2.93909798152813,2.96147879785974,1.80775735088916,1.87705318797683,2.02693079088769,1.94595247873464
2.61682142641122,-0.184917287835146,0.956136400746465,-0.293559259038887,-0.11649352703756,2.20478323217508,3.3506848678215,-0.548239388184193,0.652083864186422,2.39480991217054
1.69380919094998,0.984960539622828,0.817044528115645,1.30372575797593,1.14678696381276,2.10421494666775,0.907727206940689,1.31759324101133,-0.812200367687459,1.64136591639449
1.98121778291793,2.15071241014083,0.787801027358592,-0.221246737190267,0.940173806479614,0.878362569896568,0.593774636870172,0.922333158443248,-0.122526783492481,0.358826033647978
1.23586253633637,3.02131409580234,2.28159720527507,2.64642022567374,2.0796450044507,2.51840661536381,3.71572224371539,2.72568366400758,2.56792312252116,2.05828708838706
-0.362735568900757,1.69114097922685,-2.04287594081809,0.183728207690581,0.973607429244049,-1.17341043724805,0.360628032170141,2.70084791986863,-0.651425737681603,1.28269064515657
1.50063734886261,3.88925325350533,2.75733350227161,3.14731310529179,5.66959779879366,2.17981221651924,3.33926067183381,4.37311962733568,3.73254979923297,3.61571751694857
2.881856885363,0.640919068820107,1.52706493782195,1.38001571174998,2.84008327496809,1.47699720196939,2.03208565368559,0.223020151435769,0.636712977177584,1.85155081236147
2.07681251097637,3.54120433139034,1.98491753556795,3.70414442912288,2.52511055555839,1.98765578881856,1.62128121795502,0.111651702424094,0.204626922994645,1.94833032917005
1.33899475888629,2.24296888533384,1.18803060207496,2.03663935669504,1.59948817832347,1.80425345804602,3.1074134498067,3.80480162291158,1.64152801292352,3.43532020931331
-1.03595753041197,0.925348326848177,-0.196425065839225,-0.708155875840346,-0.0806374655731831,-0.0558600874700761,0.0948727345761575,0.856471079946437,-1.29711188679829,-0.0909169063853601
1.37769006866883,-0.435314368271751,1.48862524231248,0.351189900342454,-0.29930077655313,1.09386497970604,-0.449268373640069,0.718485251327114,1.4999360069097,2.57863004187522
2.47242786074108,2.27239685526612,0.690754929914091,0.477546306743885,1.38806410286202,1.19954384637453,1.27341557382938,1.42533689340185,2.20430869924654,-0.0838444394120514
1.72894188475691,3.14948344514017,3.20439425552285,3.01481816687606,3.12412282222843,2.97192475804502,2.89613619322708,3.39105666424957,2.14331959721652,5.11776561808681
1.38428792659089,1.27917972690726,3.06077644674275,2.58106783587633,2.09319816714876,0.333857698310999,4.44038976393157,1.40450200656207,2.79681161107706,1.07311043459368
1.88754344139894,-0.87979494150542,-0.633256246164037,0.707235848864719,0.579902067321211,2.09449281375811,0.350003292793474,2.61230547203736,1.4255916811526,2.721072992162
-0.344292220630737,2.82376586608496,1.82190851520342,1.25023280068575,1.67763914335476,0.869091025109058,0.296557613323004,1.48612272302287,0.212489723605702,1.62502710923708
0.512266663145458,-0.207079968269861,1.30467279007881,2.44882331648689,1.8186771777397,-0.309824012527254,1.02919991889974,2.29518939136622,1.7140897101374,-1.83066670632188
0.868108169976195,1.33642107426904,2.33758056879195,2.36911215544112,3.53763385090878,1.31794077620295,2.3743114439871,1.07402503435927,1.8953776398784,2.56942126762174
1.22264553995132,2.25105206463687,-0.110402980224839,1.28145816199932,0.926176760485673,0.708476506644972,1.38082298156587,1.02601507420088,0.564181619694923,0.699541616938363
0.756742829436954,1.12639197644735,-0.349028242667986,2.04218708345269,2.65788893078788,1.13545166919748,1.32621557349833,-0.0682730189232228,1.5363617742749,1.4191959749048
-1.22842955763417,-0.0878880907186634,0.444052960479278,1.44307187959873,-1.56402952567934,0.770626435573281,0.836980739454569,-0.258811376326441,0.112644147357106,0.185890474249451
0.175270792604281,2.11194265858028,2.71635556158996,1.70385585824684,-0.942946642675031,1.31179331406156,0.729869052933409,2.86948456598709,1.19502070692163,0.0628655795218416
1.30150157219121,3.60998714350862,3.46452586836115,2.27764555774047,3.92691634568885,2.09131660370368,1.47643319137193,1.4551399544365,3.40785528569178,3.18421872521585
2.32056574520288,3.07616655691709,1.28752966461728,1.50079023969203,1.5657586376832,2.77984413915368,2.21981845967982,2.50263740806171,3.05660047399446,2.54044923626379
-0.438513054834018,0.848233990459561,0.0256479213969403,-0.1531727782386,1.78914278572126,0.6084948816706,-0.344800534400999,1.64841795399571,-0.0504776960697071,0.272202118095305
2.76849404401368,1.69160762715209,-0.547431394533874,1.928970539527,0.372392047679074,0.775228664750985,2.06213776838902,1.22737911171369,1.56401921241359,0.728608020529508
1.3579742564919,0.441084105240408,1.50957993895287,0.320081024873945,1.19240005784919,2.75582215633102,0.837443190916771,2.31042074276304,0.507777312246202,2.40037050828718
2.27157594592342,1.18190037435275,1.95052367020736,3.25988084862134,0.438636977679209,1.22043922408306,2.23355000436391,2.46553977256432,1.51002108492467,1.78275098430922
-0.85190173114306,-0.890222228947799,-0.441403224366632,0.430917218693534,0.0354894729224915,1.38368326558946,0.763993122917203,-0.531282745560107,-1.75991875775167,1.0327357790022
0.488284631416753,0.538143911062128,2.82584382934934,1.6202654930086,2.56846645002467,0.183367257641079,1.64276738021444,2.34868113598712,1.37307320470266,2.00727727368107
1.24406653480098,-1.35458442593469,-0.273151809989224,-0.410284633905112,0.778520251553844,-0.459912966338151,1.72541169420781,0.758054620156317,0.802416897179255,1.72165444543649
0.387329081782165,0.883315639802861,1.43226903789879,0.476263802149864,-0.286378449619593,1.2894909769386,-0.180666057276049,2.43128662335272,2.28908852360021,0.595879672236367
4.06793961815783,1.14260098209625,1.37789021681925,4.10208404688053,3.20446167393068,4.31070049184441,-0.382400657478894,2.72547069081004,2.57961442992454,3.92378122835395
0.593329767009648,-1.88677588906106,-0.938181291368327,-1.27137167885196,-0.731744657229821,0.945209453898748,2.16122731895973,-1.18326025671523,-1.09377010221594,-1.86010317522031
3.10668765462267,2.19865759349,2.0850920913944,2.7109750969898,0.715346828264408,2.7290437646104,2.08097286114103,3.47383541427058,2.14480597643953,3.71639291846066
1.97388962816615,1.9104879931487,0.252007189119037,0.573136076288238,-0.534800407642429,1.68452783136975,1.43758201901078,1.15880352619031,0.175927733272059,0.185577858810327
-0.063413468290542,0.834903508433688,-0.475741353464735,3.07260512947059,0.383089262001855,-0.225967355593619,0.0571574992395369,-0.129213203285658,-0.286693408531399,-0.281799332220329
2.62348977676865,2.18264273988984,1.98374830426622,1.09770326790444,1.93028097774199,2.83310903198871,1.98789160111729,1.19775056697379,1.03894260745253,2.21061222444887
-0.310091503103511,-0.199355728317238,-1.49681226570042,-0.559763558831512,-1.61883056615671,0.224078126146206,-1.14750633054448,2.72968562179565,0.768894405251126,0.845177970960833
0.5032168405766,3.44880197234568,0.784987481488862,-0.0115204402044327,0.0426843555306934,-0.021426198972851,1.61539906659205,2.55615449218302,1.88530126861188,-0.257180240133915
3.22163607522276,1.0778786385164,1.23335675639553,1.92120303007891,1.14823294706913,1.08945220713695,3.40520066844864,3.99824743274736,0.731680687440786,3.75913839344744
5.29574914411254,3.56805762188949,2.32256464249849,3.29536400327929,3.59575591602513,2.73033831604223,3.22806837036417,0.573658630420941,3.27870984119669,1.82795292370949
2.07300019904922,3.32945156752589,3.14879949751712,2.30636909562283,2.3351004060551,3.83800142814567,3.79271888315171,2.62157959677158,1.48919637763867,2.56928360167093
0.734662906528703,1.88148293030343,4.75916230218623,0.122769828566858,2.83023042874157,2.7817336095451,2.6996134786911,2.23393140622108,1.91602571145957,3.29899305934046
1.93426269643094,1.37817913914497,1.38543040618523,2.43399202025523,2.70858328496947,1.37903195513297,1.65271991209943,1.82336376492876,3.72692579024851,0.239896982491821
3.67498614990765,3.44289314533017,2.56433225582866,2.75350342379351,1.0249313543774,3.30409440101985,2.56817165420643,3.54078409732828,3.40018477928053,2.57977809314317
1.51645791105863,2.22008660947853,0.563941220441693,1.97903282311316,2.06457929330417,0.409296100025986,2.18855747548424,1.5805597837539,2.34890074215421,2.94209117587858
-1.00691567975713,0.453545273270311,0.780359377775648,0.173850982560938,-2.10378684624007,-1.33066310998794,-0.178677295804512,0.181618358587654,-1.12363851845241,0.704455190308524
3.33428949233693,1.52353581970338,2.7545301172517,3.77132891582898,3.50061159326032,2.36605207650092,3.10037086129971,1.998078633365,1.94903699210415,2.72516810534416
0.592096929521223,0.557966620994557,-0.154799789545705,-0.59198996735462,-0.0263786358307438,1.0062523086068,1.12242980061094,2.20478757506724,-0.0889617559473182,-1.00625703348671
2.9680580049189,2.27393022640649,0.0498209378467316,1.9708680770075,0.487554384359606,1.22265576500464,2.18082465011604,2.56937322359205,1.82404810690202,1.98207880819181
0.818994557193779,0.111229583311865,0.899291381083406,0.613267376475018,1.2288250517881,0.875831057062975,1.05881863716864,0.304994229984782,-0.494399881419051,2.04912909742743
4.46312654863499,2.65354394701745,2.30253728485642,2.30592686886528,4.76330313475124,4.11217461993907,3.43869122280013,2.40178077069231,2.89365822006594,4.88185361136719
0.560970342824908,2.77750406096254,3.55488046773271,3.01851555770489,3.54733061412564,0.677363197314494,1.44275144064616,0.517435524705143,3.90949762408182,0.688390294993095
2.64120707517202,2.16332348815745,3.11406069124196,2.75139044552047,2.31673322455245,1.68659460648453,2.37934923398057,3.70786759405188,2.86093257421218,3.43575981515943
1.77688768178803,1.67254847504947,0.772994721638745,4.14949954234535,2.78232319083129,1.61888104487952,1.71644874987112,2.78277156043337,2.34822020233365,2.08810253916665
1.16963475638847,3.26212213172169,2.64644461537244,3.46768255495036,0.895544169965136,2.59414648985998,1.2120522265909,1.1804506181205,1.73719972454914,2.30300322205309
2.19802790227102,2.31421995686027,0.917531372662534,1.42423066161632,2.53622856161623,1.35953245325957,2.9126882796033,3.10397975684299,3.30087455529487,1.15605248385117
3.22369486945478,2.37321526673823,2.44499766662073,0.441870243010036,-0.851645462206535,-0.0500594163228332,2.17058627251034,-0.316932533041776,1.83334141137622,-0.115959882279733
1.03356974903157,0.555499530751988,1.2138034386237,1.14282993978977,1.69133318791308,0.381344162421732,0.442390731794664,0.91265103194719,1.02792772980579,0.388433823489333
0.767042445754554,-0.610141257393991,0.120913596725906,-1.09955117538318,-0.2642824880613,-1.53018473775458,2.41951842543728,-0.148933103533637,-2.14191985619535,2.26542989186941
-0.933230291733691,1.58814128038224,-0.206066249607309,-0.34366093709718,2.12283697888777,0.491873685439641,-0.469834157514345,1.08406088916065,1.10465288272806,1.52611125019583
1.15375438799334,0.843597202206998,2.91711680174223,2.61627826980895,2.66310846966211,1.23191473194497,1.29722556220244,1.68585162847981,3.05479285233234,1.26331326104234
2.00831082643406,0.477790199122384,0.292790817578055,0.185791696269827,1.03593312606143,-1.65771930151541,1.28837025389447,0.0742504287631023,-0.8560123817815,1.89176195264746
0.102808698947085,0.171209256864206,-2.80288727388467,-2.00421495033268,0.241899305537711,-1.01327084558589,0.542348381387597,-1.48230418511286,-0.869779015096112,-1.25009769380689
1.77992632839493,4.15490600946431,3.80557905702934,2.57173982865388,1.40172168475509,1.8639036258941,0.772301455563894,1.04622733612466,1.62060633766563,2.3161766048004
2.72813283190096,0.900969136836244,2.04956612691575,-0.0239954737456913,0.135768279298644,1.32833439330041,1.42265090385199,1.5087884891266,2.00915016069052,2.2042465437789
1.2871486814823,1.46615575805212,2.15246786229069,1.13517987126344,1.88144590775901,1.11604270273829,2.73432984348398,3.13876293087845,1.56150447356815,3.47558636470332
1.0188165537137,1.66309373987544,2.03348140471445,2.2076440585282,0.930411999936404,-0.959894082241099,-0.184263053551966,-0.0456045484601812,0.497286597227389,-0.570269447004063
0.646015679495528,1.3537777496704,-0.411681158005442,2.98456272654038,2.5510871734639,0.469925946557163,0.347560047893348,1.45945946261805,0.672583283378183,1.35402187669194
1.22790132124885,1.83754466399143,0.500101107308036,-0.0827749101051307,0.734567120249838,2.32535807671611,1.83837821286833,0.540307886426752,1.35409723152871,1.73157685045177
1.74950954615854,0.870229392606095,0.848886932195077,1.60292807231483,1.86196313249995,-0.0240708310274846,0.859377784312605,3.32162246091957,0.266925319688802,0.84508083226483
2.53622142022507,-0.481766374020149,1.48150790870944,0.572275598299287,0.127780830776399,-0.250869297631469,1.2326541426409,-0.215856629571653,0.126930355843803,3.1407901023561
2.20297797832663,0.82365555527899,0.685520283088819,1.02730517008916,1.51903581532828,0.886367800752304,0.826910930257579,1.05797946281209,2.463242001019,0.0844007773864601
0.573294548535846,1.63845427485647,-0.335440625375179,3.19589403612175,2.2606344933968,-0.22087843554943,-0.780565452055705,1.73637496199622,0.759936276338093,1.30627853759869
-0.996456919490205,-0.478828897379759,-1.72328436419212,1.05767465434876,-0.363190410622507,-0.988651272752898,-0.11728341299344,-1.3415210901643,0.52063633833769,0.497079908759456
2.14442240376188,-1.0094293551841,-0.349696214530062,0.150942206271641,-0.200293558837201,0.738555400050184,2.9725619650294,1.11583301684082,1.61321630414484,2.49557769921269
1.76610195485714,1.76797799687668,1.72232757061746,0.97746981052663,0.455122432143332,1.15646383796533,1.92300954642002,1.8049525288451,1.82400289800473,1.55167735711657
2.19876458245314,2.42426225198012,3.19174828690244,2.90354837331465,2.87984604780091,1.3071058731809,1.9276463720244,2.17358904699521,2.21098706542357,2.36054254942487
0.233260560528527,0.303626684910506,-2.04936469756795,1.29908108716886,-0.81709934271713,0.4325145587423,0.427784903306812,-0.293671237345873,-0.78594669826683,-0.0613348466806208
2.11000500289649,-0.320028736868714,2.75439844041566,1.4799096850709,3.36696835733358,0.755132366405453,1.68278649723384,1.37546165214528,1.90586963094889,1.8111972653673
0.815191109717186,1.75303447800148,1.2190208418916,2.27053570899771,2.61195795500577,2.98156226269216,0.663285720788468,1.03080477491547,2.80741069210897,0.259144868502796
0.260440910386546,-0.470341569519246,0.844534425042095,1.28768595402696,0.9814014710217,1.68591996300905,-0.182512380349616,0.535359379842496,-0.13794615774177,2.75197736620717
1.15965770693361,1.42469750129202,1.516670928497,1.80076483545387,2.39356206093612,2.94019349994681,1.27529865295477,2.12386517978918,2.82055115714673,2.63406775400703
3.6109307024467,3.94723052759293,2.81489476445672,3.18058221122624,2.5015096666407,2.16313393997915,0.16126129640824,2.1416009808553,2.68759792797746,0.765125848369511
3.42687866957807,2.20874141042919,1.98963436363941,1.22842891281741,4.17653707343484,2.97172018801892,1.9433160968095,2.22132045322207,4.20588228698243,4.11726750234928
-0.139046744190785,0.0976737407429876,1.37523026460715,1.8832467503777,0.0933390576957013,1.22628405869102,2.16211668602738,1.20425256217774,0.318053237185712,0.742799232361409
2.52541019898257,-0.281943884533865,2.47523497394519,1.14924383490215,-0.55743984626252,-0.601865712657297,0.562628406228453,1.19600204526752,1.20729264054585,0.557598346578759
0.356582457793364,1.16536184465505,1.79875961930787,-0.0869443941752965,-1.42646389120665,0.944532959757507,1.30632558784062,1.8236344074742,0.420428750811897,0.798449464817305
4.64412022977543,3.59005152627275,4.59262010823544,2.96642730458493,3.56283454495521,2.71643288033763,3.28898176309784,4.73854757932924,3.01394048832616,2.52439873232169
1.01231412814165,0.592674013175258,0.155386302023231,1.83642577525474,-1.69208807134475,0.178286655902955,1.27044948193825,2.68325868079716,-1.27531034638193,2.21024371196245
-0.13483483569943,-0.143813922547705,0.645640854843059,1.04403035635988,0.829698505383384,0.835386370010326,2.70448398912999,1.62024061611973,0.632639852386178,0.924613051354121
2.77472976620721,2.42573522424598,1.49955704018375,2.33579459598272,1.3787825538998,3.12199722377277,2.30672571098603,1.91144562857474,1.91098397018675,2.09139484706675
0.803449592184562,0.638581394341649,0.706484304570175,0.6021291028549,-0.770714028147491,-0.409260988350088,0.833165464002486,-0.0536513107485938,-1.41631167918475,0.0652388268583692
2.65728549529539,1.64460131560115,0.198513462036365,2.73169254444216,3.92359087152533,2.4407901504178,1.38276642393218,0.170834335837553,2.13072079091191,0.703791101920734
0.994977803706684,-0.136581355809525,1.08196376322353,1.03297845082994,0.401176571545037,0.473596915928796,1.93178311924679,0.895755632009742,1.16780060838524,1.04281168933402
-0.0287312545339913,-0.167918916961746,2.14840264196746,1.15634106732092,1.43694455187773,-0.202454709213814,0.959427428845884,-0.283805187511363,1.00815493409489,0.799987291025779
2.80454912383499,1.67167996561805,2.77031148276548,3.0307952499668,3.23552545220696,0.380830118664996,2.91318844177478,3.4166801299855,2.59809616999058,3.45650421707212
2.20315185625443,2.96672379919787,2.794103115976,3.0692296304817,1.48788848932246,3.0483156626153,3.34907866687693,3.26690409368775,2.37360495507216,3.53396596575976
-0.407024773151202,0.807463140485072,-0.295427049028248,-0.795659269719324,-1.2234424996347,-0.259261349760465,-0.0712053577748384,1.91986321172207,-0.375452847198201,-1.99407692430172
4.69639918969765,3.5873219579297,2.44703212849282,1.60793012029787,2.2158819370371,1.95376241076534,2.25682785974796,3.32956218009401,2.52155541521494,1.69759220695857
-1.79294688335718,-1.25333175043377,1.10371584247523,1.30405412481687,0.068283136299998,2.16673014270532,0.25073650918953,1.36596096649839,-0.41367672005059,0.819075535733523
-1.02316956073942,1.28077495894805,1.83526386020211,0.789590257729991,0.803653522908305,1.0936354055441,-0.459676451519883,0.902864518905102,0.711106778411426,0.887824727815462
1.42147214721664,0.356805893819019,0.483671460634764,-1.09754605945662,1.47727951912326,1.00010173505625,1.44220636066617,0.985672617030393,1.57646319961479,1.84124785317732
1.94387528217533,1.21828323442004,2.62371210749937,1.25753594596445,2.71014156227917,1.7267414180031,2.87758525762063,2.56442621995797,1.65880875859938,1.13736174759584
0.652265430557549,2.74924569149294,0.946833611904324,1.05643604928407,2.34968018130364,1.08310381529008,0.651354079897232,0.915027403753002,1.81632663717913,2.64339266566347
1.85394350087838,1.33373547167227,3.35898010097423,0.85920870218576,1.86162087640584,2.46794374138656,-0.127719612455786,1.68130858037184,2.84712760918384,1.46991302796799
2.30353963248251,2.06850667611706,2.30355279624802,1.56923717969436,1.85344001159057,0.864792919000448,0.281871369561417,1.85323885899219,3.40803512088538,3.59100449743108
0.0489712540040973,0.833924565326869,2.28763305730176,2.09834412751535,0.189979659992608,2.62547713465611,0.968931907148424,1.46740521336474,0.325569051053466,1.56857277320028
2.51442972488031,3.60471095714599,2.8893576623295,2.38355286581302,1.60896716292622,0.742817061733014,2.74848435098324,2.08427993515713,2.09406159343904,2.4438650174707
1.59298938834526,1.64518469261769,2.7533957984074,3.72733967683551,2.87848682153251,4.31725293822812,2.90815189545673,2.81797556052601,2.47418247535187,4.49355697252369
2.24080560220016,2.20962767950465,0.889280507154557,2.70925190502683,2.73753623079715,3.22416302094091,1.42676909213412,2.20039004120385,1.33197944732148,0.738784788625769
0.567936490544492,1.03541678081382,1.57054388666621,2.04946965088312,0.533629308558103,2.77462400591648,1.76242537257199,1.78264825716247,0.957937998870454,0.559095493821501
3.83235617217939,2.9910167347023,1.19252840454227,2.18743633581096,3.85424434928229,1.51018828694778,4.05767296114163,0.143187810210264,4.7918837493112,1.89988769736313
1.96617365441713,2.30545859373322,2.02594889379422,2.56229891290978,3.1341471431445,1.43377560595443,2.95430630774912,3.98993394022396,1.9174717970605,2.52613384072924
1.40987879138861,1.11563079095752,1.16205186057518,1.22439305323146,2.61607200977531,1.50224379652363,1.06360617676646,2.36259819920915,2.55121680552904,1.52743519593729
1.5979119104364,-0.534817446993623,1.60085386039652,-0.48267400909288,1.43672146123523,1.17051074643804,-0.477644188003907,0.628079361111389,1.1165205320895,1.15822125371209
3.74333909163961,2.67029828729726,2.34004927948189,3.27356762420929,1.84658245045733,3.15381046717993,2.40008845154518,5.2747859867061,3.44197789551511,3.15842292514503
0.582063158084122,3.00585729183379,4.11688753987926,1.89398667299633,2.19665476739691,2.60266098181069,4.0513855152323,4.1674217775612,3.73866407591031,1.77570175975827
-0.00822359001508799,-0.550659632804178,-0.664098980593082,0.294129847234326,1.5487409984273,-0.221215547830051,2.27671922186913,0.415304536681899,1.29128590531273,1.70835204211042
-0.740615717553226,1.5261945123586,1.68593574158759,1.85005903611212,0.563629121050762,1.61581792478168,0.269268141001572,-0.309967484694951,0.0049974818312285,0.751392340154909
0.741938393579005,0.619181441340226,1.49841567763879,0.0282223234614819,-0.0105976417045194,0.863667187790781,-0.595518475800525,-0.405087548511766,0.16372977101662,-1.38146374140467
-0.899253553416076,1.5327058811867,0.535516546123553,1.19796326576175,1.972750785168,-0.27151341965624,1.99544812109793,1.06582552319761,0.523524002963071,0.482072228564994
1.93282971205759,3.33660680832595,0.383454017382797,2.23135637216477,2.33484806353995,2.87067688089392,1.17356300043107,1.4027720608652,1.75480720855138,1.10547637250312
3.00665605868474,2.9417071803397,2.65803595419733,3.48346187780185,3.79758262897742,4.83968639372808,2.1768220292042,4.11411997553506,2.83838958535868,4.84173329405572
1.79460710057346,0.100233571402644,0.0464828102561122,0.85574427346734,-0.387578498499745,1.53591479987779,0.993474083207697,2.52659454775536,2.11534483972017,1.30448962765015
1.62548580472664,1.29412215039332,1.83042758222442,0.771398876522783,1.03371543328822,2.42706080679789,0.700463292269271,4.03284587842304,2.13384733050973,1.34222472062889
3.43434977792437,2.75085807630917,3.15122093346662,1.05466094976316,3.40202787093834,3.64715797598554,2.97040243620568,2.51070988552071,3.43270846225554,1.74268603746821
3.11835550115649,2.24073834797194,4.21226128846713,2.12083084495893,2.34569798306082,3.5803378016752,3.0153779897152,1.31404712487304,1.54969398159345,2.07315224579462
1.89796620124437,1.67068984346873,1.53057081095616,1.8392499780632,3.6487506878938,2.93048027314446,1.13579719294708,3.3153682546065,1.87923695339833,0.795788865190502
-0.319159666256299,1.32298848976463,2.15155534753975,2.26941769820671,1.73374867311828,1.31322424782211,1.63243144771388,-0.157736724260828,0.82091346065949,1.06989744233071
0.563197038626711,-0.368495710664919,-0.129226347143189,0.729142574432631,-0.344672507031263,1.07856791815811,0.231239804491689,-0.594902291582523,2.71740373344364,-0.710730984175877
0.800829176731812,0.811386679343316,1.27179498510515,1.01647133926296,0.896105680104619,1.44918169645402,1.3668095125677,1.39036414499572,1.90230952721347,-0.273110979576436
2.22341609399869,1.13939935911971,2.47049418093775,4.34133681285924,2.88109326982278,2.16755817405948,2.86537954541251,0.744662899080921,0.0621601286640105,1.42726137560198
1.73005085110905,0.0426613293532224,2.25854182278684,0.6223502115802,0.579577224803482,4.56865817451866,1.08399439023285,1.23974030433361,0.129772341409502,2.2183750298527
2.32248121237016,2.08166982321977,0.368786142898635,3.35377490877198,1.16992361111961,2.79150424078532,2.45940419903744,1.18466418354192,2.04275648709385,0.00900710721400322
0.763604611188112,1.54459119412916,3.46302340970202,2.21700070536116,1.33015357879442,3.14170358292272,2.76073828965219,2.46219544595112,1.77040437112668,2.49992662643692
-0.966952813339099,1.04808100700247,1.94290465889711,0.508210699390474,0.960923187805037,-0.620676186788728,2.69534419502718,1.03754531411609,3.29241277307091,3.65411827756
2.65961976319072,2.04346724035589,2.30811565828255,2.65694117314136,2.68894189817849,3.57147362044864,3.03774469570631,2.61913609916703,2.53945413263348,2.89999603783544
2.60943037194837,3.16069590461425,0.0331559828278394,2.03482740040536,2.85107539881406,2.95654112045717,1.84312971580245,3.58908690879177,2.09598013209399,2.49042362835885
2.04339129620822,0.0553960819670811,0.509531562128031,1.17991566199301,1.52781749055975,2.06765628859509,2.88585621503435,-0.434800129479149,0.716148286161528,0.992862839163882
1.72375527935732,2.43941742721852,0.683496892897875,0.596602277471347,2.93244266999166,2.40283002123331,0.610334925630483,0.627156093980135,1.79833566102512,0.013299203047333
2.91499229418818,1.46585870901025,-0.521312616697287,1.81973946463167,2.59541771924776,1.47401208924774,1.50914146670539,1.02006649469939,3.6500477807352,3.49804356953257
3.35734271083345,2.8254659103322,2.37318643311869,0.461561267353982,0.127869815876648,2.69450544047886,0.236109579258369,3.07086323827757,3.20707117764929,2.78595235910239
3.20083411475744,0.62501593253068,1.29271789293775,2.12917278712551,1.58296531992129,2.12748620120003,1.54699453428512,2.31606327160978,2.19627010752552,1.6867019747218
1.18354066994023,1.79088774882271,-0.0993635646162743,1.54410943986514,0.202841774146424,1.13641749850271,0.770597191113529,1.03221369969849,1.88238775791735,2.18024152126908
-0.282069400814983,0.178041023082153,0.587745946741549,-0.5996736405427,-0.217178628420652,-0.377150953628044,-1.23921414658461,-0.697358375262155,1.25080710620857,-0.321842027508776
3.2960348448101,1.92484496425898,0.818810799408811,2.29223616532963,0.397487069251524,3.09708846585588,2.54497518904532,2.4432588903311,3.65231992761314,1.82169781163246
2.92299879302865,4.01454377341469,2.95494135950961,2.86055861456175,2.6313536869916,3.21133733382856,3.07346699672798,2.42837901250283,3.14637689498392,1.94834308291654
-0.475826160801685,2.37049872297359,0.738928092858698,0.470769383077869,1.30125467295836,1.07480524603506,-0.597895463716009,0.746611428922355,1.23172220159901,0.934882899064189
4.35957039275372,2.89838391338874,4.12661288796931,3.73325247941301,2.19885246236084,2.34295517692992,3.50486779085981,3.21442540051286,2.86255864343065,3.27070266431646
3.94739277720625,3.21387672930956,2.49539297995211,2.67464482004606,4.43251860723198,3.04180123583455,3.68406154113838,4.24606882721808,2.73188580232941,2.80908122685251
1.41999507012251,0.410161000971507,-1.91066050285124,1.26607590187107,-0.388070089503959,0.712158492164203,0.228246907628446,1.21421711916949,0.868608466603995,-0.199270089164483
3.25863676541479,2.65094336832833,2.55367285488643,2.22423186873142,1.66551549289111,2.11812102393284,2.96187924976875,1.50182292441088,2.25022561791955,1.54050925343514
0.598519809010382,-0.334418951888585,0.257429105745246,0.331521034199715,0.158003743184176,1.94478043405836,1.48168357963527,0.609520786255604,0.372379530679174,1.20822387334555
2.97693157753879,0.809624632239666,0.325229200895679,2.33216055200809,2.10542850604367,0.241248473423309,0.133293487145256,0.137973680126965,-0.46253736821017,0.138667914330421
0.837800145675633,0.459114559066858,1.63639695372568,2.74121991486935,0.670529797063901,0.558563558342142,0.00737944410674773,0.0969427172469826,2.75938666697705,1.11040255332557
3.41867351162797,1.9126782744527,2.3009054799934,1.37471952966694,2.39918544475462,1.5232505512833,1.81570496075037,2.09985019926312,2.96070765385522,0.798494217122123
2.64984035149362,1.16547987572346,1.69831672750974,1.52773708348485,0.904407966511381,0.120076798147353,2.92126041981027,-0.0206667015827653,0.284281916735077,1.35527074019042
0.481233360362161,4.14300647271792,1.00731443153566,0.722558651619366,2.03174177501385,0.404920579217428,1.67004505634393,1.8919707140912,0.718785316155101,2.28613389847607
-0.646368040049612,3.09378980488803,1.22696295897565,0.508096067201269,1.44436528011946,1.63916276607082,2.26504149901602,1.51581281820673,1.45543982264379,0.0819880097057812
2.29173545373253,1.08807991377528,2.0669485099283,0.391867175101671,0.159875998267389,2.18482247207239,2.39499553118954,1.33930856717249,1.77060217012024,2.69597054147189
1.55303000886509,0.606239322323248,0.22997368888978,1.23908188672817,0.985623519271117,2.11123472795349,1.30716067013946,2.5638005936419,1.10790822240748,-0.541557074216287
-1.29758317519276,-1.18346411731549,0.39379774699238,-0.850825944988704,-0.468061043089755,-0.939047760212255,0.0816389021420185,0.745951059457464,1.67975890851449,1.24236798235287
1.20771377412003,1.59800221704368,-0.28830264016805,0.0323411473784759,-0.279633358629099,0.922069034275561,0.927706275232964,2.14940464244547,0.76283505080631,1.13276842720372
-0.679442448858186,1.0741724992959,0.16137331544621,0.383622776961221,0.696757374315761,-0.996675309558141,1.88860356451271,-1.41256192618083,1.21760861393739,0.536431278911142
0.36414408418184,-3.00056123274972,0.647088440739011,-0.215823275597912,-0.21917945217716,1.59465676531569,1.6047446655198,-0.365869275844862,0.215045357508156,-0.342031306541982
4.0878678379895,2.34139052597259,0.614526602561303,2.0718424061739,3.82258718194747,1.65297415598499,2.5739868751109,1.74507056666126,2.33465984443335,3.67290747301851
0.639542132610859,2.07342550968856,-0.50273778471936,0.382074632217555,1.16609430439052,-0.588986486599558,-0.428896358432569,-0.995319207522569,1.12869200087023,2.8670109588252
0.385130752921994,1.74474619818619,1.06062065042521,0.369090000493571,0.554214673386611,1.77565512926377,1.77807577800378,1.65078045722862,0.451457582667244,1.34468312307714
3.9971981077882,2.95498456248662,4.21448264175303,4.94857800955466,2.41176305323215,1.67317322672042,1.63044029503854,3.17355499025032,2.95614761133238,2.72151187181723
1.93239523672923,2.4060105791932,1.98029595098166,3.33523826502516,3.18484139732451,3.25750087915384,3.28584982687497,2.80572756888059,2.83447688943225,1.46433363695046
2.18997730954665,-1.92713124445122,0.830701782272243,0.586581550919383,-0.356638880366046,0.817878288435479,-0.659325070639753,-2.41529469902014,0.263555107489865,-0.333576350434188
2.90711368035553,2.12221677173225,4.12283464968436,2.01277986930249,2.43367942009209,0.563916602804016,2.06088386973251,1.21275108310902,1.59945319228792,1.44199604300019
1.27451092636224,2.797240297013,1.68664144709018,1.71989236146885,2.14258788638622,3.40599754543523,1.17674889316428,0.677182212022008,2.76744326261611,1.57321366359311
3.51178832196731,3.64198908761207,3.78173679600838,1.58221439528845,2.83707291224547,2.62914959885027,2.27221359820611,1.32774121228642,4.37029307843818,4.64526410239049
1.6674151240385,0.497366849597111,2.9096367302258,2.31308601019599,-0.539998804771152,-0.776667099639808,2.59590099294804,1.75815900521869,1.8044644249363,0.39174862523135
2.8455836844149,1.25782601599183,1.96448169870075,3.25032699351015,-0.497195052102242,2.42705718690538,0.855003657829544,2.32161853603429,1.61469509416583,2.8799146840278
1.8044741072134,1.32282374601154,1.48023182751967,3.11187014930369,3.22933489819881,0.224397073136478,4.12344087335146,0.3049443228335,0.57844434314407,2.04904802881398
1.14587438214625,1.8500183168226,4.28381588423579,2.46166384921687,2.17095576197644,1.45951368307979,1.06194289967036,2.77877402378014,2.19426755711321,1.71199270204692
2.2979191509359,3.3003068094328,2.13049872282941,1.70442650122243,1.85121201155756,1.46859561076288,2.02783844182223,1.9068333433627,2.10851679461936,2.06872714011975
-1.40780575160479,0.329840248357189,-0.0377611188763489,1.82999099347063,1.10911041740346,1.05091150901672,0.176382983035389,1.06061776796829,-0.912102841952394,1.42164627475505
3.45253018050938,2.61069637334818,2.49874476088117,4.40619133753616,2.44087406744946,2.28590749474783,2.84089728531784,0.0152391846038904,1.9779104880612,1.51305550554869
1.7770869469573,0.85503787774398,3.46202043183191,0.971420139500788,1.31716201814021,1.74607687316152,0.45413873261586,-1.07090372844205,-0.64159716258043,1.36105437767642
1.10240543672405,-0.149440272000148,0.412824795012904,1.05363461952227,0.89183846597885,0.466312189948275,1.78042748703287,0.903012837430769,0.458463495988135,0.0294111968611267
4.24242466020267,3.10820261622692,2.79312435105256,2.00780809178177,4.4251115626324,1.58680177249822,3.74830037110237,2.83888115407943,4.18315612328817,3.74105888050388
3.53359967634737,0.298233599523849,0.0328583561867711,3.35541659347506,1.11808216887016,-0.533858481768812,1.17815049013547,1.73306465374867,-0.178161768550631,-0.471856558280296
0.319662096166526,-0.203109765851329,2.75296709872164,3.23915007794795,0.130451541051985,2.31662039178842,1.30513989343183,-0.191392203790672,1.67620673636065,0.765834863424811
1.17936654182024,2.30084386146407,1.58615825411484,1.66536575545438,1.7826305591362,-0.358422199982913,4.53466700165242,2.16629931487615,2.52525140112667,1.92822101120647
1.62436108142496,2.83612846696374,1.18429615993221,2.62597006584037,3.08971473336923,2.81007283668991,0.710059631231911,1.59047289632531,2.01122025710279,2.17086955532419
2.44414703495963,0.541551048659738,-0.644162250196633,1.81095035959933,0.645447335486146,0.724973372525582,0.115233148017097,1.23954281328666,1.76055542198407,0.353444770543162
-1.76195031218398,0.754175828487397,0.285285061230161,2.15398019755874,1.53214344989087,1.72402689011121,2.01824061350927,-0.62371416319765,1.73374545542593,1.47246462377677
2.58887677062821,1.2793984325396,3.15868333332984,0.889470403827143,2.86810435897289,0.54052339756625,1.06937626370875,2.97237502451906,1.2469605499165,2.4763193777991
3.5886809745467,2.09698285008016,4.14791528181972,3.7507530783439,3.96618706581652,3.38955044939672,4.00653531505538,2.58359261293691,3.26796781469318,2.99404694924455
2.49357724887967,-0.00800656970931857,1.61295370280983,2.44201079627392,1.36850225859299,1.21205489653571,1.23972157563115,3.16255756797433,1.27897170395306,2.34583542174139
-0.373553063584459,0.736097716930357,-0.249411328837988,-0.195842860105244,0.618955519508543,0.278432630326398,-0.0342711119754798,0.0686916746828242,1.62104333562368,0.934587377793543
3.1959525423346,0.940647401081053,0.757268416601098,0.327169658360837,1.98157923508417,0.963045093853907,1.47238378597352,2.09032706148203,-0.67542994315255,0.487853205307802
3.41000823279155,3.41487550996478,1.65279327473975,0.200010978633317,2.09676433732392,2.48963025459332,1.60429966240204,-0.297866444498665,2.06715143803821,1.44918620898099
0.0871091037105516,1.26584476884687,0.408169063890492,1.13986062558635,1.27703939615329,0.6796718804703,1.05111922979233,1.53400853709308,1.09721664710008,0.550744774444033
2.39550763922816,1.13561252040806,2.8026123928003,-1.40728463490979,1.81338834655302,2.30638408865698,1.42612568329139,1.79418383544816,1.9305839298541,3.51752988341875
2.81607752794577,0.61761652714245,1.84131721649652,2.04408205364245,2.59415465450851,1.30868581966537,3.17963985729944,2.05051460159701,0.563006562344501,2.81352444226589
1.29286077659179,3.02529098709944,0.970440189267343,2.36974852791814,2.87882055303537,0.525352846191973,2.73393790507706,1.07633635567319,2.57093635873332,0.140352111148795
1.84670601205897,0.418098988382869,1.25938329075272,1.4700469125871,0.878925115584235,-1.37504319137054,2.08663218592756,0.41549204469154,2.97241709099933,1.4029100379926
-0.510528676418594,1.33999200409457,-0.172457008932854,0.173330243693004,-0.0781909027149947,-0.142436461973846,2.27181540547125,-0.242220470161602,1.78484394896597,0.314384294834556
2.99972716328535,-0.053256149901681,2.48994902934944,0.511217936373177,-0.248738183777201,2.07414285471671,0.638330297906875,2.19246517425615,0.43634057530196,-0.325851186265599
1.19812078075971,2.12071659413697,0.677879844253924,0.0184245616283157,1.46626988386065,0.798081398256332,0.960712444439028,0.761774328983574,0.133448123571842,0.552510444123568
0.904172951658001,1.09888254808905,1.75287994835433,-0.866430692837359,0.507967112589851,1.94831531691917,1.87481546043334,2.33243707100079,0.869868733662852,0.738701734703299
0.255370087800798,0.794836843778308,1.41874958231828,-1.27523827424393,1.21966514014434,0.677919112432619,-0.578125993033897,1.08051987328292,1.70366341372609,1.55306232247257
-0.119324175155648,0.15966077169733,1.86201767783363,0.100638925879241,1.15594708615381,0.896809604475308,2.30378286481935,0.904068804529307,1.84474164562338,1.07071836509082
1.34800789751972,0.613364458430301,3.00277444112406,2.01036936162782,1.05329526781651,1.18749892064462,1.93801095077401,1.05344373230067,-0.332097278320304,-2.45903697938245
0.755667158434097,1.5740851152237,3.04805000702528,2.75093657045659,3.01159099655506,1.16662961861859,1.78983151274652,1.47063579484829,2.15686201280163,2.69856715660544
2.28540779108314,3.25204048468487,4.30916745814034,2.083980600584,1.74023188322809,2.33294361003109,2.26508138252539,5.02510870923047,1.43716604594013,3.2729640952816
2.97366950564147,1.56434381273531,0.628244689354469,0.0121208871486894,0.430213426200002,0.888411384450726,-1.63863437283252,0.0771985866909848,-0.596681516815973,0.159424797205973
0.514744681553213,1.5407482651943,-0.0628562681957043,-1.24034367761669,0.971156617953015,2.59202343447857,-0.352275755426964,-0.28699967638569,1.67399875230044,0.964778591668572
2.58355664536574,1.01077014371223,2.2436755829188,3.3078640342582,1.52848231987816,2.0890842793055,3.04653202045597,1.02474488334508,2.90939532837296,1.22421550395004
0.347856427600769,0.351946117396804,0.0435574654193188,0.111182023183984,0.567709411776323,0.715114795834274,1.64986865426461,-1.07216325303047,-0.351035797833158,-0.245751852167619
0.0661920641757257,0.104397867938449,0.993587901506075,1.01364820758614,-0.40001915903732,0.353950628407487,2.26816932844447,1.42668365036407,0.49589471706613,1.04174651659929
0.735239099597084,1.27879636976037,2.66298792671964,0.373383128230458,0.0791035374657221,1.50487068275002,0.462488682013825,0.545308237935788,2.41753447754251,-0.562977207949379
0.880213368238879,3.29547465282564,-0.478824571386284,1.22704762178526,1.63582427556141,1.92859899373698,3.94739270215605,0.853768119867974,2.32565046350148,1.69492386378306
0.404278094114435,0.0142192848113901,-0.320447490985347,-1.03063155002562,-0.365171742592945,-0.319343749325862,-0.621973214231291,-0.532004461467934,0.738750950798983,-0.52013957783181
1.42157672333879,-1.0880461081901,0.736840597263593,1.57612835046272,-0.261855410381077,0.21738797703561,3.41629916130248,-0.512889852892325,1.65141014443982,0.202633945628902
0.761092699022313,1.44057935005502,0.798722761365832,1.16266648829282,1.12788857537234,1.23054705752414,2.11476981677015,2.58302109198753,-0.895012429569717,2.54842921206724
3.33119125705295,2.62208901013263,2.13515977754903,4.40409397529152,4.18587956265544,2.38678223328945,2.0236417572463,3.30948642016969,2.99407301932787,2.18185734311623
-1.5847798692447,-1.38766258668772,-0.144147924271407,0.804682261991439,-1.05787126492015,-1.96665981797342,-0.204502214123404,1.30936796469422,1.41233142539193,0.739631033068723
2.04001862569432,1.59466909165434,-0.166666073682137,-1.27938075060825,-0.113976621652488,-1.02681890493711,0.0441132633589101,2.18651762701596,0.375368491358885,-0.104635334603676
2.57643878590613,1.0432932996343,-0.0350293733295231,3.149006416915,0.0276770077091216,-1.19845296127893,0.66535772865901,0.742014797390987,-0.135705729386959,0.0719848853066885
2.75527623817061,1.78141021520538,2.83259332196594,2.2863102341784,3.76212104498242,2.42187500459123,1.02049602295383,1.61770232676575,3.64756389968365,2.33182919588765
0.190132723230797,-2.39280441496761,-0.840410549872184,0.781635031736225,1.35873126709344,0.384319454866488,-0.952594531389549,-0.238613070111219,-0.402212319602,1.44837953967002
2.01183140530853,1.88595037433479,1.02126457339698,2.60388971714856,4.36949573486236,3.20760601815242,2.68366742202175,1.56589605115581,0.67004824769345,1.74865780843356
2.05165745464175,0.778529578441064,-0.325217456794762,0.598078516334312,1.31154436174766,-0.37407232641523,2.78544026611989,2.28063253866052,0.567564676922414,0.966742751549685
0.0868773611837198,-0.199847527349771,1.24762455919573,0.179976150396077,1.28318659320426,0.266038973113905,2.71237046247588,3.18401607005378,1.69415220378899,1.09600953332007
2.30690745903881,2.67658915820299,1.35655087472424,1.06158373206369,1.53238293408811,2.85267065115556,3.29699916890243,3.07332267901808,1.33030066769574,2.90049293877699
2.08324273634549,2.81012952664535,2.82895149124288,1.42323737666576,1.38408945011347,3.41628465653898,0.803234493864233,1.31278306188943,2.08295980186986,-0.140429154370195
1.55451379886089,1.66216332441936,0.665310590451164,0.137170850513772,1.2173647260789,0.24288758500191,1.10582440320761,0.734746466884316,1.70150794040055,1.01661474822775
0.835915970380823,2.75087289865376,0.333548786533945,2.61644829293088,1.24283064045901,1.53422217534222,0.925186155966885,1.31319120919444,1.50775866464888,2.94176672673607
1.45698890295861,1.80087671634748,1.4209100619874,3.14991348931864,2.79564023533921,2.22843849549081,2.42429021529718,2.46451014801733,1.31219389940915,2.63295720025511
-1.18627348080717,-0.625397983172849,-0.991119802798722,-1.51619059472396,-0.427361174537638,0.359718010869265,-1.7842755386967,-0.838281980461317,2.93893738786118,-1.14235855188599
2.83919463802893,2.47354966997813,1.74380310907894,1.82209136591998,2.16875543600165,1.66954239191156,1.92934633209641,0.278481718975781,2.53457259561824,1.16580006334001
3.27866242710696,4.17482535018381,2.02488316689166,3.16247358194697,2.04210716092645,1.23448933185976,2.79989932342164,1.51310722689638,5.13604175825037,2.13623603786218
-0.34195302246843,0.573787388024789,0.687693102726024,0.589478931754738,-0.874295484769679,1.66561288737604,3.73144202584903,2.2906491130837,0.603313496007766,0.270254032962668
2.1850242491381,0.886966491916211,1.73533419753162,2.56175289832087,2.65123134200416,2.16465730442112,4.16170551462355,2.21390988133721,1.41956350083241,2.43622454111334
0.217282451904726,0.58025839035899,0.861615061131039,0.680455610349901,-0.33062890536951,0.263469775899839,0.745033922766471,0.715399240046379,-0.0455707720661142,0.831559853705889
-0.365396501467778,1.10519046346554,2.13548459353349,0.585253993886596,0.285676365286819,1.6499034147027,1.61970183690384,-0.782962486234631,2.89977560683984,2.68953621675948
0.943679925994825,0.333389917758709,2.41105853072678,1.49027203311037,-0.321176375359079,-0.294585058340375,0.809643680556396,0.783657436353395,1.45058569925892,0.790518881124598
1.89646729573446,1.01310163566612,1.40230982415087,2.21249297272147,1.41484180655112,3.6578931913243,1.14510929526171,2.17103212390125,1.47526526539173,1.6296076230101
2.02163573470157,1.6500556275536,1.32492817492833,0.192737116211548,1.44205137603263,0.537382392731239,1.80224676213903,2.40389463576579,2.45104413950759,2.58384055564976
1.2450311030429,3.25034147861912,2.5493781919403,0.879147484187189,1.96301096918907,1.78507664865763,2.99289388586851,1.81093131076825,3.29869251028847,0.787496359104799
3.83169109633321,2.78707228493593,2.80415694581935,3.94815826000704,4.35673858457021,5.70659412990755,3.01187028141057,3.03178924879591,1.68300230959916,3.23821660407943
1.52183586675566,3.7421717113389,2.42397467796023,3.9469384437694,2.19538025292992,4.85355507306633,2.06998903282123,2.39259000543049,1.97964227688035,2.4564224830148
-0.191908568561232,-0.609475478708487,-0.319492880494535,-1.51696694608029,0.264379826870998,1.27413982056986,-1.34360941212278,-0.819541157277183,0.176988565516526,2.13233098883482
3.64586564677489,2.70376068653804,0.630880856661362,1.42615311914247,1.78818473784424,2.90249661842703,2.2660415663088,0.881232794781629,2.93644744800874,1.61134764261172
2.40103494492591,2.39339273816971,1.81644989803708,1.07660600116279,0.482552562294901,0.665698311629294,2.2193430138251,1.67959118148269,2.88647081636998,2.29684776678727
0.250911981106048,0.786545937172628,1.17636789827266,1.00510444574082,-0.115542614694883,0.7548437283842,1.91702976675542,1.19083868116832,1.96869154603467,0.300672653807733
1.76056320171634,1.24992084965458,1.79832854232166,2.31173194143486,0.839068697565259,2.015950433989,1.01773118911659,1.90431371479744,2.67959486888762,0.965793892326793
-0.752731392430661,1.78096219168001,-0.785179886717034,-0.258286012547962,0.642285716184238,0.689966013229457,0.554222946713366,-0.104261215980115,0.816927047120573,1.35714995204271
0.296687518388647,1.05267857627535,0.918933663915054,-0.920255544259814,1.58027305599358,0.0114574674988688,0.0170612240976408,1.92465875888839,1.56222083212903,1.55835218179959
2.45858747247046,1.43009787760268,3.00074893833153,2.07403368492255,1.48941085857686,1.75627070795676,1.76485225700083,3.27428719684899,1.4832319049207,1.97784507839489
2.24974943435941,0.999134534152868,-0.161346944396707,-0.248691944004253,3.44063337708348,1.21005897740415,-0.181235313074998,1.89482918287324,0.0825117372806404,-1.42640489771535
1.7753629114484,2.33664075450938,0.860183731108284,1.91259487245758,2.96586585190732,1.04992607822792,3.05316143874772,1.56895852562932,3.23025370202782,1.73271981437519
0.271495329805596,0.536576866920328,2.19206950990957,0.604559812067895,0.627603067948865,-0.0533161710535541,2.43821722714405,-0.0311061659863756,2.33271243273504,1.18214248301561
-0.519716679324628,0.324764369350017,1.09541677243222,1.08602454375059,1.63100745921628,0.329649219158764,1.40389596157653,1.05834142510817,2.55713817317561,-0.0899670227073064
2.65755409639728,2.97921947923055,1.08139578722624,0.607418127565962,1.12225641380357,1.17496500219772,1.35747942725515,2.95059292168375,-0.20151064260181,-0.144136259724707
1.05320046884483,1.18462887136679,2.90605850584702,2.30963732078491,2.18452866525115,2.34521708648348,1.28485839000604,3.20710899672476,3.1092687705242,2.13045535947564
2.4438203620531,3.6660094216317,2.47746508444191,0.566488969945939,0.830439175193909,0.914549951314634,1.66554378185048,3.3280731044891,3.42922318231063,2.29522573418682
0.871779385338631,3.21181322151769,1.21941401082252,2.69856151946814,2.75907625883338,0.393319504774199,1.20177244670657,0.635474805903324,-0.592658401075912,2.26912051016951
2.43908776812155,5.23688078324779,2.55789076604192,2.1924251612907,2.68010667364319,2.27498179236511,4.00678879595557,3.47942733237996,2.70839047312019,3.78119228391859
-1.45663573831899,2.58131892854403,0.161530320950634,1.62851422985605,1.63630898425977,2.63280744993924,1.23004264900847,1.47404364525787,2.65561021262389,1.46684842550139
3.58178326289649,3.38869370968609,0.385202964000551,1.10037130266146,0.982731123202417,2.48300134135885,1.1662091081458,3.22065010342777,-0.834714857881648,1.49589131278462
2.21174506269684,3.1149867089699,1.29488956618541,2.4228729947165,2.30386827751752,1.67003550351757,0.0511469469923347,1.62460227172377,1.83599557357548,0.9204424650402
1.00150004380571,1.62617355561868,1.41570613365754,1.10466141745809,2.06897278913723,1.1690831921011,1.53863076781857,0.444369336273783,2.00558175328331,0.85727014746534
-2.74424358460571,1.29258989851622,-1.24838912294174,0.632474022769096,-1.59856188819385,-1.35748014275053,-1.24734024700406,-0.55384814337713,-1.09991959568002,-1.43122774619596
1.97644320814703,1.89266377751234,0.685405697606952,0.134886999466542,1.20502398452495,1.89562018535908,0.573374895506238,2.45494057519519,0.00795662442724088,2.51491760896732
-0.0462793463677784,1.14404356298507,-0.00409183008525105,0.798561548528592,-0.142886918350008,0.336017534676164,2.20078408634519,0.950050392217961,0.0345714827826846,0.236586583788424
1.60039415925265,0.532122908202246,0.0825182690946521,-0.169294895823139,1.02832549213559,0.934819825772492,0.932547566868933,2.02424501261641,2.68333115148773,1.52855344164148
2.41025387546771,2.46028240455578,1.67329971314293,2.34092413895849,5.0743622929111,3.54757903480375,2.95248297427234,2.5930383090224,2.8315433607673,2.99683707923944
-0.401136469248744,-1.73506904979593,0.472893774135404,1.10946572812252,-0.0650452589996258,-1.73274878745604,-0.00566131532954642,1.05750737620905,1.88895248259724,1.44459392378149
0.16280847272674,-0.784640302824483,-0.239502151048042,-1.91991607891213,-0.234417296387806,1.32120900510286,0.845050400489716,-0.770943165692911,0.973406685009836,-0.655126047657035
2.40905420147942,1.13110347776349,2.91594033681372,1.17671043502932,1.69912165813801,2.92184338205349,1.11646091620756,0.282724384291049,1.29315627574699,1.35953231607816
3.63706047469538,-1.28886978610212,2.45423027756496,1.33593910417282,2.04497852150606,3.24039024252824,1.95776266054626,3.24873329139831,2.13214322948814,1.47988373618971
3.73585716264432,2.5170996867175,2.58551113137497,3.82389436965942,1.75883225914303,2.17654992458352,2.54568776688215,2.90594598024942,2.43086922283368,4.27513875188278
0.00165367653695947,1.40964134291388,2.55024125295313,2.97306893133692,0.64636595345103,1.15851487474891,1.50484972702595,1.3569861270818,1.78090393329383,0.477920294231665
-0.685233378120655,-0.0972749910463404,1.07080395392269,0.320110740285934,3.0516455137722,1.3052181032896,1.22957095642595,2.2717065218108,1.14189652717376,-0.240066406489763
0.56388462713711,1.10300633423894,2.08411895615748,1.50159168124195,1.60353972061705,0.886721100759476,2.97047802313239,1.93994919913887,0.30177770411815,0.721398669783152
1.49140545011776,1.11197088787635,3.20864088161727,2.40854744178866,2.21349326600446,-0.584409302880447,2.10717994531465,1.57875849695427,1.82598751763294,3.33351285953745
1.40975297363143,0.676138517442039,1.33052477432355,0.626431135092011,0.746605732458416,0.143959310181193,2.6871075363787,0.84227338079725,2.19827501195585,0.768981144905712
0.969515784000304,-0.206138378487897,2.137774364732,0.20721465668202,0.789064376549985,1.93800486174235,0.909506665408723,0.878051577772108,0.177309306374684,0.440028007986356
1.56368247038619,3.96370293697072,3.85086753830885,2.57449153120792,1.70374359529312,2.28405657922401,2.54218915133842,0.865181625794347,2.83017860944772,3.91466562892935
1.15998775966372,3.58880483046519,4.1041732206267,0.737773733979271,1.01423902194849,1.23374337574487,2.86584779419631,1.68328971185491,2.17651646851679,2.35517594010379
1.46105424462112,1.06562614262147,-0.442966375657146,1.20096810658468,1.27840079342515,2.20973216639577,2.27200692858325,-0.410547396191925,-0.975322279547919,1.83255249555374
1.45410101735792,1.49886154263337,-1.18793888924939,1.35011724394225,1.54384098644317,0.934091396079397,2.26027004351351,0.442231047955436,1.85813424776498,-0.238823508735131
0.0453594171738241,-0.00770179063286929,-0.19762216501184,0.253910860679849,1.76819425826123,-0.295393521515745,-1.25183277517717,-1.4468087901849,2.16582183596679,-0.308792835575152
0.480704998599871,-1.0410655553935,-0.150656979830237,0.501206232672241,-1.37652153415659,-0.745481221438367,-0.877749838492642,0.320623882647285,1.61475679555021,0.819755657231529
1.22633307926907,-0.468427896473245,0.853800034511431,2.51534474322489,1.54956835906663,1.4259767291045,0.519055892025346,0.707947431962537,-0.427334212852289,1.21652268274215
4.18284265599104,2.63986353774086,3.68209594538995,0.541102041303541,1.20326903244533,4.52452816103902,3.29354515347241,2.35793739830784,3.86467608640218,2.55315076132863
0.194026604865875,-0.0487740735858251,2.76036416629327,-1.45760693455902,-1.12550224673995,0.995591672267661,0.544519333022938,1.1445383277247,1.40052822930756,-0.847210664981091
3.60803928530958,2.13975321882594,0.164892124608413,2.10992294305843,1.82197037665912,3.51361707292152,1.04093890992393,1.60958210757285,1.52143675407438,0.537774830311739
1.50454286469943,2.19762282709485,1.45013224933222,1.89579722034705,1.80731965654624,3.10170735934733,2.25062157831974,2.596830419677,3.28905973428951,1.7214198383311
0.391779921495392,1.64546073576675,1.64812269388064,1.01241338193768,1.21642562313886,1.11389605556337,1.15058903233243,1.90120901364958,3.75263978390985,2.32217828767355
0.680273202537598,-0.620423355765743,-1.01877231275234,0.0443020972296886,1.51156630284149,0.546377512042667,-0.0084061924543583,-1.19286898687715,-1.21264970437113,-0.198225659454274
-1.49689625814372,-0.105752028759704,0.320285596791241,-0.522834072725501,-0.0216439834674995,-0.713231602021342,-0.0873857011179219,-0.938612145467934,-0.334378340866888,0.373644238054601
4.9930730537437,3.54934735335542,3.81419191376304,4.49056579536633,3.52379727957433,3.23391768081943,1.74567595546424,2.77924550027714,2.43497335082276,2.43656190075712
2.53486046854804,-0.458217052622978,0.783947236689722,0.956603079358372,1.24004729475291,-0.550703344158435,0.66135991155392,-0.60464401702534,0.456895827445504,0.103344561774136
3.96257614888824,2.91863740013465,3.21325569890608,1.61841931240377,1.38279517791203,2.49835383811139,4.91876015643095,2.97776428409656,2.64512802658548,3.18205791304462
-0.0663197271186302,1.39206234661559,1.05542579154743,-0.0448252528921986,1.55526937706411,1.09570007431819,1.00402659062472,0.157484405334163,0.154925285470861,0.0543679455287949
1.57546135002321,0.325661886569055,1.10144225612587,1.26342853371437,1.52165437613698,0.697024944070787,0.517053060419457,2.37245809412909,2.57436156583237,1.49938953336981
0.0970701498001163,1.21339523175713,0.361737677100535,0.18472210226368,0.324604359301657,0.932450819514281,1.93193263683974,2.00296981929438,1.22377950964017,0.251222684714544
1.5561231980601,0.444717259678894,2.58282821672869,0.974308514054447,0.555147521905222,0.960417615507299,-0.683716273430698,0.295139820810806,3.7334014668197,1.45267551402058
1.32113555833504,0.181553324749628,-0.0416263021101584,0.56152552647263,1.09921425757215,0.415820726660064,1.25309804996613,0.444755257802882,0.24678958317658,-0.0130878566245971
-0.122965982049707,1.98485246084158,0.481950440684568,0.43615863423693,-2.00391722605614,0.344572783979849,-0.586829483595919,0.196868450930603,-1.83699391804692,-0.197846623307945
1.22005747600579,0.999789138714403,-0.540874587805234,1.25988584808058,-0.400668281511808,-0.462406917769021,-0.0921714038918786,-0.8526007938148,-0.110827267063663,0.707659699315599
-1.03122805951228,0.552498129167638,2.13890043861541,0.0663296879243979,0.287869906963529,1.30991505342464,-0.309097024668537,1.61946469886507,0.113704514597048,0.387932566483924
0.477944671245395,1.65811720624475,2.60928854510848,-0.396756005248183,-1.09012863344118,0.903929772982293,1.04477635923263,2.19595852160801,0.111992735706347,0.770826034137372
-0.759192038538195,2.42513355483356,0.153354483639789,-0.325172623187921,1.80027628320307,-0.0290300461963571,0.468536774804722,-1.08697888997353,1.51515888890576,0.0593704220828521
2.9265239388579,2.63071463513673,1.94968897907929,2.20886214502846,1.52912506319375,1.53916097017647,1.7718233596081,1.23551336602454,1.5766259225307,3.05679824046455
0.402075017696889,2.37858816484735,2.30429024134175,2.91647519227463,2.10605937473536,1.37143350752309,1.72648083348087,2.67119333527896,1.65887318965109,3.02539793240602
2.55860603285609,1.65609626319481,3.18394326305997,1.19555303638546,2.54595693886225,3.58765251462702,1.79853786386468,3.21532659428153,1.69624369382762,0.602677380473929
1.83681903995898,1.33072725624323,0.714418252618923,0.712410416936475,0.269768027402229,-0.557863114600502,3.91100870765206,1.25348003627525,1.32818864442546,2.16225738058952
-0.0562536448621731,0.925995350803794,1.59199971803545,1.14488297895432,0.82395628945035,1.67663925525802,2.16935725405147,1.57055870539493,1.03144469824374,0.387027056505834
3.17099213641005,1.54107262398433,0.879846606013111,2.47298604369756,0.200084756945322,2.04595488156279,-0.398351163475106,0.301402767387526,0.468935214881144,0.656031818815639
1.97413047183445,0.0135280311701722,0.298636013380907,1.38360074366147,-0.371564034200624,0.0947568684852818,1.74669457889667,2.62214688862913,2.10018622647539,1.05997189596581
1.3814373819545,2.41178743649749,1.48363809009387,1.15631513145227,1.24363346695083,1.86164303900987,1.57301981014547,1.57293476177645,1.91425935223629,1.99401962510694
-0.163164352987227,1.65638990128987,2.2964829329302,2.0428422383999,2.30314984550033,3.03747342092291,1.36814590022217,1.46272122010886,2.74849174393318,1.33120895173321
2.80939325824308,2.48816900242754,0.70867421315432,1.40338499522125,1.41888767752527,0.998739044735635,-0.247025270831164,0.956408226516963,1.06740556439199,2.21707326035293
2.31190059214719,4.05719619351494,2.22143191280334,2.62751251504298,1.47443866167649,1.49815431927447,2.1575737314871,2.39673250389428,2.07303121878369,2.67951298577769
1.80246439118944,2.33938286013582,1.28460287733106,1.71495329605005,1.43831023003465,3.79657720119471,1.97991406417252,1.7720218087423,2.06567266068244,1.90070534923606
0.151829945821453,1.41362203677654,0.434856545542189,1.48882197604872,0.936588315462945,0.761236734603531,0.95230837151581,0.30408262131565,1.31651782066438,0.524661684200141
-1.2759079359791,-0.591054089901971,-0.675090604447147,-1.14164361658211,0.0180176489550512,1.02592657350474,0.31832363406522,-0.0264885011223765,0.599447157494206,0.152292090909687
1.56069265680881,3.17041864399796,2.20753175397207,-0.114775644379436,2.89507011306347,2.25891755287214,1.45407959762291,2.23147154888554,2.02907342666433,1.94451839706903
1.16785316601723,-0.183507976598354,-0.691026280907838,1.78601971870788,2.28051932594826,1.52100573649227,1.19821606059159,2.76271059173683,0.968005314456083,1.38287870525069
0.324745774106212,1.46935817530505,3.00293653836433,-0.0756940458524511,3.60635473157788,0.459522828417634,1.10744459094785,4.22688777666354,0.949385390023432,2.17774735726213
1.05885143481559,2.36861652580535,1.94524878885404,1.18788579592755,1.81089556740343,1.16100172318415,0.737020420720898,3.31850753394875,0.63496353765229,5.18636394453866
0.200595471237092,0.678497168066813,0.168530800278153,1.94528221212054,1.04324893766864,2.11792930649402,0.179708334451429,-0.833949112303397,1.21456819013133,-0.549268334971334
2.02402167816044,1.71868946565292,3.65800246588086,2.83159490708288,3.38559887471889,2.2529939809761,1.53677231360546,1.26699773337282,-0.000200065738613198,2.16683011580401
2.7760077620002,1.58852820280908,1.13190111271932,2.58106886688303,4.42207664180788,1.53733858025312,0.213488541494748,1.55214781591335,1.87258748657289,2.33252245387338
0.640457068489307,0.259489885679773,0.489824967429662,-1.00620496433547,-1.31474137757573,-0.51241072253472,-1.02036781259773,-0.276858095870562,0.59288475126063,0.432845794020468
3.02424510740398,2.33011115311637,2.99627494110973,3.31882015979242,2.54826711298823,2.16987574035459,2.3817337571355,2.60998639752119,2.7330136762544,1.98977194430845
-0.476529497265484,1.4210662304293,0.165909003976626,1.892109792057,0.667356551943838,2.50049006275756,-0.100365786400091,0.616662113225517,0.277811732380535,-0.326235153857581
0.61499416031512,-1.87779685304691,0.444331462004563,-0.788925476651277,-0.542731454985888,0.0306879253838976,-1.26646193145449,-0.354266673999138,1.24974168954636,0.0002874417240025
4.42521711827856,2.47778145788417,1.90087708481248,1.49006329797026,0.79481788899078,0.959157958521441,0.95145439390836,1.11694147228708,1.4617146106015,1.91172876234154
1.1553746575779,1.49788730033396,0.898534892905533,2.62772949819204,2.15272497021548,2.50979725830041,2.57032436524166,1.94615843559652,1.80883308184986,1.41236522864193
1.14551057555811,2.32873581670945,1.7791586350151,1.18038594542047,1.63810989208186,1.30296517213718,0.817255883848249,3.3027132713918,0.85860956865965,0.530448210507698
3.63431208665548,2.50507832591217,3.65779877654094,2.44590054585644,3.05079882120138,1.85074362200069,1.76631429526478,3.27463829723113,5.47287657303538,3.51890444948067
-0.0792717469183675,1.72729203659224,2.73823687828317,1.84170633057677,3.12542490000403,2.3622315269546,2.01468347956538,2.15883613347818,2.59979844139041,1.56132935256617
1.59874118587418,1.94782689059385,1.10504083090378,1.88770351722435,1.07700640897332,2.74221926321105,2.47157467215455,2.88180518161688,1.82889571392957,2.94401778296112
2.05685505128166,2.05385270616419,4.55221127111959,1.50501069488348,1.20116982644657,2.09968484528693,4.05807959821532,1.78356201087541,1.32902838484503,2.12494417598836
3.84982490832779,4.30734153350442,2.25826458118252,2.72216010580663,2.76546669409396,2.24096213442721,3.22131001050267,1.57283976502385,3.68774373685473,3.29394000756289
2.2567016741559,1.11408701556881,1.95627221178443,0.801196536432934,1.77813743986515,1.8628954517204,2.34898262875315,1.90984389454485,2.76930431755684,0.716911366968047
2.47540054644979,3.86332036539403,3.57242426789099,2.77203533901805,3.63298044186975,1.05051844636449,2.74678391339739,3.12731326490659,4.7875555173207,2.01385001215792
0.163676530760282,1.7695244388202,1.10578071445071,1.61459844154799,2.52844764870597,2.35892398364851,1.64302798418186,2.60164478959645,0.228488417164237,1.19280633029777
4.41754391933761,3.40090073711703,3.60417535248005,2.59697139792228,1.91146115982469,0.99012559628489,3.38739997799756,3.30682477585225,2.88273448306017,2.63927595333382
1.00249307436647,1.9028552097393,0.754318271937528,1.06018889409546,0.146993373342276,0.430484683654632,1.36638136665316,2.03955914092527,-1.10652868839044,-0.130383915163064
0.370138379465046,1.2465615415884,-0.00919438250640169,-0.272731482396385,0.17440719991271,0.685991583932837,-0.942814674454368,-0.431775106389761,-0.0923823778776414,0.101795693336534
0.756162675342864,1.11719439303451,1.5860586707187,1.54628519731754,2.92131643078406,2.83017447360213,0.697198922605466,-0.150796591517517,0.697526620390872,1.14628234607542
-1.11596999232897,-0.610941640614437,1.18052478872951,-0.473308497658186,0.626768444158564,1.93805444018111,-0.522453338521696,-1.13868065643564,1.90342305768641,0.342320816046492
1.64279119882269,2.1115424338204,-0.811791040678428,1.39956825340582,1.73161100051379,-0.324195339141519,2.12995883097876,1.58607816797003,0.325197863323419,-0.929506227057474
-1.42494529284346,2.17742000239093,1.68093477589525,1.56307544463511,0.379190611464955,1.77005653203211,1.18498507810778,1.41429390001797,0.908418576025296,0.232122444290573
0.643239076787712,0.876414350576845,1.77782224386118,1.36362276808629,1.04994581731175,-0.970826347100551,1.34856665904382,1.16897046256297,0.451179211626345,1.50128303538217
-0.273397870081745,-0.134330778374566,2.82790922012928,-0.313894623482832,0.647821330070777,1.41641276537557,0.914669442139582,-0.190700592660076,1.70680549707046,1.84906522087541
-0.0327267084772791,1.00637065283715,2.61741528327,1.23737685969172,-0.821865843461294,0.20603892931639,0.190808798856224,2.23503019756524,-0.69471227898097,2.44124868893162
-0.643140247124447,2.13622393734954,0.893133572369505,0.0861989405552409,0.530543362405696,0.455692425756698,0.806313513984056,0.0661955054723695,1.24517335790839,3.20386108156965
2.21257770412454,3.14022975822553,2.85963108080282,0.776888550446879,2.73432846351628,2.15937202829605,-0.571583775410789,1.94850173907459,1.60555503727236,0.562082724711702
0.885917499724527,2.37518602697196,1.58738756353404,-0.203043693346647,1.26484733739355,1.16010304336085,0.965266993199426,0.183034181828993,1.39752678663924,3.06996346235424
1.84974927943952,-0.345608919272177,0.0259998608767567,0.934296876386482,-0.32309895743176,0.953507658995873,-0.905417175754894,-0.300249566864155,-0.183110194870235,-1.3108659177696
1.33313478106447,1.91252224624761,4.17286372106759,-0.327134609732639,-0.161570179889379,0.917498886444134,-0.136644460042957,1.27365638950914,1.87231842652286,1.06409084094909
1.37883476712616,0.687000954287829,2.94751398558661,3.19345510728402,0.784569159800297,0.469395626675908,0.0668810240153203,0.636948999623259,2.05155656797516,0.361310637171011
1.72372666703849,-0.294995368475937,-0.834419882019335,1.08436153381845,0.406045073063397,1.57414534243143,0.720894768772916,1.71248453794954,0.157949838251016,1.46473326197082
1.28164384394532,1.4216286143528,4.27891718849972,3.17072134066867,4.04435661272538,2.0123052444641,2.0055891475979,1.96924478820177,0.456379312545684,2.38696904864147
3.24965913731763,3.23449208603344,3.42249462404714,2.9597736324479,3.84223746451503,2.33326519693677,3.02560621738107,3.91864196602018,3.38351497025989,2.71245240316621
2.34307783311947,0.844315822591355,3.77554966213516,3.13739323947083,1.37744417293404,3.82370299138849,1.80917788360483,2.77905937789886,2.10673080365408,0.192042490256787
2.88918091027131,2.28687594471395,3.20582925450486,-1.50854164483268,0.726082508711701,0.325365117589898,1.79430783200817,0.512504729475544,3.95160185488146,2.30608159579369
1.62539022547737,1.56125066896253,1.085092201515,1.68141476292257,0.0254041233949889,2.28598511550986,0.65303591182737,0.665980974078135,1.03698662571799,1.5510997770728
1.86915829647757,2.82502947617815,3.97309695714724,1.08468463730682,4.02731461029598,1.54079806897437,3.70650027756673,5.02924047652117,4.14829463326644,3.38270504750993
2.19849122921838,0.656649638043561,3.90677501366036,3.11535448825066,1.92132043476772,3.41269839791438,4.92554269407628,1.41226704217732,1.87311596541262,1.1298499310837
1.26972753164052,2.06908426287439,2.34599522489807,1.14617160952815,1.3240720319056,0.839398624169343,2.16306756803863,2.57465884928681,0.037403578747764,1.27088373933103
0.496181211817269,0.191674809424006,-1.20155509388856,-0.572297592483697,-0.781153643576508,1.66178161079661,-0.997507737030264,-0.53939782224756,-0.523833085803456,-0.0644752314519528
2.82523819774062,3.88265018818249,2.72388857330992,3.14104406914918,2.33750531539055,1.50478920942293,3.339951616104,1.7484916983923,4.55930874151789,3.11846839094246
1.52017634600643,3.58097573129324,2.93687691476593,1.80885342407994,2.31355693296673,3.19851382793856,2.66206569343376,1.56953527182417,1.40378211211354,2.07443350545904
3.43613223219285,2.88983805087011,1.67340490591166,2.80177715930841,0.754392392658296,2.06578855165049,2.24244208266059,2.98206459846734,1.35150196068238,2.87556681754968
0.645867400221847,2.38095538386414,1.96533591938361,-0.150076281453564,0.546902413808797,-0.0367154138157952,3.72732984453585,-0.503247278165535,1.29960723938368,0.00924752569393483
2.74499333299492,3.07963585544003,2.47025945222876,-0.100018186930305,0.974741601308739,4.0857039660434,2.08247989057332,2.57301679822474,3.08954349099312,2.21695139146239
0.579283946881836,2.09519199069485,0.396699215560223,0.403072733778128,1.42550522617114,2.06356859973594,0.310258039040043,1.22375392413773,2.28012043168063,1.76176890444377
1.82724061354718,1.19798776985523,3.8786444121218,4.82254980258601,1.63173824173467,1.75596313974689,3.61211981780646,1.45891011596751,-0.262677979377947,-1.2078292234649
0.342434052742474,2.37284344656801,1.28829234771919,3.82167121219827,2.40632418261783,0.687315193340017,2.90956028396734,0.345892138867581,2.00707298307138,2.60978399918817
0.198272683005565,0.806764952643272,0.840962334636714,2.30486515076137,0.684056000986915,-1.04673597145872,1.71066143180264,-0.321119952694684,1.5463450213396,2.32416234244073
1.09181229734996,1.0437873483491,1.43765261942532,-0.525090382533551,2.54714222399958,2.31220852030518,-0.274136380250637,0.874370076611743,1.28722274378141,0.636166484225766
0.2740344165635,0.761995398124746,0.326661664104478,1.88366261427021,0.102462409549607,1.03411099175743,0.743292038407503,1.98727253307251,0.196501185251983,0.174965939943827
2.03956488465504,0.39278877573856,2.28035443854228,2.7024200032729,3.0151675005018,1.05698222203093,0.885589182581306,0.417131958030412,2.04194703503804,1.2448357626033
1.36520803718886,1.79600207736726,-0.0820636006711595,0.430805673557329,0.417109761049098,1.42216945244298,1.80797616056959,1.54075751051086,1.049097926453,0.203578390226294
3.40425848171876,-0.724391735494899,1.08748565103459,2.05528066398535,1.37649034187944,0.630408745871667,1.63929734647389,0.172547034436419,0.0602290779251757,1.64286097357157
0.594415118745503,1.30229490582296,0.78012598593865,-0.288664154534928,1.57213144832104,1.40240218754784,1.65953042729667,1.42629129405777,-1.1794590606087,0.151812704210928
2.11490756464705,0.872671651974222,1.27392189793701,1.12795408320276,1.15276125295627,0.249407607427982,1.27651670794048,-0.763943907617647,3.52387114797027,0.907779511853492
1.26690429920417,1.46285585274166,0.863026957271236,2.62541937983314,2.44499531339453,1.63043879343727,0.389524470359771,1.08584630618259,1.25778920511004,0.386514513119079
2.69089449975091,0.726887898911652,-0.247119720200353,1.96268156664115,1.43801266744131,1.28066569462408,1.78589282123514,1.26599224912264,0.334468878175725,2.17626319060748
2.98000431127124,2.36406081390038,2.27126777646058,1.59957457376261,2.18121750764513,2.83179288713132,2.41859613328509,1.41212926008669,2.05599535321754,3.66308316018852
4.02568113962483,0.888952368066526,3.29612892412517,1.45367207202501,0.623720027043828,3.77331662034979,4.02149696331482,1.18321983363481,2.26239593942006,2.80472461376342
1.03112415491956,1.92008380732323,0.757983442965233,0.426383697569002,3.73309527201479,0.394631953795016,0.832232021986311,1.0585424966153,0.794765206017502,1.47786841311598
2.46640496170392,0.447064013177693,1.734512287527,2.40835039722264,1.18496001162703,1.24926753223471,1.5095464221203,3.10719740731558,-1.49861407265353,1.29031195475414
2.89564590706706,0.127717125340105,0.750539780244021,1.08382634695324,0.830570953929744,1.84368195750889,3.39463795585906,0.378887785354492,2.78924597533501,0.946746336120953
1.22292533962432,0.0876864759261495,0.733824700212429,0.658724232480839,0.657296834411574,3.63756515436088,0.84095597823119,2.73085504302356,1.57510048525401,2.98856809974005
2.74585461959468,3.01582305013426,1.59450325666159,1.59822479577672,2.43552278266567,2.32978726629335,3.30843462071811,2.4968534170212,0.876177141729428,-0.203810472043064
2.73548507326045,2.07549248929312,2.82046760256365,1.03117208463185,2.83776304369382,3.01377229964483,0.332374538438819,1.17272126969817,0.92348167123889,3.15465756663495
3.62615437989214,0.739789212822708,2.34852348869363,3.11656291441532,4.40301508951874,2.42119385546605,1.04325958140334,3.9269104976589,2.80385503092066,3.08322904878387
1.6880909485518,0.54700017141634,1.48647445772099,0.503781966365481,0.788814442184328,3.6400541892701,-1.05881124581216,-1.40759570098129,-0.357167137308079,0.611654753534732
1.73589038134358,-0.536316776775262,3.25440259844145,-0.0758067405119012,1.15947700581391,1.57876265481951,2.09755452285554,1.68298783901871,0.821543985503233,0.815082260171899
1.54897120995173,1.54305506529764,0.825221754177717,1.2739703397006,2.4887064325886,2.36102084650869,1.03786727024152,1.09701630288909,2.17568918544215,1.98185387077406
3.19969161211686,2.42108665382887,2.96461194537412,1.21383715254945,1.98193502855897,2.41124288690704,2.65160734020592,3.81306320532522,3.9090808121599,1.87558640086514
2.21974626163783,1.64912819568188,2.47228421460449,1.54315823378663,2.34821887381648,-0.308368171011729,1.319996709051,3.23821287984245,2.66626633779172,3.27267174132341
0.536678939935361,3.94058887367094,2.04780689323717,3.74096570393517,1.58681755868127,2.20779377035898,1.83800710316518,1.88279276120396,1.79483021867556,0.793875652103374
2.6565217426816,2.27630313335492,2.3667114097054,1.75506304180817,1.37922355071787,0.995257101960485,3.12461622529142,0.125006766769773,2.18394185841325,1.66817792016098
2.56764570130995,3.69473859249962,2.90127138303621,3.05921814428443,1.52407897139603,2.88438192102673,4.7931903045494,3.01115026624986,3.92566022821459,0.614787908144097
1.48547249447284,2.10103431382976,-0.340091926772316,-0.486634399404046,0.816676717840457,0.595359816422165,0.997672256689772,0.163851705578415,0.563180543507461,-0.0653625908564297
1.99514822708582,0.0767209905427482,3.03299978705536,1.70852015841479,2.92782874052295,1.76317408582886,1.53842144268941,1.64542085372902,1.73275459267845,2.72961010519335
0.845341488563429,0.34793047099242,-0.706373772454571,0.672139311034263,-0.163249881667868,0.666952803866677,1.66421382140432,0.499460530750772,0.872443607671836,0.927601711867657
-0.32130978932484,2.02417578878698,0.109596472653184,2.32521149100064,1.30136034507579,1.0285438147458,-0.414909014984923,1.60777184791982,1.06138271683833,0.678760221602071
1.45979757515015,-2.77516412419121,-0.0712658523354812,1.46362427647344,2.11677783262268,0.44709523313058,1.17402947829835,3.34300388994652,1.70992754468992,0.321383039960427
-0.941786656119031,1.70106834190369,-0.553234039296428,1.28516772163339,2.3037943494918,0.373394262327488,2.58225460102437,1.43814574021216,0.116460813124189,2.47781501083717
3.90399495109509,2.78242612075822,3.93592938763202,3.91790773251419,5.48492609575184,3.29995079060736,2.96440756550383,3.19728736891455,1.56433864874559,2.3653735043022
1.79336045591332,2.11192402573372,1.66242959927502,3.82760097010626,3.20135859610228,1.71842646077367,1.2195678030043,3.12350311588117,2.89117897012617,2.98816561821535
1.06007474816589,1.38933492720909,1.87341868259442,-0.221115364052913,-1.84756538735908,2.00421741036204,1.4121795077161,2.49832430581082,0.658944828768226,2.30513808487688
0.871688145998179,2.87300440778441,1.9837523172305,1.75667151656768,0.329895595181781,2.08132421459026,1.49495219576879,1.40141624710862,0.0780114292505864,2.61221647264602
1.36006652167734,0.915412298710013,2.70237008040521,2.40715870151541,3.00982430057654,2.51519858257672,3.72348406866501,1.0076672322685,2.57759149263649,4.19797991715694
1.83134081438439,2.21302192097194,1.32235597629636,1.05228929233536,0.827656217617158,-0.0860507084121671,0.735838306263926,1.45572638260535,1.9193796933764,1.8749357596763
3.69536969258694,0.583827112112756,2.00499821422043,-0.0314692861141095,-1.14765011074446,0.0555704843368214,3.18294395204622,0.217800485695765,1.97321075828258,1.15458503729873
3.5808462234118,2.58567455197968,5.56327159174771,3.85667955960213,3.68774286292116,3.0290249723211,1.00087361659775,3.33328436452751,2.2911399128449,2.05851414927045
0.440449327924984,0.166416526051043,1.26247302150031,1.44572116006549,1.19001921384711,1.15049108167927,1.68749392865358,1.47290507615127,-0.194753942776463,1.37906874900929
2.30853684970603,1.21116040224825,-0.864716481266457,-0.665946789943597,-0.364544438240911,0.944256327725612,0.141441279402039,-0.0947708037125793,1.12175986905276,1.28611957464886
-0.169772066882942,0.717452647778359,1.14069866252307,1.23545137124255,-0.564167244137607,0.644496370563828,-0.457580965175937,0.537013330691475,2.62598108274413,1.57979097538749
0.784745696002586,-0.706852915986434,-0.857104713249588,2.46198354800354,0.891949230997464,0.972117782758939,-0.552000713629714,2.48727171504283,2.40030983321978,1.24111113766282
2.96168949622357,4.16045407854042,3.27960744927669,2.17077590045934,5.00592439998331,3.04164781885575,5.3998517975734,3.23366834273243,2.28058164557563,3.05666505123988
3.48042557995373,3.18982960784344,3.98414434153096,1.45579917389329,3.21577526949995,3.62565654010855,2.17334805941032,3.83740821110538,2.07173696180404,2.23806460862744
0.539833317814618,-0.15405054693883,1.36703930568558,1.60901836561587,0.552768262532878,0.748903577054761,1.18737306141941,-0.47203907247232,-0.201270890382163,-0.849206875722005
-0.12332803092971,-0.507387286169062,-0.92410412617492,-1.43862734462882,0.580965617506756,-0.108752622500936,-2.07073919706892,-0.04168255821952,0.274144199095586,0.174380954217702
1.03467518078233,0.940467622990626,0.81850396239755,1.93831569191355,0.673587076813064,2.79030253832304,-0.751073766923627,2.09084058834676,1.65212209369379,2.29917225893607
3.34379263523154,3.11089549952735,4.32023385239478,3.43485857473411,3.15540589121641,3.34895123985924,2.43891508344016,3.67791087042886,3.82679407159887,3.59962978703764
0.36016388143003,1.64798118570063,0.661067584662731,0.711375253940102,-0.399566043144958,1.18139295020648,-0.530967546963815,-0.470382162714028,0.0178084466433537,-1.40160526993047
1.67757468256338,0.215583119672899,2.49256016758464,0.775710524720309,-1.37014588150927,0.937086659762094,0.356069524669815,0.515658364169375,0.432753243519531,2.06481867997231
1.15226340014735,0.740666366689138,0.365387363674609,1.23871922008361,0.666303745501151,0.837762745517313,1.38979612216521,2.7843212825938,-1.47219341925257,0.000909034110792351
3.00689389212075,-0.75116443538622,0.824375245333108,1.50543902406447,1.48573169578324,1.95739655464479,0.80989465583314,0.609603598089553,0.949042758844778,-0.95050414058432
2.32133703266217,0.331976185820291,-0.12789188436794,1.27127532207533,2.59586587155629,2.37724224843381,1.51187617432386,0.331241516905754,3.43870847369923,1.0671514301129
2.08335732617894,2.62870373534351,-0.492068218379136,1.70186409027897,2.31086615929527,1.71736809504562,1.91069431460023,2.29088185654749,1.83268301454007,1.96284999266587
1.94097334869991,2.13977268912919,1.32913604646778,2.25995236035506,1.55160318803044,2.28777821929482,-0.14833349960633,-1.038330802057,0.243946124015054,-0.209941617359946
1.60864774890089,2.22225099361605,1.57780013831868,2.17735129757864,1.7867608592877,1.87758883857388,2.44298595298888,2.89852584689193,1.95096490883439,2.31756760720282
3.24680923229428,0.796093413232806,1.83500053122619,0.454733591449699,3.7363481581356,0.766995870994824,1.36498611008627,2.11659888041536,2.38370646893328,2.73443679748975
1.80897808999961,0.35830436317921,0.19726060742522,2.70096884869682,2.03015224391154,3.3912965144348,0.360695935931399,2.62707191345445,2.53946217399066,1.69235322970897
0.96880081980438,1.73567923528782,3.2718586872352,0.888980754537733,2.98517037810367,3.25106120569559,2.1387495922352,1.56055226583677,2.60200582797893,1.87223153166497
2.17907563277914,-0.569711157145455,-0.0135360658652186,0.489473366604435,0.869548573721923,0.70679797330103,0.639279308637097,1.15107092885133,2.38749878775288,0.538746790302786
-0.821586240913114,-0.163350826807029,0.150295701291857,0.744171862419599,1.70410234373612,0.815277843042532,1.50867952908232,-0.222194791862476,-0.747019561793144,-0.269039060220688
1.41202478361948,1.06996392523998,0.863676605744166,1.7216251632065,1.16345259378295,0.987328843540951,0.248054522336761,1.05593071519013,0.723318377420849,1.11180688690437
4.29977171535424,1.79898088090753,0.0793610050209241,3.09287635066917,2.049947711575,1.94660504544202,3.49609915805168,3.35580733962371,1.72978393274264,2.6198572900076
1.33639161410622,0.982954206310936,0.834456607072819,-0.462835208700225,0.697063868532045,-0.0244488165410128,1.7286684854606,0.159594867855966,2.10340216992304,2.45196176392974
2.36769471904815,3.24988404854322,3.58330829158364,1.87152077408038,3.09097635714854,0.20173447071666,1.79661882567309,0.561357573755906,2.64795348440213,2.53801741188161
2.46217449033025,1.78556066678476,1.45298952080746,0.569048923662242,1.06218460675125,2.1288156463671,2.20555300948418,-0.226882256976198,0.153682606860627,1.75262400707234
-1.23788378792891,0.0848753515331274,0.57297730481559,0.0251665415057257,1.52843069157109,1.54744815291391,-0.605136947856189,0.629029225083057,0.945445341223328,3.16376921238043
3.70750343396244,3.05094768120882,1.84676671461318,2.78328643965682,4.20814676436813,2.69095675378227,2.63883380860442,4.47506918241222,3.86619605786138,1.51227650576288
2.69059476098265,2.02677608382801,1.51260925147753,2.84833333668171,2.22656430238144,3.64501900979513,4.59189103426709,2.51548200153953,1.91325612924475,2.08454444257685
0.426281049987574,1.24152667040408,-0.0554455535076002,0.0840220307939393,0.850344573822895,0.164490348835106,0.495343166702673,-1.80259904263409,-1.18360920293379,0.690790072740043
2.44854802011466,2.28422528364862,-1.20692113967622,0.826483903518725,2.29507887837175,1.72971898059213,-0.488440995995185,2.19047042600877,2.14290960272147,2.07630027709171
0.895205869869061,0.426629576675437,0.876250157989236,2.23118615118055,2.80254497391166,1.06567319491386,2.03637676493585,3.00084569567783,3.69873118352887,2.40209485121713
1.14309944082538,0.995594057852168,-0.233391803471872,-0.724089609753517,0.522015508717456,-0.215931638796279,-1.08974368366266,-0.548539294861886,-0.863857472855249,0.413175671930212
2.27067684689049,0.563772581467012,0.157323538507339,1.24686924907125,2.82644674820458,0.640661530691848,1.87883001212301,-0.977502700933877,1.94621720442082,2.05679974343021
2.18713921996265,2.61382394982811,2.81438233705464,3.09000351498291,0.784432972345687,0.717937385554999,2.32765478076654,1.72348770231856,1.52729039922296,1.03059602850417
5.22709459122035,3.35170309380055,2.44718650285777,4.53329348918416,2.00104758552677,2.32988357099704,2.79479822079574,3.85226869415109,0.50796342749349,3.67487983257212
1.23381467564544,1.68251412904497,1.03176238814485,0.149677374661244,1.84053126108406,1.54051655499536,2.41156341901984,-0.654613549706388,1.66466692941521,0.996960445083464
0.456082077707178,2.25728831976559,1.96318298587248,-0.29949094897606,0.106909637700473,3.13106717026931,0.715669968328832,3.93774357438335,0.938599907222645,1.38584407080828
-0.298717505187519,0.845991043425237,-0.858651825803496,1.41774395395367,-0.534037016291382,0.665330115549752,0.424219460956953,1.69844872980882,0.786526854218709,-0.221012580679278
2.44122712407764,1.44167478268335,3.69353173735739,1.38704068048592,2.03699574707801,0.384376649006884,0.808798197409384,2.80768269822539,2.70622885500352,2.10559864915136
-0.635777456206873,0.447811642792488,0.226909385786881,0.139033185454414,1.44952864355864,4.27977933136787,0.870906224667104,1.72096659706993,0.644890842282438,2.11181002190445
-0.182988917147014,1.3340917704398,3.74768386392885,2.9288489959449,3.9089145530616,3.94109872000424,4.40336839063358,3.29356245247925,3.05841705238486,1.48642528330077
-0.13275254144622,0.0832770281905079,0.705022815106302,1.03705732331998,-0.0488979974480577,-1.32115932918009,2.27635685826359,0.150732765918744,-0.620253590228191,0.0722209786259118
2.64486947407936,2.87749810347411,1.4702955788483,1.31799181033622,2.00346694888104,1.96442831557169,1.37765765847436,0.900603347809103,2.42271771396704,2.99069289889807
0.583760691236682,1.41278441230445,1.56839205287397,0.620348332599373,-0.0528755757418597,0.489385076988487,1.33268354100663,4.1849138030775,1.71092583017921,2.20746977613097
2.31350076035636,0.957243129622354,2.58254460991617,5.18971350863752,0.624575063249462,1.33538102312193,2.42586813765073,1.14232041374068,3.47947187922541,3.39249581555275
0.916921368806111,0.778811726013379,0.71730200208559,1.8438440628043,0.970514198903654,0.318015563851092,1.02926596383577,-0.874453043642447,0.628398079726549,-0.277682532106291
2.46909222252477,0.238979225541765,1.20122991066846,0.17994907465807,0.849281479516703,2.21043471970848,1.15247889136829,0.409404538379455,0.582721541664401,0.738150439825843
3.35759696227213,2.77977562395607,1.40253714203652,-0.083796522074425,1.10136788943027,2.05778493214542,2.47797760894077,3.58855859827135,3.13625052723309,3.2836170998691
1.37580188152047,3.27678453939774,2.82325246163484,1.98121567307703,1.29688799434858,0.443920121336745,2.0064213345437,1.23272762393447,2.98940673719429,1.12658128394063
2.35645898847573,1.50883844067745,2.73292277378215,2.00533058816112,1.20371800127783,3.64689377045483,3.13613804632153,0.743573941237791,2.5962122265858,3.4756926330919
2.41137216585317,2.5913745803477,1.95935101094886,2.76910935715318,1.64615770999994,3.02409871900009,1.35446661934148,1.94592237456102,3.467019613215,1.63609331705804
1.31593097573043,0.760336213672636,2.11005104534211,1.34834387551503,2.645410804553,1.46556758395718,3.3234774699332,1.53467893286673,1.60554192592734,0.769760552999038
1.49530698418157,-1.16928476912004,-0.0965862241321377,1.47524738305894,-0.0682976997057214,-1.16685650482497,0.247267208513548,-0.381539831784227,-1.05761630650722,-0.926122457697891
1.04484262998148,-1.0363456995805,0.540281128219957,0.348505041955492,-0.515061550458961,0.123392370947344,-0.415483533865247,-0.792192947209814,1.24146355512905,0.604129309995246
0.377321206743349,-1.51911952843246,1.63506890520373,-0.181320390177424,-0.452750023758365,1.53055029558408,1.91592173517625,-0.0957549612781302,0.825029525445946,-0.0485941972781418
2.85938853184207,3.20387782251245,4.28950619164853,2.24341136469352,3.12050499442814,2.81443178213728,4.29646978686281,1.84760634019841,2.4709785479729,2.53925086495831
0.491707741058691,0.874338841487445,0.342892588706448,-0.646233215433013,1.03480469799389,2.09018271918058,1.66261883448512,-0.392472573147937,1.32957094273287,3.3262628472194
0.0309206596717477,1.55543648646705,0.353005788814182,2.17196093729971,1.6756188263901,0.310474700868844,0.509589166157345,1.45789462684786,1.01105310672349,0.959325181003538
3.60627301315036,3.05651431505627,2.17332110384095,1.49294696801362,2.16606770151541,1.4503506242664,1.78458348479778,1.60973577488346,3.06167093265084,0.556359396626391
1.17924662797628,0.900993061318308,1.90134284326097,1.65968817448794,0.768842474927847,1.5903232057384,0.766111056778663,1.46594947339099,0.0608082963803345,-0.921594929557439
-0.478427385232585,1.63237052494277,2.51560190189791,1.69912692987467,2.07554475200073,2.73403001211451,0.468930406269639,1.4582270066229,0.643155898470284,1.66562575951029
0.205878813316963,3.88134163589693,0.942138077571166,0.426186250480177,2.0954536917634,1.9398651475549,1.96651113708038,1.62081881710862,0.900630561432055,1.73389108661449
1.91515009799989,3.14885781523242,4.10856359909987,2.60581103626739,3.24693548445546,2.01334979423877,4.44781414322823,3.09274610240705,2.68921442530082,3.30840456623027
1.8109151594695,2.35430335195414,1.19027738304011,-1.48433433915426,2.60358679150542,1.64592328047462,2.64275288559219,2.11594047068818,1.48642816623519,2.52309996188852
3.34050602134608,2.38164200391743,1.01887791669238,3.04299121812782,1.74055151139836,2.88163855284708,3.45383845954488,4.57177479191152,1.50125193674029,2.96081909549218
0.885533810044673,1.96702297172093,1.46340988333556,1.78850687074242,1.16020193958214,2.34827101861749,2.14918449871396,1.55000216680021,3.138034732408,-1.97316591054317
2.22658720708077,2.66505732612801,3.53489970531757,2.50392440886051,3.92836016169576,2.67534385787586,3.99806900043856,3.44377743009119,3.66213057640251,2.88813116311693
1.17236553230245,1.54095215393196,0.626693392816374,1.56073563644134,2.78972869497888,1.64391095230231,0.811865033357572,0.683929394564138,2.72667769007344,3.38849200330226
-0.00575623172080103,-0.424768577581714,0.928759014915379,-1.4221802452902,0.0814213658340791,2.12316917661342,0.0111268888460541,-1.67021867161394,-1.53081451453394,-0.0871517512373511
3.69775145660909,2.20138254038375,4.10084029407595,1.47401735343634,3.72726644328989,3.01892324315127,3.62138085383943,3.56847049985145,2.50304897018584,0.571287185537967
1.58300518243191,1.31980080208283,1.04859444437379,0.853107551999042,1.41396704805284,0.0300686378404607,1.00124821246122,-0.326027490615856,-0.521352405478515,-0.666316605720834
0.939712488143512,0.58802146483891,0.759270122496344,-2.18228876639842,0.916367740348804,1.21192525690461,-2.26863183477381,-0.904503025255257,0.581430096343613,-0.392654498715418
1.93737167509734,1.87259451972639,2.35046918117713,2.21210621902729,2.25080072457282,-0.147202096792863,3.20317325118217,1.40677886285844,2.23967599175217,2.40622084679115
1.36429877242729,1.65887098673087,0.221178939989306,2.09801901925719,1.76630020310907,1.77424887710541,1.29327914732709,0.312789148844357,0.632343472564781,-0.759245429744889
1.3348950931319,2.82262394404093,2.17138006835553,3.26069067545073,1.68610151251324,1.77344794171024,0.424395051936482,1.85156993178669,1.75507030018727,0.692674009128241
2.76401661283524,2.09320104322944,1.37116744385959,3.36820445236871,1.55157012553697,3.35077519130172,1.07040395642856,1.27533793966044,1.41215805538073,1.16026505356528
0.883556639611833,-0.464740582314996,1.24034565594484,1.03544638109953,2.25714787430432,0.650517082759818,-0.315922663555939,-0.698354825376706,-0.306573583492129,-1.05775042040752
0.130785566567481,-0.483892471693165,0.247464785176276,-0.755857306424872,-1.03149217921197,1.02560791833885,1.10410408408847,1.83371755936027,-0.419760058052618,1.18191792260033
1.3100496318977,1.20572233614488,1.72312296118662,2.74578517078734,2.86914524249362,1.8208699317014,1.4331368637571,2.27089839449116,3.35405186237932,1.898611664711
1.87893399280897,2.14610145063396,2.25969172144527,1.75185302624855,0.000611429268886132,2.33366947902988,2.00231172390208,-0.28296485205768,0.39012442496024,0.307682557825518
0.882460436747313,1.17820628017828,1.52669438770143,3.39284565399196,3.0723398576567,2.80255600735978,2.74762029331753,0.291935708121621,2.04219244078351,1.90075471244225
0.715183899080783,-0.937588360849339,0.42117789268026,0.0499118531182376,-0.599053430905625,1.79121756306837,3.42546555619387,0.789955959796926,0.586375829222051,-0.394597537810541
2.50400154982015,0.855790649789423,-0.284169056800284,-1.10427402511649,1.00389688159288,1.79039673148267,2.80193421073835,2.46204520275991,1.22508479928284,0.462741284837551
0.580181787427936,-1.79404002345065,2.13168294133564,0.637002203039322,0.321190115300098,-0.0488444527536281,1.90067493888262,-0.0267709395668622,-0.597835778491695,0.773520412481466
2.25978223311639,2.6329892904834,1.98595122303544,-0.0648784413790624,0.769856418273544,0.466765000284535,3.14192429723955,-0.0125627687348344,3.2058467920271,0.9840508348302
1.19746934912468,1.56990048801964,0.49762736115887,2.05277551146503,1.88507255366494,1.32409515585068,2.76671470060422,0.222829773444465,1.88040410955336,2.41595257036873
2.47887274574516,1.53392628578769,1.75938383049623,1.79184532929203,1.75023626276641,2.4904165299848,2.27264112692408,2.57732999268854,1.32616502032847,3.10771003503915
1.48550467463283,3.90746114050602,1.91634258214529,1.01586512263408,2.33992050612514,-0.993919241961471,1.05819342849497,1.17017304557736,2.07782418042425,0.905667630448183
0.707958607537552,2.41093150030742,2.97479382726267,-0.170343051378097,0.352488920374472,1.78191246700889,0.357055194531575,1.67077228025962,3.46655443175062,0.906083403202097
0.540419729088427,1.41966225062366,2.55964400751373,3.13128263691744,2.03093599479884,-0.610002633955384,2.28278051469321,3.04385374208187,1.85646618100605,1.3426212093541
3.1397662778873,3.31346545148452,3.44142779847713,3.14516378326,2.53681064814898,2.12061141386196,1.6344975946964,0.32666391539349,4.91686439543626,2.1223892570541
0.26973902544485,0.489596412024139,1.67018943936985,0.37051363216275,0.975860754475523,1.10484021844001,1.0336142682542,2.60928721753461,-0.265395208956735,1.05602183218407
2.30779336413704,2.34211525042682,2.08971557653678,2.24111359366013,0.736766571043341,3.25247523891956,3.43327699863777,4.30221526641045,1.36116513306884,1.31104539377265
-1.74189712342286,0.883103345581597,3.06849793223229,2.22250098974971,2.41655219812698,1.74772014556213,0.723164997359261,0.061204282831579,0.605631958494416,0.378923706364282
2.83166560804718,3.73569782993947,2.3817061114638,1.81507434401906,2.61481790944263,3.26498974053434,2.86513397233931,3.99417207897637,2.80028252700245,3.43892174381859
1.02206080999875,4.07773939530614,1.26905960234099,2.94075036975771,1.29606790070849,3.54529133104632,0.882936721945273,1.43225352299334,1.6559955969912,0.72247160286379
2.24956720499318,1.54769135725219,2.88081935486271,1.5020756150043,2.06573635898389,1.65898084651461,2.88693196980878,4.36341381646747,3.28558232858593,1.74338171749925
2.93971435449083,3.25793999800255,3.03292566701497,3.35179457480269,2.60818205054351,0.0533341206554094,1.62747847840077,1.74489073454345,1.08483453919552,1.19151789905626
2.4187507590768,2.14097731370065,2.55421078209445,2.63007625141513,0.592488586317689,1.81655112814976,3.02947545037877,0.291481042429792,2.00284193726081,1.062076522713
2.80212941341723,2.42408468425824,2.46191581004972,1.32151184173093,1.36405183528848,1.92133299971603,1.74752464192344,2.57373025364253,0.824362528320643,1.48553308890918
2.92384399941612,2.09077631947499,2.12051890889892,1.48313234938018,1.12606570447556,3.5457261729821,2.53771154929947,4.33124062308264,1.32632196895451,1.02586650767738
1.98898831037927,0.145034912482093,1.26490218458293,2.27857436942201,1.26572531696389,1.05245873359754,2.8414346772511,0.667417681534551,2.02993450270233,2.34321782569185
3.10350680911577,-0.265775990001945,0.705966201857204,-0.658999574508895,3.09023823300886,0.0819875536959753,1.56511676627253,0.760908237507487,2.68636596529716,2.58070982177137
-0.458126945854475,-0.0801779730840866,1.81366609840169,1.39010479149231,0.60429102376872,2.15075456655086,2.94258563845926,2.51537236391369,2.0975051268879,0.523094939507382
1.27196389433241,2.14984324344796,0.262905391470415,1.44020400256692,0.258730605940052,0.0406494712282583,-0.361454996873597,2.86420589050916,-1.23938565026371,1.70170626455074
0.848476905012922,2.17008970300402,1.40647425894338,2.63430832160724,3.46751790452105,1.01028552410963,2.51065590081328,0.664517618172378,3.48195446960992,2.78672073230991
1.59204091651125,2.06107548076533,1.48180985555046,1.01448328985492,3.27880792826856,4.30578932132766,2.20088981285537,1.3031920632468,-0.127994010006984,1.22234022849456
0.567061410134151,2.408026921358,2.72063527988057,2.67988892067469,0.924551215345397,4.14033340209103,-0.435325451283681,2.6523804932877,2.25337178184552,0.869048105470517
-0.642703255035244,2.03361672703362,2.10767528064956,-0.0163134850947744,0.222066684791988,0.436605702362382,0.520622646772923,1.65943160354527,2.40191284563709,0.108855875616381
1.96103983008491,1.43499083031462,1.93650979811295,-0.105427679354563,1.67119689151625,2.65080551422953,2.39922547624236,2.27170704870546,1.53290301760868,1.61145567063255
3.38496720029251,4.8990665786161,3.98669163672881,4.27591998818229,4.45129273134484,2.72275522591387,2.03924510410915,4.52687990337571,3.20911137719469,3.35381300721692
-0.652866935898775,0.796970124703393,1.83044341827481,0.607994045634005,1.15634500891183,-0.0217337463871257,1.78490408647143,0.288848408836312,1.96441753358827,1.28541503760155
1.89927590340741,3.63121328761354,1.13284567595653,2.05626408594106,1.61567091075422,1.9124568730602,1.14836233842105,2.70800140019577,3.8762029955922,4.32277730026848
1.98224549079565,1.64435222925636,1.29943498633904,2.20016872644762,0.256830768768065,2.5358327828271,1.25302213869236,0.625221481213361,2.07882210420295,0.622086973398605
2.87858755034418,3.00135811579494,2.39848763441314,3.63280350157093,3.47995988397538,3.87835129260669,1.86607072468701,3.14720078930396,1.87933661090563,4.94346392109275
2.0163681850504,1.81523187268571,2.36665167628133,0.733353511409516,-0.77029958880827,3.10080166265345,1.40929157931211,2.20421302970159,0.893739784332689,2.25318794274099
1.89659170214578,1.29797494050385,1.03191385844423,0.884506721301229,0.861694830685911,-0.509588222264771,1.743463562681,2.17239920307373,0.667022767318567,1.2591712252324
2.66919677309701,2.72468152031757,3.65890940066214,1.79700324806759,2.09727538669015,3.15457179264444,2.95640585674587,2.86854396182011,3.64100443945884,1.41940200654281
3.93600900052794,2.5579409788106,1.97579917133195,1.42184323321313,0.987623057564778,3.51851549493833,3.74467366074062,2.43515999769185,0.42616139788878,2.32526035163892
3.16221637326547,1.86888426382256,2.88908440327173,2.38316249122392,2.32188184851011,0.660441795385798,2.48901910768063,2.62876838756931,2.78460167919645,2.42173876777124
4.697641006895,2.65752962920495,2.421888139649,3.2341010204046,3.60014869888058,0.990645175526311,3.27342649017067,1.96283869208478,5.4520768015974,2.48227855146285
1.49168078307706,1.85477713345225,1.85845581641465,2.03789020214933,2.416415161957,2.74553616347687,4.96292717722069,2.22119116241136,3.12121667396252,0.929460562345406
1.87383362630568,2.39470594651317,2.84278643913747,1.58768893673077,0.451941797473688,1.89783255386911,2.72817647632116,1.48834617420135,2.39401451276328,2.27661417003351
2.0699564778166,1.18010125992574,-0.619173457727543,-1.01182122158055,0.116107764063054,0.916394036875033,-0.346662168986523,0.204262485802057,2.339660082567,1.54776157681011
1.68620486932861,0.248937303547181,2.25491846512971,1.85314357679679,3.25238840667496,2.72171564405896,1.37857365480511,1.48170583741579,3.54589769971758,2.00412813161896
-2.10554802804031,-0.502177055872861,-0.580490326967902,-0.948764987654345,-0.704826923119583,-0.977433879724981,-0.0233868859300315,-0.635458332635638,-1.77882099286781,-1.13206653597296
-0.499462696636708,0.358028114504875,-1.42207756080199,-0.646379581276955,0.725633585487025,0.744479913592407,0.336074767631343,0.773320648290728,-0.104043758601472,-1.29872661924895
-0.688880599560807,-0.436029077404904,-1.20496904491367,0.166092093378751,-0.160552802529973,-1.65849171944135,-0.0878913735635593,0.272979361929483,-0.0169725987531976,0.873699273735721
1.19593596768404,3.40215736906117,2.24257837130401,3.68005327078981,1.70689264997966,3.06980235285416,2.56999843996847,1.29063121984338,4.6370159437421,1.33094848067365
1.89419574676575,1.26288332182767,2.01410100764623,3.42875778835338,3.17915031829117,2.29779172016168,1.69818068342156,2.24881318172754,1.23497958253267,4.33901741328143
1.44687062067444,-0.902007627148123,0.729120883298353,-0.537769253815913,0.82869804889269,0.99240493318325,0.305809609273508,0.417756120506508,-0.625469160654763,-0.0498951570220012
2.59181149281592,3.89699540148571,2.50243364750721,3.01161431061187,1.93426536283721,4.16595186335806,3.59118027239887,3.7014670418116,5.49652229723517,0.835051283977136
1.77916436196317,2.3208450978744,1.78942814072878,2.05138534898209,3.93007499553218,1.4678590627241,2.84165658664812,2.42190647378546,0.921844294597854,0.651678146514117
0.450193316383132,1.18845383119169,1.38804025282935,-0.684610810117807,2.36121997073132,0.711134710608197,1.48117373197939,1.26197469849855,0.673199361067447,1.63955504288121
-0.624243881033955,0.415662171353909,-1.52283559940079,1.20481900184149,-0.00557508379278209,0.221057850331168,0.0710652061069213,-1.43468704021818,-1.88109055818639,-1.3568815785753
0.327489762696087,4.86251710196831,1.66529242505111,-0.320833504501562,0.0194394910581432,1.63261066163846,0.607482904452961,-1.58288107614542,1.11136379688983,0.451998576627523
3.91265247540699,1.30140791272957,3.72688018304275,2.49300347090041,2.6580324806138,2.85536567762192,0.377583756009897,2.74062513585628,3.35908280586441,0.791470554855171
1.44710193390934,1.86642663863134,-0.772218916624016,1.39608878205391,1.24158177305663,0.055080911202082,1.31018766515823,1.12765822817864,0.408345912808244,0.29176016322564
3.01928584927148,1.57510724012949,3.07652119542108,1.93121407261847,3.21600968868011,1.96314398585788,0.556460045565567,1.9621139617788,3.42528448506375,-1.20601842425434
0.880544653603757,-0.719004733844625,0.610697776157517,0.979187201128361,-0.942872787797211,-0.084896645627545,1.99805281245145,0.195172028278119,-1.38452386827273,1.73040591005182
0.229942410341856,1.04393735920112,0.579538903865695,2.2966901171359,2.22488147953605,-0.260061708294687,1.22432153079433,1.20165725929365,0.558564134108664,2.01251124014228
0.648665485252662,0.389367576331253,2.71503396805784,1.70701307407751,2.25408247505453,1.28339000904514,0.905664686054863,-0.300940980164707,0.836960162984182,1.66091508159901
4.5194065518758,3.5614251287263,3.65809078507298,2.96448927940224,1.80011767365716,3.64310726139038,3.60702498130488,1.62747083791893,2.60472974963875,3.09540416347294
2.20713288385407,1.27483319847752,2.47709679142877,1.6494823540453,2.29419773364197,3.44378595620886,1.97576622303057,2.12631950603963,4.4788599001863,2.99489477930814
1.45818894832923,2.51300250427403,2.4978609774456,1.26564514318777,2.52253270792539,2.34794005381686,1.98748899937265,1.63435978660874,2.49405005345947,1.10402901079042
0.636209741629937,2.19016817764119,1.79385594244311,1.78499310286975,2.68769905277799,1.32692913590476,3.50075187095001,1.55731286032306,2.48340188981707,1.1695918300682
2.06623840643631,2.63239615418939,2.12579477064493,2.72869806016764,2.54741968546695,0.799943669941383,1.72258184714057,0.21009023273299,1.54537943603444,1.76520967833164
1.4179580241449,1.56184358185111,1.24912587430754,2.05594079541231,0.644857608904241,0.460385537482659,1.45934093437262,1.32078035170972,0.561312553048804,-0.0481932980510318
2.64722147816641,1.31267598588283,3.71220871466474,1.43724103522185,4.55190964603329,2.22287697914982,1.37232160348307,3.04222263222531,1.56198756956586,3.17650578861566
2.5358039137813,1.1288577515175,4.61008262679068,2.58626211210712,1.97175710588865,2.49676104256947,2.53849869156416,2.9264126790834,4.64623050994918,2.77688001884762
1.21110820028482,-0.857183573204247,0.576732519387829,-1.66746490830752,0.614327862569742,1.00931872983851,0.204596260972879,0.805115909015221,-0.112257332293414,-0.303691854341133
2.47712444654211,1.47655180636385,0.616685193775355,2.53954148838997,4.4171958317164,1.42133194636561,1.62318188672198,1.86717019203512,2.07303870232489,2.01520727794033
0.576385029178681,-0.615307421929131,0.189748529117405,0.257508065006158,0.392095311166432,-1.31539551169021,-2.04239987833501,0.680646583576695,-1.51318875712657,-0.30844319760062
4.4048935532339,2.07269546507961,1.96972607913625,2.27663497771067,0.0880119993241166,2.83279551150693,0.353382599909914,1.3243854385559,0.736702422950338,1.19823895825412
0.11722600124415,0.592680774956942,1.41523381962129,-0.321037519871389,0.768415100805614,0.681717572694754,1.68070215805286,1.19638189294583,0.699898756795422,1.15842529097895
2.40156288657016,1.10194530564509,1.01594006614089,0.517933241418538,0.483056494061497,2.51619889305448,2.04451328058752,0.633447273197498,2.09091996247688,3.04835855119981
1.53355757154491,1.35983660937207,-0.140762644207403,2.62840702963891,0.142301872653159,2.78737108948727,1.05928179458702,0.644127421919742,0.693582891780305,2.2040623784202
0.966353228817459,1.17163283478636,2.74610845482644,1.52974393306136,2.18109487175962,1.61999704226715,2.07820077260106,2.08224053101425,2.35094449410314,3.41833667692626
-0.0602982883161776,2.06492699547172,2.25306550860725,-0.579168901173752,0.742397270387859,2.53550474230363,2.15872167005362,0.6706272642864,3.33098802205091,2.53347326810517
1.30335893266465,-1.9941079363119,0.779638455083468,0.796360020808836,0.746497166961656,0.103800014653151,-0.0498691300791309,-0.0625552002173933,0.843443223012383,-0.9246567544713
2.73993689340248,3.77166544172258,3.10393275533674,2.63062453129079,3.60475298511806,1.65485490662361,1.84711586723753,3.79086942979848,3.51368186302742,4.48466783924502
1.19356011651849,-0.0333630493326611,-0.408970086737827,2.21761136381841,0.293583127195869,0.0904653190368997,0.326484083095187,0.605845618488324,1.68741991252578,0.310221734314575
4.71459319532298,5.31817730864964,4.39942890648054,1.61590348374029,3.11029850899062,3.23034225195104,3.08518314653323,2.52267222641576,4.1166214043583,4.45932930403616
0.592518629613091,0.245617918080292,1.14624373973173,0.317835074944851,1.47923021228221,0.333044427827671,1.86535873986216,2.67214155309559,0.702943424158999,0.268399009042675
1.83719022279127,2.99119023409968,1.92074431651386,0.672082824486614,3.29559873063047,1.56706612305651,4.13861613491523,2.23934188310338,1.8990110916724,2.1924769946502
0.645201551164599,-0.423832114438641,-1.16783644925462,1.95327207975516,-0.216544475437035,1.1893232296273,1.27950242917518,1.26771966934373,0.970273180109036,1.72303666488093
1.93709422319404,2.15665165391523,0.740741700326917,3.68297470416796,2.72803248541983,2.31472326667414,5.36979592219519,2.54644854726396,2.85645743424255,4.14306421217392
2.42773028150349,1.41655406344335,1.18578928582167,0.962426894852988,2.34871224649702,3.15430706814316,2.34606057956494,2.46337304493213,0.978776195283843,0.603382922550737
0.507268487631993,0.873178181522945,0.579972281747089,1.64160186575372,-1.22272698565,0.171715494044034,-0.699928859496328,-0.506266599902154,0.139596493240461,0.173703073158343
1.71806783588049,1.75741579590872,-0.218540555853036,3.86052148904508,1.7154915807151,1.07291354748724,1.34717648658442,3.2949022804943,3.12611983307151,1.31628694042601
1.67903554272419,2.09765974094623,1.63723478710801,1.11122054072475,0.471576046751229,1.66819785963311,1.64213405321653,1.09204719924658,1.85953087882484,0.56330827332288
-1.02059401390936,1.19665797662467,2.2148579258942,2.41789343377511,2.79741324821509,-0.430637984173064,0.674287204244062,0.29787962699021,0.845638885443638,-1.01942698070319
2.34767893783308,1.12051873609351,1.46992788550672,0.52170812802841,1.94113737428456,3.17331336313693,2.47594760266318,3.32987146023987,1.86479926754158,2.34271709034665
-0.423083579346715,2.39024528198665,2.15887524956127,1.62506688716033,-0.859554358187786,1.88846308448169,0.185009994164934,-0.298460257096483,0.2104930876355,-0.192562190898364
-0.880251538852115,-0.579276589723249,-1.16682951904043,1.52980186793638,-0.386118054934012,0.489926904508139,1.11569302292343,0.659207444673582,0.42892262448604,0.55796997301359
2.47490722528521,-1.56506981128264,1.82366901894486,2.29357340852881,1.93911412629863,1.95789412108959,2.19997333942397,2.6871590619816,2.40358652215676,1.90504399321172
-0.106100958186379,1.54164705822171,0.437619994574469,1.65758113412448,-0.805400049195987,1.65615412960501,1.57212837810709,1.71838253480752,2.59647539688151,-0.438314992845019
0.773232828771093,-0.0931670462250442,-1.66183569063799,0.269754483938357,-0.833596985814234,-3.1008901397273,0.706101114969002,1.62895389990978,0.907673459808073,0.999421428462805
1.27653845914778,2.38760832589652,-0.439445548721406,-0.892478472591913,1.25936914415066,1.10489608076283,0.405127067088509,0.379706870397189,1.5612289913065,-0.369210593341799
0.0829096601668629,2.76315142641519,1.11297570845789,3.26385442278943,2.25222070849983,1.13651056438759,2.01320490734467,0.50930055527519,2.85669600920249,2.75389385998712
2.32473801286718,0.476477757973863,2.18713899968112,2.02129118030724,-0.509298185668069,1.5075045719655,0.753907977208487,-0.191320831832566,1.73488315368892,1.50014236285517
1.54239842655656,2.02566228563718,3.7951181559447,2.10182667987981,0.934355443316919,0.671206027187089,2.62682759635416,0.973617707890286,1.61004552880407,3.01158237010063
2.02329934510541,1.55914601125135,2.70200620330932,1.97399944363394,2.43273374367981,2.91701893404381,2.1072719148704,1.56046426283147,3.19127877011749,3.44435582968383
-0.433820516849217,0.958698531441144,0.512266908669273,-1.74066707058701,1.35194828746188,-0.906750681157688,-1.80780325881193,-1.40525885684357,-1.85548621885518,0.157505375471772
3.31042285498832,3.443025099466,4.11598849499911,2.4262553034087,4.77579370837086,3.20547934711611,4.94686203221428,2.65402189610565,1.56181324845753,2.90834854499079
0.854161393641631,1.75230027604504,-0.460525927028994,0.650208317353363,-0.459818873064818,2.2406879431195,-1.82002071365292,1.24117167509632,-0.991069043358767,0.496966497325058
2.57600993492461,3.58546817396783,3.7177586607543,4.17952884947294,4.58807573305859,2.11767433017483,1.76101398256381,2.4920378649444,4.26523084109048,3.56145679260635
0.520386634211467,1.51950438457166,1.22169077615658,2.64185279091049,-0.209126437095603,0.636375982197752,1.41112637704637,1.75979367247476,2.16934087352115,0.964823824809448
1.4427124240277,0.452270660806196,0.560932208931332,1.11446550112825,-0.302616189995818,0.167186734862584,0.932049494747248,2.12282869162236,1.04309029273804,0.10785143606552
1.083089091713,0.751189128844141,0.973870846451896,0.458350117435407,0.072347276544076,0.442523961933689,0.571548207414932,1.20998728167326,1.54345137247409,0.0965640682352226
2.72797882595561,2.96613312976711,1.31186546499072,0.0555050719316428,2.47410681743787,2.31601587629669,2.28591144051766,0.647168887321774,2.15687388829917,1.86952494333405
0.320836430795037,1.02017349172766,-0.0690642327255151,1.99709999986062,2.01997392828872,1.79729913460898,2.53186120239405,1.55415490391749,0.748142502906751,0.572727552000361
2.33467178800573,2.83908639918201,-0.588380874403733,1.05624693094861,1.14946238817683,2.94455493143404,4.74797351437249,1.30863023605133,1.81524228396698,2.37116643824714
2.76352202737873,1.44000106095673,2.19333321300301,4.01793484212896,3.1261370551513,3.43554527716629,2.318834215926,3.92213011798232,3.52041848471464,3.24556675501439
2.73673305814175,1.96479579870674,2.46734273437403,1.59990813311416,2.66177831340776,1.92632901972038,2.64972421125678,2.63404582303707,1.74406777305605,2.76599454706725
0.933448739761905,1.48864631401601,0.982004702733987,1.2583794006955,1.93258808070808,2.47406900278945,1.22100803020914,0.0114905941483849,1.06628446663461,0.267300539704272
0.745458704264309,-0.900935760224883,2.0695158037203,-0.0148935844410063,0.873348187502893,-0.452502399341684,0.511459560537098,1.87138687923632,1.23340091613592,-0.171614737248794
0.827883596005526,0.878878180549247,1.50056490788777,1.18177669571999,0.121305125159851,0.460047224837206,2.35470195422078,1.34098096939774,1.04793569250399,2.54036164094179
1.21168579037042,2.92547888633484,1.68537194526465,2.72150932366146,1.74427519888986,2.84981312816525,0.9621192259143,2.23218702636786,1.4103494082947,0.126600459597142
4.48385570270799,3.38036732254714,1.88714719541093,4.27188026432206,1.40489541532384,3.63064017689572,1.83347577210308,2.47733333550326,2.43214155875588,2.16350077303714
2.9072222462777,1.30999538628887,3.98917008098525,0.995969100839529,1.60870890945449,2.47745541128745,2.81874355117591,3.76308303130366,1.88004487658131,1.16630567565762
-3.17958614724222,-0.957087692637769,-1.70496178890514,0.287012089820201,-0.900427489100163,0.28390409744119,1.61825490024099,-0.925217019241883,1.15687055178785,2.32144923249093
1.31009214010045,1.27847377203715,3.66736678122058,2.48063440584386,2.2189657957653,2.01232660855909,2.98578571287257,2.8420219444067,3.4095574945742,3.61601673376625
2.68194987773634,1.60356729875762,0.463883710652098,2.50149087623488,2.65016043717802,2.89471459918335,2.89845940142123,0.212869889084063,2.40238284336745,2.33905480089826
0.433618448706707,-0.795711064630439,0.328805703848002,-1.35693183613959,-0.953075850607922,-1.03030346700872,-1.57013333055547,-1.57247359097155,0.811815332152904,-2.02165596154564
1.05985805193383,1.6971705063738,1.02819320413582,1.20703074836363,3.07428362062199,-0.503332335384491,0.492345751456189,0.741385265760972,0.543614512699688,1.2092832861542
2.64482986348439,0.468428714173307,1.02429129290492,1.90188222784797,0.0405533804256498,1.07260103344344,-0.395902195655451,-0.239586149073591,-0.293815840885088,1.32794239788189
2.79238136593859,1.3276268487194,0.13746393534717,1.41221945632824,1.76499289582174,0.57155939502695,2.15971242596102,0.382108336876312,1.64273141970864,2.74091449310165
3.4320564527566,2.44623597062234,1.97298804876486,1.19830802306518,2.64561437635868,0.563709246344804,2.09361026510082,0.720382155020314,3.04975899527797,0.314989938313797
2.2236419841706,2.00477296644669,2.95332707930533,1.42287147668182,1.11294726557967,2.98370523703683,1.4073923841048,2.70608435156843,2.5384753039101,3.0016167803321
3.00246388233006,1.67346341370055,2.22948072746301,1.61677422080116,1.5854311365768,2.79136179571819,2.00821388525618,2.90438342074744,2.84334992775769,1.50556259975982
1.25798765177512,0.102547687495946,1.14070676021895,1.6972332165022,2.93398926239011,2.11481416430036,3.45867750277891,2.78440964160096,1.33398157715284,1.92801657853864
0.247650973954705,0.960042489152687,3.31136109840599,2.58965866119252,2.04789539354938,1.116845728298,1.23840374583685,1.46603656686913,2.09171683889889,2.17400092304025
2.42768063946562,1.00641917257401,-0.691342074070723,1.40839149820626,0.649459165478768,-0.288338246829553,0.890009321719664,-0.228860758560193,-1.03473184457523,2.1441438643626
1.17360575977477,1.49932886530167,2.21470683641833,0.824826986516814,1.87533067704046,0.481942022021434,0.504804979653565,2.32161124635492,0.0879598774038147,0.371174786362313
2.17387782307711,1.0420077432344,0.0241997881268347,-0.849396527399286,2.18830009386872,1.72234631544663,1.51023601635947,-1.76175362452486,-1.21425138524209,1.14935879086454
0.458988166503197,0.970633858877155,1.01708921243491,0.815216211219797,1.83485981328249,1.73846278636419,1.11965918092765,2.80866948046537,-0.0741325918709212,1.32554040443328
1.03313997055474,1.97244337246227,2.86464676378485,3.97303826620921,0.97390690209053,3.78569623385199,2.4865429436076,-0.300280338656055,2.46237026042805,2.46367527110423
2.70184824449964,3.79694126730128,2.50832482748163,4.37890456083046,3.32771992099427,3.79906263849417,2.04950875249958,4.52106367259051,2.33749791029385,3.30421858073617
0.124440696232477,-1.08021893931178,-0.645306457934331,1.26409633998366,-1.05034595332835,-0.972946193992,0.990084076795816,0.120723150214457,-0.363528473670362,-1.16348133367814
1.66898415931871,0.939440403959598,-0.230619688761172,0.0902003000606213,1.3248449127339,-0.109965777314798,2.10317190456951,0.931414054993518,0.400519033974286,0.147272727747445
2.74514774415287,1.49470814916516,0.175943934295006,0.305703034843423,1.00145372054317,1.67197387075669,0.761135411029596,1.56210074500424,0.00939727540987456,1.21090887865006
0.417642594181159,2.45626190948416,1.71005594004971,0.132836476058319,1.66339470888345,0.782213187171569,1.79249257471598,1.76479778918975,1.5133946644269,2.0107303823258
1.86423793604513,0.177262196747804,-1.47220812360859,-0.534507003242348,-0.243716327255178,1.53813791453056,0.863872647717826,0.611770590568494,-0.786095968837466,-1.29995142250147
0.428386769905071,0.577209771157164,0.863140245943607,0.840990689106448,0.61204862990665,-1.94146543129592,3.13573071173308,-0.134594615542,0.986115934439479,1.93561436187971
0.887292319337244,-0.581738418676632,2.94681296397445,0.86294787153382,0.322843539304329,1.19733383304841,0.998302450904955,0.835147730626021,1.46045408306044,1.94270725088494
1.750900022656,0.81360663990611,0.126164530883035,1.47425446501759,0.735821765007264,0.590119896849155,2.00608068116905,1.49490551246564,0.353621737175928,0.625495608371387
2.33010277151604,2.02032151858769,2.57153443267071,0.365103546590658,3.39227143748748,2.69584298257214,2.13324435375011,1.23248664621274,0.751890286710692,0.459712905926507
1.30456714193796,1.16027448016912,2.79898774490109,4.31075460856162,0.530184433960546,3.31482473404666,3.06882330443631,0.815674041500775,0.995622013688546,2.8427590675048
1.28184537493288,1.87371069517172,2.16690665186691,2.77673099044425,0.878983586394197,0.278213573274911,1.85148593622436,1.01267994233115,0.610995768615783,1.24712616784661
-1.50564570692453,0.493737725761737,1.31215002462494,0.237531740637185,0.952874352002642,0.0063886159317077,0.6132039806851,1.25879053557452,3.10876313485236,-0.244838501974903
-0.152966039576191,-1.54316739253804,1.73874027912024,0.27285100609232,1.49796196834034,1.82325855482841,3.36062826270126,1.92429897214822,-0.124626484074166,0.400755127831612
3.71421871360461,1.78868314804488,4.42713931846996,2.2008673201936,3.35713723379675,5.23486075132637,1.06334009985557,2.87513630679119,3.24417269669352,3.56149675639338
1.34481212504552,2.55154578103211,0.78898094307631,3.76374091718378,2.54352051281291,1.9308485808208,2.68983785321091,3.06678927611515,1.17913984008334,2.55422668305341
1.56102243683348,2.31121509523819,3.1094320390378,1.12716261771176,1.28700250748612,1.78710379468718,1.48077574698224,1.6467354935241,3.52014795613387,1.7282615067181
1.69298295871275,2.85598975603376,4.45836710598507,2.65776132432843,4.86276759405999,4.10882387918952,2.6452108414587,2.85240697712524,4.91504650272769,2.05135184279011
0.507429069637504,2.59213760856414,1.25131120642306,1.22731813419677,0.309627673429732,1.44228214678645,0.867711182725547,1.99853410757642,0.928237346518243,1.74613275833703
0.419768520722671,0.256413431271056,3.87358388639755,0.641010751922543,1.78309096460958,-1.06031695736291,1.43953564812435,0.881060559465031,1.60708797390816,1.59074972550156
3.38829448494151,2.68058704898836,3.00081710764599,3.06981100352804,0.632648003152531,2.95778793335198,2.3990403684576,1.09267502288281,2.30242440430392,0.829345521206169
1.36660157233585,1.39561915520917,-1.26848811343293,-0.674240233931062,0.901639799545831,1.16671782765133,1.05574318111825,0.0848297414553892,1.39121374369007,0.186779324795793
-0.831419012930617,-0.690015623971512,1.27031666673609,1.09298968646673,0.786998996260936,-0.364588729629657,0.997674564088518,1.57248058758013,0.804380038286921,0.747126966374325
-0.429331969123416,0.569511098846926,0.374032494724604,0.105619693326018,1.0598722811039,2.34035785900307,1.53141207982499,1.99119117258744,2.7610071396037,-0.293700655136764
-0.00738154417596193,-0.857389235186429,0.640928828997816,0.485693782063981,-0.362666095106025,0.985888658181454,-0.816172419220764,1.3420882116859,-1.22311883631254,2.48465936120516
-1.32345534229485,0.16513520883131,1.74368084388815,-0.191750039019351,0.890637609582235,-0.369306379143373,2.54852665909712,-0.384164208301458,0.199361074211735,-0.770948896496581
-1.60568195996004,0.545485590006173,0.201308023634366,-0.612885874468539,0.046626069539654,1.74541971356639,-1.82879035998915,0.768113402102766,1.33914659148176,0.701010951243893
2.17645286049153,2.9114804922445,3.08285954935147,1.54258000268982,0.898928883473088,2.06840737151904,1.85528359093791,1.17237589787306,1.6673319106385,1.76715164771744
0.472260888369398,-0.912370698601516,0.455586158918468,0.132387380046407,1.18127416163207,-0.134155045723776,0.108319555058934,2.38918138280106,0.585659144925919,0.592527760808118
1.88317040758775,0.198508582288274,0.272188969380512,3.54393301781075,1.89005084518971,1.87690368473755,-0.0994330753849499,0.509704781470448,0.269224533923611,-0.561393236973907
2.23248106283342,-0.184928413445107,1.8664193140293,1.51175427923074,0.688011768104704,-0.095682457058778,0.268641084421064,2.18948410547868,2.73404865728576,-0.0439297332004991
0.469336667989877,1.81092798436176,4.51329795337372,1.83560972608397,3.34809835513765,1.32438980113539,1.86587144118851,3.74611452818666,1.76918287990655,2.59016671559574
0.626926435454076,1.2787200501421,0.922074075342247,-0.772602818088902,1.37737136725013,-0.235473290802987,-0.147417586673793,1.01080907595212,0.478018476662381,-0.157391296528769
0.872710539094188,0.883022049052606,1.44373969254946,0.772029124488933,1.6323826182105,1.27068766975404,2.33452614273573,3.03319476552215,0.22385242762545,1.21370812622786
2.37514689396966,1.51168488753954,1.50197632923017,1.91007795765775,0.660707740972285,1.11889643632923,-0.0379510405137813,2.07790364993969,2.07083767570293,2.22277661515565
2.56774797711441,1.6231521300999,2.6090496306876,2.31226753887016,2.72812884260544,3.45045423938894,1.6507789922073,0.979512489165629,3.77596990050386,2.11407848557201
1.54076697772064,2.5464831518704,1.17784487821873,2.38875191381444,2.30955941754537,2.55278289961935,1.91942933441515,3.03632213712472,3.63681958470375,2.66403878571461
0.915307399534231,1.06533496274781,1.54672255964417,0.818621874577035,1.88378696002865,-0.0714751050330173,0.782904410091571,2.63833259093727,0.450195720657476,0.410468190396016
2.10688305042689,4.00188196214316,2.13062780152868,3.21083473925355,0.880879644372507,3.06150512676904,3.27869302480122,3.46382471511641,1.84463399653408,3.27893261300543
2.04168994230847,3.51946431836361,3.2570056809889,1.60975136340282,4.28111684439784,4.25701988064341,4.04148470254795,3.56391067615107,2.07576959507619,1.60601235888039
1.59823990582885,1.58244265629743,1.77664618775833,1.66151052834936,1.39224193417592,1.1652121270372,3.30540505791951,1.69446709904453,0.88567246453904,-0.385923720445933
0.360586066144978,1.57764871631134,2.86295588342638,1.42569562164353,2.93331560547518,1.21079639631558,1.03256409418743,2.61045083596016,3.44261745726732,1.12676428113378
0.944740699931397,1.26979185322948,2.48803460443375,-0.349758151026453,2.84942231902576,0.16229142547791,0.954481248346981,1.1376004376074,-0.024085317888038,0.86939757776992
0.281276697204839,0.737056949880456,2.0748260262202,1.91527408714151,2.51341833685373,2.27384601737163,2.97093402438374,0.545942773811959,2.48149257080507,1.16498572529374
0.0638397034591447,1.3135375833741,0.241956171818644,1.1528915193206,1.74915637111822,1.36696377312448,1.11705767185438,1.26885747584675,-0.0883521476162425,0.433702961258759
3.84827512921556,3.24631043556246,2.50454629396336,1.2294308324023,0.0570917076555808,1.89812674555423,1.4068938491821,1.21689447716591,3.85747253447977,2.56153372256416
1.06882956066216,1.77302413476824,3.69550354393409,-0.585685085585309,3.08250002864129,1.48668996094613,-0.154804987622752,4.66029227766454,0.546918757535089,1.86025378959225
0.353481685287077,-1.12426068810938,-1.45518824931453,-1.25480712708072,0.268148615124136,-1.2572584217215,-0.114453291224046,0.616175117976868,-0.659016119227861,0.980110550438389
0.067175481802356,-1.00839951346426,1.21936088968572,1.54211962204606,-0.385464763841866,0.785185533707148,-0.00348229246181594,0.517905385175534,-2.33983528931244,-0.216485805702333
2.61609439109406,1.51815266777523,3.00690832055172,1.63549158706995,3.47058166672938,2.00762144964867,2.78408385518929,0.261471711413131,1.79508995802887,1.8875474574665
0.635836603343026,-1.00491841432757,-1.07026730489999,0.894016377550246,2.55469657127397,1.87098936714383,1.87960592318984,2.48369017897651,1.77199838686199,-0.0830825447210812
1.07971431373911,-0.191426025870315,0.611329981743887,0.421488453293826,1.09662290402824,1.46156900772228,0.332198272978569,3.79918281345275,1.55094267764704,3.22726241801979
4.76885894803802,2.02266942226013,3.42531038116334,2.92606860955959,3.23568904870477,2.81212361145306,2.36575336019447,1.97430803500085,1.39934696146807,3.55090925914511
1.6545757450328,0.752964694755969,1.83294296644335,0.183675245327052,1.02223896742585,2.4972572979853,1.20048069943941,0.634307585163413,0.780786046257036,2.12162659743848
1.2911993775139,2.21743213179815,3.48705927658983,2.12324345664641,3.12410204613376,2.59492548280683,2.56534939906447,3.17255471047408,2.122089047994,2.36457219559211
1.51399762403403,2.34545292393927,1.57544996046187,0.812180217521113,1.21086519844691,1.15062803419891,2.22360943799693,0.306226449130064,0.947370590314895,1.40916345460963
1.92531746541976,0.516196889483943,1.68620535827797,2.04171828587368,2.66461581947605,2.91264451609842,0.701037039084912,0.946549417795474,1.32305141572821,2.7316662162782
-0.434523154218082,0.393602728658361,0.0016566053271565,1.97932716010675,0.636010828326783,1.58495980551939,1.37147029139576,2.71161727488868,2.05296038180197,1.06650962547349
2.07273297588813,-0.199241976982307,1.80984670349517,2.00794890936177,1.62218021751459,0.11632139618105,1.06885724242056,2.24454803274609,2.55585206934231,1.78300117859961
3.60315523998374,3.93519989569657,2.41533977478882,2.61040410855277,2.95517197321304,4.75369880503428,3.96315446922946,4.36541451768158,2.83761091159649,1.51676056203916
1.4117290628157,4.56395994735016,2.17823054716247,2.73402110264332,2.01586389197697,2.09197874844762,1.04141755597366,1.81752807151418,3.39607742339005,2.32067451956963
2.51251285837083,2.75590310288612,2.7248540521881,2.06592761646701,3.98679559518493,3.41582695929627,3.29100695736087,2.28001367245769,5.51989855675905,3.35738555473939
1.79209407746453,1.96417156155993,1.04329921951183,-1.0673543449945,0.310996916191234,1.98413173022045,1.65135929700498,2.04908447758296,1.91992223269432,3.39898922156572
0.70808670526763,2.09499188699877,0.441012969932156,0.0734139338702839,1.4386469176141,1.5183892325347,2.20764722212567,2.38748918853527,0.933033821848715,-0.428392291473793
4.04444725888404,3.75439821493691,1.70133659970015,0.306286062714156,3.05091579855432,3.84187240842905,2.46618253724364,1.8881094857968,0.478260525598672,-0.381820794516298
-0.499869556192059,1.96957474889872,0.853810026441382,2.88512285195893,0.666664954145767,-0.792444260283973,2.66544194431349,-0.364521194399683,0.0292074563862036,2.45162537006196
2.109630562872,2.95003041665989,3.81647909733104,3.38493253877803,1.67113726713413,2.55230800420601,2.11354138588245,2.1108485300795,2.39170336713091,1.18825264440021
1.21814786084404,1.49161993213208,1.63022273159897,0.963350643423865,2.28561951696524,1.24745244736338,2.03064489432794,0.163000916325833,1.25848920481618,0.283102241019141
2.79297475506343,4.48020303975251,2.3080429187842,2.74587842232357,2.73764911014459,4.01643763621528,3.34512386895283,1.54966051753522,3.61394130576151,1.91429258114881
3.49381033319339,1.12569377826404,2.04365402586514,1.89566348595985,1.67605438669787,1.91372016636468,3.25093197751954,1.9441687441685,0.900859125690293,4.20478325988991
2.22220745749794,2.03908552618965,4.20501646022784,0.419183935695659,1.80527510119733,1.04133730765771,3.50132713487805,-0.315728242410208,1.26004123471311,1.91952567920567
0.464385639122532,2.28102606710766,0.171719475269941,-0.403757942932079,2.47096293649413,1.74557521603095,2.96779997682219,0.274165650082226,1.02606122707303,1.64593817948071
3.46618049103978,3.78857094147298,1.66524496511233,3.09849196071702,4.2638956475559,3.24528390339283,3.37407227268041,1.13125527734508,4.66985443068608,4.57014645243906
0.712177052322367,1.45720851504721,0.54985641530792,0.419405268505708,0.359142414872375,1.00128769310207,0.0982702111164322,-0.702244764579905,1.41969964323689,1.18543622609962
0.760914520233969,-0.106793441032832,-2.29331558288889,-0.0460363099251252,0.760760197300721,0.143057106333972,-2.45957810857106,-0.515801446063965,-2.34645814342445,-1.56070405582903
2.93226331077011,2.53540372056245,2.69823150403522,2.49832714540399,3.8769695175577,2.08051679638999,1.60288831361236,3.12844545759306,2.28069828975082,2.36667442952853
2.46790225298696,5.30944161381048,3.24332571021631,3.65009763174829,3.48481815639554,3.28841973941325,3.207331741035,2.71996813708312,1.80013482898041,2.89718717372881
-0.783493819423109,1.3080022656168,-0.374279757830282,1.91660943046615,0.819142260415653,0.174900224989706,2.54931340906231,0.275466363158262,1.60553132812028,0.864795741787607
1.54449189118253,1.36062489292991,0.19690432227018,0.989642371605359,3.15036950683205,-0.120738482825475,1.4209788418985,3.06245407117274,0.331483723260506,0.783496084257347
2.49623604030259,1.99175334435527,2.89849022550255,3.92701906442595,0.192648945022401,1.55534798172979,3.51458283736366,4.03020503982726,3.21218053531564,2.69967560361065
-0.530862485634018,-0.971790362625369,0.41215964040299,0.0918811637695314,0.114942561802854,0.018831708915777,0.989565312051802,-0.384813640409109,-1.95361565159959,0.197445529569691
3.33203590037092,0.736394000555226,1.17091864601239,-0.503023988101565,1.14949610341571,0.416784584570819,2.0848358544422,2.41828187571804,1.04290744786191,0.35374937020114
-2.7836001160537,-0.125513053899011,-0.651556240196571,0.320115075038759,-0.768175214201218,-1.26571137687543,-1.17123550828892,1.62790332828885,0.653228649588209,-0.232201935975656
1.59151281692936,1.37658074852351,2.5343181602581,1.15255225345635,0.986285335663398,1.35003772497728,2.03819943630217,1.27238546518968,0.629042075674223,1.16755600215925
1.45479226795877,-0.425996223930861,2.67360328231911,0.738494423456143,1.39739855892169,3.33946674750486,0.223787617210506,1.19239707569092,2.84219447260043,1.85347522695356
2.10636402253829,4.17173207093534,2.02299377683051,1.01049387209885,2.56479882417009,3.54484172630858,2.56057116094381,2.81415865166172,3.34011898773901,2.72056778148956
1.82959955401648,4.11710172176518,0.767443326831821,3.95949556869763,-0.811399882206285,2.61185755708438,4.27000060510705,1.68419779380335,2.46055182963306,3.20555845595535
1.10565406892804,4.75496095313345,1.56774722105478,2.58936333334078,2.89716145596557,1.03574830274032,1.70077139602943,2.69199510502891,4.33938999603612,3.13027482322114
1.89557157481983,1.11377381388274,1.14693363912293,1.64646820586829,1.92098296571444,2.75077404812852,2.27207967947185,2.13270852339418,1.6252601980672,3.39369547492433
1.32776014806943,0.174670114173069,1.67848077540665,0.747312025829177,0.09797684139785,-0.16358667725657,1.01107584670165,1.1517836595058,0.883894125335715,1.73120088801146
2.17280654595613,2.22094298811264,3.54492236826096,2.80325222400053,1.20664106847271,4.10542744007443,1.82240397959145,3.08435600012289,-0.197731402460772,0.735332781298188
2.64182429682755,1.79296031687623,3.3357139124899,2.1074153464019,3.08074881400137,2.15155855253035,2.67374657965708,2.66014789730367,3.82379117376112,3.3458607850348
1.69566432081033,0.509514558641141,2.29491484142108,-0.904388793172135,1.34177556020009,1.3978111353583,1.9238809018182,2.46961200658667,2.08892599456842,2.26172679972844
0.406248444484646,1.8321250329689,0.682003489777046,2.62676445950968,2.40857833895601,0.889059142398067,0.756018367345578,0.539921822597036,0.217331101987797,0.645709900121159
2.50994586944162,2.35158477197296,1.56081362574636,0.736173602860476,3.25010326682341,1.83381062687864,3.59923146198183,3.53714250879076,3.40055315282814,2.83173990870329
1.14293386168389,0.430881334445278,-0.898523935950331,0.104710823120613,0.459901358279664,-1.49838511186332,1.40888531578048,2.15100540384772,-0.523428262999705,1.75075927806288
0.21939354681158,-0.213385349579751,0.495995277550049,1.75390081224793,2.65661446482326,-0.718198758481308,0.0806401548764436,1.82227847158369,1.91651948907644,-0.611739049293914
2.98397737000307,2.7938490509981,3.82134782327387,3.29992109549763,3.58135333006559,2.97570652743127,2.80646858145607,2.63678869105392,3.85863218187599,4.07523344140209
3.88871558726211,3.03010439977741,3.08907114555566,4.56693814460488,4.25922198800728,2.72700319739405,2.56834611003631,2.49890727348109,2.31196332849521,3.5642583554094
0.0178448990517489,0.479372566262835,0.892840153863168,0.821219505210901,-0.291839907857861,0.01906554435154,0.702232728948321,-0.02615397659791,0.643926789978085,2.02979547210965
0.547815034914166,1.05511572594356,-1.28400521845854,0.800681200205282,1.05108558426671,1.53510508492021,0.173012403479011,1.21152242673603,0.602711701379081,3.0851772171485
3.10059786081241,2.91219318269001,1.39276909901785,0.751976807443454,0.779709817520151,3.02068041212717,2.42229698606118,3.25004002171981,3.64198441982333,1.96469631530606
0.125832973867304,0.30433163749176,-0.243836925724952,0.310137888148262,-0.587177411345973,0.102268723304059,-0.198824304335453,-0.96555964106974,-1.0526217709783,-1.0801431553841
0.41740968995721,-0.843417643117898,-0.402672665118377,1.84657456609633,0.328947211900904,1.98881793506296,2.39534141952332,2.13021978329092,1.09062087344571,1.38852860290077
1.72258160377912,0.997930743582632,1.82828031589522,1.84434756537467,1.88360921812755,4.20565790551567,2.65962622199107,1.54038300153366,1.56989324834399,1.74543291885157
4.82004522832031,2.26578405789284,2.67067629163558,3.2235911003387,0.978135985487214,1.13564848356898,2.62186967929598,0.90174993041939,0.702137693805817,0.915002893974669
1.67090988113195,1.09448286357091,2.74089085311811,3.17504387695364,1.60673088459466,0.4706940523178,2.73927038900962,0.943571579620792,3.69840698184124,4.93823733816734
0.800369695875834,1.18977190400669,1.35826283848185,2.15675379595231,1.32986055025882,-0.568546308436564,1.77806468355101,-0.886411852131745,1.38729388273896,1.50688542570134
3.05982529249653,4.13084729730043,3.23114986006215,3.08798910081637,3.32572121041285,3.03180860072566,3.89463527997174,3.36074641109348,2.5917490665649,4.43833935905588
-0.867833145613392,0.807805793535557,-2.06682791641582,0.426076680693673,0.9966257514423,2.35479008215228,-0.943691748416989,0.320930495697394,0.870822255203825,0.332074110528128
1.06746200245218,0.459170248556878,-0.433517698957222,3.34768677512215,0.863398660735105,1.17876654685184,1.7649203825023,-0.486654890088456,0.836341902611336,0.0949256269006135
1.31604824229302,1.55985361074088,0.860964558633748,2.84881737979742,0.30232941703947,0.862604533389732,0.758637917881711,2.64543838219631,1.62403307797191,0.43218197429317
1.63926620509662,-0.166827684489208,1.62826476956236,1.25171089201213,2.66129865873529,2.13183290418027,4.49589017906009,1.54604793697537,2.93671548068773,3.95623638103044
2.19943022936747,0.848117892299153,1.78528437829553,2.01513309126905,0.288886300152544,1.54995253328535,1.88116308011232,0.953401005279307,2.64049679981547,1.09000874670329
-0.218821164356626,1.35055934816297,-0.709919933647344,2.29013158455386,0.323755172454318,-0.0402009293322418,-0.081447836239944,-1.29101899841936,-0.516586003418127,0.45553369647689
0.992965050063388,0.579096820460982,-0.845982931238019,1.51886651631459,0.312336796078951,0.229197642410492,2.28303515918439,-0.0323872435037224,2.42382223292276,-2.99557267230362
1.47548773187583,2.08843755603625,2.04670874999383,2.43192479076186,0.425125200528239,1.6129708904162,0.125587745897587,2.35266547240746,0.781053648142654,0.890348124707779
0.119939075296378,0.433392253171743,1.42727215801378,-0.0826035796738318,1.4083985290449,1.9509141865586,0.171714652969736,0.340838572871443,-0.100311353923241,1.04373146591282
1.22813848879075,0.700978154500484,1.85556749063373,2.51242762397851,2.47873934212427,0.441533168993758,0.214585429527481,-0.0974145774241399,-0.35202498214055,0.188497071643309
-0.25360384956705,1.28487988926387,0.278817809134343,1.38911334864136,0.0023082469984067,0.139133044776207,1.39345403007362,0.345256676882255,1.8086735312831,1.87889480227336
0.294352079924828,1.86114054800451,-0.214927014906151,0.514673532629668,0.418037073474236,0.546039655026423,1.27696383161115,3.09461680085871,0.121726385974096,-0.196666442999966
-0.128370982571912,0.88543976396125,1.51345145683979,-0.0377225898645899,0.556370172807614,-0.425334877372131,1.25120007550226,0.0321121464877748,-0.195751483910358,3.10656596686555
0.391273673752744,1.20922406734209,1.56635309721088,1.88766247467472,1.36770595252003,1.22864538278138,-1.19093989439236,-0.479961861590697,0.689572012954753,-0.147626676432366
-1.36931458675432,-2.45952165235555,-0.64667266475884,1.40325727585845,0.662557788165268,2.83793063478946,-0.707607901300353,0.131140852776128,0.261798713023045,0.61629286908278
1.66757299643813,1.26745453913487,-0.825132000530652,2.35512147922533,1.88301168550297,1.70749913232881,1.50011062570641,2.03893750635417,0.766829102567898,-0.0795380066470692
-0.0873355888761587,0.365313634878491,-1.34750082977186,-0.910213015217529,0.901772802865207,1.22774925950154,0.288737400053944,0.00193042435191423,-0.418570960367202,-0.378598463883715
0.0375696860907815,2.80837221115026,2.05117123247861,1.57116384229555,1.93317491210022,0.679069198708362,1.32006753646487,1.77706234773778,3.0275560513946,2.03154117385127
1.48851481011827,1.98673652395463,2.3402534345738,0.900056788534035,1.3699299236324,2.36039939910464,1.6699199872688,2.03294513202613,0.307617205663155,3.93220882596897
1.84762929733103,0.248831186506675,3.53992560268876,0.890257031118071,2.14784026286404,-0.277750564634392,0.927982673787321,0.720333487053452,2.52307999879427,2.9099889629082
-0.337450654801271,0.677265413686727,2.40041733584411,-1.2270724084138,0.688109362377736,1.09451725636992,1.67971261335674,0.791116176169214,0.822572879505182,1.00424806342941
1.77800738121007,1.5362979728234,0.297729297698032,1.20170208397622,1.48107283557532,1.57301700908417,1.38642373317122,1.2968799789346,1.59374820375561,0.253896960858574
1.69643334648394,1.94045365748807,2.47610967871202,0.860102421771328,1.48849231186689,1.70403193583647,2.12504501954381,3.6069646064361,1.46570052202914,1.3989862725463
0.0314811614102141,2.2841591284696,0.714073700523973,1.51688786915193,1.9722256093553,0.79207051476567,0.735911166678793,2.17520868495112,2.15447507803624,1.17261906223192
3.22212458313789,2.36517950589806,0.375233751751036,1.2079775514589,3.30629450146607,1.84713352424181,-0.0558947722911052,1.66377507362807,3.0016663066235,2.43220152384162
1.01653038595054,2.80049638571127,2.09090399232311,2.01824229315652,2.46458028999783,2.05362508136534,3.85958597303025,3.87612971270865,3.42778063202067,0.126888417068808
2.19507012874549,1.68951465939606,1.36649632490973,1.70891201553797,2.68223608756641,1.08892453446839,2.12398416573161,0.627655071148601,3.60972536219326,0.0792420002855325
1.75774552598016,0.976856618328545,0.485518983160502,2.81031301813265,0.385325554179605,3.58611868361172,2.48507547992649,2.29389208177167,0.579297878602064,2.24891691919096
2.44803307909078,2.49140201958249,2.32378122881808,0.713056846064359,-1.24011818694875,1.94432765101353,2.68386858899758,-0.10871693377323,1.17921766261649,1.25522978514306
0.589392848369273,1.2379343500821,2.63552365737546,1.91216275161643,-0.295447584447176,1.93526093082151,0.889267587652524,1.4404736859964,0.780863070907108,0.254203930211391
0.509705213102345,1.43689506553538,1.47987549681307,1.69585727002953,2.49747940912595,3.46823429500996,3.02581250196202,2.02752495364872,0.939191861727519,2.75334504097788
0.46918204897421,0.417177628994488,0.969773461043097,-0.483141938799562,1.89600106887184,-0.16406383989959,3.07901174862682,0.17215371674215,-0.292016401177774,0.452041345216406
2.4666926819208,1.51525712557948,3.53400327357246,4.14951710808492,4.85288131041111,2.40862201997663,2.95376148560481,4.26291592680637,1.31224773844035,3.22628709722996
2.28415639526604,3.42243782944689,0.441007982635564,2.93967752326542,1.84986156561595,2.30483133897154,2.27885868472459,1.66944263506713,0.32563516258592,2.76190971722615
2.15483671201563,2.03888513030757,2.69736612319021,1.38650773354039,2.01696586568916,3.51214223845969,1.17106814333724,0.338694595449555,1.15300772709315,2.00361597101411
2.80852855288904,2.52533683612492,2.2108357836035,0.0676085629169705,3.27774895371388,0.456283820970965,2.75848036412692,2.21839351621065,1.38768359420958,2.6439134692471
0.653257045822378,0.813941613438824,0.581365705047379,2.61509591205459,0.945987276091199,-0.446584435021131,-0.194995293800928,1.02904698378018,0.820430841111041,1.20880343567462
3.48928851565934,2.04528715014506,1.04962034681756,3.22527925086725,2.14172059369621,1.75528625706029,2.48385014306901,2.08824548212964,1.01570786978221,3.03873216012332
1.91336641462181,1.9415127641542,-0.468169587670272,-0.389955616664482,0.290145734256551,1.62884174162887,-0.320231922087218,2.64813809970206,1.14996907958362,1.49535492278236
1.15629901914128,1.12384761476989,0.651931060059649,-0.0861263585695071,0.814612937369003,0.523019254243953,0.581674900998673,1.30919626814226,1.60249418878196,2.89211609479209
4.02758226460021,2.07467252605269,1.63086025597022,0.813156907426318,2.26309995489437,3.36785747482605,2.63259568345937,-0.330391805749989,3.25108665958049,2.83230683045818
0.630777405383245,0.914825257149275,0.46411088525063,-0.390264760985207,1.6454597433817,0.0684698010615249,1.17978540202776,0.86309493623833,0.196602074154357,2.88738629224923
3.50349890233088,2.49504743159402,3.00274534274574,3.01768736074766,3.09459076452908,3.73882493765047,0.622878202616184,2.66296231811069,3.52904583315398,2.96790750746462
1.5710384042903,3.18447579800507,2.25707031541603,1.30124721680668,1.95414714422246,3.23320478225417,2.41482693618332,1.97142387666446,2.22796799519311,2.79935663314058
3.19477990244542,2.44424462665145,1.72302571703666,1.78358859277043,1.20466882078542,3.63090001331439,2.04841501352239,1.70843495009569,3.40665605705076,0.98680730581532
1.09416157279723,0.268563014039891,-0.523196361607079,1.29812135890718,1.55980025640486,0.516576201259419,0.436295298504343,0.979587049817631,0.492150540691449,0.511268953356858
0.551423853878978,0.95315360962487,1.48474577152566,1.74430408883465,1.42687568086167,1.71593127657059,0.634973476225954,1.04100352302868,0.612511931558633,-0.837206613053434
-0.492632952764879,2.0811288519034,1.80041621881537,1.47419039274697,-0.158903390333262,2.03607455858378,1.57140970851862,-0.640273573098063,1.80392813791881,-0.0311730281070686
2.08868831833477,1.16400520484909,2.87139213565493,0.982254595986514,1.33204919447444,0.51726612081171,1.19277761643235,0.904213482889127,2.00746322650054,1.25917497975455
1.4784264339544,0.576617584477862,0.372598952097834,1.35712628963955,1.54436003223324,1.03633595148662,0.639099415459056,-1.20936930672601,0.840909676502843,1.29709384823774
4.10088375831708,2.68008090030316,1.00471157207327,1.95779036921585,3.06767586074242,2.06482277841393,1.71312261393911,1.18656034099483,1.13163302445307,2.99637727680579
1.15119151988643,0.530905144072691,0.119083154983888,0.2917194505188,3.017827205792,0.53177891586667,0.826847688438703,3.40072469500233,0.587265473986991,2.10989494887631
2.23456615309841,3.02545941048533,2.89673132331515,3.23393845489505,2.14181261168993,4.64405387321383,3.65462064768189,2.48076204864084,2.92988340943874,3.88098467353634
1.16222309921942,0.633600069926485,0.0578893659058357,0.841458149130362,0.0593051337106012,1.37964388530473,2.02927222598274,0.257494277276218,2.56641287313949,1.59797018829718
2.15936155104129,0.0923649304924204,-0.771915740404529,-0.21189452406701,0.957092088623631,1.74921005668345,2.02635527627412,0.0554358554575652,1.56703925606806,0.920247676347853
1.02552933748229,1.08813758664009,2.18615384599659,0.634299704117007,1.32179765550271,0.251825684227615,2.30673888429214,0.223576771652796,0.770512914733264,2.5443087444955
1.60312699880546,1.94425107447412,-0.316663532589332,-0.855372975758855,1.17316916823439,4.43525537137149,0.278234459844182,0.407777151352963,0.586868605797867,0.855183199176321
2.20256488394141,1.21734931998726,0.00574853036310574,1.30669796453822,2.08459963145757,1.4153577591307,1.70845053294341,1.60067231812854,1.28971131397062,0.978711469368124
2.07233960250124,1.6393931197269,1.54639531813445,1.51767122977974,1.85516057551769,2.12610175687783,3.06369962703027,3.50130447625797,1.70794168947934,1.98242934157639
2.42862880281719,1.34549721902911,1.39771420472885,3.43128240435325,4.23900328061957,4.04475923064086,4.33078175322791,1.32371386349098,2.22284493733063,1.08472351304004
-0.164695302202307,-0.885434948423341,1.2043587674719,0.693767417673009,-0.226254712895213,1.51466645327541,0.999938508361024,1.85786546890928,1.17067935632123,1.32915328284435
3.78885807833128,3.5917165596119,2.61301263543947,2.22160440772662,3.44527517641706,3.64702736785567,4.19022046793906,4.94575787457693,2.11803724849852,4.90493772523981
1.52949992811604,2.87235813971393,1.75095044008242,3.69109244404556,2.93418791522704,1.62404033637106,2.00051783909217,2.91338968168161,2.06531550964344,-0.125156903519004
-0.798765598409794,-0.44191151207485,-0.171401257305407,0.590697614808248,0.500303242795769,1.35397892684513,-2.54331855482441,0.311549103071432,-0.990990677245927,1.97364460514751
-0.479385775344728,1.87677613900163,1.0813547797826,-0.663485899517274,1.42914125497928,-0.0742597046584481,-0.211402256396351,2.36283775555878,1.15596130972922,-1.082101394566
2.49179768322652,1.85871187328527,0.519711177123785,1.84394771696309,0.106358511471035,0.648846293203454,2.85911981883946,0.647926963698353,0.17011889493645,-0.238334977559468
4.38742110219448,2.84259189139254,3.59630003243676,4.16903044485867,3.77723797779592,3.30934388979908,3.77008317558313,4.08273881470925,3.9248558105567,2.21071611643719
0.518162487159433,2.27301171275025,0.793813491803683,1.19058744102764,2.46143481652203,-1.9940051620463,2.48371835918712,-0.0764280710762459,1.38837281530395,0.0604846800443238
2.66252498868972,2.23834210732224,2.51546313881475,3.67508035521527,3.20831792107793,2.4106066097601,2.49900355863849,1.84287666925392,3.41785743396748,2.98134509082027
1.52219897889362,1.10237461685568,2.89235531831679,2.81054906310405,2.4298345502622,1.55912394818196,0.826213735547766,0.41253454478647,1.42652761531438,4.00573650681596
2.59663982877315,-0.586685969372694,1.63627926093844,1.33647655284002,0.509176532516164,1.43000120273095,0.452221665799647,0.860412393479858,1.43767318035221,0.427477163710925
1.72409554427601,1.22410804473356,2.35155869439545,2.75839810623863,2.09261626662103,2.93396925654097,1.83463127386243,2.39286819324712,0.706114353503365,1.51239706726169
4.01577731327994,2.85956274734086,1.40930671747882,2.85387489493814,3.84133530733406,3.98795495621831,4.80676327201193,3.09859235747038,2.61265304594144,2.81999181304703
1.59718200919405,2.29834504513076,4.07190660723812,2.38072339713431,3.28312517654265,1.92449267998324,0.548988946275989,2.42099508780112,1.37585924501561,1.33795945340754
2.07835720703281,1.6454603359983,2.81685941836933,3.37940363219798,2.60333895847041,1.86168662871808,2.42045376197317,2.94360633012554,0.830517334778052,2.77318284761659
1.87312089823588,0.419351860816132,0.599024086890037,0.0512916685843809,2.67554928108446,2.89485203343848,2.0343410468856,2.64625973179341,2.36560225300727,-0.33317036818402
1.63325101754116,2.26511173113369,2.36266519173358,1.00341335944783,0.146596392097294,2.35289905328758,1.60646280555379,2.02018123271186,1.61183955684775,0.901431576705196
4.33575575309693,2.53768653809043,2.82531264139613,2.73984243218336,1.52250000170759,2.50127933223611,2.38497707487119,1.69662628149375,2.06057173712212,2.87541267255373
2.15462673527723,2.25217667040268,-0.391937167173672,1.15942011353371,-0.797793173293834,-1.42424785689185,0.282485458849661,0.576213143013492,-0.477514113191486,1.43333421277757
2.72244759598458,3.26368467141512,2.1823528224285,0.341023672852752,1.38882263627584,1.84762996676595,3.14730948241739,2.17625897469153,1.08875863013168,2.58296496848811
1.27202815049654,2.67326789431432,1.08593748819206,2.3743764551517,1.85789362986265,2.39262884784823,0.779959146112365,1.8996526943138,1.37846187206459,2.7753355652796
1.31801635250038,1.0234065881304,0.83786593350196,0.594299429522298,2.91860936560798,0.876727008784421,0.959786454935614,-0.997986059981267,1.67744142566419,-0.870591662219086
1.86056668764609,1.9018813195753,1.48010545419486,2.2618508026253,1.86705776345278,1.34373320142245,1.42398957520341,1.35007679204943,2.23941846637569,1.64668981624734
0.764608904635003,0.293556821459955,0.517880551754504,2.43515757849578,0.728310089791345,1.41567398339217,-0.689571978702418,-0.0321027995622143,1.27944760971499,-0.234378142880712
-0.925321768825279,-0.322892926347946,1.23239656239903,0.138431436884294,-2.00572559085207,-1.21060837799457,-0.352373869711397,-0.846435894068327,0.39653624831341,-1.99669087114936
1.68376872987319,1.74849853682969,3.70847741069338,1.20548251897328,3.74945899860669,2.3484788306594,2.73426705024165,3.45459657089954,3.31674174552552,2.46133226401375
0.105186534636175,0.770697919061386,0.474339200481477,1.63046205584142,1.43053400865706,1.17996316510181,0.919488413145575,0.631220996290764,2.42850183214387,0.414688407861817
1.01391343707057,0.439651730657739,3.27341080415835,0.626378233004306,-1.30599261488675,0.173496883563641,0.181186636237862,-0.214894990851845,1.52662592475943,0.555038269315792
2.82504052182205,1.08681008093964,1.69456816281954,1.76596382035327,2.61576175476447,1.51508759605128,2.46808657677184,4.63633889419665,0.433033145547724,2.04003356175135
2.17912432095184,0.172306058048106,1.66078561176263,3.87630244487701,0.754394474414843,2.98055634082029,2.28087170032643,2.79456680441486,2.45783928941393,3.07695794471405
-0.0032876910676185,0.142767154109078,1.10862601827868,1.34586738939546,1.67051156893101,0.513174497137552,1.89774227154594,2.41456522554795,-0.108432981865426,1.52524399559333
2.80738033133119,0.53234859989099,0.285839115272204,2.00426660016361,2.34311664193034,1.13821605918594,0.288023649476266,1.22026359442243,0.163879119888416,0.189793847818187
-1.34706801152708,0.0805047856066486,0.559414326903346,0.610977955956418,-0.118725745699827,-0.11460229957161,1.64597323501087,1.47686400331619,0.383706706890824,0.33825823429211
0.481085076184197,3.24443917012687,1.54845740944302,2.3551795134591,0.320771174097787,2.15003907596756,1.37144249381343,2.62292416285091,-0.942531314424113,2.79164296061743
0.990049335619356,0.573186262356619,-1.61210908058897,-0.567332544443083,2.66646409532396,0.278649455411202,-0.611192609378992,0.0568905213043177,0.322324733403449,-0.628568477384266
1.1523135210118,2.92939243001251,3.52666304751267,0.986399476029989,1.25772688824587,1.74315674892888,2.57320159760461,2.10238039577386,0.762901627566842,3.52722111599432
-0.57661609060104,-1.34858963842836,1.1355699083305,1.14831195400405,-1.49111540019011,-1.2984232355048,-0.269144850072218,-0.854594860707132,0.730693812108629,-1.2685083509209
0.612649072263622,1.1881273441234,0.911947201538609,2.12348880482438,-1.21744098265916,3.75439732810556,0.250471508361494,0.168419517793195,1.51142353288155,0.804067604856487
1.03020287543959,0.911963992479413,2.73266061835673,3.13308045891148,2.42454316463951,1.69905199362551,1.7365419057444,4.10074129392307,1.90050065301796,1.20819245464018
2.78949196684842,3.51385880530461,2.97413972892449,3.88264272670882,3.08879337693872,4.37187022265547,5.6549487865367,2.93636427323907,2.70473040719665,3.2804772976247
3.2113746754752,2.45314005100826,3.67981624305561,4.76883805185028,2.46597086941375,2.21009134693727,1.73652020476701,4.18807892988194,1.87381936768466,0.0869462795175404
2.51517283613261,3.0172421713364,3.51471797879445,2.90651959283057,3.64858509040989,2.1605865061551,3.69400277791273,2.99354777281665,3.0822723036744,4.16180845836646
-0.160226709513926,0.801042509455371,1.82261848532301,0.914156393752995,0.190477915518977,0.821308025771523,1.3810935404071,1.75359699978991,0.0283096859150922,-0.553352152476735
0.517702870310393,1.82188039231639,3.78523222580336,1.78072345989191,3.17561324151411,1.61829289606224,2.76468570247168,2.93335528945082,2.19287237461965,1.44859121365664
1.97719675307065,3.32726010634342,1.18774747120351,1.75232986806368,3.15327303956778,3.27041584331409,1.68706788145443,2.68184448919095,0.922553221746954,4.31881190328068
0.171952076193022,1.28578189646634,1.10268283777929,2.6518934506342,0.884303169813532,1.98646881138289,1.90655218174172,2.5838095816678,2.87086163288998,1.50428901455457
1.97504864522725,0.206974309579453,1.96833556599222,0.219895703213152,-0.363456251123475,2.60218994024277,0.475828628082787,0.28213391208189,1.51720009508712,0.682407132883972
2.13507959678954,3.04528304907461,3.94119823374004,4.22303996118819,2.48130774738352,3.72113589392379,2.90124519122791,2.72174844655126,2.08098022676595,3.30726080908277
0.942838529079698,2.36823805415394,1.4969862954462,1.73990648568663,2.14562260157711,1.83026014354049,3.26555048740482,1.15208038271893,3.07453567521438,0.608108001407166
3.24963449782095,2.90244709135671,0.422689805552013,0.562596359729846,2.13682647091504,0.703436741054915,2.59345798635808,0.461588277021863,1.44311826208616,2.82530380522405
0.73549018551718,4.40199944687201,2.52294238771885,2.53023731516329,2.80846226220185,2.1025477711177,1.59738764015861,3.96621258015521,2.59308670806425,1.41259771579791
3.702090523302,3.01024579116139,2.38571651080126,3.56783176422392,5.39655355539233,2.05390501379385,2.51881879952917,3.27075130815957,3.28383204570106,1.69011304194287
3.14668595372179,-0.290277011179974,2.17011978618867,2.60319060806899,1.37564225074282,3.11773947467236,0.34340931950761,2.0571608306382,0.542686428309345,0.71196920515695
1.74374255953349,-0.704770286497205,-1.98687284036031,-0.789316045181969,-0.700453138319966,-0.45544854523692,0.979775997762158,-1.70517193320957,-0.815480166256545,0.981649566347399
1.45125278727199,0.633858408022633,0.794482069809267,-0.968251996820614,0.985450115623133,0.251147127741355,0.74042320299156,1.30394940389909,1.50559003518037,2.3672165418901
2.77471686311026,0.225322103498512,-0.0787157710279958,2.49344229506747,1.42967459500626,1.75046568415587,-0.0882137961142915,1.10050717426142,1.51882295349937,1.38437165468265
-1.75205405412796,0.945544849502389,0.498219075895255,0.523792430745275,-0.0476292742603686,-0.747190188956,-0.350073770022839,1.19414565348872,2.84895959804106,0.409959980707205
2.00840100188302,1.63700410139298,0.935601557324782,0.573108659508767,0.80720914165091,1.31535622547519,1.59039769811268,3.34220930056385,2.15644205343698,2.02606075973414
0.284496452733091,0.531374294312875,3.57183826439046,1.71159012907487,0.831517094767694,1.5839509187769,0.598054973089144,0.873243972135253,1.38356753389742,2.1049240220541
2.9227140360737,2.22033122567556,5.07277362753335,1.14271852600612,1.88726690687542,2.10287580091251,1.94441207480834,1.45659490592374,1.23737026658466,3.76292256246183
4.36211679672282,1.71645449236718,2.65978989261868,4.94638407508644,2.45734678775704,3.70595197534946,1.91196825611802,3.78547791892119,2.78385482942642,3.95496948175569
2.04145208129078,1.65188840369775,2.54735182455737,4.35940914362654,0.580857818296844,2.47045339816135,2.01585784499807,2.65450836084201,1.35169572452129,2.2689578723432
1.88631155788286,0.737986262155429,1.60368969738917,0.993150186314428,2.99288667957769,2.16011665517782,4.30382597237984,1.0971149402745,1.95128729313557,0.254343847920642
0.411085626534375,1.90090306073075,2.15254521148063,0.709798353888738,3.29424447671735,-0.0663224719369973,-0.643260010838363,0.920467714610117,2.15527101331097,1.26625317825903
4.96897120835068,3.74132588849852,3.73489244447984,2.49539047646132,4.27252312767818,3.22569941928077,4.88553407214192,2.89415324396263,2.28699251379837,1.99090788366206
1.13204928256062,1.73092521305914,4.4432363412078,2.45262436527967,1.06117871604555,1.37035566476156,3.11341776763724,1.09663894380842,1.59822114590099,3.11930890550739
4.03360071283202,4.22928007048813,2.01137857034472,2.9892109980637,3.19730831224664,1.21292671308156,2.1857594770632,4.69680901651485,4.33388415872795,2.87844609442932
-1.64726948441947,0.603657977320031,-2.73532404372069,0.507785189314468,1.36428080527697,-0.575356004606695,-0.588932243572257,0.121919645854869,-0.103611529835187,-2.43307852121598
1.91200560632354,4.22759510247856,1.86326510393174,4.00089983661628,1.17005951638522,1.45627135683427,1.50676348702744,0.496310540713866,2.8859883750478,3.90751064792845
2.42406692438293,3.20319327387316,3.24023682405619,4.22611334810092,0.059519558469227,1.92052077169625,2.31730769046795,1.0582328610382,2.46114026522796,4.91681944691061
3.83844357430124,4.04689437725449,4.05500750843315,1.25782744886516,1.74891118382696,4.32768740534382,3.82907519815897,2.09597117580208,2.54226670090308,3.80405718539477
0.904269369848035,1.1566664021179,-0.489561280328955,2.04324846325756,0.364713437532531,2.55732236740735,0.693101239852951,1.03398614958386,-0.338703795469008,1.68842577472646
2.80625753073665,1.72277703440008,3.24245640582582,0.0662076169754473,2.13556737226141,2.08866345278738,3.04310160348039,2.24390413232755,2.17296905485191,2.74354914518397
1.90612777667861,2.53232427772799,0.37593786190661,-0.068342615414692,-0.025559024627986,0.774867403868036,1.95465667122419,1.39411052990633,-0.258397082794778,1.78162249274583
-0.969455985205346,-0.580366996163742,0.981827905620617,0.918588015132682,-2.03674448994364,1.72413504963702,-1.24450803947236,-1.13075806117147,0.167252008548334,-0.506663207979593
2.51812406102111,3.0700306963604,2.58383082708439,3.68486595971064,2.50028528462713,0.810079519911855,1.90019005171493,1.54275080630349,0.844275603558532,1.56186834408224
2.56972226228894,2.26185541967627,2.72746938632156,1.68603768202138,2.3139235616171,2.07183408852915,1.66353698364755,1.44432718111049,1.47127319900316,1.71647329160231
-1.7462017062225,-0.914512289488857,-0.605602167456873,0.276835995200003,0.445465798038105,-0.300209345224276,-1.11948539935563,0.636366773414938,0.842619249226296,0.333854655806171
2.14715909109822,2.50135187232079,2.95977448855643,1.07877498570111,1.49636261556347,-0.499056802073096,0.739873841051559,2.15431969996651,2.75131687112715,2.50503978284759
0.749902603722522,2.97529061636447,2.74400503140444,0.880201643946906,1.49787398371709,0.668895313655555,1.11575011232331,-0.698280633285877,2.20975931188124,1.36035291290717
2.45361405716847,2.0045766391868,2.55509386554796,2.94434550818646,0.817460692842973,2.09867028911546,2.15841314147612,1.70564365617892,2.43545912261794,3.86443139638975
1.35103636703841,0.380691872685125,0.854721401118059,1.52264927233138,1.53265973280727,-1.64730077939698,1.13596006945662,1.25458633504201,-0.233431555178993,1.36167928071927
-0.345575894428461,0.829483495089869,3.42725552014475,2.07933824699724,0.26325733731783,-0.370620711692544,2.46682910935081,-0.163957544530422,0.740710673027404,0.757379231335027
2.18335365929905,-0.750746540345056,1.25866550822113,1.66213591332148,1.73798322762555,1.73493803061656,1.98229184247032,0.68276012002683,1.09546715228089,0.256085121594049
1.43922257705135,-0.113446812343701,1.02306217705962,0.938981965645058,0.231969614431622,1.92224396459483,0.476110657195886,1.34912657864552,2.08977005034585,1.2675377078961
1.84900838107956,3.9596515546742,2.71016256447499,3.38059987285453,2.94506898341996,3.68078628098505,3.63885472134247,2.42350106145533,3.7739707358181,4.25293169064607
0.368434455132664,0.688918102615646,2.86075242071023,-0.340260939938807,-1.25099713013406,1.34939941511491,2.5361357774744,0.692508972764708,-0.769577659450126,2.42069512729136
3.28296550806148,-0.403807003135392,1.35228914712459,2.53499676283782,2.35206164474898,2.18107192782335,-0.0575329614043625,0.598188461875669,2.15148181397276,3.19791163843798
4.57560957288792,3.72621730058533,3.96911141408326,5.40296629347944,3.24470676669064,2.50932045663548,2.97282080897791,3.00596374975516,3.28997725506482,4.45411386949844
-0.984307506625187,-0.228287027791527,0.699032691284925,1.86549637193984,-0.618838218359597,-0.239560299675664,2.40421647970671,1.11826495666862,1.66726306328975,1.30018586579414
-0.0316011525700095,0.765481342154656,0.239190803864033,-0.10548783535276,1.52717480940479,0.661717106930167,1.13814331991628,0.574056348561827,2.07415771667076,0.891790103770923
0.471414002077845,-0.807035037941866,1.25829273385176,1.56509325902253,0.0853464522189297,0.810793374164841,-0.579615222012639,1.32826132773546,1.69343965234226,0.689225589248115
0.0509510695454729,-0.230490122057786,-0.922303493716637,-0.191050836411853,-0.207641718449109,0.894966588152521,-0.0839605565399655,0.167458510543638,-3.03506725172816,1.84800836518814
1.19295077925927,0.607510096984847,3.07928333294903,1.58536743711222,1.34926475866104,0.752842106834407,0.427920227917298,1.3394441210045,2.37043699042761,1.49148482218043
-1.0529899470581,-0.627351513828788,-1.65919528658443,-1.28183015351762,-1.71501196973284,2.14575085896523,2.05426857838526,-1.0170062767477,1.2927321317836,-0.908329953871295
3.52721907719411,3.0346857307011,4.03799356417191,4.40032220236673,3.51787065463873,3.8457813453587,3.03640235891175,3.12755864216624,3.49342322758455,4.12533992371436
0.642531684020026,2.45739081482132,2.74413493682118,1.85135566158383,2.07395385520802,2.17930739032767,3.22795280895921,-0.477265769460287,3.70670528975484,3.49741868372318
-1.34995115117783,1.5794656455895,-0.467676210035824,-0.779692328114176,-0.2447470406019,0.420092662392829,0.502863268584951,0.773681996966324,0.777474055656122,-1.68179701106178
3.15555500592508,2.43410060455032,1.1079922035779,2.44278208965524,2.96984524755254,1.61756545861597,3.03620351844345,1.34884290409985,2.42019208724954,0.742866972354996
2.21340497882285,1.15963423810455,3.46279722105243,5.47753728980203,1.04936286186528,1.6752656205548,1.73970172642974,3.16439911543107,0.596876605874127,0.0145433810130302
0.412346724962378,2.7464912617854,1.37057973546938,2.16302810787551,1.58348771706622,4.2753506106526,1.38073032140155,2.11352690389594,2.3362649221847,4.09822356909012
2.88727027042416,1.73563385368212,2.3125432567205,-0.334804375223651,1.70197494344812,4.25464374890325,-0.104003968305635,3.12706334271494,1.19410673796434,3.22019334105019
0.605710268517109,0.277686291124362,0.377758590964643,1.51628609043107,0.751595377862669,1.92722698089194,2.04377943209708,1.26639488547263,0.80622775810325,1.82475134881078
2.1251567915361,1.5414224581498,1.03180385174196,0.00363354765120283,3.41890573770564,0.513766275552306,0.416037738816336,-0.348783973313518,0.479872522955671,1.75251428152161
0.871253052624407,1.56275615159685,1.55464298275118,0.944086930394044,0.286933992934821,3.37493786741588,4.54498003671708,-0.0165401847170936,2.82560249039924,3.13782368892021
1.0672135486806,2.17862503813575,0.948409457551207,2.96140275899125,1.86647544544498,0.321617602403728,-0.382463120694913,1.76074039331534,0.702980825517102,0.0541840022801345
1.8941610796772,0.148887574158697,2.54029680231424,2.37012177295166,0.367806422560943,2.28403378754643,1.50814313354667,0.852208004554161,1.91802338992279,1.20399797978281
-0.932760580857919,1.03555732984794,-0.50841399914769,-0.0512854844894537,1.14462669438788,0.329819657211632,0.40566645425556,0.291718672428242,-1.53658885034843,-0.886705230378426
1.04696259426793,1.21955850938599,1.06854297025074,0.656038034251637,1.08506606820901,1.13718815130721,-0.17389590655865,-0.860561300470341,-0.490554973856929,-0.305009247360481
1.04692694593876,1.08086560186964,-0.00148125055137971,1.30260512647804,0.798207339308417,1.73012186220313,-0.0795957504703662,2.42916367875482,1.18742613463644,2.51167736484311
0.910466305437631,-1.17033301196528,2.88967353063662,2.3546465337049,2.17297811947178,1.88184069639071,1.59933519321016,3.35593575412458,3.14636401785057,1.31981903560599
1.7286582810353,-0.0768532667193691,1.61264967786352,1.24463158452431,-2.24928817492423,0.50120542793095,0.812783410645099,-1.14046340542974,-0.0492201627592908,-0.332870934299979
1.17697724669534,1.86237483852863,0.751706754938368,1.02237377082179,1.65779787978171,-0.157588445499868,2.24838586206372,0.777920040594059,-0.258842678395304,1.34792411805273
1.25901255467786,1.29068485051887,1.49758610361572,1.66379421102136,1.99740410225553,1.10791690188898,1.31511494727937,-1.45076294190488,1.69328919550222,0.292511733609157
1.28257022997622,-0.661556091095527,1.02657564721245,0.414704482172409,0.866129041318838,-0.0160229436076311,-1.3884887297562,0.432258548604066,0.164256183627861,1.60892297221246
2.63523020192781,3.2325527744792,1.50679435974329,2.18163431843241,5.00806845426985,2.64850739981229,3.17703743615786,1.5351950332963,0.697477536145108,4.13186956000425
3.42959825500113,2.57545661440842,2.62965257572659,0.789883271749763,1.78179796069811,0.559200354607712,0.146895161489266,1.4926853643328,0.598842721164423,3.13768781967619
2.21044362988365,3.33827567191723,3.83080031838094,2.16414924805623,3.2866946205365,2.12597402409535,3.92082967928735,3.24191180917643,1.67042024664686,3.37663723519117
-1.3661204245033,-2.35736315871982,0.21448828318065,0.458286466885927,-1.01207773158693,-0.459311781379207,-0.782032431408467,0.241159980550724,1.23252377824592,-1.35457548260482
1.39973254540787,1.92479163527318,1.05949346416056,0.195500992825159,0.056524224008302,0.987746395792453,1.64683931647147,0.634939569170063,1.37983165399132,1.08158246487102
0.772763419312354,2.34696251226256,2.86603256920007,0.963821875834262,2.16322934000434,2.29771313740478,4.04104650758641,2.77674849167341,2.384124127586,2.83316131263367
1.71684426191259,0.27399892185153,0.89495039841537,0.671986671891617,-0.782058156054293,2.3362889721993,2.66375188675433,0.44871208302176,2.04859356181678,0.994209317286793
1.02410494364533,0.254052088852737,1.58734309247423,-0.056579567130679,1.8873678403159,0.0633621193461708,0.519050730328734,2.12620530600879,1.22134356525191,0.978122617993206
0.363115078306411,0.261935089937522,0.926817564093199,2.17103692455916,3.46353418671228,0.252307054102277,2.88922048527226,0.195165767739528,-0.584279373611398,0.0580558152687662
-1.18978336837914,1.34171956353804,-0.800630224285108,-0.547470452252136,0.589114425414087,1.6734723323852,1.33887310441277,-0.482856508113623,0.94011299566119,0.797160962997827
-0.991623022865601,0.357178065298141,1.01702851564647,-9.54848406466979e-05,-0.487573643287387,2.18117034119401,0.592764731414099,1.34611078324948,1.28679757675863,1.43064811645476
1.72654336781636,3.37358702636482,-0.0081333692875587,-0.594230611442355,1.65867660885152,0.882040723745499,2.53901449238103,3.87311548870243,2.89277775597234,1.11726064978862
1.68802673955526,1.58666270891997,0.656495392681742,1.31711081409765,-0.257853765323048,0.0874735921852182,1.31380010139012,3.11521552432904,0.224873569656112,0.772684738750578
1.70081351357775,1.61353807625395,1.60179116852855,0.551389488628913,0.852936152666542,2.14042927673346,1.5432830429447,2.85403723787766,2.06433664123172,2.20988384402983
-0.29128472231954,1.69115585272762,1.88131612827152,1.0705339594797,1.66818730732735,1.95998263031517,1.3067817459611,-1.0754579605488,0.129032213225711,2.49175905211878
3.68692872707277,2.37938747668278,4.72475092638209,2.84148773177432,3.24490991662325,2.22724608149939,3.00472142425082,2.99832460309354,3.37665109236613,1.7283469774311
2.011493138422,3.32921740326624,2.47272582793301,3.26809064185738,2.01274857090719,1.34088212302875,2.32213951043968,-0.876624527580784,4.01506789417166,2.9455854681241
-1.37877266966018,2.12188970495225,0.56754142545542,2.81650529151217,0.96919769382846,0.858702108517831,0.615827592447023,1.15500657468131,-0.122104866576293,1.23993576215381
1.23585930757757,0.9359369594697,0.438607569809997,1.73492745007673,0.57709935243726,-0.661742710985874,0.693920434716417,2.48814468952468,2.53799179749687,0.408775449319414
0.828363807705938,0.480484753919484,0.0146656463010078,1.96738740598464,0.680404839867725,1.46048376606149,2.11948098472432,2.74035869222477,0.566288984330371,2.51696347932943
1.23398562212079,2.14923644769009,3.1314568904282,6.43669777032381,2.07448953759704,2.66570393734837,2.99556316320822,2.29659027856011,3.4324489637445,4.12750425665252
1.53959121692384,2.81382083257142,3.31321987850702,2.17530378838573,1.16453002590185,3.07382337564117,1.90776860856895,4.54115341726911,1.97365113286963,2.78559614485948
0.126910835796401,1.52272651111989,0.515456532437169,2.06968571169612,0.052202040754028,2.3268677399491,0.959760150296659,1.49420940277771,1.61197269076927,1.98548519548363
-0.527329411677685,1.5180252470053,1.39602180452653,1.9794033927104,0.579945797902843,-1.11708792153924,1.44656364139429,0.528095966004636,0.536190814055102,2.64151386245478
1.82114465623937,3.78365135146176,4.0704255471999,1.95678463449423,3.54440136402023,3.64593933003836,2.40427615567151,1.5731373976621,4.66271931901041,2.027167532423
0.52092557580322,0.83200787864418,1.87315365613665,1.11024832099822,0.800405946294807,1.88328843581552,0.598467856170279,0.751224774901511,0.566579808878081,2.40743388382158
2.58928033722696,1.44091803969806,2.3869271935006,-1.00444903177494,-0.286351285662032,-0.390106216313645,1.59441863273869,1.28525914117471,1.99627183049581,1.93848913563766
0.580332732545627,1.51167691865002,3.3457670773833,2.50512528598382,0.338841309514558,2.6320923734256,1.62334089531241,1.49451206938399,0.465020429968306,0.844084701588001
1.92399891838365,1.57988473125083,1.30663360351937,1.68949309539419,1.57435198709104,1.38738345770612,2.60984797998781,3.1706136688547,1.00396666083504,1.65016165657088
2.14086808577096,2.80717694727893,4.77951730758347,2.74859340436425,0.644482489884247,3.02388303943353,3.91925704541451,5.18000701177164,1.69778187060649,4.14042894661127
0.814729445234023,1.41419854877295,2.95903238532736,0.976869479451439,0.36982303245608,1.21503586036852,1.36125725993089,1.40843560571378,0.545715301783255,1.74492664814103
0.127541836051677,1.947878176833,2.41792642483644,2.76815246495283,-1.14723596490347,0.857590282653921,2.56415456988691,0.918923323072511,1.02039130888507,1.06248266156691
0.300761687573027,-0.210525600540883,0.473562831390918,0.933128641426145,0.360492201552611,0.552186868728571,1.72700697302609,-0.574636747819445,0.37226244728651,1.33657612271969
4.28628396633063,2.8555211870474,5.05961019951958,3.44321893111611,3.47819325534466,2.59337627401106,2.26931535253321,3.28886969213518,2.35028350186365,2.36358204678476
3.92016260958385,2.93527798895369,1.1700980410232,1.60048506903462,0.889229728760685,4.37687383755579,3.57108191443424,3.51598568538003,3.186029043661,3.76519807845341
-1.57085260880814,2.83207856848535,-0.555634449097887,-0.525195738323247,-0.861032031085533,-0.718186327659569,1.48357459512756,-0.419894890165978,0.581801806164219,0.511282874568111
1.60615785733751,3.18401110749157,1.91474930260876,0.972504022055915,2.41297547758187,3.37765465662142,2.18328601359287,1.23851998725589,3.57362454394357,1.40032261103102
1.49327750034396,3.4886250323537,0.142899970378087,0.998903718590552,0.376100334433041,2.13546480555064,0.730280285469858,0.396197173700082,1.68683850633282,2.80056986167415
-1.73721938662425,0.817883403312963,-0.603653268599235,1.96906473810817,1.93861772236541,0.32517378003588,1.84552513432017,1.36904110355519,0.974550531135227,-0.543770271712156
1.13491651797785,1.92677760923818,1.87071299650646,1.47931651087028,0.762234456240269,0.549306556309575,2.14418983485972,-0.312188963777652,3.20788627484754,0.556443193882989
2.01935914588726,2.41929127606405,0.355396103827412,2.12285043757301,1.73013126935316,-0.576373434265553,0.392881087867965,0.490505938492941,0.326488977349255,1.62836587194429
2.83552399634819,3.02422072351423,4.15874515839874,3.70837943481013,2.82711753304638,3.85394069529793,3.96117935651703,2.42079993488589,2.02705338513215,4.09675950971877
1.47551781484165,1.33268137413934,2.36024766807441,0.428603116127222,2.22774015029972,-0.509471765736144,-0.141419195917222,0.0539914822581904,0.7836533151316,0.957036873486661
1.04830638473511,1.08091096958659,0.767446000857352,0.956903413462257,0.681268692456679,1.68308898275447,2.11817314840527,-0.0752999518263404,1.21117387575608,-0.629710384330056
2.91046792608292,1.77793688951238,1.95550493204113,2.47123448576849,1.29468316749043,3.59654049245904,0.709477359265585,0.890826363809769,2.93510056269354,2.73424884244597
2.32122076179959,1.05305557202026,3.45305668596015,2.08697262744944,2.90953471112768,2.20110693917769,3.53987815467688,1.74644454887479,4.45435798650313,3.94800172013039
-0.380985182783913,0.848258532520134,1.26072638942995,1.23946921624132,2.84104929545743,0.12907626186537,-0.278252304924859,0.904045781513065,-0.348852949068625,0.597138112923029
1.02035421885785,1.83584695218575,1.72409949409535,-0.277725248132435,2.7288721668424,2.8566053082741,2.58235348725369,0.947924331467124,0.591035565849965,0.841408318777959
2.67291071483187,-0.107692408696399,0.726254731548685,1.66470427088301,0.494418580425838,1.32705254703349,0.848520959198269,2.96043410028714,3.2741717984557,1.17429216327957
1.30909463948932,2.08206277063943,0.52807442189643,2.19612863613423,0.825096266898215,0.809969245895513,0.485766780513921,0.0740873894125587,0.838091302804731,-0.637104978385626
2.16901013628387,1.60476356112278,2.72597652304241,1.89979663968676,2.72433324574214,2.16033128757416,2.18783782174753,1.77077021999732,0.741068019958028,3.35841998044003
1.46354581455788,3.02710769794826,2.21653940053609,1.42398619871852,0.998752547816946,1.51183301479919,1.22077778018994,2.0485585560495,1.66381373700629,2.98426573182379
2.44219207068258,1.39033874231544,3.7401492888624,3.11072556558989,1.51558647233564,0.346359913322318,2.55323731220938,2.82684091583748,3.04654152588975,2.63386544562003
2.52103624527177,1.31112653046332,2.44552978334608,1.26155766418139,2.85551267872855,3.20943932351727,1.65205678978601,1.18107027519937,0.946318438816444,2.95683293967375
3.66618640546269,0.639861737018523,1.65182728483489,1.60419080792946,-0.051402936195065,0.511077324943427,2.3214018448544,1.87308526014421,1.61228917524121,3.16233826446684
1.26129582044355,0.525550592658518,0.695720969080576,2.21616582870646,1.94674211831344,3.22669729157786,0.403763228414774,0.620764582847575,1.26590119171451,1.30011805010459
2.58221579316251,2.57106115766728,1.90062511628167,1.37864684799794,1.83692735424008,1.30293579952535,1.99080147022836,4.3595811236712,1.82613609527854,1.77054137819368
1.42655078047869,1.03698840490083,0.80150459841865,0.990223307548158,1.85729423761115,1.19507391494011,1.91295339510606,-0.0517400973828794,1.18120139008162,0.591107349996863
3.02009695415692,2.08921623161258,2.76487798855169,2.25610052876379,3.46218732098468,0.487786090900755,2.2272699443164,2.19132403229017,0.82144964568848,4.44208441011057
2.90012150549921,2.3109353411592,2.8359041763035,3.11705857035494,2.40660815967597,2.31272790153197,3.79848350071972,3.1676514814341,5.00953204785544,2.96190591623133
1.23335921323369,4.04228283658416,1.34782618205706,1.61824547708095,2.02301216118411,2.36421794837924,2.14978161813691,3.18139828174869,1.14945926704332,0.799871667315321
1.53950664274754,2.2885853780836,1.12029958203046,1.15291854078625,1.01828040802355,1.85356774541454,0.0995979544408878,1.99435987352639,1.65640458658092,1.40165503162038
1.88479035621125,3.4653192127569,3.87765292127237,2.7976892223667,1.78595839825193,3.58160266196259,1.82426155935336,1.92416569135169,3.06725910946545,2.38867538393021
0.389403751888017,-1.75513829027834,-1.97020601865841,-0.584187136477995,0.687169394803095,1.36227068088047,2.17763874461574,0.633397061005888,0.0964210131289408,-0.752208660854357
2.1537985551093,2.73806203920893,1.36288323356967,1.11106705657933,2.29719930978538,1.12240965354547,1.40280558069087,3.18391058222593,1.40184764284558,3.07439417406501
3.5016013707609,2.72015350355651,3.12854998853098,1.07395158643496,1.51642012093288,2.1272719372496,1.71507424770247,1.84974714237309,2.34642592930627,2.86077242667847
1.25678916131565,-0.296598506885002,-1.70010294538179,1.16816584758646,0.503213873114982,1.66234017788648,1.23981422210904,0.0457966583022008,1.12679168987387,-0.90967203534776
2.33126030540311,1.4055493358764,3.91686735311634,1.45294933015664,3.06551344730413,3.1256960570257,2.56403010252011,2.79830479350841,2.39475851229526,1.12966967717579
2.68164715371041,2.21146885888611,1.79286342179271,1.70245645637008,3.40211311893218,3.43216069875767,4.76701567747157,1.74187115792401,2.53289750414226,0.696656901002402
1.83627761383245,0.998793236279674,2.07903122975522,2.89326296769583,2.03370080878482,3.76374361465626,1.77740686663327,3.93285653688908,3.48144266388551,3.2425924330668
0.874289102811539,-1.33772191190614,0.138374996390561,-1.69973207998547,0.520674070031679,-0.127196334443411,-0.0377741858989084,-0.077993218920041,-0.881432775803336,-0.0963892897042393
-0.333649947167441,1.14653928238713,3.56955533639615,3.76475595915516,0.505452939352989,0.889159965395748,1.08254767505481,0.0218471808828491,1.51738478712577,-0.337368852958532
3.74177074227589,2.94791821593253,0.616176186200343,2.44102856166187,1.53765956549933,1.73893822434803,1.65811472966147,2.25554159740443,2.2861255357955,2.58847405819217
1.12835951089495,1.94154367639009,1.56517218145384,-0.143746023175931,0.80362546067799,0.120874107152907,0.767537983459611,0.746794213185714,0.570825159867412,0.342736531245248
1.51364000152028,1.03516467609121,1.31834295216246,1.1409917965243,1.30217113553439,3.83820915160597,1.29102324175348,1.66354018859087,0.652427165077199,0.720914275388757
1.8787232775597,-0.599719377939302,-0.334774089430496,1.37639936359168,-1.24643244453817,0.905623208848311,2.10446458396586,-0.185932934823505,-1.07844485975208,0.40324350593077
2.3394880472556,3.10514475023287,2.53422723951544,3.26324748504228,1.18240331159778,1.19253880391321,2.06324011887894,1.79615337421403,3.43866102569542,2.26242052102321
-0.12138890153941,0.715951922939522,2.21220570635682,0.169918234084199,1.21120218919914,0.881755031436677,1.76601729198245,0.348421407037168,-0.536864003660655,1.78793314312329
2.85985377183212,3.71595377372805,3.04881597440168,1.82265752659739,3.96330267061734,1.06663559643294,1.7815166466825,2.20579199233792,3.76317318655552,2.45155022628925
3.31423171487406,0.0254990048308499,-0.026182983666156,1.45902419875619,1.98945006038275,1.40390302050399,0.938245457832041,0.546095340705875,2.64656517209586,0.996969358855319
-1.92735223817711,-1.77509898767222,-0.0395640331388692,0.337849755005599,0.586934902148693,0.107435561393265,-0.315641575233192,0.211773165282967,-0.689289511389178,1.77411465352629
2.86372961148984,2.21130109017537,2.24598416833098,1.59739645102048,1.18236624348264,0.690258255929008,1.45576415381001,1.2387337318825,0.329867567490116,1.34677528291858
1.57583834226949,0.679365704899319,1.11315421872664,2.12349192615353,-0.0523797431039246,1.75532630502403,1.76478707420917,2.20142593363423,1.23262181639652,0.308340227240647
2.05515647298483,1.0599907914499,1.18835460282551,0.371267018089302,2.44596232050224,3.52514124764625,1.53214569098979,3.58097294986394,1.9004782526301,2.60892555896283
2.50451344073105,3.24309082776974,1.92414865870151,0.82616037901743,1.60409917005058,0.275126422181312,-0.527385199329571,2.94195418703206,-0.87827167501657,2.57048310586657
2.26512507568374,-0.646609572035089,0.891685933263763,0.821989569376158,-0.29808127577672,1.36634161973965,1.55950284357241,0.634729461159719,1.65872281579377,2.57541343247608
1.19349966452181,1.82881053048909,2.27516439354221,2.60148866385733,1.51100929411982,2.44683777627648,3.26425489740058,1.79985945830542,2.86583518175526,0.859389932023163
1.10946245938282,1.49470156335584,3.99916532670482,1.19833875741544,1.70269583617113,2.52676098965965,2.57142109538547,3.62923265942937,2.19515245618279,2.1179076545983
1.30215919906262,1.67254879162539,1.10600148405771,2.23798548841095,1.57205159304625,1.01411571413117,2.58445707093612,1.0718672232881,0.865249393812172,0.426841115795528
-1.13657084551476,1.04175570366778,0.884643010592107,-0.0482768120175786,-0.894694983049429,-0.0774655334615579,0.329403565093921,-0.0770639827497024,-1.1409660005706,-0.127644780572301
3.85922331247364,3.08783390077654,2.72487842826696,3.69871871270571,5.46609395053046,3.80315843334385,3.53885507940909,4.95654619921336,4.96483209000135,3.81344757957086
1.18307094660433,1.5364193614025,0.552987930016103,0.080596025145148,1.60159139366736,0.205785739328239,1.21592151951553,2.04523237267059,1.5108710755272,1.82314777970414
3.68317274873307,1.4625292236418,2.77419743935704,-0.206415956310273,2.32789147166896,2.8554482421966,2.10704332651684,3.97536298193361,1.93817111863104,1.45856296392611
-0.0164338501412555,1.13449855223804,1.899236344533,0.344475878370065,1.10081842648548,0.0851445091005538,0.168744056737109,1.0562514020691,1.97594385256482,0.153018444707967
1.40532071800748,0.843728232613756,1.8456365305536,0.410307557551043,1.40933360698,0.780846438895848,-0.286071818856366,1.13658459414545,1.48896398358893,1.13687000745482
1.54105989771596,0.00922364601877657,1.29213996691817,1.36101755238566,-1.4764593490998,-0.354858578118115,1.15199386684664,1.91257337577749,-0.156615682228553,0.621290724079571
1.1179313629909,0.656663744107407,0.381811795160199,0.787245591123706,-1.40151640355111,0.262504455975699,0.701107218382603,0.874917548151204,0.745364539713557,0.350739511434039
0.370867449581327,0.173500806048313,0.392252271402743,3.07578902006002,1.34085941486524,1.73847616837299,0.399129559860496,1.12132998392802,1.07445359320567,0.52270703871061
0.717046350324755,1.35597663578762,1.05043407004052,-1.35739776407132,0.599165955838631,0.492169367206302,0.18641458319256,-0.230629459075133,-0.039827836233221,-0.60558372338346
1.88935026935012,3.33746821060328,2.37984270978151,1.41928782479533,2.04083826978904,3.72359377510965,1.19310072931057,2.40492651301811,2.10685976407735,2.34895183167804
2.29830022801086,2.66210671229953,1.04717427406198,2.28902220147504,2.28554825683005,1.09821515812691,0.64977293238607,3.2381609825145,2.96225805060936,2.6184363278123
1.95987327581716,0.816100139233493,2.90751111965657,1.6769264536523,2.22066981214558,2.78866486936562,2.18882560543808,0.907494983093027,3.20138507375496,1.79212624961954
1.47090097014226,1.43214245707787,2.08110787577885,2.67439841879804,0.478448337615821,0.951885115529855,0.458182445499598,1.89937188413316,2.9513089019577,0.773923856605462
2.34709251826695,1.75453606055121,1.72330753856437,1.97331082156268,3.19066741874981,1.39795112061589,2.11966278489571,2.6568865346521,2.56330216455549,1.9886719401746
1.36936507349889,3.59553965644578,2.60105810771848,3.50134995689202,2.38983420678708,1.8613427845963,2.37188343198441,3.87502507062072,2.5677362135892,0.228465773383939
1.57998470099824,-0.743364750473796,-0.125381447463049,1.6567752256552,-0.0937653530678673,1.70162017171587,0.617435152109694,0.500345490768241,-0.701090174895803,-0.3450872759519
2.47191823437048,3.34868812978099,1.68337507806858,3.11274758075836,3.202248902106,5.57765438690044,3.12775443437532,1.02896114978789,4.71847037783964,3.31169016034788
2.03873732178563,1.69343254536796,2.35000668630192,2.02288225890135,0.200398853525487,1.21015884691504,1.28774903728112,2.08033046375012,2.59997927233223,1.74613705394945
1.2233957170245,0.713316391954525,1.87959359804202,0.544251096998324,1.28208147244768,0.291449479404298,1.61973169062776,-0.597543614459906,0.823353731547257,0.253600769026221
3.02838736835654,3.69172306523085,3.82177060746923,1.94240457873581,2.4374398787691,4.80475008204078,1.09998542607029,4.78018427413084,2.93759167218756,3.42675960683904
-0.315986869149918,0.0742786561502025,-1.30512432272439,-0.798847290235821,2.10810583725366,-0.302662236658063,-0.269300165348233,0.134877721576505,1.29663321310688,0.340619580676949
1.25572832329781,1.14498847388289,-1.04198972519521,1.0936827864968,2.14169360457671,-0.379515160901121,2.30672654132932,1.7419107332629,3.53607401672921,0.172200741846867
0.710301264874689,0.926001351214458,2.73846989713483,1.11215551537679,1.43165160237812,-1.63077379792987,-0.488664159368722,2.15488930676704,0.360056326893419,0.149689269813458
1.89288769539501,2.66437462222046,1.57236992675735,1.23286560845942,0.623111846439491,0.596944883006416,-0.198356203472352,-0.0882225822877611,2.57155307951267,1.02309861335103
2.64958388365747,2.86983836254251,2.78503039674475,1.60317660085057,0.281075717841855,0.666646194082236,1.60076063500767,1.25197476532547,2.02400442348572,-0.63525363231168
2.69369353530839,2.68649536355497,2.80586693750929,2.92603668981295,1.73082831447028,3.5680486587545,2.16746145203543,2.30833547424467,4.8606808374358,5.47291857095245
2.85921287240188,1.87306975534991,3.26132257070042,2.24997410494408,-1.4176222646155,2.05139276176494,1.09988655009607,1.32444209933025,2.74720766764902,3.79394784654437
1.89544197020641,1.20956336664845,-0.14143544889663,1.63319724913963,3.02508666615321,-0.000204033675040627,1.31700107116042,0.799794726320488,1.81739266753078,1.53575039882803
3.28962936491423,1.86106277789817,2.58773475973055,1.86385943037852,2.00092858965364,1.78491468960155,2.46258293942947,1.58714355753379,1.51436224838821,1.02437719310633
0.166946954825553,2.2062499343634,-1.15618349837671,0.61164052970534,-0.525027167519998,-0.553703196746715,2.92895809471228,1.62624989833024,1.45929126757898,1.58935279791132
2.38739241430486,2.67152042397594,0.795108064700356,3.22713366102695,2.35836925858609,2.65163935221569,0.885234816131681,1.2704349347836,1.84416180418072,1.87636794468032
2.16580273098067,0.0744488406746346,2.24171775240491,1.67769578366065,1.30239895828733,0.535872773473221,0.428314428554539,-0.359090761326299,2.13205419640502,1.17315596177009
0.283003176128433,0.773348239548628,-0.230091871104816,0.575509951189502,-0.792112337259712,-0.247925891396788,1.6757362619663,-0.88940034952534,1.87457762544541,-0.149752281985477
0.496072570936284,0.889389665812549,0.275295231018714,2.08770075036652,2.19246151555952,4.37319827482337,-0.618384311986699,0.349715068833449,0.734036602363932,1.87037620372724
-2.92978108153122,-0.0513092584632264,-0.00124561732133032,-1.02918133751194,-1.06331020915538,-0.92336943190864,-1.25011807258155,-1.44230508682269,-1.77858135428927,0.607675232607918
2.07643846641917,3.90921653434732,2.94401331531981,2.39505618207045,1.91110813493076,2.88119986726792,0.83933254215984,2.36055352193853,2.74384924480497,1.84440738971646
0.509119437636416,1.21846641732479,0.303075449931468,0.520625125943184,0.501319880849953,-0.415461327777228,-0.179648145551745,0.814984841488427,0.127919218009469,1.45784279465033
2.07861267498359,-0.053283268943755,0.710711609439161,0.74518458459884,2.55712764752067,1.30218774834095,0.254178558433029,0.25532904975956,0.911071559037997,0.494974279457418
1.28928728960842,2.3533882193971,0.0231658225609436,1.34987785429971,1.41745291684897,1.75442073563998,0.154636384459596,-0.546890148956597,1.51135384524491,0.0621323951390144
-0.293916528921658,0.975824825996567,-0.215649137823288,1.08554869526311,0.997550867910132,0.742381540614259,1.41162876038163,1.08748847108173,0.0506490511441132,0.786852428864057
3.0034036638175,2.91910188753731,2.71326060935315,3.95601354680634,4.44775987394345,4.08785159759666,3.92620861830489,1.71032038549505,3.31665861813475,0.950546889925953
1.73794245166012,0.168652832046073,2.03147659476244,1.21865681520918,1.73523795872069,0.503001932010753,1.49105120739573,0.275276745519615,1.76946844409156,-0.469093596560991
1.42141302676108,3.28269858877291,0.484151048960497,2.41093866583933,2.30380085753777,3.87381998435504,2.36843132460342,1.65268777095114,3.11155183586258,0.618017072210856
1.03773727574151,2.65354897973091,0.221562137746453,1.01661619113424,2.72806824216815,1.04477404955562,2.29275880054639,1.5786972158002,3.03790753642743,2.97992300751657
1.19983416149102,0.674936912483212,2.40824084326842,1.24160254486068,0.370023328263847,0.480360712690668,2.93394960822968,1.15467456924538,1.36476845735264,0.711892221691753
0.696038312576336,-0.359598709596741,-0.297139602228873,-1.7671404118576,0.312197973875185,-1.9176474505192,0.775476520233586,-0.299067283136044,-0.0675180184753206,1.09829434240581
0.559098477642254,1.66610070346457,0.596951973203131,0.183572182858088,3.93047208383831,1.6622818472793,0.0581439093162094,0.57058651401111,0.676860452697952,-0.308156192977089
-1.26745561013401,1.95567068597578,0.0891426988085996,0.31081651302144,-0.854031588961476,0.211549557608015,0.0209312174382354,0.822530314076489,-0.317214198843195,0.598220571836325
3.90166162472748,2.72254677430348,2.56373487517537,3.40515482545661,1.48059100874307,2.97964899619621,2.64231019472859,4.48522978302856,4.32858828774596,2.56582573983141
2.70434644671629,0.871909179753823,1.95643701595005,2.58430107341642,2.4167303503937,1.36226565580518,-1.0640552983966,-1.29561806424115,0.738600763278981,1.30413459889526
2.39038360544258,-0.203846841111454,1.48523802233931,3.94028765224357,1.76663036943232,0.995557555680754,3.1954641347694,3.1785109162727,0.805427472567162,2.11187153394523
3.29917962390043,1.07610175438863,2.88722969090384,2.37635866825555,2.40639084697459,0.641708167206234,1.29595550284072,0.443779747152667,1.66678007468959,0.54535226073584
0.667468527706711,1.76883627365514,2.42996899748164,2.05899476248579,0.228521412231925,3.06101109607376,3.15827621685885,2.83205682433107,0.694281466994939,2.8138195989402
2.75689777600618,2.63364869201746,3.08224100917944,1.7504563221717,0.0144686081633694,0.578398316173446,0.684292998710838,2.21467862265908,2.94655209758364,0.787611463703074
0.978018852371772,-0.607711079548686,1.05362768402951,1.84311483694125,-1.20081502975838,0.3583739651591,0.578062656599391,-0.217624229727012,0.325812985876726,1.008556234865
1.9278822012543,2.72130285887879,1.81001756794153,-0.441424611807709,2.32745138206715,1.37676803978312,0.876902195446208,1.8178403269591,-0.583061963489376,0.687582782981637
-0.0906048123204874,1.28599628946056,1.09395759403221,2.40112342305346,1.0616567025084,-0.0894027491347797,-0.253998629622046,1.47752452704488,0.189048272306725,1.99982241899858
2.77191455713043,1.48242512749873,3.91403685891965,0.334786465074345,1.09646677946944,2.02689075210528,1.543768451998,1.1894366643998,1.13236142786622,2.09934523464823
2.37798127266149,2.3064303149622,2.88139182919441,3.15513347891212,3.36063036333026,0.904672097099843,2.41542204751871,2.53403396628203,1.77012622549685,1.86356757435782
1.30372844791819,1.83465356998061,1.63495207319467,2.89078245491992,1.1013805803813,1.220962623207,3.79329985917716,1.84543634769562,2.06005524602263,3.26556830887423
1.51780455849671,-1.31449739787578,-0.407235815834871,-0.864562682555022,0.862770560327573,-0.0203384650900936,0.549032251645851,0.180042144867002,0.547072360648204,-2.77587172611562
1.91369864268647,3.75350156935512,2.29795165185238,1.37653547193239,2.05895605999318,4.72573737400335,2.33938406903627,2.46820806298178,4.24464991220524,2.11511572538817
2.21692155010214,2.4918173667855,1.36684791391858,0.949739606258891,-0.209565820897166,0.739762055153284,-1.76521865645973,1.00792613783852,0.825710979848013,1.7676248130454
2.77496631525102,1.83752237623847,2.50300472200251,1.59464921257321,1.15195174309238,1.35885873235196,3.35822920855645,0.864467841776143,2.35094966027413,1.70416092445913
0.488363685758049,1.23464537536912,2.86578204424164,1.36220916862376,3.18767593732501,-0.301807273265071,0.623608465107921,1.77104902723413,0.985900756447462,1.50980018816372
2.35252130308741,1.54687029225287,2.7021441224422,0.59292067055813,1.67798363849309,2.24570565941476,2.21113460061258,0.454641648650443,1.36137733789748,1.84496434710247
0.9125997629954,0.657656426165734,1.33096955090461,2.59641188243392,3.64884528839787,1.18646782614077,3.14863107293641,1.75611214032054,0.979246188234606,1.94814432668017
4.48838077601704,3.98381457074568,1.67650144143658,2.96847840176528,2.35738866255094,1.92288142071394,4.12471962071597,4.20679292557971,3.54024957597818,1.10883252303609
-0.0359124418438055,2.25421284771214,1.24259175643837,1.34484068318502,0.847089954746907,3.49241474185202,1.8882945807378,1.7134484155882,0.103447424467294,1.30685662771069
2.24248994332403,0.431513499637863,1.24987325227201,1.77212762308632,0.586820521603339,0.49367216523301,-0.466167904254904,3.49435288354522,1.42318494443207,2.3570247327534
3.13505496220339,2.27798623189831,3.53224721341557,3.30003513138513,3.10857608964402,4.33969341052175,2.9635040676956,3.54377273543927,5.11170298838429,3.51969154561297
0.463505141901896,-0.101196299869948,-0.492951822544971,-0.166006236288963,0.349821693764688,0.659005472556368,0.120653556431632,0.0365517536415986,0.479426012511523,2.85009929601616
2.11183619391804,2.44883064603924,2.76301541836615,2.62862660120333,4.61043945312781,4.42637140094282,2.86544960610968,2.02198054655846,1.52759104067316,2.1781353802765
2.00399831358265,0.972971344006894,1.72898432662558,1.65064172021558,0.512114231052498,1.80637189646516,0.24718243026795,0.621992185767657,3.17257701214161,2.53318589003485
2.94264825465433,3.09482547651599,3.28564258101969,3.38193151743446,1.50461685179625,1.27191943834431,3.5377976439913,3.40990333401718,1.884610292065,2.81319626585101
0.347857836804764,2.48304535721246,0.211662949074028,0.945490174940935,0.958813407121871,-0.873531181485404,2.1475950317401,1.05657870394073,1.27497167022789,-0.588695890350935
4.27489707970562,2.14550004751845,1.54604921631306,2.48188489096641,2.48022446651229,3.64866627186847,1.12626181232045,2.05864450624096,2.72023385028552,2.44289633794622
-0.931481019559003,2.71378548224121,0.94609368159556,-0.204796023093551,-0.0501557665059111,0.929343169313882,0.792795894211179,1.63148765943829,1.22038171217114,0.708983639588605
0.525932654081267,-0.911379493728258,2.35297450766502,0.145537256987295,1.38247928800857,0.834640733872529,0.475733652242006,0.250832243915003,2.40935237061802,1.84621853353985
0.501150508457566,1.61661378638908,0.830293658038368,1.14612284334366,2.12437121953744,-0.841150024132086,2.58439006517246,3.41342969590724,-0.26399724666509,0.251535627030123
0.36097838353069,1.62999106337656,1.21205233375888,2.7745246960398,3.51909305753586,5.79151196564647,2.85327916257154,2.12351768476763,3.8490399910525,0.835227974420695
1.61882375239905,0.986062890842449,0.149908392722762,0.603394535541494,-0.22046032910506,2.15862006300048,2.92774041055715,0.0805745947026235,0.601718855895751,-2.18659627415507
1.74762314066607,2.65077760934253,3.14386504231617,1.68604966496126,0.573724883701987,2.4868731198127,2.30324809664943,3.28932387281284,2.24218996423198,1.31101235795329
2.25734708953299,1.46408997032768,2.5580181940542,3.43663349227755,1.42617883468888,2.58285132085997,1.37355665764877,-0.463217189158559,2.15510950506665,3.91123809775785
1.90565594591197,2.02186818422274,3.46953848060472,1.46277324194211,1.20797885370172,-0.177437509816995,3.15969618605781,2.10120513655529,0.490581826963993,2.96768383178372
2.93336801172011,2.77468943688449,4.31020537237785,2.05383003582485,0.148805371783617,2.82743129217966,1.84957234494188,1.96232635727607,0.859673881547857,1.53429242942676
0.967042698225488,2.43571575055221,3.38298999733079,1.91876444557978,1.12826016858866,2.79771395687441,1.25279758782455,2.41728615145791,1.41330731418551,3.31206874054233
2.13674324627713,0.999419056277636,1.56936950776058,3.09875709977941,1.9637049046899,1.84157507627586,3.55183272628203,2.64907700600431,0.707679110538201,1.65466582329084
-0.585486289095935,0.589929324161721,1.01034971574545,2.20701634629919,0.657761953673517,2.62224495511634,0.960539506703372,1.03374113560504,1.35594600478966,3.38615495950136
3.13723107561793,0.986722839343511,2.82482375297433,2.18433722829889,3.80315486937696,0.531340063458041,3.10231519441053,4.03618953324147,2.0832986402101,0.978451879871847
3.56380747660495,4.13854414042478,4.18168793749659,4.37247581740702,4.24815926668962,2.40853460016074,1.22303700935754,4.10559667262388,3.11366237140306,2.55964977378911
0.54263437250363,1.11894113885424,0.309896129571309,2.10651398355046,1.68986366047397,2.02294323660404,1.69174427295907,-0.807547342183653,0.0220131122282198,1.92640165512316
1.09186532562804,2.02062742286498,0.832981053709478,0.293499165746472,-1.09218354802116,2.63847071451664,1.7186894705349,0.93326712255432,0.0410082022611469,1.63122577537981
0.227745159071492,2.41888949389556,1.31358354884219,1.11196286548333,-0.221426924073837,1.38776772806593,2.81946238226034,1.97945469453997,1.01590891911957,-0.610205035711253
1.1629754876719,1.02525327400578,0.802298719087457,-0.786548550966701,0.833602185943515,1.64872734431058,0.756411137125958,0.624155243492638,1.21069070005937,1.17740775794348
2.95620863623592,3.89738083370502,2.72314533121907,2.54510997383324,2.69519519141765,3.44959633159583,1.53940657587128,1.51431929914368,2.13441326556806,1.59401387902626
3.0281870123695,2.44558086849556,2.12147552380797,2.61438347931138,1.78887229734383,2.54739283884985,1.83693825987577,2.06130086986367,1.36504766831466,4.24167745180265
2.02885087666948,1.20413896919784,1.64996241464025,2.63673003749413,1.45232798717925,0.751636759352107,2.24496076650789,3.33588704402274,1.85484840928768,2.25652459905203
1.00567601782947,1.92430535990448,1.70982545666326,1.79874274489292,0.694133959237099,-0.655176492727529,1.94826110552517,0.662315197327141,0.811640947329899,1.57929103859803
0.235283827782539,2.66497399763546,1.02447797045036,1.15850448723864,0.160290985696502,0.912376907661514,2.4838555872202,0.669696722940465,0.166193012158693,1.19716285265565
2.68598973559722,1.40477935497432,2.58371036675779,2.68660429517571,1.03633238099865,3.45371704805558,2.32594617611648,1.18268072542144,1.87576337275801,3.77145367885416
-1.00053261167375,-1.4122803577878,0.559723183222353,-0.688437009060208,-1.17303114415523,-1.14367849503933,-0.686244643037229,1.12870490551706,-1.06428428540142,-0.545288601941768
1.96869193719177,1.03709452452896,2.99235529803945,2.86566674755924,1.45643193047379,1.56999186590978,1.09100412432615,1.92891280614216,3.98288903201269,0.245242842194188
2.01086411150093,0.867628881771265,1.53944898819941,0.657655472835415,1.4315266485801,0.479030037857619,0.59050831890783,2.22763077695305,2.60288982389937,0.213412119695232
0.389741018971578,0.743406359275264,3.37177912210394,0.0745067789029958,1.54517622822871,3.80718232351045,0.425913593496806,2.26996386695186,1.17250856305683,0.669170877959754
1.85578514956545,-0.628685808483764,0.655504083916409,0.611278461560148,2.00747662801446,0.556781868365598,1.27366910379823,2.85433742900927,2.74413116240618,2.69767214195909
-0.455254477992495,2.7216860877627,2.65592859686585,1.86514624396564,0.204671427349565,0.964743818098638,0.824361665044039,2.10982996614332,-0.805578437512014,1.62109587163878
-0.857841510942291,-2.35931481291888,-0.937164033085555,0.670056004313745,0.130856977562018,1.34839367244718,-0.200744483354898,-1.22136102802277,-1.14306719058676,-0.29265557475617
0.81754622649773,1.76443505887123,0.683039724220461,0.358592225972742,3.61135893215397,1.94620617220521,1.31323145965585,1.29901362676745,2.34097889722181,3.59204175380563
3.26722637385467,1.00605466216966,3.13610468916297,2.28651246202712,0.685771176962016,2.21580508071837,1.4699719408246,0.856189861981993,2.90048817186786,1.84779725881075
1.80295003957851,1.78588493439089,1.42602002065846,0.632468722959145,0.651646318120998,1.49931098710776,1.2160580594298,0.163755676063131,1.54073530929604,-0.595633609642892
3.13642118099375,3.85149094600038,2.24882843028805,2.44110327566021,1.95449637783165,4.34786340526362,3.71258051461452,3.44799574000899,2.8219317177933,2.8573387269299
2.382820800857,1.1639658321993,3.39916203551331,0.304435529332681,1.48500826734111,1.36700214845564,1.27406734159523,2.03137943330955,2.51631191817851,2.93276169328219
1.32797116757031,1.9981211794877,1.00175312758403,3.20462886113663,-0.446800113715948,0.727102642510451,0.597910715888525,1.83643229522535,1.72969256630296,-0.413594401389488
2.31187103375437,0.536676360939845,2.95559453452897,0.763296674532381,2.46180312853413,3.33625434100523,1.34914177418004,3.57059439695212,2.03453709652825,1.55478424747964
0.285011947848927,-0.0835718238591081,1.15002458410297,-0.669655479939872,-0.569991393358491,1.68469716985451,0.927570956474553,2.17774107650338,0.220732166774928,1.46438965830065
-1.93205665502061,-0.299007387227698,-1.66861754853658,1.15002303330641,-0.61555289784643,0.505813569697836,-1.00184637529094,-0.658243559286498,-1.1140112097159,0.828737684532758
0.757182511986023,2.85172591325751,-0.564085126067934,-0.737121596609095,0.272158081623779,-0.0242225089194112,0.174391981406668,-1.40460318111658,0.578014971026305,-0.711165790921675
0.105086926607817,1.36203341097674,0.551975459612264,-0.644662522841914,-1.43865568719833,1.34496674507783,-0.228503287003607,-0.168464017209823,-0.731083615813842,-1.66324162258316
2.49336521217093,0.00286943891318003,0.100810788343133,1.25179820983191,0.281194656536742,1.907084303433,1.89844243448469,0.302795658215198,1.67994905388473,1.0084691385946
0.938399205699256,1.11332254210944,2.92086857821761,2.06197426092559,2.48111175240813,1.57252348444783,1.72013660237929,2.03601468997016,1.41968838737017,1.80480416607941
4.16436995683314,1.23677809995425,1.75671158338644,0.776403546132179,1.07488972560398,1.80044647636191,2.18701427415697,2.38998170519443,2.34817928111591,1.02736815845525
3.3805601728545,3.80846834699133,0.86858174334853,1.18659223913514,1.75727511408616,3.65717226681011,2.06067132522741,2.28441318905543,1.24227309751753,1.56424282550163
-0.667957098974135,1.9622792742708,-0.772358165210891,-0.970417976999309,-1.57287604208648,1.3102171383897,-0.520265408956068,0.454161574432221,-0.0857410275716294,-0.511985137130555
5.10776042201891,0.779998845465213,4.07024204813784,1.16139462322726,0.552034555787548,2.61806852670601,0.717604415692453,3.23133921207092,3.19219587450347,2.74051715826675
3.39062386796593,3.90479798404806,2.36463668780726,2.95074204107963,3.41168296153086,3.19424530259516,1.99807901511843,2.76130796486971,2.24414202615299,3.31766327025061
0.00479862932740669,-0.898716609368228,-0.584724568785678,-0.292028972724022,0.229211930026427,0.0672736591566746,0.0316868344935065,-0.0717729140577596,-0.453872770148749,0.408684725712443
1.74321763022887,1.4730258054597,-1.55035746667689,1.96182149804209,-0.0135316232904967,1.66912719085141,1.2756630315964,0.558796581570624,2.03621183313735,1.81136433688078
-0.0489539629471488,1.75431515740584,0.503832679255715,-1.91788644918746,-1.71782537728775,-0.697866786216002,1.32271636386559,0.0352937834317707,0.21286178768465,-0.618821383289974
3.42066478701223,1.46039024317159,2.84729403527346,0.689214215327784,3.62006177351469,2.43133095067749,2.2917582196291,2.28434767544919,2.28775846737099,1.37003129641271
-0.339352078094055,0.514173228453758,-0.0173221410706981,0.52946735531675,1.58272737357038,0.757662478799834,2.1254994987785,0.335582888469898,-2.40845661763169,-0.405261245440454
3.39773409742749,1.87725768164213,2.87156858104249,4.02553985599618,3.8806016570295,1.95098722272847,4.15057111381451,2.93455581734215,2.80893838579765,5.04438701936995
1.0273135775207,-0.895154035992803,1.14283639760282,-0.917066196492004,0.210723739278759,-0.17454724342065,-0.515587951936946,0.00043865548151104,-0.647728532572077,-0.00766444014008246
2.87382612561047,1.01934183001813,2.19658344095797,3.76413779621371,2.70857686168612,1.59214258658438,0.192864871689163,1.84462997107502,2.36107748417588,3.00632685306778
-0.218582502105219,1.76097125197933,2.59912269007118,2.06610062009724,0.0498266180744056,0.821470625631054,-0.238474640550415,1.04690078581862,0.0983771431210685,1.46061634058164
1.17091906950066,3.01477050431449,2.41969683748936,3.70867967110337,2.84902369090143,4.12378027034205,1.35670854951379,1.44610175078977,3.31331146340948,2.68288046317289
1.18116034741856,0.966462866043434,1.31966064777649,-2.19154017306462,2.27012347578009,1.30747446586743,0.52206646323812,0.973061684129549,2.12434641165917,0.775838880668858
2.94677072893058,0.497355078463683,1.33124025735994,3.03962446865301,4.02964863968734,2.47509385225961,2.56584264215913,1.51030123064546,1.27573382256411,0.68385138681359
0.787049042672744,0.982973064329996,3.40367269677471,2.69691416038039,0.856906830683603,1.1642161062976,0.512009081688862,0.116011435067721,1.58867595356649,0.860668525081194
3.2383948899242,0.419604696661419,2.36113359503337,2.32179737587292,1.73886717391273,1.97636007624649,2.47453546872078,2.49395603479735,0.821882634177751,0.631683154988062
0.921343245715156,1.70348217193356,1.00544486761598,-1.02942447479106,-0.237479135317181,0.487446590519446,0.862707693564028,0.520413092118049,0.390482595875685,0.0767768122521669
-1.52878222475439,0.338824318519315,2.74744590126216,1.04272154063488,0.977305251066476,-0.449168788376807,0.41930366426176,0.529707999460113,-1.2622124051934,3.76030622723038
0.804708356085589,0.099620410124742,2.07358970196316,-1.21740353906645,1.50754949799385,0.164174226723802,-0.162485120359772,1.30911170867394,1.95926545929583,0.824933200416617
0.66080897830906,2.44708586446825,-0.418320962674204,1.1739688402321,2.47191390008332,0.252630685799956,0.444771275418289,0.991736267618925,0.600466116113262,1.1598461761501
1.78308072284703,3.18583098718809,1.25767495714426,-0.278518111011745,1.77330297983429,1.30309816994921,1.18801507772669,2.78432627901778,1.0159321863015,1.53423829218652
0.484318945241073,0.0331590259452851,3.45115524322216,1.88507707970398,1.98184885660269,-1.24585198360734,0.63987703787858,0.129130666593023,1.54159479930826,0.139370968559705
2.30449631945268,1.53609926497566,0.167682855641237,2.00572114214182,-0.45798556359075,0.69711686183882,4.13249497254498,2.47339073081569,3.08787399715294,2.90157007483315
2.60355627033532,4.27767277708105,2.7512100962559,5.19928122006527,3.24510787582198,5.0742570557452,3.91909629082075,1.92232876769626,4.82731100798547,2.17066582653059
2.31707747304965,2.91186324056804,1.51062190790155,0.294301171418697,1.76979479889133,2.85933075271872,1.56760023201796,2.21860736248123,1.57603994425851,2.80602282943055
2.61942255048888,2.93538084854778,1.45498934939016,3.64082165624432,3.76604922058515,2.32175829849845,3.78200475677796,2.34272437921164,2.32752154224868,4.64940862471975
1.65167731241688,0.17902665795478,2.21178635347795,0.27685120289437,1.24005437523734,0.778098084626338,1.31012470734343,1.86729410377308,-0.0865712746575975,0.0405391709484162
1.56095416021176,-0.24012094975683,2.41311467186149,1.78515624451827,1.09221688910651,-0.311011765107891,0.881512198765072,-1.12902397158144,-0.567270141802104,1.60089378686554
2.25983154913363,0.321961010385947,2.57042049138829,1.94947296985857,2.07536998644319,3.14270460356709,2.83712253317393,2.70079780351356,0.744052638239708,3.63046170290828
2.23570427588529,1.26979293548449,1.98956947787541,2.24812772466084,0.905082099670858,1.16185367732579,2.3115352919776,1.08330964678095,1.20061769897025,1.1507602960454
2.70964684973856,2.59882425116736,4.0011825359284,2.74084992057827,-0.14319799652899,3.10760252172318,1.70573493184798,1.91820483897508,3.3339997000372,1.43520465673316
3.31573962472018,2.53646908506466,2.68804890159757,1.51579493051734,0.931718551431875,2.19508962270142,1.99272641667298,2.74643165950316,3.62493062825777,3.16175304092979
4.07404151381808,2.04377687335758,2.24767458225037,3.750645475318,3.55846869510402,2.28097450195856,1.55152255181029,2.37343271643368,4.36839826052937,3.60151631532595
0.910704910311677,0.711302860926018,2.39765393950525,2.3124816542547,2.61490098714933,1.1068038223339,0.829420475021416,1.53251671621015,1.80945444845499,2.88832311186483
1.96503353594081,1.72387161515889,2.43405168025812,0.267163580277617,0.951073438743095,-0.504635825778699,1.35534630000509,2.00212174167089,1.29294064142153,1.76512670844674
2.84181664314813,2.09094472081759,0.978486544141441,0.520506471022179,4.48184448309791,2.50758894458294,1.10177967697997,2.3412260352022,1.27976159215701,2.26794849706627
0.138118478086305,0.105628092159505,1.44448777593522,0.268862083028058,1.17224011337408,2.12412550789538,-0.83094002440934,0.218809668928464,0.318568834207896,1.55767203356776
2.8244906510391,1.85407985696817,1.70367512525019,2.85912177599566,0.811415783602544,-0.628822574517629,1.03790304144271,2.17209636552401,4.24688335979228,0.60515866932436
2.35395388375785,2.62046193554163,2.22315273010671,2.32670334469833,3.02000655171156,2.89796427123688,2.61928428281415,1.33398562741276,1.74945777044868,2.36282257109244
1.94043305036064,1.16730810852887,0.996296745306418,1.96539709991896,2.62858115229791,2.3002913959668,1.13844465329736,2.12774060527913,1.00077684373078,1.64422617769921
1.71316638833089,1.64730080520866,0.121419715549826,0.426243879543316,1.68226556040431,1.15205705524807,-0.275538875654848,-0.101459249688499,2.00864270538398,-0.0587781078309562
0.727661496023766,-0.403225178632637,0.588458405068192,1.27392595425415,0.094832325681108,0.814112402468152,1.01940126825827,0.741552670328117,1.80234797392913,1.61802699340203
0.160044997596989,-0.104057425455584,-0.717050227076669,2.68073425112638,1.4934515275508,0.49578200544079,0.604009735976223,1.57967603105431,0.0245972332898412,0.819968211600175
2.34099335906343,2.71633227482519,2.88208892193837,2.68273803598076,2.42252063411991,1.99594889654374,1.91742343217317,1.60679507503834,1.5893346606144,4.02816134655068
2.31237666303905,1.22118170079526,2.64007891727995,1.90541781563959,1.01897692325701,1.95841785665894,1.64093422437526,1.37647853554742,1.63494308376838,2.70197317183423
4.01874891677631,-0.00728263128039863,2.99049534847896,-0.00284893669026509,1.31947004210774,0.97114411885194,2.48092890076465,2.45026545827964,1.77563665647379,2.15130662052953
-0.289332443735641,1.89561451034667,-0.518522013036111,1.78960590115472,-0.458549787706242,1.47708999248619,-0.155725770418408,-0.121975713717063,-1.32951575061915,0.731134621975546
1.97015057283064,0.900321726856554,1.55814397468723,2.16520451856679,1.97497189191217,2.52493749212446,1.40558623051795,1.93189538153669,3.26467194672341,1.79770818631942
1.23934420889574,2.56652593045823,0.430121628232669,1.60824275576256,-1.05428546361479,1.04279899118898,2.65149805784124,2.89849154811307,2.49230515163504,1.27601972676517
0.435252311733604,-0.409653252702441,0.149204783454668,1.55243539398761,-0.30725006168325,-0.915794298419602,0.613742181649498,1.07187874705144,0.396842616158031,0.295622043517781
0.498083415438959,0.554855745065025,0.75550289764217,2.5011225907475,0.824122003573177,1.44759475988574,-1.51076653284208,2.65182268301049,0.277172772438982,0.033034533460777
1.50861780213296,-0.34093845362617,0.716246370493704,-0.40442360749118,0.937382200871429,1.14501360938329,-0.855120562123111,0.972274688016861,0.467999062313185,1.80330758642743
0.220289453549987,1.40615409131182,2.46341442914698,1.12135900494842,2.51116729470938,2.41481259601274,0.686703750191573,0.114333262633878,2.22064103077035,1.1032611467472
0.387577785569153,1.19356135814726,-0.104662811707436,1.37692142266231,0.787448629188694,-0.278558359767925,0.729118658934765,1.7518375102632,0.739561727118768,-0.4751592143656
0.785129792058507,0.452345682274431,-0.604883465976351,1.28182903734633,-0.963167770615983,2.38261212362633,2.79515206215582,0.0527206624228925,1.68715614463276,1.8170881344668
0.840119860486709,0.0936502000052399,-0.268341907158843,2.82676767508306,0.853305945351786,1.04581217494166,0.0891053848932016,1.23706162840553,2.42320014088963,1.44575352374324
1.56003345198791,1.26617359183313,1.49279319052729,1.5939372365111,2.8474847995142,1.47077269935777,2.65811309962449,2.11049074277099,2.19546413697148,3.29188886897133
5.0740503855641,1.80408756713999,2.5178333686931,2.22581377792642,3.70283985109122,1.7959778512192,2.52402578326532,3.38267314089706,1.40794601077171,3.1886425379475
1.96067868194712,1.02880412795937,2.13743303908041,0.587031342779888,1.78482815856762,0.856274761186201,0.594486245685825,0.149088964774755,1.15894753333499,1.62960056083054
2.07973147032351,4.05721133106269,1.02163476187643,5.79984290523235,2.49859872108995,3.45583622560726,4.50888103336243,1.04421985782967,1.31452068746185,3.1238823455245
0.15338836979753,-1.021225919536,0.082609329718799,1.42629458589546,1.87850636668549,0.067979056025994,0.921873968103759,0.488714216999363,-0.608429436456456,0.478194682391043
2.53196262210178,0.526417870440193,0.288355288093095,0.444983184615842,0.00105168801430011,-1.04988297052397,0.329931679680975,0.306550256818826,1.80473386418964,-0.0544503457485668
1.93913070906895,2.78089974651233,0.919840285564303,3.0168845466072,0.609830119986143,2.78997832247365,2.7229458185032,2.37773874562543,2.03634789312804,1.91397865629462
1.07428866131462,2.84418552929055,0.878117814513653,1.43264264920725,1.93583963390758,2.7337652119391,2.60744637413871,2.03619995994784,1.36230044800042,1.86528272052702
0.947365936575251,1.9192274504187,0.571768049835068,0.0727892872312244,0.793187728915674,-1.65729828783127,0.579461673578045,1.29463448067868,1.41126488218961,2.3550255536272
3.20994762103889,1.90743318955262,2.01495853130597,1.85521996097427,2.53247989134562,2.96524600254671,0.807075405578998,2.8491868730077,2.17549712397062,1.45947704869576
2.59888583579005,0.892555905997873,0.218225179935953,-0.922648603186675,1.13271217230318,-0.0318744590310773,0.536570968033261,-0.661801965899042,0.944453941329203,0.408745241308102
4.87315545725709,0.446079186341341,1.86110736253678,3.34902494139549,1.86328521686,0.66088307626212,2.23634019579488,4.56887795273248,2.46402509114415,2.19602562435164
0.789266574351708,2.48545172664646,1.74103836717745,2.37472864822803,-0.223068954638698,0.908524014706969,1.17850255761469,0.0383590643609141,-0.521849569411596,0.710647891822884
2.32938775382951,0.665891755222605,0.438115393587428,0.697071679480763,2.01408084553328,1.15398341793463,0.899286032894813,3.4487177249873,0.0412066050330672,1.02977572981513
-1.00095388476877,-0.626761175929831,0.394536867539974,0.389508195954475,1.18290266295519,-0.577777870741932,-1.43075976206247,0.968122294489128,-0.123082752729373,0.309851106643004
-0.538043636249173,1.44899236835096,0.466099257625991,3.20008408777136,1.22707147873817,0.176217335588749,0.161868832115989,-0.13813103793529,2.25752573332249,2.43540355701219
0.286861377313739,2.29273641990072,1.81150236809011,3.84144742226643,1.97445000399082,1.40344315087688,0.184719843747627,0.899977431290717,0.6186463532896,0.13635018486424
1.27670854445063,2.16408049650847,0.849595972757315,1.40445063651345,1.95879931221856,0.910481384789462,0.417289502005657,-0.0266213524375063,-1.15035405574424,-0.0578623072213522
-0.965099972503526,-0.529549666597297,0.719133652126123,-0.552609803672661,1.79993142707273,0.3240607292349,-0.49330749839948,-0.474378686363295,-0.166768460382339,-0.637061881744494
4.79669082545324,1.80831251823241,1.62694127771705,2.68476715361405,2.6218503023188,1.47417049299276,4.26761189847296,3.13155060721204,2.25704574843012,2.00845950494177
0.504501558919848,0.153885727178006,-0.0310991083914784,-0.261783543106987,2.57321475089677,1.21683753533327,0.606886900731061,1.4511769202794,0.807550280578047,2.34598228999842
0.31006579666484,0.621311196455496,1.98823653465677,0.778121498932228,-0.617232554576353,1.63534164846774,1.83508826275956,-0.425790193014506,-0.351551452300547,0.705831722962087
3.29521665471512,1.99509196185894,1.64573077207193,3.72087177308077,0.839701257815736,2.99838680864875,2.40716059594051,2.43644661481304,1.46573293545036,2.46868912052849
0.1858452159851,3.50066098019768,3.44237005382853,1.49037245061474,4.29013508711715,2.39146213438223,2.38771382399175,3.65094193745554,1.3123694492492,2.39904934179325
1.5909615300781,2.68574385880676,2.24053441729551,1.398535411481,0.708181777820076,1.49283955159614,0.643706073242478,2.62323442942306,0.916557784904285,1.47050410606371
2.71456842793664,2.65091984576151,2.05453020985177,4.29032284778699,2.64957714487509,3.27358546464096,2.38664742195922,2.76782162724091,3.15563238662135,2.68581236259715
1.45594727099422,2.8501293723824,1.58256516179974,1.56598666428817,-0.350331204692139,1.95262470002764,0.737048786349352,1.69159136435248,0.805307905893628,1.48899946108493
1.90498553201221,1.46453024264236,1.62010996549477,0.599841760092314,-0.560522651034792,1.62637337689986,0.77992015961836,-0.892270980184831,1.47786295199606,1.11620609420137
1.54041739344307,0.291268825097263,0.126147242665945,-0.0582382828753967,-0.239822884588018,-0.363708483433836,0.15635569944369,1.09992288190178,0.224235537127146,0.270777529680341
0.982972146750788,2.42640878418381,-1.26154219773947,-0.0184874890498727,0.592394272463358,3.10317968257684,1.43529445150389,0.114437515947602,1.23460659081259,-0.725744256743923
1.59566541266595,1.60805435832345,1.39242870491639,2.25582160565021,2.27892884913175,1.7044476328982,1.26241289733927,-0.166368712350108,2.16937914407747,2.34611287711201
3.78710587950774,2.24903133579799,1.14443779343413,3.73410669851653,2.32576295944116,2.29261847804347,2.12333145051138,2.51804871277279,1.09786260514126,0.978563601911058
1.33930302051469,1.65984928468226,-0.39243131030198,-0.0745659484852876,0.316245217659002,0.0516498542314417,-0.93820247252768,0.0413737278697909,0.423903656569287,-0.482583544019386
2.23791352199334,2.8419913709147,0.804128235804855,0.869766074072036,0.88661757730903,2.68771656079691,1.50055669035481,2.86396025818213,-0.694063211156035,3.53160949735051
2.24959656948184,3.23369241880549,2.78470091154476,2.12548552306203,4.76029716410168,3.41641324237378,2.38125762097591,5.6573003321486,3.62374633524004,2.9774353225944
1.3777308285692,0.0981658066543211,1.60353098296636,1.05523476239585,1.77503263026718,0.931938345091299,3.18270525054414,-0.00546441260886632,-0.562645973815139,-0.989590130358462
1.06922701507194,2.35623420711595,1.22512861420293,1.01919154787674,0.223496126054823,0.344543899624711,0.751872045927082,1.11649099496891,1.5305873129478,2.75177438190857
2.81880437864123,0.882877962027822,3.29540752027307,1.75518729581602,0.876138567930155,-0.421335532072088,1.12629747826273,2.7839147985819,1.7905943817553,1.27401490929172
1.71683778537235,1.20773510424898,2.43734513667357,1.84562546789928,1.85071352434076,-0.528697699199091,3.24691692644197,0.254658497645582,0.923914574815147,3.16599581956565
1.75147537660335,3.15446963739249,1.39847528266373,0.795643031896631,2.3664201663827,0.657789717240871,1.68925389556704,1.26112269810098,1.4531573937506,1.55075717168625
1.73378231269253,2.14125998000636,3.9324493063256,1.49151042655164,1.86596183598332,2.74273722881088,2.25828293543807,1.4026471143832,1.98004341356077,2.0370180234025
-1.15705309127264,0.272527953189041,0.399450967174584,-1.66761887248706,1.81233525503101,0.505746229289803,-0.510543640613158,-2.43112945250333,-0.521743660703525,1.56299772723544
0.818556610232721,1.14448200305228,0.414865528935266,1.50717190355031,0.74355341350018,3.11875010030075,2.38999008625437,2.15683206423652,2.74990911993536,1.56449659402443
0.702721170036866,1.73759193910011,-0.375654708011146,1.08923506546555,1.02424072939981,2.40130751717523,1.41260807241319,1.19543796080436,0.54017183082331,-0.348896322242655
1.73011707511453,2.06594693691381,-1.86926510832364,2.40943793716413,2.99369079391907,2.05576238242154,0.357549195642858,0.235649314180868,1.99307602494043,2.96609393999696
0.274225278872628,0.835802446416043,0.284299772882578,-0.385109815220054,1.42256969108409,0.792625190838504,2.09171984221424,-0.301540565821431,-1.08734752611558,1.57464237963587
2.07662055534845,1.2125115583707,1.12169916181074,2.74667639675498,0.574365113396183,0.144206826669964,1.10910368822926,1.30944466491209,0.703955638003487,-0.812269628412058
4.60295545365575,4.19245710363755,2.38890275410937,3.62267737455172,4.93416603580426,2.54141758386783,2.60588431970857,2.2253611764458,3.01538551044205,3.79654820711504
2.4246245320928,1.68740688706666,0.978388196114767,2.64166512845401,2.32652303033406,1.8576945723622,2.55557897315572,0.422301250215239,3.57840780667806,2.12152534350667
0.682474631485548,1.38064460514619,4.1510841997381,-0.0700045762067489,3.48832550575276,2.58825405670052,2.7073221057014,2.65445627064799,1.04514010533609,2.46833757607492
0.781139120516267,2.25821235370942,0.995957681183879,0.801736389736369,1.01465716815704,0.882197992507214,0.503064132723847,1.53151041192812,2.11042918026146,1.23474281078799
1.59566607329897,0.202618952513468,1.97370075935042,1.33425108666609,-0.269327842368206,1.08688262779121,1.51607816528844,1.47080863537711,2.50420451882676,-0.856600394012891
1.82680124522858,2.98134391936653,-1.50398390593298,2.27421804234853,1.20375014164661,1.3544109664727,-0.938689205409021,-0.14951877970989,0.0568600069350685,-0.710191947980039
3.56933274578586,0.764716397222496,2.07540571483656,2.76435190145814,2.73458901265212,3.51876462373364,4.04619237223387,0.892968329280836,1.19335920869131,2.82520637549115
0.746269560055165,2.65166780156192,0.214426190940219,1.95717213162865,-1.71395083623266,1.69138512214558,0.86029989145587,0.326104189279808,1.88899163785069,2.19564556086092
1.76313989259474,2.10103720887079,2.31820190719246,0.809472696142456,1.06519444851969,2.78374380950381,0.379953124064148,2.97555128750044,2.69606440187796,3.84078115164749
1.60594160664602,0.524121993643039,1.44462503771724,2.63237658121657,1.5613654913009,-0.326551202443879,1.30501678450485,1.32939257709757,2.36385113165747,-0.429769170643284
0.441766825959988,0.472066137650133,2.20947648576003,-1.93332931594374,1.01388668744672,1.73474906429941,1.35156269578557,1.13463854988456,3.39171546709323,2.93861281731751
1.56580589230704,0.820301324513404,1.44466594395857,1.63953890582179,0.344909718674177,0.689451853368578,0.291401137093123,-1.03426969003351,-0.815891517051009,0.482432153635323
1.71913133497039,1.4720452852081,2.14159275573283,2.69934856998962,1.01157186077994,2.61369715320752,4.62590265709304,0.372161311138494,2.60936596202502,2.28367158992598
2.63143266900137,1.34747476105035,1.45657497169242,-0.299406759836121,2.29307276412138,2.23113932988754,1.52923516102615,1.0045921615892,0.760070571404249,1.03936204147828
0.432801615392762,2.26122221474452,2.47784303241213,1.34093097336107,-0.120110608766243,-0.958903807747911,1.42533834154063,1.79790208333181,0.27360058840191,0.0891896217258931
3.2526242119926,1.8731754428512,0.592702707392568,-1.08562822143253,2.24181809610121,2.82361052263311,3.05113110547168,1.53972355166699,1.34211943024663,0.13023585451492
-1.08147500540181,2.99181777361094,-1.66833696350882,0.92776364988601,-1.44136736873018,-1.47491044294937,0.70905395614793,-0.370515910054892,-0.0879613431523051,-1.03857362857444
1.03186585027622,2.26470561711518,0.328655086201031,0.167984823788425,1.11866244408971,0.461342352805884,-1.92263637139489,1.11270376327689,1.1642010687284,1.81061942617435
1.44049446606485,2.55353388301366,1.73244012984043,2.24896758354612,0.794367257929739,3.05379188005383,3.29601112152332,1.78800878042694,2.41663663598469,1.75625203512641
2.18897397173019,-0.0199094992186153,-0.0293860985381487,1.49158580975294,2.06460151565714,0.82127970410668,-0.633659031344578,1.38428065505769,1.2541875098489,0.167355367350617
2.57809964460995,4.23874529732459,3.18939639942331,2.48037661043277,2.8792282573811,4.4441722057992,3.06716313318354,2.07862822823229,2.865310531468,2.54610763961865
-0.489688694613276,1.27470895609131,0.784958976003887,0.158622169679916,3.21985393472907,1.09920375308851,0.922023797950012,-0.943703789160992,0.158617255106832,1.67256430264409
1.57401903058511,3.4574731612062,2.50672923584421,3.68633301447262,2.09415014878139,2.98088132374242,0.624973718395925,2.18713429825459,2.88375084114025,1.34195967101165
-0.186017133468448,-0.233885808067574,0.658989820667858,0.340917861693713,-0.199867131177437,-0.276506420735942,-1.44865034648358,0.277441564239728,1.51372928117587,0.673162590466961
1.88789955201262,1.60673792603829,2.22706489015651,-1.28057378907298,1.99061103137209,1.66289765421267,0.283520767247024,1.32625709450696,2.46859447842298,0.544712289133087
2.14584993807458,4.70903138590714,3.3120072776488,4.39214641385892,2.6084500323,2.75339101730866,1.88243008391874,3.99373261984689,2.96756546730571,2.6846490594691
1.50114808516631,1.2074175506292,0.658666754188036,-1.15712346499144,0.222866774063974,-2.11044536610866,-0.876412147003821,-0.392093745067727,0.119766497257489,-0.982080655212874
1.08186045153981,0.808273145918778,-0.248614698564222,-0.116149532056055,0.351476607227559,-0.791951776154435,-1.19171601041783,-0.442983746279804,-0.78740941870265,-1.70499429803142
1.77995675516476,0.858706270586769,2.07194075358621,2.44297255824886,1.25701560384103,0.489747571369796,0.250450163133483,1.11924616774841,2.23298926766578,1.09151176064593
-0.838979076723825,-1.27257990604877,-1.36806484742932,0.715051581862795,-0.329755498347279,0.189517296258436,1.55707945458444,0.000295581690779114,-1.47650397044279,0.357364847786628
1.12773994632805,2.82135571111549,2.09864337899695,4.74103156149045,5.0230945701717,4.35476161148193,4.4511530519351,1.05479247491842,2.58905554812128,2.8798089528222
1.15834305866055,2.94037151075725,2.81591385253495,3.20446929816636,3.23275496553706,2.81578698082619,0.80949440747982,0.216757506347838,3.04747700076646,3.96369007561383
1.04091346051716,0.439897234059412,1.25180958852825,0.679086624978108,-0.493356675892552,-0.603574578778137,1.64747816049769,2.10123442537062,0.395988118011401,-0.347535375573024
1.36995566646477,0.8822083551844,0.422628265177243,0.566993319979244,2.04402145741105,-0.898461465589659,0.234372073269211,-0.720859443900975,-0.273294424505406,-0.663523462761735
3.27314967688796,4.04419502512631,1.89722215893211,0.850015966685332,3.74496160215285,1.33539472915951,3.17813926826895,2.75953386668341,2.47894123322335,2.65282252790087
1.39204363411427,1.48963687320248,1.1755351893374,3.06840324234805,2.72224748929332,3.43437585559335,0.00873510505986341,2.3578970199094,1.56652425593995,-0.0792540225076017
2.94613852487964,2.6692832545281,2.72692840012837,0.517106939099085,0.92154076770706,1.42769931795018,1.59987732369915,1.32139285368611,2.86137130081374,1.93000830143026
1.71438713949333,-0.672008229509061,0.809058349240034,-0.910106234185728,-1.18005000632928,2.01991043426111,0.0101177721033347,0.185442187044834,-1.78842172150039,0.199747359623633
1.05208053046154,-0.00489423453115601,-0.0621725762628018,0.891993017505154,1.44884233565701,3.39404639485909,0.589799007221399,0.0270319989623929,-0.308359564998664,2.17343441076386
1.01466091978804,2.32044766688509,-0.250194813653126,3.52229416598171,0.743943627557932,1.41052951541375,0.550423261523113,2.13447276750893,0.293821202812597,2.53921665876293
3.94800259553661,4.74720149340657,3.23163390768291,2.80053849754221,1.90459824522035,3.69122141605428,2.88075477771544,1.53758363171464,3.16504384637499,3.00395153175318
2.60358722433751,1.68071693905831,3.18180139905418,1.90002985123739,2.99902889286247,1.53707366531058,0.258897511852507,1.5006213586017,1.08497619449227,1.62972050628273
2.96616772737595,3.47086360538736,0.52645760902336,3.46453509686232,2.81376179005778,0.389732999378531,1.83929054906001,3.03911241422296,2.06438760771152,2.03898987563921
1.8357163312733,1.33818258730351,2.12770674557622,0.277566934565183,0.0787524132004154,1.72660750111267,1.08156617743864,-0.257017778721576,0.715533933438597,0.825577703773833
2.46180320268398,0.740354925360748,2.3267552896765,0.600822900134255,3.39703452033473,2.39099149191322,2.60074016629491,1.72680868806595,1.26164641649372,3.11824058700254
2.81189074862826,2.14634012308356,0.623997961206637,1.5070377570293,2.30283502579943,2.92143122220934,2.22962855840347,1.34901155436861,1.65047465477047,0.298852936084926
5.23907878237104,3.70682223191519,3.07586878224545,3.71148253977919,4.40623272811953,2.7184352628815,4.00310390983266,4.08151596025581,7.57044794789477,3.95301043884936
1.35789824444072,-1.27912167809018,1.7773497909047,1.45937078457809,1.13496928066045,1.48355902938162,0.555768138030616,2.88033335696747,0.706609740115473,2.00186443851839
1.32956390705949,0.79622846811191,4.42823264649967,1.49898627949852,2.96358884585684,1.46209051426541,2.36337735428688,2.66835969179275,1.28827560570357,3.68626240012818
6.12105077828434,2.42107588983776,1.40264898906702,2.28453172369362,3.50397236544991,4.67528427983781,1.26443401297392,3.22163049068579,2.29341827411116,3.06218425943741
-0.644024527505014,-0.358550952165145,1.72733153914424,0.257457806936858,1.78692999535628,0.396937402138625,0.0751320636899043,0.446341406930721,2.90542236548567,2.54583312440767
1.65116462195218,3.75393498108132,0.363231233332976,2.64613536527608,1.04726750920691,-0.00294178911072285,0.713252167625485,1.15320596953098,2.12986803581438,-0.33148354862227
1.9354674367416,1.17707253836633,2.49184024576347,1.82159294067992,0.961836420709349,2.70142169884222,2.78494527920396,1.81167744975819,2.80253143807015,2.12377071203423
1.83502791459448,4.29355627142634,3.14925235087334,2.98937824207743,2.22799189105389,2.04684187065498,1.75489895023683,0.816859652352474,3.44056599344498,3.06954043842303
1.6040000453439,0.120009875907429,0.193754480735699,1.06843093765657,2.13727205798488,1.4213203390667,1.80691015714459,2.04658058085227,2.35568200530978,0.130464245864654
-0.934682302845302,0.998252954858003,0.888645818771571,0.580218640551685,0.0834803101407131,-0.858294439017239,-0.775334456359264,0.409966683464899,0.225826541114693,0.0444701729225588
1.98556090996063,-0.70128154533275,0.783297303158902,0.747956678650051,-0.457399997932561,2.54202681321295,-0.30265849625101,0.909803059175899,2.57667006254084,-0.112215022203343
0.912609051904104,0.081824015526944,1.96089932430415,1.92203438523734,0.409134964796242,0.156243570489272,2.74335513654547,-0.494731428690706,1.48154791603232,0.0284211316271282
3.31250393239099,3.42395723058915,3.27647503371447,3.40902855841091,3.09198994253704,2.25279080158767,2.69627913088331,2.27492587119047,3.16717257906191,2.46774820899686
1.69903683476256,2.58615890577513,0.86184586262242,2.59267479282338,2.46071893406825,2.44246759685658,1.70021023661646,2.65521040280219,0.552115841891773,1.95795876179402
1.55692493849715,-0.406112688053373,-0.203957394310142,1.44166147384826,-1.4950808405049,-0.961955825362702,1.62898991725472,1.96176804778807,1.19543493311584,1.49951786305483
1.97545166440938,1.56976820439899,1.18303254195555,1.75240331197094,1.00002633566435,1.06128224018856,2.67828941109287,1.23597753843545,1.881593332098,0.325501559472337
2.84856554264208,2.39881265681148,2.82191888211,2.16027476572315,2.73757285315951,-0.020107461958641,3.00412393168328,2.67710699859428,1.78748131955562,2.70993604076692
0.553812609931466,2.10340582638679,-0.215005186495682,-0.238639019853627,0.614685187154341,1.26745066984788,-0.51523400868378,-1.06748004749025,0.00277292867484268,1.77460287243079
0.604919611837114,0.416128464110984,2.03600525833808,0.312125981161219,2.56610142250847,1.39560625903714,1.65926762834308,-0.635871371078475,1.96676524713703,1.53004995805831
1.16165893844324,2.35143698539763,3.2403114179648,1.49772410199274,1.15291005381033,1.91961550464689,2.46111001053753,2.22667089771002,1.93869974212889,1.10904370395727
2.35599762811218,-0.349138997349332,2.10167974272124,1.27199746594627,0.802860699439692,-0.791423805524973,0.315069922942322,-0.531767224368563,1.15759371591706,-0.804224111379876
4.22488318250527,1.9535019164709,3.42546999996535,3.71342733509797,2.26771971851979,2.70263172349818,2.87232506079523,2.9663200195096,1.53035568054493,1.14054510492512
1.40794188753572,-0.327749282087531,1.23126687842007,-0.729520309217789,0.675017208779915,0.732335811283861,-0.78441998879926,1.59565532118875,0.0600025227348677,-0.242481021646023
2.94141904682296,2.98219203847523,0.939388068820905,4.69538838283315,2.45756029352659,2.15517875057658,1.25364954130329,3.67322338464998,3.80044987117108,0.977565360712595
1.46987540814548,1.67311583351887,0.863616503527898,-0.668863785160367,-0.201706708357895,1.51898170482112,0.902369615705628,2.17319705544682,0.479330859325611,0.719509545319943
1.94792560948509,1.29401099904335,0.29068643056829,0.501129997013186,2.28068199186357,-0.692211093312794,1.1804409500237,0.571826250934398,0.772661756210024,0.0895380545487515
1.7929198972208,1.3297820010396,3.02236979322296,3.56749500915497,2.48388490313278,1.45042935788736,2.82331003906891,0.835749657879806,3.03201194566467,3.24519568104827
-1.47197543717997,1.12155857871891,-2.04389042736873,1.33972379688224,-1.51867514835377,-0.740116847409877,0.0144153687901603,1.0929114562995,-1.3843866898815,-0.0835634842634817
1.74868101179578,1.91378898478118,0.960573159177017,0.252050086398183,0.353696894711087,2.17403165410301,1.36503242323245,1.29825533413703,0.538051646676036,2.89384037886492
1.41072895724971,1.89424206957274,3.18372131062229,2.0943511748317,1.31186907556527,0.64193926609623,4.22900184348566,-0.606886986512127,1.55483898615821,2.28256418065753
3.67670629986466,1.57919148791545,0.581829144556512,2.8234827424463,2.11359580382608,2.54504249307755,0.697556556742083,-0.107898290538442,0.894434491102341,0.420159275532631
1.4423558041317,1.34270417438213,1.33251370154575,0.807963104951015,2.12265651265607,1.57914414174794,2.41801395693638,-0.0674284936044758,1.26871681636233,0.512996464959509
2.68421380596246,2.74916769101017,2.49228050298248,4.13048403611179,2.86467433356219,2.21573068908722,4.18881984484053,3.04837374352217,1.9974138640011,2.04015029560143
1.65397371484424,1.13818347939441,1.58599273976752,-0.106014025117682,-0.119772457048424,1.18984085124679,0.124597127092566,0.108237891527326,1.33113207808075,2.56961245178384
2.11986427516983,3.41423280916526,2.81824704473207,2.80461650359028,3.53005893712145,2.57689283660605,2.11368611922647,4.07419596370146,3.55545912292504,2.16932703724342
1.54707381998515,0.834161469812639,2.17782534441944,0.633229924580056,1.65081866689772,3.12937957054345,1.34152706283549,0.635277693235282,2.15955042014772,0.721315959187284
2.90289403143466,0.695216836739621,2.46960490030768,3.10882167087521,2.35388715028137,1.29106195838639,3.67152873816542,0.785020414867469,3.38882601411056,1.57050638366986
2.65092661884511,1.72752832625709,2.91785310181721,1.8281909391871,1.73791752286676,2.22062251976664,1.07822768539037,2.38337360761761,2.18232513370709,1.77816552376277
0.481117231724165,-0.428431663425602,0.436147515423792,-1.79596751824074,0.0327557733128022,1.69389075880423,1.17584358059053,0.0409546364749946,0.658286141415177,-1.56037105199847
0.588485664008814,0.635238584787922,0.703431790439184,3.12851959281138,0.538194617371438,0.633069939467913,-1.56796294856574,1.13081806046115,1.45598383575513,1.22801730916683
1.97846165385031,4.41349860063237,2.51308543069955,1.72549943218404,3.73051401485564,3.15396237170549,4.31445035953592,1.5237692270515,1.05960274890142,3.82039949591539
2.49271534092331,2.20881818133255,0.512472043697068,2.19202908465133,2.49916254569679,1.91879139265669,2.04240274757607,2.70204772750024,0.240023644849059,3.23847058480137
2.92810066737347,0.428914184657704,2.97566503347731,1.25957145154061,2.86015208974755,1.67075560639728,2.96672517456388,1.69622480285399,1.778789345098,2.84509995618595
0.545199406013576,-0.041723765672691,0.233939543904749,0.423225625460103,1.56678297055507,-0.80634084405455,0.0613024237711101,-0.775941935265573,0.866688376928757,0.428177769500489
1.21827693242088,0.085311730229494,0.29680412533874,0.977848903804105,0.236416815544915,0.165334416705816,2.13989048769808,1.70260094986857,0.78799296874249,0.750296761331197
2.16806666819023,2.52251041427911,1.12334844313008,1.07279787275397,2.56082610256266,1.83212232049824,0.407670374597681,2.53388232906813,1.54147335325983,2.51930584906662
-0.775273958219826,1.65932004634826,0.794096676202991,1.1529206195839,1.16434241549467,2.17409027122005,1.43710627095965,1.25434028560363,1.30591640254734,0.425145632788228
-1.03188995703515,1.41772490296566,1.23499208382117,2.85351352300999,-0.0447745208096382,0.512857002894216,-0.163472071138726,0.0273232300395757,2.05199252022513,1.47958180081346
0.274773173851063,0.213022434103777,2.15538072883334,1.53122414435311,0.930391005508831,1.41056028130081,-0.325504136569899,-0.90783655270394,-0.147866913118636,2.03136898449204
0.987556091873839,-0.904589938642639,0.24148203125517,0.696965314442869,0.372884421393982,-1.84741021302113,1.0013329860767,-0.808864690507333,-0.0430376579172442,-0.885527006163825
3.28771650096622,1.56043199103337,1.95475956475308,1.94943364234673,0.473835142962059,2.00196413579881,0.738622171253035,1.992533126224,4.10557385315028,3.36323599465884
3.50272433065215,5.54233499689828,2.81465101673396,2.97359338002297,1.87861011473926,4.39195451865896,1.73031074784906,2.08008550591259,1.73253105239283,2.39301390614699
3.16647779213121,4.42492289876417,0.845958812648572,3.76307777586609,1.5845297154358,1.57361647630173,1.7374860270157,1.81726900180795,1.27124901042467,2.7975439455279
2.98292729481149,1.74982659065776,3.8376830826629,2.61378247599379,2.63400207399071,1.26480382023634,3.02780503892802,3.68971237168305,3.39689450759504,3.56688816937898
0.642571071241117,0.136967674545972,0.682414155982997,-0.633145433284532,1.13068150810925,-0.498531302368475,1.47218791845073,-0.795601189293248,1.42825938340941,-1.24312279626092
3.32898135704666,2.83900757272281,4.22053462522203,2.01160845273151,0.965518229569726,1.54108024771212,1.54289049505729,2.68543065842009,3.91851575375867,2.72598256128226
2.41754050271701,1.34654175342524,1.1998233988075,2.24263070516138,0.957166385721186,2.89524663568173,2.3483780020899,2.32053076464314,1.9500359936637,2.48488077175129
0.917976950293513,0.228983984943282,1.93764099501891,0.688215886076225,1.55510613374238,1.53926241631451,0.552930106983627,1.92199706260647,-0.125895243298402,3.15483821918121
1.94311362935927,1.2003950176312,0.689517814294123,-0.269068897750928,1.7876689458143,-1.13167613856672,0.587083865074353,1.71004384462484,0.784064002359335,0.255943741907387
-0.398289422906331,0.642123950081867,1.04825586553841,1.72929749984112,2.17956607336411,1.12619152140746,0.843266881150528,0.65285422169309,1.11300819321613,-0.21911324247708
0.697533997264457,0.378283627294626,-0.0111730881128522,1.15496786808811,0.526538584776059,2.00691234206568,1.09133163196553,2.09647599825519,1.48611568557978,-0.244252390073968
3.0271574891427,1.44952488219364,3.36605593466914,2.11789827689839,-0.0939553493733047,2.10361303322282,3.17426017736284,2.20488935084938,5.1507592011221,1.83057738965555
2.0310837498178,1.69319439567726,1.31521514866735,-0.414037461544095,0.905623781338346,-0.495267998406782,0.141854582350068,3.14717483210026,0.414429990405469,2.09859617742497
3.81981710204955,3.39505418240245,2.7113169372819,2.83884847355079,5.01327475552724,0.371401575677977,3.35562560453648,3.9324079103391,3.13139403093451,3.40468227486577
0.874265595248459,1.73066400691083,1.18788543333573,1.65450654493823,2.66968890845113,1.33133937251183,2.409949130791,1.91760242009206,1.7835704989655,1.79279551245132
1.27480534141643,3.69852208139031,2.19287388250236,2.56635737660072,4.4404662030801,2.07668560921308,1.74044913656033,2.02810708743578,1.08524263193948,2.21651444427085
1.32137755246471,2.07190242363655,0.727669295178429,4.47594676088003,-0.175352816625833,1.69614207457944,1.57785913950969,1.13877802659494,0.73620297856544,1.49963350433919
1.26118689927783,2.06834529573033,-0.421343795121244,-0.0433094744259674,3.24095317014805,1.68716096858549,2.86371108362599,-0.530843880989396,1.86141444762343,0.38971524553044
0.893607883032704,1.4037678902147,0.154508465163826,1.07700006576245,0.819987411902156,0.662662217745304,1.9424129234825,0.0434935711969412,0.227879242736572,0.927271504832398
3.13667572998299,2.06391731098906,0.792379752279749,0.504494019926209,2.89476653630414,2.07133937948572,3.29956641547524,0.141762242183299,0.770753239330372,3.35128824976008
3.0715671947433,2.47194133326807,1.46563115214329,-0.50693638283894,2.61219195525827,2.46233038089754,2.57385562922528,2.78970990566573,1.94840357383341,0.94106096249202
2.78875418370693,2.14256535321638,3.38777207415961,3.57186374720837,4.34000097222334,3.59291159491968,2.89473084723487,3.22756243904496,3.32307620925068,3.77959055770949
1.54107469648672,1.39815142606702,1.11900874688325,3.07196496977357,1.55386492377362,2.07317412050919,1.48497636173654,2.0707998119454,1.60651310826649,3.28129093525054
4.70846536613744,3.01036596380796,1.91715766538868,2.09060095868892,5.05638688796557,3.00259756949452,0.620627817507901,4.3309319511963,3.24389921148519,4.76684754694487
4.31254262835879,3.63468911017579,2.41820701478214,3.60333019735554,3.02243239591745,3.05495972228411,1.85997576294734,2.85026897640716,4.86410367181074,2.16542670110791
0.58246592834808,0.0344264395813201,0.243855836878005,-0.576745924687857,1.55562715640875,1.43399056375059,0.996318690677465,1.24670896942568,0.783389302237318,0.18886647065635
0.410936494612372,-0.113285151130067,-1.31571981043518,0.695993446454418,-0.595358324749719,0.52072341561957,0.825092920893708,1.4293347213299,2.2636946254073,2.49158071628633
2.64848791340715,1.34675009595767,1.91648736446144,1.88619646545235,1.91825038907282,2.27997243042008,2.16000519716284,1.16933866374312,1.63995781153353,1.64493624238823
2.88091298816596,2.23781195172131,3.44272125145324,2.92083414975511,2.08906013476058,4.21881413084346,1.35385402827076,3.66896968317706,2.30735841351547,2.8939991405975
-0.390746711313716,-0.783424673003862,0.936770307129361,0.612517300590807,0.866445715201408,0.517252943906792,-0.0191593663492039,-0.603025678134905,-0.933649181670794,-0.241943805032632
1.49262676390241,1.62041939943398,0.891330487736171,1.23171886100073,1.69539504131803,1.20854451444968,1.98470346244386,0.523680206214227,0.989789920757304,0.660641839131552
0.924718744638903,0.789377470972555,-0.788627899792329,-1.88160996797608,0.711698838252533,1.41493418651987,-0.254310967958924,1.90571404206761,-1.17534090051387,-0.0522862611868908
0.973519587785563,1.32152993467003,1.83443774276687,-0.481286023874686,1.33813454688696,1.25689423777407,1.8094705344131,1.1016517539255,1.8043477026387,0.0566334731372387
2.86804705488158,4.68333627821883,4.80806470217495,4.18516767550425,5.1828492284459,2.4364513522411,2.32641648285054,2.94630738970476,3.82417724452069,3.57911257155604
-0.207566153315972,1.20128334712949,3.85288213223104,-1.68653596251249,0.3679936130438,1.15250516823439,0.28655961551464,0.499402998956291,2.04679719746348,1.00654924419379
2.50517165088551,2.50723172547943,3.49040835806383,3.32628795934884,2.24840136361343,3.11563217795229,2.08024561423327,4.08929331024284,1.86161539890966,4.06127790726861
2.34945038624321,2.63926151194895,2.82018216116445,2.38993122521776,0.792699753079614,2.42146038421487,2.16899877343134,2.33194859045054,2.12996806356476,2.05706650190096
-0.455784761009487,-0.934342235163539,1.80741509865601,0.488568290788764,1.1216388792201,0.863941890913517,-0.258538766680563,0.647481745245812,0.269280770181896,1.21877761311992
-0.31366652120929,0.609885578480833,0.739883709119555,-0.630784169261357,0.79506517515452,0.837652666310204,0.851050690883433,1.65760947453002,1.41887933546777,0.822367924652532
3.1853638783022,1.40979523099838,0.405079489581742,1.72665962718574,0.87733560570137,2.1060507182129,1.38075256532664,3.75384028137809,2.49845303017927,2.81126087164807
0.508724598801858,-0.124833049111758,1.09925175521568,-0.965743671834389,0.0745774196148631,1.45280902976004,1.41802585412577,0.879864078112029,0.592813931672037,1.11972817021198
0.45557649282098,1.76613340162794,1.241922954192,0.627664639327837,1.98390768203906,1.88819021337843,0.320830970485888,1.90958894876909,1.63602665383499,0.173049040569077
-0.0130791034463145,1.32730359576118,-0.373339460043868,0.00488675519687853,-0.194610633389161,-0.97592006023947,0.681052020273937,1.19256754006525,0.672475096822689,0.329265316053401
-0.674367940666357,2.04519503023732,0.449174411369206,2.54983080516338,-0.418483138347703,0.559601205287714,1.04879474898497,0.367530487175875,1.77782039280822,1.06753492025851
1.88075447489553,1.92344610182257,2.49852424378838,2.28279862250882,-0.549773962347545,2.89864962638744,2.15619664968982,1.4138236534847,2.21390724524927,2.00397032570127
0.801944371069838,0.316393159228165,2.35997973254464,-0.293414285787123,0.651040065081815,1.97201564533368,0.444857645706467,0.724948878434127,0.449233914557328,-0.260913583081461
2.2991154418355,1.58467580612487,1.61785112826188,1.39949812700794,2.62944249997678,3.36322692214021,1.29251315462358,2.16224844509355,1.73566781151523,1.55137852315604
2.71184672342566,3.59161961480201,3.54345523699532,1.06845230302545,3.24677540038911,1.72372641780299,2.50423220957563,3.2629420448291,0.601306993777786,4.00616430361859
0.764176616264971,2.20109815787282,1.74851183601204,1.27966987990085,0.461694297752339,1.51677839315282,1.29232318557501,0.803832143309102,-0.291025156066107,0.914577048479905
1.4829237319087,-0.968951695325734,0.769155623830124,0.786006642030576,2.92628900553119,1.82058386038414,-0.27019176950367,-0.739408717830502,0.854675462338254,1.40477638653741
2.09520277870215,2.92261775712198,3.36960468423523,3.94105091886361,1.61956987850366,5.13130099514964,2.01741785030351,3.05795195862915,1.63289248997072,2.7149862957034
3.20252553787619,1.08550730279823,0.787028878041131,1.72819587983018,1.75989852918987,2.5138010238123,0.309937838349937,0.546691614345249,3.35485788336969,4.10450098441853
2.05406471606381,1.85534195746562,1.09269070545019,2.32993919578693,1.99521205461926,2.43463034137471,2.24351798176658,1.35080449098066,2.35171057223293,2.05896956216319
2.68042724815421,0.24289654421707,2.44779093768089,-0.0160241819809723,2.87687497629002,0.838406039033914,2.92331282298368,2.81163505926095,0.894662439376722,1.54434118034542
0.272798297796385,1.56514379132143,-1.19155650119449,2.65552596722725,1.53702366759955,-0.627715140557678,0.941891162154258,2.13710117185405,0.895995184503986,-0.458027434793123
1.44360877457645,2.25333657483933,-0.285765124500803,0.243557769692523,0.530648161231214,1.03121728020059,1.65113735750899,1.44422903221133,1.41857795234907,2.95179859333816
1.6293696467362,0.467927519223558,2.67918155183528,2.53973728083864,1.90849549316491,3.51213258222629,2.26181437055133,2.92726164352844,1.0492043442118,1.04514780752919
1.52522706598413,2.23512718848438,1.53346311455749,3.72233834513412,1.73042496799576,2.08400541028942,1.58149318111144,0.573965039051302,2.58430484091288,3.97521387984087
0.0173561911489137,1.87165283113338,0.22199113188874,0.722682150641342,-1.26154214379689,-0.239837641445573,-0.272776522148431,-0.0143666438819847,0.490263838279599,0.401320615720455
2.00565232283111,0.650198498615962,-0.304813739209468,-0.357284933184809,0.0784025817140588,0.948073847992269,0.927677809309778,2.36343499467648,-0.550705719239028,0.344704838375933
2.7719251915263,2.00855499927517,1.15773867568233,2.05893781575015,2.32126396265233,0.917464620556054,1.91118505005367,2.74428810807468,1.78166115216014,1.00665065574476
4.19536730371884,2.17037099790571,0.930197888994734,1.48382945508106,1.53506437044104,3.52985328772509,2.461849507212,2.29607433735501,1.03100890886007,3.4571762912047
2.5529658218209,2.70711224308241,2.67218435770169,1.52759145572073,2.5695812040376,4.33486858878217,3.33530932841946,3.61660088922009,4.67790877156315,6.18194365686148
3.53542498998187,0.42642611277295,1.0497162590862,1.50211795978723,-0.0791769558347928,2.43581870876164,3.02521425555037,0.125469729411586,1.16114026509858,2.21344647461499
-0.135464846463966,2.43944395720028,3.44145418206935,0.181998659244715,0.525524834339389,-0.0171601148667577,0.27556747287395,2.05674855821266,1.33957432439193,0.203171730449903
1.69738930390681,1.02905272283506,0.955732212824011,1.89609016722083,2.36945379555256,2.50010136569392,2.1492002804703,2.61050341104551,3.43516099580207,2.29089588364388
2.3096161771922,0.0549853763521834,-0.439188955351015,0.988292444265236,-2.7481248259147,0.0205568318477567,0.546160981775691,-1.07658911379992,0.50681295965497,-0.360249703800024
-0.500991507507668,3.64545846157925,0.00480141710632398,2.75839825847492,1.80570451768466,2.41550461503685,2.82574321689877,3.30759841858234,1.40609293985518,1.41754112369566
1.61778674987568,0.614558923578044,1.5052146546753,0.127842427611185,-0.279763550090168,0.480166185078914,0.480642282651335,0.709795287309622,0.844101846924324,-0.401626931795461
0.313323929336403,-0.632877187740271,0.659014325968461,-0.907100339649327,-1.29388815223711,0.524889850373367,0.448589120177677,-1.50582953655938,1.56181522976688,0.0163580632493151
1.50480636563231,1.93295290800446,2.37714997247152,0.399492416114437,1.1967665829696,2.59186228188601,1.4535961863212,0.739395567707774,4.08905503290257,-0.625339686864458
4.54215690270822,3.40146845777345,1.61791245579552,2.43987003495747,3.97795599005474,2.88987483684198,3.69088827868688,4.55517644843405,3.26193737877392,3.24269415941061
2.98993076138494,1.71686122260936,1.67861742537372,1.95058116305683,1.89660731040901,0.380461260975704,1.32943847858089,0.935136739490073,1.12389781256954,1.97922434109041
2.99312074407846,2.09826617380364,1.17866918071198,1.56351339047293,2.44585128901157,0.844372060293565,2.30855155281883,2.33246287618985,4.04809801543377,2.90366470691532
2.91038576629353,3.87821835896017,2.18784099582327,2.78815477540087,3.06330178738684,2.95169964994484,2.17178489405029,3.38004122396165,3.94249756156214,4.03844313523261
1.7115113551742,2.32960681690338,2.83524581195343,1.63536542278626,0.944881175503878,3.74138508789301,0.760838481099191,1.3953603640111,2.33782992553616,1.51561513438304
1.33672718339251,2.48197699764436,2.56899911597373,1.27344349983951,1.36749036498117,-0.181429507867275,2.71848455701659,1.21357971358838,2.6156932977283,2.35522737333424
1.87827759992548,-0.62081529829783,0.95991839544465,-0.688903863424852,0.772046016995178,1.04974137999863,-0.406788118927473,1.55116004584401,0.398269952982953,1.8635374480241
1.84578894447322,-1.13845801804449,0.347283593537227,1.71677042081861,0.944569119364816,1.66452348016782,0.923228364377669,2.3669054822749,-0.102304448603975,1.78562762999409
1.65311033986276,2.16172874371851,1.72470462061966,1.25954786327031,2.56286823002772,1.88241906969628,0.8585816208505,3.65797985448716,0.897162456226451,1.46473180850718
2.1431256410865,2.8275087110859,2.20285099247101,2.38656918570773,2.92289100671586,1.48239896656799,1.13649141192933,1.11293023274793,2.17149471422927,3.38030985876662
-0.338312226493603,0.921793123079737,-0.992059158672702,2.05210962602824,0.167102947817189,2.23011226449763,3.09476171584081,0.0750253953163208,1.20705040752847,-0.216290533825156
3.3071731342327,2.47499646097855,0.935383062924422,1.51542744815199,2.67020355542982,3.65475938862555,3.61113984475513,1.76513177417671,2.5816440968528,0.846181872353502
0.655313467741005,-0.0176561009028326,0.876911950135468,1.44229903243144,2.77537241227892,0.869229147576377,2.72784490669834,1.55342215303145,2.57095560276522,0.351072237044007
3.38783849208888,1.90457074706606,1.27134948778491,1.93746317624521,2.01149385870827,3.11686741888634,2.14847064055919,2.48896300712134,1.01980428175372,2.68745688598209
2.14426907457262,1.4679431206437,0.33848995469191,1.52121814720411,0.942612210480413,2.88533604888317,3.26408153174401,2.52705543963114,1.87819135376883,1.42819519921631
1.87590656848439,0.609672390894174,0.0932816948444963,0.910851492505452,0.76030663543961,-0.921901368300543,0.928723291604018,0.499025858043415,1.719907106942,0.270880702115288
0.582235056605461,4.84958468977054,1.60167745929065,-0.518208893376326,0.771657140877452,1.93452550177944,1.44266410215565,-0.884741569699729,1.15673788125424,1.24594301140025
2.56819640146708,2.49327425633258,1.42451857162588,1.88369578771496,1.55053470182222,0.99283179510504,0.964863228225091,0.30697161400223,2.22521068228226,1.77336351552774
1.81122397656246,0.0916054363998812,1.25377000457036,1.82012287043884,1.08051768565546,1.65439598776566,0.500258060450621,0.501793918251963,-0.553027720515315,0.298454778294256
-0.575027747954317,1.14121627491373,1.08282163986529,1.86413645086102,0.784735863123381,-0.528994949424991,0.761286451205759,1.84679394187193,1.93582340157666,0.644728376824349
1.27605454460488,-0.900501979013273,-0.610856012016596,0.31986868119851,0.221121809687875,-0.135941396556235,0.127446397688488,-0.242378678601825,0.777697869546785,-1.0054564062165
2.38381881632139,3.49833153758478,3.45351495831964,2.22673203907062,1.48071473116172,4.15091939485903,3.13433884397125,2.54384013092813,3.91038071035611,2.32038287732104
1.54681081293306,1.54283793161908,1.83223667796462,1.71782727294976,1.29474982294484,1.90780982212643,2.45745415106151,3.84841764971604,3.16084059482932,1.09724423049772
2.90599709351358,2.03312726118939,3.43836336856214,0.704829865683928,1.29398590093378,3.0169953981245,2.98539300433589,2.02019710205527,1.26227746856949,4.51018946041028
1.44402796127425,4.63579304328197,1.04563859456431,1.22019206501695,2.92733991117049,1.91957681023347,2.73405447440549,3.47095413953801,1.92660010159584,3.16729266478124
0.103951820728865,0.227850627198205,0.977629063186805,0.857270792179155,1.21558104247463,0.378189689360014,2.01843308755666,2.72381261914861,1.95196492203921,2.55472309702554
0.545763321962602,-0.85263187722738,0.71710504981967,2.08416036355896,-0.694777079494102,-0.066780452603707,1.34933794453197,-0.749491891249556,0.443642021932286,1.15476733281918
2.08346715903029,-0.0205170072684211,1.73382338712815,0.684824837476018,0.248209460023738,0.703835405283963,1.04078593557146,0.536301467266676,2.03208263789452,-0.850105145766818
3.49223411169453,2.40704081573164,3.25439146664201,2.5956164454557,3.1485359934428,2.75552473452892,3.09321703621331,2.84631726209654,3.94348229980919,2.93914042392445
3.1971474421717,1.67690840562058,1.41571647722148,1.73624309399737,2.45462506104099,1.98015635510732,2.41395023293469,1.16111610027497,3.59605891164356,2.3170827497691
1.70072505467186,2.37753992754773,1.6317404750651,2.52736960868795,0.544747859513157,3.47108938437616,1.98589520968391,3.14893430675401,1.68269855559976,1.63231300426401
2.77279443218536,2.76256197721126,2.3256873742327,3.05373826754254,3.06582611464644,2.95320074638334,1.56389617570263,3.67024084588347,1.09672844210402,1.77012757689654
0.138251984382337,1.59496895279678,0.906062371171105,0.966417884799384,1.36594413461659,0.72571918314148,0.705183113707704,1.99008863650935,-0.952203807682726,0.622013934135254
1.05712517836277,1.54393845808216,2.29181678913321,3.38786652655698,2.70143729972994,1.64429251923591,1.97005246134484,2.30457788469919,3.44086765016654,0.880944437003914
0.431791533077751,-0.200151160891199,0.280870719225693,1.22993624996454,-0.541303209024378,1.74275315606925,1.50600422162675,-0.487900778409543,2.44853088143308,0.185499388342835
0.14662661524123,1.84140355739257,2.01171227299688,0.542693231870881,2.11737510849437,0.59027488801804,1.48985730409557,-0.318630496475186,3.44329987872369,2.1367221674955
2.33394766555529,1.72828843301681,-0.989736465937288,1.55430155744952,0.835345788966493,1.0133027083035,0.421152981984055,1.38728413446262,-0.705683016402489,0.40084312966944
1.39556968282548,0.349866352324037,1.13910698317767,0.775409100146489,0.241232070522653,0.686566896956397,0.497216344275154,1.93982339181645,0.732398684792687,0.563473025550818
3.84133098541541,3.79842311841425,2.12453371511687,3.09818016284773,4.01801238041417,0.497893582612715,1.13308309788086,1.66735105080131,2.67590991921926,3.0200922286291
0.965729912929769,2.15520333354299,2.59273096133796,1.98993968616022,1.96267291463815,3.64920340090899,0.641240287773718,0.647457746566958,-0.156754931296897,0.110389170254781
-1.33721075073495,0.238873395997333,-0.309660967491539,0.730531331785392,0.0153861789861981,0.879012705208481,2.60899603731856,0.217850284424688,0.436063796109689,1.01625066775807
1.45180785137971,1.22963895979231,-0.292335343768779,-0.432279127575221,0.582675998272396,0.922445906615362,0.0936695606184096,1.89339811164627,2.574969054481,1.9061905874121
1.09049221694814,0.962872233548956,2.93917892983086,1.42244566439307,3.49689957527159,1.09556286485307,1.81193436751406,3.12073705322441,3.17824879533027,2.0430900120646
3.37540028708488,0.632583090929257,2.50093997706689,1.9261347820982,2.11738391359357,2.62595276873314,1.07900901136918,1.89762056067153,2.52425974022705,0.840240206777994
1.70505571649252,1.83488887229211,1.71891754039531,0.918591923221649,1.85984678463537,-0.129369360887693,1.25579515328059,1.62217478880892,1.83525439428358,1.68231480306807
0.714554385753175,-1.8219674162385,-0.458525445430452,1.107393771703,0.321438221729658,0.204164674702294,-0.171482755889365,0.573317263253601,-0.87672691120233,-1.05506599728965
3.07698476621893,2.52849176059566,1.74950565383298,3.43220316353939,1.64724608855891,3.14010096650319,2.80100632582153,3.02811364534531,2.4517617295102,2.78069290926803
-0.133910904910957,1.14294139711917,0.551770329583806,0.889058592468407,0.731393967110645,0.974631812691973,2.84751689700907,0.280308744064579,1.03011455803564,1.66322531862868
3.78969269640724,3.41399077581697,2.03261257424494,0.999591852823042,2.65561826958139,1.65198026921628,3.79696801414766,4.94890445449555,1.10575055629868,1.5162331224612
1.38503506996452,-2.02679208439285,0.0401705981125631,-1.14219259612841,-0.403077089500226,1.34180848093586,0.279782852650869,-1.56084467365571,-1.27865014268106,-0.795322858028619
1.10942564824592,2.13518604071258,2.5762025995125,1.69299706273657,3.19688308933265,0.889083998242913,0.824606190569944,1.12652058861474,0.235445732632997,1.07867330316367
-0.247083144686185,1.4583763332411,2.01319451664611,1.47907554056225,3.8754151247202,3.03696852953802,1.64279245750318,1.04586183678465,2.10074044478536,2.12140280628367
2.60515536729065,0.880206635174164,2.16282962876968,1.6207086909906,2.97069940301372,2.24354375160889,1.85002580884919,1.30482207798991,1.33034397433414,3.80219705388145
1.45070749687626,-1.34849111424327,-0.56603412867536,0.216906069779043,-0.0448351459418583,0.198367519205289,-0.215032604332719,-0.0456254363795845,-2.76131349344944,2.02227853477125
1.6931896498691,1.08244696245,2.77240947622983,-0.411144918696785,2.59223981516712,1.43915214467412,0.144578314185305,0.8533166172252,0.648505950243702,3.1542302106064
0.30040524107547,-0.453375969941691,0.363906151567679,1.02465603692851,-1.5919867254095,-0.21568694449553,-0.802957368566442,0.368243432776582,-1.00263917185866,0.598465185924394
2.41232819970528,1.16014810867051,0.445118043738596,1.39956189148788,0.298595537287419,0.212633445674854,2.22608189849434,1.31452887379193,2.83405957235187,1.68429907923339
0.640347355558751,0.987889607612535,-0.0820684641802652,0.344926327023004,0.417095159792722,-0.146357748306499,-0.181367409366777,1.20150225538252,-1.19118169858216,0.14880639685822
-0.596702175872732,-0.784251369911456,0.508772160836594,-0.980481270109994,-0.614178132161287,1.57514718836763,0.280584059038157,-0.779318496007301,-0.864786945891948,-0.0158814732085678
1.73329611099424,2.49042731683317,2.53643473359946,3.31161311581733,2.975740280572,1.55125915829936,3.32501779846953,3.69746485634247,1.65468772617847,2.27562482746329
0.938415196436179,1.87129025276358,2.24217814421261,2.02977725748025,2.99463507448703,1.58365357298992,0.452048582468219,0.852592676632116,1.00624368782246,2.31759552495098
2.03470090867979,1.9849197485441,-1.11806665061319,1.00188336741832,0.693119243729463,3.20748910470955,-0.698347560347877,-0.875166731936903,0.954178159089465,0.630554828182249
1.69664927333218,0.833819727914658,1.62014337329441,-0.137430689326857,0.83766974030359,1.32571357687653,1.45594345585847,2.37897138099007,0.00217736234398636,0.899575340721968
2.36960868981428,0.951923283241338,2.02643823619189,0.282315864799389,1.47528533497351,1.3776682290587,0.290536626149473,2.90483878707901,1.48110767844282,2.62904285014161
2.99986076629181,2.2340548242532,4.3291175296804,2.77558336667541,2.10159486836282,2.82279850996937,3.08179685575501,1.73655287124075,3.77489403861943,3.56330151493583
1.45785842655606,2.29832187791748,3.69689515750401,4.48751631729652,3.07303272100232,4.59266020488691,4.33635329041795,4.15878816652168,3.44192001657204,6.56383307044107
3.22161356201622,3.18319555646255,4.50196944813222,0.98686989811941,-0.0985560947152777,1.19258537574085,3.73057548342833,3.77890685898553,1.88109753217432,1.4606919581597
1.02675515462766,1.56925066776801,4.14362357588341,0.725446045593192,2.70244009008426,0.288164245527415,2.53940685595937,0.485589898902069,2.80108214312287,1.66628162047318
1.6758360674664,2.01137928285291,1.36899207194326,0.662188633748988,1.52150653473158,3.08817002870464,2.33886145027284,0.728601852628396,3.24880659467158,2.90960626338145
3.52295704888414,4.6125098208218,4.46685844591917,2.21384680651571,3.53925125118687,2.52441737067681,2.8665206776636,3.94601052009387,3.64777689445437,1.49872386713322
1.14355927967953,0.401291026727531,1.6302194987257,0.808135721867462,2.88273390887261,-0.654843162029758,0.752871002169739,0.755188130820268,3.07732769050807,1.9642511133539
-0.559288466137324,0.701892390241175,0.389557579372999,-0.86931272755118,0.61805084732196,-2.10847012374405,-2.0467635446973,-0.822678443008487,0.186446309639106,-0.301288411150311
-0.870862099165099,-0.0733071292078486,0.29760452303383,-0.881375729058675,-0.447467872708088,-1.4937835254594,-0.850749645153906,-1.93969924507705,0.884042506193399,0.948719008416506
2.30440694282175,3.74108432973655,0.976955996830118,3.00549945637863,0.787242011300718,1.77393226565269,1.57758743174788,0.971447755568582,4.25322828473369,2.37765603976655
1.28722434472716,2.37606103984201,3.02564815639813,2.52476788660431,2.57762216793876,2.36979887243774,3.04954019874413,0.597706842386986,1.3059224763566,2.46711188194682
1.82053502809487,2.46987188836643,1.08828341157418,1.48598217397712,2.31702147492122,2.35208187380304,3.19202899979857,1.66658855418819,2.05399889388442,0.714502500742792
0.844743007885339,1.82829005635248,2.16987658474706,1.5768312490755,3.20984459004103,2.84103761599509,0.301592757617742,1.78583992936012,2.94197943324493,2.35380317322488
3.05667826487254,2.25421986281817,2.32393202413013,2.16685279611574,0.781157909440061,2.98122570906465,3.11362128830124,2.66308378977442,1.90320244578243,2.41346761867719
3.33138294253715,1.21852365706123,3.53831623662745,1.53661611389016,4.47556908211402,4.38057883174376,2.19851324120889,1.66109799319395,3.27561033774288,3.91734485760882
2.56929323673762,1.76130207164182,1.70480369507785,4.22087873198049,2.72014937476013,0.297578286388117,1.26665107323443,2.85060072261916,2.05568007211247,2.69067235543238
-0.662493614804379,0.469475779580605,0.277422587588584,2.2336179160445,0.883684667348368,2.63491057358648,2.3768334607417,2.06926559464427,0.473943395000728,0.443016665281663
0.411841161570988,1.33533690621055,0.380833062029425,0.616296286887597,1.35595342998738,0.383231935878792,0.0389668250733709,1.72557917424663,1.15064811447345,0.148762507923814
2.11306709430064,0.918279567229163,0.96124306086291,3.27902461359397,2.22070418326322,1.67472119070102,2.19217764635221,0.463347617960564,0.412013901724161,2.13770868291109
2.53947276437306,-0.785251417957319,2.88010866922233,1.35075757013588,2.89957956048813,1.43578354411901,0.155313135775505,1.76378751294601,2.74500953181622,3.35983090934637
2.38174170543523,2.73541197542775,3.56707141188418,2.9822237415184,2.24335409244854,3.76995908296917,4.02755267509478,2.39215038018318,1.52044122320854,2.93344238117062
0.827349674637059,1.37203209538898,0.386923646679835,0.901253489401876,0.822959848128714,1.66161615986796,2.30071133438169,2.24578043114231,0.0319054624782059,-0.229043326351399
2.202611502853,1.79239787426614,3.12910652188451,2.07730152377806,2.46023303053769,2.87665324113199,1.11843969392162,2.96374450676739,1.78191843323595,1.10145158574221
2.48022417974362,2.81747057281846,2.12104470921762,2.90842658676681,0.992205176094517,1.68564350249203,0.0319221997284671,1.63292097238398,2.98370518886452,1.59915365363682
0.809280034890026,2.77860550889262,0.431186616263417,1.58958952642511,-0.450773915888099,1.18379043458303,-2.25459341776396,1.30431728052695,0.28581006528512,1.08170046201642
3.16303677653878,1.95787944681957,2.1947370101489,2.70028275945158,3.71040343558798,3.88235730517874,3.18457876888663,3.38601106335066,3.18248887322066,2.12543362623483
1.83534231646458,2.63571801440883,-0.261149273252636,0.608246317110849,2.01128036153309,2.95201193932612,2.70326459784325,2.34109277375775,0.251514766486318,2.02042120619386
1.85707615730856,2.89683085204455,1.63594456463554,1.8392562024295,1.2661591958626,3.24265401445933,0.962483229805427,3.27759451072366,0.439829287629657,1.53306934995819
-0.698841563250048,-0.861675163667599,1.4247735799746,0.890863910610192,-0.138418683224737,-1.24006218370204,0.800405640284991,-0.701020048839519,-0.419809425632544,0.671976494624482
2.19499601317245,3.1698947409009,3.2549455634382,0.242816324232792,3.18327072492646,1.82309058428238,1.60330190963768,0.301217101090281,2.54610320448249,2.56556381780091
2.64219624094188,0.937207676921374,3.37111675225611,3.22269891258133,1.71747981485807,1.18771463777766,2.65625542043834,1.59562469729308,2.00669951852236,1.22993217442259
0.879022600689219,4.13450811283918,1.57726502660057,2.32564314540632,1.14775025136586,1.6752833098616,0.903244817813064,1.99226078229315,2.42913887964014,3.23115438712034
1.58260979201216,1.11709608997768,2.98517480266835,2.16020391608547,-1.5218010638394,1.46762396349656,-0.764366143015982,1.44818147226525,0.420051699320875,0.783658830455715
1.21331961193873,1.83453130063708,3.71598901698799,2.97624896483223,2.37953283214044,1.28846019882592,1.81786295120711,1.6057585277293,2.75756747248593,2.74802078201951
-0.0174780332525526,1.87023296290535,1.80110338388945,-0.743537375912796,0.114856912291117,-0.852476346227931,1.67453133841164,2.35180319208395,0.549095485763115,1.24989596369463
2.26714121577223,1.53757082734686,1.9499987734787,1.89733982456629,3.45418531719276,3.22683828745025,1.76643187110543,3.93577076632269,2.12841913458053,0.825051539952261
-0.713391213805952,-0.14028775799293,1.46884604329142,0.860381257511712,1.07070454597062,2.62323805786088,0.798332562418098,-0.13982973271284,0.919281059178885,1.18427802833833
1.73937336960906,2.16669826909428,0.611773603793985,-1.07074075080937,1.76228139991851,1.25703911066941,0.501606712464088,0.178541201051506,0.771013890292703,-0.319986240329764
2.17854264516947,1.72879370154697,3.39149578416391,2.73488125961076,3.91991778542223,3.79453792607014,2.92577124743362,2.62427315509845,5.47748979414871,4.62938441657728
3.29790872030043,0.925969753227553,2.45429621259704,1.36946173829941,1.29082600720997,1.78392301286702,1.6318770606088,0.441439026356675,2.45566159769286,1.72542757894067
-0.393909292470543,2.88204941292458,-0.748971809959901,0.176237926915687,2.07017990088857,-0.207641179349864,1.34061407206628,0.925269465889873,-0.262485901940329,1.41667911055815
2.22774023990477,2.36863844659559,1.36548457413003,0.773039984370525,-0.236298993883764,2.95188163354612,2.96220278328182,1.47302810752163,2.81018486853883,3.11262635696263
2.03354145177216,0.551407799962537,2.22788242244405,0.815575879195909,1.48765496234046,0.516676089732559,1.15858903324349,-0.209266387534335,0.852098629747753,0.104608491068373
-0.170073067325868,1.99337438678791,0.615460374388854,2.05101141203263,1.4349510511233,0.197097518886094,2.96320021570747,5.03333947120704,1.17101032440336,1.81364221653518
1.60960987151852,2.06755603353446,2.3796849717941,1.13496065145025,1.98962185372446,0.65259748472119,2.08688682102991,2.45549517066978,4.07782655915782,2.50312209639073
1.09199869031402,2.74431377576252,0.938944227023655,2.2288647518813,0.3549501052261,0.315452805210854,-0.0566328963399132,0.495063399856401,2.13206612031121,0.812647268958351
0.424598322601189,2.54595088831669,1.87916069107756,-0.781522682506047,1.34441953691185,1.87370183367873,-0.727756753763158,1.40895926776815,1.9703107718677,1.05157982995715
1.7134132660134,1.27973789208666,2.01488332694416,1.06746015095169,2.12617174533569,1.90886862615377,2.13245692822268,0.0136889980370259,1.26886544281789,2.10691967139926
1.15858388724006,0.692155323860976,-0.126346734530069,0.583711914637428,1.57993411218595,0.66276028200605,1.3031277590015,2.86017897429325,-0.451203265951498,-0.923459296263045
2.58035116959844,2.7427855441043,3.57079860283636,1.54253705875054,0.184494778542525,1.70343488844899,1.7200931631624,1.78941913589614,1.02859569138316,1.52883883364092
1.59977749224552,0.789801102139144,-0.107408451001164,2.63888198608094,0.698785621975545,1.08393763224032,2.42116732040405,1.2859451220421,2.30303068049468,0.260207688774084
1.14321984327135,2.16263938920416,1.45422352848785,3.67408890202445,2.88776420299198,1.71204159776915,1.17671437252666,1.72963746553343,4.71431785280766,1.21003050951023
1.72900076784533,1.03310400758785,-0.256453285771132,0.725574223129074,2.18322226044284,1.64759305295298,0.166819606187624,0.567038615786106,-1.19165930664971,0.856219723710368
1.48706030409374,1.045908228643,0.128706430732411,-0.43762483975886,1.52661688391301,0.112709200021989,0.449677321187524,0.637569739720369,-1.00506182927601,0.645976619560736
0.538677436208913,0.00511389491981551,1.0508798630671,-0.766741407963673,0.318304376284102,1.91650892496907,0.938678238285119,1.36763088383779,-0.162379486668963,2.90826514286955
1.93336616627297,3.00653451871676,1.92480715440985,3.17043226151673,1.79318243808219,1.20353631730902,1.45967493496284,3.34593301723043,0.426891600550141,0.988311847171927
1.14627162370193,0.880078159372739,1.45758478144797,1.25474272191235,1.14637717968184,2.70456653091069,-0.631426759429849,1.10472207796598,-0.0703005424618446,0.110899106025349
2.35098676124013,2.65536242330977,1.57044595575002,3.52886516075736,3.8609724535506,3.15382027680584,1.42632517775249,3.87745016879514,4.07094826668348,3.35761282344758
1.79104702415679,1.3086132591948,3.08144263375027,1.93408595552403,2.11503120960624,0.3573961009547,2.12488614982253,2.03781744600195,1.34800370077979,1.78327727501898
0.545724626914468,3.21343072463167,3.86425507389086,3.60693095499697,0.394292505751127,3.34105669363756,1.49322822114529,1.72911262779236,2.33208071405379,1.93620457044112
3.28871991148143,-0.339808615488584,1.62717829515769,1.32574318133646,-1.66257582397462,2.06364863579509,1.52871162281154,2.11842846967944,0.863282600485414,1.0593839247434
1.89309338212469,1.27683866951396,0.42980449824807,3.13020349422372,2.87942293732531,0.04047937836745,2.30964978927622,0.290480818289134,-0.252865330710571,-0.120483600928279
2.92283704680681,0.641104731904626,2.80435690083854,1.43554712215495,1.2789792707059,1.95574720911593,2.05727662163395,2.03759555722223,0.571350108533336,1.7163497466361
2.26459389226937,-1.29447267458541,1.19810523896082,-2.08900257501975,0.084313614128791,0.236864592052238,-0.324724638256869,-0.839929553944982,-1.01549559231582,0.457600228645232
0.390756921902452,1.91652648267374,1.21513794109713,-0.587670671969714,1.61308148907187,1.83854238535229,0.190169179324508,1.17071750952589,0.314647529508601,-0.930412310519415
0.835767970952876,0.0395745769856661,0.88508837353854,-0.126477993729895,1.78292838423868,0.983069388098759,1.43757316350238,1.26784379564604,1.28369910538235,1.3679747954843
2.54066432757335,2.24846479451474,3.47585805589841,2.84232055970079,4.62526623302826,3.62383753980411,4.50182945812664,4.32368787277852,4.39066167381325,3.30397061577209
-0.346796916813665,0.655846532565824,0.48313430908426,-0.0560857749583547,-0.705044845635054,-0.231274481245958,0.179361168901116,-0.197481782961271,-1.04283426624679,-0.738115038905577
-0.727310157675871,1.56600461638752,-1.28357198161872,-0.893408789841061,1.00789917160095,0.773741037925659,0.455558919830375,-1.96264863748501,1.50587658192535,-0.120341265362366
3.57977878013905,3.77616288322168,2.45973085167865,1.14325849673615,3.14762140375528,1.04777863475356,0.709386444702458,1.79832525860005,1.36551477001377,2.95535565726766
2.00187933134786,0.250375411271959,-1.19961015259336,3.94381061865094,-0.722829545551817,0.71876133958068,3.23216990929325,1.29882466667282,1.34465121447481,1.12908743052615
0.810141010670537,1.63532273773402,1.5662168261551,2.19468290081621,1.74133523917651,0.604237110399554,1.10065321503921,1.03493924311525,2.10751290145627,2.86680396254785
0.309885429034054,3.33020491927777,1.33050604098778,2.23370569050024,0.534248032287447,1.69225908731075,-0.233376250113835,-0.434296193135036,1.47769092206668,2.77312905317187
1.01283985934809,1.47522909656076,3.57383074013017,2.81072234844154,0.651632455934735,0.711898707151323,0.261364029940233,0.880966661470136,1.80312956497214,3.42402627372352
0.0625340166581227,1.41127479711965,1.02877932145096,2.03011892169879,0.129451770558502,1.01296347471749,2.07806808889444,2.37000960521344,2.03692183934254,1.69358377412954
0.397365445312866,-0.447407632436704,0.877671511232742,-0.720955901066711,-0.358697814076278,-0.697914631813245,1.04138934295845,0.0373802858633352,0.803429570714799,1.22628768904981
1.51537382891621,-0.440146225514348,0.830249781006376,0.507693759308647,1.41283515689185,-0.264902264212707,1.58780096795086,1.62061367731151,1.30498860099313,2.68964124607763
1.36902293312222,0.685186904424054,1.10178345955515,1.55376598323155,2.55738771929545,2.30960879954896,1.52950976799578,1.37479916168187,0.176206085266852,1.00225031668957
0.388162693774237,1.33602714510621,1.19680502070761,-0.0856890768529894,-0.184082978483398,2.02128335796738,1.75625414417183,1.69307012718403,0.35505069039044,-0.342769594244966
2.44265777745432,0.255226485546095,1.47385605740939,3.75215718679847,1.04558185998706,3.12631454289927,0.512249138687518,2.6638726147018,2.48653167989367,2.40948885842006
4.53541946242133,3.2498238391294,1.34619527131138,2.33342425624809,2.79017323976455,1.37672213731028,0.68929503637837,1.88275097154573,1.93594992016014,2.7377086397961
2.09046908675832,1.4114624043279,2.02860474365547,-0.454053277581486,2.10021005491728,1.62663324918389,0.921227125041751,-0.236155282361717,1.67325364214439,2.33541559111086
-1.00373616292179,0.541317580605152,0.369237182554678,1.80925014087756,1.82215689888368,0.968092452752507,2.48169590679402,-0.0138117713024017,-0.271877310271233,2.76392020441542
1.79888436065477,1.28719539932493,-0.325206275929528,2.65829030047487,0.881609740641602,0.378828000960816,1.05525171392848,0.106903183365236,1.56031768175028,1.60406777700083
-0.70126457780963,1.09546460301512,-0.001534681123776,0.942522127911073,0.0265522208638869,-1.01701136550123,-0.916312359268177,-0.11341387344152,-0.766731862698542,-0.0166837481896253
0.832943039328581,0.287174326789548,0.924635765508445,-0.00365954434848526,2.89829586615563,0.869387212000977,0.52218471801363,1.57881397019501,1.01595459886758,0.162858614395096
1.33956210246337,1.3347325748886,2.32137456737882,1.45338517833423,-0.232609771434255,1.7672086846854,0.89044471536453,1.76431216610295,0.794373121232788,0.855658479099896
2.9093728728744,1.51298473491517,1.94829800987374,1.91469282357265,2.1165697313375,1.1026682469999,1.38382673660651,0.9043085684278,2.54822926137478,3.83801928172245
2.17287138770578,1.78943435681682,1.00981376753158,2.89439383422724,1.0865591266195,0.447058551484058,2.16836930682245,1.62148841312036,0.629648497521961,2.4367540808836
0.740405736876169,1.77771130830407,1.83607840256637,3.36637181485472,1.66253664739758,3.92900637271722,1.96324011368128,2.62574754569394,0.130469670174033,1.83359274806204
2.36277046040613,1.66339030915224,2.01673664377613,3.60805211046667,2.83927927647281,3.01577887383633,1.87872205687437,1.34132326960999,2.82762694943691,3.59505104496618
3.6904650439492,1.52957695776582,-0.704283797555911,2.09265708702059,1.50298039955296,0.657132836077708,2.45799600304734,1.83784133843372,3.10975527967779,1.52318597335695
2.35414955899043,2.95701326836305,1.62304600414584,2.91444553021312,2.42511779294711,1.65777567980536,1.35886745451826,2.18619697645142,1.54350516524441,2.77670589592302
1.29858688500061,2.86989804694492,0.870141825895382,1.69510671037827,1.68916748202083,2.3245178997477,2.31682120802276,2.73807097169969,3.21856339854689,0.0985780471328093
2.51588924983318,1.35277470277408,0.828733556439249,2.22678470751236,4.43742903582844,1.81451090563172,1.59047396004911,3.92680364817793,2.73660232646976,2.70346202241336
1.82920556358778,1.34441989452775,2.46986132892786,2.92440496681914,2.14306775780648,1.87639911772944,0.131062690464643,1.50124021741475,0.953023548653013,1.17276514851476
1.09315444057535,-0.241109741261953,0.732031149312864,0.652300319945329,1.43225809984803,1.13005503260559,0.661215593931064,0.479648469327999,0.876405652121586,1.41521663551133
-1.22935829109821,-0.441145222228394,-0.636014226048533,0.436656248343413,1.78912870154394,1.00480982052323,-1.23206124287691,0.337934282960665,1.32796957789233,-1.14633710984092
2.66746438456621,3.05640175550747,4.70365484509766,2.7891869079729,4.0921277864795,3.10020993930497,4.2599168924026,3.02489824561173,3.41587801518685,3.45536892885365
3.9451474730466,2.96369758645216,1.1184320842974,4.20120648497578,3.12202728008494,3.14259089093036,2.08421272618487,1.96222629888201,1.45503201208678,1.90506546289526
1.25127488502952,3.07049628781056,1.40217982208205,1.88078192815928,2.27937294102094,3.5150043880197,2.24863366160407,2.0927364398912,2.86174098881425,2.43315506905917
1.61733589946642,3.36955846357516,1.4498963567174,1.80107557329462,1.00575043420226,1.30793795074704,1.27625302727675,0.401359531659223,1.01666992448509,2.30976060953784
1.65729525821845,4.24657585026818,0.831531150452669,2.61678504200376,0.582862659800073,2.41557891460633,1.92670333252557,1.30876861650649,2.56017618263518,1.99542660382721
0.699894203442758,2.2684564113702,2.19663890833248,2.55530793209282,-0.0706367457232628,2.12417703204362,0.120125767330929,0.0284152541861288,-0.0725767529884882,2.01900426112986
3.06557606154888,2.59261633778665,1.48326794335015,1.23538572579141,3.17058389452417,3.98616003943125,3.47893549129628,1.49724346000186,2.38494803303731,0.615061567725461
0.382061026759843,2.70752295260736,3.05268671207804,1.80968534632438,2.0805499870996,0.481527025860068,2.23261123822623,0.601762063535412,2.29945663280299,2.88656956813717
0.0370903108598243,2.8608477671181,0.215649076866139,0.548449597637358,0.520102539280435,1.91160989471684,0.804733797971734,-0.691675937910693,0.695924818460085,1.67603698828603
1.72238199007935,1.4228023174536,2.23653890789222,1.61955340344491,2.00231917043189,0.709780597851915,2.70549186436583,2.85566426900874,0.987129176160096,3.09698465506698
3.96564318465459,0.559814118546723,1.29332797206306,2.02374454900911,1.80721763272539,1.63765860791688,2.31381555686957,2.74528848161559,2.34024437728001,1.10824900113965
3.24937042076006,2.67209687971759,3.98235818926561,2.81401895269162,2.5102733776803,2.11816117615992,-0.883075815538946,3.84446393340238,1.1134845506624,-0.835955189437798
-0.984685841358991,0.0703484103566255,0.305553666731734,0.610032164395949,0.330384035388896,0.364194496118727,0.110223724454486,0.59798897053167,0.191321194362084,0.0827698798756516
0.749857450878572,1.8105632325196,1.83532898511476,2.29303926105073,1.29015518877995,0.639033211133513,1.09537564296597,2.4062391080134,2.73107398440123,3.26097582969302
3.22104694198864,2.96328013257194,1.05237125660382,1.14148747195134,-0.98583913387501,1.48140471630924,1.54647582682158,1.46218421780391,0.522133569669772,-0.366870647885088
3.25954198536601,3.70258260258436,2.97256123351312,3.13391123883019,1.69123682991863,3.24942518546525,2.6570752253108,2.39685017828459,2.20046494192603,1.56075436211978
2.56161600655015,0.938236007737202,0.732340559557306,-0.178144698105723,2.38106343606051,1.39014854214304,-0.44316168556643,3.02289881212275,1.02681812849526,1.0526245040803
-0.889103000677915,-0.206995257718734,-0.298103091611185,-1.74644139478581,1.51900956793645,1.04427895121871,0.202949056052357,0.932729094303941,-0.189560914669562,0.433938423683441
-0.218028809996942,1.34631982460575,-0.36894431912533,2.09143224916942,0.141747598068672,-0.8699775031587,0.789192722951333,-0.674870931424381,-1.29253135900676,1.09608178017003
1.82997769956985,1.38151215703057,1.8401714817366,2.44042101305051,2.58422789047716,1.70887553742978,2.0721587836275,1.96256377372238,1.66816362609038,3.47825331603298
0.665753967302521,1.82941194503075,1.48231849011332,2.2253945832919,4.01911571737521,1.46156216097226,2.39567036000256,3.07277590420115,0.528744823072326,2.33947457724259
3.02698146358733,3.35550726800704,3.21338427287149,4.51911352967086,3.30967965580915,2.16929201564461,4.15076077488065,2.808585024495,3.89799500973539,4.34108293782367
-0.119348851879986,0.0844288284666735,2.11308197738566,1.29685770505786,1.30142129898384,0.397867719225996,1.62862074417468,1.4053332033853,0.490166444520522,1.74496277912487
0.874108592729067,-0.149256508219658,0.600514779133071,0.957889881887472,0.652531251595469,0.630547493403832,3.12221182738621,0.77752179091763,-0.252286714537511,1.40568164779939
1.52144427186446,0.602877736884141,1.25012802215028,0.620636836677537,0.356796911701115,1.29747500994995,0.416282228358045,1.09344525749771,0.671699608947283,-0.0172130531236772
0.222397859427151,1.49898241883828,-0.738869997484166,2.6847040287218,1.65483142447894,2.59658437110245,0.747250228337727,2.80562876591723,2.58685621655723,0.601117053638919
2.14647055189481,0.58493981024329,0.0440667706054931,0.690362132471392,1.26147302633765,1.10687218864363,1.50269793934579,0.636167620906138,2.87795742759309,0.856673584657173
0.068722718307157,2.2022375421616,2.32358930525503,1.46430058275383,1.83687133167839,3.85069931566898,1.96579491247592,1.53374366838517,2.55400669605489,1.22215750136191
2.72505885567511,0.531082793418297,2.75197677514348,0.405615729535786,1.0617709498719,1.72715163335864,2.85546369120465,1.96729347123173,1.02789338076074,0.873992284272756
3.67447503478511,1.20275754627584,0.85473204924861,-1.10805483158125,1.88011586303334,-0.421730976088723,1.46751929292763,2.82881333069577,1.85806921922311,1.3995861981062
0.29245404146114,3.01855189887392,1.02261561889944,3.51839229603418,2.11004342659581,1.31767503619153,2.44080691632437,1.63647847188532,2.13895693547484,3.03287887253769
0.837190383581483,2.57238765496049,3.14220589751288,2.10527319414202,1.82957984029478,1.25461138956752,0.795377190063988,2.77888519538979,3.43256526854908,2.4333062955473
0.752220266283599,0.0762568823616484,0.270417859102864,0.40080987491881,0.375466792995347,0.928315509189165,1.28340997637999,2.27910225327717,0.261586253659486,0.743085242965715
3.4644387523015,1.89808326710456,3.00889944668375,2.54239872274009,1.82388531813435,2.03731233478082,0.449278917811486,1.86775450074006,2.43386790474137,0.235075938829143
1.30790906650837,2.04598681360492,1.84659679762062,1.60787065405406,-0.337209625860411,1.19224054691597,0.677194739784476,0.799441051565164,1.35908990507639,2.0552147195318
0.260092178912938,1.13721692225545,-0.202466597101152,0.342167100636414,-0.340385832085419,-1.1201373832511,-0.264618948737834,1.78763665307913,-1.79922350082233,-0.71776321207243
0.764553454808191,0.159873428016235,-2.05991859151246,0.790084007987251,-0.789373518633335,-0.194250450216802,-0.130774160655747,0.8129905875215,1.60716114146309,-0.307450646900772
3.46893639572037,1.56691686978781,1.4957078825045,2.02440472772336,1.26321054672237,0.144343883244534,3.17152387364285,3.15090405647557,3.9553512288805,3.94189855649407
0.00105031806474531,0.253975820911306,-0.136647144783543,2.28179369408793,-0.0645535366154932,0.585201643092619,1.60877651012964,-0.274485198293403,1.71363128884699,0.686942923786214
-0.200224717588547,1.88647742796894,1.16004214791059,0.95391902740171,2.01406213095566,2.35094987703608,1.37072573684448,2.09168143185511,0.86034087636445,0.982152845043196
1.37139636889446,2.54373100604417,-0.408658116538728,1.67828826003497,2.08447859035892,0.922369430930586,1.99560470348362,0.500955056479885,2.38027909443093,1.30601003907704
3.73011051110691,2.27184268881145,1.01323161732788,1.82888480711298,1.98877433776105,1.60491310814913,2.62447538781041,2.35564567427291,1.0842679386573,1.88661172030965
1.64221698805055,-0.540241477582889,1.76463800101208,1.45089751445851,1.37741997252046,0.745598695734458,0.714848035645224,3.47066109407483,0.955850282883079,1.44891733679392
2.62221094876459,2.14668069839949,0.558304424442827,0.853192604013947,1.71195296108831,1.34881567864507,1.43689424513392,3.2378921671647,2.23338840775418,2.98556749772764
0.410899342871807,1.94838954920028,0.208957902719684,0.735090089181947,3.58907408081577,1.17089767059642,1.761531332895,0.254268732723751,1.1955684079293,1.44674366739294
2.41068185201787,1.18626232164523,1.870591261826,3.54741360599558,3.75048529949562,1.3674300473394,1.02214801243114,2.89947507971348,0.711860644630369,1.18274437733824
3.67893969859759,2.87344001813507,1.68108326290431,1.94002110096206,1.50860981586318,3.21256971380254,1.11209996907458,2.4058385611592,2.0541628568356,2.58510285848943
-0.219455839634955,0.737900798540995,1.44173429199606,1.78679281560349,0.791074934970488,0.383009236525259,2.32954266510929,1.43720781108657,1.93868268478098,0.116340302229958
3.26784650511024,1.95303146536769,1.48611907763884,2.25665003587312,1.31366011453302,1.94163793675534,-0.128971505161406,1.0902741436017,-0.348960428878666,0.818826602066367
3.40765461782712,2.86842800686788,2.3133848323386,3.63601282706184,1.80547294128197,2.8478057540543,3.03712404305323,3.90537278349483,2.77432719841281,3.28816706414632
1.55946308446169,2.00162778929877,2.75007142341721,1.57148270349471,1.70973678656994,0.247925919472725,1.88707082927611,-0.757952783923313,0.907192449061399,1.55957472311024
1.21556937944125,1.87734661109902,2.18971123342125,0.434533970217181,1.19214400931623,1.52632133976709,1.72571081867996,1.95699715830611,0.437862703699761,-0.864926058670489
2.37653988902718,3.11677630880021,2.36869350224832,5.32798616698434,3.37691234655759,3.08341681375378,0.916498130543167,0.739495418619204,1.87969171631419,2.18771360621766
-1.14596274721262,0.092444794408363,0.807302627191747,1.43292800295362,0.114155625191624,0.187917535612491,-1.45834799591136,-1.07115639116253,0.531731894589609,0.304938823759912
0.720938758956291,1.12844417074229,1.24121181068996,-0.198247985397446,0.802326110645778,2.86927602565536,1.53876990464162,0.185275705953106,0.85614086931584,1.95830800873003
-2.431117503349,0.925996596436607,-0.0928563406292271,0.895119426693841,1.37369626530874,-0.953581358145638,-0.969941136627358,0.400612904432171,1.01449169965833,1.186270574743
3.02131820275631,2.11434455417887,2.06088136331703,3.23856951837146,2.57318473005153,3.12546366302586,3.01837785634597,3.72627504113307,3.60730222266942,1.69096511797436
1.24348739983013,2.48168324088374,1.90987307372881,1.26704611388441,1.63623307283348,0.554601670593475,1.87371747655116,2.76771576191477,2.59092372993915,1.62807009801416
0.724261507224729,2.59377346595659,0.24583748900383,2.02235438173869,0.906616934471019,2.29926095974346,0.0284134009559465,0.502175281912263,1.81636899807756,0.958547491571169
1.61436650868097,1.43682984140518,-0.186888585572295,2.01321905481068,-0.621988796392118,0.6509627260545,0.102071829309623,1.01032886640771,1.41069388309758,-0.462642667230387
0.831512524009082,1.8926765808676,0.14291086609525,0.0239538126535437,0.810983511570779,0.692061272718985,0.430271634268796,2.00113736546816,0.505804028911311,1.40653978288366
2.77381620167237,1.33215343302757,1.30789982291119,2.57037052879116,1.88132915088139,1.11422405706911,0.998435500712278,3.72208942946638,2.55896934534551,0.444237715765617
1.19675234158908,-0.432331661131765,-0.900202107896469,-0.684754584646267,-0.651953396828703,0.378116175291951,-0.589868286522987,-1.08757083602236,-1.5275689642152,0.966545091535618
0.524736694166371,-0.00855212047174021,-0.378908559317179,-0.153585273100845,-0.340097431768827,-1.2123695457723,-1.45318043935942,-1.1931472547087,-0.108287206328406,-0.10436266876572
-0.27039629555635,-1.18566171636935,-0.276671044415731,2.27916398365793,0.357930080692655,1.36876808689911,1.93152832477306,0.623991429868155,1.74349759910189,1.33901640415359
1.4736433788695,1.17205642986097,-0.203718985977348,-0.218172796089631,1.57266068269299,-0.581003410728712,1.45854939311627,2.06438063095845,0.600537812765666,0.417504913542593
-1.3980853824255,1.26707000647151,0.679121661131596,0.519221654370252,-0.398923690836095,-0.00481869045583991,-1.56763652826162,-0.610707112973897,-1.41190969088096,-0.0188122881418954
1.25031985302036,3.37359429604162,1.88929876846805,0.729372422135536,2.83253038309505,3.44812629927592,2.11157053035802,1.31408431541541,2.97040830795511,2.40099021110545
0.018602457442669,2.78722747618245,2.45296655923658,1.02710567870035,3.39235521215778,0.875573973057232,1.90194296885669,0.756733102419574,1.85311777771071,1.80238603584887
1.43909347086506,0.932803390120482,0.96053182805083,1.93573257755829,1.22294315239458,0.437544477907912,1.2333414412924,0.964217802083531,0.290885836221187,0.171276832602854
1.82940746031319,0.567337932578827,3.77729390978063,3.33146830462752,1.78170952241299,3.16331496023115,1.44841135597636,-0.590845775139094,-0.1413906147321,1.02805012726635
0.384378167412725,3.55358231143114,2.98970344675499,1.15698507028684,-0.0608277200440392,1.19030129290328,3.19442639766045,1.67786953649951,0.289194037318128,0.854569465907569
1.00734477885662,0.390119400186886,-0.273727762158294,1.31126903880937,0.117438845129549,1.44665447030823,-0.90525451392854,-2.16696424769366,0.592878306766702,-1.23560081382845
4.1830657430786,5.15872558202301,2.54668945303693,2.59243679808803,2.58704963551985,1.91806277490556,3.32685710964963,1.85333965286239,1.55535847449409,2.94074673375514
0.640359783637928,1.98254363211418,2.95980104442544,2.09102253551099,2.90156518057032,0.344974232593137,2.16110599544555,2.74415661953574,3.48780059475928,0.677858276019229
1.3460408707195,3.61768012282998,-0.262857751275997,-1.30773594070665,2.7187713497897,1.93522253547435,1.2610796067401,-0.273351905145253,1.74262582695603,1.75462787975487
2.63520530269782,-0.0872922571850043,0.377481955299071,-0.135598817417382,0.853685855414838,1.22014082725411,1.99760366615619,1.18907194530886,1.23402742677896,-0.106647900754212
0.67906918840906,2.96975462822408,2.56390146669218,1.05283703163744,2.89156128070965,1.57355480481845,1.57073111499625,2.61746533348277,2.19249706200172,3.13856565257234
2.32333763866181,2.4760314363722,2.29100809296745,2.16403521240942,2.76875356713232,1.65653622245325,2.51010258414501,3.33593228726514,2.44554696154838,1.32681456553336
-0.135151402704607,0.684965984519824,2.09292995073691,0.614199894412154,1.06302355021336,0.296890972928168,1.11928525009856,1.17367966556898,1.8179813478715,0.0429182958886642
1.86964531552846,2.66325135360087,-0.293025024707762,1.65446512601761,0.63337874187259,1.26006392956039,1.62151853640837,1.88385025005083,2.78870481342143,4.19261511864937
2.15721449290502,1.60344364203785,3.10409818279498,1.56261300027904,2.90377535239153,1.62412204224208,-0.518227498152598,3.60317836356017,1.18776631632742,1.68915418919233
2.24225675034634,1.82118848794249,0.754882824626049,1.39033771873532,3.2967521382985,1.8263867764652,2.2098930895997,2.05399634894389,0.197240433811452,1.45228226576662
0.453142399729901,1.36803846943782,2.21570413441387,-1.29465038945659,1.35772177881519,-0.608165829718385,1.02674696961726,-0.386527988424567,0.0153561919885317,2.57229520187207
1.20550276092263,0.669758506137845,1.35224156857639,1.67059175084354,0.824451449462098,0.0347657530932683,1.68072650534896,1.98176684063672,2.26888820490889,-0.300621323477404
1.11091415275712,-0.234218546575793,0.446199444125374,-1.87182728971027,1.12204856052987,1.22856785594483,0.486285539682065,-1.2832376402277,-0.229191122758391,1.75124453403554
0.610065519035227,0.84982417929354,1.51929259776978,-0.043610451167632,-0.770840101006313,-1.43843275237549,-1.43473252228897,-0.972189148231493,0.816486712750927,1.56535544341264
1.4320820516476,1.46895863094748,1.37880831031116,1.48083641464577,2.28172803408587,2.45467205352395,0.615785000453605,-0.157305443905056,0.237135375801926,1.0605119591434
-0.350733328971919,-0.965866021496379,-0.938885706533024,1.37319759241519,0.0517013054364073,-0.784931458109289,-0.790328803714072,-2.31248366404539,-0.261327972609099,0.385593618319612
-0.693019795656439,0.797547597676977,0.68108760631948,0.0571965319160349,0.344550212138333,3.49043066872279,1.37018608416546,0.150514582055842,-0.56047193777077,1.91805762082207
-0.702162409022232,-0.0460629670693877,-0.327336768023591,-0.190697331956072,-1.1437317531194,1.55697790618101,-0.148667795164542,1.14400869260798,0.729526194424955,0.0992377535593238
1.12309925478878,1.03254525693215,2.52297848298629,1.62353727066749,0.256639417982964,0.866874905274978,0.0205744349765906,0.781135465898389,-0.912893950353941,2.24607492349201
3.15593811096036,1.83558889030207,1.67956539416871,0.678512805557782,1.1830105896343,0.60512626583774,1.50231373792759,0.37227678649184,1.7543285115251,0.818413119687371
1.35834448744193,1.0812313916412,1.5416044672644,2.6566943849194,0.776487730765896,2.00036734363858,1.85118486773224,0.694525228155676,1.34456863173736,1.93595746821667
2.79176529739917,0.135246468460695,0.0819816502182947,1.12217296543249,1.94936652671219,1.46996661090934,2.26774087172773,2.42504674912218,-0.364389298859054,0.912728417181414
1.88422551229719,0.561070773256248,0.285617390115729,0.684549652425891,1.27205843612957,-1.04033137487448,0.630084229289886,-1.68076371154082,-0.818019733134567,0.745449126333839
1.44433640169732,3.95486261389917,0.251225619285899,-0.644519863361454,0.975520326412522,2.18681312450474,0.726442167549919,0.694483793363348,0.312373697403881,1.65644451205475
2.17695754200904,2.0352283474409,2.77022673264743,0.521411998499315,3.38300206391876,2.08903281093879,3.49550751556223,1.90665024914911,4.27424555252194,1.58196232043819
0.796331331305884,-0.40730554610876,1.04687766887783,0.359387163202079,2.42357534627012,1.40411907378624,0.366908403797587,1.54598919793959,2.06804912100607,0.685640035310121
0.0600208577623351,0.889920045856719,1.31046489379576,2.13701964986703,2.16774465568599,0.761333307128911,-0.333643767113017,1.21428857788627,0.897846767575507,1.29712451735713
0.747257627824231,0.805746576370161,3.10742512974913,0.824108999290087,2.48066312634679,2.41182875089596,2.72566811531787,2.63115769483937,1.29420564935906,2.56409548484969
0.845906617784023,1.40566832563856,1.51185614789898,0.758902435996524,0.559304495304532,2.20622526571998,3.41836769622133,3.66562509083112,1.63133713794423,2.68366880852241
2.03049811382854,4.0515129470761,2.97315657050704,3.52392657127344,1.9689559834596,3.76212641811174,3.14317719867502,3.61764762729021,3.32882736209129,3.3897026394077
1.77469346852265,2.03179962681935,3.48921345992056,3.54439308913782,1.76213402891208,0.266812524348647,1.32338557869886,0.878964801357417,0.56838870889791,2.55833323082029
0.176863243789555,1.14726393758205,0.770343803510296,-0.130368758047917,2.31409749041867,0.88413768579576,-0.524017848010909,0.928055493234346,-0.572475604750359,1.70724670346829
0.719334596634935,1.81990876021182,2.55645016866837,1.99865209858716,1.85770318393031,2.05181880163614,3.06035053039329,3.50351452270186,1.09437081532455,0.545811266405047
1.01232870159651,-0.063415026646394,-0.150364004983337,1.10093651272291,1.49203174954028,0.913779025984537,1.00450176515045,1.16269256344446,-0.177497210712773,0.848311372583439
1.67698236872404,3.83176203775749,3.03562487288242,-0.0476177828446822,2.32419256148041,0.940160439256166,3.78308805578159,2.14279624666513,2.73496596047422,1.67227817782956
1.54659897881329,1.40985263216237,0.661320561135517,0.861864770726681,1.85249034282407,0.185504842560751,1.54325505331413,1.20681439406904,1.3527304310965,0.849810752089616
1.42494299606709,2.61247929886314,1.39436165703897,4.03422497197938,1.04961864823005,2.77112185838351,3.30639129245815,1.73116621487161,3.54347982687756,3.54662481897558
1.53386776785444,1.59497205506509,-1.02962433724503,1.46911193422787,1.14717321333636,0.09770543646539,0.559287885583544,1.90305828797709,1.08226906947787,-0.147349712830396
-0.590672110544305,0.213350451550027,1.44465299630547,0.370618035300464,1.92301150523613,1.37951622929238,0.69450018878549,0.465364855779156,1.32062585885325,0.515620246961397
1.02037403852138,0.766970958655203,1.49311198980276,-0.231943447594082,0.179825857719418,0.929000563587051,0.810928888203521,1.11758629394492,-1.20287898921203,2.29827713072707
-0.1618792517551,0.246182495844178,0.885984297117851,-1.30231633137547,-0.247645811544782,0.0261910584183632,-0.238297544510579,0.676273950466805,-1.10192569156701,1.14896681296791
0.997880378919946,2.14325352111588,3.06256743127241,2.81660473027133,3.11829409227978,1.57709485095388,3.2571314950894,1.90434138079088,0.186464118501584,1.52397367847668
1.96375402482061,0.83119627434825,2.38303755791619,0.301715508733558,0.510169776811427,1.74545731329397,3.75395365176521,3.09639970703664,1.51157225644045,0.305019047482288
3.35559597088836,2.88126533157883,3.27808878073267,1.66325469943474,3.21945272233665,4.22523408828663,2.7695861709789,3.0871066492668,3.32289057478214,4.03019002902565
-0.379642925086183,2.13480246939849,1.32508942630532,1.36526536801298,1.8743215655113,1.86139126600584,3.09285117631404,1.83930300402531,1.29883254669551,1.083566519985
1.36434607892903,-0.300578523019409,1.32515842753369,-1.07430901513681,0.909861771029012,0.0115665263427956,0.192897138512588,0.977929144941471,1.19127564807887,-1.53822654563386
1.4663545392519,1.02217789727034,1.79249853670372,1.93852880823866,1.86463538331195,0.0813432751681702,2.13521329873119,1.04225397896046,0.631708415379557,1.82396855151119
-0.31467588492902,1.14731779683625,-0.60862115506377,0.266982801412211,-0.151239459187798,-2.47655286735993,0.344680438666085,0.448824225797757,-0.861501228101298,-1.92938686403614
2.16723742004309,1.91806809759852,1.47474340399981,1.63077789877727,1.39048750522863,2.51296059086392,2.0631328367231,2.84605547174893,1.36290678676466,1.99572768743598
0.433890534217718,0.234574799666457,0.7538069781771,-0.905745182788773,-1.24055195788866,-0.695024788931563,0.533013900304264,-1.09609571972868,1.75425276693617,1.06993026351607
2.20462229588891,2.33177793863692,2.33476058324793,2.06464215881134,1.37270805375468,2.15614602331116,3.05167112245151,2.04766394235561,1.75608521328517,1.46529546866676
3.31819852929432,1.14576876028769,0.819462869883271,1.14785018199299,3.79776476022434,2.00272026453772,1.06686399011575,3.52818612211475,1.32558787617777,0.140224196775193
1.57440148063927,0.311392561561324,1.84542061154585,0.97314698384877,2.60461838075495,1.49926937971907,1.69575695786809,-0.113478114105966,-0.0788387131283903,2.16584610234943
0.612525304957458,-0.331370826717021,1.49505367516636,1.02669666120712,0.835372019567068,0.798584881079251,0.808039627955563,1.40172235796377,0.12925910520925,1.19424998535381
0.642437336041748,3.65152098277992,0.337843321305076,2.52444646162741,1.95819850476461,1.92416460944003,1.75915705094054,3.65059104598508,2.48022599050045,2.42618829324988
3.11491266770242,3.81752500603789,3.50672491022474,2.29455486853533,2.28760222612413,3.11561100855465,1.84664003815887,0.629110091334223,0.964074035170169,2.55021268831823
0.394492519821359,2.42069972629636,2.15689513783588,3.29713252290894,1.43429251981545,0.728610296288809,0.960788854738362,0.370912274956335,1.23047566397468,1.47307147027932
1.62505848559189,-0.612960021177287,3.6140115971248,1.31569232613748,2.53934646367936,0.494137637513663,2.68586190793894,1.96054135607184,1.04233721312162,3.62734809381001
1.11636640537029,0.480844221185133,1.13809338368172,2.9795978806326,0.671648856299399,2.34201939858743,2.03929429470147,1.71812699957638,0.378365717275357,2.15142222556923
1.22902629211772,1.13425682715381,1.08717034636156,0.203343648278858,-1.80525540463479,2.02068380838599,1.84889097908336,0.405488987665199,1.26100437185682,1.64089363233351
2.33382487541429,1.03362836260468,0.279224188220742,0.343287231159371,0.969653486786173,1.63274781208087,0.633965593182697,2.25497785440808,1.19025752867229,1.05715554822989
1.32332373123259,1.46944288073129,3.71186593624545,3.99161286376594,1.48002681781062,2.51560512913943,0.470585071008178,1.90828678440331,2.55475445615101,0.213300781617871
-1.01621639033762,1.70260979823433,-0.168177910157103,0.956871701897666,1.75154271391192,1.22621735577915,2.43056504548212,2.41820284026322,0.163089305277133,1.13494194978741
3.617149188162,1.96831213905461,2.79249953943999,2.53836851520504,0.362045677528804,3.38930631837683,2.70998475545285,2.28877051294874,3.32477799764098,0.968094702495494
2.78787374401486,2.0472619494359,3.07814340144937,3.09785668638839,2.70716864513142,4.42461369757657,2.4327353651068,1.89402747774533,3.45455977769923,3.23771895725203
1.49807402446261,2.22815861632277,2.13803736865119,3.34439792755188,1.69919325997795,0.768288072156105,2.35979430929327,0.831562692280831,1.53495794831381,1.81807939232723
4.35913484917502,4.91084992919676,3.21652981488355,4.9568465632308,1.96532453399672,3.22459014494579,4.2924520257576,1.82944591920825,5.1235549806725,3.70714679549206
0.658392654466401,1.12462354574692,1.20611644929209,0.591919145101977,0.207711474357563,2.51534603126535,3.00778697424163,0.586006916487971,-0.143468065547222,0.330331293037335
-0.320197646246028,1.17587932090774,1.39500942538226,1.23080052187787,0.364149455850832,0.110483032980081,0.402761990991403,0.954614549173911,0.336040638835238,1.13099531582059
1.44980323124237,1.51110855598183,1.63103292927273,0.809854914495552,-0.473380019854883,1.04355604218422,2.14838030149995,0.405118646071094,1.08693078823554,-0.375713190530103
2.39877869514202,2.3111259951004,3.38493991781451,4.3638277119651,2.82643377444971,2.25283817465807,1.398972400876,-0.352480166069747,3.04254923838074,3.8107945962865
1.38680527209739,-0.476822366684698,4.11446638111247,4.02065520800377,0.718427392737344,-0.107497196949619,-0.535497415100439,2.22415612085987,-0.217604452687921,1.3600670824839
0.273538094532327,-0.303179462347447,-0.279578631999121,0.146210019443544,1.18810363102477,1.09609044568791,1.14676636805817,0.084946193896199,3.32801572295055,-0.256074424206234
-0.446291314162335,1.6509512591553,1.36677785814631,0.712991733900086,0.00840046042422538,1.8252766999154,4.43794533476422,3.01225546900336,1.46342589311031,-0.00373514261186036
0.489600629085081,1.06271122077348,-0.672789358355483,1.7820695400263,-0.0555681325299551,1.23879974804237,1.87116401466507,-0.10763980321583,3.07978487392166,1.44931421325922
3.4017630567886,3.62652210198809,0.540440333268388,1.42690895016062,5.30155528999119,3.59486686254947,1.67304203405668,3.15013012068073,2.17929068932734,2.7665641415126
-0.653315553605343,2.59755148243358,-0.175593254333531,-0.120101815103472,1.50348994075984,-0.670215849601096,0.439146632991223,0.627950485478543,-0.309022949329306,0.156436193431541
1.8542272808709,0.94487190162546,0.704549818078667,0.930335626614574,0.765762287920058,1.98563231511227,1.12624422032937,1.38129926023218,2.39705810662525,0.15429988572334
-0.521785663262854,-0.271283533461274,-1.27210991016129,0.0603048142222826,0.602295238351465,0.624701296728823,-0.802050059939908,1.28364393343388,0.629454606359859,0.391817872298883
-0.748876901709361,1.38911331968401,0.140269837244043,-0.739763299974046,1.10693217598525,-0.44051175999101,-0.434734196431715,-1.9084604792378,2.32828480707899,-0.0883529569862926
2.84334778107139,1.80938764392078,1.37383633134825,1.16229452187168,0.835427027418893,-0.284506974645643,1.35350230524499,-0.14800332141995,1.17865081454657,1.42777552791614
0.629814456126614,1.35576008407749,2.91751739243802,0.502732170999376,2.16581790413692,3.09710568865663,1.0976777906244,0.406468497326599,1.20743656765514,2.14757618452416
2.02781396840063,1.4988308326669,4.0924085406373,1.17469727208142,1.75791372425819,-0.0495273252265882,0.91620241002108,2.67608063753355,1.81481786506688,3.01202674452315
3.264273347791,1.42813340300413,1.27222127418701,2.3310660407928,0.478103165454813,3.11781935644083,2.18194781839518,2.48945500142563,1.77612222541292,2.2338345886083
0.710591706993969,2.07033903596988,1.53656780570394,1.29948311051308,1.38365956387724,1.68490075101378,2.95599814069678,2.69202083277207,0.876678422732428,2.68149257587939
1.10400508849945,-0.883673859540093,-0.0977987015742647,0.804969779064151,0.395362534729867,1.60985494529932,2.70449669938879,0.768973402870836,1.27453228075281,1.25751470941103
2.65798027121094,0.331009738528552,1.84294316443661,0.599375784811649,-0.53261987163918,0.600203671960641,0.99298972133105,1.79030469381716,0.42667199301962,1.37155298926274
0.302729537367337,1.4472489892524,-1.05900547572823,0.699479031815664,-0.270110867779444,0.378662655200778,0.777007238816636,1.41032306589261,0.463262128736608,0.731407879074593
0.847390129565194,0.769695432394556,1.88595383597021,0.390660365809337,1.47219747555139,0.578542983188022,2.44546457134441,2.51464492568724,2.01512129661272,0.389034324782856
2.89899400564906,1.34383318077923,2.17659050209153,0.550014147580914,1.30428030293605,1.09416787478518,3.82571445623629,3.55996674064753,2.36473322307647,1.76178240382503
1.44774130347816,2.41065172764768,1.78616755560619,2.71076774473012,1.16429336299444,2.31894308519796,2.66075948431312,2.32495685752083,3.2470524171653,3.61585583351067
0.535050092937177,2.81419926234929,2.51620696452794,1.02368004943094,0.766055816877127,1.28293808739682,1.27258409366511,1.93447868639405,-0.867202346659829,-0.000793877529204456
1.94073899846171,2.3540082815206,0.107043783112177,1.10882209763642,1.58865923486741,3.19054704207115,2.5982813353047,1.10540494686219,1.93767124196746,3.19497723982608
2.97376502413747,0.618984503077243,1.52637120725608,2.77199161558182,2.55887845096463,3.20413749627798,1.26710410284816,3.24961393500884,1.33152559788336,1.30324031394068
0.817498719185785,2.04535486328453,2.55488009584209,2.76974211389395,4.29328714266941,0.749554762687612,1.23467595921482,4.07037894287419,1.88146281262303,2.7987433901633
0.98584115998533,2.00834056293646,1.10261487608582,2.13258200661663,2.33840791568204,1.22912727334316,1.23720239555579,1.45036539728402,0.856262673126167,1.24576001816779
2.62527004141374,1.70662317878718,2.99770585275235,1.37970274626155,0.541266375568841,2.27488355056447,-0.474577108103206,2.5808595284078,2.18691800802857,1.49988670273719
4.89089980075925,4.17756387148831,3.18182705360876,3.48064849418962,1.69863801178328,2.44822652387642,1.5574991938253,1.45974430108753,3.83895624299145,2.35436264269134
3.22195977826577,1.25924549872763,1.78426820972771,0.54644048752893,2.71431929686347,1.33779964139864,2.22221780640201,0.619198016908438,2.80248273214305,1.68609396065101
-0.559998605609584,-0.124892452734616,1.5839089657512,-0.273164871625987,0.19854078956264,-2.40558952702195,-0.282094132035974,0.205746657910053,1.56376536439959,0.885388989619394
1.01734183925909,0.757639531739723,-0.780666314892734,2.29798123612054,-0.0823158378097719,1.43081129356699,1.82243011972795,1.88774817810133,1.13064389782695,1.0523144088192
0.73043580937998,0.491901338530272,2.98312819509891,2.03024284550638,0.602767459668083,-0.471971541546702,1.25832032108744,0.997666210047728,2.00031354040939,-0.616785865593422
2.73410710803139,0.941051911725251,-0.896864385071134,0.418580101943767,-0.758062744181371,-0.380291296678727,0.853040586322615,1.01356286500922,1.53884309798982,2.518780510223
1.53498082987704,2.33979206569407,2.73249617366093,2.39360889039338,0.322413822195138,2.38283406615761,1.30095409364863,0.100112943789364,1.71271797037098,0.856765232981199
3.21510860774302,0.627661838396299,2.00800169282787,2.90213865397307,2.77485397682197,2.21083458942366,2.56513726331599,2.60051285645405,1.44580391745587,1.67418365279364
0.758891846635993,1.53110853966398,2.66187852294248,0.642259347732396,1.70376066446358,1.22926400404102,1.96914335211401,0.91379543643618,-0.141250737366565,3.20721502135521
-0.636652550441918,-0.414891353978257,1.75209156897641,0.94960254528284,2.20738500417149,1.25361018621136,1.83195424231334,-0.172653790053478,0.990637052320092,1.23818315115397
2.42722008476649,0.314413425872793,0.248354976595023,1.32912764439966,1.08521360355583,0.0563679756965886,0.943567763011308,2.23480268332701,-0.0716422794834024,2.49665086156523
1.79338865492596,2.77473021166825,0.0580744390606773,0.401385277610208,1.83553231088977,0.58765417567969,1.42468245956257,0.155333528731663,1.97990163035612,-1.15883522057002
2.92816093391278,4.12828929344022,1.55918208335969,1.80837488119884,2.68203059984668,2.50230628202517,2.46795070019269,3.81751492642922,3.76001944409558,1.23672067326958
1.39514708208809,2.74448195734425,1.91038340418092,2.6219518577627,5.4187132003469,2.37613864110331,1.02442346244613,0.600526373387489,1.79314691689516,2.92542904715979
1.70433911457275,-0.407972228890903,3.49142953238167,2.67077846908007,1.66910217142834,0.432164527989733,0.452846514702686,0.0439024489964006,-0.598250749495416,0.635989363179119
1.71618176742544,0.92110924541301,-0.0905596355043772,-0.606707364660139,2.07574991580212,-0.105885237551514,-0.0786887270293579,1.7295072841783,1.19798072792625,1.95927933963683
1.44622993513528,0.96235407393766,1.95457654845519,2.31625776959994,2.10758781558888,1.31066369384667,1.58432125202543,1.9967929520136,2.04455674578445,3.09506650284026
1.58396492297551,3.24330674729038,2.386824980967,2.27684767835452,1.01437182333642,2.4718752745291,1.68596902914816,1.52752410518186,2.56564752388457,1.15424057734021
1.31758876034358,1.13157301828014,-0.906048174720425,-1.17452410075217,0.396848649150404,-1.03975167855669,0.150301811881817,0.907001113733438,0.374069391416238,-0.138930616532321
0.733178716611763,-0.155909522611473,0.353441155485717,-0.274805964926604,0.266044186374382,-0.0514050760564575,-1.2555872011583,0.145104689125789,1.23283544949562,0.771986194578375
2.06182150199388,2.0642657457564,-0.0727324176743402,1.89582654549246,0.74159719766994,2.35668283894584,0.763894837911941,1.96915310184059,0.58295380749736,2.83577872269332
1.21632511162976,-0.761799083478714,0.290412410755695,-1.32117643593148,-1.10656042463666,0.974676910900188,-1.40143971939655,-0.133992237960505,-1.38327915369964,-0.0606523139343066
0.400927260451753,2.94390299368382,3.05244279858465,3.11270997588546,3.02430168476056,2.21140688880566,3.41533040213257,2.58491251108057,3.00220086235934,2.04240697781809
0.42755795836421,2.0592467133627,2.99500034730656,1.04307755997611,1.04997930606975,-0.362286385042746,-0.672016535805142,1.24920844193755,1.26611578239779,1.31719010946093
3.96217595193724,2.27433976937682,3.52170328523697,1.78728295432125,0.587363597968775,2.0420273146733,0.252330685801379,0.584353066417715,1.83610107901795,1.98567168187827
-0.0560798427495268,1.81996935327929,1.46736103752617,0.976500121091029,1.17883758099249,1.4722491665033,0.475063118994522,1.78620366274019,-1.74791838010034,0.19737860786384
0.690374707085617,1.5524465526914,1.68675455650181,2.63713690831936,2.88318058594382,1.50025156096017,2.05837628082584,2.33076935980812,1.63317013226708,1.92114508973674
1.34792091756295,0.279495668410302,0.403988691745472,2.56647465380108,3.55072113635846,-0.958614951704322,1.89575640977579,-0.491792804666649,1.68749975130023,2.97064757312735
1.50750504035893,1.35180863261712,1.6281917678872,0.673828571081228,1.8301432737072,-1.04221699043442,1.22054435268818,-0.712368067378448,1.99955022006936,0.464008354686789
0.913019507810731,0.927613091806343,3.41442226177499,1.6268021893133,1.60838488471627,2.65316148370629,1.53433421531625,-0.114970017202446,0.40385425153826,3.72778811883734
3.16023665168958,2.65694614617354,3.33312958502759,3.56568012304348,2.39719378556957,2.16881459963874,2.20289345302111,3.74045230099117,3.74346911406572,4.97793444971949
2.30747764401788,1.06390142426794,0.844555657700412,1.71059635776026,-0.243586271410378,-0.0760163958657434,1.82006441858217,0.618497159395637,2.47164144852371,-1.02218212165606
0.497584642196051,1.39162653630376,0.631125702014622,-0.907013613204229,1.13281350473681,0.24299791803757,2.11165993462051,1.29479458019551,1.76422570172244,0.790831048376693
3.38018118007964,1.93099662009362,4.00831098292428,2.05672958298381,3.24015043833081,3.05501655361405,2.97611659529716,1.32254991402081,3.02642838350809,2.25674301727968
0.772109465717292,0.157834341706794,-0.389140101758077,-0.880493513672631,1.55431680004088,-0.867934372660632,-0.453121959517579,-0.0970492065801854,0.0700991551072812,-0.271916039225042
1.68985609050007,2.44431374201391,-0.397938836715763,1.11347579809738,0.587717453106771,1.93981843437955,2.55373510600766,3.0085159310285,1.83836627470418,3.43761767872114
-1.00610113178856,-2.06760042288586,1.35382441013518,1.98004097495564,-0.155576117477554,-0.73182505838816,0.356149591176735,2.04410771902381,0.933295160418383,0.787041959559749
3.41676707811203,6.7435080664554,3.22558108021664,2.95290202813162,2.52436502320464,3.83034231005466,4.1308185711077,3.91147413898214,2.53203519638578,3.0271800438641
4.74815087071871,2.767708366102,2.79134871956281,3.73134189276435,2.59888020982549,2.03302262355357,3.9227015552183,3.50360226481397,3.76153815475044,3.84434053746611
3.01813800565207,1.3439920426609,1.35739442912885,2.13979317101604,1.43798579945456,1.80141123608949,1.12045544598397,1.90458654996,2.70929210408396,1.56004940487839
2.13356095277041,-0.549919002682195,1.17414093837909,1.27856389421178,-0.337368064691225,0.288949867363222,1.95436253385219,0.146025338208706,0.034729197016738,0.259081675889862
0.430670004330019,0.466358736177296,-0.340732275940397,-1.32558700557847,0.412276656070092,-0.538431824971618,1.3496489767411,-0.590453130224599,-1.69741684714398,0.287753480662928
0.213313080660995,-0.282266870873955,-0.00249778818368337,0.282537757074717,1.55152936891705,1.14308540251169,-0.782814233736317,-2.7583676843447,0.096295174912144,-0.157243541795763
2.30302241683901,2.95445370510894,2.60038864727514,2.90112793912984,3.01095001498064,1.91908751146342,1.78274112136532,3.5143145461702,1.7698512877132,0.70311067319728
1.42556662220066,2.27514110191213,1.79146176082694,-0.315536811801697,2.97682157954073,1.21208192411195,0.547451392701114,0.593341742953524,1.72475084764662,1.21821300146808
1.14359626150337,1.00618691675369,1.64346389150101,0.638109670256847,1.09565014765377,1.88476845188381,1.88547158042167,1.2930018758445,1.33790515281185,0.895409684301617
3.23120853352588,4.70498739697649,3.80426188799593,3.9995714394172,5.75840949240061,4.26003396240697,1.53994288138307,2.80310767951016,3.80653256308019,3.18214314067349
-1.16329199596691,-0.133210778047686,-0.390326190353762,0.173857442184225,1.45170388283316,0.634974084126124,0.110532749567824,1.8738742994321,-1.00080204655675,0.101144209923484
3.48934959139013,2.57116014865198,1.10066176286709,2.30601657063987,2.46068865769713,0.726538751057254,3.57761817619315,1.9056994183932,3.52187051012135,2.07442068285473
2.22391826162984,4.05506441827518,3.07682697660013,1.66663202994224,2.27165205291775,2.10045666728065,1.77277570431415,1.77229732718264,1.4582945508946,3.73919193654391
1.5651569975257,2.91643774243977,3.31989319289931,3.04701683779235,2.2990600344608,1.48646725191147,1.85251766501349,4.23359613923688,2.97428800963409,3.53829112708957
2.27922624509696,0.170543658368446,0.463406331111334,2.30814106885704,0.667297056854326,0.133496178698865,1.70722113134364,-1.33716840277254,1.18623986715292,3.33987444109716
2.60271534278956,1.80619689448966,1.04626457404484,1.70030806814212,1.44734373545209,0.897389633931435,0.412864727239709,1.12575952831154,1.48038810504206,-0.160358104123344
2.04878791978394,0.953401560997019,1.87261166032131,2.7402978702139,3.19109038652957,2.3042777722136,0.450972273200426,3.40679022169231,2.02970114010526,1.79783604903632
1.30469253424959,2.42334921622475,1.90818273392708,1.62755303051791,1.22847660855611,0.521166992401419,2.31916149743406,2.88104001597965,1.5601728256282,2.08351630459467
0.0873932195291868,2.0131571960118,-1.38702754367812,0.368779548705034,0.923592991609945,-0.624766484111121,1.88794506728055,0.594848187244859,0.229905677942398,1.73161807470831
2.22014651218431,3.07810610989166,4.4245582459775,2.61309758523368,2.2684018338241,1.97057110265071,2.35503354999275,3.78406953772069,4.44472113010898,3.72852838276759
3.68699919949997,4.18619580801552,2.81953700665782,3.52640680356445,2.63420079344745,3.55499859196707,1.84395561190945,3.68836065933554,4.42693277064044,3.16910568396552
0.784380418713307,1.07546907922553,1.3539615985705,1.70005625400474,2.02168916389371,3.31177535759513,3.52504571007181,2.30985050083298,2.06906212964472,2.63893447034586
2.44417521936437,3.21909813312474,2.99387303497812,2.58202085836756,3.42390452295881,1.17316310373688,2.39173173222421,2.969113158798,3.5400402678262,2.28288143239232
0.220312124949496,0.597622177311199,1.53600823575967,0.174299372320941,-1.36396221958457,0.499879735606386,1.10354167587719,1.34109645013989,0.0385629903885773,-0.337619465050192
0.402551685335581,-0.68827903686324,-1.35052940216773,-0.865204552799446,0.104898524071411,0.493840027249672,-0.860679872281219,0.524051422630797,-0.0120805909621076,2.16198954374625
2.4793973823808,3.22336226838884,0.215550917929088,2.9059323949188,2.12277959382756,1.28217310247451,2.69474174323564,2.11526137310898,1.76087487829635,4.54760494756718
1.90786954904001,2.52693510107481,1.45899714436421,0.991411899419854,2.67549101086773,0.176867932206291,1.10488381474532,3.10717108252062,0.745822488865183,2.1008746198773
2.93328937761344,0.0234228769849543,2.35513992084294,1.18693570313222,-0.75463501265425,1.20750324078935,-0.33092223755779,-0.62802148153365,1.33499197971756,0.557351797846785
2.35794860509309,2.2631667532882,2.75310379814059,2.01928688345065,1.80308266226816,3.39921596146676,1.068736278346,2.62402649194823,0.795518866141539,1.12808790617102
2.20118963961114,1.27278215981837,0.0718658378376138,-0.676377953213096,0.852771017146303,3.32380807825931,0.541840100625671,1.04713532519655,0.429335094048061,1.06491950665386
2.31537563557847,2.5378114979562,2.17298333336774,0.18301631769771,1.87840292357173,1.32573998807091,2.41849812420577,1.68671436502126,1.60760097795542,1.27836063630557
2.19095832211651,3.50743335653727,1.02633471379084,0.476745394052331,3.22126679245279,3.01403600817897,2.0623529050735,2.72059325150698,2.41301167815866,2.94470335617547
1.19453031475776,-0.519813092191775,2.45807076731294,0.340568439629643,1.25102925032952,2.53160814517353,0.890343967371765,1.38421257054138,2.65975854362007,0.707654934969044
1.87931108572812,0.900627940114888,-0.0982230714587222,1.26736585112999,0.987511466486027,-0.0423128244400748,0.948209823581501,2.54896174950422,1.25032622026664,0.259737152602269
0.503670161207596,-0.270698300292443,1.67217898601484,1.18044351641306,0.540166433176862,0.417333141577877,1.26992239007238,3.18794751664643,1.05999141144362,3.35554153147216
-0.0141890187349621,1.54641726563533,0.755037421888907,-0.333844906690746,1.17005269033168,0.575373099841653,-0.801401987613475,-0.560514923741082,0.0278753993596712,0.0927575850780744
0.166376580300558,0.346525587050068,1.05831765927003,1.10262144859429,0.345801449116583,1.70924653184605,1.47716403138566,-0.0770733291550552,1.74582292829446,0.563550384175982
1.88847079433698,3.14352544982224,3.25163572704055,2.23663875164209,3.56725894793329,1.57951161374433,0.592683756524316,2.58349540000422,0.929119786000235,3.07314893059908
0.731380344680065,-0.189380487378736,1.43303096409838,2.41618636665023,2.52775041338553,0.74139357270851,1.35727691475023,-0.224144484338994,0.598765849089348,1.08839080204497
0.263833653174483,-0.188168211990419,-0.957245968738255,0.25749166492967,-0.0378930749221657,0.254483423466165,0.103679301166576,-0.754315093371615,-0.316373716432052,0.366918457654663
0.455526950434713,0.754923033595879,1.8792022716535,2.05118443143367,0.56570746123666,0.0776565829800515,1.25124434556529,1.64651774475313,-0.150965681821313,2.07570287266815
2.45356421885218,1.96453136948917,1.76916851740593,2.19584835050185,2.46811311931493,2.05164189085852,0.766168344464112,2.35706805273235,2.7383288179244,1.94912785933556
0.142346126826931,2.63486566326817,2.36013976974477,3.51489584428587,0.383416240656832,0.417689443381098,0.440126471053934,1.62622548600431,2.51146770957833,1.827482829883
0.716729613245298,0.983590393447559,-0.226266908252501,1.25008602943753,2.73043316254279,0.352330828293452,-0.883449543720578,1.71348737361415,3.54253822083719,-0.0813406441230577
1.9553936286106,0.969922531220481,2.68504721552592,-0.358866296294256,1.78129017965035,2.1978928737892,1.2006548718186,0.930930110927864,1.39326970741196,0.240791373483353
1.96307670281704,3.24034371892932,1.63489824391399,1.46422440108083,1.44032495920262,0.706814375865461,2.06199129392275,0.784816466590249,3.36723073695018,1.48168809999128
-0.661554295583934,-0.780661230859651,1.52079270632684,0.542497621642058,-1.0975589710237,-0.475167149664093,-0.804489051108878,-0.579900355595831,-0.239746428931824,1.87238216336284
2.71536213590879,0.972462275864858,1.66170354232456,0.645020229817536,2.42599643553158,0.942733077159405,3.59825271206742,2.7395000390257,1.4018020952053,2.15505103765233
2.28065754473168,-0.0537502306596009,0.721492039029905,1.25495467094331,1.46244879238925,0.48405754217145,-1.55989964949192,0.650594686107373,-0.208440288879126,0.322637828866772
1.27199448049035,0.0172303963369509,0.936763926610068,2.18995711024689,1.48292057127746,0.315420391001085,0.202702739691605,1.80687968723361,0.217212512607266,1.39253774101707
0.20930407435261,2.71835135908561,3.02220735741178,2.63199850064987,2.20101958295578,3.01096019283108,2.48128548715465,1.95762967744898,3.0380733923756,1.06127854649423
1.24990757617744,1.43912395466598,3.30010211329404,2.53618207203034,3.28134258264224,1.56714539014911,2.86577520538052,2.26071321625656,1.2408001187757,1.71341501751031
2.09158449477742,1.86402438746803,2.42444392927722,0.184500286048392,2.86183013655226,2.5692945214764,3.5534527227012,2.84518045598433,3.88445335095868,1.55473974196901
1.9340610209173,1.54168460101051,0.581041095989235,0.671404174942988,1.58154465128876,1.19472423913126,0.632377747093045,0.847362504947677,0.860640656094672,0.937705575863682
-0.293418951270344,0.424231099016876,0.143404891708064,-0.149945655360651,-1.25747977140599,-0.516759708837142,0.475744773062693,0.162889865122836,-0.837786528309578,-0.784239872622631
0.313202678207476,1.12352967821931,-0.273554950556982,2.38322187528186,-0.500594807402954,-0.301414902234763,0.783094635740974,0.438568162301119,3.33781024025501,1.02742285849535
-0.469211312312428,0.410175998800177,-0.124380827624612,1.03474551210954,-0.191703382379941,0.733974604448931,2.12747487019175,2.49688349215674,1.66202692443808,0.99950899186914
2.02400788472549,-0.558610851495798,0.573331589641469,1.86661853760658,2.38630495868912,0.491555887613031,1.9696961707944,1.42096179019114,1.28459499371764,0.0359785267928741
1.13268465761867,2.87369307240332,2.28539116950556,0.689552858015211,1.80359383339632,2.0296433894632,2.02509743832368,1.06671751693879,2.56869126170645,1.41288189864584
0.365976422476104,1.29512776246749,0.138780374190715,1.99182514623381,-1.17604552131842,1.36602403090509,0.0478420281393001,1.43323325850408,-0.152722888692769,0.419867753443698
0.136398327808651,1.91244061122692,1.16814449990036,1.9159402165687,1.28105265949625,0.878107593328606,4.67468633380484,2.25488575814208,1.50957027126323,0.949411660195576
2.07178756981757,2.00194588068444,2.22588970746001,1.51651658826424,1.1631098397912,1.29599492209279,1.91217665170201,2.03246647500341,1.90061851815621,2.83166718227401
2.05947805700374,0.599784464581372,2.75490710664357,2.3866571670481,1.87854339721972,2.56675963931809,1.78817289946196,0.519245465508287,1.51145608386753,2.67851990181247
2.51069593204086,2.71224139375364,2.27586245083606,3.26037081224168,1.77636440961187,0.791651291421135,3.3533616080384,1.03430328239942,1.31088964816957,3.70899995428445
1.60288579088073,2.1573138835489,3.08230075806313,1.61195730587293,0.432553943277691,1.06275693179738,0.671295057975228,0.733674495037839,-0.297475445176009,1.01034373397765
1.82729779312731,1.82093706173181,1.86306550661072,1.46829184994523,2.28767932823057,2.39120005875221,1.82680149531657,3.12609731143296,2.43044753175889,0.924883586208249
3.18053745794561,2.74689284554824,1.17202323911443,2.23896059485321,2.41747412455214,1.50881281568989,4.3935934702511,3.72063828581406,1.80161202249757,2.64301393938369
2.77673250885265,2.63984801800568,1.39721599330732,1.74875691739355,2.85981153624638,3.18613285850487,-0.2673981954967,2.40645304054544,1.85014973315657,1.53950436245534
-0.384507403418524,2.78085451355567,1.52346410323865,-0.879500337234998,0.957956596474656,-0.983358071251315,0.231668993411372,2.29554556458023,1.61015756382785,0.491541689952595
-0.211063473299015,-1.03257072056506,0.535779217261335,0.126910864095805,-0.734401175685338,0.0314211638315459,2.0084450598507,-0.822842491252844,0.151234511466396,-2.62510075174781
1.43152201769152,-0.822495611969329,-0.0187407104073558,1.78221683716468,1.15377537004661,0.683791117745912,2.46357109129794,0.665370650574205,0.74682636173158,0.361578564853174
0.887934493339525,2.60975486524469,2.04608320493333,1.26396078359126,3.78277996888559,0.804563839275331,2.94026089357335,1.60842575548449,1.64170659095311,1.82613836269629
1.13850477070509,0.00134751872169603,1.11663040949688,0.203003888200912,2.31871274235693,3.1418766346502,-0.405177327132574,0.690483102041582,0.0220494531962734,1.68664311928076
2.48228729802246,1.80095410891359,2.22566700204912,2.26060720079968,1.60544153673204,2.76940127589672,1.73889513594898,1.11815258825458,3.57491477408428,3.09660885012479
2.53791923694478,5.61347257545934,3.5876996453139,2.43748254024629,3.38993938195227,1.05234236640754,3.02445127955857,3.27278720731899,2.85173066797661,3.09521476953523
3.2348005994542,1.95264597785764,2.33624095398013,0.606268717339318,0.816327698652022,3.48734802229107,2.60377511423464,1.81613976845162,2.03422038540368,2.79988598711409
2.8715079148737,0.887207036570159,3.52342523006802,2.89570152808639,2.90087063568839,4.28546230147034,2.80206920040977,4.45168160866907,2.64323443185319,4.429685556357
0.31088570195245,1.5528060024389,1.01668048180118,1.88634526653635,1.7458083336127,1.88232046353117,0.142130027353906,1.10167317908745,1.83762628005278,2.98571626827339
-1.17039816452594,-0.764510573549114,1.45067825475481,-0.865427416672746,-0.590847289016331,0.526985717965754,-0.101227763768771,-0.16462202207153,-2.13551807948412,-0.513034567561123
3.29508949647852,2.49100440176385,1.08284542449158,1.90741732152182,1.60305008209123,0.975858665568576,1.05249331131767,2.23774969392507,1.60596424311675,2.05812215624863
2.50609129140964,2.32814387153771,3.8964376469029,0.927288315500294,2.31676180334533,2.62417708253661,0.85750078361009,1.77952572530418,2.45041594673049,2.44519933197365
0.483126385637358,0.0632208172401529,1.25828076158289,1.64288105879248,2.14161513460679,1.35614198846367,3.85998904632673,1.85590215541949,0.539447554397922,0.564538818586064
1.78113777374453,-0.408302968976117,-0.534378805965758,1.41856228508006,0.614125648558453,0.78203468985012,2.01810611190476,0.112473501309421,1.11950497298701,2.02994231933739
0.686034132177285,0.505001201431055,0.840914632670609,-0.159052443377352,1.19136430202604,-1.05476630289105,-0.735855992667874,-0.0922767255823959,0.57190849687727,-0.359962164862038
2.31241011813621,1.28661399341741,1.56483837286532,2.75116432028218,1.65402367575294,2.63982728142499,3.33933980046766,2.33431886615588,3.54366829882572,0.882203281988579
0.203148553862333,-0.750694493111258,0.821102563059104,2.70910548578111,0.603787036096738,0.139615200342777,-0.585304466294061,0.649826951913335,-0.945427925805558,0.877599737814765
-0.125413808579144,0.921234675763571,0.638282986474678,2.29047855373089,-0.33176936763415,0.961903590996925,1.40738496451269,1.27094327863917,0.226731049824005,1.77496192510403
-1.16076492473217,0.76201432532424,0.766097746964045,-0.75497124622621,0.14829880170569,-0.203369041223073,0.493424409891929,0.672025178512381,-0.192156532769954,0.556630255602271
1.48928088044808,3.37884969962738,1.67938736609605,1.85674207777032,0.916096218379634,1.39221205788456,2.35127687696986,0.999587068160191,2.78834344248884,-0.0551128906687417
0.461566104463796,3.72222828171888,2.25546899799664,1.85802936941275,1.08843461615463,0.417308784242807,3.01481878166633,1.87059341470099,1.81847122015015,2.13925514232568
1.21631436343576,0.567380263126654,-0.298268266185576,-0.308259024570017,1.46844255775144,1.16458931913267,1.5417134046865,0.80480265689853,1.47752247293133,1.09693941369676
-0.0379026406310056,1.18213346816762,0.0697167679712437,0.446436691640201,-0.613873816650003,-1.7417144619309,0.0403297455754652,-0.576844566156825,-1.07045484444972,-0.343676893395941
1.69653672979807,2.24580575350168,0.909349409659857,1.49040454192922,1.68569404868364,2.05891570220883,0.973037823570496,2.22634388923977,1.3576478867345,2.30919291885342
2.26795083690846,0.76271529634028,1.75656636942018,-1.34976925010416,-0.56987532733529,1.22992696040785,0.810860826726949,-0.602698404442522,0.680451733024913,0.809782027371351
1.50912696930709,1.39802803699052,-0.243888067396614,0.94383370280976,-0.827915933885598,0.564028003353806,0.0707291514880793,0.960604566410981,0.72540447025703,0.893394302791229
3.59208331459322,3.85694627801695,2.92604885511809,0.0623558893289,3.76049574392775,1.98442291977032,0.452398835399031,0.0821009219481172,2.74215839453344,2.14807537041873
2.00014894716967,1.81845314522772,1.52301873592214,0.463210453590214,1.61842017793269,2.23821783494662,2.81052933778776,3.36529614247043,2.42821341990602,1.82300426319364
1.86408439838232,1.52495249116037,-0.404770212478326,1.64617982403647,3.69680896241007,0.711908391596235,2.19624585921804,1.21156480463352,1.60073531177414,2.24861281383874
2.36304372059162,0.868836183433934,0.859001379811712,0.763278592377273,1.07304815952506,0.743202992182165,2.80468622945232,0.092617187961997,1.87192780871619,-0.422927186020856
0.918925616115889,0.0532821361680741,0.088593964523628,2.07413868286776,0.61781546250608,0.856242735446025,3.32965695342856,1.72347861643289,-0.632183486236737,0.793663845804263
-1.62389129385895,1.48510164472325,-0.201620638938738,-0.619286126689739,-0.919305991010346,-0.581864954483396,0.265532072786864,0.257321859477539,-0.563857136612089,-0.331599282822748
3.05988921545983,1.06378991239988,1.87334004349528,0.642355125498324,-0.261127094585513,1.68100091615764,0.499280552522309,2.61586433907419,0.213821278111941,0.134032217878885
1.65654554265442,2.60617830922404,2.40265486303015,1.78876121071628,2.78801473845344,1.95861174572146,1.64829111128031,2.32603025791778,2.20722332542681,0.915894501240026
2.35723609551372,0.762994189897127,0.897995268810694,2.00759632653261,1.64240093310419,2.94622161192391,1.23583000613793,1.90893226325689,1.98786772369167,2.31948444491128
1.94045368682688,0.698237148638266,1.91605459437692,1.14214472147087,-1.49525904260495,0.524320446083107,1.20091931153033,1.22797738974019,1.03370004860908,1.22168632603871
0.814928825061585,-0.179926762802516,-0.92185937305262,0.721686244419269,0.325828950743376,1.62679565950996,1.00376616260239,1.33803376574957,0.938491981967762,0.50341603127548
4.41387596267922,1.87821401422963,4.27103315526387,2.49595779696489,2.85011352545348,3.42301233103108,1.983466228672,3.75610642471353,2.43074933797574,3.50709687251102
1.56570330788613,0.551715860932676,1.24567285146161,1.62339614814246,1.32725256299176,1.28310152576679,1.05929006328021,1.50456529597859,2.83694233739224,2.00474675253254
1.33514373135768,-0.655909019774698,2.45545625151128,1.54641570831765,1.94088765865699,0.123499626592087,0.26102564494741,2.11998248824765,2.952877370345,-0.938072241137503
-0.189239614487912,0.711770726927978,-0.178486657840519,2.23623895569105,-1.60853634165363,0.610959386754888,1.04845184425694,1.69171123257851,-0.70640751763085,-1.05415627048882
2.85153529297939,3.31813403645838,2.70091194074128,3.16379139097797,3.67776512326715,2.08503516871775,3.89362624547884,3.54977848401088,2.43271951483128,2.89083057961459
3.79272338055478,3.58219965577881,2.45911634504079,2.50217330977902,3.08789623277316,3.86550064112258,3.03704629997369,-0.0795370538017748,2.19578643148192,1.76479390845826
-2.09267185720846,0.289652576437411,1.25941006884758,0.247797791787181,-1.01844964052573,0.651892650977338,-0.318287062288064,1.280441288814,-0.809673244454552,0.0467276601102856
1.27039300481967,1.16802547174716,-0.519430070659147,-0.864866658449233,-1.50533329096646,0.978268476192076,0.179163696955746,1.37739961854378,2.65102633563771,0.540115313842832
-0.487229268136177,0.0629992463323173,0.0579402288781028,-0.964126132969789,-0.577154399115092,-0.352411806153716,0.292455575883577,0.923570267681537,-0.295226593791306,0.164467618709668
1.5001394551768,3.34765283238557,-1.37473840231899,1.76114407788843,-0.568930946425632,0.882773916870465,0.343909538103849,0.391746675765882,1.06178030745566,2.04321010388741
-0.0223981929930277,0.936027062879557,-0.0160935135412102,1.04197061973384,0.604201900234591,1.11523219313206,1.71665487476154,-0.870686029079257,-1.13450225291975,0.654131521134323
0.873134302343705,0.551445989407941,0.935197059717018,0.506434845664603,2.02575744785984,0.333070988165587,0.631152400601077,0.672971581282209,3.63625432898085,2.40602995798458
1.87601945432508,1.90127856769404,-0.276553173588679,3.44246616839664,2.14019012335007,0.390815007244179,1.44659385554191,0.642312508114573,1.77907145893543,1.9694486024804
3.42028641031016,3.0208838339777,3.61837962550983,2.59969052158706,3.73460485943419,3.185837858068,3.11517810707331,3.21182983497584,2.69157465766452,3.16825176008431
0.159553178886497,1.82323481515032,-1.47901226378161,3.15239936908928,1.17734152995284,0.332009836275379,2.071316000865,1.18510142747743,0.235406183093285,1.47505461418318
0.0807506935374581,-1.02426559101495,0.13770515194131,2.17225709492804,0.223328226294554,0.585985903597937,1.11252001080479,1.13894919180666,-0.8318937922331,-0.478655959225639
-0.208030967037757,2.5182586023019,1.62496548985124,0.864540227831103,1.69641082388506,0.945916792967574,0.110717379443234,3.13144130451568,2.63102433949873,1.46126580623717
1.30763128829818,-0.602264090282901,1.54723391285821,1.0573241871711,1.09714322395173,2.13256967469779,1.99003942216921,1.08436455067218,2.20313625526568,0.270014022555771
-0.0355595623841114,-0.107608367677398,0.314662725361902,-0.974390782358838,0.512323545251353,0.802648917816765,2.42798086771508,1.10723845473713,0.0295749802400783,0.0757061271372018
2.81562861959931,3.21389932410703,2.2451993218343,2.19671304575759,2.41865461143455,2.54267275862511,1.5190044951485,0.194379554402573,2.24317395443357,1.27904466152305
-0.827355877448496,1.89770782305016,2.50597206082985,1.85794069599226,2.7976449413153,2.8342825248531,2.49421857415781,2.99015096014265,1.58773525718827,1.74812298162352
2.17479917045957,2.66540834997549,2.00215033057522,2.22760252337884,1.86578281660669,2.5857115341449,2.22134955856777,2.94417248345332,4.30333041200314,2.45272834955935
1.87651042087515,1.22615445977138,0.76856309284519,-0.193186451046878,1.3787588481996,0.614823850418545,-0.954017005062888,-0.785044989922627,1.97002796993904,0.328458167705891
-0.936537296612367,-0.178558013601128,0.0466758325968129,0.860443893666767,-1.88968424680611,0.550504985052127,0.381470257826505,-0.28419414546914,-0.597412910378716,0.103933312228207
2.9981268347033,1.72354074961552,4.69540950844027,3.45320347989906,2.21953380875523,2.32650426348911,0.635148879511534,2.84296720072453,3.9664339649169,1.60492093056029
-0.268122102396878,1.25773339777208,0.428765442174769,1.50100001403115,-0.784659430117381,0.105266260737207,0.102607294509795,0.0828305822098168,1.14973684151326,-0.235833156904751
1.79174765004362,3.86096795826592,2.08277095142185,2.57082481182739,0.797008459270665,3.37025068525284,2.80202729892408,3.25820078702338,3.53804068219342,2.18564807150967
3.47583454858337,1.97941479450066,3.35164638630581,1.99202668516028,2.49453549461738,2.68360551008416,1.13704646887644,1.83369165307407,0.864380148796074,0.870243659287826
0.55431173070196,1.44465890483374,1.83685220981201,1.78847592075691,2.10088010296008,1.24601205099895,1.56328753417955,1.54172875552671,4.15146227397962,1.66037917677342
-0.396453703020019,-1.38971414184208,1.01821415622013,-0.625514700947664,0.54046586052002,-0.556297530330144,-0.310806841371126,0.78328471057168,-0.170849780105086,0.417629622685714
2.92993148288458,2.21389070668106,2.87338827644295,3.49039767656555,3.04921544949478,4.29468203816447,2.93029622479916,3.42012726068855,2.63885281534805,3.63162541462111
0.0346929996031498,-0.359046658242743,0.166069563297382,2.25868072553205,2.14596417656907,2.97867810786051,1.34667021728173,1.96578391742206,2.09367101557542,0.273419334567051
-0.709065655811984,0.525729186673273,-0.359888619501476,1.50374995869463,2.75376174857299,-0.147546506778333,0.231251872882993,-0.996632310349727,0.987629179582761,-1.01102910009272
1.43726796772794,1.92723261761837,1.52601686007289,0.804055449794972,-0.0363327192086429,2.01810911723866,-0.451908011946688,0.101048875804001,-0.326537107520468,1.22161955934391
0.53584832185676,2.94278318682715,1.61369414354336,1.55781993434189,2.62314859920969,2.69081517543405,1.77560464576059,1.40965710359543,1.28347317444719,2.81040550598363
1.62862227872424,1.79081595719165,1.59063735975205,2.26652879232281,3.64218717408209,2.78169028431474,0.845864958462236,-0.0312470154418074,2.02754083444582,1.12343915180896
0.623097135012677,0.746021407233728,1.09012953775124,2.00967512580266,-0.112435768719642,-0.317456369540669,1.07718612766556,2.5259935901029,2.27782595047088,0.136495499101898
2.90393751847449,0.573352344071823,3.26406450811018,3.06645560825379,1.84408915448025,3.20541522906107,3.43574439552196,2.36853050595608,3.11034387717283,2.4243068220215
0.580624735075053,-0.749299696482578,1.99373028739296,1.56404224199396,0.89840308711327,1.42764834114124,0.652559243062701,2.91698824891679,1.93908588158638,-1.2917082008181
1.89588690818515,-1.00918854977642,1.17348814820451,1.58315706586803,0.918798162122532,1.02824185061883,0.0831654066840265,1.31687295154802,1.26819504414538,-2.51299556992318
-0.304063344071696,-0.700692190779779,-1.05742384266593,1.36270006181577,0.55964236657669,0.660997428014464,-0.586297617984565,-0.585907035637617,0.859840965941485,-1.11725397759066
1.29048226594462,1.98693113556798,0.212266883064675,-0.377215339242105,1.28150959899789,-0.977741223250061,-0.234129179233392,0.579288216445604,2.29828151595041,1.16843951166691
-0.594244566069192,2.44869976528279,0.0588511705262701,3.82517707923224,1.52407491055979,0.847172403627205,1.73393074858649,-0.91934340823275,4.03119008093249,0.786508217961722
-1.47066120149635,-0.521497236001407,-0.105979889763452,-0.337274204455461,2.03902754071355,-0.180660440302035,0.964888316875657,1.05443930644331,0.693137828572692,2.05150183698395
1.26630895970537,1.47513229296854,3.05340184831832,2.12800190802671,1.20787887522001,2.47235068441986,1.77110184989429,1.24532561618749,3.05228184551743,0.489577404515143
4.54528622729667,2.67109650480314,2.17544967987088,1.54912232302679,3.22049175069849,2.7179489911841,2.59609033730423,0.982614110152268,4.05250074666862,5.17404688979871
4.58206516472839,3.67956643834301,3.08658525571302,1.56182923317647,4.12079665022777,3.16155421291223,1.77278898581155,3.42728670706684,1.52485327917573,2.74729739807007
0.899989108306367,2.05748137204643,1.40928409804566,0.0891343750881478,1.74079100157857,0.558486049892909,1.67961407571945,1.35785960677463,0.227338384964325,-0.0999049531683252
1.30247492113914,3.96599465660892,3.56728468763089,0.917547782455624,2.2303886246454,2.08244352906229,0.359668294128434,3.99110822512969,2.41260531670188,2.66059902090518
2.91510619054983,2.17251851957955,1.47858519662672,3.54232613715265,2.30097394498837,1.90305736400035,1.21695606042629,2.97618880772612,0.755541534061362,2.80580975086011
3.29765793390196,2.01542888561827,1.30091778873156,2.46350631132989,2.64131939777488,1.94137249795623,0.423641640189261,3.1882721215287,3.65228351293346,1.04791977483699
1.7345643828998,1.27618624282605,2.91174448143578,1.71009148863941,1.04537676158634,4.26091938114119,4.04267456372858,2.56038130443846,3.24071937518981,1.60421704450296
1.97786864059677,1.73845646062441,0.773952132971966,0.832375073553575,0.922455637824777,2.52730942891675,0.807974925721799,-1.23886166433684,-1.55841403414635,-0.480192320212895
0.730313275415557,2.5167664944101,1.05150705318297,2.45853849240935,1.33007695531856,0.958735139851217,2.12513761190935,1.65875842248034,1.07052830199368,1.17765481963285
0.392828859002769,0.900442875382382,-0.38927479566932,0.90593106563519,0.0807366175324614,1.94216616799485,-0.567569539295511,-0.0977255750471139,-1.60022019376792,-0.315075043263016
2.21861786169434,5.37491589628169,2.40819561105249,3.59355371771037,4.29326087304096,3.7610559793436,2.87606612737317,2.27008889181466,2.77068074048646,3.44519380190415
-1.71411239100635,1.96403427263982,2.24039359056043,1.61801449196578,0.201615000528649,0.121270060637827,0.371589617324428,1.25309135485255,-0.0726371744119703,1.12281036623497
1.57876301184504,1.31116418873111,0.861379877109058,0.510532806666459,1.97647228860529,1.39455926383106,1.9428125433577,1.99604279553716,0.45416948106262,0.296926174906461
0.115467521492992,1.36655999779001,1.71390606852352,1.08845592154156,-0.520381112187718,-0.113711313459262,-1.52414775196921,0.739342327557481,0.926782692985478,-0.375742730403101
2.71124420333377,2.96261647427637,1.70605123375547,4.00683884877601,2.6777948401154,2.04341644660285,1.19577039309205,-0.458366496970446,3.65008686082811,1.85181003926421
-1.12633574494415,-0.90930118678381,1.22666637237102,0.587480406989705,-1.06619840907683,-1.04458957879628,1.10160179543899,-1.63631469789511,-0.731931411914654,0.610574701940875
1.29042525183318,2.01017088907354,1.08356223609287,1.53967341990847,0.578462876652685,2.63597954803324,1.50408821239463,-0.0557632646327286,-0.151604009303432,-1.01394904256963
4.10275122265092,3.8306562143902,2.57963192589984,1.87535651010563,3.74155206411783,4.18465607842345,2.67800740808039,2.7970106486631,2.32685040399054,1.64939921748381
1.2933688977082,2.73404596788793,1.57643676504073,1.84401288034094,1.54169170946296,1.93830613684402,0.75292332235752,1.84750482439092,0.113462553979632,2.00342730180047
-0.263641340007521,-0.819478032373282,1.69623174134103,0.179909525080764,-1.03910733657082,1.01087557316855,-0.144167492049502,1.13019680353791,1.0760101211553,1.86817417908864
0.565822693750329,3.40410053752272,3.3353724352202,2.9981520248499,2.34108368687226,1.02735938790433,2.21089488360768,0.765751534252244,2.08673800015558,0.912237462676984
1.0360576254822,-1.03689650936666,1.94198438056074,0.560327134935055,2.43987576007122,0.873716996521321,1.00918323195708,0.931856239963158,0.0163934859362045,1.97181764263265
-0.725474191569066,-0.637247103880406,0.135671081998509,-0.428653605376597,0.889896012774672,0.412639068513702,-0.944975129563956,-1.07559718177589,0.553533810714926,-0.668841256925426
2.32512608578191,1.86741012143568,0.0704122146500559,2.64256702657486,0.183606117617789,2.87647034391512,2.7140709813924,1.02322149271063,-0.934255575919861,1.77401927308485
3.02722870277248,0.00942421393747295,4.20551810090211,2.94042331876389,1.81406098353874,2.24082149945268,2.42470392757553,1.21613511133254,1.46266138147623,1.51720371129487
-0.685295389143269,0.858007070282346,-0.183585956521888,0.535766975389204,1.99167902700571,-1.19504330310981,1.4846235033019,0.0390498473555346,0.326350824019853,3.21727985832073
2.82996656268849,0.579161467360586,4.78979011708385,2.42911348585255,2.58899299342334,3.0331652345171,3.65679304647074,2.77357302744693,2.67463799541571,1.44909490120325
0.779243384837186,0.272397174045495,1.88237942373604,0.91056186843987,1.22721251495623,0.569681061179819,1.23745427335881,0.461116937036637,-0.13482951249113,-0.676762266342499
2.67171169381185,1.81315577113525,1.0747617646984,0.364608385331013,1.66482873606004,1.10822019001612,0.871504956492195,0.920123222067095,2.56564032181082,3.27033714703314
-0.10751594379098,1.32998261198794,-0.634196180669828,-1.60828798112023,-0.0980503361932508,0.296778979492714,-1.02517289526016,1.55245984141811,-0.15404742888341,-0.184259120008859
3.32278697111419,3.01565442478809,2.86355930130554,0.783640141596638,2.19189180517989,1.15967069302232,2.65027352522571,1.4588100445302,0.899739456869004,2.51703140226866
0.911845417486264,1.93935278122939,-0.181132875131165,1.74790901264387,2.5974190501602,-0.658020236767697,0.116865973328375,0.308522723003837,0.752767145129312,1.15002986190114
2.5963764776588,3.21696768697652,2.4671893731527,1.86609120289306,2.20513135796158,3.75580395941463,1.84595135177277,3.84034557735045,1.9487655852552,3.48335128809607
2.13926175030237,3.60596450138721,2.22719115242094,3.11396834311218,3.68388420700238,0.376442091109976,2.0247644192035,1.96412487715027,2.03929505896592,0.896596480508083
1.20948895199218,3.13272758097016,2.88163065508161,3.14896295301686,2.13154227138212,2.29782561645771,4.02797750261981,2.69145203667065,2.11217872797575,4.13093457957523
0.831449158427425,-0.456830966171022,-1.48630641019767,-0.820067324916899,-1.07371944356039,1.34528827935971,-0.784290334650854,0.141995686114188,0.0606041738859896,1.07186817538191
1.07335580164767,-1.06646098718504,-0.115302170406787,0.56891045366978,-0.751878377746695,1.27461317751635,1.74280674042866,-1.21361163039486,-0.241332362154195,1.25854009581594
1.50959681182148,0.47993060467938,0.0298163203931298,2.08079467422872,-1.66463890847261,0.177543779382452,-0.0244120485707655,1.54778580084842,0.745345891309884,1.87733897996059
-0.653140607338117,0.63471341981976,-0.788242372697413,-0.161777194646676,-0.228683302452951,-1.81079941304178,1.81429754305007,1.47208152252123,0.50375436363558,-1.90841276741627
0.0871412942121539,0.422305036643144,1.4559141768679,-2.41208146002115,-0.214556000066139,-0.0383471398547564,0.717426473069846,-1.50763525607141,-0.206554403466862,-2.16127369914489
1.51076619996652,2.60751130543578,0.934747293574925,2.07206112203342,1.71632307952728,0.945753851300558,2.36289435868795,2.1945362037263,-0.565524560805237,2.22067987209819
0.827968382511472,1.1636651063194,1.67494581910258,-0.870934917334981,2.20368154566519,0.53010176519223,1.54051405239559,0.952377231646686,1.23941653061429,0.710570612223152
2.02677739652595,3.10599527024484,3.57757164619968,4.49894088288503,3.41593881896904,1.9829227360997,3.00609782097448,2.63803728226803,4.11206650248492,1.81176338172933
2.98410462613317,1.55034828770159,1.18592426269167,0.731631011266929,0.963525747071319,3.67311921219078,2.68974103574777,2.14760579888609,1.81219471374081,4.31134353721284
4.7346782718707,3.69024396209512,0.561000635649946,2.61361325551829,2.20292921168322,2.83918321245193,2.84488959303823,3.50951461436483,1.67896229242234,1.74988341141183
2.51016376583414,2.12013199966543,3.06015218489526,2.59849355076869,0.890838412485793,2.37846339378345,1.40504775275996,3.54506391361566,1.80065517443426,1.63094146792101
3.8032790608156,1.36894864241361,3.45519007190882,1.59563075036652,2.77263174243169,2.62482548547628,1.50338441696378,0.135753346078361,2.55783620218115,1.9678483206029
0.179128082979471,0.629967041590496,2.20013735946004,1.2745533033284,1.09088493246971,2.94676685572734,0.964799781083464,0.600238694360338,1.10357696157658,-1.23436637878256
2.83216618139312,2.81005968057724,2.51065185279737,0.687838231035581,2.76828919116684,1.55289053095889,2.8770458581808,2.99418893110579,1.48432004402878,2.55323422583713
2.03439046298339,2.03699279837683,3.18637559668862,0.829056978807712,2.24770207244055,1.89630061406372,0.821834134343011,1.66766210760808,3.3604340941844,1.50734010575815
3.83895225134826,2.72307706406738,4.70999775130303,3.89232139356713,3.03133916259194,3.87368326867082,2.36665652090207,3.0530766412588,0.842442759422401,2.61471144918535
1.99532063364056,2.35923007299013,2.12456187795621,2.55009798748289,2.60279019844855,0.668159555320622,0.598076798683618,1.4714817059305,1.74264502670564,2.03385378692483
2.19485419816719,1.83154994301189,2.32098955914044,1.59947773689139,2.21363458148877,2.04999789734037,3.47529395607287,2.26153521086372,1.49721244731178,2.04710036770251
2.15965317877049,1.05841928020431,1.90041116899494,2.73318691230547,2.06895773436277,2.04281270865026,1.64707561841603,0.233644248166224,1.19283714408759,1.36329166685067
1.54121978185074,1.81720734794287,1.86220834567978,0.621774844908665,2.02929143889705,1.00769161868759,1.81724040483966,2.42158430850004,1.10797047943236,1.84380264322862
-0.160960522188987,-0.625057121609833,-1.68368739107516,-1.43115237784288,-0.284338257677644,0.746527234158025,-1.57399294541397,-0.905736103186067,0.556241160189967,-0.555786708391395
3.16411478423909,4.58234339393309,3.20763856208045,3.97043330744926,5.04650012106635,3.84368352911649,3.17770158848903,3.95132021376483,2.57266964255339,2.6229779418056
0.281676868187148,-1.40568518005723,-0.089968239546533,1.8233626446822,0.314556782878435,-0.171281914132369,0.395927045394886,-0.667181062594204,1.19183145939445,-1.00473739792191
0.951657448951033,3.07655775788697,1.39106671985119,-0.822620335304128,0.754317956560797,1.46592202395993,1.24804597603722,1.97856482144063,-0.821625124646491,2.39570307463805
1.99302225411214,0.327891035667712,3.13408566117861,2.12656224375975,2.31328834630379,1.92230828040254,2.12728789127923,0.618029714614738,2.52565609368196,1.37616681496752
4.57457718254669,2.90090054621559,1.10267394686542,2.58618992975264,1.04110171692152,1.24709396897995,1.87299213385774,2.3471597848219,1.42928066435585,4.15111467653992
-0.313688061969482,1.54065860999713,-0.58173648903595,-0.363938339538587,0.952265959893178,1.88672433831317,2.80912809025165,1.8721923504543,-0.744680217626052,0.677148791336185
2.07871219917773,2.2803048361367,1.75263162517784,0.624415581530787,1.65435483031463,2.67676504304905,3.05792275482377,1.23000240790459,0.8183562972888,3.52596189902611
1.40397123552756,0.750951824318588,0.306144497151107,1.51240856706139,2.21895240767216,1.37543724653066,0.80241897323171,-0.1017307806685,1.21354208601729,-0.365859621364435
1.44175501958421,0.468286079157266,-0.499585212588395,1.64364700759275,0.614073054736117,-1.70305438819418,0.8735979691816,-0.410251474770604,2.22301893160409,0.382194145867599
2.7965800835428,0.752422036775726,-0.586228456998353,1.34587035334689,2.05192894656107,1.69389185912558,0.836806123262709,1.4658409289222,2.22212740224531,0.28657127089969
1.62994671100036,0.976515197921212,0.895628422454817,1.81838035695087,2.37091146121978,-0.0731305303299195,1.60291119934209,0.785514653627773,0.51983478290799,4.05454988530339
1.061003366854,1.41966062153438,1.51002074027569,-0.236221459196077,2.6232436699756,1.76669186149532,1.3567519699018,-0.306524714580316,1.12367547326183,-1.6660595289374
0.959363976768043,0.808096308463501,0.383071962734351,-1.61882401775191,0.808254949775264,1.69356367841076,0.0572709592224264,0.489678016858534,1.06227017794614,0.218558066776952
3.09290989941629,3.21875734989864,3.39419852342162,1.76439565926531,2.45101764407195,1.84108805239834,0.838004375466169,4.40171672688659,1.44640775133837,2.77786178684105
2.19883651789296,2.42723023784047,2.8778909162916,4.25904196486172,1.63659063953608,2.15470415449255,1.97723517661967,3.20083261643162,2.9469148331888,2.91394577579046
2.14915829032898,3.82768836396339,2.88065441731162,3.80128597399609,2.40213335197364,3.04681928245957,2.16713730005359,3.60348887438859,3.27115869037843,2.82921301025796
0.184880882265162,0.485899740806312,2.1903866231712,-0.46806520852398,0.868977187333949,-0.924150558360107,-0.832172650894517,0.75608239381559,0.225284286226537,-1.50410171397419
2.27365126562316,0.500144800945318,2.59380905501432,0.376366662962154,1.29149153172405,2.70608548442847,1.06598998306102,-0.0075300465735928,2.32509156404143,0.145772060608832
3.19753401665895,0.874821676819164,4.31724195067585,2.9356965662637,2.15303613061906,5.30823236680155,3.56052689086416,3.72631762447165,2.78729890785364,2.99600794631281
1.65553925462289,-0.21387338585607,0.509504885661996,1.25440415879681,1.24972052358781,0.954058604245444,-0.0711913574595058,2.14644542195454,0.804411528353894,-0.219234123335668
3.65570316676754,3.9619030782359,4.3693336114664,2.98054777420675,2.12325986395764,2.14692401883998,1.53058904351184,1.00753849607518,2.93357138092141,1.40994372877295
1.02380373235943,1.56949230131336,2.02760389050952,1.32043891667186,4.46451897169922,1.94577383158959,1.80529449685717,3.05945625207344,2.13522471822334,2.43130737085826
-0.00627088975217793,1.34472605534717,2.40265431050626,0.405441564422356,0.501715719842564,2.32526715002889,0.876699486481351,0.263812077803127,-0.366503873978369,1.36788380487628
2.6229266916693,2.74599071051952,2.01379762465454,0.00293005415715841,1.95742014765752,1.63232837135495,3.30081453287746,2.06383794418928,0.993013671541196,1.91607786729902
-0.612099324131073,0.42281846395876,0.464022648154102,-0.226283795343938,-0.812678066427145,-0.676081400976083,-0.802871945868362,1.50063551623957,-0.685656446395648,1.22878592807434
2.33198206773736,1.7346349622071,2.93005346328086,-1.38257311910791,-0.453698815187913,0.152875141445081,-0.718198658528633,0.29365348065498,-0.360628423027103,-0.253431665431035
2.00685384229079,1.93012773221675,1.16393440029086,-0.556980769731426,-0.1200405174,3.78059160588072,2.06239435441534,2.65738470746721,1.30633693112957,1.6489674904414
1.68815068605579,4.20392654419341,2.09128332874641,2.81451089844392,1.78286231124432,0.799225603501396,1.95914208460821,1.98027237583151,2.3594419750192,0.65297180078669
3.3555863692284,1.7659302321573,2.21171608603734,0.989925217570151,0.99762184005486,2.00803196269861,2.78192665523517,1.71562333744423,1.81862067718326,3.72153699913002
1.44867858636339,4.39249468803059,0.375212877781148,2.80677688112132,1.88802320862906,2.43499367860503,2.85580117953381,2.91414192455593,3.31525574779127,4.61867475879935
2.45521738332624,0.725574036058541,2.05115011318022,1.26336910349699,2.6265335023871,2.02478409530326,2.15201279918033,1.1907837381926,1.22897489516641,1.54661739242058
1.24580047931345,1.2064287978862,2.21900338585608,2.89503361611951,-0.468407169188668,1.51853573485646,1.97282329619885,0.561496658491257,2.76743177676409,0.729136700319404
-1.08097939520056,0.985425202625799,0.52652250168728,-1.30335110219809,-0.859914599244357,-0.570232363190596,0.466277444175868,-1.4208832410348,0.107876759779011,-1.19149855181245
4.31730175113083,2.80600415432879,3.56865882930982,2.95521487064246,2.82717134538536,5.05016283088914,3.85792468743755,2.97915382661207,2.93883472863416,0.617324451207221
1.90935604689356,1.54567671497012,1.78236128140097,0.610238124654431,3.09764726705306,1.82839883684219,1.66217982656938,4.51537103567756,2.47644385376995,2.16409250731942
1.3902897497414,1.5531570033652,3.25909390071873,2.15499908504843,2.28839010172744,1.65731947298526,0.835400956149558,2.2664281140255,2.75735524720333,2.40635813845069
1.62333178212356,1.32555592962989,-0.391852162781875,2.40526590067706,1.02853978979218,0.0876612065384208,0.351680329375207,2.41033790510902,1.19065265981286,-1.50327584089181
0.781462576388792,1.84888176427496,0.0431419024176125,-0.532331794119467,0.269853970386495,0.159129764222778,-1.16471977257308,-0.975752644120847,-1.64147780666892,1.74002225015738
2.90082963332468,3.18404573851789,-0.513053260241287,1.12198591075394,0.0179705096658787,1.57617480313504,2.36037612962932,0.900027280079029,1.3089957086616,0.658421335464301
1.72124644497791,4.74922555526787,4.45221777319611,3.17037953127742,3.04612442061846,4.04474077568681,3.93665614762295,2.09655998648137,1.82543104553142,2.26074023417368
3.00943940470109,1.83463797672842,1.10696620266793,1.44837481961817,2.97625973727289,1.3407938272064,0.746499472200591,0.966334757392245,1.83064919410785,2.6377431085755
3.16462319831909,3.52465210310996,2.04088513868449,3.6063869163676,1.28024654012408,2.58499401588348,3.4109331533367,2.3816749290473,3.91244458080361,0.997223966697935
1.04076679280919,1.22701193913304,2.21116745741121,1.27365878657272,4.58732504366039,2.29076556066493,2.83088675257318,2.233024393684,0.0725107824845701,2.0380853382519
3.778701449277,1.25534517097168,0.102039046228072,0.775628664864789,0.993331862839851,1.51256708801327,1.55946753500349,1.84362607481106,3.07089854902242,1.80671956828906
2.26563129068288,1.10587362626114,0.98655763884338,2.14616736749129,1.0606145093035,0.358778082909482,1.0365201816014,0.789316321037817,1.93960628605713,2.79899828481814
0.425810012708263,1.21262753545981,3.16310576534042,1.00436371874914,0.821734045239388,0.0979349107596315,0.105746508925216,2.04737218852315,1.65044335275135,0.927182222962571
0.892558728166298,1.76439301281602,1.25153447278959,0.161681243827781,1.74552600239653,0.221905319788019,1.74910260670637,3.82694216516807,2.46410003433903,2.2605109943816
1.17104416952285,0.688065511848452,-0.473587384795484,3.64551998024943,2.05486354971328,2.4027044569277,0.850904660477743,2.44610979625944,1.52222090889091,0.51898339428896
-0.333107298958367,-0.145005578294059,0.846317294328181,-0.0197711386546769,1.5465495098359,0.814170938752132,0.496803584364292,1.29672451567779,0.052328240866353,0.205651888484719
1.507984968638,0.896411467126925,-0.229425164596775,0.771392434968227,2.70458934938615,0.66871273727837,0.882757764023811,-0.15501530285939,2.50414955863986,1.22859531116469
3.43951156030011,4.85095144663116,1.98239176592171,3.03024268721245,1.70279308240696,2.5492889588562,2.3964794391881,1.22743947024572,3.119152874026,3.40354648849253
-0.0661275729859105,-0.237596872380575,0.0303813638626742,0.393941317395237,1.74661087051423,2.25248016069965,0.656162955728417,-0.132297749224617,-1.60284330120646,1.47744368923433
0.388561879532882,-0.245800585301083,0.469783433477025,0.325485623026026,-1.60239994267583,-0.930822976604623,-0.283388470246747,1.65089091352545,1.23609807400091,2.24950307347173
0.489929431348322,1.06350187785829,1.20761443756116,0.93361803858339,-0.344886811687241,1.85291934564938,0.0275228610243714,-0.177219348336232,0.442638259740357,-0.722208219608756
1.80528108444483,0.989061125650819,1.729631179961,0.537846438354433,3.79489663262402,0.798663636127555,1.38851012987004,1.92821867994911,1.55870827226268,2.15107440382607
1.90462611420696,2.65292529434858,0.927609901832205,0.580482144501558,0.386972780439024,1.79685913688469,0.951523887126398,0.300763408754811,1.03305656332495,1.04687532315355
1.4820744818046,1.87524957961757,3.59417249433611,3.74152062895682,0.736622565547309,1.76730262228427,2.18829450722069,1.7392400886153,3.47890282948417,1.18035126293507
3.82317515554742,2.08445803450134,3.79912210586774,4.35744670329064,2.86371362018381,3.00205267158943,2.45120870663363,3.18610864450785,2.09391673877273,3.71890734783921
1.62661275708049,2.1141399566004,-0.254477243348462,-0.686927780157161,1.65442504806224,1.87520744567668,-0.0424993441874661,-0.0283170346317911,2.2781711645265,1.80227403130125
1.42839300493641,1.52683828088086,-0.183224528535883,1.55809541742122,2.00261163979741,3.07542790472779,2.91597441733456,1.97792463326035,4.15262716543931,2.85438868179006
1.18099480670658,0.0645887341798954,1.69879384277098,2.05842779356789,2.24307934265511,1.17975770143654,1.17078878720577,0.192608507324951,-0.364382125264564,0.645648890310804
2.12184715822187,0.0111092770696697,2.33889843592678,2.55264412101322,1.59104301933027,1.85661287097986,1.91235863420029,3.38749691862694,2.22360045198318,2.13546410751007
2.81782529129499,2.42463139533567,2.86440511041268,2.87571203533741,3.49565962658299,0.891151896582825,0.458269173304367,1.41397984046965,0.784976635223637,2.59423134676845
0.300649153974894,1.43594159581745,3.16320286341675,1.38213854766772,3.10465090043721,1.1653126001884,2.16061263670124,0.979817981538484,1.82645230161524,2.56096280585074
0.296787242473433,2.01779849049671,-0.0341840887275477,1.43104504327756,2.16468936670736,0.1301112605035,-0.00391766989135567,0.241756949040937,1.46300647593941,0.807015614234418
2.57992844247769,1.96682407921351,2.31156248793251,2.35610879663205,2.64972923052252,2.86980995819043,1.96472957636494,1.32577877736633,2.00200775202934,-0.494774323348452
1.27673989631186,0.384046340502008,1.55501616246663,-1.26737948098664,3.16006639080786,-0.722812206048233,1.33269526799565,2.25344738274928,2.34910009907694,2.11820535527589
0.567017411395084,0.756423793814678,0.00128048512146784,0.753641329108301,0.232240035323991,-0.401792521106355,1.61988896290595,-0.176586263807194,-1.6139652001761,0.400153123074174
4.89899665343084,3.82398485733791,3.9212753913999,1.69542770590673,3.48551201310886,2.96326506914988,1.4925625056807,4.14179428053695,2.79060658000192,4.75755239187541
1.36064808887701,2.05908057030682,3.5282801870977,3.91429662215151,2.19430893640223,2.24333940473438,2.92947367933263,2.49203690291672,2.70209241211974,2.72824886295822
3.14905077370378,1.87771827651728,2.62991671557092,2.15439385776903,2.29944275387674,0.864697165591354,4.1649251355479,3.35733131385253,3.53132825978147,3.99798537505954
1.08146313405613,1.45469886654751,0.620053332546636,0.679783192094177,1.7751414564271,0.740036840932774,0.000611991106012288,1.29360872847269,1.46919820904183,0.533083942529099
2.88091659508183,3.98903862129105,2.95282327629448,2.36091501924672,3.81826983917145,1.99604551724747,2.67784250335314,2.02600704899702,2.526118108475,4.13051993298129
1.96682439935228,0.664640550205322,1.06436850503955,2.3883892574717,1.42040791085232,-0.191177865724502,0.0139812465803378,0.326983943605512,-0.705924576891884,2.10274870954562
1.33000911011946,0.521069516975754,2.48136188551144,1.85050928626018,1.95109241145215,1.39895320155271,-0.14966461758629,2.34398721921876,2.65828655459575,0.920791316418739
0.376115184305618,1.60783553403598,0.771556379196597,0.764527685665322,0.950054298670238,1.03981616329144,0.808309831429587,-0.214703615738783,1.06468710854553,0.439802642166109
2.47389268813557,1.06452939475227,1.69173944313568,0.912389866498881,1.01061317033048,1.14264281785601,0.656662754479006,1.94544968164859,3.35520665609277,-0.426926996523337
0.173450073271964,2.06122253986844,2.04840460614842,1.69361201992086,-0.427318115954701,1.31359074976027,1.39048223038551,2.70806762695411,2.9116054539479,1.28194336077211
2.51492254067353,2.75743072947313,3.27953596359494,2.10182636511254,4.2124874413095,3.6447062125957,3.07322686462742,2.74405820739811,2.19154460128637,1.5486101869697
0.341131637419241,3.33721098233868,1.85896955265867,2.75462660100945,1.84471430144911,-0.787655484636954,0.674802633258925,-0.482425544058922,1.53891677553346,1.24549947077906
3.20491120511422,3.11591111276999,2.28526326027627,2.96918194768504,2.95840933700016,-0.653609745623548,2.07720267836527,1.59594657558079,2.95183064108308,0.938920442064912
0.063584897101669,0.400269093529396,0.774699830507862,1.72709072810635,-0.37059829776616,0.463867271007771,1.09110613206485,-0.229155027097862,-0.0321034080123255,-0.744725839071383
2.12608269390434,2.25924943507112,1.95885776219535,4.31328461664807,2.83002111517888,3.85460223631346,3.61991301035191,4.07708766617051,2.7623110375874,3.58504384188227
0.726406125891223,0.865016882656696,-0.437049147402869,2.82186551349385,1.25890045983487,2.86974919300341,0.642429489622626,0.628919574348739,1.18480247954195,0.203738370771114
1.66968093946854,1.18056110498618,1.80304476168101,1.5477183873238,2.293406327582,2.28377660322147,1.27819448702814,0.803156606313041,1.17731536487177,-0.374211093275121
1.72785863106186,1.53893495649247,0.961108008510691,0.363016617960353,0.482029358234,-0.411997900219366,0.606157839589272,0.957874091151721,0.24670077678354,1.71565616937547
0.305060429282609,1.78009159298908,0.419189688642035,0.454942253150598,1.44864208271918,0.703209029403866,2.89551507466167,0.338864766783313,0.635870866142387,1.4739322947302
-0.660989319012422,-0.0375831364931121,-0.288812612088642,0.0722741801216367,-0.671154948857306,-1.76122284786572,0.66066522051096,0.425582456022537,1.51459472483529,-2.0251614326179
1.94496457408243,1.42497837489215,2.59962288777156,2.58261187811214,1.13278776107934,2.10333771666846,3.53742844188372,0.493894657635574,3.00644187771151,1.81607606917319
2.54845311497912,1.62793940258038,0.567973416919407,1.43318727168515,0.999077698793377,0.803749050828283,2.83640045714428,2.59859216666813,-0.397516449072201,-0.873116320075903
0.770524535043577,0.510318341880756,1.8898339502907,0.316194738326421,0.650567717577663,1.71573881496342,0.782654059064864,-0.0273363040453265,1.14797003791104,1.9270086910235
-0.147401712186601,0.733042582432692,1.00224457435593,2.16122071909964,0.0147712124197142,0.849094137088999,2.13233359232802,1.80818201453516,1.29090599477193,3.10388350225751
1.78163556890387,1.17310241678071,2.33909203412847,2.16171601553292,1.32363489667721,1.49655543724048,3.04656857075038,4.33636801102442,1.98466557092873,3.81633731277427
1.0167954698913,1.57366390748665,2.62360476932355,3.22627835886999,1.11317358617057,2.03663429702473,1.4795631745731,3.557360998882,2.0243636868636,1.2338725004574
2.74877840587753,1.78105301410131,0.245912425500194,1.88891573979699,1.20988748235841,-0.0661044900984966,1.58574865964277,1.29634384333852,1.08288546097156,2.92214760714938
2.26247920533894,0.162429066143309,0.145009760166907,-0.307369723284194,1.77429253676611,0.424563004899848,0.345527233470289,-1.17334613076848,0.374741063517645,-0.0573924938038446
-0.322090757556751,2.27778600057823,-0.0131517415690617,-0.0889044520004679,-0.0360765777289855,0.265813529418491,0.31148060113348,1.56021520957242,0.233840395677933,0.548464460621457
1.25975261480259,1.27271034611261,3.37751411287583,4.26772955058174,1.89103587133518,1.71503041809637,2.71303257481707,2.98140342018294,2.70223564767644,3.62856591358766
0.849017802268552,0.506821176074487,1.01342453407809,2.10270302682831,1.41368400448,0.859459405686406,3.17514274377834,1.88743608689741,3.64634983686752,1.57299352554857
3.25500832251697,4.40405208149394,2.05276237387685,3.87759139588957,2.72273854086055,1.89241568682074,2.58785139290684,3.51268770676444,2.29288440094489,2.4835265710134
1.49206490277645,2.83692725594808,-0.880536049619761,-0.673206840633519,1.92555037640313,2.5836864904017,1.7714400303506,1.37239088796512,1.70096417649095,1.45422407542293
0.418164971774531,2.56826788293946,-1.74071393124892,1.2215377166953,-0.310883104566621,1.50089664705921,0.835454177573933,1.32084842232645,0.818627178941896,-0.176492881244789
2.73147522893131,2.40947046968533,1.31811656818078,1.46692376603809,2.71613095964089,4.95637230103242,1.61511876436297,1.26015790084552,4.49064967335305,0.763511624237207
1.88709373750659,1.98301877720391,2.70440582433311,3.08923868264552,3.44059244124854,3.87358361891915,4.0578714412251,1.36313820475157,1.31725349170169,4.03680480823504
-1.05275604984008,1.5941039226752,2.37637236529175,-0.756893304192314,2.3602694364959,1.13340335266118,2.90254210860069,1.75166624261852,3.06119760097843,1.11789756932693
4.42197098348925,2.6912709257457,0.661627101387787,2.76317075096429,2.44479528934165,3.07351683779642,3.86692905826888,2.68728606200426,2.28952127866863,2.44867707522745
3.29640100125589,3.06039981976484,3.63130792503228,3.52748036801992,1.17028121017211,2.73301758028615,5.04423543365834,2.72478629467942,1.14181601268952,2.48579911291072
1.29051293326918,1.19911247613953,1.88388021557677,0.481309995926802,0.883814698068531,1.62454063613616,1.53974839540619,0.232691839945214,1.38846131497153,1.16403618243889
1.81637021589654,2.14520107393656,1.21694421612341,2.53135888276221,1.80979927124416,2.00316225189553,1.48071109144178,1.97299143487023,-0.0485984412024902,3.35602506467861
-0.662078772060289,-0.387078855506693,1.67929356109839,0.789710415912356,0.671362447432806,3.14061389826636,3.08373353555948,1.64233890996574,3.51072683293686,-0.450741310967428
-0.405229213809772,-0.660643512657257,-0.751567101925591,2.77350970263662,0.745638855783719,-0.267906992873148,-0.167753513378366,0.179379523042088,0.391380072561557,1.84535667255806
2.01139514246496,0.152827709322508,3.56760125928208,2.46819993426598,2.00233547601306,0.455694486685576,2.87111073546476,1.453195542068,1.30929571874939,2.68810397566386
0.0570403514039238,0.683676316968333,-0.147369979490822,0.100684742990404,-1.03657984665068,-1.45210465937835,-0.344788965613774,-0.140476551206386,0.164135820134838,1.19570225774317
2.56996513151966,2.48396543105288,2.72941392814351,1.95474231761483,2.39777392960798,0.425188834231131,0.918609160074241,2.56722675705457,4.20112030785777,0.466909137610676
2.0701265075518,1.17687390332168,-0.425703753554703,-0.20876142756838,0.835734590848544,1.67057032277363,0.332056992873453,0.147642973858721,2.02360981593538,-1.02935945719378
1.41076205005118,0.145870248027784,0.75080531664008,2.04815411083561,1.19923119126005,0.744718617778387,-0.100052889056472,1.50851193846844,0.136144654838456,1.20734177423818
3.18390229088966,1.40795404029914,1.3578453060366,1.21078783886384,0.70514594694724,0.555952553211398,1.9909623870595,2.65246480953713,0.366274142964074,3.1936376097023
3.88319322813465,3.24256656014502,3.61250714415007,2.45390331365629,3.4358391647152,3.32188010121867,4.09102556308551,3.85837027520359,5.12390696370478,4.35485804457745
-1.33198505031339,-1.0408327442645,0.169260743580019,1.77901488604566,1.22361416924558,0.485652547160627,2.31001956128942,-0.0286986594656959,1.27983011758104,1.39629560750124
2.08430801262989,1.65766888193131,1.1684093373622,2.69498162979257,0.92663703616411,1.69107651391473,0.533295988844025,2.46661551241548,0.696975143183716,1.27865289945203
0.877882931286109,2.28362396307547,1.66946140785145,3.46704473134606,1.26083774152012,3.62156963977764,1.79726142423858,1.71823732571324,1.57345369697162,1.13602073000416
0.0377374179600953,1.34836994403578,0.0410946857918057,0.888207095666316,0.663130570556602,0.131828434511028,-0.46058059844824,0.628758249363067,-0.22174375513226,0.773340310678878
3.45496269478514,3.30836313016831,3.56103279754965,2.25934044902336,2.88606632863701,1.12461030278755,3.03583289525324,3.74793043798027,4.28159265688896,3.32117587860378
1.98540339940438,1.01135843005405,2.30902583949848,1.14457277573624,1.3166568792965,0.989446160638546,1.9107744596438,1.73280398934724,1.84628046874891,-0.0198219380940547
3.32608653580226,3.00907745253202,2.38038776586753,3.33836597574849,3.78388019664555,3.29960286741911,2.70636694140691,4.21776457308078,1.49334457162139,3.53084515136392
1.64917976263141,0.941174341182308,0.824740118080739,-0.02695940366757,2.88625064412116,1.36280032857785,-0.288184620663263,1.16279457102279,4.24108909301313,0.170679230988234
2.11799958128795,1.2011265500202,2.90877741272657,1.95968082602868,2.46156158198771,1.02002229623001,1.5320615062065,-0.321500291151457,2.2314423159701,2.59035895006126
0.151714266408593,0.795594661102241,-1.045434279578,0.705763633334093,1.16379526144288,0.251136912546214,2.11595486725363,-0.393353367827461,-0.131574007016419,1.29907308531463
-0.0077626255005625,1.38148915285816,2.02815626549658,0.596999279663742,0.477801672905866,-0.154383922755555,2.72131968880177,2.16016319522167,0.602590060842301,1.26695998044449
4.10506362949978,1.89109033353421,1.2220385770805,0.35382111583605,1.11319549755396,2.73124202313355,1.77692086761177,0.149507263924705,3.39513408270605,0.641813549422632
3.52279285677754,2.55957373912855,1.65490223522127,1.47614263469151,2.50042469988953,0.520963378362341,3.04347928678896,2.00736620409976,3.09401721639275,2.26438192155104
0.91565888014319,0.70470897636396,1.7980955646811,1.71854844153459,1.8501408442391,1.64740403873869,0.258516601885211,1.30684863945,0.394553090960047,0.638852900798946
2.34620010381555,1.70624240282271,1.18759322461244,1.98989958633866,2.06861995306197,0.45944768482073,1.21308345401852,1.65281637864267,1.34181297734011,-0.194813072851932
1.71996634984765,1.15398688088981,1.91690281650431,2.1780511268765,2.48920224586923,2.1973949015357,1.53348585471935,1.56933117607282,2.63557660475976,0.616017198233348
2.7096316201067,2.03722859865176,2.83657485055717,1.81935263519674,1.73023711692735,1.80301957860256,1.7764936723149,1.05026813274055,0.929742335906175,2.87099603766053
-0.915935462350262,0.520158382009604,-3.15127564478129,-0.354130550611037,-0.762641381984008,-0.322675719816708,-0.718200355656764,1.76931066113377,0.46034082858908,0.977217488255078
0.222316346297675,1.63570685495063,-0.92443403477053,1.91910982253286,1.19530035924769,1.42616863583662,0.391365209768389,0.330886256603122,0.550700349750959,1.11285728770658
1.83755507815387,3.5378594481829,2.0898801659587,1.973860391709,3.29306761450638,1.48510957405394,3.42801875952936,1.25751495275472,2.72700265022591,-0.342789023685408
1.65859905674836,1.08820664871864,-0.344433175582192,3.10321727821549,0.519728983719758,1.13978469587797,0.432884866420532,-1.22848866088472,-0.767997838331498,0.177930715680816
0.653274119336091,0.392948669905867,-0.544265584851967,0.544047728860019,0.0854007247105442,0.586648664509196,1.04835554609147,0.756779265012797,0.988071517010517,3.51269723604966
3.13280710596195,1.76918072983739,1.23387703532299,-0.151488358832891,2.0427482592071,2.20580078558295,3.29736054265442,3.0643326078491,3.44502861082818,1.44242555424139
1.9552777543294,2.00064596830129,2.41890277119264,1.55895409291627,3.83762965954574,2.47645295583223,0.697828427449576,2.40662087883717,1.61437457259139,2.48066872472135
2.17965238002129,2.11421204018776,1.22520579028709,3.04376523906192,-0.106192042195997,1.43036684820451,-0.0827530829329788,0.280901810843475,0.750215726241908,1.35914592015702
2.0773815248577,2.25211994416831,0.53615269277161,1.70458982477369,2.72217499010513,0.710891839633342,0.521307923518143,-0.834054909607195,1.33907312897196,0.386535073018761
0.0249902176538049,0.614291538039852,1.60079328676541,0.369200690538319,1.60553238856764,0.606703953797258,0.139610214272353,1.73688618916701,1.05095591453542,1.64906112158538
1.71496318762341,1.43386957127913,1.42682899314908,2.7696077561337,2.5505281169622,2.00243794319761,3.63579348493771,-0.528528547907617,1.73038865300748,2.93833076145048
-0.0309196154168887,0.545446950347533,-2.04511146128317,-0.0350415096373692,0.302360657269815,1.4498591315572,0.812112394615834,1.14795741684953,1.46762190007366,-1.7039079763368
0.259334707011269,-0.122031807998325,0.4403669956637,-0.191311458428653,1.03647786446208,0.783208126444961,1.20649528984032,1.9565352488239,2.22727273357017,2.1631050353954
0.0971468635284654,3.01674702874646,1.79098406512415,0.674953044600657,1.96819391434178,0.497004737854091,-1.3170527789911,0.131067304757295,-1.23018760626478,3.06521927555061
-0.26769588787233,-0.253689679617255,1.99304766129319,0.756616136430648,0.887455701482627,0.553569257993589,2.57725836809609,1.24776150933614,0.919129077703162,-0.111329626352952
2.11076380816253,2.84775788601675,1.44674551204825,2.45224590474075,0.907814464912359,0.582082952821088,0.743591638771736,1.93677755497191,3.29988367747334,3.57583723401023
0.372874700407286,2.55887016962189,1.59269778957513,1.64675821295335,1.10935312967828,1.41279249813599,0.79272601898951,1.58704962515572,0.758282986946644,1.01829084616769
0.233418061980007,0.0518143135149152,1.06353433123662,-0.151528611392185,0.865006008553754,1.03743826285789,2.10789174467764,0.0507366903919533,1.62903609469373,-1.73583489219194
1.8775641843815,1.84995706391349,0.260916461875073,1.84044101230486,0.346450792444886,0.119637122263927,1.15051332725756,0.94093477796314,1.20916555435836,0.325958265222866
3.49310313704733,2.79656455955532,1.2337352675172,1.1343001411279,2.6974990389228,1.17178684019043,2.56074519665172,1.60051124255757,0.945368706642141,2.2078846629931
0.0362656436936863,0.755114095281864,3.2514544816914,1.89406346090108,2.55196767856242,1.7800187289631,0.855234014468937,0.237592453036065,1.94359033568788,1.98347307454944
2.40996108902513,1.34935579676862,1.57250816978211,0.991979200706458,1.09555251459143,-0.49526993149169,0.55497374707384,1.3964571542748,0.223171857713278,1.05977067228547
0.420910367635321,1.03431514787479,2.07236292346014,1.5104259165211,2.7189354637184,1.66427332883248,0.862975346862909,1.64330156443955,3.63666695930024,2.1786266668937
-0.197263043923667,1.73823049924965,0.240572511937445,1.14550018874431,0.0830676397251064,1.20078249926656,0.565807987088798,0.449969972899355,0.000425910276420804,1.9646878869919
3.15710006504006,2.09268640971588,1.80141842461442,0.964186345535187,1.76148462673617,1.44923715248238,2.25580837143923,0.587959820704365,1.83376003336782,1.88956795917575
2.71134623215315,4.57867007164507,4.49836288682508,5.78958812372543,4.35781313971392,2.11845931195778,2.80783620088506,3.72386627360895,2.262278998332,3.67333786348347
1.16818866173915,0.899063512644335,0.799578903532635,1.72313098182493,2.26191724160504,1.36715713064122,0.192346175859527,0.280279026472059,1.73167868339422,2.59515637542974
2.8778090987461,0.633957508237281,0.0966248191328539,-0.0507625298112378,0.590463821733074,1.5054044536659,0.815715610240684,-1.52719861112461,-1.58488555619423,-0.243737878282706
2.91327867735079,2.93949731542015,3.43597848528882,2.67515077776004,0.774912507574708,2.47094737693901,2.38146823824112,4.01555372224005,3.60086715897022,1.50442418912831
0.483990413549052,1.2011311433534,1.18661686797434,3.09131510263405,1.78456046920046,3.16204334824604,1.83650668388085,1.39024267805647,1.72892485372842,2.13999538886982
-0.267955850812696,0.140685679440377,1.20281639143759,0.442042948201336,0.942994773626827,-1.84446351228998,1.60844612733064,-0.418274918754664,0.470524413962452,-0.677214885649196
1.06567967164854,0.775662451081039,-0.948483301225361,1.07678455817051,-0.255200493018485,1.89837050985891,1.75411210163815,0.258180144206426,2.2258638071705,1.16333435782562
3.75399590734242,3.1816472534001,3.18797179204837,2.98728651945028,4.31248890990824,0.949730180725514,4.9978629956931,1.85103443842858,3.51504619963849,1.91207781782739
0.0368720200502693,3.11023955435703,0.236388966997055,0.929908695895248,1.3515379480844,3.56568229279211,2.72064184950631,0.424924282371321,-0.543747836952936,1.47686826369435
1.52826658565186,1.66008291460756,2.41853996604241,3.35835518047043,1.7428864982468,2.79359175595618,1.20749450746285,1.16758240492565,1.41246449995843,2.36479023651183
1.21622804274924,2.55227164960322,0.856255731007198,1.7620333253016,0.151057318396562,1.62087552471461,2.91484798650955,1.43055989436432,3.07018158829027,2.63687346365164
0.555147513786114,0.649168147491025,-1.34795356236539,-1.54072874452712,1.5823285583823,-0.343914922535128,0.130840228188889,0.471590669664365,1.23070588533024,0.0150990327134467
-0.0909863678539193,-0.745964969290069,-1.22559053450309,1.86906214927831,0.10161789405743,-0.344325820172774,2.87621984233493,0.957907280264579,-0.189206574917953,0.0103628288217173
2.06401677942776,1.93330955093945,0.808420097234746,2.12570112172348,2.23567720129946,3.43467152095963,1.58470711490316,2.44066316025147,3.13183367861937,3.81028130657018
1.2698798195593,0.846964615932073,0.574993751390283,1.39008437880019,0.992997388248179,0.586680110860864,0.37967647055267,2.92661323365119,0.13743847288472,3.13519548793353
4.00438699495399,4.47934840425972,3.6723989462695,3.60383087626343,2.21554592485617,3.96547990014546,3.37281140442028,3.81498839530266,3.20364142070639,2.37254811380549
0.278533320675874,1.1444448843055,-0.207313124108778,0.835505628675338,0.674191346716068,0.52559432937925,0.812029047242584,0.355738430647142,0.640704485923793,0.520139977186555
3.67089824764715,2.6168922842678,3.2296534334581,2.68017050762469,3.84567202672709,2.47664725009205,3.35476424739598,2.45797887379565,0.577386716369381,2.13228966527525
1.80432057579227,1.34706175072302,0.956366356164253,2.38356001976078,2.42250077251952,1.34438206748046,0.821106857794972,0.999617935195823,1.87033614555332,1.21504945211569
-0.458737367958547,1.70341967110869,0.607102064414188,0.723563248894595,0.293240699875204,-0.26333108441887,-0.595042627130783,0.411419072501968,1.93551420596312,1.65610613159702
3.19744245851087,2.45475434844445,1.66121261756241,2.58386446333792,3.04931010792865,2.30113809158056,2.63684831644579,2.14055575934774,1.29619931743938,2.62033562679694
1.59592832338928,1.832271702812,1.67099606010188,1.69864356680093,-0.124609465043385,-1.39596872347776,-0.412296005947983,1.23873084364401,2.81520710222517,1.70925817488336
2.47534687069561,2.81573964303384,2.88265064239411,2.31898930799438,1.43606484392122,3.94995274049696,2.55698867836625,3.61485894310398,2.0926439271434,3.22437510563189
3.0324771484654,1.52520706723981,0.258351331614546,0.632840458572687,2.02824705072949,0.330450250935667,2.13444437394193,1.46363017354135,2.18247422847929,0.401700398079861
3.07586129227927,3.20285225109918,1.6058009481686,1.59493038701837,1.81435573166612,0.727550025264117,3.38167112940309,3.21063763704779,3.20457558970104,1.91930653525308
2.64064131786524,2.92927985654489,3.67073962794907,5.82888576324257,3.47839167825201,3.02693821329028,1.93788776591384,3.48075317256922,2.81056215855539,3.69650591202143
1.76915547713355,0.392249433850044,-0.351685099436172,-0.322167828714804,1.30792875040868,-0.122836697103188,0.0694097515431186,0.900244311220061,0.547990020471006,2.43145873934364
0.649140658001957,1.21009032936116,3.67663391182395,2.60228030263743,1.29400558765631,0.620064552633061,2.78680060217295,2.47016217006945,2.80024096091892,2.8532320613271
1.94582223917397,0.551582033318388,3.44792944971891,2.08922011337482,2.07619543246844,2.33092309050755,1.32368321991168,1.76511159858615,2.86371942146956,3.22726894453061
0.491641823084493,2.36024850969583,0.687423044324794,1.96342948063115,-0.334513895936309,0.253709498500243,1.7208605982576,2.25372637627454,2.51594652062336,2.18317245706041
5.74758093194295,4.29176610068384,2.60254034935446,3.73029647604059,4.3268995546868,3.72418147664119,1.98930528940347,2.41854055191463,1.09225214712159,2.30181164853845
0.621743154098853,0.19535936507993,0.874181175219866,1.69532044459349,-0.933472504822427,1.76223648873921,-1.07440732954568,0.580461031565557,-0.68001273517555,-1.00213923702316
-0.385493288560029,-0.902107370048611,1.29027176643515,0.0663153931668498,-2.044537005412,-0.651779333574984,2.40927984405531,-0.0316037996216697,0.78790273848532,-0.033430043654024
2.29099118952065,1.55474031621027,1.1352427565063,1.38458993175296,0.663975448057994,2.128070634933,2.80350650472884,1.07561627564001,1.99506336982359,3.9921192302129
2.40710398510889,1.1883514278505,1.51455305394793,-0.667711962976732,1.02688062449599,0.206724343722129,2.21004593515255,3.63724298706399,1.54596807122101,1.42143809653926
0.822789215920259,-0.193021204418311,-1.57040234037434,-0.434378351535746,-0.652965846628005,-1.28530385783576,-1.28874153078833,-0.0405158795563785,1.05098451564525,-0.775953726750839
2.41373945498296,1.76548542769815,1.85140580090612,1.99133625436265,2.04217090279734,1.95682305174683,1.95294931644212,1.22359226076723,2.19559661111278,2.16837705306264
2.03197003210146,2.71169259300621,1.48591080969238,1.36995500267279,2.99075320846268,1.76579808042585,2.34348783316733,1.46547375958509,2.48012501058688,1.98655394419235
0.40748726749716,1.19708820626738,1.89694574026383,1.09103274129728,2.535173669201,0.511506401868207,1.72099372157744,0.601174212149152,1.25727197669108,1.7466275708793
0.587174090243622,1.88170031752914,3.19795983918037,0.846053746273846,1.79307209702315,2.32982579473207,1.78026564229997,1.37499627127013,2.43183917263785,1.53628052060968
1.49020524464868,2.06588332868565,1.30439931873088,1.20091903917837,0.581820484164145,1.43737719979541,0.557654821307281,1.79754754029554,0.827070759074719,1.21123872523625
1.13307451240404,0.796460239951669,0.609077061474562,-0.616354444928111,1.80043515256344,-0.580629095534664,1.6844209034427,0.64951128440185,1.00714503145384,2.0692013812731
2.17329664928971,2.54400080123545,4.0178638899278,4.59996651452983,3.4484608688181,2.15441922138072,1.20453310016225,0.572889379675944,1.61600011845228,-0.63000173416053
1.23007180214336,0.741193880637076,2.37138201599645,1.11821500903664,4.02268987527241,1.80410526996236,-0.268232705938516,2.49333531089815,1.32354344026595,1.83559287440272
1.73910231769954,2.82670300248038,1.42017481886994,2.25699382430803,2.01239853667834,0.33440707988844,2.14851760739162,2.48414866531257,2.22193902713452,3.78133485820505
1.19758429512877,0.717082706615082,-0.990958507875711,-0.938963871578531,1.27799160689644,1.13443962582295,1.092664091787,1.20504587041628,1.20841089356447,0.423559463472
1.67499358940061,0.745684352356411,0.989380628271196,3.36562381343534,1.70646524379495,3.57664421324625,1.8312142674067,-0.128416922681922,1.30082298778431,1.09054368317324
1.71141129569617,1.05037345721496,0.252158560455989,-0.45007300149026,-0.176481854167879,1.91277950975748,0.751343228816952,2.79706493820082,1.64999890472569,1.27764035352609
-0.740944384577614,-0.585965722178746,0.393398359332284,1.18878981489478,1.83158589120432,0.443903895679916,0.539665557027638,2.08492523845062,0.758879518890471,1.55828045767115
3.99299327069789,0.614252414444747,1.87942251850743,3.79242659924032,0.0177625075781449,2.02848620530312,1.5895581573256,1.37125204369783,1.94055353965273,2.04432647603095
2.66524827355491,1.43679725389534,1.31510093125837,1.4950322338939,0.576218608590319,-0.151302767417155,0.369527718065169,0.180048760226579,0.715834307324507,0.808466926261658
0.0294092876782742,1.08186929781171,2.10799418827906,2.08986285742678,0.933883201414988,1.11535882951897,0.193960146596426,2.00641539222994,1.39683971018382,0.783492377202761
3.98981169370913,2.67763607152818,3.24059650269258,2.06056630252625,4.02846452180683,2.37005216597771,1.651253405475,1.9154945176835,3.43094508181629,4.23992486919643
1.7192166223897,3.024034096816,1.3925031176383,2.00466322842322,2.79340986458236,2.90364737304699,2.51392784711991,3.99163272916167,0.738784262755998,1.0414587505942
3.10733641559491,1.58437539422534,0.170276437290479,0.466989674786154,2.33686220532248,1.03110739020922,1.87769656384858,0.618810502353837,0.666905062463255,2.24632746786027
0.333295564038709,0.996714199361919,0.139878392293088,2.01677120080952,-0.757938294843492,2.19534001529209,0.143523319193723,1.35470989637136,2.58527761427387,0.337459138013475
-0.64670575201834,0.310705904913852,0.157250961138935,1.464604639217,-0.147608655487084,-1.59995706528854,0.390984711727312,0.275360399804295,2.91751235627573,1.22111573662367
-0.441092894552786,0.0599416059289418,1.06459422469613,0.0680035526257518,0.361626050319369,1.32573826457457,-0.0152782513739305,1.6015404828795,-0.102552484765142,0.252938165322631
2.56974671007025,2.44305346987003,2.31567509279033,3.82375481344688,2.51628332846763,2.6629975634045,2.83988278331012,2.18879170997533,1.94313932647335,1.86041422395917
0.429983235802364,2.2534511388732,1.52562311202877,1.32377307773902,1.39159530968455,0.846365997673542,-0.14861191070461,2.49423842395958,-0.226829414553612,1.24707070338416
3.68962370233927,1.06108443914554,3.30484489307271,-0.558863813796183,1.01408062788743,2.86362124423459,0.86796117585309,2.04572979774261,1.42476640435624,3.05219573140317
0.911424343785012,1.5587113132864,2.92161541670124,1.579313916502,1.04863326440395,0.399578382910275,1.71760820839279,1.74124695180714,0.54790606655586,0.541726263994813
3.57012359841066,4.23576418258777,1.50174796531483,2.40531210833504,2.88111712927314,2.55785805033844,2.24081135485033,0.415755616482746,1.09449247837051,1.8590396195036
0.839095932838974,2.64852830108879,2.4814780518649,-0.386183886438707,1.32821852531917,0.960716049451915,0.333053223383281,-0.451583600981677,2.53449783468765,1.12020510388946
0.352504638704176,3.33401645531855,0.851767779595776,0.0739550481068025,3.03765651578732,2.25557498320903,1.05570422757453,2.48287711700966,2.73559375186367,1.68333303973934
3.75221038850859,-0.188462220592433,1.01303499822622,1.10114192640813,0.497606621294126,1.09607065008091,1.11510105518896,1.23484973217964,1.77368969371575,2.17894436747406
3.1194552272004,2.08927886429923,2.66350128708628,3.97792478129787,2.73964730119456,1.69881817479577,0.185800430534305,2.44315582143261,1.96116768016161,1.17698677909735
0.360064800598666,1.58339645378772,1.79358445220163,1.41489695999553,2.51918717538818,3.60026163935421,1.91553054957356,2.25503048312501,3.38423649563077,0.697708806965026
1.79141541027762,2.03268631587131,2.52128451199108,2.30584428590361,0.741113479513066,2.56982828897869,0.813147473181729,1.35015801591245,2.27759998605423,2.26389539469284
1.62128786522863,0.616276698600904,0.591160067293546,1.9351170400528,1.38542037844319,1.99790553967142,4.11799034953931,1.73384528866597,0.128052192567908,1.21603847025791
3.2193094535981,4.05789335382939,2.48765195098708,2.12990502139917,0.457644385466988,1.69272025623203,3.15200368119915,1.81034749699329,0.779273126530532,2.28127180772502
3.2374780622402,3.56800970829905,0.743255121072851,2.27323051860481,2.4290899362646,3.1843999004913,1.84946693899187,3.65373319428443,3.58593867982347,2.94820140683707
1.88995942437849,1.72563919730806,1.90992484916861,2.7842735560383,2.04771295036998,0.393425123980292,1.2987404905218,3.11795484304543,2.94581028455781,2.80899489687184
2.88244419791504,2.12531181065766,2.52725836830046,3.20727250036714,4.16903798093375,3.32019298841853,3.25722356266315,2.45746867763641,2.53284228325318,1.90375529427164
2.93903344515525,3.0373480894399,4.15512088658078,1.76731247986615,1.23085770356183,1.72895346664221,2.2323587164305,0.839905220679669,0.63043685468238,2.95341289039767
2.17495255912529,1.72295782185077,2.6512419409551,1.73990672517167,1.57208816678267,2.52231553774687,0.0505367773026459,2.36424092374023,3.16606903646921,0.817813720014297
2.89366460262842,0.883384960364652,1.66827711097941,2.75782489745223,1.61521419744069,0.127326282850982,1.97447491719414,1.15401025295478,-0.0129572689092168,1.94837405481661
2.87652671037472,2.50185447336483,1.60370637164138,1.25656176433345,2.76473496153962,2.14252264043333,0.397169170717845,0.863524560427366,1.96105186925862,2.36989936873584
2.13145059581044,2.73970854472036,2.56002574380804,0.907746935869714,3.27956764706639,1.20143877144048,3.14421504564477,3.59674474213494,3.07644671251642,1.03217521671777
3.81650693422247,1.61738387395899,4.05251270129047,2.29463073373555,2.31038533373454,3.60724581969715,3.00013927419569,3.19041031796138,3.69116651079544,3.49785630476421
1.99357994609899,1.62142546588097,1.90821146265,1.39404226065116,2.68082878754487,2.58381382224379,1.22533839816769,1.97564321428947,2.64912630832653,3.65081580139723
2.44800452208519,3.27174573243933,0.994091213529655,2.50694521352266,2.61644917622832,2.60689989286203,2.09809509761924,2.72965228683439,2.6158031690264,2.42459264972481
2.33046375490965,1.61805820111366,1.87653015012365,-0.0631198710751879,2.48985260995489,0.280204798530994,0.830655478392598,3.22275876930677,0.725664326693491,1.69419711381458
1.02390248897895,0.826513783601698,-0.129758894170619,-0.00436106275508793,0.524156220347448,-1.76901250091524,-0.847396097782413,-0.0380383632506661,0.548044428459235,-0.317455704186628
-1.35300459411504,0.00581594682900799,1.4186651964085,-0.606879719446834,1.37622620235134,2.91104815149294,1.20893003154103,2.76229720226559,-0.161311691183465,1.24734672466992
2.44196241299469,2.22758051270078,2.18948068388191,2.91467867078088,2.88916829012985,2.40497068065448,3.57325176763576,-1.28808709657456,2.13388315732526,1.11814619719323
1.59706432009383,3.24108924365113,1.09527070581735,-0.25191506621276,1.08877191090506,0.0823505093991602,0.736345639927882,0.00611073202526968,1.12389350177172,0.965588253253212
0.216467190330473,-0.784301035581354,1.02468613751871,0.97361436597191,0.621223488734055,-0.153211411496483,-0.853610873599884,-0.542063106260088,-2.17883102656209,-0.871272785825952
0.382046950267286,0.801800368830271,1.11191592553013,-0.280260046867879,1.76521812841189,1.15133768231378,-1.20967918548205,0.107026872911039,1.47332687210043,2.15926733661449
-0.55253850702212,0.321078195316725,0.0444076952680014,-0.39987319779207,1.05095084136869,1.6920426979063,0.211453458493868,0.419924842642862,0.440654887248165,-1.88882141506827
0.266554985527237,0.161335464072839,1.08334530898904,-0.337265258675625,3.73616980691756,2.90941119677578,0.587874790875984,1.89029551366698,1.77520918651593,2.37747047365969
0.338998849907856,2.77461390610914,1.34384268590415,1.30757189384662,1.9710376117764,2.06941285978246,2.88593135969042,2.37620608844796,2.2753211993555,1.09801337293396
2.13280332662592,1.62902571183807,-1.54078637751044,0.0593617519685371,-1.26790021938584,-0.173995962551217,-0.274926073730835,-1.76371046519828,-1.425061522282,0.535586232909943
1.03093464817444,1.42533708793943,1.70647293116817,0.529690891082881,3.15365367594011,2.55604747855771,2.60059413969143,0.950589506938894,3.40456801721036,3.32379273456362
1.02314795596715,-0.0330645499267899,1.54218505700429,2.56553689133425,0.158783972949357,0.791923813272741,-0.274127809262848,-0.475415412434539,1.79620663120747,0.998058293094405
1.21458408571841,3.16686622044789,1.08776525121008,1.25938206562495,2.90919391790787,1.60524463703576,1.22680214981428,1.25727334865985,2.21748173215014,0.946301887455376
0.411357733914315,1.64754647223687,1.62246073333791,2.2308129414538,0.544544825928853,2.24713499131455,1.2959359205119,2.88322131544166,2.55713465468687,2.18606828220446
4.54244740143349,2.62364714476379,2.95321703313321,1.63061731774795,3.51148239439384,0.00547745997851612,2.07662965377203,2.44616189087066,2.00949063284825,1.69349069784355
0.621992420697472,0.00789039927256182,0.934003657983603,-1.71567236261368,-0.289779424955839,-0.979370644887325,1.03812711099219,0.281813930566179,1.04467768839038,-1.47332206186242
0.495020030320655,0.737241447078371,0.223301072353606,1.94151754154437,1.95271591984763,0.0180871338307171,0.0568901789673276,-2.78986748082563,0.908008950112432,1.45174842653805
0.539908115083938,-0.209062440494707,-0.256933385687175,0.16667255742483,0.55857158666135,0.0157184906471491,-0.761821870392538,-0.334424251889508,-0.464503249808684,-0.510920101423843
0.423167703749272,0.454663564093277,0.97506775606772,1.30939199297504,0.970565367475906,-0.13927235220569,-0.795788570860744,1.80936212880118,2.2900914942525,-0.605054202361353
1.42638783154233,2.68089248548926,1.38001870365132,1.84014862103166,-0.331071237604081,1.28436591542485,0.804475279097109,0.915697914738566,-0.127228573977431,0.1778670641721
3.06619354560351,2.91577362181514,2.59819951636514,2.46266675117839,3.58560232709375,2.53601075698737,4.50387129152678,2.68860576539091,2.98635902144207,3.3765341698697
2.15821335229661,2.99349137429077,0.289050366163275,2.54630052060569,1.651678046189,1.15558311770039,0.616614580800033,2.58771383111906,1.89453799708407,0.233264726110585
-0.102637762103936,1.55530009933394,0.927077174611777,2.67474641924426,-0.785872882082985,1.09221181131172,-1.27140334985241,0.894617377598324,1.30801562909443,3.44929441943468
1.91272493959986,1.70870454187832,1.4493857511829,0.301377162574772,2.26898941778588,4.57363351156227,0.898626348777643,2.80870714494107,2.08969888861943,2.08764938406297
2.02475423649846,3.60154588781249,2.57965694113035,5.35914197313007,3.80155195586653,4.77044488358455,3.83099082115929,3.35346688719512,3.31923092672016,4.09140044480621
-0.463810668326939,1.03656284353134,-2.48292164644216,-0.0209199238866519,-0.171016525479223,0.835437863468912,0.702092673025235,-0.504378506914832,-1.10412294727634,0.272311426539112
1.85331665230852,1.21823283881857,3.80197039597817,3.44268039601805,2.73151983261315,3.45832154389148,2.71333232728687,1.385293767259,2.78250981925144,2.50222831680065
2.42681214744468,3.04165486618826,2.00198597977112,3.0835208812227,2.57709588678231,2.87046774473927,2.95965635904512,2.31074743772346,2.60246675121566,0.510422317799683
2.02538807147688,1.48670512176923,2.11638029026134,1.98607502682466,3.119571970824,1.29544926169838,3.72232565058775,1.11725633881934,2.48884211509738,0.212300903949712
2.32179492196699,0.529405144900769,1.28009350004737,0.758401773699205,2.91834998371501,3.25432796272953,1.96576893928501,4.6078937420978,2.84542015117761,2.06926365213775
0.727611153604881,-1.2697540362492,-0.660919235255133,0.128175160153035,0.816268149154511,0.462731083560435,-0.621502334481074,1.61809479500446,0.238721179149645,-0.509961175325029
2.32665861270133,0.754761559689893,1.8340683224725,1.47982590251229,1.20236064722348,0.870627540374245,1.83361353291476,1.1434886101512,1.00474779618744,-0.574235543957981
0.942433895990038,0.932148195249678,1.52714886908915,0.140717597910867,1.77357936208284,0.678459176426599,2.08411343161059,2.6169838353032,1.11960595071086,0.802665874085773
2.02212903326697,2.41681106105402,1.88109839062362,1.11149433990276,0.579951652600948,2.16331632675225,-0.651651714528428,0.19226511162434,0.521848985136879,1.58803400151788
1.3467488804827,-0.148905767157168,1.65318851998194,1.01926680320993,1.76732817752313,0.2554572174361,2.35236206748816,1.15990142687496,-0.604372051953708,2.98615154507611
2.51374389913339,0.911942748885555,3.41298073348454,2.18171497210642,2.68940948536302,1.22329378021481,2.84966719746703,1.4832358726992,0.77139938986201,1.61249840535219
1.21095361143837,-0.229982482343589,1.49075247878143,1.24123150782394,1.64577498491011,3.02216676188055,1.32504467290812,1.56037133821052,1.27593022659042,3.35847983283144
0.480234854323258,0.738083303123396,2.00282330845306,-0.0930201281456395,2.05654976360632,0.951456649514682,1.34820977053939,-0.363066415221391,-0.696155463263101,0.309820926405776
-0.608938062201474,-0.91658948618777,0.420027487830713,-0.447998730428338,-1.32310333211731,1.96556364987895,-0.669675070926716,0.658721980186531,1.14026369066775,1.90547185946677
-0.378376817887327,0.762947305506835,0.383489727396274,0.943295666153145,1.15289814490295,0.933476468102495,0.830983072645525,1.70787844165346,1.35508268548634,3.03594520290041
0.498840052549003,0.164912682906309,0.0402135298189829,2.84697595134214,1.11895013131222,-0.0951588523286759,0.689414134006839,-1.07315535703026,-0.851499053392543,-1.31096692201441
1.80185353173735,1.26378156621685,0.301964295901102,1.80376778617035,0.843222666190527,1.31268355162628,0.795927926101573,1.00122996749652,2.24935009026819,1.70724969525813
2.10865875624775,1.35366260905066,1.85442712240396,2.50952980046544,3.19411238344415,1.43850678133269,0.827718618881317,1.02978352108843,2.32713806208743,1.9517134060602
2.08604282566712,1.6842044672463,1.78662606703819,2.77583427153541,5.0669569934444,3.02942956054382,1.81801104039734,3.70629908851523,2.67952292891025,1.81381159634381
0.890244882198194,2.07187910402279,0.58942444129199,0.537203328442768,1.99209186129263,0.0644786908732823,1.65129444097365,-1.12879755100769,2.10346226571846,1.35850114313841
0.892517901033274,1.01346978904008,1.15531384442611,-0.319404999528268,1.55719672500078,1.04765578393481,0.76035287320719,0.426455046631704,1.88711903635048,0.832367189461235
2.5855268210631,2.18654266900566,2.44962455413116,4.07873957580721,3.57862142593523,2.65520072130885,3.11216144785615,2.87673182085472,3.90430196902088,3.46948797400013
3.99093869617335,1.63765290762319,2.18764420988063,0.801776766243011,1.95353491793405,2.26293033444951,3.49714288154936,3.03760617326424,2.81872344174175,1.35134451340914
1.30715431130163,0.0494404652293302,0.465058098866754,-0.764227398390543,1.89509216154907,0.706234087154138,2.60713195429742,-0.0586205567348206,-0.208358958001597,0.717971131399146
2.88496771145191,2.04984027656411,1.6014436927156,1.80078430447391,1.21951655498945,2.01681249415247,2.61725874935846,-0.070926526709949,1.74647174883303,1.91437419720989
1.72490230832413,2.48575889064833,2.20774786817941,1.27086433577734,3.70464602650061,2.27582701751952,0.107807431631783,2.90068127785311,2.71998830541305,2.45627035824398
0.681349897208253,1.26874226250031,1.93792426387362,2.41106868053661,0.00780533985851983,1.94554695946813,1.61236828039458,1.51890353322773,2.27238362014792,0.807038957481149
2.02465550645664,0.960180876457209,3.03255178601621,2.38894418669401,3.1732914731359,3.17209562721123,1.31545722305914,2.36803410760395,1.24707611021567,2.59379244332608
1.66565750087014,1.2345951101459,0.0705078249625014,0.185107058427197,1.23943226962739,0.0932374210665546,0.624223202094894,1.1530031854921,0.879087075044904,-0.295037622034173
3.41595015729146,3.37683880662292,3.05042943706199,3.40253521615637,3.30887783601227,3.24294549019538,3.61027372762466,4.39570717260365,2.42611215039084,3.78664182046743
0.0243157139136729,-0.553387216597212,0.334546860377584,0.115664383658091,1.88086705565713,-0.787278118825285,1.12372997757427,0.975987675616059,-0.217670321838175,2.17126443935149
2.58577317121613,1.65677476759301,2.08465681827873,1.26952103390865,2.27778038996311,0.299747890480252,1.02909812769643,2.45008920657973,0.66080895715448,1.53111684032092
0.424725807554329,0.786884925084696,0.722793540924785,-1.04170702858274,1.26172689905243,1.10870480689676,1.46417626676312,0.260797037264171,1.9916219716075,1.80929708165077
2.75043934928436,-0.387658776444787,2.74748372124942,2.05640746971348,2.017908170175,3.79511355756235,1.7653285194298,1.62211635367896,1.53666333811421,3.15896968672883
0.535520580012295,1.77753749047906,0.471491099095549,3.86421226145628,-1.43066931869644,1.34930537565241,0.862059835256836,1.88011977032692,1.37074959444719,-0.0270514580385466
1.21405199560205,3.65324711125933,1.98203026469131,3.07155046756959,0.594281927516287,2.71543146537282,3.49980211807706,3.24026555864253,3.41869589902292,3.66456492212591
0.0192488753653848,0.702224123239029,1.98381796381927,1.48675762411857,-0.247709505455292,0.743356017720752,-1.20278823474011,1.58236851208788,1.41390419433131,1.5795933498834
0.116688596347745,1.19858583313164,1.08301367389809,1.66303398188771,2.10026914322682,1.64939132180837,0.82014790297623,0.314956922407464,0.325836190625947,0.203545119619326
3.24660118928389,1.55694995991573,1.35075963912219,0.981657392507377,3.56425881570017,2.5424161941618,2.54722079581921,2.60976296335581,0.754007003935986,1.86046543118496
2.02501939308833,0.711672527773274,0.481737483193121,1.41425376712826,-0.2508104169655,1.2400975081224,1.22751308017171,1.62268087832956,0.888237729367858,0.344422472719168
-1.73148194378457,1.966337762377,0.189673279215273,1.58853191650226,1.16046218603221,1.82882279471451,2.57084065966511,1.95960195404208,1.77241148157681,1.66532665906308
2.37910318091632,2.62130926209993,2.17910616434444,2.68728977996574,2.92774802070988,0.434737359317943,0.6469970921696,1.73354702026392,0.4282048149983,3.72440668266232
-0.30713106993289,1.33310515929321,0.896195956781712,0.755182323519389,0.369425768620092,1.1657902542867,1.6411767093013,-0.345567018086763,2.78744264480846,1.48160812569775
1.90302290028803,2.59720064813776,0.971246784324973,2.15638842631944,-0.638088573510508,3.95405408820567,2.91229309507496,0.0406486397973127,1.12640183602642,2.05578825275554
0.669572111230359,0.964954847077088,1.88387351988191,3.15623146422749,1.8533232639103,3.95652957621391,1.87153445252522,1.39565621620511,1.3970212022855,1.7257333556226
2.29139267126027,3.29340522572829,2.34119084839548,4.01647034329093,3.28449747810137,3.20683227723233,1.98843975506819,3.72989650466402,3.39318823067438,1.85370780546207
-0.249096192968559,-0.168535720652967,-0.245228958728314,-1.72909332472204,0.100990902812666,-0.647697868199513,0.397123259278968,-0.145701021725257,0.236040480869554,1.09760436287063
0.516197396883371,0.142593406191821,-0.0250867293811201,3.22378141240637,0.912749181413945,1.13577082821509,-0.299389731220767,1.74410624449249,1.49360831475072,2.71654238280433
-1.71661761953745,-0.809735172817063,-1.36756669143178,-0.256130109794893,0.773361724476699,-2.70962410485796,0.479760518507728,-0.30140310852508,2.93959465184516,0.488055086040859
2.20969360918706,0.164339617656234,1.03578614568361,3.14684641528665,1.59225929518544,0.9087525380681,-0.548405752341782,-0.363568353501025,-0.498280715531356,1.49036800638177
2.43640922914264,3.3230426114016,2.29442698678193,0.93037679687438,2.55170597054728,1.426888715065,1.87090294997088,1.1918034848807,2.40006203325068,1.71577378430767
-1.22103589888848,1.79697357453628,0.512547904715405,1.21623919144399,2.60159615123638,1.43678957338613,-0.168180224873988,1.81339456720873,0.35436236495864,1.23186277786242
0.545751393723798,0.539697622951243,0.565103275730484,0.245168409344673,0.374704475932891,-0.493362554409347,0.964870583719787,0.86979823913726,-0.166038529020333,0.0437918343464765
3.29593187117785,2.02864445353634,3.59390020804751,3.88052961675425,3.38634657492799,2.98095040270069,1.99869360725773,2.17864375122119,4.52038898964233,1.57220752798872
-0.323655949905408,1.97305941277976,1.89577661410143,2.23462838201996,1.15530877035441,2.39434806513577,1.63456649048871,0.90021452527519,-0.119549915854471,0.0693029225902198
-0.381463587531004,-0.413945164539139,0.479626432405091,0.233551942412239,3.22643312632034,0.801308951499932,0.930406693030205,0.888243486991618,1.51769256581392,0.143795665497217
1.67861956546487,0.347659691751527,1.6381826591785,1.1387395758262,0.770841794908404,-0.405542565790356,1.07534147352027,1.05807192902562,0.60691745645886,1.21239235742482
-0.387580855790707,0.077574870894703,0.437739693524451,-1.05140788466346,-3.65362128023121,0.257517481797715,0.0293240139575904,-0.922479975918368,0.945804303312482,1.72523362581018
3.66846827816588,4.36524153123834,3.54842384509886,2.36825534362672,2.95966484849635,1.64564634066629,2.37229349362139,4.86159551270826,2.45184168859605,2.22445708864777
2.27557629279105,2.0377324157303,1.23916154881968,0.678872626640492,1.84882813656274,2.071599266276,0.542795757605819,3.62048965400997,1.72594756071238,2.72931712787801
2.83928228203688,0.868866388629785,0.679774956894431,1.49414701063971,1.7958644382015,-0.204368425911787,1.02469440599671,0.51831763752451,2.46684875974574,1.19242780730014
1.914148325333,2.2766197768081,1.93059097738096,1.98808753968587,2.17526076351604,2.69623925708735,1.74649045408492,3.38497509549397,3.99159615508656,2.75979191205852
1.87921098686881,0.812472631580608,2.46091295411817,0.616542001842168,0.961284252366401,2.3897133942192,3.08206901889007,1.06306028957406,1.93872299520672,0.984464767103519
2.44446285071215,3.10110987422109,3.37174191192686,3.86922312604136,1.9691812044641,2.42955171382639,4.06750284935363,4.89014240605003,3.67173708491349,4.09789705095529
0.175796951314093,1.17377905097932,2.12191750577789,1.16189668192051,1.0099290701564,1.94538823641843,0.960676414512155,-0.613702390152502,1.95591661626391,0.766901403651393
0.0934995642634624,0.935124661571781,-0.685066020998222,1.50275294823232,1.93533253058733,2.11024190578102,-0.189967229256125,1.9824171506853,1.10420497806136,2.05532907837389
2.9155279390519,3.17139777946594,4.46006974513236,2.97399215203788,1.37747157191081,3.14748272128727,3.63628504760415,4.47120847032163,4.32267058575603,3.85349724177424
1.99263589188601,3.1071002471989,0.959992871970752,0.00305994478708926,0.12885877570591,0.983957988342259,0.00540234443988052,1.51865136366934,1.56030478196994,1.38824055677034
-0.0963581036750496,0.304564370479554,-0.000709651153464552,0.40819950852056,1.04916169318268,-0.112057360093013,1.18571683101188,-0.78895047553977,0.975618176641154,1.37680626088688
2.60697860177893,3.58862541705285,2.31775995908842,2.99254145758719,1.79742098729143,2.89453536414061,2.93128084802436,1.72806922257602,1.73295414750156,2.98546698986315
1.66142772849592,0.322068430694477,2.5457546000604,0.392605815710044,2.56368636120269,3.03430561917595,2.68223740709488,2.9906422889177,2.13010154796813,2.9824224832532
4.01217817626669,3.63212119055502,2.52599540779002,5.14138128071819,1.56369573063625,5.45303422669955,1.88300381263158,3.41107073153516,3.08905285484122,3.65872349591089
2.297513894022,2.86874107377958,3.54609099493267,1.11386624795374,2.37800735307426,2.20836024771896,2.61546796756196,2.66359494355702,4.23056912015051,-0.0404102088380505
1.76885814169328,2.06688523627702,1.29703887315746,2.35678682426079,0.981962739990144,1.23555651376001,2.19287611544953,1.78618073812016,-0.150053920811358,2.47391062775194
2.42708678637519,2.74771267511586,0.244537007010478,2.38488532658839,0.457888894079462,3.09645011282019,2.33349219961018,3.95456264157147,2.03500240829942,1.01980520880153
1.72161090076698,1.83930257655176,2.77838181136331,3.1970572828404,2.31982394522647,2.03821536875114,4.1283246232548,1.07607506423082,2.32437941731942,2.96378886645849
0.705838294281156,1.2551235965009,-0.0635632297128654,1.03592358122166,1.39628614139278,1.20077521102593,0.572636221563311,0.792964006064381,1.01433575223512,0.514929628672981
2.12124109538248,-1.01842412014257,-0.997803054185946,-0.221818469015447,1.91759892921845,-0.163254459634232,-0.39626308126845,-0.136730794554282,-0.726937101324908,-0.619823669466116
0.392994096498975,2.02697223972342,0.908188117730159,0.835123517602754,0.949293884730748,-2.2021276069347,1.95165640294622,1.15048103835821,1.79942943953751,1.47050563992684
1.21039611323038,1.08832733340832,-0.532552810904485,-0.00272029551231448,-1.14334684827783,2.06734027393964,1.4507614370547,-0.391565520783639,-0.971413647511901,-0.511297416466685
3.79606993178472,1.47868951580472,3.35588086889221,4.11527577116236,4.37045510739225,2.93177670654615,2.74668263186451,4.09055854125,3.95136087983126,3.25976374472767
2.4027888409355,2.02737902391597,0.954660373420846,1.28244018084997,0.447096316116932,2.95445433962591,1.4429422603031,0.533026521871808,-0.223793589274604,3.70605532661117
0.4711277399079,1.14443179267827,0.563458376408936,-1.17453068989897,0.0445215464536639,-0.0408495031027045,0.634861386200793,0.754734327341385,1.9137689802984,1.86003972139799
1.46371733882311,1.25467453188281,4.44312506621474,2.00713023371938,2.46606761854149,1.76432949382018,1.59293659553575,3.89516233154745,-0.160946048794796,0.111359103479994
3.30476398905244,1.8900306716237,1.65049952386731,3.79854866634036,0.430734071959297,1.84556332510533,2.67008271120689,3.02345875990032,0.559545820478812,2.8230595722928
1.73636543101333,1.21842737219663,0.726067388404437,1.83754320606699,1.08522213739084,2.67214864136693,2.37360934846308,2.54822698169636,1.69318787510839,1.31652936979673
1.89132235517572,0.973482313436369,1.77817781881999,2.50053955581999,0.577844626965512,-0.653435340760037,1.43070147430789,3.13301128649933,0.0341059103334823,1.54651190889808
0.326705684067257,1.44034654709281,1.75608838390659,0.911484506914247,2.33375311305262,2.23488328605802,0.176872430286395,-0.00721442488812363,3.49991282591726,1.37790029586871
1.59867423583491,2.21485500319702,0.427429325405763,2.15521203702345,3.43180993427304,2.73114692538393,1.32702666574129,1.58002343554471,4.0017495303001,1.39639469217292
0.887239479709854,0.299703744279937,-0.00615178350845369,2.94249246219591,2.30530831514463,2.90953050351223,-0.834761175238242,-0.620502367829351,-0.323000760449479,0.705216113176054
1.57789555835385,0.934062012413952,0.108062152187073,0.459738446782754,0.289653939581351,2.51186619918673,0.456084453478555,1.58677508164924,2.61066063245247,-0.226926221774054
1.37790738100493,1.01822559659185,2.23876041179046,4.09711368284572,2.02921234819717,1.78983826660016,3.96170800020367,0.884318821258979,1.8296711506811,1.60847823593534
-1.54280613439723,1.05564059441419,1.88324678347806,1.41382326774171,0.258768117381614,-0.180844122508949,0.373496039208872,1.81066343838575,-0.624140895813905,1.24388843940535
1.18674869115343,-0.676136655316386,1.38922873719221,0.747677889937602,0.67705633000541,0.0433560835497229,2.25812274802967,1.07043824701222,1.60879103519478,0.677502858709303
-0.900082728222282,-1.69992715306954,-0.976600266003887,-1.9135292049457,-0.019619999843421,-1.03455152946753,-0.00203648835287526,-0.395083414730718,-1.33069436841077,0.127495782873781
1.30941614318319,1.09317508763659,2.69495507157919,-0.0906380915477598,1.26548611786747,1.69988728523794,-0.117033528106327,-0.19375267929215,1.24954476705998,0.719658808025654
-1.53304171186323,0.520218304641407,1.41772635674868,-0.286654718996049,0.862102262125129,0.882418751707206,1.09208884877652,-1.22992920385646,-0.0494985452009526,-0.46734693638121
0.380540548818245,0.292859221736159,-1.50719999564067,1.58783771719257,1.6967591652336,0.477509546982708,-2.07526745493038,0.579669462648608,0.754495472633734,1.44913562474241
-0.0779344525081251,3.03907262702449,2.37050545387564,2.55492109540963,0.550340110064868,1.94703677830385,1.47884175544289,2.14225722068115,3.43665846884733,0.403113685378478
-0.12582602971151,1.48244695709819,0.9358196107867,2.39634246541555,0.420627734779889,1.26848898156182,0.800117468962934,1.93503570351689,0.425073812202377,1.11523602472503
1.64201242439652,0.519415407746188,1.5694560790327,1.72788158246039,1.14435600876296,-1.46952374103806,0.693036370862145,3.0658085756364,2.13847477261369,-1.03986207452017
0.64105256095037,0.303474572038294,-0.879206350091188,-0.13261739139157,1.35965890971503,-0.121883824122959,0.50478493340143,1.80984909341374,0.676293807514278,0.929608041078626
1.4711745117617,0.475181485903494,2.0612554463675,2.30168374412977,2.47330063935352,1.24325244463721,1.37022119414981,1.10274377427572,1.89589696619107,1.01322924814019
2.7368281049775,2.43389981999411,1.83011970785886,1.78318682251817,1.09637763984268,3.62662698211915,2.37872884563323,3.91890499942772,1.61091169516347,1.80522398487266
-0.084425329757208,0.951021667202957,0.350007964644478,-0.324923615685594,-1.09974043072165,-1.88278180418435,-2.01052627957922,0.501457133565036,-0.624701238033824,-0.710995989256588
4.69310972873845,3.06742275625924,3.39874909368029,3.08362782355837,2.79256447689521,4.15198230456289,2.06326512647473,3.51250174378699,1.9580649319639,1.50797947185573
0.998534390234063,1.96008327368573,-0.052241429454047,0.903571601653643,3.93224386788175,2.90006135481315,2.13610697736488,2.81748314086909,3.13713978851171,0.651963432569824
0.913774216251749,3.4943613780205,1.01108010514533,1.43035679918784,1.07588452925343,1.35819019896971,1.12387973004877,1.13070690920385,1.07363092986578,2.6395851108599
0.556360985657221,1.69214907359326,1.45890536657778,1.80390193730088,3.66903987857103,3.03429893221,2.01279225018811,2.1674487949815,1.65127006595213,3.35699832353667
1.19755522392014,1.88509655878458,1.31748675935266,1.34813148920053,1.83689648693381,0.665322164324434,1.62415662141891,1.64175745525204,-0.24751651999774,3.75936533718703
0.727852687984668,2.23535078739873,2.96373566258398,1.71115346466591,2.09697556786164,2.63189975434387,1.07197706174867,2.4854918142247,0.712107340332816,2.23896413769143
2.96754061876324,0.469704930830334,-1.21987473627276,0.045248700768602,0.178461309473233,2.03763980585989,3.00772898186709,0.699796151533949,3.33063298619909,1.32821956645633
2.65998179590569,3.63746954562543,4.20386868073706,2.71252784086905,3.5966475551147,2.8595680847438,1.7048549792731,2.39090879276997,1.84515681591176,1.21487427361314
-0.0958735024758299,0.690520603773074,1.46936613676217,0.189149440153929,0.0207594049909243,2.19952467007604,1.98346896695513,-0.568795301063733,1.2012699822605,0.935655008447611
2.20058196243136,-0.340313658017491,1.5265062236237,-0.42315584425925,2.06308022302948,0.624519684363797,-0.951591750475541,0.533424282196113,1.12514348127355,0.38701032817766
2.01669172414312,0.475911578591756,1.65469402602258,1.70061396883969,2.21363076684417,0.535425376111168,3.92562051592761,2.87796184824592,2.62672914483427,2.73673627121495
2.01509527162417,0.679512086495142,1.06809256033405,-0.721218790003329,3.68754945874812,0.613277824649898,1.40533116446131,0.474815803776338,-0.881782326125803,1.46297796964753
5.15977269443854,1.41223601660315,1.1315644682105,1.20694630385636,2.89900518368186,0.815755810629211,1.77746956558544,1.98251009866265,2.76411825807791,0.676003313572106
-0.20252168710485,2.83189037777825,3.46481312507871,2.2647459376482,1.79205663702674,3.25183709701718,0.966732743784074,2.07476915695703,0.509008108978896,-0.108588780834719
0.769012606499688,2.2769463430226,1.57725710380779,3.73751714179304,0.702254853313808,-0.116405645056616,0.900640951352651,0.366874147754767,2.81864573190999,0.353595845630197
-1.98128717556099,-0.709979799176431,-0.732286738557245,-0.969558106520004,-0.418243439365948,0.374879039001881,0.515777756391366,0.126473392451304,0.0875943603978725,-0.480837607809878
2.08064746848411,0.349954122228254,0.56552570719356,0.815538707362639,1.63925007643648,0.092916869171809,2.52847985600841,1.38430285734197,-0.205586275780576,0.806370362880355
-0.702833047895234,1.46066505465629,0.374145551934091,0.189995954288724,1.04750808060098,1.84875657470673,-0.138764972995454,2.28539958133901,3.75462788877776,1.84274163341848
0.0148287232410662,0.55029727602962,0.883571382063523,-0.838104680964171,1.67326382255306,0.989114288621111,-0.460029261726783,-1.32840744235819,0.662096494802746,-1.51913354843643
1.73724599340551,0.393092447803365,2.78836934612513,1.65434650216078,1.87223106690114,2.38757137393419,2.97251598345877,1.81169314349954,1.58378838249367,1.92462679859502
-0.146777192009447,1.45476035979626,0.822824499895009,-0.163286949885077,0.323875395359464,2.98703044503392,2.08992479443373,1.25206371797246,0.861383752138078,1.53285094407574
0.58729542869174,0.381385456688823,1.2627609283313,0.290334926577334,0.663708839925016,-0.846628518637244,-2.08090939316694,-1.29408185591856,-0.0633808998739411,0.0478737262075219
2.07264493376147,1.109065078522,-0.229012123123087,1.70769593119231,1.50047492657316,0.655059058425664,2.05436476877393,2.62598852429916,2.31063430482756,0.265057164430787
2.19778121237111,-0.972708210548354,1.18749720687132,2.79713019961534,1.6355455153068,-0.69878531898801,-0.0632296678529001,1.35737377796233,0.0823269530685594,0.973030214194027
1.13583565975475,0.542020382438316,0.359206383707853,2.25731061079793,2.00041603748523,0.235557257909784,2.00079897130084,0.226429442279754,1.42937562790133,0.16291925323989
1.45910617442385,1.71597732688,0.573634426000259,1.44918629249354,1.9623814001004,3.87427259466139,3.30962492651741,3.55789535598069,2.75986382258419,1.22658639048934
0.036660091933329,-0.712816288661851,2.47620515324346,1.09593335692523,1.21477023596769,0.558041357260227,1.51718607834609,1.1724968893266,1.17168987402725,-0.133352875108887
-0.143587948463829,1.02677136884223,1.69759311875892,3.44380070218896,0.755670671732352,1.58040917990861,0.929576413306976,0.701499320130222,0.680440522072991,0.836930598858292
4.60239827173518,3.18028019544441,3.20154217851774,2.4909822344057,2.79572876500421,2.11084427046733,4.92554947378752,3.25461883360607,3.49422105874999,2.01384118715805
2.11716679337718,1.33072391988669,4.35940896783695,2.63142269783315,2.10734257108167,1.24510806977267,3.55826383293576,3.09440410458678,2.46799762057691,2.87551264735371
2.17423413031247,3.11255595608254,2.23728456856754,1.96800073977398,1.76548126854983,1.1054067178384,1.75123194741761,2.28840633057259,2.88014581149101,2.62209928057683
1.41647551493613,1.85618846052876,1.37620644134104,1.84402669396256,1.36775742633769,-0.0487764935203481,-0.30006030695791,-0.387486275840881,-0.819823834702949,0.561355656548281
1.96214137152707,2.94884127925024,0.832478460514573,1.67311539764597,1.10256377728463,-0.243825404944555,1.70556314251873,0.290681058970627,1.13686125016542,2.25077638971727
2.55609267962678,5.41647498856994,2.2051850927705,1.06473625855156,3.71877650713447,3.40665032101599,3.35999654811779,3.71055393759832,2.48599737571839,4.10021850474385
2.92165853920681,1.00026118005224,-0.377222622004773,3.78381166233185,1.91855740562635,-0.541458082218795,0.15501008500949,0.0166229450977533,1.26003755143067,0.0223338093042427
1.44414065779835,3.53820701390387,0.682276499818495,2.28843373839934,1.5617699317712,1.60528665781167,3.36717049873295,2.45869499514844,1.14674885558657,1.57196790671645
1.74765385883485,4.36052722401723,2.7528933402155,2.61744571716671,2.39890543077763,1.50799892196906,1.41130471705329,2.09706282138614,2.78416886458863,1.38479017857759
1.6490975037703,-0.712064029755263,-0.109978005034135,0.607858912115509,0.846741744760946,0.591913505852285,1.65208189753636,1.41661392091484,0.12462268262949,0.692290383094054
1.87995175794047,1.46570919329961,1.62936503457433,0.168779252132199,0.9795683630462,0.869182482706452,0.922688140659658,2.01035829011199,1.23352535719711,1.6786138145531
1.78095790306984,2.58619945499303,2.40128123998629,2.29267180425022,0.863193184139858,3.79218017358549,2.11079104758576,2.16716050115132,2.59432132923398,0.532373419047658
3.04749261488816,2.09505866682312,2.7335705423094,1.73929209717045,3.74819311138221,1.97867146345548,1.33181958864104,0.810049695767572,1.01316494139832,3.15026934870622
2.3018381498465,2.45267097595895,4.09496530133521,2.96949152821737,3.45084848483819,2.65908931736895,1.22681864650954,3.28008494064558,0.486170604294612,1.67086906642188
2.74342196093407,2.40310645420927,1.76844445771328,1.09319070887478,2.97566380689783,3.46468854497169,2.09707392090013,3.09535310870776,0.84967706121167,2.37611513549505
2.03185283389269,1.6775276505577,1.61066736859926,3.09237892738557,3.50946392058774,2.92291321520054,3.31149860884049,2.51770621560042,1.17212393380026,-0.225788434548943
2.75270182646299,2.93559651606286,3.1963621053881,2.5039243975566,3.55418395850778,2.21863409525844,0.376890906439005,2.03996492132886,1.23533730492601,2.31470337859792
0.74379644707314,2.61448476648211,1.13446477052292,1.67257894198818,1.32072302325638,1.37072832180002,3.00562836085381,1.15862100747608,-0.36130166246811,2.43379603352926
1.08047630095499,0.359157159801058,-0.356052466839944,0.35613367263724,0.937640356640822,0.371647402544091,1.04713714440731,0.579339878709694,3.63143621115947,-1.55332177423908
1.04450478273234,-0.931651739714368,-0.92278906152512,0.550555522636569,-0.295299510876846,-0.810592912221146,0.416511551249322,-0.282199455407349,1.11437749353999,1.10181265556704
2.46510424038836,2.17280896174346,1.86010842087528,2.02235382286637,1.35770977015537,1.97567643927037,0.693638397454083,1.86447067901116,0.700410542196389,2.07528833223848
2.1958870591417,3.54944673991969,2.22859347270697,1.66991884337554,1.18668568838166,-0.230094069769659,3.58130056196848,2.45229436680809,1.50359007357481,2.92160846591135
-1.66141715275585,1.24970274211881,-0.0863773821599556,-2.01259615067776,0.242106304716569,-1.19042547712984,0.330372028119398,0.057086188616749,-0.779175307179325,-1.46446915054615
1.6196486750352,2.37685220415294,2.43086976941632,2.46663421335767,2.18248510680882,1.70021238224791,1.75826804013178,0.152333136372664,3.48489250078028,3.09184424808239
1.17225866899748,2.34743214459416,3.54393014869728,2.98671968980007,3.44383275490084,3.41331546766832,1.8363744710226,2.75012988725265,4.30748893550769,3.56896039483093
2.05192312269117,2.73770649218031,2.27787962882008,3.34904735009943,0.753972533743446,2.35268036463099,0.189408117323772,2.29151513017517,2.90581434014662,1.92503643381003
2.01901335037329,3.02121211981309,0.473730070755477,-0.17663376895047,2.00933831623114,0.373080366195858,2.62080431699486,3.55805531417246,1.35666076074463,2.59642921212006
1.9065786030571,1.91024370727145,1.84768868833299,2.72371499894754,1.9817263522458,0.655604802670876,1.89036983605664,2.5171084156506,2.35338682247027,2.86497039859482
-0.836423975073786,-0.509145728890748,-2.8646987322367,-0.39425979631265,1.60088531026292,1.57992704175522,-0.546255952887479,-2.00774471435554,1.15422858132327,0.188373839762056
2.65741510849733,2.76517465853045,1.30525371274004,2.94810423289651,3.84922514359305,3.76973587775043,2.25034893609875,2.41680153900792,4.19720327340674,2.22977486096044
0.577359660394547,1.88839118048636,0.584481351613343,2.08661072474926,0.522631413962986,0.865363975167814,2.30497007810018,1.98355109928178,-0.0399686910259935,1.17979475535147
1.87986507933444,2.31329265099116,1.11709538658289,3.71699173569968,1.51572411518821,1.24305541174783,1.73660680793234,1.26460215488949,1.85544743658387,0.770633362108764
0.883608467877777,0.964972429592047,1.34747365021194,1.21739730139386,0.105544717736718,0.371254780737793,1.7131963275616,0.107108835275479,0.713097909390004,1.52512224231112
3.35901443458084,3.67415680311142,5.20886318885506,1.87200314938389,2.29910053629278,3.06352225213321,1.86791030536078,3.85383669563519,3.83761451790489,3.49863547377762
-0.37961526519522,0.0141838039491501,0.641800159702138,0.160852484083268,1.11932367917821,1.44614818364954,2.2066936265437,0.445786412062892,-0.262825630695294,0.866093680189103
0.0727114319821942,-0.463764437032009,0.440643428925743,-0.805002878473122,-1.75458580952509,-1.70007222092479,-0.290708988664027,-2.0823059316432,1.55443629509586,-0.159820847429658
3.14989189322744,4.04553265905697,2.79690051123571,3.10899753050289,4.60044208745808,1.4733108173722,4.12797566293564,3.68284914437373,4.6909597302822,4.89113476113695
-1.38492180988125,-0.356803204226337,0.292105012512494,2.46543364067025,-1.81239573358039,-0.479611690005469,-1.04885414072393,-1.14564888385404,-1.42649028362225,1.2125577889456
1.76661980123787,1.74657239525001,3.4013419006721,1.68782093573802,1.53606964743724,0.324379994449119,3.44313178877988,3.39069589407694,1.82174500899046,3.70482466590577
-0.55103447582467,0.700431647577436,-0.118506948229331,0.726619396315958,2.73218223676229,1.85736419743218,1.45074684683137,1.44773576965133,2.43736269147167,1.7564724263017
1.66834452014694,1.97210022132748,1.44219000732024,-0.671509966548688,5.17814508073137,3.73876205082406,2.74071821452385,3.43650302228783,1.84707473692359,1.82070660292755
0.768232476867785,3.17591109724745,1.79304064534518,0.941044602883947,2.34461620226532,1.55362474662579,0.867097287662021,1.24534101456986,1.68883564979743,2.18583918671302
-1.24980673679046,-0.677221494301139,0.134131319556028,1.09254592436079,0.503615757209881,1.81447661530386,1.7415947769176,-0.164188182873575,-0.027433155858773,0.355995194142803
-0.200702130986868,-0.124290119355206,1.15256340258811,1.14460348170292,1.42166181955785,2.25208625742534,1.56000342891171,1.38262589724161,1.00102020405646,1.13039646519632
2.29955603023975,3.14839591792374,3.18300474318884,0.701137305964431,1.6657091554975,1.09948491937772,3.51177367699199,1.3729730589012,0.554938233805316,1.93957247924101
-1.51913305852843,1.79810007917917,0.903840323676388,1.08712860258921,0.753610891672601,-0.0329248517635285,0.144836546420362,0.294550215154423,0.950312181570647,0.890120906286897
1.30849709371026,1.23287637648486,-0.141274028870666,2.83933865437331,-0.862628455402418,2.94757848090832,1.70609997243602,2.24381886710489,1.79649761675123,2.06160734738295
2.3482000491204,1.21667193113036,0.143669665529954,0.784882939092722,1.64842010755956,0.265627731999513,-0.778346433734616,0.809961813653428,-0.589660122626952,0.343143484765294
-1.49263452976818,-0.0830190402837645,0.123880684814685,-0.143902998781766,0.0789351379979542,-0.430550800563579,0.882199592088687,0.795446003239208,1.10845848520919,-0.191703780444781
1.72534337175758,0.954507907915817,-0.997958240703203,0.144052632042504,2.13318034734274,0.305347680540646,1.40569768699559,3.82527842159095,0.850852106926764,1.83605082126244
2.11372980193451,0.622460892028783,1.17825240591989,0.605420430455896,2.02163377011322,-0.22157735052706,0.49683720430875,0.283081339486808,1.26510405266927,2.20550502162622
1.96737938916908,1.96656038768947,3.89887524564373,3.39119185635496,1.71654955860582,4.41741982312991,4.30435534001334,2.22545774189381,1.86621959559091,3.07746140936298
2.9441564404167,3.60788802120548,4.02537909171416,2.5487667918298,1.80429799059632,3.22710498739041,3.73362482467794,3.44399031449107,2.1907879900488,1.15527717954204
1.5838266183965,-0.945786032364525,-0.310130579323815,-1.47535859646572,-0.80964305886614,-1.02433747580537,0.328899569390576,-0.592424816805929,0.875544900968971,-0.0252235887361546
2.96498374651852,1.22444800429078,1.78058686065231,2.05138747955577,2.84429337817062,1.67662834119594,1.3743381686609,3.01670068942456,0.331345626931196,1.49669984544799
0.621009650766931,-2.6771128220591,1.24477588836922,-0.721247442884802,0.480565064874768,0.355093971821664,-0.88835871101256,0.824468042313762,-0.136704473298228,-1.83079123589802
0.883628265663644,1.76062308947007,-0.0856298112370872,-0.284905661744085,0.687622281579382,0.737304156487072,-0.635400464317017,1.70680316692122,1.51411913358969,1.75627207433593
-1.11799074893415,2.51981676279956,2.89061344437404,0.768096009631115,1.63643263863041,1.02305906773543,-0.126874070327419,-0.314483688007291,-0.553622881245134,1.2934901661408
0.125364872693881,0.212605249225571,0.969788270847373,1.27881505824023,-0.584206338281175,0.485673485820084,0.12583792049411,0.260154941889719,0.0421390003117317,-0.24666600947347
0.837257027397716,0.848179731273933,3.01232312161932,-0.0200059433163398,1.16349461195631,1.89946951428484,0.202346796636861,1.08875544625919,-0.657997227861322,-0.00884684412960057
3.33158295611419,3.7893543564528,4.82200518891441,2.73410089609066,3.33373413385816,4.04942326907179,2.36952455929046,2.08840257105675,2.96917442636987,2.80883093285102
0.00754505118719573,2.37181156432722,1.16452228975112,-0.55609360784754,-0.366095798403612,1.57079875844771,0.873013336240737,1.67101247125361,0.0847401303212404,1.96354294738492
2.43755064002153,2.30543649118556,1.51834055788812,3.6666126622217,1.04977105053795,2.57138183884764,1.62057802092163,2.81403528701915,0.199203261951527,1.53385987265579
-0.933889196605091,-1.8081555644195,0.556657050173306,-1.48926838421269,0.236086989706077,0.574199519774245,-0.868893424226889,-0.115623032618196,-1.40542637312437,0.714586519063514
1.82870494196813,3.08782603369389,3.85726684154362,4.58773692362602,2.01027080936107,2.14510117464356,1.72742209592196,2.59527165297936,2.55282799781754,2.41888109551365
-1.25374828844142,-0.171866581379943,0.884298938599424,-1.97676327752819,-0.258805449711001,-0.0545475598763472,-1.45984578755992,-0.263307623439298,0.00705558669342391,-0.133448945323194
2.6089173900436,2.38375794446885,1.75628238642799,0.667000131957266,2.36945058651898,1.92148646994625,1.41354210454753,2.48446841243179,0.906891027132493,0.941870167106083
-0.524675785129774,1.77634763487801,2.52005129257681,3.35628585626167,1.98097454321865,1.44494105064977,3.54225543214557,0.384152052982512,0.864204109465665,2.06784897229469
-0.626998513403552,0.527055964903792,-0.122664478901099,1.03292084713454,-0.712804001417867,1.04443780549136,-0.0212183441452989,1.12601931075219,1.88296204359745,2.54009049858834
3.18343749307776,2.45113236021369,2.27594111287752,1.24745903219078,1.61345530677538,1.81985730999285,5.11416147594202,2.0777238277487,2.78990753526307,3.80990319493975
3.35799858975527,0.275193653731103,0.882140420791155,3.16938762708857,1.03312910335118,2.0829819968093,1.95395901027581,1.57391288006714,0.312552745553266,2.03164306746325
1.74591590589297,2.4905732516463,1.90428302987155,1.4373281721346,0.0943057788357775,2.01323856291266,2.13009792739815,2.74787628587851,1.50266954595996,1.91501345498151
2.5049753550537,0.0589822379399406,1.45835606975991,1.9361746674034,1.28979793834134,1.11198474921673,1.34997641375514,-0.664250403878967,0.942328027008239,2.47502946785611
1.20290602455963,0.175482449466107,-0.321207589072318,1.74688492595875,2.72125075183353,0.433599435558401,1.385827337478,0.94508840314539,1.59417764435045,0.989561279212254
2.00910863823585,2.47938424858193,3.30403782139144,1.76335639201621,1.68290642469347,1.60401472884559,1.35147370855366,2.26419048801241,2.20255720905596,0.458107323667011
2.06743743483054,1.69060925076522,1.67619865242046,1.51029793352718,0.725463559113192,0.149923044233527,0.937212700429853,1.62307459073977,1.13471312630433,4.21941267593256
0.0929756937480902,1.05419562788194,1.89244805665287,1.86521818429252,-1.67217989829315,2.53537798616149,-0.735452544772827,0.571785339605943,0.790946270329113,1.05270037772607
1.79311306893557,2.38855027459021,1.03201425912104,0.640859864312641,1.28269496793441,0.526390460055438,1.92823185573198,2.78139322091614,-1.28703159050676,1.44329804748004
2.4798833533328,2.85473161866106,2.57031960941098,2.21196060935065,4.44122330666891,3.1561739932337,2.14906791743541,2.43605353998282,3.53925534763309,1.63983686180968
2.80301679615032,3.93482343664797,1.93705322625546,4.60703131683206,3.71267457377315,-0.46831827855749,0.562935528726053,1.78725416934228,0.918066972599981,2.2583197292876
-0.494385591537062,0.389263710270888,-0.432081741111331,0.944813621554353,0.885457013103669,-0.427536301481637,0.555224800759884,1.14323822578996,-0.191886053562619,-0.262359480794222
3.21204851454654,1.82436653884896,3.27611748413055,2.61811657464583,1.5004549858538,2.56094793303519,0.768078642366823,2.31499271736614,2.10103033248859,1.62550222760079
2.30493823811067,0.263090550121793,1.35002828407456,0.0543527693780266,0.246360576473868,-0.937473482310983,0.525450218866106,-0.252791097304397,2.19438800184837,1.61509297720077
3.8565428063811,2.27993649314683,3.0948769160123,1.20082992208602,3.16110821570223,2.93976134202767,1.44466145658406,2.20958029663933,2.00148054596245,3.46902315132744
0.202414441941181,-0.507880760677039,1.13257452004827,0.765861873141054,1.16011032388699,0.362612603147479,-0.0388054267546611,-0.497259785223569,0.563510779735157,-0.980543589484757
1.48147671525594,2.74506472952995,2.61539862290969,2.23604691285169,1.12801673394168,1.05607370024796,2.20575068050414,0.953081851626994,0.898765237012042,1.96767210711899
-2.00124142826182,0.728053219988328,2.14801998281042,0.852848192790038,-0.937683617755539,-2.89560564452386,0.774870051837004,-1.2200356823792,-1.80217623878088,-1.23078956998672
1.33814592180573,1.20708710064805,0.777729059254207,0.216159325942362,1.10198642587023,-1.74402189591641,-0.85541644280457,0.729727375743792,2.60395764020558,2.20145458052649
2.29749167462519,2.526410315175,1.44608162372893,2.98082104807782,1.59719082725792,2.55304227289788,1.08847864550767,0.969406952641638,1.80903705408196,1.77972699841153
-0.956457428292034,1.26865249172185,-0.0505955120169102,0.757718784134821,-0.546310930082405,-1.14982826119704,0.874784358587041,0.0788481374308514,-0.39796296176022,-0.0410516948684755
1.54225027378737,-0.692618203921702,2.18263412400132,0.941176754791709,-0.0225101984215621,1.16744867332832,2.48707938537214,1.95062078614411,0.867040168966912,0.0668665824969481
1.69127830462897,1.24638792478317,0.754175745033815,0.258531336699067,-0.074680826574915,-0.305726719123175,0.497260402029175,0.689576992935134,0.37376598390314,0.128342217481567
1.07280461351947,1.46066991442537,-0.271112773456156,0.789872048636458,2.5151259643587,1.85837576051109,0.625813568568101,1.27292931159072,1.48798273340908,0.690168338507148
2.42497197389242,3.23784638463682,1.65212029931116,0.751076717110245,1.96452087033517,2.42831819732067,3.3019549671637,1.47313384944,3.60251972085721,2.48760618286681
1.64174991572346,1.97215388533855,4.53154459281264,1.78199727273205,1.29279885072734,2.5835054713247,2.08650242809795,2.51975623542749,1.76738955820104,2.90206648968615
5.95637763345007,3.82831458270261,2.63427961416,4.24097148119829,4.02995520694158,3.10194184554649,3.29143635885942,4.05931593561608,2.84841509266958,3.01031809000868
3.14171134911672,0.121284762584363,0.175614120872512,-0.855366397523851,0.268534342621416,3.42309523310416,0.687103753324656,2.07586324451298,0.941830861591563,2.0919248652246
3.14594568660547,1.82576701488644,2.50820186167419,1.9075360031714,1.95455899912812,2.86612038493358,2.11578203258859,0.442447704304692,2.69518742588986,1.12796180941204
2.01311169322344,1.83315760499517,1.48007094494489,2.67454504741718,-0.502633685909105,0.24995452313886,0.930841288776442,0.925316082105314,-1.40364677067763,-1.10661060614627
2.02445087578458,2.08928497539518,2.60397373530964,1.89176401558329,3.1123266795381,1.88441244681055,2.34924240455467,1.59865539607689,2.19475026604341,0.98997855023306
1.50490789186939,-0.742946518541682,-0.119267502489597,2.17275980044519,2.96005419205777,0.518185579055144,1.28374644259464,0.650005519632166,-0.0628682077135159,1.08061303673
1.12680437802157,3.31494836977047,3.2941421514503,2.36202421452737,2.94577491742412,1.92415337490802,1.37887955669248,0.600822873401266,2.6363333928332,0.182940617473895
-1.58026866975863,-1.12403921420604,2.15075087082729,-1.30816572049196,-0.948645187992326,0.513132988512888,-1.26069705649857,-0.0425387145007557,0.994641210793163,-1.10550566867454
2.20448559507942,-0.563781982030485,-0.201547769954061,-0.605420522495006,-1.19126461171417,1.14402449704939,2.0786293414815,0.787033150531953,0.079047991746969,0.307367999119559
1.54018346315124,1.06758558778968,1.05582948902734,-0.745687711754558,0.972360405431603,0.658071644998305,0.786050640440259,1.49213762822232,-0.222257787340594,0.427674297790889
0.439026427192635,0.75672330157613,2.97655063771024,0.896766923367128,-0.265531610500787,-1.80407362907203,-0.786948105920545,2.7245945184463,2.57321010664269,2.43288080173278
-0.673549584326723,2.36970634457342,2.64776534514634,1.13748739140538,1.09496494092487,0.155032629617392,1.9854428618841,1.51010815034909,0.644492820718837,1.26233335142639
2.1000283919064,1.0503959023659,2.37367490749674,2.04369952816768,1.75486867038625,1.44972491158378,1.52020434193663,3.10627775427092,3.10861605730313,2.7924879533473
2.10293845472549,1.20357133185818,-0.663089454358338,-0.718414760647403,1.40177186821624,0.117232437312243,2.08457298272854,1.23646683881616,2.27908264202606,2.12826748950315
1.15488559302154,-0.104225353766405,0.599601073258768,0.0753355633714878,2.54814389890169,0.827193795600951,-0.304688588499639,1.60202568915113,3.69951816457645,1.14486636271828
3.51431907262589,2.58756326819555,2.30167147742393,3.83482331349304,4.29086767536244,3.79064012266759,3.05331976548827,1.72336834085203,3.37241675904707,3.86484023037121
2.87490332576322,3.51347272182332,3.07124464690279,0.69269725897239,3.13531637104078,4.64146140757573,3.8827808884585,1.60427741715889,3.20747597464691,2.22187535752508
-1.54682051780374,1.00482126820461,-0.290213835443063,0.439911624504569,-2.42894195820468,-2.83912245074367,-0.542821693788365,0.625395291088631,-0.287869757233828,0.084409393736568
0.143442218594055,0.366897686533901,-0.572333798847031,1.53254804127114,1.50550244905922,2.25871638267913,0.602269429994818,2.30504896475764,2.71408534997456,0.811869707355272
2.9146817286411,2.16717960905258,1.68092470169335,1.91643603196747,2.65832476259294,2.46675778372772,1.73732554783504,3.71390221417637,2.69689655798601,3.05886022608164
0.327960207928388,1.3894086100944,0.0815211311468585,2.75085929179537,1.16480945258013,0.868676142798875,0.792116477422614,1.13643745284682,0.0937097543188489,1.09426240122052
1.65141362376164,3.82066633145627,1.14037286973932,3.95638031167814,0.689148380397312,2.46882569464334,1.16415720962019,1.05087290068998,3.24949858692638,2.21756992821133
0.479404717920621,1.24414074655672,0.351381041511977,2.12569199922813,2.09214937957828,0.524948693376455,1.01892693298269,1.35886292275439,2.36379041859857,2.83186724206459
0.604663769742068,0.543718042858147,1.9837814914688,0.100555752767029,1.69249288926314,0.376252260591901,2.28695998487679,-0.765167505315854,2.15903010994616,-0.386354983969262
1.3635389818711,3.58175265839305,2.02019649019999,0.954202739549049,1.7671340865844,1.84292492790964,1.05553556059527,1.7799042992151,2.81454729747088,3.36372909259286
1.52137212855893,0.774105018742472,0.744798701120623,0.977238528700619,1.90430044652012,-0.705486280752931,1.30756000970398,0.971473167616764,-0.16154180323561,0.366236695664282
-0.0538840106942693,-0.197295128802708,1.94584434567743,0.824352656492072,0.986235275191188,2.16359092620156,0.845407743684596,-0.643248868706462,0.29631525163085,2.36857959010793
3.11077648588762,0.926466622197277,2.60720123960148,2.84503472307806,1.94025915529523,1.36323201913755,2.58824079798535,3.08501601945018,1.34523289676006,1.92080413336351
1.72929746138528,0.612869898047644,-1.01499042134448,-0.332072871952465,1.81989003353683,-0.195328962077238,-1.80604424150506,-0.0596069293242876,1.31468118795718,-0.66300634093039
3.57004768589566,2.30703496327709,2.34002939328763,2.87296700198214,2.56746176788212,1.96818534290972,1.49413057630984,3.84210412060203,2.3099479461774,4.46433298443485
-0.300170358274721,2.69760454255232,-1.05145130091937,-0.954648214560016,2.48570267960272,-0.520760641591818,2.17474597063879,0.041885996793165,1.33776959229015,0.74980865702778
0.954765058784084,0.129113325233569,0.624300133856223,0.179042292366754,2.45361043316063,1.09607912324292,0.944205978448358,1.24187967498465,3.13432486024446,1.06682321461947
2.74581048543783,0.501439313736348,-0.414646653006387,-0.0927535763164835,2.3755542053013,1.69635922912102,1.90549986150193,-0.403444535751578,1.34211539478657,1.70641490853685
2.74282618111707,2.61256866305354,4.16149567752895,3.31098797274447,4.90382277790476,2.93306507571461,3.85876706910966,2.94578020584679,1.38249133226955,3.71662888098436
1.99582545430944,1.28498790389779,3.98189626116195,2.20477033200572,2.18280657553412,1.51591792673859,1.59205275683057,1.35268659869317,2.39337009963692,1.82906350362433
0.5752516367307,1.68887364119923,0.857964215366422,1.30794443887358,1.75446266345527,-0.995722304527041,1.14849842159489,1.61594210462209,1.14562566441073,0.495841363197311
0.780867301843344,1.87724550009794,1.00589600877488,1.3815876060201,0.354517828636487,1.36594304137397,1.66535369216115,-0.189816113557635,-0.306035101416089,3.41431534122667
1.36004859677276,2.52754804806858,2.67447874210844,2.00460126287173,2.26469476670704,3.05707868891606,1.82802735280985,3.23032857366879,1.21635450978033,1.05192755077443
1.04879183700199,0.913817121391354,2.68128187265866,0.570397853075978,1.46247171978086,2.08340490994907,2.75875738092207,2.34345244051033,0.878560340347946,1.24362676454739
0.184224135369098,0.06241431602089,1.26951722210641,1.28200940258743,1.9426750655567,1.83423046518525,1.38452293633509,2.01025112304024,2.33228113470938,0.730663018046287
0.0457337503776372,1.03378649359486,3.31179119393208,3.40469658566025,0.446964138833063,2.03059959655079,1.11662033554318,2.1709548242947,1.35133306452384,1.94278426162804
2.6641648397101,5.42355313320884,4.75684359337168,2.71492840886813,1.71414587438969,3.14060722111702,2.56951390024656,3.73354612723153,3.45240640995891,2.89863213995432
2.51897336894441,1.9572709625206,-0.351972219124575,1.47615431473219,0.771319936843307,0.472199550148141,0.949159771445013,-0.0665156167934096,-1.64707922032239,0.528946091801772
0.857265615602894,0.0300173786412599,-0.22209375366572,-0.854246530998155,1.12074897636607,-1.02481778400595,-0.0249959965560195,-0.0709828796350233,-0.538242966924708,0.847099205169347
-1.77435134156048,0.934095653081145,-1.20668681850248,0.392329517991242,0.448400626963492,-0.488118563585446,0.498195187908351,0.377622590476749,-0.964072453000079,-2.4540151456413
3.11158643031697,1.84747867621426,-0.587895801181999,3.06406967932834,2.58039898088821,1.8261127340814,4.21538940471799,3.91201362016108,1.78876081461258,0.810421858037745
-0.279788042517746,1.52536780141573,-0.728810054229146,0.264277125631181,2.02275462236636,1.60526857520988,-0.634030901462396,1.35277016675998,1.93963214495992,-0.315444254840672
2.89375272814989,2.04766279043035,1.46835206239875,1.97217450524847,2.55875922756408,1.03355976642657,2.6683565054747,0.896909897991311,0.770217498594444,1.4493646916151
1.02139886344778,1.4959911144247,1.36645737842919,0.394471021562831,1.62744551068977,1.18791384692434,0.679160433926858,-0.276990621917632,1.04321400466294,0.363811246674561
-0.944031645421821,1.09824067352627,1.33110484041204,1.02502764509768,-0.825571468047943,-0.915131728833881,-0.224692264116779,-2.77398659984335,-0.576443907675441,-0.342649009396139
4.39572821476673,3.43704643662117,1.94361621204657,1.59634793787733,1.55668769168604,3.1341892718769,2.81819392012218,-1.30256787557493,1.44324482613183,2.98764400358733
1.33742479521312,0.97017319863172,2.94482842902395,0.748979548333756,0.381400780472448,-0.185517158024351,-0.435931841064176,0.124166267954505,0.64592500496035,0.596331242614237
1.25490425780462,2.70970192144413,-0.16324584796587,0.574915234039754,1.4854011714002,2.81300408665972,3.53569993690968,1.46480069778101,3.36701129055633,1.48801298040518
2.04099874744683,2.26765479115815,3.2227103151915,3.04513475765371,1.46481031210199,4.48791985424842,2.07990012327335,2.69329213505059,1.1260337343374,3.92688614156162
3.47904280921525,3.54512049504542,3.0342845928463,4.61343599932966,3.18766674322009,1.75805330991458,3.2928490551435,3.59979007922245,3.12568842927055,1.20911308324935
-0.439828409170434,1.36627008534257,3.12295693881006,2.49914842923048,0.169910090149869,0.299389615399647,1.31932638898247,0.651000495218433,1.42369756122892,1.41444735864193
-1.94267910857353,-1.30339807325517,1.16467587592947,-1.06703548764647,0.0041411074128339,-0.120108223771209,-0.66311064965352,0.376534435048402,-0.932090633800455,-0.64009590810741
3.34337083872512,2.749215127712,2.68918183783946,2.96603500344196,3.15154134955226,4.08812592341162,2.60112480173561,3.33236598114109,2.89093223326653,4.33317287859717
0.828317751931152,0.590149274296194,-0.129145946992572,1.3042568389663,-1.76276147010444,0.0328457599625641,0.963627364463369,-1.15934050511358,2.14530436299102,0.871623129858213
1.27512305804751,0.704987501984478,0.164092052764457,-0.505666525928605,1.05617240062108,1.25310776925872,0.934931698539922,0.991758950190798,2.34784737855095,-0.404307949499137
0.630868852880696,1.49699514012263,1.36258306298064,0.381170232294463,0.317824273009738,-0.256975772055162,0.491106540203365,1.45134295144191,0.343029367994503,0.974326141984774
1.03270189714069,-0.438309474984794,0.857837842761364,-0.194123556444011,-0.193319721907617,-0.303437824230837,-1.99034889028171,1.73239107746251,1.9335259458816,0.686046357584604
0.0169302757305573,2.01531043454892,1.60119598075269,1.27450242215767,-0.0854021066033739,1.1329203776116,1.11336752091881,-0.240046392073664,1.43539885197222,2.4444191473701
1.53159474094845,1.63804838992194,1.8905011462547,1.24240528531625,2.07900724400956,1.68461908732319,2.89796910950091,1.39216128445983,3.75997367086251,0.946256014202288
1.73609968252272,0.425971586423392,2.57273674613313,2.56601937980342,3.77387107405656,1.48397593245292,0.901386267539014,0.956645236073255,1.79023563532734,4.04048662623117
-1.93745394946505,1.21271291547718,-0.137385515180923,0.495219988592129,1.49996103516178,0.94026541364762,2.2532891805115,0.706908243946991,1.19251911251084,0.0245107897066548
1.12129738193808,2.45404918895009,4.01254321198699,1.20241862971959,0.918938700405432,2.40250190534092,2.56922589740365,2.42105389515862,3.13659433481046,3.84769548217552
-2.34026928637999,0.319273505587731,0.988525092829337,0.161137272307467,1.49249338961977,1.71087326776269,1.00008038117174,-0.620642805916969,0.907220495918817,1.45585972331402
1.56840954578173,-0.565045724171201,1.66813984010139,1.02792364149427,0.418804185384537,1.35053599988917,1.48085216467667,0.301403837534689,1.8656983688859,-0.719385516979344
1.57700496490816,4.28682128796503,3.20260185909863,4.12221751657275,3.57414224076862,4.15914159006919,0.95874868614356,2.14918327284474,2.36560754050528,2.34775660337985
2.69970141326826,0.954138093019385,2.36908093748626,2.40827427791958,1.90591315401096,2.76352675627461,1.37797023212864,2.64746235915214,2.9006786111445,1.74192764876746
2.2180711505439,2.90077789232814,2.23478325308934,2.82546010013076,0.717270588340509,2.2908303510141,2.80590510626523,1.09245310938008,2.78761301981389,2.10111592681431
1.689270991062,0.642646874462165,0.861102995861252,0.859042474700094,0.566416339775705,1.9877433738102,0.330516377302144,2.10509187634449,0.831099096818404,0.517375976443268
3.37307493832749,1.06598173029028,0.850309822160641,0.91569148029949,4.35377521092273,3.47592090376055,1.93971595885092,2.91088444804382,4.18050315095305,2.74086720730884
-0.25553671589215,2.30633690458838,1.5292932314818,1.34741828865044,1.00839614981611,0.351359888243284,1.48716466454211,0.871273159487097,1.5932686096426,0.327141912492148
1.33336759881384,2.08628119206251,1.75454105682831,1.50356262047891,1.6914170410925,1.87014210237944,2.62472474873211,1.76672528182658,3.67412439141741,3.81609614275092
2.02104511862424,2.78862194555923,4.10504148546376,1.48442928368325,2.4371198066987,2.82159117232474,2.57798952412159,2.98832784589178,1.55492703930639,3.23445043608767
0.847950525221357,-0.169707903022272,0.898765663600146,1.8483852667871,-0.748071843963293,2.07414383737635,2.35033731878285,-0.494528838502667,1.27793281487526,-0.0198915611104258
1.15800177428776,1.30991069625452,2.94455230283866,2.73221455190852,2.13470613905626,2.34357619834695,1.16184329627723,2.20701118243905,3.04183714429665,0.640102202048464
1.93353243921228,2.02054178316581,2.31880220547057,1.52072347584212,1.56373083020794,0.746106180964758,2.16136116709665,2.16987766964836,2.96911976060475,2.90171522640417
0.735223776402802,0.030349221800289,1.48043139053569,0.171494425647595,0.124725681517343,2.27899205984864,0.642901763588801,0.356616278741209,1.483274521308,2.89595937974952
0.85233884610651,2.29200772255091,0.281119320432201,-0.62526874300432,2.6778019421822,1.68548499591192,2.33718860357135,3.1505091013787,1.79603640340858,0.675924973336683
3.53490692448244,3.70534788427896,1.46044024131568,3.68130513403925,2.22964604139733,4.04010120089928,2.57960219809555,2.18894082121865,4.19353191435936,2.96026603655612
0.929409953375239,2.25158585590056,0.851858146629356,2.43036011822548,0.245566516908797,0.852004692453393,0.250257101881371,1.16243425859006,-0.70788224637816,0.455786288497594
0.679594306885287,2.36194799077357,2.5053769243575,1.69940643501779,3.3973973497977,3.49428364186631,2.83003169136135,4.02241971672965,3.10109630290798,1.88688494104288
1.21243850912641,-0.706175444263572,-0.397058442009353,-0.217428111292061,1.5088704819589,0.088630908094358,0.276348225306595,0.408737958989856,0.0714222553749286,1.05087055640158
-0.447235008689065,2.33828131814012,1.70878217365979,-0.0323921740359405,-0.243174380800067,0.957918639763556,-1.51701197431627,2.74827037719979,0.955533127315664,-0.444329321029975
0.907362851340572,-0.624320801210735,1.01640413910294,0.787338483366024,0.276086039195643,-0.305280023354149,0.493089805066736,2.68694801909259,-1.27807302088496,1.07112427288947
2.35530553224203,0.917548136945503,1.04880953548581,2.75106047232947,2.10448812177077,2.58484440116376,3.48455841976976,-0.132864263268684,2.16506871358908,2.57283187308567
0.979771542990198,1.45602484829517,0.448711760012307,2.25441500147608,0.521401466917917,0.922676597403662,0.542909420754268,1.10494602917105,0.680777526862429,0.588251947274746
1.94128849198215,3.463825057132,1.59912774987598,2.24551488842136,3.53143003785117,2.94129339721739,0.512082435443912,2.58506453385819,1.75032774665383,2.11415576751201
-0.94248328558627,0.410370420981741,-0.544232403006372,-0.506421652878299,0.918706250151576,0.696809814624736,0.825573450335546,1.08602739378404,1.46526633206341,-0.538963216225761
1.97746310184936,2.85568134208032,0.583095151521614,2.97262206352533,2.10846544792567,1.29412958659355,2.06992494415108,2.53370341787975,2.49737345371048,3.27658511081621
2.01491498395087,2.58661534865263,3.01607157257094,2.90093684412633,2.36662841259002,1.91085036560481,3.17239227357023,3.50292602761137,2.3255078402529,1.73004196388804
0.0877906410495913,0.518711093844826,-0.30854188145549,-1.3215205182859,1.59729533590165,1.35420570765635,3.02375599126816,1.37773099774414,1.20517787403475,2.21556984103146
4.6022579775004,2.61272057926192,2.13075368284505,2.29662094604664,2.61069650949092,3.61772329910059,3.38768024441414,4.84682546065777,3.74451144355216,2.21476855464283
1.59481365670428,0.762710110508539,1.6871697357405,2.07682357756905,2.42051002736152,2.14945657018762,3.09663845825358,3.6530556684003,1.92134035879445,0.352419121127455
2.67377350212136,3.1419302137592,2.43283808287151,2.25219341291564,2.95600461722254,2.0759913497841,2.30207480902033,2.28594989508416,2.20616737403771,-0.281446306086757
1.07248624845054,1.32584426120555,2.02749001030471,3.44073381715015,0.845870204918543,1.97669523161175,2.32927535387883,2.58684929581394,1.5234759577104,3.12599277466193
3.48330544068564,2.57771578190364,4.23795540250916,4.22727613924128,3.06927381555431,1.72218451851615,2.43280435231382,2.95183989673456,2.10215701892697,3.09862253940332
0.71131432048748,3.16660211602266,2.18209161978364,1.89064934450967,1.41087329014772,2.99672115197535,2.26194285156509,2.03770790097833,1.59540249285326,0.970755244379715
1.20471991880278,-0.865634856807701,0.552825796441927,2.24111027715814,-0.563342697776845,0.20687004199322,1.06276652274867,-1.21592376411734,2.38410109662541,-0.256460201054112
1.94941218420573,-0.174222916751069,2.4110297333357,2.36396754280768,1.76242056280874,0.711004139989136,0.39486151345492,0.903834391198808,1.69008703481598,0.957660459196144
-0.896401447358066,-0.297631285472213,-0.0751876813288203,1.26520746839892,0.427289698380021,-0.79779912179748,0.137010472511805,1.09672315333257,1.20473165093564,0.0305242390212026
-0.497581832686878,1.57899733625009,0.350379256383385,1.68775475623251,1.87115836629087,1.67154112661702,1.38852705129928,0.46821061253629,1.42364488727334,2.70780776927741
0.777079018414079,2.50694444905028,0.0650885761259339,-0.479519277079127,0.293698886144461,2.22718449389966,0.648848904451223,-0.331506436363787,1.78740264902394,-0.892024896137451
1.92697452796208,2.76537017476638,2.6879957473053,0.944298282838649,0.556723494110522,1.87043342106813,2.19397137196628,1.87656465820654,2.52453857189417,1.80092747116025
0.920840728010665,-1.11769739267026,2.7196835250729,1.77340190813972,2.534937491434,2.65929381094145,2.71014446290478,2.18719653601752,0.368776532844571,3.53896983871227
1.96604753170424,0.612968558940807,0.191114513738864,1.51510574858143,2.08439030448336,-0.0187703577132314,1.90450006460117,-0.0744522510235701,1.94808343683044,2.12333965422049
0.274001242825279,1.6776221309134,0.778953069220133,2.10542779301962,1.41920572280481,2.78570005034039,1.58582455871461,1.62847189011243,1.33499879677275,1.93936640184218
-1.05058935903869,2.90261285672413,0.996643918796616,1.13843599752586,2.30022851753988,1.32294665828723,-0.201134812809681,1.39226287274959,2.11626987295071,-0.629405209567828
2.01770937041295,1.79917250167031,1.20895560548714,0.118544119515138,2.63560546122822,1.99993900537238,0.989558556249879,0.906295800271488,2.51932219186329,1.9654369617573
2.13941150244415,1.3709380689259,0.301588478023334,1.03347211621343,1.91201576649617,1.0160647403992,2.91105364400246,1.4913616600664,1.03325770505495,2.13344704727657
1.29258159851483,2.71731534742414,3.83367024714594,0.718174947149091,0.207479033832404,1.43289593961039,0.951759077472072,1.67620475425419,1.26963455534975,2.79106701362394
1.17915016102926,1.93633156420432,1.4716308359248,1.96129349837618,1.20947742996145,0.520606977553321,0.809042626458756,1.29162103645247,1.16485325059345,1.46897275437366
0.158624128142176,1.99450345996151,0.518583435315585,3.67479428603626,-0.556382616227354,0.233890105523901,1.83629555911255,-0.266663420919898,1.70446231682712,-0.0204449262034587
0.410854376497096,1.62290863861795,0.674529364528286,1.35701727026967,2.07959997581578,1.92915219805896,1.36435942187469,1.68938289628823,0.403492617504264,-0.940422308013617
2.26148856416284,1.03586338454979,2.03742603958727,0.283247820487498,0.907791215293503,0.783462802953981,1.37188680364129,0.641090411227715,2.06039752172468,1.60034852347765
0.0924694205064469,-1.04540154460076,0.904508345215043,0.768953728145879,-0.411118824794302,-0.0013714959993302,-0.86885657534023,-0.336030001094722,0.216476574714754,0.566775244571058
3.6609280744263,1.23721133602993,2.65456127978214,4.09942817906272,2.44171601037441,3.63439791157217,3.4277815149365,2.00694996871902,1.15357486653943,1.09381962069117
1.22857935738133,3.05912064351501,1.5028086985585,0.324121821929546,3.63328972165556,1.45640015033517,2.14980959727823,1.88515042764568,2.40333692254043,2.33854102792414
0.754286463016324,1.83853074771628,-0.199090521359099,1.71581633892601,1.61346702985465,2.8550371607219,2.35186148642477,0.583836178202432,0.406818664891382,2.39270205293036
-0.0391847224939295,2.71304090893022,1.36913752258284,2.98605533393226,2.83305938019585,1.45600683476215,0.80082061987575,-0.0341458625474611,0.778096176100168,1.89954360800106
