"X1","X2","X3","X4","X5","X6","X7","X8","X9","X10"
-0.0100617023191329,4.25109844169742,0.750937172667301,1.27153024460162,4.38789350183384,-1.00087984892351,3.02816610076734,-1.63539427273759,1.43830516317548,1.78180205578056
3.6279373735161,-0.0798186807084988,-0.980168022691093,3.33643988354696,3.79106676161913,2.63402929242056,2.87329976362937,0.511406076783024,1.71541334168642,0.591295558254895
2.53920806598317,4.71713706717135,2.12807540363726,4.20465805184837,5.9145688176925,3.51754894663874,5.51286167296343,6.46015183331358,3.88727901746505,3.4361420361896
1.96361049171721,1.9651676166748,-0.256292835444409,0.447830873948503,1.19213026275333,2.07480994205134,3.98162206896521,3.57889941721778,-1.40812818128093,0.380176922534367
0.941132427296978,0.79322164616786,0.204485572873598,3.7188567340437,1.71258102450199,0.682227615461291,2.83965392425452,5.05126486144697,1.25887176181466,3.35811255798835
1.25656726881235,-0.47724635553999,1.03093048454925,1.14486256293635,-0.524412899157796,0.393504283930595,3.89139502033363,2.32848435607265,-0.197025239110127,2.65900760252344
3.23453742342553,0.794622155557955,-1.42067600775178,-0.188665438132847,2.37910937915991,0.55088308097103,0.725383596283422,-0.215827792840531,-1.54573518190433,-1.57296522581482
5.48134704732365,0.780232718542314,6.08389516348043,3.54546347417515,2.12009480338567,4.22205171600702,2.39066684934381,5.8464485578727,2.78583603629025,-0.339382988886745
-0.35795650742255,3.80336827803675,4.44506698403918,0.500684363627432,4.69753642246082,1.32155641479309,2.04895743517533,-0.463013411971521,4.76191121711354,3.13222275082197
2.2698524780034,-1.11832314179242,0.190217856694834,3.90909884163738,1.24791634658352,0.752875719285924,3.95145079495173,1.72030032718988,3.74822327543384,2.32567155953669
-1.36374233926891,-1.58599337840328,3.51283059287513,2.70426252646798,4.17479822114131,1.08483869976673,4.24750372101323,-0.404132186321656,0.345243231283963,1.74660012577919
3.14651004322619,5.1302546887616,-1.38362411316022,4.69265073330667,-1.84762265243364,-0.14330366575209,0.501368131923273,0.0357286064927251,-0.063470371745725,4.13648479440695
2.26626141534347,-1.08679573959602,1.47134034874626,-2.08540991684712,-0.721690775257906,2.89622750273351,0.0357990874748464,0.409007915228769,-2.49995406594674,1.23837989762932
-0.189648767223093,1.30026681486409,0.797889532282425,2.23812713610453,2.60283454075071,1.12262180832248,0.855164456046666,0.626194626317492,0.200594163582759,2.31285244446814
1.4070944896855,-0.313331392414167,-0.822001373673934,0.345919759528228,2.18196458757916,1.9798900951714,2.00380923754252,1.81415469089767,0.155229665892123,0.724177255425196
3.94498674891973,3.21487781395782,0.128060031924808,1.96195980303253,0.376926487149349,3.21601860614571,1.99500887338774,0.548165969783054,1.53652367182873,3.82348641477918
-2.78681951238016,2.12014611855294,1.24796085398334,1.77017823954007,0.82367053757685,0.799861169196079,4.99735950206486,3.50189537902335,2.49022547584554,3.45697226199097
-0.436323803178844,1.97378487421249,1.34870295253632,2.16801920272733,-0.0796113528937328,1.83081078337582,0.224676272976438,6.68637565747502,-0.0616245717492334,4.87729088356677
0.140199739624375,-1.08970333953048,-2.89740550797922,0.654702957328608,2.9746684589997,-0.736813263125601,0.548598625814936,0.264128295680396,0.0816540545783759,1.54636636264763
0.130059570410802,1.45225552787653,1.60559867317282,0.910502918953927,2.1203001968207,0.941054687282779,3.80966009256248,1.1655635218961,-0.489120628551694,2.01955561252907
2.41886267855595,3.12801155169827,2.35365021392207,0.0858584530874695,4.11938670971751,0.947238197601233,1.36125762250455,3.36483673041188,3.26514600660609,0.323119374313907
1.85571784035707,0.283911332736638,0.887040759213798,1.00211955856221,-1.31893550682123,4.3601980559401,0.0744827787958559,1.42459041371945,-2.06386899823057,3.51817508452941
0.00219341689106556,3.81817827705147,0.778475750535201,2.93223397740827,1.29428034469117,0.191881831530131,0.313924928524761,1.65373035689743,3.93832199929994,4.01627099606511
0.925320675562842,1.53159799418429,2.75435457635692,-1.73432788307259,0.951646874042897,-0.0881119419463181,0.881397753217728,1.11211105005515,-0.913102497887652,2.46444483781414
-0.0751362579170289,-1.08979627508033,3.8188339301504,-1.15240620627006,2.15592258610398,-0.00422265695321578,0.415494729755128,-1.15778293595414,1.38636091886144,-0.456239516173104
-1.96908702152606,2.19176214469137,0.395789281298143,-0.240754581272877,-2.96575799270007,-0.240351874368731,-0.420508880585352,1.44135059873598,-1.89362711271789,-2.24863145291044
-1.78550957777637,2.12577254014582,0.680354753223563,2.2899600813262,-1.07959544728343,3.61546178496574,-1.54687286565008,-0.649782936599921,1.84927780370077,-1.35435693510404
-0.0401134746136664,0.350197955954967,2.1341023973519,2.56266759608559,-0.466680721937253,1.24140258482102,0.49466869351063,2.3844796061002,0.0797168924965419,1.02037683238012
1.33409074212041,-0.160871936703716,-3.51572438208129,-1.92916019814382,2.50634422598911,-0.457874311701285,-1.64323074562095,2.67455330155167,-1.80721946564088,-2.22343862216009
1.45509811056091,0.563877804665766,0.750135330969721,2.8215073237624,0.309119957522416,3.98706281913206,2.86084509894567,1.78842735016729,5.56142161322612,0.968327348127625
-0.924512086692445,-0.166509947190491,1.33203434048538,-0.155935488549787,-0.367254421261031,0.309743738095924,2.394767572488,1.8384050215322,1.14162748108773,-0.240039668493604
2.8841766086173,3.79635354107489,3.69801159199288,4.18587356583114,3.656285667922,1.93904034273984,2.99482273015808,0.425870598056133,0.361928888213524,0.074368318042354
-1.76257554226637,0.0975237050084409,-0.659722742116127,4.32204044038028,1.6096642493659,-0.61700165535587,1.96368166344812,-0.216279436327124,-1.51923134072323,-0.746100999681291
4.59867086914446,2.43768574663752,0.712597971861427,1.57203135278659,3.17974657658687,1.2706077270986,4.11885552032013,3.2895259339767,1.92702192934562,0.071276504175446
-2.08158580863009,3.61651873577909,2.70914475419495,2.07108861423809,5.31625391679592,4.04215440522401,0.158627896455742,4.02035098947597,3.28775039917271,3.04247827940723
-0.622580447362552,1.49479113309641,-0.276622008074392,0.982768273038054,1.75105303519826,2.08268636980794,2.39592907279177,-0.619614552989473,2.91182633276981,1.48354298499245
1.76117422177395,-0.261345685088668,0.68446890491729,-1.31310025789613,-0.563801708460343,4.55427720101617,0.251825456858856,-2.08960157643857,1.98580403408575,2.26049994579816
0.862673210324703,0.368934557513341,-0.000144763803413915,-1.14709672929911,-1.46240986830742,0.699172927108174,-0.536529659046428,-0.682860860858832,0.77978393352739,-0.2801294659599
0.609389558892559,5.30155511366719,3.12118681501936,1.3878175058408,-0.0537186558157243,1.48329643860875,1.75067903566779,1.51696428252943,5.12830616733569,3.88553662601373
2.29860535995838,-2.37463721651004,2.92109125380862,-1.21597189147007,0.665264956635758,-0.900858284428115,3.17171773388822,1.43433541639369,0.423335278569902,0.453987971590753
0.257504828854718,2.51869327418996,1.39925152524155,0.914503701720646,0.30103709854974,5.2218722669643,1.01707264403098,3.27488955644526,1.90789526088966,3.76676133253046
3.5797231924304,1.70136804767014,2.25884812309775,1.3039293025157,-0.106361238176367,-0.157333298537535,2.97022928124678,0.150618857722101,-0.987641081068433,1.0983389227519
2.38650399324095,3.06762383986569,3.74528539239791,-0.350808597649823,0.523968499418133,4.93535067862753,2.14365516961752,-0.944265053006367,-1.70489066579714,1.36717681254322
0.346937327202621,2.71265282567216,-0.273492429930076,2.44522840382136,0.848032574673147,2.15807894052126,1.74602570108008,3.46308893836052,3.35012745953413,0.916597495431682
-1.42938129992753,-1.04583731206286,0.814689305677401,1.29453933834205,0.567708083742745,0.775878042696873,0.624905463600108,-0.999895099527679,3.46543785011857,-0.113832063518239
4.10583510499813,4.79499706508989,1.61604761395924,1.08038461714816,-0.15964131879341,3.60994621891184,3.23513881012075,4.66812872164031,4.79255323763994,3.55465989617947
2.35621920689206,0.135276556390471,3.21202168988682,2.95260506413696,5.70451640178129,2.83386357062254,3.22442755300821,0.580969502679922,2.39447871573721,3.74932606412181
3.03769467857577,4.29298106435455,3.87989431113309,1.57659934837336,2.21448237680392,3.33836396279943,2.21532345950278,3.524338710438,1.97020861210892,2.38355371024985
3.55391106420048,3.02356419980331,-0.4497099759339,6.97513335401741,0.74581165127585,4.95869602354076,0.914118930778336,3.91084985525218,2.49548788199763,2.65234464311357
-2.72055261298664,-0.527434612788796,0.400541192023189,2.21641388341613,-2.78552904751931,-2.18017851112119,1.56413344942257,1.04591996764162,1.86962797511153,-0.249136572377433
3.70016346488065,2.4950318577385,1.50540292020266,0.209168700891271,-0.105260493791603,2.05088145206432,2.00940882101482,2.57826202306214,0.770502926756383,3.11738231271488
4.08337351335916,-0.557673226244487,2.65799313368935,2.75679012595645,0.229870794703224,2.6138828165748,3.31932043996294,3.2011138922532,1.98598578149464,-1.2892983482678
-0.156652075046179,4.27272335652924,3.66068499965466,2.68190038423414,2.09025553362529,2.99216950608089,0.0751118898542329,0.472103439991021,0.591408170008536,2.6328433189177
0.310498994354989,1.66858370208306,0.392883242851412,3.87046610162358,2.17181429722902,1.457448962656,-1.91456314476086,0.415318984804175,-0.964085452693425,1.22117813028495
1.40737746613025,-0.262833253899799,-0.577731901969186,-1.76637696553908,2.10988025045346,0.341481683772034,-1.40102632241964,1.54712423866028,0.631951951651124,1.32920684883307
1.28212952071062,2.6037375880629,3.18366280409621,-3.29914068465349,2.37581785231255,-0.0980783172064268,0.038610727358515,2.99555483871549,0.231577421731384,-2.04008980847163
1.4784976105415,3.82614874585728,3.40481376749495,3.40877286623924,-0.230016691627057,-1.87700710932374,3.80763008536433,2.21057104576831,3.78526026146697,3.63581281256796
2.38718024101801,1.75292417874829,2.06823632332602,3.94022558399778,1.47705394156441,1.06185112055073,-0.244422511205673,4.0572994105897,-1.35150215046214,0.390520811489472
1.45049818651116,-1.45089187927876,3.96894505867835,0.752388352260303,-0.923548632421098,-0.102704196589581,1.21914726415627,1.95799125195308,-3.1460426225943,3.62148009761327
-0.82407371156584,1.01421521576201,-1.00514061965432,-3.48617977457707,1.02202252222878,-0.880871921469325,1.05763659988445,-0.345890451543039,2.29903739355195,-1.14917558734327
1.05224714271381,4.18212190037789,3.26427362420992,2.39554706302573,3.3646955230094,2.64192036232223,4.52734075513534,2.22787782224766,0.977235456898124,5.01690548825468
0.582726225431199,-1.40947097021876,4.64748069544287,1.0097236217197,-0.787960826301091,5.46938089019505,3.59813080350927,3.1609890184539,0.927108010389585,2.4199371761341
0.80535734414018,2.23713697302114,0.0590726911709664,3.92732994976665,2.32279096682502,-0.532607915668031,2.846754811304,-1.16058925219733,1.66716715136444,-1.18753357283583
2.17387947980687,2.54349942352678,2.14238954813173,5.3070384320773,1.68705101998895,2.11156013034543,1.05156878447702,3.2543960880005,1.68162303117479,2.18039372676911
-0.118639214585095,-0.504663261344162,3.73141315707593,-1.31242002937991,0.283675405831455,-1.99116351775672,0.244595846686235,0.584847319422036,-1.06728760052626,5.67323677064846
4.19816434367221,-1.07196629517606,-3.36039132464202,0.804800869849738,3.26468083844872,1.98330685850045,-0.695667522933308,2.68558830112166,2.26500555965509,1.3788570776003
2.01288609654276,2.67283315816456,0.0665088932107838,3.98376702609952,1.80543143319419,-0.113115931993972,-1.88873708622992,1.00395586731715,1.47049837175913,1.54813714844121
-0.866007869430414,3.11511086884728,2.67846270797708,1.93565501797918,2.30429495595524,0.102495944716674,-0.988264792342302,0.200238688624088,-0.620351493562817,-0.38043174659701
1.635215049048,0.514781015021601,4.77983136545564,1.20608828861014,2.69750246090831,-0.712991902736586,1.44599688544592,-0.592475033026766,1.474804080104,-0.912123253085276
0.882522571687295,-0.52004767642388,2.58977127520767,3.8940920237229,0.0492472442373084,3.50630793041683,1.113103130962,0.820363381301346,4.68851087907267,-0.640721515416391
2.64928142036917,3.27226224360756,-0.405735563800339,2.04570588664286,3.01236651150522,4.37327135211729,1.79991951894995,4.46121139705321,2.07834112326193,0.544497155194454
2.34543137487425,1.78902933591806,4.36232353037215,3.64358744418593,3.19914088843068,2.75114123798233,2.45927882498148,2.45142115076882,1.20678877790009,0.0742549924440192
-0.97470770107519,2.62877923228891,3.04650335719332,3.02309260385037,4.21535158839715,0.934802776406625,1.87203780934816,-0.224959416348662,2.01755971694621,2.25441719825561
0.863326900958156,-0.326847053805544,-0.755426002212347,2.44874341504171,2.81821659295116,0.0840862000606406,-0.389265460026928,2.26772769744265,2.68281799243831,1.10145823421205
3.53325042246058,0.651041555466195,-0.0422039540177697,5.00341693384196,3.39775102088465,-0.256023102925196,4.30496766006611,2.71864077588044,-1.65720659668819,0.800893639889754
2.36326341798602,1.2949369403191,0.357189268879008,1.43958304060523,-0.670222562442327,-0.331442175608424,0.572114015602778,3.36552469366661,2.03222557007619,3.04968213277401
2.41903051297816,2.05253144553107,-1.75018831095641,-0.911656697247766,0.543289752464151,2.96143294811514,-1.31599219965204,0.670519931820436,0.612170357781155,-2.00013399861507
5.52944445064314,1.69181297345548,4.35717633455727,-0.375375308969765,3.98223820398487,2.12824749754264,4.08796370172644,1.03887315766945,4.17942003145806,-0.775890131917455
-2.20069444778385,1.67715892163791,2.05965199036019,1.65338981744103,2.61636485087575,1.73406767905627,0.870400551962332,1.52423750651831,1.79626871686264,0.063703384035843
1.66822226390547,0.812953959144092,-2.36914830635525,0.789581281432961,1.69082884025899,1.19051376869758,1.8373883446131,1.69104624626159,2.05275313367031,1.77970747056254
2.88172707135472,0.603363915253267,3.90866496632947,-1.9904979460528,-1.27020663355154,-2.80434189430868,3.2187555078,1.56695215746221,-0.456118476656187,-1.47071594029618
2.62511279271005,3.42659758551879,-2.00380178190959,-3.37658137577422,0.676861805931637,-2.28339541768434,0.373111343215804,1.87948951007266,1.99008525464267,-1.33760171670665
3.14861846124483,1.19047145156565,3.46745871242859,4.85153201060045,-0.646537460000324,-0.417666323940797,0.148956123664977,2.45354318017508,1.90670991443697,-0.194271023228249
2.61938283332307,2.52584781797671,4.56347243442155,1.26164820826167,1.84459588408599,1.31398905564965,6.42272716651481,2.40100920376748,3.28901030960715,0.207680815278183
2.80647747475629,2.08353470393794,1.17785844326305,5.62670152967461,4.67770764962062,2.23357479765281,1.81261143052587,0.626251396104498,2.3072079155704,2.3778131829489
-0.504104084827717,2.37468746397598,4.1112685772105,0.641144639858967,2.92527964574093,2.73470619455944,0.17748170449597,2.42507044640048,3.71291179005066,3.86680452268892
-0.346106314276029,1.85720048947993,-0.0102973651013065,1.93698584996923,1.12821757116454,1.55317570562484,1.27197882726339,1.5222974674871,1.31080962244299,-0.940845482538639
0.687305795519575,-0.875779062386997,-1.12062337279247,3.13443602163823,1.10165154997267,-0.468056354277467,1.59043325098344,5.03034579901735,-0.0350064956306275,-1.80176947020966
5.05143636820856,0.528249877786216,3.93780245675913,2.13173049939471,5.44729987106775,4.87966705265266,1.90396197212328,7.18834397210497,3.4123521619341,3.6844210202723
1.28579523571982,2.89544979905813,2.48629082637157,-0.472620251101245,-0.226947670165663,0.764545472761478,-0.437075990149727,-0.664634309006111,0.706022450905466,0.50808754144052
1.63012121881159,1.32966982091736,2.8665904434957,3.54744681089925,-0.838330538758932,2.24742806278724,2.96669363061514,-1.41376181131886,-2.23033507735651,2.84520300858455
2.41884004059359,2.07536307763147,2.02032687969708,-1.73530865529857,-0.513207984648207,-0.00642363176480631,4.07544322438485,4.00152328783486,1.75650494050247,-1.49957251019516
2.73581857785391,3.12859138891007,2.25622528117566,0.398757898973802,0.278324936331316,0.732651913235257,0.801274532543368,0.988605263420128,2.84777676621089,3.51030638711589
2.97020454475437,-0.986155039195653,3.04154341498355,3.61072675646858,3.17491486858943,1.4421411356103,0.447878642100699,1.80409370179992,5.97082412798017,0.318471925055607
4.69573553715579,3.58309657396908,5.40608147459773,5.84448599670707,1.49034234278079,5.70400862954062,1.08642854364828,1.098034775182,2.93142119590738,-0.208233140125372
-0.72375563265676,2.40025161046894,-0.782729847738184,1.33400657111029,-1.21918922283715,-0.0160181682321183,-0.670090388928604,2.50221310119971,1.32784564477387,1.63489363457083
-0.912281565343883,2.22382079193631,1.23738205649438,2.34773276458803,-2.73754612716549,1.09420633065039,1.72895767017424,-0.0211524648384267,-0.645096622151504,0.310426715112837
2.09320724411599,1.45822489991146,1.32385300292663,2.03378413188154,0.656864558200567,2.00185393663806,2.44929052299748,-0.717503658887145,1.29911728906242,2.28485476593916
-0.780517073452464,1.17753143980176,0.0501530547876913,-0.122334047985356,0.353148372787511,-2.79523254184018,1.42496987689646,0.0573651367289712,0.785684725458672,-0.231282733649725
-0.749445057248299,1.51934806069622,2.55118099567759,5.27530446801775,-0.848860024743542,0.772638251872074,2.46682348253275,2.74779980194731,-0.451685246615266,-0.231259244529371
2.45645928214579,1.80851822369549,6.74099568194599,0.209523364596022,3.12884496158082,2.57190195206159,3.54726605811545,3.50135852580921,2.19722812733164,4.50406378315418
3.04550508147332,2.86811961565623,2.47997358280814,0.796345475841707,1.09499249366419,-0.37146347341584,-0.390393902022933,-1.56961239493425,1.23253656530911,2.42864068458782
3.91902972819342,3.31949886881346,0.747512875059859,2.9440225943799,-0.167824806194537,1.40444949285163,3.32637237560903,2.99378831546906,2.94921403145622,4.49852259199117
1.87035833098458,-0.713892990860835,1.40991162721276,3.04984152115698,4.30176636699277,0.0291148561178505,0.587223436876129,3.64882220100219,3.39387814346404,1.48382880389377
2.54681864793291,0.197588323279134,-0.059234311536148,2.51781271381444,3.57412568391834,-0.0662396003040482,-1.03281754498539,-0.847609711012986,0.964349892035542,-1.48014491965803
2.90216357026611,2.15067916784292,-0.920992527779423,0.474879560553182,-1.28924987557971,0.128216714419859,1.62748225452846,-0.0764664143348539,3.67279607050352,1.68142271493484
2.18871961650188,1.98112512602177,0.229473706506891,1.0780001601027,1.64479918991701,5.43728718907847,0.50361738635247,2.78642546652334,4.47696821100853,1.74557574461289
0.605054115100654,4.72054761063735,3.13259437448022,1.07241361186148,-0.940987190444716,2.66303914713356,0.269321114131529,-0.447923369670297,-0.214068000447561,1.09198423632557
3.22278747544092,2.74489953256164,1.52365487744832,2.53927861687588,4.84233767231322,1.34383998717314,2.83398509518987,3.70340094235363,2.67678328264984,3.16790958727077
3.80953899574681,1.2043210810215,1.3182551543597,3.43678221938106,4.32052092342158,3.74189876349834,1.11709543652044,5.74652510743719,3.20016822645444,1.87535774029243
-0.162197277620332,0.94665750278845,3.25684597931005,4.26419093221637,3.45029452659976,3.65450931247728,-0.845012738626778,3.94432053574121,6.37295218691983,3.59504061177406
1.4062515773069,3.06876765564237,2.03599329401771,5.75367626708687,1.87844542183397,3.42967153139927,4.69159230760474,1.90242376632892,5.84296913101569,4.15646257753861
3.2991942072141,3.98144567482291,2.72577048129048,0.458873079635547,5.1868261312388,2.76687028884232,1.85022582158008,1.50704971315001,0.00330313059388443,3.15288909572104
-0.418465248221273,-0.676704848948485,-1.40883129485474,-1.36240807064416,-1.57575644180739,3.10268057248305,0.308120113230064,0.231806175427225,0.125493264294413,1.54817656567927
-2.06927067633627,2.70624176894767,1.10909245332939,0.890621232638665,-0.25469749350267,-0.312408013434166,1.10955982480992,0.00840771450177247,-0.148879252330447,0.7973124583595
1.39575710375928,1.62061197262654,1.73406793822756,-0.857271819855948,0.204562019827327,5.10044373256429,3.26388771919863,5.55762684135708,-0.373514216554082,-0.298775707481433
1.31385376624247,-0.3473288711204,-1.41575510106854,1.24705118299563,-0.160880903836888,3.45610739062649,-1.19446261380313,-0.626960404012617,0.129412160630539,0.236928649917894
1.62145140507054,1.73335995663161,2.00902938859868,3.07857633967816,4.46900197589445,5.06207907835466,4.18754322623488,5.04665814550069,5.46151066451051,3.74818794097187
1.79545363316265,4.32529913364067,0.349901511513703,0.578333347894422,0.176656043668828,0.84077740145542,2.0750598183084,3.97999719895845,3.32565388521329,-1.46270146563792
1.02689046447063,-2.86607581308017,1.00446790764902,-1.00642778554816,1.43395236931123,-0.931724685649023,1.82322561361551,2.15571785173227,2.53771479367723,-0.840864452906405
3.90393355572149,-0.802305868155534,-0.631847297201142,2.22958108609455,1.18069569892884,-2.25834988810125,1.83927127775166,1.70989988726349,1.59419124362549,-0.742843251950735
3.92057829219353,2.61879774440653,2.38087465120321,-1.04604722566555,2.47707332002298,1.4664585124792,1.18561400741717,0.00576173364901944,2.82488689318503,4.06469964216634
1.28819342386874,-1.27967400235493,2.4615741043927,5.77040804334644,2.18235264792179,3.06218446618614,5.01913754752121,2.51605507093175,0.161276187553251,1.7619864886683
0.865357690038292,1.71406098559281,2.83160412929902,2.14967594595936,2.46170776553786,2.06816931150428,2.53178303335046,2.64739258205466,2.23683002680307,1.80917434279706
-1.79569311360435,0.432508059923924,3.46942746889473,0.405900951398966,-1.28640868903855,0.0623450952295358,-0.422292254033752,-0.226458491255493,1.99716339207424,0.886576914136482
-2.71155881349582,2.0904328083169,2.43125873924505,2.6549903286954,1.88444066028524,2.59235942890483,2.05461892125504,2.77181637207244,2.85372666460827,2.68376840186072
-0.14528801215566,-0.739572296958882,2.42602534737668,1.01354000507415,2.44056953784888,-0.922105112640687,1.43007537128496,0.158211652901606,0.571601806838167,-0.833850255259237
6.67174323800624,-0.0813376968644377,0.69797105468682,-0.108789772202323,1.82459834372238,-0.152243430745857,-0.833527053773115,2.60019565072961,4.30627669758162,2.55582638761321
1.2297606049946,1.91048851489568,-0.477829027957411,1.77555568021016,3.07735041601167,5.29343549284739,0.623700850170088,0.487843991307897,4.31779764241714,2.75957754443433
3.67249430107795,0.0670160307174767,4.63372775680543,2.00204886559809,1.34768700843307,1.01554071359792,2.2667291165433,3.39765445605339,4.89089317698886,2.37370660130102
1.38544685998245,3.66129780035924,1.43408541741927,-0.781733706818622,1.1570403970928,-0.358675079049948,-0.357599969742142,3.43297430357568,0.200890832608323,0.832325395258557
1.42269366533263,1.59721858831873,1.89984934581992,2.93358273806787,0.0599995686415149,2.2667445454627,0.417553471887175,-0.0331576337925354,1.83140156951456,0.650943609384981
3.74081716077968,5.48019882708044,2.34537814255555,3.20482887290039,4.77823514921296,1.96911938686506,1.52234055526521,3.79841864698279,2.74356517094274,4.60029933991814
0.362413519252584,2.20529952579608,-0.605201215657832,3.07949330800092,1.09373964927908,3.38983585110988,3.38297652106182,0.202933788600377,2.3434513246178,3.12827602430885
1.30469962611619,0.553288221054177,2.32799396343342,2.24909748975796,2.75626429506103,0.324012561712968,2.21073246457768,1.09954589986441,3.21933155383899,-1.01248003320918
2.03448267873622,-0.37050999539408,2.92137314018867,0.737540834298648,1.77817003603166,-0.761888348883043,1.02502595171433,0.475528909228506,1.13126210982598,1.90485244115006
-2.70336020414785,0.402870591570064,0.889430750710822,-0.0566431177411835,3.25633243956676,4.08378365884051,-0.758876700759142,6.98633177325554,1.79585245405217,0.266553308452769
4.21382513642971,-0.997615501892192,3.93648500508499,2.19579240453825,4.40880756849544,1.95084865888881,4.21328642518039,2.53575471039743,4.53876946067109,2.13055271653402
0.0488717869659425,-3.53352050856376,4.04317390959995,0.503665919264602,-2.0547230977484,-2.21646824978564,2.9734802972423,-0.839686453355735,0.250448316833866,-0.951129398599701
2.0884479237575,2.48490207265552,4.23215606196914,5.14025096971781,6.16350957023068,4.07917136408996,3.91640443030324,4.12958826519942,3.12716538960011,2.5267661573833
-0.466583652194315,0.223436070686457,1.3307072525328,-2.54302713516492,0.5724615384657,-3.09630474704384,-0.406747909142465,-0.897051947376062,-0.62301267591343,0.256061132555226
2.58376581341036,1.72999601519341,-0.301773843862578,-0.855810445600563,3.63433216622007,0.468845566835264,0.428410240470747,1.08458565760267,0.625080418138913,1.04469431343287
-1.01741744702801,0.38012639312239,1.12414092252012,0.672542735669562,0.873772351973102,-0.15381391700431,2.0505602914177,4.01965416380491,-0.919273177609244,1.22877372010412
4.33870038063802,2.51197305634683,4.29940239575895,3.89396378961131,4.3424479213648,2.2005780430356,1.10983908626867,4.15257873837798,4.66044250385323,3.70423879189101
1.54674033379877,3.82151594753313,1.68483119610858,-0.0556035680657421,1.80624424309802,2.83296130030775,3.228662055677,2.65326218334515,-0.223917428799847,2.5402265583219
1.05871786409527,3.88724971548242,2.63756237392747,1.46080242967691,0.818505137550558,2.13342582017687,2.8135805257047,3.76070615574245,-0.241805042593624,2.33705090043912
-0.0154352762041701,2.88946314825202,0.367428300073952,2.46125892514734,-1.60281407739918,-0.534769837498295,0.624042259630807,-2.93698700062351,0.483136601221459,-0.313439711281902
2.74867052236122,0.012528382109074,2.73367907459544,4.17446153661556,2.18669592827005,2.25656449445431,0.870710678821108,1.04947230022594,1.73334078647601,1.13265177551096
0.318894881193007,0.60558404709747,3.03066865819172,1.39013972852486,1.93784271836934,3.63506214454906,2.14605855223266,0.0551279621248173,3.61339617799437,4.40850895778873
3.69433187679004,2.90601399818019,5.22342988569441,5.02114781513909,2.93433962836296,2.42762246329718,1.66070287404799,2.48841277302051,2.96463354841694,2.31080118608651
3.70536350272691,1.03753486848394,5.57783045170989,4.42187676925242,2.35734216793089,0.309733122448023,0.54776813037162,4.06594841034107,0.639587029288711,1.16822621874583
2.19049418547374,0.182498699262403,3.82508572245865,1.33259649623807,1.22822815709919,3.36196849742204,3.59578734080058,2.26956933153822,1.51990962056136,2.81049983571361
0.998365980121845,1.31670298543666,1.74103800810956,1.16253080102926,1.19826766299526,2.14257611916357,2.72391813388398,-1.24566482945296,-1.28104965628485,3.97627825976025
2.31123053070661,0.280531090931015,-0.293430408727859,1.21529129364049,-0.198870937501446,-0.369133574989436,0.712612922275461,0.91711079478737,-0.758492090035387,1.40172415228355
1.91988684272811,1.08305671932147,2.05046091095704,-0.134074756767836,1.79146255292607,0.646271830927186,1.91169289406681,-1.4116227394003,-2.41068077492848,3.07045079613099
6.5602410691594,2.54355530015762,2.86584091726454,3.62907721226272,4.22446631417046,2.07034247765913,2.96242167350321,2.04117238361843,2.60925005753574,3.03391044382971
0.312438384973748,4.91671966801194,4.06723735365729,4.55392091568606,1.07440865902011,2.51970980137441,-0.906485043294177,1.64421367338667,1.41670360188233,0.0911483737279994
0.977130402325136,0.133144907451152,-0.558741184833119,2.55287002060373,-1.19918392559645,-0.686987316345283,-0.691454346819963,-2.157562421634,1.27926401183273,2.61610102321947
2.27081052831841,0.673044169702795,1.1571057143499,0.222646414992436,-0.197735789078723,-1.35205733736064,1.29473844163587,-0.35427096471463,-1.98039792478577,-2.54319595530005
0.574639263437289,-2.06756906652915,1.07813209317935,-0.996952674984657,2.55995508657855,2.4631191041795,0.536962244079596,1.49547816263202,-0.303899124223985,2.24323421743027
1.20398075384427,0.211091823749298,-0.934845715284117,-2.01099023497398,-0.556730865820177,1.91710570836484,-3.95639750080344,-0.828564336014657,1.65642663490546,0.819808077527997
3.39769886511103,2.04200774139226,1.94983903963432,0.889194382479378,2.941228122956,3.07642305767183,4.45824826001285,5.12004026868214,3.59998951499395,0.332311920729661
4.69350917964865,0.376048385270375,2.83033255295433,3.87350515272634,1.89972129602228,1.93286011656402,4.37337829246462,2.56245723576471,2.52349543792961,3.82990638275519
0.302589238670044,-0.188634172959803,3.32091852015995,0.846748665870352,0.315727338496695,-0.686912000360836,-0.423626000516093,1.71971517840429,2.22025577130139,1.22880811891271
1.72107771143342,3.23093754414977,0.903017419116876,0.535256129260678,-0.300588445934825,0.419813374578235,-0.834600148582255,1.98465188246702,-0.109830117086225,1.40920863288931
3.2935237525262,-0.13768853987429,-1.79447123038353,-1.53931687081942,-0.98693159643927,0.486873595289543,-0.847083567398118,0.142852488486073,1.68434230732967,-1.00062299394213
-0.538706157410149,0.123432914065025,-0.101870885761712,1.8704292081968,-2.11228121755487,0.386237405986908,-0.63706644131628,0.934493278291403,-1.746750649579,-2.53724843155825
2.96320930362757,2.14787243652233,2.14379770746718,6.34952774327892,2.38470302377482,2.55889875506506,1.46695506474891,3.40589637454167,2.39215424806077,4.77184306397709
1.35957895277865,1.75625074481824,2.18960547251269,2.16276478197783,2.83516916841547,4.80871924730397,0.674601092163742,2.42109852675462,1.69629652188094,3.03088298435605
-1.46430363727186,1.39455513405521,2.71728618128239,2.65428033905551,-0.759956471117246,0.584342874215619,7.2275601518236,4.35419560815899,2.31612168449116,1.33507782742031
0.454624209078869,-0.0887554840856168,1.7920345372855,-0.10430594688676,1.4307767044588,1.29393990736915,-1.09434724175627,1.07684120928588,1.4560169413709,2.16208872663561
1.30710681250831,1.94976617441515,1.08110154142302,4.54435329946839,3.33433217499456,5.12618648111918,6.77686713800021,2.20389980290864,3.80088768806871,6.28460040659623
0.42992510122979,1.71208273853373,1.22348676535493,2.2735171411946,2.40192596130363,0.82970220336751,3.16491412373244,0.721268875852835,2.85731116445767,-0.253012281682772
1.33837070933576,3.12471522861606,2.90608345447524,-0.369073961526142,-0.841767006639181,0.461097832733101,4.09263714756454,1.77246835964559,1.02938080144582,2.99693510659119
3.65693004993881,3.54284666573865,2.60664977099267,3.12884200134088,2.14359321177779,3.01734497074694,3.10695926587486,5.34055082634907,-1.20206623749779,5.16001265443217
3.70451032032141,3.90650150677471,-0.184278052268099,4.99221959562135,2.6662492403083,7.92853893514157,4.37303321601213,1.17376425588336,0.946049021376737,1.76246243255175
-0.216901539394965,2.1591516551049,-1.71889846989963,1.19774323105986,0.702945751558379,3.03679601084955,0.0465330338396865,1.86671590653666,2.94021711896632,2.18376933621735
2.25796244985998,2.49450577052365,2.34411403785256,3.41156243856981,1.15914500314944,2.56890745054308,2.31066443281712,0.929460925432128,1.63529732976181,2.43823134512781
-0.0294390741709094,3.08566131660543,2.00114986247177,3.77022951111552,0.308635631889898,1.31059662862814,1.47090235001385,2.2953299746891,3.14944519785861,4.69437301760608
2.28359640230589,2.53908485366952,0.418736597531763,1.17973106458009,1.02085846468168,0.881108428392129,0.492941780245356,1.46757306926812,1.10690954070741,-2.49919569533975
0.3378496485916,2.20958794095632,4.84153335090057,5.07757256472414,2.19452656241895,0.803786055054393,3.73395815385382,5.69236221125044,4.91285144079021,4.83792667233601
3.40528957523008,2.92005364123886,1.45598305565727,1.36520100387874,2.88913832535529,5.66145098449125,3.69039977568168,3.27215084746159,2.02193816574971,3.10182015697132
0.773675391513717,-1.93431643963639,4.05782566370008,1.7030311164423,3.33669441943763,2.91929813280152,1.46514256981211,1.0208466008169,0.467872400817336,0.237395729639075
3.43750683456351,0.276968223329425,1.81904744976034,-2.06197223478439,2.82262018913008,1.78927255732295,2.02118849116595,0.338159056025993,2.39189946061459,4.28033314748115
3.11347836229003,-0.60485670296554,1.6396245970397,2.64947522494569,-1.69020362713671,2.9046709688124,-0.121935027805012,2.02537015592588,1.0362920099959,0.00595722971790014
0.546557241256196,-1.18573608976375,0.180991583861908,2.96421191433907,0.0200126749447211,0.480928787267126,-0.945888151542598,-0.57488803083752,6.47334798526909,3.99515391462979
-1.21107677466323,1.68975592918646,1.76466930563509,0.0713454474555806,1.19190688102942,2.80592750948954,-1.55014581012409,1.53822823720267,-1.34568965862051,-2.9514708387434
-0.164598386991291,0.0867495703411306,-1.19487926848979,2.59257643373991,-1.10367066399621,1.84624929958528,2.02596259427709,1.16985470287218,-1.05863549605693,-0.838061287326785
2.2560150118392,1.54017864641297,0.325998509696853,5.81174609900496,3.9470204041192,4.91155589511373,3.66546324488876,4.90631084482908,4.72059395895015,4.81863879834972
0.387060333686472,-0.287257752319329,0.348661652659587,-1.14537700150565,-0.843805312184047,-1.7279753994629,-0.274985213319642,-0.465823961214161,1.31524732052992,-1.16102932202377
0.981160405780522,-3.86181006192657,-0.795296315885751,0.668315891713806,2.84938083918104,-3.21853507825453,2.94270905550249,-0.804626712886111,-0.223719860868302,-5.17403532130943
1.86328814602354,0.984986592436632,3.14673378626817,-0.504791771627356,2.11382937308831,1.10793340406753,0.0833064940227158,-1.14526470407056,3.42715467634533,3.44942819828896
2.61805277782178,0.21220862486109,2.36108694262811,-0.282679079115778,-0.061682189611296,-0.402423422325654,0.09857573918189,1.27112732555925,-1.50474493233179,2.68591677792669
-0.590305583609689,0.75310640820341,-1.03709271207295,1.26612223255609,0.494956788351725,2.30429097163352,4.67951875509542,0.417199129665713,-0.643660240522705,1.59712568148157
0.167609945371558,-0.641398690759065,1.52854983314737,-1.21012188830881,1.21929829823305,0.639463358732693,2.7723553774438,1.40770773503338,1.28511506088543,1.51667294026253
0.455983786777008,-0.911781585673674,-1.26492731215746,3.83854030682915,-1.07287243193267,1.19482175771301,-0.894801736805121,0.204820222144438,-0.893106200460763,6.30684592931094
3.20235443271293,-2.39693627021729,4.04514236593025,0.82293081148623,-1.26048405686401,2.12209766403145,3.91731497188579,1.54651007535539,-2.31321534333036,-2.42207553768688
3.58434386146674,2.0792794438224,1.83856964481452,0.296763772920964,-0.684959044648383,2.43727075615206,2.12262071517793,-0.812151543585844,1.84726227278472,4.98872053432372
2.08920866122179,4.05204524497159,-1.14101153600092,2.45722141410806,1.65797152508449,0.374220786394668,1.07563716528824,-0.311445388785737,3.06935173103102,2.83920533213783
5.47888115798203,1.41488722334211,2.92365871278492,3.21590424177522,3.55672153073362,0.375817110113415,0.854285273476385,2.63252761507867,-2.28316465814243,3.63898326611435
2.85141869748751,0.248702261320175,2.58075408449963,0.877541552300585,4.22455091375699,2.01121317177552,0.423315787872575,0.967870266289297,2.54812386557381,1.02918969167505
-2.08630327645542,0.802467730863648,-0.365956117584227,-6.14837340708449,0.246430571051876,2.8252935407638,1.22572925857682,-0.544958717812265,-1.44389782840716,0.0624076243577756
3.5933451247281,0.320511612009814,2.99592358006881,0.395951598885253,3.99009863801179,0.8956261589935,1.17519072673153,2.02552859789507,-0.577502481617967,3.04413857961839
-1.77689645368206,-0.943139507098168,1.11200186115838,3.29503465588569,-1.76432813824798,1.82547555393957,2.971634209475,1.98928045560991,1.52197218445177,2.11865456176036
3.43382812393386,2.63007441282654,1.9469426618414,2.80937197184492,4.27995935680085,3.93581988983795,5.00000156263934,-0.146019656355139,0.0116167421952105,1.83020365000102
3.26340166827114,-1.74140143863649,2.30663764983075,2.08456772244112,0.19651329818349,2.89355821647245,-2.32100505642034,0.719924348401147,-1.6019378411636,-0.576006362606374
0.533361544994152,1.45639551131418,-0.23358675233408,-0.759047545125878,2.18898233319988,0.413790842950991,0.384311095629233,2.70648717417133,2.26885520028886,1.59490529284578
0.924661282314177,-0.376213422078424,-1.08754104111861,-0.516352619002715,3.16857700532888,-3.85007730589292,3.35595183932499,1.78386521781277,-0.321803036155371,-3.09988039084412
1.74786174681631,1.75989507030639,0.209440353100318,0.394274333925132,-0.561776061551443,-0.992228738325445,0.0891708936537383,0.818450987468328,1.27826401512938,0.492441505131064
0.1079870692831,1.73108739514897,-7.04714509542903e-05,-0.45755847807079,1.59504179003586,1.12414405467457,2.27364901598264,2.68561991703898,0.160725354915925,2.91157612135631
1.0851748850308,3.18206094249157,1.85287775365736,2.21921687020137,0.813939390162961,6.19851846638197,1.62884779392848,3.96915628083422,0.344786107727077,-0.251125302064356
2.48935073506143,0.632951844165402,4.23101675694846,4.55222247353045,4.60647776819855,2.23340460942118,3.19220323142696,2.35579339829748,1.39545814178829,4.05939115727049
2.76442324170984,2.52965517606914,0.720615932976212,0.545237092038676,1.12150794018345,-0.771870712774651,0.255012683878922,-0.832660374652095,0.268384268494421,-2.17202570991529
4.42017140591253,1.33335989519161,2.48059599740472,0.96808019884156,1.66128744865493,-0.175316881212297,2.66607992426548,-3.01832335450521,0.712981367674382,-1.03258704616503
-0.274654154529997,1.22574125086999,-0.179556483291139,-1.74796373432506,2.01764972881238,-1.8661975365757,1.17910644776858,1.51975883545462,3.39741045163231,0.440520802994245
1.32946887907198,0.583625403164476,5.54118556311469,3.49463304653212,1.0518206189177,-0.232993398567878,1.06590257126323,1.58493893437733,-2.56857495120891,0.732125267953844
2.39492837351164,2.97754842179887,0.18822205680203,2.59124516250023,-2.30965139397703,1.08146720708308,3.41456859523573,-1.36464125095188,0.638858525056672,0.965200253535833
1.78770558476646,0.425725589483923,2.42241374116518,1.41180347059353,1.1489751781281,1.69092185315327,3.89630278988525,4.7800712163302,4.23521363620718,4.80361510089352
0.183130661051039,3.89579034795192,3.08393233361839,0.157344475690903,1.40397498639632,0.137610798238589,1.66826979592209,1.07246715702843,1.61743113129156,2.56287281517634
0.947901272967453,-3.40171987207465,1.92482632873998,1.73590750990928,2.82345036296825,1.48908615492289,3.11043202151122,-0.038415135318705,0.0241938789947997,1.54134242931023
2.37648056373262,3.18424435104591,2.42893298664986,3.05881028803624,1.58457935619922,0.177686450783413,-0.55905212869139,1.9082768971174,-0.396657069227057,0.248539726451417
2.15973738272452,1.99645284938317,-0.493544041507307,3.01565171653381,-0.448134622868981,1.97930075518445,0.570419157288083,1.81681488499584,2.76942454294469,1.93177881591763
3.30615138469981,2.9886462338935,1.8676271142283,-1.54866777031772,2.93589337261067,1.35733864706979,5.3872834908002,2.21560870160774,-2.24878748659179,-0.594215153624269
0.595936419389539,1.28531044376891,2.07619366964363,-1.39823763815071,-4.00616147464388,-0.518236641085596,0.961480045893788,3.3694493852258,8.88830843128686,0.953137570716091
2.37993705368283,1.1762116041558,1.63125830895958,0.318076117575024,1.98688185365317,0.0500938050033074,3.75391361545701,2.79492071533311,0.0960667389145512,1.64391093389791
1.97079212839958,3.26916201903664,-1.09574840188764,1.09278524979827,2.30711016906516,2.1711244647459,2.24344223499945,3.25405505903193,0.365424264681669,1.03115339102735
0.199123332075367,4.57031976117874,2.39058103343986,1.24492085845821,0.890169712475409,0.739571270963206,0.75391938465038,1.39915812806814,1.78856445822823,0.476111555505559
-0.00502745709811525,1.81407065709533,-2.14090069929077,0.769555078489229,-0.887577866946938,-0.106594400941661,5.18532693636985,-0.889236267942318,2.81421503992216,0.274582980332434
0.180364434151821,2.37999552920713,0.989286244721201,1.37115146208413,0.25648273092761,-2.17878160486552,-0.337171447850627,-3.05171358863111,2.29068825285257,2.33677909749694
0.166947659088011,0.52420498448769,1.31987418879573,-1.13848895388682,2.06309920781527,1.09398211827095,1.1459700864514,3.7105765941644,-0.233799404566569,1.24818479485832
0.552251683115789,-2.10507365765802,-0.099435325982123,-0.833429148760171,1.51074758744936,2.17532764144276,2.29018433519231,1.29677011897291,0.197745586166098,2.68083368943399
1.24184362132133,-0.983366596780471,2.16015017885546,0.533332081641472,2.3095187922759,2.7937019126075,1.35292896650587,0.791268375052257,2.28185633799954,2.25636896651313
-0.345274145588006,2.66088518128428,1.80844211435618,2.76589710511385,2.696488174585,4.52577546435211,0.587861192711743,3.28404295717797,3.42088660118469,-0.979367465530467
4.07910661446169,2.77458611789509,4.73473836239851,1.52140563798828,1.71077898870881,0.629313002939281,4.76215198894899,4.99880650948123,4.02104834385958,3.98226075619564
2.74542612179876,2.9722761189757,2.38131027442031,4.84659974073039,5.09384481600473,1.52776202189366,7.29849480140355,1.70318409904398,4.68338931611389,1.09683158922127
1.70744422585762,0.968013126451403,-0.243845143765455,-0.162095461097335,2.05217826032871,0.526444371659401,2.10812781991115,-1.9188783460616,1.94043825187725,0.628755151266152
2.38240024400961,3.67582738339768,4.2109938442309,0.795998730421568,2.93565127002323,-2.52659338963719,-0.54742661927703,1.26894364100895,5.00774665780396,2.66112737168387
1.23787200394612,1.53588684138246,1.64721142057724,0.470747626895118,2.1280202648502,1.66204598114823,-1.35258196717922,4.1760757434206,2.14458246422672,0.246294591985983
1.49624156527493,0.110493978391084,1.18207489321659,3.68765312685909,5.12494923929546,2.96991055374278,1.54343000611996,4.17725907261755,0.275801306519728,2.00283787089987
0.0262168133982777,-1.44427935806475,0.592511753269413,1.65006287869162,-1.76850674228681,1.23368179190132,0.863571790010607,-1.27352394096128,-2.72471502704225,-1.47971465065967
0.263144939530101,-1.23000399823117,-0.435026519610801,0.797032711371395,-0.337090808293743,2.05774789971618,-0.831960770851393,-0.576725580093923,3.97490560398893,-2.45125708159864
2.20701714161526,2.39667159356478,2.3964256114843,-3.14303751651794,3.40064224971294,-0.482119038187186,4.81055581254657,3.55999469141185,-0.0717469812341447,-0.288173806353633
2.4182766369778,2.32205319013423,2.42229206839279,3.42736008605343,5.97284249242074,-2.15937323005889,1.75910103690058,3.69409037742217,0.51814393028606,-1.03062879614023
4.88185996251853,0.263874185211488,5.71078209778151,7.12884186606911,0.0371279392415498,5.37776612599715,-0.237247688831931,3.54403149112533,1.59615514233687,2.60604829256668
0.327730561112757,1.21747844764047,4.27657806828409,3.5346921917976,4.55447957593518,2.56074065163371,-0.137826742986664,-0.212210445180279,0.750578109187958,1.91999966915011
0.0476578833484352,0.362751627141345,3.32743290011117,-0.579278422620468,4.60562071462499,-2.2049574404339,3.06306870708313,2.9395741140971,1.27896236205851,0.0255363928930251
-1.79723779447687,4.11375662303954,-1.454051644849,3.69330481035853,1.61279882215443,0.693850147248609,2.71824566056898,1.4422573083289,-1.81874236223867,2.50912414472192
0.438751999789709,4.77314826295741,1.56316163600391,1.38556988218082,3.68054640037832,-0.352470990376174,2.26699262801453,0.983022173552969,4.01148006029036,2.64097888253561
4.89618100957744,-0.515088272328054,-0.450048963652641,2.48584831785049,2.2285441006727,0.234096613154506,1.49901158810416,0.340446628548982,0.932097554979622,3.98911032562665
4.50011175113059,6.57953159706397,1.81489961395268,5.06687614620488,2.70012715626247,4.95819194744901,0.4081564019995,3.06493329875099,1.92908699846916,6.06120658539847
2.78204776224308,1.28084584860239,-2.092603024326,0.391788203820349,0.690440241876159,0.145674488823742,1.84999466685679,-0.951496856137851,1.56982140134636,4.742898830453
-0.292789911199591,0.345912414818222,0.188589288546259,-3.72207688557428,0.901984197852614,0.407355058031841,-1.31188404794748,-1.57921837776946,0.51293869955927,1.29475058303986
-0.1081295987501,2.54789168362862,1.26131607435429,1.43442968769581,-0.402775042997289,-1.13448804982762,2.54969692660592,-0.291491726917221,1.92227862079168,-0.19582112098485
0.886449027147157,-1.32296691036443,0.178043832309503,0.965398638858673,2.23560862582479,2.51106581378576,-1.82547032087936,3.64616701010732,0.797654387777971,0.340139560734067
0.536500823581916,0.51064880323708,2.22361683354799,-2.65439724174523,-0.413042677881924,-3.71302578666609,0.745655642211565,-1.15611127843171,-2.91813690351655,-0.420777770675733
4.82060436285099,2.40417167014271,2.15111201040814,1.25716797003645,2.18273808523917,1.52993703563267,2.78280176664782,0.659362716041191,0.855600347490817,-1.13150310120663
0.741900827003386,3.43441268333763,-1.84525699617884,2.93226786678978,-0.7147647144595,3.98985281217029,-0.499378091126117,0.832879604918274,3.45606836610982,0.689816854660912
1.13792600958234,1.9958494040511,2.5901640343941,0.778817158018863,1.83199515894155,3.61803091031973,-0.252446329922463,1.59132312600843,2.85165388795362,2.68406421969818
-1.34314481214812,0.10364545184998,1.48057234209367,3.00652649931658,-1.61840611098291,1.73962910524242,0.480446983475623,1.98390490123932,1.28954037825727,1.30393717576112
2.57436949041417,2.35505604157099,0.23732417143771,-1.04125414042983,0.386594487720433,1.74311589136182,2.32744775906208,1.74049720096725,2.02332515397075,2.73936674120198
1.60885177951114,1.12984412220347,1.41789701583953,-0.19149129125839,0.00669383914518396,0.477797354567695,-1.15643176491407,1.39495557504178,-1.77683164618116,-0.419060382032685
1.13235350015111,0.896819743821045,-1.18307001363992,1.98347762707248,-1.21592278694843,-0.205846727102784,-0.826446279445588,0.0276190855177141,0.444892903141311,1.97187211098338
0.742525667923676,2.35921623649052,0.467611580968779,2.79035029362259,3.6474338462286,-0.00387054439358514,0.819767973178757,3.06063603024733,-0.418164049241491,2.30808602297071
4.76994933429233,1.14055855263778,3.20845579323275,3.57025964734008,5.27137764325228,6.20155508161014,4.09053730194049,4.55482000342231,3.01232436967455,1.80954709291869
0.991015051620736,3.05476092858555,3.65023537079298,1.72777767572741,1.74235934367202,1.40815876711294,0.934961534018861,0.166720089982333,4.23404206070482,-0.369026037590874
-1.85964160322891,1.16278602079002,3.44546125584317,2.12156650892754,2.63332468046531,3.14671695800088,2.56170310415379,4.57092416361528,0.454031474841017,1.33963277847373
2.41934936743709,2.48315191288009,1.6530854899439,2.02035353665238,-1.80822031881649,-1.09047978231461,-0.134028524270075,-2.12832543343338,-1.55972254411132,-0.151755231176697
3.43297564150606,3.64370471477227,3.7781232947288,3.00037781841375,4.66402480064811,3.91140015600501,-0.504480318006853,3.21514687934127,1.81826929865662,1.45372870937478
0.410164180155689,-1.31147521109153,-1.56202607195487,1.61659786780203,-0.279954144259485,0.0130537778828852,-1.08511114536146,2.37837718450518,2.86618583482295,-2.51134310401905
0.603972921646287,2.20234805115152,0.974501522711935,1.43186867849996,2.63302841571323,-0.455389604111942,1.07808486092302,0.419134936942935,0.45090062836896,0.104937099863657
6.03849731499347,2.1258641473274,3.42159912172547,1.81229787334924,3.1103578751724,2.57501951523055,-1.18248965798533,2.61288364633487,3.26026504974054,1.10209460461133
3.63228846786925,-0.162797972195524,0.427972892735848,-0.14265946661861,-2.3658146727797,3.85539005499196,-0.815855470735706,1.96319501829121,-1.12081955672729,1.48272609511208
0.820749598780888,-2.02611775536318,-1.37928101882942,-0.251450548798162,0.91675924383303,0.02811864646541,1.96729655734299,4.10707488753557,-0.0788690680400024,1.60734589731529
1.75146762079602,3.6560059207601,0.325620323471701,1.17238265591035,0.292332880218782,-0.560742457072381,1.39639390753123,0.327627960217123,-0.238067019294079,2.53502605672678
1.86082640503185,3.30234441121595,-2.41398560314409,3.50451444889596,3.79937815875355,-0.316037154230369,0.732897179965071,2.23506805003987,2.51624231399991,2.20308753796048
3.79522976529576,1.05603405505738,0.799307517025478,3.32521126177225,3.59708724604409,2.6854713797993,0.0630216090837423,-0.675166590175181,0.0879997955601277,1.46177472462167
-2.2182426710814,3.54769385192949,3.88533079965675,-1.28388592002486,3.91045673854505,-1.39314067402985,-0.525293619936036,1.39593130185048,3.34949350525494,-0.427299879927619
-0.0916054266244133,-2.23233501400133,-1.47118558425179,1.21900952304122,2.94549055057612,0.705739734890664,2.5262447410947,0.141923043913697,2.59444330835016,-0.33279667007013
2.33630357580905,2.61823836467757,0.610609390438916,2.70336417094686,-0.169672021253432,1.61298795053121,-0.691275161598052,1.73198980768992,1.24382693982704,3.64084661049007
3.27745802275086,4.18096506740729,3.34413459576287,3.47925625477506,-0.212095387183346,3.28777513302153,6.69735754787125,1.38604811916088,1.08151616802731,2.35178606313057
5.52390166790393,4.42238657639082,4.29322648288954,5.11713572936851,6.8069723674008,3.84844767416322,-0.823942996393156,0.595726555714392,4.50420958635759,6.58985702638002
1.63110563327829,1.22032018284483,2.31744491884909,1.04809200390523,3.93574268928685,2.78853588001732,7.22369850380913,-0.146652462279932,3.51791417282978,3.72329263514106
2.76335647625717,0.909988216368067,3.7341485011296,1.91793892299591,2.43192879103432,1.76755111841139,0.782208452894953,2.05192286684452,0.478592584660056,3.46650210920419
2.7983625524975,1.58292129915326,1.35614507293527,2.51004501804954,-0.510250880064965,-0.957487600161252,1.88167232940999,1.41135402671931,3.68573461796067,4.07536766714365
-0.235359821894616,1.38505006750374,-2.19644077571458,0.559738558399339,2.57034555693029,1.86583315920246,1.38848422622009,1.70262899866937,4.96659456026123,2.59980962730287
1.17906199727149,-1.6904323110798,3.47133860695795,0.00535130323519462,1.73673105404697,1.94475779404406,1.89016530023792,2.83780032995283,-0.275251217928487,2.69089123445048
2.40070799888761,2.86436789505357,3.46079450544844,0.783757389791124,2.79314721008203,1.18625061521162,3.23006722940654,2.84622407348892,2.51016076078326,0.653960051597573
-0.793095718515378,0.995645208374041,1.06796065241537,1.01905552383978,-0.615309009594195,-1.32979774324759,3.60059402131987,-0.8110604952173,0.382641511787217,-0.215884977285489
3.56062393084987,1.55306415386349,0.649050671413637,2.04736335829656,-0.0791836676705313,3.38429780537102,1.34790433468801,3.36869606716391,1.74310476172188,0.652274422703778
1.96421440152842,0.764260190961718,-0.18241527036218,0.36642081347722,4.82966537548248,0.340752568242936,-0.84224754735174,-1.06375645380262,0.425199582626311,0.978401043174333
0.481144562410678,0.0382786816798028,0.525607963338661,-0.562182386093881,-0.418198234599434,4.09221633272603,-2.04077833130478,-0.877380144504476,2.00181256479259,3.39824641341595
4.42194313154122,1.55976152416087,4.18246994245829,4.44392039470763,5.82622702767822,2.51087212712749,2.34831746850474,0.981867821465642,0.448786565544861,-0.933456437383871
-0.000808163598075451,0.634555876301794,2.76509786892959,-0.248753939335335,1.25502602098216,-1.04916671358006,4.38213074399333,0.425756165335827,-1.16396258205473,-1.46907228805005
2.8981739324303,2.56148975172282,2.90386975505922,1.03613604460346,1.59032513303007,1.08473648910301,3.26777339235625,3.36452579831417,0.149681117375966,3.94553594645251
3.78918051625856,2.24981951391907,1.96960560553932,3.65820344024125,1.26460914094863,0.701033863165713,5.38834242868829,1.71291858237974,1.70034348791963,3.06356959709434
1.08290891229672,-1.04220814237271,0.942772278832875,3.87254818684359,2.18745932491189,2.73098894286395,1.46279307075598,0.326079046247228,0.780880557788916,0.291445182461921
-3.48314751687699,1.44249670789503,0.69241387223935,1.77344053840916,2.62549496238344,-2.37554542220407,-0.183675509053665,-1.29674104490459,2.12563831995335,-1.60381502536833
0.557203109559158,-0.990410340441545,0.471792015288633,-1.34750638266552,0.531496931788754,-0.0202585034835643,-1.39407965623081,1.27133289787271,2.22286664049233,1.18331744855042
-1.25242154529994,3.01505800926571,1.87821346479405,1.75239632145119,-0.865778047511276,-1.77195471136216,0.621442970141487,0.969282358733073,1.46462957409452,1.85008073198372
0.982778003592943,0.369286428234224,2.12514521382853,0.681849530716539,1.35041248914667,-2.99348187032097,1.32900261168131,1.74607341880768,1.10165989874345,0.940105878878496
1.32741303716694,0.931444587837751,-2.75798319046442,1.839565010528,-1.71815200410047,4.05273707950596,-0.0852250689024634,0.0792510993984363,-0.269861272955175,0.252372494123891
-0.0362204688946541,1.65419389850203,1.09912402529738,0.528213706874848,1.46295372807808,-0.195892268045456,1.77255580062343,2.68917962098777,1.67079736389547,2.74430276428871
0.782685757283658,1.64232813223382,1.92611571951497,2.19159650324738,2.37059084781122,-1.09312619519106,2.0829745179416,2.68801925067413,4.77722246637074,2.21201065145715
0.604868300215109,0.45671751628696,-0.728019704478261,4.72417700736487,3.23247710357106,2.25075162693714,4.13508362748547,2.72936955316978,0.848363806114736,-0.370619405848207
2.4646803135812,1.72933905410517,1.74171583341568,4.62512900958507,2.23045567692543,5.47770193779898,1.95751988148176,1.64276989602656,0.354001573402695,1.33181092386787
0.596755648889036,0.822313915938034,3.23472802140564,1.51642922332348,-0.308552959108972,-1.36250245587764,0.158189690870107,0.276149322760064,1.38282743127348,1.21951509725183
-0.00937829669680463,4.29603331564147,-2.53426527240168,0.17874532168105,2.50959856334703,-2.31366571741462,0.468370878863556,-0.161002283307129,-0.649600410738194,-2.3744902861858
1.50791402070376,3.66091431950277,2.68016865623507,2.55679765415232,2.54702321627914,2.5068835872486,1.56211646095575,3.95393852347112,4.89035025864222,6.15451492823106
-1.75121944207483,0.0698714793909246,0.150146618900995,0.993503045245398,0.691034632985257,-0.803956360225124,2.77691864906071,0.0738987027667394,-3.71344352169165,1.92199017929535
2.11488660085881,1.79739842986828,0.385890433870343,2.74510835250841,-0.165321776299367,2.11489583381432,2.94600318294967,0.560342781100626,-2.18992785052551,-0.0678031535672543
1.01031990395735,3.07729575379967,2.54033124012897,-0.121447783495136,2.32373269914998,-2.58854324999079,-1.01451084221675,-0.145501097758501,1.47332095858275,0.546002654911118
-0.141418739317023,0.552076070565642,0.0141881318122502,1.90768724726922,1.53768589556885,-1.63436870134126,3.79256711032713,-0.413222625181027,-0.0680722675520109,-2.44210767833177
0.132417557506975,1.43592533902203,1.32441307486406,0.0546774517448243,2.09477410631977,2.96457342925162,5.07045549365941,4.10042264667237,3.49100814979816,2.6998841347081
0.106306389224514,2.29187625438602,2.16627051527857,1.64594852226275,1.17038960033674,0.236495475693629,4.29468195728285,3.22281278022596,0.0441409597606057,-0.0836480329301668
-0.535922365495012,0.447339731221791,4.01592598722571,1.02069070506678,2.03338871717168,-2.77902162193508,0.417024993068475,-0.981078933327144,1.61740319100299,-0.122335607362644
0.0188829631438012,0.277218807343492,3.38826476760609,0.860992030337909,0.059619420972685,3.09641362815786,2.15156989722855,-0.219771280426671,2.04379961120838,3.17162453828068
0.104558218430621,-0.973827094077957,1.21304200057592,1.80208591925588,1.55690012904551,3.10180600923575,-0.226294823946392,-2.66909907612556,3.41587644544855,-0.567010492758588
1.2432564186,3.35534876665829,3.32884070568061,1.78451112950789,0.535582975403026,1.48683046549218,2.25767355824023,4.17594781491542,2.44574946912854,2.04432566379464
0.384683093327158,-1.20516860758597,-1.03358402217646,-1.28365250570087,2.7033837544831,0.927955967733823,1.1638081600607,0.147972101398069,-0.719474487205443,-2.88600759666284
2.40495482205021,1.59911108343282,1.94385529237312,1.01024565323234,1.91396364169356,-0.231492681216771,1.30881065518449,1.48011148150342,-0.601796586047955,0.141820555234252
5.12870544421905,-0.90951252420632,3.08144629696868,2.96388813643412,1.52386522509277,3.93408028559193,-0.487147840541599,1.66808885630778,-0.449842618219908,3.45656221371114
0.446655048476231,3.87608549219087,-2.49119857198378,2.01038584471521,0.161155216814776,2.21376908454519,-2.58978952678358,-0.0431027543665004,-0.466817146792821,-2.05755163672001
1.01026142291904,0.90660784318259,-0.633242426209236,-1.37521142847115,-1.50358250189958,-1.22663392300329,-0.0687644761416597,0.237315782497539,1.38184429979343,-0.731401600461751
2.70341042986575,0.729502467488528,1.21543071764832,0.566833618738229,-0.00219416494556302,-0.400981542384074,2.3705189670397,-0.0586119285552542,4.5162686914704,0.835697600918167
2.14161971638571,8.35403640088581,7.4033092787423,2.76026356448977,3.52703180074205,0.614597549339744,5.81873948520036,4.35647988179574,6.41196329494033,5.88146342789434
-0.2768649547492,-3.97205648804303,3.66494397369465,2.63110528094681,1.29361985812758,3.61048132605483,-4.67765951529112,1.41710094871154,-0.51849702727783,1.43564730567279
2.27888554666913,4.18863383511712,2.41674282349997,0.0417234483655358,3.22325314001706,1.21851375557103,4.28519354295199,3.77995857161844,1.40997682427642,-0.420377223280931
2.24102866399446,1.74180676185086,2.27804596535695,0.49166161876254,3.79709062992399,3.54205806999487,2.52415244597369,2.67207006001156,3.25379963357882,0.972909871942214
0.264714074107813,1.20561482129635,1.96649835053391,2.09634354725268,-1.2694783472883,2.45388184019956,3.43312597725174,3.32167731453277,0.554874061442441,-0.514136741291997
2.86327918098608,1.43119406643984,3.90848935185972,0.0764673745543416,5.12992788861007,2.28754701968495,0.944647776847373,4.63802172659809,1.54269389332931,2.79346778357104
0.566953689748157,-0.98408511418623,-3.47535303210123,1.98065129119191,4.2986534449451,2.96231266785834,2.68530317056155,2.70886059971061,-0.634701876846816,0.478693191918389
-0.940589855142996,-1.16002066034357,4.43027478457656,1.02350657996848,0.970883779328606,0.023144880023762,1.62431068679279,0.972361188043402,1.7952178445826,1.22646602095131
0.467477242279657,4.32098465709348,1.67367256486506,5.02325368890195,1.63316310748144,-1.45807468584143,0.850644318013174,3.24696011394698,0.648214576483374,-1.50097746482258
2.72488679094145,0.282473634462101,2.23225279818991,1.56538078202704,0.256153624690935,-0.396256239759034,-0.13853705038663,-0.438651962923561,1.23694143224224,1.14519660991212
1.64909230323237,1.05558893145923,-0.338873768930489,0.121718025302013,1.15435495984168,0.658021049049251,-2.28613930937469,-3.36702099512066,1.33733329659718,1.34871691198157
1.73636860116344,3.8679119434206,4.09556948137449,1.61602641953055,-0.0628009063903661,1.86815369442677,1.02748186462519,4.0894021328052,4.77989668431118,3.32028736443657
-0.865460853357244,-0.738737967622388,1.48319588398843,-0.991479831365552,2.1210232785582,0.630925514557754,-0.245804314146744,-0.111842251122968,2.69083412466634,1.80618029951809
-1.81545688666464,-2.10559856955339,-0.435070066515633,0.830705765247571,-1.87541356091895,3.59428256842876,1.64801952256825,-0.779266981029552,-1.62321370990965,0.482138787308585
0.0854952478566517,1.26139988528337,1.03657001086018,2.02685862406518,0.571652059086012,1.60386114992333,1.17888259153891,-0.651967609244769,3.76221814310543,-1.31527636342878
0.873178358406056,2.64497301645611,2.77466557206947,-0.310157580875882,-1.64156888979478,-0.0327273912228669,1.4492567740935,3.35249392319063,2.61359561314574,-2.74205616067036
-0.531826466927288,1.52136402053831,-0.274799988845964,4.9530774250651,3.70057623844284,-1.18535789297079,2.03217510947831,5.77817988846436,0.969409773035876,5.52325998774474
3.55545370511514,3.61855730888799,3.53051143629423,2.67796620345417,4.05945766948087,0.943608976152399,3.18538048573601,2.20082339788257,1.18419086300913,4.94565563951692
0.653676243959094,2.91065325068031,4.0318928721711,2.58936378103705,2.87461341714232,1.88810160231137,4.3215135348888,4.228927774682,7.75505257903328,2.62159756035868
1.77005160994166,1.563935907376,2.73259292760134,2.25158414080831,-0.618877515404279,0.378277072422665,1.64841228982644,-1.23812606217662,1.94300484173604,-0.482964168352712
1.60549513558633,0.699890384273121,2.81213471628642,4.57335468005653,-0.129930773199996,1.15855774393537,2.67839749431584,1.61372685415314,1.48757482767859,3.96527861597141
2.75561451697736,1.51413736873256,1.0697193644064,0.9548277830237,3.19964789774656,4.16677446382013,0.381931010402974,1.15634398651982,4.16496964424725,4.29541839592104
0.903106039886683,5.002661363823,1.31300224997536,2.71291515929137,-1.93170434448431,2.63532405823384,1.26417307690084,5.13510841744648,-0.133239480737939,1.32779188768518
3.11694944097281,0.290294016372801,1.13333109321805,-0.4517691842092,3.60665702341556,0.847776669156204,0.984089634169901,0.634685558400126,0.62439901115075,1.55999500224839
2.76871967160467,-0.610735705416275,1.08876088301903,4.87441959280015,-1.44721702394041,1.95247671226427,2.88594205301987,1.79531590505946,0.135780366292846,2.94870447612846
0.633837358978193,2.43987646834471,1.58037504760874,3.66475433599733,5.22413703517508,3.16514427365574,3.20583447740106,3.94908237851299,2.51854724804866,2.60954777169297
4.59191138714308,2.79898854209544,3.92685827524392,2.08258408347823,3.40934208785013,2.76042246976263,7.03601495281577,3.15946161143688,3.39257697621942,3.71626528969518
0.678867644082209,-0.733452929341158,1.60101972880426,1.29518376583219,-1.06374783333248,-1.55368499135583,0.985058288239061,2.13662614014575,1.03492688264562,1.78797525733847
0.438336594870922,2.91463038658082,-0.599047558942608,3.48099968178562,-1.95191918991495,1.82045993019904,0.228768466339956,0.869082962748417,-3.53818174959285,0.662222245219594
1.07410368417613,1.25088888192474,-1.88154915938442,1.82569106788066,2.57786241422155,2.96582003992506,0.769001862076023,0.856041894562298,1.94201314982791,2.91227056981527
-0.420302943414248,1.76259000543939,3.07436181341479,3.55665680453724,-1.13491742924615,0.911893361902799,-1.88469230008403,-0.0656278169500051,2.02572131047225,1.6403913463012
-1.39194141467537,2.27206028947194,2.40691743171261,2.10957786888577,1.02451573077814,-0.264489281402767,1.94711375542418,2.24647782937556,-1.10921772345854,0.770845632723385
1.37981317314504,0.498793271521997,-0.150662219053105,3.02074817622102,2.67778952541526,4.51425574113367,-0.0356894227719704,3.09430974828239,0.911428735901371,0.0357088162159187
2.06136936390416,2.84246205831612,2.41115484957472,3.64055974471109,1.15710372185308,0.298176442111721,0.0827905499576169,2.98063354451484,3.23802950375943,-1.55333778204374
3.07619793462988,3.08205068426319,0.51744113048724,0.633940469928303,2.90841451560474,3.86759471996167,0.032055974292305,-0.0216708436303028,1.08677258844799,-0.357176351384072
-0.0636180884354536,-2.2522955901124,-0.177554785278596,0.689160682175694,-2.12591800670663,0.68881770196041,2.98012107586357,0.804385115933375,-0.547495011821424,0.497799070770907
4.97028752217115,1.75914204866038,7.51078046944904,4.43995476777434,3.19441786140531,1.24727776819684,3.86204494203261,1.96811966181883,3.09091812090424,2.37934015759772
-0.406494966124148,0.624196579314003,2.78907269171308,1.42714055700867,0.316393785697731,0.270309382282804,6.30099835486822,-0.199113215649577,-1.85283778850552,2.09446778011866
-0.174076993670802,-3.36295552539506,0.635040772299969,1.20381310702779,0.770311104297052,-1.30864891968179,-1.41317501921848,0.449964772573543,1.40586086275937,1.06468996038046
-1.03176037165492,4.46520969613979,2.19757102586816,0.887288772087354,-0.11686718576765,-0.510807682942522,-0.449835306001402,-0.147022344522311,-2.10814343574846,0.215754101051149
1.05254414342836,2.91395844993708,-0.00416663191047606,0.500885338590307,1.60575730910813,0.924038972071027,-2.15990166995342,0.758443709323747,1.38655697656526,0.482763299854236
2.09239277613955,-0.644937470636537,0.314482504714389,2.52961896621822,4.21301117366251,2.26423583453942,2.24302109609571,3.28760324864187,0.450768836757133,3.14166705629754
5.21668132532258,3.10779034267124,3.05377230803317,1.03240365268435,3.4762081317364,3.19729676814878,5.7089762542438,2.94129737205731,3.24603851400756,1.07790157527008
1.71790027505707,-1.42756735916061,-0.579895612552886,-1.10782904651967,0.221845320254975,2.00970269352491,2.3632149961143,1.47979398589111,-0.0798724717639594,2.50510079727726
-0.0586713880674322,-0.0796563912643523,0.284113179782448,1.34821106162321,0.275651096208666,-0.428583234798507,2.62283735044846,-0.0898492757483139,-3.00483743364156,-3.46969954378669
3.71231200207974,-0.813362690893043,-1.59901037066431,5.00181723050476,-0.58867562413964,3.71442805085115,-2.59407360652966,4.34802315198682,0.654930908340824,4.14035478552932
-2.3019836485813,1.02232196380635,1.16298048754073,-0.754681833793605,1.10293818401817,1.1920589031644,2.45096918740576,0.970551628468874,-1.82460933809528,-1.29907410195456
0.170978074443341,1.78409304116917,3.04090325921742,0.383961332069506,-1.84689481419674,0.0601680816496429,-0.679017997539303,1.83450295724218,2.1739494013903,0.121363764710657
-0.260139659871524,1.04146414821546,-0.651467562040188,-0.252232837844197,0.294692221786717,3.37880930141945,-0.582289229136701,0.125688060094651,-0.0447984421729308,2.23691265494789
3.54702598102687,0.0863288793402648,1.68370316979466,3.97260186506733,3.478736719603,4.35606076280357,3.54699846126035,2.38624641490349,1.18956682364938,1.93529851889583
-0.973009380598288,-0.152029917215568,1.94611168390959,-1.23278900437717,2.3613016833505,0.732394523053858,2.37550226214599,-0.941984813022287,1.5406901755184,-0.497583951205778
1.62783108691314,3.04241366249155,0.587116913213818,0.813634145243776,2.52483998301692,1.92691609878319,2.01767836928353,1.44785940280982,1.92987084137873,-0.805794251606244
1.67636850252335,0.606051511558772,-0.99072245710067,1.70119047636888,0.140307971603945,0.811900965558615,0.434924592830001,1.25541401123186,4.59026059533158,2.73353889826115
1.48143826690814,2.07658197519904,2.26802731534857,1.20274442639391,2.8327970090614,1.5964379377201,0.271755456796158,0.646049372724476,0.0432225119893607,0.695077143019011
3.20159777305699,-1.51978186047313,1.08048742863825,3.70955912822182,2.76549222368906,3.91061507435377,3.33923535236665,6.0563964607697,3.9696518142583,3.3229027712134
-1.86988116939157,-1.2080441058512,0.887874893153773,-1.41213656568562,1.57928493554875,0.919627912008905,1.11248212378847,-1.40785861348171,-0.803997695700055,-0.524888664683965
-0.106688648378864,2.70832857913235,1.42896239894236,0.436581589698321,-1.24237379621508,-1.00773400340073,6.80742875691139,5.1429958285582,3.3612745673426,-2.76792126598303
1.98116291972135,1.21638217382159,-1.57848500733166,3.60238607704646,2.2589975161295,-0.079776024917952,1.07947362438059,3.25211710167682,0.899486877296768,-2.0333712051044
-0.920075911511016,1.91172529644488,-2.25897452701806,4.13513373131439,4.95539628548611,-1.6417639248596,0.444195523092623,1.16169947272781,-0.54234709627637,0.676001667067477
1.23161220239952,2.72242013927383,1.80740044995962,3.13675157521546,2.55974401919353,2.21380295958491,2.97557503512896,4.34968319762896,-0.813064840494026,-1.96104968140906
1.41757341675342,0.962974381307391,0.439617174465729,0.32292029505489,6.58612536238817,1.12492984119649,-0.898052027968743,1.2979373924843,-0.464591065116191,1.855249047778
-0.530690485826181,1.16160775406351,0.822823418583641,4.01878792996589,0.57712755223938,3.32609117366482,-1.40872302425504,4.77958247798377,-1.18270524179875,2.70583630183321
0.879073116571076,2.87279933228918,-2.04760361073471,0.104746530299737,1.20184449215148,-0.2789134460024,-0.0523170938246433,1.23818124929118,0.975332592473362,-0.90624418742663
-0.669918398045592,2.67801958739545,-1.5246476006483,-0.848042475958539,-0.119416404728326,0.06749163134998,-1.00346439779019,-2.36349569986519,-1.06884876130971,-0.856208860743458
3.43688508358795,1.10856233443828,3.11548744133261,4.41703996189089,3.81073046680441,1.32920531005568,3.6433657560802,2.8628871887485,2.31718460751634,3.25246843246911
3.50191296623082,3.01363295229322,5.53890417400786,2.62645594251176,3.41411915265579,3.65613875542494,4.02896899444544,2.82786268452704,7.26234571254969,1.87900521683299
1.1829870004113,0.389456073871275,-1.86315619812733,0.205179809495267,1.18837917867784,3.11169037157689,1.09836438811914,0.0585861444892372,-0.851556275636317,-2.60543879579174
2.74894575690414,2.68367329007217,3.76804049189353,0.219978662079248,-0.906607104231245,0.566594852643593,2.9043035539349,0.0522564102921892,4.1605072364935,2.20225926750768
0.772474552965662,2.77650669565897,1.11105676887553,0.752819181339845,-0.16219281772361,1.03235359421615,0.65271808209819,3.63710713829288,-1.26537156763048,-0.511925724993879
2.38385296516839,2.66672772122135,1.04801394922252,2.22397808267837,2.12886951938074,2.16088750811812,5.93166364296137,3.52504458843706,3.17737323568257,-1.20863763902178
-1.20809629089028,-1.27000962659963,1.70448725170858,2.71754175053284,-1.26032518656921,1.95979881350207,0.232789194481216,-0.420411931414327,1.72030177551442,-3.00577134222735
-0.0603870668909301,0.970306123559724,0.659696012179457,0.228247510139909,2.57748138888852,-0.576718628531277,4.68374593282349,-1.17471740226978,1.89320099842087,-1.87686409511402
2.30724670490795,2.77243538368101,0.39800636079303,2.37211779715543,1.85815935441285,2.43799942401857,1.50412780190038,3.0722214139555,0.325828490530583,1.9980655339978
1.36519916914136,2.39961249842373,1.53863006980298,0.805102203021358,-1.33140810583336,0.558381906952401,2.93436590951492,-1.77665277332324,0.240040820383728,0.62895138673375
2.6912537755314,2.12648599731515,-0.510186163629692,1.50998239789343,4.13029596699571,1.5082293427742,-2.29427273074373,1.15000656143154,1.50460793321401,2.26661126482768
3.32228570164581,3.23229484607616,2.43512287602439,2.34403468324315,2.1880924998973,1.00420940757062,2.43695931270191,1.43223150015582,1.39564787108339,5.94653834815605
-0.29414827888374,3.12691322818296,3.74714312735031,1.72337571261187,2.74185347892887,-0.552091522429221,2.66849403121308,1.48610300977602,0.342147912899763,3.17884075522898
-1.44064073848338,0.0256569917595712,-0.0124197516729259,0.0997637234295487,0.00550957554610062,-1.18470754755038,1.30387299871372,1.61908708196649,0.404030370831645,3.15926397950804
0.392670287746503,4.59474083717805,3.09314461631348,2.37843780121204,2.1995856660952,1.70269822538261,1.77626516004485,3.57611057706188,2.64958347775573,0.0763609001042123
-0.57407962706563,-1.24658127624083,-1.47773411385555,0.988922212474512,-0.863018295833795,-0.31585565429666,4.47148276882388,-1.90369173607398,0.758941195634186,-1.09912302321801
-1.55023903194925,2.95481938771012,1.3488191686923,1.49850178055202,1.09053687238356,3.05079534129787,0.336064417664595,7.06654138859296,-2.14110279549377,6.9029702705171
0.815735455794411,1.57872250430078,2.59986840387952,5.33732524996616,0.221115977640347,3.27702737101891,2.5386989206853,4.21709139530323,5.04290684408403,3.20242638053357
2.9642119054064,5.35876496011704,3.26100175154181,3.62649608851624,0.82910952354952,2.17765906736301,4.84605116794692,1.54741898895222,4.44693135794193,2.7266949715129
2.94769990703998,1.84091012209518,-0.0973321479270832,2.93630383010845,1.867087676747,3.26004176790819,2.8033086744892,-1.56461669609042,2.34080539686228,2.45784891017674
2.5887992159307,1.30852027401175,2.7527975373931,1.63102346271729,2.97683309966412,1.2159014911618,2.85130972629415,1.22876221907057,2.54338256360953,4.17745331981151
0.477556906946533,3.7321897388079,-2.57328923860225,-1.86883731355497,1.68842956631635,3.15901484628066,2.76092859880236,2.63004032991226,0.678970502483901,-0.174640819601442
0.544046709109636,5.63273261430686,0.764082023819547,1.28196167890944,2.01425412851968,0.695136344299865,4.84983010545717,0.422126510964101,2.09967803705443,4.12217009749205
2.73039075726833,2.55587614169832,2.95226602955825,1.77972040698301,1.03219527511356,2.31904345465107,0.543241819898447,0.264939156838163,2.20459172778298,2.73056620017915
2.24336121873701,3.81030762367518,2.81039201939851,1.12139115446867,2.08316841408754,3.81252558363545,4.56378930796268,4.55872477615806,2.8898572094852,2.65340867329094
1.9686291253962,3.15852405453211,5.06480609973895,5.73524868300226,4.24923688236086,2.40792943156665,1.41952901895459,2.58942363695375,3.4289089749672,-0.0426630348614934
3.45859746499497,1.98012318727471,0.274252224219176,0.205787259222263,0.243196057837673,3.247060382385,0.300788516368814,0.585053316453495,2.07635119380516,-2.73351479337301
-0.7056225972524,-1.86207702119921,0.842503334296729,0.313486610242221,2.22340652625011,3.08038593808117,2.28453830989699,1.92757383714462,-0.223689703201919,1.13464420033796
3.75576658232842,1.22860261783106,-0.663778761734742,1.54804129712735,-0.890285775988719,0.526481962110699,2.59886959143438,2.09114987340943,-0.888828658384088,2.43895057545482
4.52735074105366,2.27134636107369,1.84913580785546,1.98704818242285,4.71067552992613,2.81500750608683,4.31213714928897,0.529711366039292,2.9090049936594,3.9285586874066
0.551243117823874,0.666811550599922,3.2475782243332,1.09889960314173,1.15127671590253,-0.995487511103808,4.15415363579552,-1.66681900466642,0.734209879580188,1.86880571803584
2.64554074904978,1.79432529549011,3.26561086838812,1.19469367972013,0.436140606927606,0.0574105136241567,1.07217400421226,1.22994004422131,0.626854184457664,-0.31425917474011
4.36358224623978,2.23947226343991,2.34769135968774,1.52774332723155,-0.937722017848604,0.402290241484236,0.124064752958827,2.00326685255542,0.609007087836515,4.21387838366763
-1.19286550641324,1.69406352098545,-1.244915462022,-0.945665218829413,-0.531717356546472,-0.476180781099947,0.202254847362874,2.07002292366634,0.332929214572946,-2.49869128429268
1.38516491488497,-0.637750283154901,-0.523136690284705,1.4277229636669,-0.0580021413152506,3.021003594326,-1.09745807357324,-2.39597156596149,1.14760190528548,1.45024453096892
-1.00767634280125,0.340661100189552,-0.290756236537411,1.00329981969427,2.45047192474874,5.55997176694484,-0.145314951561644,0.408924193332955,-1.61775835232843,3.48987745567835
0.988990357852923,-1.88273985856213,0.268279801766649,1.28021339888202,-0.403070484494894,1.96806519834078,2.25053091933847,0.198367989364426,-2.06952963945836,2.59865543826099
1.57879084132798,5.43949991047584,4.1212543225763,3.60791438935942,2.06469474183322,0.531145054930105,3.46654777768964,4.89784085212247,6.95531686859859,3.08306942949681
1.28572027371623,0.267346885132966,1.7282185808418,2.60471279250084,-0.755441552762599,3.7881057710436,1.27591691389003,2.62651321901277,2.98482662499775,1.17265173848566
-0.659120563941848,5.16856503448844,4.09311490884689,2.21269299063676,3.09777735259129,3.47073493029765,0.939999863244525,3.45011729740134,1.48633559189432,2.41164816571497
2.06663892231938,-1.50017139705904,1.73950661808736,5.12968748975135,2.09288721048326,1.45326653305467,0.478694671942252,1.20736549001017,-0.0685576122630573,-0.0563215605449348
2.33669441254099,0.59185426281189,0.743547793280497,-0.16162697180236,3.6775778009432,0.987534102494424,0.0848906221399115,-0.763533663450068,2.80818905810124,1.68664109421863
3.88666148418193,4.29228595257398,4.79165658310181,0.877951702192286,3.00783087061538,5.44112694176634,5.83603642025064,1.87836684228655,2.32481967506801,5.87207856502995
4.5071824585612,3.90966316876628,2.2996707981943,3.16755025290166,3.64932148631032,-0.0442699631146963,2.68692547840676,0.0559043173104772,0.658355052761279,0.712603523825292
3.81331623498416,1.61127700216852,3.19524552809302,3.59834494779629,2.22079004210437,3.82845337331195,0.685300056016727,5.28475282345932,4.3337723687792,2.82262854773765
3.29669202279115,4.60578656457481,-0.91403092913021,4.05648192279363,1.5726983811373,3.09445358630423,1.34420179968175,3.37138600659228,3.2025915846031,3.35459688695124
0.0481803552065674,-3.92293845399594,-1.93176701348802,3.55739505299382,0.962885766647397,1.56537753837709,-1.60851435129682,0.898277692147807,-2.00712397639383,-0.635487443601676
5.40086522574122,1.33757969572987,4.34391009346577,4.45794900117752,1.33308436500391,2.95421872227214,2.11229925458579,2.18731378889699,3.1000230720275,4.42032417755242
2.47001912373713,1.16950934617439,4.889234020745,2.25259025102852,1.70376282901725,1.51411697566346,1.01044766645065,3.76297332131323,0.818954869952118,4.27700010724513
2.45520839587337,-1.15790216012265,1.08386631647432,-2.62003387968213,0.491464553942974,-1.25873928388022,1.00459454358827,-0.291422453072043,-0.739557990883624,3.3891262474796
1.72867129728627,1.90010247414466,0.400637689636344,0.862508405523524,2.15264094769245,2.17839551841272,1.33003816591701,3.68364826665792,2.54672994416905,2.37197290906355
-1.2000151766957,3.6571182749169,4.24878625900718,2.15625335093899,1.42846499457899,1.54496023066164,2.21259003876529,0.647321959702422,-0.473203313573745,3.60092001308864
-0.614798273938643,-0.985456092937859,-2.17343768065982,4.49269499929213,3.44921641684056,-1.92007041769967,0.281734646412106,0.657711296518978,1.33059955144725,-0.516843697142508
-1.21089434257888,0.237769664895668,2.58012967050723,0.233993785144905,3.22621710630998,0.745721674985937,0.686334891391615,3.25738185577386,2.03744193852121,-0.0748640372271356
1.75649068394781,1.34435039463479,1.08823826064684,-1.3354080115477,4.40948214755613,2.12585993276744,1.37501716767166,3.81241391874937,-1.55950870852168,1.46995946431896
0.373237520354182,-3.07429067450639,2.9778907046349,2.5743155712178,4.46599720018416,0.250606203533566,3.4960763614561,0.166661868198347,-0.928821389668776,2.34046462215723
1.73872743669038,2.42572984034565,7.28683652403795,4.56546688079189,2.05118805484013,0.659245893508627,0.781700903455367,3.51282822007408,3.11435622586424,3.97415582393555
1.00781939770107,1.27372668687715,3.49034162220147,4.7821124964855,1.55963613248362,1.41302179472127,2.98571303728299,2.523557660493,2.022866993276,0.398021754619181
5.26215772620465,-0.687487540671635,2.08856215646215,-0.593690586611305,2.08351580972381,-0.164704800455052,1.00852116626298,0.963350718006247,2.63790057583206,-0.645284410486723
-1.47390427945819,1.44938311620053,0.742653100729733,-2.47061490458209,1.58529214438288,-0.111473349788873,0.690961344520929,-1.57680504323098,-0.370065532786481,-1.70120564131265
2.96239920838911,2.45061911486369,1.44790646520885,4.73125684363442,3.77041278859659,4.77703522894115,-0.366637281607328,-0.345644023454864,6.06062953791269,3.73197613147737
-0.584800923163773,2.5795553529545,1.32757933604042,0.757716821734437,0.102340900819309,1.69619157100791,-0.217432439261039,1.87981193790219,2.02666218320403,-2.39813811653767
1.33305295894765,-0.264996897296653,0.520838953012197,3.27614828773718,5.22719298926366,3.40988269594206,2.09697769052143,2.00237676499752,2.84655099711996,1.25878415372041
-0.9369383913328,2.41270239865399,0.116437436707207,4.00547245093014,3.87589331998717,-0.40882699679441,0.790238461738793,3.61489873867378,-0.344425981593552,-1.32563924573548
-0.743501328983732,0.0739280917148154,-0.447793793355416,1.76555495258181,-1.4417020254877,-0.993753599280052,2.01867894283377,4.7931033511697,-2.05723565957017,1.04514054767492
0.0636527863882249,-0.310289302751333,2.98229577413925,-2.58705871090681,0.809028396748888,0.938350150857883,-0.826528800546757,0.223889751300345,1.90534210790357,4.52484915698342
0.124098342761432,4.31527420121336,1.70422068982116,5.70774591399401,3.20340324909632,2.17368747310946,-1.57165908771947,1.74148910054319,2.41231748002224,2.3406082637233
-0.342987797357496,2.57607008364216,2.57693619828954,0.948780863655215,1.80275949532282,-2.77511669597768,-0.623710578846314,-0.744123601237665,0.539658893209403,0.119777796003952
4.30539196472555,1.41706038167778,2.77072278012239,2.82556797857737,6.31797515403788,0.309291719147318,4.14591695262475,4.87566179666442,2.13872615377774,5.29778863994561
3.83639323108785,4.12251641917963,-2.03712155704634,1.21401932773699,-0.68049944211242,0.16570917696928,0.888683483645775,0.434084218327829,0.388223717968195,1.99390230467808
2.41389574473105,2.71174148797728,3.65083387845737,-0.582349399740079,3.12362839075119,2.75393209620321,1.04932983676646,0.729171716874595,3.18747477086008,3.2408967582238
1.90087458081672,-0.874035831664882,4.10828424719786,3.33038554674451,-0.547005772026809,0.766947178962476,0.318110084337724,1.13604985267993,1.51305978108309,0.0820780730125501
1.77410791336358,0.121015323342902,0.0736464594113119,1.70696221967736,0.86233804517323,0.404781460260404,2.32756243003584,1.85073418991681,0.275102730657334,1.2729065785794
1.0191520596228,2.90473690545873,5.44999721517864,2.89150214546152,3.28149755261575,0.476753682413717,2.35920006666865,-0.801521912327199,2.55726694478063,1.4226130609358
0.924128150394134,2.80117479353135,2.45756950394246,2.31247952954983,-1.33140468922745,0.589595483361555,2.37252377991415,4.04857017817687,-1.13176840961178,1.24149032801783
2.57269684785715,2.50574594908882,1.06077529102745,3.27822790417681,4.04257854517878,3.64579082680003,2.42092798303548,4.59261874126602,3.90441812090923,3.31590310519115
2.73225962705083,1.57766464789981,1.75724203817805,3.12667002329509,1.17582742603731,3.01336424636799,4.56211235398339,4.15640968030296,0.857532365502013,2.09750713801913
-3.30991051109813,-0.709246335152619,-1.3702867283529,-2.14631088901283,1.73799806944224,-2.15021621143308,1.19644723389993,-1.66943959638154,1.35168538084173,2.75819117811931
2.3453452801651,2.71367834740653,1.49557550085537,1.77756002926482,4.86053297904533,2.19543149292457,3.97092725069666,2.63111668352192,2.91462998440941,4.56813128103782
3.34732992907929,0.0172781186858819,3.026024945319,2.86042834947023,1.56166728988557,1.77601932487485,2.47272493118652,1.13851799617234,1.65002910310049,5.11625327541741
6.29471930591926,2.1623537782997,3.86612781994745,3.6240842806156,2.188507428008,2.64847149905238,3.35336949314019,1.02365940458943,0.6097593243854,2.92417765525601
0.279987368761968,-1.29374237348932,1.01086776086682,3.76982396142267,1.35974254603162,2.00241975366756,1.4480093086303,-0.152678668219904,1.70911328296689,-1.87380025225033
-0.204014241234037,2.47178358732177,2.39847620247935,2.20157333290216,2.44278901679446,3.99724685690736,3.88129923804834,4.42232565350412,2.19782446018082,3.64151451236977
5.67566041802776,0.544384442620808,3.07459991042924,2.38216200154774,-0.00494468839201323,3.74549953935959,1.97453320562154,2.19946849642855,2.88361485461981,5.10117768417781
-0.455972260151866,-1.18972770726122,2.20237323922893,-1.59405465636022,2.27995500029877,2.44249786095377,0.894262562793563,-0.496072205901804,1.73847114735395,0.504950209845116
-0.267734319517397,-0.428179879634861,0.376516151040636,2.8965834927171,-1.8410120582277,-1.47119288811764,1.04671829419078,0.465070282828879,2.36541809901575,-0.902591914014799
1.4948946338764,-0.685177879578106,1.42631940373722,3.96171940185029,3.50832568217922,-1.39004817289712,-1.11313131405592,2.43992382773951,1.08630401766141,2.08707806824883
0.317454620497953,1.12991631836402,0.758462884618029,-0.392816525156629,1.04556730568107,1.53139591768322,1.62200547804707,3.44402203066824,1.49207293466867,-0.0572986288638089
-0.635338441993075,0.455237265675746,-1.46019465243258,1.15790366914746,-2.13795479859829,-1.40472343448184,-0.330050691675339,-2.56354388590503,-3.28438623827185,-0.328509366727574
1.91881827194251,2.56816050593244,-0.556040132089141,0.530082763570451,0.843772585765798,2.05478533993222,1.16190572728479,2.94122654190303,2.6629619710118,0.50981072554103
1.96208241925116,3.88265638147595,2.24732512536076,2.36628615390082,-0.666891366050443,5.03728552256238,1.56915523367354,3.76517975408256,0.140407706629984,2.33210586260702
3.28801536579119,-0.463789935330272,1.45153319355782,0.644799410873211,0.956212144916823,0.583922115067565,-0.100801631520396,-3.08772309660469,-0.454321693285985,-1.35201973769713
0.869209837387362,0.9951608005922,0.121020511191305,4.63538327469338,-0.234252162579837,1.37520875004054,3.1626922695234,2.33153275415704,-2.39517414011098,1.40027658115227
0.0682879323027242,-1.02501576265993,0.710052342362643,-1.64823319442738,2.34243536295547,0.0690449406292966,2.8482907705284,2.83167700461407,-1.09251601246956,4.00446120954545
2.4698964612142,-1.19528349582977,0.468004116574061,2.51585921853326,2.24256466243633,0.174897476341665,1.89096216161976,2.76647243466602,1.85272367498279,1.02217650582017
1.28054484276633,1.89816056627093,-1.13475870902303,2.45220865274692,0.108580789132469,-0.577149562005439,-0.578430897975643,-0.831160640408543,0.0997985767399048,0.821071002401999
1.35234243193452,1.5114985527443,4.61451687390857,6.12053642015281,-2.1768914342119,2.55707792313791,3.3513968484261,3.11493119332214,4.57782705392522,1.62410094943831
1.82260820706551,3.89963887364286,2.23074222308372,3.67383833738163,1.89506525452743,3.24131078010357,1.21904130719426,1.06632443104425,5.66011904184557,1.03230422206699
2.88937003703502,-0.40996854415455,3.93452730893589,4.47914281033163,2.25797341802467,3.47186266346307,3.11939168896822,1.54605087089176,2.11312155355036,4.32755486651679
0.848267965415258,0.827317941193896,1.56765257999162,-0.932977543055707,1.36462067206631,2.31932161207503,1.86219406416292,-0.416965197399942,-1.56999508755407,-2.64034615402487
0.641903222766535,0.077182001018935,4.22655491891249,1.08915665267995,2.34820410537546,2.76043455813523,4.34146046278406,4.09377782747626,2.78774826315304,3.22972625042558
1.59375582325108,1.60071988272567,3.71166193990416,0.314411549746771,-0.148934823372977,0.705034501250526,3.05532884401329,-0.859915417108497,3.96396961650259,1.14716610541758
-1.89654283833286,0.806456973265844,0.268545327664709,-0.816245661711792,-0.0107176292105338,-1.44000219176771,2.25470313743555,1.15640823184875,4.59622926140534,0.737177581972199
0.664310197984472,0.3256691529997,-1.71873962633288,1.53121844061726,-1.35087328477777,0.2722987837937,-0.558453901725953,-0.316598219053885,-4.99339279921639,-1.36502822349068
5.14637287687358,1.54132480793869,0.581710673890513,-1.57899831701948,-1.46721318777488,2.94199375454592,3.15735282322538,2.55038855319537,2.53351015415112,0.542678714931028
-0.647905475609381,1.53822202595923,1.81720227950987,2.20943801871313,3.45141596146942,2.44977012653086,1.19911619458537,2.03697397701845,1.3732042315338,2.71468619348006
-0.81206417823332,2.63494227837779,4.01065780388,3.39675119608935,1.11621787199483,4.55337282077736,2.0423828826272,3.11538943166953,2.58467959340935,-0.216723996382032
-1.5776978542421,-1.60002924748622,1.94175183075138,-0.25048242488383,-1.1713669997981,-1.39621959429779,-0.425629987654727,1.7885004221656,-1.28135357726383,-0.10434466344602
-2.33196081576453,0.724673437805605,-1.57624039984994,0.473236842795117,3.07884572418582,2.28601574174469,0.70540201238583,2.53714839227635,-3.14362330607554,2.09292298289274
3.36503507771913,2.59279543874402,-0.457402553778106,1.05123070027334,0.961473973250219,0.15616058636287,0.98379537826286,6.43963172712581,2.53776524210169,2.53977483875336
2.32405546157187,2.25345134995922,1.02407946679544,-0.712527076276152,0.107895925890072,-0.135767562605831,1.67116129793146,1.97520254610252,3.67770371342191,1.62456654993107
3.10961129759812,3.36067972978132,-3.24793821486536,1.8926149994407,0.568164431905597,3.41843340307923,0.49308330010589,-0.808028435325497,1.70618312163223,-1.15842692236823
4.60251893571556,-0.618245772963609,1.69886492066144,4.40879287661559,2.19410342790858,2.75953563692649,2.57537957698431,0.919992232963113,1.16796452178053,1.61540365193032
3.49152536272377,5.62184677457958,1.57554130379228,2.49700877923957,0.478456160287985,2.10315563360639,1.07217244679358,-2.40258633799465,2.72655279724795,-0.202304459044038
1.61674580080308,2.91108582310823,0.416439816445016,1.24802113121997,3.511941224452,0.204380643876606,1.61572807867532,2.97583212128259,3.29845826598123,0.178036472631575
0.858386618738484,1.3231420318417,2.18222243126598,0.856684869922973,0.399109269010184,-0.700115395306817,-0.6965118606951,-0.867485071176581,1.90122933434374,1.92325190140647
2.15662266114375,2.31403450692341,-1.33195849962786,-1.41150187436491,-2.38947060246809,-1.71348453736473,3.02715048919021,-3.93982488534825,-1.91672981346459,0.669880335431604
0.823736927827377,3.18668980862533,-2.01858749085579,-0.23569441901642,-3.75743316458264,0.93426693955307,2.11779877006139,-0.759695996893236,0.294394156800397,-0.00326696179875943
3.05493870189677,3.70640992906176,4.97723243306989,2.77558290252884,1.05370748508274,4.29515132166621,1.77401221418567,3.31400011350263,3.37416744325862,5.47374754610856
1.15421059774044,3.27308769508872,-0.134461946485636,1.13523081684548,4.13238686902264,3.11553113033595,1.81455873813321,2.90247750967923,0.845453502840732,2.41162161087303
1.59414719720637,0.283177526243358,2.16633893662487,3.06315254947088,0.619773891788196,3.91114692968928,-0.824128951650509,0.659807963978039,3.23849926769045,0.549468142630816
0.675260843216276,-0.66876667872267,1.31354084368222,-3.03345875041004,0.160056040944059,0.384173707593886,2.04712841000065,0.84864105106118,2.37361240570932,1.20639554531033
0.483823332789017,-1.32333852726126,1.70508088349195,3.33537159807682,-1.37949644616984,0.0553415657989859,-0.166314709299944,1.25204359444254,0.868790841024452,2.05671013712471
0.159725168834281,0.495605336807827,-1.45351360557335,2.53490451121952,0.384096706872486,2.36484134252597,-1.26224197942505,1.77900241724822,-0.611024387436631,0.861055296228431
3.34068452415327,2.47677787378066,-0.49845740630998,-0.474048311970686,1.29550290172856,-0.720160038014492,5.69216108230153,2.81270926106843,0.418408575486347,7.14744864954786
3.25460016907692,3.67300066004216,1.36653916670425,-2.63714675347795,3.17121244571273,1.69888530895346,3.51057740704123,0.816153907318928,1.96332163717106,3.31147267950438
2.47716220271842,4.22524183933943,5.34131406770872,2.0004244855452,1.41288117213317,6.31710721349139,3.39636451711703,1.8259510429934,6.31255480077733,3.6361670661011
3.05372853058927,3.3124015404568,2.27241072007921,5.47204960732798,1.92971753567042,-0.375658844451071,1.61383194314004,3.14413760128037,1.23765055535493,4.59367307607111
-0.270984014280921,1.41922793573355,1.9162804177686,2.03954762261192,-0.236699425606417,0.835108109554223,1.62894272440837,2.41876585567289,2.15711895393665,3.66828104607502
3.75750744326027,-2.62248340977346,4.96078249182414,-0.333946722358186,0.891033644800492,1.57978164469244,0.474743607259919,2.98152518920787,3.46416740534024,0.0400515536772855
0.754497838401107,0.980927627677589,-0.769541498279309,2.23554214800579,3.55474437748823,-0.170873073032646,-1.07131697116549,1.25861273753296,2.19806219630851,2.38480559894173
-3.5654622792852,0.461053304287797,-0.060506190688741,1.2809634367951,1.58015989465654,-1.89210825616878,-1.20191164191414,3.47531781349616,1.38280155289073,4.59933627979429
1.46334725790857,0.615901077328372,0.583458773260028,-1.27914587522808,-3.38117250094368,-1.92860913060683,-0.0529309989015924,4.17460906256633,-0.330852890318574,-0.167150771651765
4.76858952766115,1.55266365914401,1.16853693025066,2.74532374296975,3.80397581876935,4.54428244939445,-1.28637442061905,3.50573625009213,-0.621505022955946,2.10816663526856
3.63671266326483,1.52417623371929,3.68200661781118,1.3199036919533,1.0453611922901,3.51800917741903,1.25433457468585,3.87181133270701,1.42511032332022,4.65066212751585
0.427253532509726,-0.672779974987189,1.19301467116886,2.13833631124226,1.61208298718587,0.0443936244304868,2.82928735368583,4.03482141482395,-0.334841373444144,2.90590486380215
2.8077739363667,3.1389033446975,0.998598469863544,2.23705337372306,1.4322502071423,2.50057293632471,2.17462755955812,-0.0165681221935525,4.34522895048331,3.84168713902137
0.36017429863603,-0.0956459182821496,-0.0258209115744492,0.978091826113551,1.24723852882667,-0.277328190674121,2.79817877048035,2.24110662663702,2.80204611463549,4.80899338515841
1.99191941460736,1.58763900240326,-1.46709530490623,-1.96532312227543,1.5101295219959,-0.938727283752052,1.39433232071994,0.264729555049729,-0.508814751190022,-0.144998769334377
0.119147761223806,-1.69263279268978,2.27461229426075,1.2532997224763,-0.292361275578219,0.947032451688306,-0.489093016381563,-0.41217692608011,2.43360557397818,1.91644966979152
-0.820253541870019,3.19268584967409,-2.10826548666738,4.71455018250007,0.991227689417852,2.58152323171009,2.25865656292028,1.37644028984981,-1.9866387346653,0.679464450135567
0.548063717594296,-1.42314773594482,2.27785141375155,-2.50321904886956,-1.99624949545308,-0.831682379960042,-0.450995421066052,2.05787050517341,3.59639894063191,1.50302052593701
1.39853410777576,4.18822257554135,3.27023907815631,4.29029139831663,2.33708829927917,2.02916412484906,3.35204280322575,3.02023896050645,1.8259955315785,0.563092039184078
0.10337051106768,1.78396239884306,1.83417824748319,0.771635196105338,1.63079075109916,0.170406121485504,-0.00358561025690434,0.0404133849274437,2.40451890215682,1.13771758954235
0.190089391160985,0.742473689072242,3.92452700177798,2.77489201545411,3.63617874524445,5.98162499125699,2.8313067542568,4.29543432446077,4.145713815038,1.4392068836435
1.94291084432023,4.95574116613142,5.50297856984273,4.37232231288644,1.97761364907866,1.75868111913338,6.08162374228879,4.67634019050621,1.44038230162153,2.97694288626648
1.6527258333229,3.08773565370818,2.94894404521811,0.319172113376709,1.28095623847546,-1.19741907568885,1.94204782043924,2.17211663819991,2.08467805686865,-4.06789149434308
0.233799140539708,2.50173459133415,-0.307643831119037,-0.802713120392517,1.23611981639812,0.348846932120229,2.79545836433277,2.75256538466671,2.54763359746254,1.7828591806634
2.70010990135274,-0.255663807284205,0.320885453679516,1.81114499122533,2.86661313215863,-0.595915233345209,0.935167532827168,3.67875531621741,0.245252810021662,1.13344085815786
6.18364475367799,2.38640502000821,1.429039774526,0.88522434307241,2.55337280210435,-1.43346272522895,5.33759051488466,4.94921848916431,7.34803222605829,1.36004884267271
2.15187937195023,4.66067937959348,-1.20450362979765,4.9988010909077,0.199023787541153,2.49547999574686,3.1494682212816,1.18419063148074,5.12519595134112,1.53803979436688
1.90725757437268,0.00147667933949158,4.11450489911753,3.44246696252404,-0.581680562992852,3.68526905335361,-0.372260816372871,2.49648106165679,-0.812154047693523,2.30014954963297
2.19339747523575,2.48505138124822,-1.37273391009984,0.379493067428854,0.425903429251802,-0.72382625749956,3.49334449955172,1.28496235748723,1.09164863139283,-1.41772977979001
2.77970853470182,0.565612528130518,3.37922963297376,1.39748416021502,2.27794001152023,1.61941690974214,4.58817448676907,1.42637235638629,4.00959401350511,0.100601645905545
1.44851411020315,-0.77482190895399,1.7645981418866,-0.646260097596546,0.651708000426022,1.58512128996845,1.88345440336004,1.3410772118572,-1.27070617816783,0.218908310483372
1.53654186631841,-1.3402041562655,3.54058264091228,4.64009618156664,2.81493400358816,-0.645027193520534,0.885664638509422,0.149836244954688,-2.72897038210038,-2.39538483083692
1.62607573231006,1.43354862858943,2.47119235857167,0.535653433930412,0.99142247993995,1.82289543716149,6.62978100094581,5.57402538937404,-1.60567691837765,0.599522508852175
1.1459885298396,-0.275939186442957,2.99711817012808,3.6186922120182,2.43734357113709,5.28155609251944,2.5977896443569,4.66400149122187,4.41629767031376,1.40990392859044
0.167327496046166,-0.327874822092646,-0.864684457694514,2.01865843560814,-3.03079709213183,0.724900691940435,-1.573882760784,-3.43630073963468,-2.39699841459283,0.247115059215168
4.20861908329762,1.10944169388925,0.177755581541509,1.5960929662153,1.83326722898448,2.08267314395611,0.577730722712194,4.31328286854137,5.62914687675409,3.10128010577832
1.53588503348795,0.864411755925859,-2.1602407692657,-1.40089128209175,0.00503157927916666,-2.1071158369961,-0.596606940792178,1.44932577040268,0.854604825250522,-1.57649258340029
0.917317848400293,1.74647806454866,2.57948823084183,2.9759700779035,2.08634645721813,0.432453679936599,0.110896244318368,-0.907132771640695,0.254118173751294,-0.934611904955771
1.09266503913772,-1.20697682628745,-0.231402864300299,2.35174673816728,-0.612352654086104,-0.31284449778326,0.321041724911988,-1.19470625073455,2.05051636862224,0.497295375818602
5.08716413135223,3.07840299542166,-0.00312764082408597,1.85669822032818,0.101638969194378,2.20368469754917,-3.44427317910862,0.351119685676431,1.50993679562429,1.38182786623573
-0.497698882803023,0.869130135979295,3.68586427607054,1.33455656504575,2.83249405783048,0.664667789127751,-0.225065907384721,2.59938835597999,0.554937313126716,1.28992918011117
-1.20259016339898,1.65081081356365,-2.41210628972377,2.76501790942922,0.0542247007749503,0.593547844484811,1.68373915765411,-0.760891246000664,-0.923177340410524,3.2568030960755
3.23783219282453,1.27860616302228,5.63559024496083,2.52262195218114,3.33413393799155,2.28629119767863,-0.0170688341298475,2.05681355273448,-1.4672087757197,3.74453699133206
-0.616020941130247,-0.131952925455095,4.07565635950957,6.25935887392946,2.55759171898742,1.36938846339101,2.97392598145418,2.38871851651164,1.65353313651593,1.53363060236365
-2.37415666568674,-3.85621924782529,1.56159863604246,0.157687769100265,2.11576023749952,2.06893126635019,1.48481481468176,-1.98905830164883,-3.53350635100121,0.147656993057932
0.626323487113299,3.3691844914569,1.55893445334424,-1.74233426217879,0.168974474920198,1.00840759632157,0.868057414056749,-0.213203451856272,0.161887295809403,3.01057458131039
0.52507099624246,3.28053932143212,1.68567957452738,1.8713141362629,3.07790346166191,2.8720054146872,3.00727359108076,6.53344185115507,4.83174143715315,-0.612553370544212
1.05885188250826,0.563891643169006,-0.162176562122743,1.61273739039546,1.89429527513062,0.648532741588271,1.8781117627681,3.85234534249932,-1.53195065154243,1.36522061401817
3.96789905069779,3.43319189485799,3.97961432509891,1.34285290115816,3.82402589373707,3.75348469001089,2.01476006001237,4.91385423059306,3.11552646191556,3.57841428845979
5.00309740772668,2.01777832309911,0.548089507092477,1.98215341357242,3.25076008248894,0.371028890955747,-0.00961957958200177,3.60207094601611,-0.20854837496534,2.62521086473118
0.248249194741314,-0.445621527055197,1.12510819938242,-1.30308097112266,0.832099691469668,-0.275133017611535,-2.1535272302472,-3.67030893461077,0.67718255873578,2.7154259395887
2.8859430046978,-1.2204021596547,-2.32519796188251,-0.104021127921601,1.11729864144801,2.74977783038213,1.02627083083426,1.5533812943054,2.49413557276352,-0.180303546202132
4.75470920546211,2.01932022667247,3.15383783689468,3.95407779725497,0.184691927593115,2.37020355904952,1.99479984313082,5.27998674052678,0.167657394920849,3.09625620019692
1.19125901420909,1.93175790496578,1.06605774292401,3.11287139608208,2.80054337232522,4.97686619230985,2.52875417593721,3.5609720356556,1.61118584874687,-1.98535460456041
3.25229612772435,3.2868675417177,4.02493667473275,1.49617016988709,1.88657266658738,0.453237525117901,0.534225673636581,0.860195030586599,-0.644641403496565,2.19169583469681
0.949744253008425,2.93356826489678,0.330132497708834,4.19882633139149,2.60848292550275,-3.29036048489224,0.6327996152609,4.5198110646806,0.139579088369088,2.21482487634436
4.79363122521542,-0.807726791928701,3.39509113258448,1.14601962808823,3.94294791312728,1.57956580848108,4.73430235483732,3.57804438343143,3.70021734438803,3.43070638451502
1.32297125074095,1.38249608761939,1.04114804618739,0.353142860721936,-1.21032002146062,2.38175422104972,4.18787540007866,2.04389052734875,-0.622488216168841,2.27735223884232
6.09448243624297,3.89838088664146,3.0057305810645,1.84286494943567,3.60975355586577,2.19095774521285,2.22741667949863,2.50472959895254,0.153506358353221,3.64975675491162
1.16482161804786,2.93344386496491,0.631991318596144,-1.46605595433991,0.944187736801569,-1.03168749692111,1.95808286578538,0.114606847792594,0.603019285110484,0.54632766563115
0.818050903689859,4.09590081717766,2.64151381795343,1.64465451804413,2.39658948007953,-1.01957652205312,3.25278629669993,1.07170367232153,1.22665137010945,1.78185959023973
0.777138831308511,1.14719368186959,1.66784184361267,1.13072857119751,-1.06084727144763,0.67396205406272,0.27894455376557,1.55152904338207,2.08096467942178,0.259370747239971
1.69688042649962,-0.49545142366659,2.02861496388842,-0.725370176373954,1.89971474554857,-3.35102141653365,-0.578853053980489,-0.99733879577713,0.15198194212711,3.83037249535438
-1.12689428252505,2.16380441363627,1.15840609208265,-0.868518506119421,4.49619265313722,-0.106330688545713,-0.379248505633686,-3.37177582274127,3.20176721992826,2.788850104174
1.56604449958846,3.80603310328129,2.08471766808145,1.15448685797117,2.25832181577572,-0.683633368403444,0.70828751204894,2.89692524842449,2.43349925032654,5.20576629989239
4.19445280419891,-0.0218997721508853,1.34241639627907,1.88294555707827,-0.648401684452164,3.35985206149534,0.912042230249931,-0.843657939542337,0.103098315865503,2.43905853328628
1.67652269363333,1.43808803034351,0.289090137202664,-0.67509696220653,0.632241670191045,-0.774203036050483,0.680378698129718,-1.88296959201337,-0.883386133517574,-1.9323033840444
4.71474097836983,1.68094780167582,7.57598372005103,0.333365664644214,0.912014441036903,4.61590498001792,1.59434511857509,1.04667409734682,0.306161673554095,1.06448506503376
2.17387879691083,4.53155218569344,3.60280700265192,1.91649769719974,2.54477832297289,7.63730405936636,3.50649394838962,3.43781375794217,3.99344989941214,4.42517505032333
4.98156883201567,-0.449008359381892,-2.38709851806612,0.422422948837801,2.02903955972618,0.0874512632458988,2.45650630470639,1.11377885919974,3.08917747763668,3.41033080995689
5.38412311227499,1.878129696115,5.10643891289036,3.85369066584934,2.25721367175626,5.01135019648942,3.26007016437134,2.31890204177753,3.37594346260892,2.10168699158375
0.555675289363951,-1.10879741808096,4.26616709033972,-1.38049111869237,-3.17693859511523,-2.08766591496794,-0.160432808232707,1.62596337710025,0.226731738947765,-0.542205622150877
2.29176351218994,-0.497955225739006,-0.561634471091371,2.01486498456866,0.592570315984489,0.943700723071986,-0.804077784972388,-1.75396388849429,-1.42874665026211,0.175748975508516
0.849853219796577,0.375578363509247,0.328641578600538,4.63471704208555,1.76324400010031,2.01198574198055,0.852748193491918,-0.176582237947445,0.645275004067006,-0.284755352806982
1.0780081170021,3.63743873438304,-0.353669641444942,0.132112744612435,0.0584924604860808,-3.06459213026503,1.724871303829,1.01947883899802,4.08681720555341,0.915139419022235
3.25669976874663,2.40230190728338,1.0235854378823,2.65136751659597,4.39792355215178,-1.87286896499122,-0.817822970117112,-1.72962758127369,1.5290118747519,-1.59066730675596
3.2380652166556,-4.3005424267369,0.357658724677349,0.213245911755328,-0.397368026622309,3.4466791044209,-1.55332243469913,3.0659124209099,0.598859026591335,1.7691000031432
1.15889302045271,-1.30079972025524,5.49513130011139,4.18113858276137,3.06259262615205,2.87492810364639,1.94896131309174,2.12090241787469,0.843662039303789,1.58890796348942
1.82251795845763,1.0955684107468,3.60404394011958,1.38294878733881,0.152613015221918,1.25186568534804,1.10136232100948,0.890148125377916,-0.989030916878768,-0.127069257839884
-2.20580470917302,3.86357271884093,0.928066566757608,0.61827782250429,-2.68459511922479,3.02353190074155,1.67704767695161,-0.43618845892251,1.16197663889041,4.30468328203392
1.84910094818593,2.13870731031514,6.53064698314991,-0.27821994753964,1.70187292383283,2.11753595011263,3.29894625973598,-0.549136062572254,0.457832820059656,-1.53575453903733
-4.0061008244516,1.50511231547439,-0.436741397832665,0.225667047877122,1.72540747947574,-0.921772191396925,3.38844831653258,4.10907738159563,1.95375171729182,-1.1146064327404
0.238279162149793,0.238951810272859,0.430710236110347,1.68563427673756,1.56959645435828,-0.294335243761637,1.64647928704608,0.465796166911054,0.606678129180478,-1.56490654419791
-0.587980403295584,1.29615432184045,2.40978343405527,0.96689938626432,-2.21755707893653,2.49368655375458,0.862723607909365,-1.54141982598138,-1.44597423405284,-0.778161545092673
1.85955928280218,2.24903974701273,-1.54063743629268,2.69903575521342,5.05550767227544,2.30715546927551,2.19615562643784,0.254113988914398,0.525231164115483,1.98111797256249
-0.102031096686678,3.77575585265222,2.67383005072944,4.09730560908118,4.15917994020961,1.72136786721346,3.40995187397856,0.696391007913201,1.44881962242631,2.54991982237723
4.32141909421362,2.6119721794046,2.3883802209395,3.32369515865435,-0.637922465769379,-0.899300961869226,3.11377862041606,1.9885720378503,0.993471900566179,2.69958771243285
1.19412146850369,-0.347991513016792,5.98448392269569,3.907815781514,2.93955879304666,4.51090670502518,3.67985019450958,-0.666259100189773,3.47151633626099,3.45136072945708
0.181583566018434,2.18210735057065,2.53475054870525,1.3421441224009,4.04133032843494,-0.471783456337481,3.84413981613707,1.71973038454938,-2.1782286754238,3.12773305054335
4.05636448366374,-0.993645710895347,-0.0872778167417585,1.11187591204269,-2.55966874272668,1.41992995375523,1.63579055514981,-0.648852375247106,-0.228083890900267,1.79965588331263
-2.06006146269613,-0.031586416675399,1.45947873666523,-0.447377964243317,-2.11408051232827,-1.57829212993269,0.485846063009863,1.16635085487724,0.990339502907814,0.222505077000492
2.92718727056038,1.8139762563103,0.279491315754367,-1.22669721103166,2.5492384409356,2.85809646007943,3.76226372497037,-0.558089481288818,0.768481134273207,3.29378616741291
2.44121425115248,4.78738142634263,2.73193020409591,3.53659526396941,3.7061660233251,1.95741755141609,4.87083994466802,2.58696073822868,5.10597216202456,7.97238223272912
1.16851604855529,3.50752319919308,1.85170265009895,2.05760466676514,-1.3173825727153,-1.09391379444614,-0.262896311926452,0.286637453886095,2.8754558192646,-2.19554857039909
2.02957827746918,1.58717297173191,-2.63349726775961,2.29009617985991,-1.76168187503039,-2.68778410143102,1.468612290378,3.00476053706617,2.90637780560693,0.273075652220566
-0.0536733288500907,-0.124414012361945,0.651234004227127,-3.80810646864319,0.156928310440292,1.91446200088851,0.657772618328937,-0.530803110152624,1.58861255408766,-2.42548696306021
2.54790054065038,2.96598080928407,-2.745398104672,3.78009536361911,2.91813878663121,0.494411914877281,-1.43214137957064,5.47422310196269,3.19079759355709,3.80439740661299
-1.59663899233837,1.14821560326104,4.15766958528114,2.23778516369161,2.80186760257583,2.81011374311662,3.33247169108202,2.94623474789841,2.27956204423887,1.17355106745635
1.6531980667656,2.555044334335,1.30026522514706,1.18301739824635,-0.619017278959643,4.00543179475982,3.34494609921819,1.62994191535308,0.914131917781616,2.70074474561478
-0.623259144990073,1.04250838200182,1.52084014882415,2.32875363638553,-0.00414395084936192,4.70344573381152,1.16216648482449,1.0923174275594,-1.3533569117992,5.3469882679512
1.80601920708134,2.51688258471529,4.70968716293174,-0.0431090559935252,3.44135146106957,2.73976069020061,1.0277199765472,1.06692393439011,3.32395326269459,2.35275523778521
1.16969629899398,4.33698279825285,3.63619445286937,3.68069490986387,2.77757555387749,4.75923809018602,2.75845183300091,4.49925163388068,4.4095827274927,3.69845862257585
-2.53337150618347,0.394337542482903,-1.52316490351682,0.873413698042289,-1.96945523503027,0.246133326399629,-2.25398438630376,-0.0330425614542347,0.780455491840224,-1.20502073724965
1.22231091712541,-0.168499873816777,0.369556685277531,0.0535385011976945,-2.4694624567118,1.81877498596119,0.0790133352741649,1.60917775735961,3.00655464066255,2.21498272511967
2.51153202732998,3.44274824961294,1.36652142421859,3.23667968147692,2.03906239752102,2.67800277069007,2.17833353746373,0.970968646427865,0.340118869289501,2.35563396169768
1.42414599869661,-0.598603643400465,1.87694186589723,0.934160881833449,1.33672727595092,0.613064257319472,-0.415804355567743,-0.310049701320374,0.471777313784667,-0.801314697190382
5.9890396856028,1.69581145255426,-1.04107818741612,3.90759533987519,1.43042942786529,4.91289925511738,3.90423655477519,4.57843512214441,4.51049234381502,6.7655295658472
-1.88678432358878,2.22864894677295,1.26610526496878,-0.293552855372171,2.28573406012702,0.786308141162768,0.838691676578968,1.25278857673064,3.27740158921422,0.446989027275196
2.83014502354203,0.948750087723518,-2.9075213304896,-1.67863678179172,1.72648381352267,0.254365040393483,1.16501023718159,-2.04109001655328,-1.47870947010294,3.57815558448967
-0.391262830358867,2.80759788761807,3.9345052644574,3.8082608790813,5.39428697653109,-0.191426851736423,3.38642278528903,1.08346428735348,2.90048245845377,4.10470857030309
-0.826918364003578,-0.990054078055063,-1.3612933501788,-3.1377175905404,-2.07587357392721,-1.88182994062496,-0.766089264757908,0.637865415915594,4.54225101288194,0.769834977484344
0.642502095470922,1.80429848203193,0.338436278915884,0.975867823882558,1.7718254301359,1.46085604369828,-0.23897766170942,2.18912128942248,-1.20171532928504,-0.235385349386704
-0.693869050271531,0.93766801467072,-2.42753988521525,-1.78856585933279,0.91734223134886,-0.880547519698268,-2.44955386278404,1.46650744790753,-0.0548175296735104,0.739030687626381
2.30165265054828,-0.905600241404189,2.74040375691275,1.1331864227209,7.93456796583561,-2.8498708449047,-1.44132138648314,-1.88479201272592,4.34680667056057,0.092693597058652
0.158111897946319,0.895905675054084,-0.115098325964341,1.79816521379089,1.00626885179792,-0.694427678520863,1.73502577719753,1.00292817310876,0.585129836638562,-0.32703123504592
-0.574889546340856,1.62420308067698,0.874564376686085,4.56659777803272,-0.279293638515009,0.452100242831538,0.959991103484842,-0.243230089102529,0.375690904396084,0.824118270410054
2.87173416152196,1.3070485960432,3.72231819976189,2.52208072791333,1.23393895160195,2.8535823471096,0.74064015583691,-0.560809968754949,4.54126285896042,0.0601797225286194
1.72124481480644,2.13893152723704,1.84689637253469,2.51250209994548,3.61362474908467,0.40360008592189,1.62805827639583,5.17352755988876,0.335264114278547,1.24657935409569
1.39631594311401,1.86754319693737,1.85929396519268,3.28858671163565,3.55143742596287,1.43589950268075,-0.0149143756585799,1.63091305042173,0.683051898613589,2.87882635687567
3.68299095106558,2.67277309086218,0.757220279007526,4.92173779235868,1.30515750461407,0.663016763551844,5.10719057824759,2.40714402919602,6.68191947022172,5.84729164556093
2.3133291489482,0.620504560715467,1.06801287549088,3.94007875859864,1.38174559129579,2.70201633928465,4.01775376275736,3.32977563111026,1.39699555955053,-0.241195986002333
0.448691728575577,0.0422172808337224,4.33243988679607,1.53661963099768,3.81432286802436,-3.22634349915716,2.6251258422512,0.823896706410232,-1.09834157995177,1.09654413935522
0.765106403077903,1.30093719125873,-2.20696139636853,-2.1281786448902,2.35597424913297,2.75473889807818,-0.291258185839363,-1.34974984755764,2.40505237340702,1.56571180523601
-1.28792003996941,0.370254419976727,1.42912352964795,1.49951692540711,-0.377346870596583,2.8878168190406,-0.558658431523356,1.77410823073206,1.09489351260607,0.182574770419933
-1.19777248071609,2.22139891600833,1.75239210063144,0.667091432989386,3.44773367973214,3.03933045138301,-0.565942842358623,0.743782333604639,-3.28735686823955,0.305034446467562
0.74436923484327,3.27451632970242,5.17466478889311,2.27536526949486,3.11365239056214,1.6875953927411,2.74233235462725,1.05807062443047,-0.397429440650427,-0.722682790638999
2.35045744707301,4.0692016708384,6.59139998367696,5.54192736063305,1.22388600451331,0.281618657099921,1.83289172539076,5.19049923877658,-0.214893108697975,2.39788487305333
0.220004284640917,2.21942220612645,2.03709059118628,0.991030061775757,2.22631011975526,0.300947796560525,3.47651782369092,-0.84693825122851,-0.726816753546349,1.10876713345397
2.64112299990569,0.977715565505767,1.89137667943369,3.1556225785319,3.65431641268448,2.54900641399444,3.93876527587444,0.84073469433438,1.83325321256164,0.0783335145655188
2.44525201925132,4.79392492441036,3.07285489084663,4.34513778386972,3.3723571896928,3.25470486999702,-1.84806274938236,4.82025844138566,4.77982668594335,1.79531573396412
0.308636845255808,1.81839909989009,-1.47038819640056,-0.426502922982902,0.832560705728059,-0.392778303556518,0.4704877693329,2.07081501146944,-0.499601705441395,-0.181915044489886
1.78023513044859,1.12989753509677,1.30517072938953,1.14267438108748,1.98079806518732,0.721914539693279,2.28956308757033,4.3865086427534,2.8244043550745,0.928581935915106
2.77118576527226,2.10802585264109,4.79058729044893,4.25611450398282,2.79109983007883,2.42159969595236,2.43682044652553,0.184981081412481,6.80727516293321,5.95914934014771
0.641824381401979,2.22048734791738,0.443954102021368,1.93503070596891,2.46397068345288,-0.572791540201472,1.64240389200154,1.58285474225306,-0.661277776453628,0.248181355105893
-0.16005566213346,-0.73216309902817,1.97975959715175,1.17761502451333,-0.444947973923233,1.58467663043445,1.13871849238444,2.50356306078791,-2.66501906361263,1.16087662997041
2.01705070831016,2.58341293157283,4.26455544759927,0.92034782822066,3.62051166953107,2.98355759464428,1.75754166982131,4.29353609079589,1.52685506953089,2.15827094055707
5.54355582651076,4.52236960962648,2.02256844473765,1.03401896949957,2.14163565503064,-1.99176662276664,1.01974927517263,0.991425269316684,1.73415882086044,-0.86675954081874
0.836371441685352,-2.51796516963844,0.864203417362005,0.0486531304719292,-0.265556621694976,-0.924316537951735,1.06998982869019,-0.104918536067894,0.0243760858177805,-2.23066506591819
2.37100750384491,1.26620154967111,3.36496364369221,-0.296025464234468,1.16139682478518,2.70611656200588,-0.533020291786438,1.16795333726986,1.85101750355594,2.81978120522038
2.13093713222841,3.73383503628748,-2.2107116420795,4.4780445563474,2.25410142256425,-1.08278627062776,-1.35832003921851,-1.68955478127165,1.66372171330974,-1.39891599493252
0.339755662792417,1.3123477990195,1.04357840122149,1.22507581772591,-0.275020994118618,4.72766347616868,0.284213321244216,3.363838076957,1.99072417349792,4.40330128691792
-1.18940508088457,-0.173878998375072,-1.96051639623627,1.0087384467267,0.857064550469203,1.46341544772667,-1.30535936568893,1.0914585409474,-1.42191956281214,0.00143005034261245
0.428574387119468,1.86627072959385,3.64871978992062,3.25490745865122,-0.362570385229419,0.860196180376918,-0.0230335310231311,1.3491351753599,-0.351613974649343,4.14444986732976
2.62040178261365,1.55982664433703,2.43560603706996,2.68143937845302,5.09586556534382,5.32294651639675,3.19951355439024,6.02078209060099,2.82189577622158,1.98454318666734
-0.137615537928145,-1.1283918290801,1.34773776100043,1.25826773497268,0.767692358855794,-0.0983930657104608,-0.321603646663232,1.52190255724394,2.1437756697482,0.172524290847105
2.60934095149131,3.34387991868848,3.25533070236696,4.01800961190995,3.47850450475118,7.0743210991052,1.4842008534563,1.16853360740141,4.09586291275629,3.1660477219766
0.125742412868597,-0.137340388002595,0.391117696443447,2.84779175871762,-0.0223391972999916,2.44586973965377,3.96428063290305,-0.137905164915004,2.29848385968866,2.3511351477085
1.45383264677627,-0.564147200725944,4.95189834383122,3.3363115645949,0.979663663876238,3.94641165744742,1.99627014097345,0.232782931905976,2.37899264017261,0.718607237761379
3.74825260329889,4.01389278575741,2.05899432036295,1.22608742434137,5.02895341107686,2.26799055708696,1.73181954616828,-0.543569853095633,2.01839420859002,5.66571173037862
0.954874477986489,-0.748700150562415,2.63315609326616,1.83994548226681,1.37090820662476,5.62327527291498,0.136987755304743,-0.398236305801743,3.47896076874905,1.04041326742434
2.19352678119959,2.5088636531514,1.14034336796089,2.98754852565458,3.63354976273447,2.97541947107151,2.54732910582572,1.25937083928672,-0.624256880708192,0.728848306610901
3.62090296465887,-0.542367056209093,-0.209899400017738,-0.877396758099436,-0.495007753981223,0.998200137880531,0.0149113867488492,2.90423027218898,3.47433780933576,3.5797844439056
1.21484561717081,-0.78153863283899,3.32634256472177,2.96791679249856,-1.25592330076816,2.10397866838504,4.19124266698719,0.260236576860217,2.18356129218485,2.49619324852053
0.0343075256455262,-0.26192552564627,3.4215221547866,2.20018472445052,1.0668817498996,2.83930716400441,1.20956307719875,0.19912122352093,-2.18132970173847,1.54651474694735
0.0435892528282686,2.74496008259325,0.558328463756095,2.88791264557956,2.72402084338978,-0.789935667504601,2.21602770044359,3.40357840026303,-0.135736844925343,0.781537815838864
1.72489266255947,1.44483309350876,-4.1142664300299,-0.759735548063336,-2.24567398160903,-0.828951371557361,1.69789444177411,0.885569305719551,1.1789003923819,-1.06123549228775
5.30853225572095,1.86638910248441,2.36919364655611,2.730118119745,2.89055637670308,2.49545030949726,1.95459164267567,3.37457683634354,2.36295354397824,2.2678259906158
4.36821800943014,4.77419763504715,5.54946811026809,2.3606341131962,3.1394647444709,2.64599182533673,1.21152123345683,1.73038819519249,2.7316923737015,-0.602761262253976
2.67438650442721,1.62162045830842,3.82374790686774,1.77733047889362,4.26915788255075,3.34241016018083,2.07295659593211,2.14106919792454,-0.516756560935157,2.55423388614059
-0.333993145444504,2.62093339358401,4.56352238000648,7.1132015806485,2.82563253105629,0.234279191911008,1.16008839935644,1.65303266457804,4.38612139535185,4.4002359465617
2.81029521723962,0.716115213702331,4.57040283347398,4.90955700994696,1.69771395741271,2.37448352594836,4.16812471006335,5.21049195409153,3.23465313615568,4.08055799310513
0.733933689640016,1.63291415418233,0.00651977300657236,0.683255126078512,0.368356264442899,2.4548787444537,2.66973785171469,1.21410055903455,1.58016779354479,1.64905942777323
0.743310426253359,3.72961319068735,1.0074603703777,4.71042212755748,4.18415157032314,1.1677326442545,4.32338431704299,0.231247722242225,4.71842958377958,3.314385824149
4.2473822281651,4.84832250047413,6.99874593980107,4.23434230217867,4.64835852732145,0.248999387072265,3.42199732748262,4.1905651380176,1.80896287945355,0.89318844144717
4.58128723800067,4.44799103716409,2.98030006685505,0.406670408014061,0.526416819143211,3.98492083764741,1.20162597665579,2.16605427974442,0.739369918116406,-0.884791874304338
-0.268977831809136,0.585952872945684,0.0884990124992773,-1.73616274912204,1.66790930726423,-2.61919551858801,1.19273180870119,0.723126383929092,1.037145836878,2.85300450385471
1.95529602366474,-0.202250008404479,-1.21634563835709,1.52679904740888,-1.80815463474734,3.28073129616477,-0.225679421322608,-0.442161401716647,2.05214740422806,0.595860485386992
-1.32705172825711,-0.474616511867213,-1.16331316279387,1.17978493529644,-2.19051895557593,-3.36776344854838,-1.10532744502249,-0.533651985338187,0.848201073797847,1.3499112640461
0.981380708989682,3.07313602805503,4.78921272105184,5.0165839768285,5.09186612672608,3.61736486284737,1.57360153282463,3.42820873336246,4.00950365523566,4.06218185842101
0.380150984586054,0.426727822443109,1.76566286920645,3.13265559563142,5.11597172415964,-0.209069927544993,0.0288609620211289,1.07711450634225,-0.755146403196742,0.526477607283951
3.47743500648434,1.49455977133349,4.341080315604,1.44837319770006,3.27906692650749,1.31297969755541,2.28093131516885,0.898628016042271,1.45252517503293,-2.65072812317846
0.129386577080752,-0.885521849466841,1.02163638255298,0.185283667624195,4.69024680130484,1.36170679964396,0.0641893753038876,2.43787222548274,3.55939982294626,3.92519124706871
1.62547222814865,3.05853719116637,-1.09016997600275,2.2715831771104,2.68427673377887,2.31031500268412,0.764670656852126,4.65731048509295,-0.821543324580362,1.31404004567336
3.66558510419491,2.32040034441741,3.4907623030031,-1.22641362406127,3.0968713280339,-0.609548665084104,1.09047573899909,2.24656829439188,0.869332522943048,-3.72049797250466
0.125137055841983,3.57252145811938,1.24415913936161,0.909261943092435,0.732641398367174,0.401027069355432,-0.447296820000177,-2.94911337001681,0.884594419394231,0.593731128306144
5.02010981406032,-0.29000604386926,1.03265111169692,3.56502750720846,2.13022532916464,0.491650898964507,5.35702526743474,2.24999842825181,4.14211215843059,0.542314352389215
2.11536347797049,-0.256599842241104,3.5095619742671,1.8274708295115,3.86646526347361,2.21015875520636,2.72193311945546,3.87916584378056,1.5662131477833,3.04642253833015
0.0802856500899904,2.59706845401719,2.01428947710201,2.63774726298491,1.22675882112665,-1.00036486136778,2.76638749064995,2.53491953958953,-1.9843407632471,-1.19021349363195
-1.67350155741344,1.98709125368003,4.5377716347458,2.38952982185588,0.691880784463969,0.802612567003143,3.94527452572308,1.70395032666724,3.42955393980388,-1.0290301531533
0.644912821551738,-0.821200690509963,2.49278572043435,-1.76281297585184,2.13967311748335,2.02915294474554,1.68617536502682,-0.14977725914838,3.48452289772021,2.16105818923968
2.16500301645871,-2.75806002278867,1.04586416004793,-0.35404819184824,-1.31280219015138,4.74265572767694,0.911310406413049,0.620737244752052,-0.540300407468925,0.0949239719698224
-0.665412898417443,-1.33812145724993,-0.493933941514863,-0.412128838591666,2.40661359916639,0.718104790332076,2.23227131194282,-1.45729676480815,-0.462505104040946,0.323360733252163
0.849305853408246,1.62317609556908,1.37633858080148,0.198103847984816,2.43710872058502,0.550312046771908,0.67589975168495,0.732883990453539,2.32415379378607,2.4389992444626
-1.10164252674542,-0.369677400770648,-1.3063574997574,2.64217153120489,-0.866589111600144,2.70535729079359,2.12123193278561,-4.47498652869119,0.586507250478487,2.16907338413795
3.5817500251069,1.89577398435047,1.85299509537786,4.09443559592716,3.24971492511847,0.163060803516272,2.63887587528971,2.38454311535787,0.84236485495217,2.19807173934175
1.79561344840269,4.91537775875116,-0.613334939645584,-1.08077944197513,1.20699673624172,3.30045293013396,2.17845649132615,3.81706484623425,5.39872149140949,2.75847801196472
2.04406561460907,3.8846605292492,2.15170163435102,2.74619821079137,-1.71936738844688,4.08215242890661,2.74122735726935,3.98543114248076,5.85843350606475,0.355804775578823
2.50917841993145,4.59384028777627,1.48344662796277,0.333440641586984,3.82692726736141,0.896482515271499,-1.04054789871004,2.94013701126161,1.10914936776876,1.73325938412462
4.5680932651189,1.20733896626064,0.814423802936261,1.7453581583861,1.86184211804869,2.23517385169389,0.789158313741225,3.42435660877148,2.37462414984507,-0.593553352240683
3.01250222861011,3.85824653228168,3.73114236023066,1.5562133412983,1.45348596083052,3.83402892269279,2.44680395398293,4.22922401458423,4.97078966808177,7.27941757191195
0.992336951499464,1.82184508896322,5.68007707161766,2.80438979746669,2.33900650717737,1.50342608114113,1.370745638947,-2.71682781009551,4.64757761058388,-1.33400969126232
3.27396402049092,3.05079626939642,2.6980316502606,4.64724337603177,2.54645327858865,-0.0311522975510981,2.67445055414107,6.36222946175816,2.42030031941366,5.17580771471116
2.34087373090705,0.682127469946807,2.85112411411809,2.27814274249097,2.45965011089792,-1.43974598426255,-1.72794155532428,3.16384429634761,-0.736589641842426,-0.33595563212354
5.71923569234665,2.48948629538657,3.38302612529285,1.50111662416938,4.61001044386119,-1.11977474166782,1.58149994986282,-0.132173070414056,3.00996363468925,3.19075388025408
2.6501243466161,0.987785095249959,2.87050384958922,1.03654648686166,1.28973192937063,-1.30983753375939,0.234145333331901,2.72346109234321,-0.105832126873129,0.87692078461606
2.01565114362371,4.00634871351311,2.67492132427859,-0.0414095107393556,1.98568834413627,0.596703250418627,1.53905356205531,2.48568357119274,0.144187876615696,2.94771130389307
2.22042829857144,3.51253505338117,2.46870282951942,1.37900668284797,-2.82029193308696,0.660527563622597,1.93596727807981,2.26284152934609,0.491002211746207,2.27245719279483
3.90048739703796,1.70697773450289,2.23466707891993,2.46741032947683,3.55222036528238,1.8570024406563,-0.68579566657357,4.70075641893825,-1.25582117791066,3.61881743203145
-1.21644868100302,3.17766679600523,-1.57806705558098,0.462497799229089,1.30693867276138,-0.229782504770995,4.40809152472417,0.465818758558626,1.9022303568798,-1.22612017762633
3.80503411562429,4.37147508036692,0.527179443399141,1.10143299613275,2.75012427429013,-0.29102646403248,2.41511978729298,0.00511847101013374,1.80471113439852,1.24862304932073
2.16697311681654,0.17587432159181,2.47749791029363,0.422360099438231,-1.95444512483421,1.93772229670476,-1.17196775960669,3.76911653867442,-1.38984639723124,-0.0484844556771722
0.465185269489253,0.830842282823734,2.48018751309291,6.58309829641216,0.40435415305268,2.30097085041893,-0.576949548600458,1.73178044963115,2.83745134214849,3.37994861254576
2.15965178574891,2.94612157197725,1.85093177501103,0.973787991118927,-0.804348521366294,2.48509215879947,2.48304431816329,3.74198577933741,2.21268520125557,-0.278625820189469
0.90750191873369,0.922411044598051,1.86399902040407,3.86996234937187,3.85131844928647,3.06221529326526,-0.454215740265206,1.23537645693164,0.319110819062567,0.962969762377993
3.93144478399338,4.9823707372117,6.40653011731867,1.94190910488293,2.90223075466573,2.36559902509328,3.83627290266096,3.40219494263218,0.644311578260657,3.37043945398319
0.088426448654279,-1.89637465594519,0.921439827180455,0.721402740849702,3.52657996733333,0.441273523274669,1.98264515629384,4.92845127772115,3.34025459976429,1.80480807587343
1.47122267265743,-0.606679859333603,-0.635398578608201,-2.63534914348209,3.30925310393669,2.95833390076972,1.64710697725015,1.7221854603882,2.17448983482103,-1.77526264893255
4.81509193420175,0.882336850459476,1.98976201753265,1.98030583762526,3.68487928266256,0.200486173721473,-0.193502324528602,3.73437757373786,1.71111325956628,0.283216146748499
1.59969102867289,1.09494669445389,6.13326964905293,3.6054494005181,4.68792981779858,3.36940857691722,2.88733575059607,2.01520126392261,1.35928423182289,3.61555492639806
2.25268401122293,2.53694471592042,1.82844407569564,3.39476309000024,2.82504364273622,-0.283705030972879,-0.674918960568847,2.47652190028143,2.54205195791331,1.4727696144372
3.76510458069201,1.88876305100139,4.7163347471928,2.83815153785614,-0.097462331121096,1.66404906242633,2.80344743375984,3.29013828489402,2.44918216389298,0.116788232234193
3.62317453921191,5.0871573774154,5.06716510914483,1.60010481822644,-0.553871900435506,4.71081778619671,1.95877568501852,0.230976716973018,1.65337787969702,2.7744871671603
2.78424545198172,5.089626421953,3.1462537784199,-0.496076945791639,4.40486332782068,1.44981869752161,2.91237130268903,1.82336472488575,5.55064153660593,2.50051602447117
-0.239064208933115,-2.29981279965753,0.250528345128992,-2.43027787429736,1.43997926396955,-2.21414558240956,1.79549746582685,1.08936907093272,3.24450821178774,-0.976108726266835
3.34107969948652,0.157723271114111,0.308137030617037,5.76399927747494,3.79976068958061,2.85557935622865,2.65279898634134,1.21302265419351,1.48850724074038,3.79114928078652
3.20801172730434,1.01307191385994,3.79024263149007,0.404343265497804,3.74847694217985,2.54118137609682,0.026954546754294,2.12126797677621,0.297639676076962,0.796451422008558
6.853579489827,2.33388154626567,4.95436213781266,3.61707042637083,3.176841512955,4.58395022781684,-0.947616892003307,2.8761990593963,5.59787309988672,0.0224230041488074
0.639383200851899,-0.139931440512971,2.20548495739767,2.08418733632645,2.13561161624023,0.212450115066701,0.188126108039315,3.02937203004812,-1.51201802280933,3.8586446001306
3.23546818796252,3.05006279713046,3.99952347178551,4.16735076890637,-0.00014425429546705,3.25059554328203,1.00417895877511,0.469041122337286,1.63768360639435,3.89869832587229
-1.34500464011556,4.91557110803853,-0.438206624814571,3.41688954882344,1.04313134344579,-0.0551577634328875,2.65362804387629,2.00866792267281,5.27027633687201,2.22984374068243
0.225120166809697,2.09100719489891,0.226720230496346,1.1693959805825,0.580413033746438,2.46080881320161,1.23629235649655,-2.13903872168852,3.07898919466356,4.1210261999568
-0.065227167288882,2.23804953554052,-2.17131467846653,1.72591887037493,-1.43417106379529,0.645480902155524,-0.00299452671542711,-0.32091423957799,-0.906354658379236,2.16441725253769
-0.0394865840856233,-0.8559079248678,0.976793266869294,0.76610031378441,2.8176905021322,1.39837178561221,2.09236210981914,1.81743513970441,1.38809758819268,-0.769365853085452
3.69950989988591,0.729559693952062,3.18653321237951,3.34935134123685,2.13810253493792,4.41317686545451,6.3119688624909,4.73739383670949,2.07314831673134,1.52336804349417
3.46252913046715,0.528920427368358,3.29507725208221,2.76119427811598,2.73369064186726,3.80227745441817,1.59133268909586,-0.0844290811550628,0.0422044523325864,1.91631162825428
0.123515031823341,-0.941576722468399,-0.269344235717039,2.16796010693188,-0.559005492038016,1.72332221742783,-1.78997374822029,0.984635000641601,0.78772288233336,-1.07346441689511
0.906872635190877,1.77578903793903,2.58490308473418,-0.316536566804898,2.58929595865049,1.80800934365158,3.05087217027143,2.6064581546807,2.63460654925651,3.97147005594794
0.134274055840382,1.23714787755986,0.744726587586588,0.59355812269752,-1.70064165916576,1.17538357947232,2.57221000038577,-1.86230161589399,4.95180065235366,-0.306099512470958
1.72732740365138,5.60534121810802,0.469914415410221,1.90674852919725,3.9388485311702,-0.152021975917405,4.5624951428003,2.87589836260215,-0.970372447729119,4.23169101556649
-2.28873729039834,2.07256837306242,-0.371963491248292,0.597227968832256,0.553445342882515,-0.0323035204402755,-0.210310271346124,6.00796985016017,-0.80846101319555,0.530393964867379
1.69125175870268,2.1453041453497,3.45866359894787,2.57224449242603,1.203577587085,0.0148975090222603,-0.045774104908378,2.84535301014545,0.186452759901895,1.98208143838257
2.79111362072291,1.21034725730635,1.71291503023621,2.63835783683405,-0.332175063126692,0.835168778581907,-0.820232834960764,-1.42374848116055,-0.959408954106911,0.729072363515778
3.10477900075545,3.5812493743157,-0.224756614727434,1.17209354643876,0.64489492879759,1.46685104705269,0.879906362280343,4.63652176768105,5.45783380813439,0.960945277753222
0.453110559833409,3.49507385835797,0.0744235474672836,-2.35854505851042,0.920531780312709,-0.0701177826314456,-1.42556385031904,-0.712142897353913,0.153417543491332,-0.109257695236831
2.39904441342391,-0.139340725661532,1.89266375450491,2.01802862190731,3.54475798190365,2.75982573200898,3.22786268191252,4.76638968736883,5.86026187488409,2.74668766229913
-1.27024900587239,-1.15045538261424,-2.00308509285399,-0.0569472837101431,-0.686258254323095,-1.09056945199828,-2.50292000575392,-1.15562273165231,1.24921075933678,-1.06949931910239
2.92091055451421,3.40811604579153,0.36525455789111,4.75590102845119,-0.34390501708846,5.29109872577728,-1.01164230723825,-0.905893011704725,-1.41542615859773,4.25973328898027
2.49746668319766,0.604454231338565,4.08040482484899,2.26233346682711,1.71619368686046,-0.955654679558274,1.97057530657705,4.70478760544526,-0.25233692062306,5.22535248077628
2.19201150330942,2.12851267067734,1.6839882570785,-0.81066534187351,1.01803996441969,2.12211742589594,-1.96855595827476,1.71117442754982,-1.38779388586798,2.03253776658937
-0.13813874411021,1.623248918211,1.21360088809491,0.163770536376526,2.24048426970028,1.75106615321388,1.71730456112115,2.99814481358621,1.19879090609315,-1.40431793249853
1.89889913857645,5.07138582208098,1.1464759269928,0.849933898632959,7.2237724507038,-0.763227767726656,0.700179192864498,0.0661205835104957,2.34882007580237,1.46267547987331
3.52450293196035,2.23716436688299,2.67483492608804,3.85876236739754,1.18668596219232,3.27868279310243,2.25381019016109,4.71751045799476,4.67765080268242,4.34868603700325
-0.403266269754904,-0.138452195877262,-0.262329640608828,0.0537681770112826,3.19693615795579,1.83792921398212,1.76172357884645,0.988214605239053,0.853374235114811,1.8720580148657
2.38594458869023,1.18284383442805,2.11018151159132,1.39713083989821,0.46358188563407,6.142724964588,1.78069027155975,1.92820233393206,3.76385423660484,4.97451252893321
4.30257516339679,1.07315281253445,-1.65458369569949,1.69920193814255,0.907870078770294,-1.2696632324312,1.23218447752514,1.52148394276726,-0.679912385676415,-0.0700974720267797
0.941061966208741,1.49667710335197,-0.173963763135194,2.63877354944935,1.42781682329336,-1.08757680197441,-1.52817407938383,-0.682417221085806,0.815318096270345,-1.90353981951884
2.11057783652725,0.50248458931464,4.24601472169504,1.16806214558452,2.28908544190224,3.08390935934238,0.925567141958189,-0.718739763755736,-0.67277723204245,-1.06635318803857
1.46836317535242,1.52308724273011,2.59369324768935,-1.14882481523066,2.44851675156118,-1.22540782017501,0.921330059643412,0.425389015913169,2.23928366386663,-0.142161570093113
1.36438762260609,-0.195333759238827,0.375964826958891,1.30929890811655,-1.43578415066228,0.722490400675991,0.810718430839,1.09392223365185,2.47390249698315,4.15494524537525
0.967993302472671,0.537986104111684,4.82042026542141,5.10620466480206,3.54461658050413,1.51430995455587,2.80498660078028,1.46439922282698,2.9521894012549,0.692977690479285
-1.15370875918702,3.75286842450373,5.0736719784616,4.70554101326632,0.461368327266417,2.82694306061921,2.19046352527343,0.643387116837851,-0.249298114540668,-1.10014178175765
7.59990212576878,0.547573727152081,3.50403810998885,4.33710421748186,0.975084353558133,5.65982339243117,6.5498083173765,0.69631487541586,1.97541792631315,1.04186352886631
1.67953888766366,0.66151112463282,0.499125027327878,3.4984577012446,-2.29722611576156,2.35925264908893,3.20158645757798,2.56898922941064,-0.00417963645026065,3.09424676507525
2.59033511498074,2.0547710582289,2.58787616256041,5.16833448041641,3.61093860345902,1.52891954501702,2.76636952082772,2.56626990538931,4.13281559251166,3.61192404749616
-1.45804053268927,3.03394228156804,1.89856914063095,0.366835870907675,0.51966917182262,1.33614825899888,-0.154358121574373,1.88749799588645,2.46132502750436,0.980185615398457
2.64329071207138,2.81903589488002,1.16112963872157,0.477899730560494,3.36352990303198,1.77782973002628,2.27670760428021,1.63831753126532,3.30826896005119,2.26661889080627
1.69285829156988,3.07124032749573,3.49869570494091,4.51459947948988,2.18317881567538,3.62449810303809,1.68394936809768,3.82239264593978,5.10062266901984,3.75417794366539
0.940462129539146,3.86677366406891,3.48707540634351,0.545884996802028,3.19061254245555,1.52636075441799,-0.499040586926518,2.85824245994568,0.322300460437505,-1.13730228473141
-0.0948358731246004,1.70353131762833,-0.331996076983708,-2.01368090848723,1.58374303390563,4.68159319751772,3.32405093689649,2.25281839034075,2.37147707053856,1.60179619103287
0.0343102706187809,1.65395902744434,3.04979211637014,-0.762307836643286,0.648904193063755,2.0851041334893,3.5171301802654,-0.113331239995144,0.461710795829031,3.64913051247825
1.25106908204873,6.08487426268022,2.13206037899717,2.42011445557324,0.0727532850484246,-1.34144917085897,4.1792092185358,-0.985418920936372,1.16232697352598,2.81159562036193
5.65835130073802,1.48161326691221,-1.07556410335314,1.69261455877554,4.57139186183313,-0.377799968576481,3.20299458966523,1.38574054887051,1.62985591189911,2.37032088617374
4.81081478269171,1.81925503041633,-1.24383995639089,2.75770318983349,0.864445315777968,1.31084961516418,2.05774620697411,1.1195426960213,1.27722225329553,1.75059127829714
1.9632388445013,1.14321300535475,4.6025990599457,-0.54025585412836,4.58238173274597,2.2150674609237,3.79811731593135,1.24831005528878,1.1089836188337,0.82387666057693
3.01350678563948,3.5101926008671,2.87126220252198,2.65135926719682,2.05461115723694,-0.128489779320038,-0.307678282798627,-2.31844500343675,1.97209280876985,1.54784548527445
4.02680607861283,0.448858973407224,7.95979689812881,4.13704239951712,4.34280191169878,2.08546629575891,4.90230697777895,0.589902376391605,2.32065386999784,0.771023722985048
3.46677146508667,-1.0956100052481,3.14715147533393,3.09954853307646,2.08389356901617,4.07107344558287,3.83250606168062,-0.0590331304551879,1.90612568451962,2.73075192925917
-0.174246818271106,0.202585957046131,4.2339183880453,0.586937760669677,3.19934554793803,1.41777842484555,2.46218385551228,0.741941383551465,-1.46215077083576,0.307958256096877
0.774621533206872,2.87691250666497,1.94050545150542,2.72668465391768,1.08498369856633,2.37168661711019,3.35906570740184,0.963105239403109,5.603070533838,2.49328436027736
2.84169034465465,3.649220609743,2.02792837162275,0.788510424793508,-1.40363090991292,2.44439181497334,2.08863734702888,-0.31745743614378,4.91775635957247,3.93705078238515
-1.01809067735801,2.81076922708867,2.37375779989303,4.01917293830122,0.824660751508476,4.59521633151311,5.14419365549978,-0.653713398437336,2.94071001268499,2.01399018008003
3.90149571828802,-0.326299540405606,0.792009841624293,2.81894229733454,1.65646995492412,2.303320084143,2.28251253982159,1.96459028636546,4.01326404247937,1.24261080347725
1.68296235943444,3.17752508380887,3.99142919684206,1.77151115645407,0.34310460478012,2.72979048539941,0.161452398222327,-1.36799581159435,3.18974727239127,0.215343401729215
1.57433956720444,-1.91203430620131,2.44429208330753,0.0826454620111934,-2.10602333389015,4.81097890831642,4.69809075195661,0.265731131613877,-3.26932016166349,1.07186069058239
-0.600037800210221,1.83716470028194,-0.487899004174095,2.27328178198682,4.20064495013454,1.77925658952633,0.637435884146159,0.327296797357046,-1.10825008680746,0.0362180889302971
1.64904288334167,-0.434431108656991,0.00846098875031942,4.00865151545816,-0.826029546202196,-1.39269941186263,2.34940745137855,2.48856888446272,0.912117057685341,-0.818894270730101
0.287159745933332,4.3207399841959,1.52718319074126,3.47638794026732,3.48824291102964,3.31079370939423,1.83672052425286,1.77071956304453,-0.37529681634697,2.18532448693942
2.37444871024937,2.83652982273549,-1.4312531131054,-0.358021118523083,1.59564681671603,2.67693003449086,2.24840712850867,1.14876868060883,2.50366798127504,0.0535940790551901
2.5787181439126,-0.644030797096686,-1.35406804354987,-0.231929016878366,4.13609345667683,-0.769133965078534,-0.622636725045664,0.924365463870168,2.19907416610472,1.21762570989488
-0.681819251997386,0.586998022835897,6.2607034894899,2.56596075033217,0.510579929672606,5.00958350530246,3.01160702113988,-0.463934610331208,3.67850870486428,-0.106215988366631
4.17544666398821,1.52705374527497,3.44565080173431,1.79098194263556,3.05571965922472,4.17742734136033,3.28760150680864,-1.09027910219053,2.98465029405775,2.67702184969089
3.46741947494495,-0.939113606537324,0.462100902398495,-0.237591126967563,-0.0910672370112479,0.61960959804613,2.43491953468587,-1.48681510623653,0.0217844775995422,0.123290618606381
2.6890718809358,2.33995897610658,0.892825248731796,-1.48524421079901,0.509240508028727,1.96000794927846,3.47962317530231,1.37821538802121,-1.66422936725523,2.80491502759467
1.01059452361234,2.92654644918982,1.58199269552714,3.5292202777835,3.92423822555313,2.14085108851032,3.34211662318242,4.67582278717997,1.30009370274244,2.51109815448717
4.03922887154042,2.72655921918157,-0.485844704908807,0.632574283356705,2.61938374584848,0.429322120212897,2.38299051395025,3.55377751241626,5.24431270442487,2.20916530045623
4.38802906679718,2.43544870086268,2.33078444006297,3.14531488372531,6.80849936897256,1.20566058830655,1.43653338271885,4.11572143161764,4.16313185123223,1.75607972283736
3.76564384986053,2.21825469411661,2.93092545812781,1.92353596534653,2.9410432987317,2.26168804443607,0.400937626621565,2.58827563234809,2.18780884508827,0.860223086392146
2.52540906704279,0.855569403387318,1.94335495083341,1.40953655244073,1.83261385913388,-1.86967907220686,-1.22079936084757,1.3487815978828,1.02290293099337,1.71727467782763
-0.959313416708639,2.12406742875184,2.1824010071024,0.977431108376045,-0.834446642675762,-0.133035187319825,0.809412790907211,0.55439607626628,2.48100779295197,1.51230932376075
0.48720579890047,-0.699857687049474,-0.539325403106262,1.88295122850335,-0.656505772839768,0.278880113923637,-1.02067842590632,3.51205404806133,-0.192370078207257,0.584247346463414
2.82052508284741,1.12132722877223,4.91341314787839,1.80391693440745,2.05651328538598,4.37172176227376,2.95760768840984,3.98653956198175,3.28642303553413,1.64567240427057
2.46653903568524,0.784779936553819,2.28047102895935,-2.28982337330173,0.896496717607951,0.370877965414085,-1.16365816645909,0.519889332755912,-0.589891559352339,0.674186655203775
3.41034282816113,2.35437107540947,1.47434826472563,0.600199518407916,1.14528990664202,0.865645098068512,1.16850633433021,1.98226972756087,2.93019970744561,2.63783865736917
0.9575607775781,-2.37002960933077,2.77679365861882,-0.382164888371905,-1.0624794330996,2.23607858908693,0.38456925358737,-0.690547875022503,-0.212933235174829,2.8217254706719
-0.288242123587373,-0.719195944014895,-2.31819495249554,-1.15824227464135,0.766892875604474,3.35106699320129,1.44891573688557,2.34918208914438,0.634547087882329,-0.104807021569713
4.03460811050249,1.12112345212916,3.41097783516507,5.72473333994959,2.04371647622766,-1.39793475416237,5.83448915136747,0.260352725126522,1.79703640686767,2.50488332698885
-0.780551169044531,2.25337246371631,0.888937301164541,-0.104395821596865,1.27363778034253,-2.41264187067959,-1.7340982688184,-2.81360512854925,2.47149573667718,-1.47665945761563
-1.14289144995937,-0.272705062273634,-3.15989985422323,-2.44688662199652,0.184327435047024,-2.755546247263,-0.908825251677041,1.66084957773677,0.151245603031159,-1.03012797844349
2.63139768498275,1.04021694248369,1.44157918530034,1.76072280441276,2.33447918580878,-0.853985780355145,1.17174746187983,1.44954074998963,2.62629698719995,1.03360720771718
1.1375642858342,2.47270565775655,-0.674805430647779,1.67274939895794,2.34479373071727,4.48659861326343,0.355078993140187,-1.99992874726188,2.7295306844313,0.0829898165766988
3.49636934197926,3.29959869944843,5.74813824712781,2.95835955601554,2.57690990666936,3.70594017957302,3.28109217446128,4.08569197844654,2.606121135402,1.99631132172758
0.398590182752863,1.46294282707161,0.719753596666369,-0.0935589644121587,-1.06803033798943,-2.12662319508874,1.50030819038806,-0.964850810813245,1.87871088170805,-3.55392629191451
3.88767128034073,1.39983799459287,4.12344278152961,1.24054499240008,2.9616269312646,1.50686816758529,3.03082490370418,5.56887387190134,-0.310780465343333,3.69735992239954
2.72726189487847,0.280674448860258,-2.18212299335132,0.608592611595913,2.45972519098197,0.100459492797367,1.02965227976788,-2.02954994188969,4.28276641416817,0.554396155706764
4.63784496293194,4.40507920730458,2.89158609066281,-0.0910123960448597,-1.05182652998776,3.12461065746986,0.821691064233475,-0.0248673537107411,-0.662027860521664,-1.17994199483981
4.08693798529676,0.988357504471483,1.94918468641826,1.77708125020506,3.346745340065,1.43426800140009,1.59429895960361,2.93851275966971,2.58669656331684,1.99803804200394
2.60283011589348,0.631194962398215,0.494031099283853,4.42595514603343,1.7799325411247,0.870543375398451,-0.82315793299635,0.371795566286989,0.95750754423439,3.91157309070955
3.590361970877,1.55060043270506,1.06729747349514,2.96550910471458,4.84185254011877,0.678168053630059,3.68113943036515,0.833162885739154,1.29962122832411,3.16667691785939
2.16451877065601,2.37691671305235,3.81505914949532,1.0187353304166,2.72886342495292,1.28034530418931,0.776955787888425,1.84665641599847,-0.0338557777951378,0.00148246088235238
1.89521691256722,1.60308117054126,2.81610645967687,5.19662938185725,2.71900595090899,0.674180813144852,-0.483349659581226,2.52486578341575,2.76853418839081,1.84674752665294
4.26299876910738,1.69702976729183,3.50684828271723,3.72952615559116,1.22995478716559,1.71612565855881,7.30616088463597,2.73286022927026,4.13966098882913,1.17455451462987
1.48308747220072,2.55286031028494,1.57054477202608,2.37967371940014,1.27461375081032,1.75855917305693,0.66284812866067,2.28855662931229,1.35767321604112,1.9106312764097
4.16547647376485,2.15024946680938,5.15276572179348,2.98237635735546,2.64022078273741,0.00693086752888616,1.01751654928795,2.43977806402806,2.33648556991339,2.65090940828412
-1.62483735563029,1.17056414483513,-1.85444093563841,0.60884297851102,2.35271077621527,-1.74504595035674,2.75818927203497,0.708796756025278,0.791789960402504,-0.297334945588172
2.62403670956131,2.27068633692534,2.09884834520082,-1.65725708657677,1.58991342972475,0.494286437728298,2.88866164900858,-0.94432705133407,3.41198353697727,1.03262902242757
1.72358887968161,0.340689977713865,4.39643561134785,3.93755639782095,-1.10582629313472,3.01068769764053,2.06143670345145,-1.62748775183764,1.49076885573461,-3.01491226328365
0.528944236527379,1.02379134046773,-0.594582977638511,2.66882567584983,2.90540082721965,0.159651978390917,2.93627974986617,2.32655059109535,1.50635095623551,-1.23957068814356
1.78076571483983,4.37899158024698,2.28445755096819,2.26655823287301,-0.947846612916742,2.08761132137087,1.87581783093418,4.83310492470428,3.56824224702028,1.54898616022049
-0.541381421192321,2.69756638878655,1.67373172612924,-0.263775729818184,0.596192753740335,0.811353462556535,-3.36235102884862,-1.01486508750146,2.64945154011567,0.0321913308845825
3.03492557518406,3.43668723291371,4.05272170641089,2.43929581466942,-0.698535859071357,2.36458325365694,4.31013695221887,7.57263791915279,0.230146304250562,3.41221072718731
2.65138242044465,4.77813380590399,2.69309258949428,1.72529461341085,1.37924987839666,1.01709510970735,3.89860297088711,2.9793252816275,3.38233090431647,0.355007854167714
4.26386929552536,1.35618615692755,3.18498206985369,3.08999365055895,2.95423060311064,2.13630728592692,-0.854839301110689,-1.69276749497802,0.832580303075462,1.86326640342334
0.567086238674922,2.57803320801772,0.287454097832005,1.52678806492587,6.68409468554811,1.98834739215961,-0.646372736909142,1.35956816195808,2.378033432548,1.132451895561
2.8122357098129,0.181804580777758,1.80541358096534,2.20349758175397,-0.63333865421416,0.902677385308395,-1.03297690514092,1.66190273738042,2.477253732608,0.617925443236201
2.12078619712776,1.56977850652812,0.760713305172131,1.07913947312198,2.26292000524424,0.0149993435246101,-0.694831990241913,4.97155859405024,2.56970825470886,2.54294135811719
3.06040221765984,2.89100137815316,3.60468467125666,1.20904771247603,3.74622860009673,0.467533642956852,2.38188931448836,-0.0140476171756005,0.658880845738168,4.03482487875173
3.13024407607843,-0.348749582226098,-1.15117255503911,0.130242307362028,3.43680780008518,0.292973032304821,3.99982751051907,1.89193716424726,1.95472947829632,1.31932517302161
2.86059621168043,1.43320135502097,4.91157221961404,1.23656488645737,2.59760652455622,1.64099036129555,2.24418129652886,5.69848911242405,0.796035776618169,5.82237050020067
-0.983655999548006,-2.72686235894467,2.13500194278664,-0.101923657950543,-1.24219638605228,1.00185935356712,2.41927255626566,-1.87268082480273,-0.926905541488882,-1.05225890675819
0.86847274347131,4.14241757946241,5.60632997556688,1.15415294006152,4.82888687812492,0.851759156737208,0.856758388060171,1.34405458470441,1.36616378837992,1.35639466272026
2.35768972319902,2.20043296484058,3.94141649675331,-1.44604817604148,1.82402993713629,-1.92792128552288,0.375673283450473,2.1604221037027,0.939946081718348,4.04227071110511
2.20028632590088,0.342356748528167,3.81304352713705,-0.167897541582319,-1.08537840131152,4.34982606678894,2.37365383236363,2.56574298839567,-0.897807016492358,-1.52017704378356
1.70322850895367,1.43650549916543,3.8454557082846,-0.505852039892261,3.917731337279,0.772641997757232,1.03916233835083,2.97941724354242,1.70120740492457,1.26342321805007
0.73475473992665,-2.9308952741886,-1.56064952295647,-0.179496583782898,0.997366453292001,3.67072846540795,1.44996624412236,5.03767439385317,-0.950703832127443,2.71403812990483
-0.525544283700974,1.72815967977621,-1.5434222977584,0.248943777084994,-1.07393447512187,2.00609375897307,0.928876806106401,0.356346800814806,-1.54910910596675,1.42896007657052
5.41107016471309,1.4485078400547,1.55207218353757,2.65498669406494,1.14001121635237,2.3550353280391,5.20226885523739,1.02280687455841,1.66332514435046,-1.3946830700753
-0.605261818653218,0.489308768733994,-2.56213833093162,0.68718455058431,-1.00106269843497,0.559497347942199,0.736904004480373,1.25374007148563,1.35105541592872,2.66025105182857
-1.09087151689883,0.976047511557258,-3.26437436066919,2.73693997882186,5.26644758092597,2.84619492393485,1.06060885589789,0.601395128115307,2.58161981552014,3.56677506585161
-2.00601808888848,3.14677335424439,1.83383255706587,2.78760854157666,0.626107041322103,1.98090814596103,1.75201825021126,-2.27312215532961,-4.34693972126386,-0.158259311028759
2.66614710689224,3.29385028923727,2.37074296184937,-0.0246885605130791,2.68085816659215,3.84450846807612,0.719384545211869,-2.54445748571121,2.68663417299711,1.72941199333314
-0.852915782428479,-0.456288901733042,0.946917749259192,3.43184024611672,3.6922388055125,-0.811922661196085,-0.100698939566417,-0.324449592347528,1.00149899712568,2.01872018178616
2.02545064822078,0.583689060445894,2.38711009931812,0.846556988180031,-0.793173673981719,2.51743895642518,0.722877783586287,2.48871497252502,2.83894693472695,3.64623390358921
0.29289577387485,1.44211831197203,2.74448286792467,-1.87450163775175,1.95719081179997,-0.577663933452756,-0.522279355522905,1.56762964676426,3.22987433289461,-1.10998209075479
3.27764968884728,5.2911531004008,4.57274220745042,3.04782639658273,1.75161221043794,3.74550534737691,3.25809572483524,1.90747830109423,2.14331567658148,5.6476745154219
1.08511365161827,0.107081166330112,2.60335778497542,0.69078462337862,2.84391704886185,3.3577806655921,2.49910526245973,3.17139979545464,0.308834435455358,1.98691864976771
0.796363856489222,1.24676731173153,2.02972522658971,2.83872514317447,0.755357222753196,1.24964587092701,5.0715958804161,6.00648187886965,3.9471749016505,-2.20936002139775
0.902394998999457,2.08637048457218,-0.738071214812857,3.08282053332194,-1.87978690788665,1.15443414721698,5.76905620897693,3.80260912707639,-1.84960135050762,1.11544723966484
0.784567750701633,2.14865445183248,1.77797150124804,3.30834471342556,0.617796339895101,3.09515797334102,0.0414751084440492,3.12979057309626,4.71613280448908,0.63576933386201
0.837104832366037,-0.230721995537698,1.60799708609536,0.269255316942305,3.26847357738096,2.3076758653715,2.73354058339824,0.0688192428653149,2.32402349430421,4.55538190411663
2.93268582319387,-1.74085505493937,-1.11644035911609,-1.05084290936525,-1.66747581633546,2.03775026851587,2.66263124474145,1.85162453437907,0.696674753023216,-0.809693709034348
0.315146039723378,1.28140694514824,-0.328735622201429,2.94616754889866,2.52136570757127,2.06433006821143,0.261107665006549,1.45621931236768,2.51014167273582,3.27285447650754
-1.02020282247695,2.97152807750796,3.91110280689808,2.0932461206772,1.5164622020355,2.6664110945009,5.88633370055531,1.17144255059895,2.905322219845,-0.285735298554877
1.16452503501615,3.95176646720986,0.387971402840839,3.61767094016952,2.11500866821419,4.41016670220556,1.80262047833485,0.351904985451805,1.35984915288447,4.22222131599332
-1.47082766709848,-0.39683336249266,-1.86100590167885,-3.3447790277454,0.14297445974997,1.62849840926172,-0.555529167453748,-1.69196351365187,2.70470057441421,-2.47126076085122
2.0725930575843,4.80628993690997,5.60872359398167,3.21980679019362,2.46321299800646,1.42487837962064,3.61283730655806,2.09033170084812,1.52602176122713,2.56065361070127
2.41680718955806,2.3529202767497,-1.07261990636761,0.333316961031851,1.4327341188349,-1.02938488480502,3.79022672294831,1.154944233096,-4.4852307887107,0.168397435004029
1.64075972809072,-3.79933339471561,-2.72575755907288,2.58322434670576,2.38447717892376,-4.29635941280519,-1.05623135817666,-3.335795723928,-1.06881307145978,3.12312152245153
1.32682163240533,3.33971874479452,2.67027070383275,2.22431345681183,3.55052215420599,1.67086697931592,3.32459482991411,3.94977304457212,0.121092887895686,3.19259961823604
2.69243068000954,-0.367034822246035,3.15530781258395,3.44550292599338,2.31233201499748,5.00906232077632,0.108268554728194,1.77986118609209,2.13490815268236,2.87530838790393
1.68510932984122,6.80144836776159,1.69023598688983,0.694978117379577,-0.843859087507243,2.17626105763017,2.61989265926826,3.64361226511994,-0.00412991448421685,1.7280478144233
1.65036707485895,-0.973109100959992,2.13796477335097,0.268784771672595,-1.18690603021343,2.06284804382515,-0.247853845609284,2.34058976744138,1.58419504878037,0.492413579018885
2.3923675860646,-3.21497027746432,0.170680552126339,0.707611025644913,-2.34869621079457,-0.327995599842337,-0.125654508656686,-2.35000519212476,-0.446791196251796,2.39477046480546
2.63926144435742,-0.532632594025225,0.100014081136134,0.731353944208163,0.360494929113251,3.72885205748903,0.670367901104569,3.03864325221581,3.42339914081943,3.01027200247131
1.12175069113029,2.0428986107675,2.64489538023235,5.02477405865214,3.29591385744326,1.0222637071957,-1.26936007205767,-2.34010837256457,0.984325038563333,3.29792342457872
4.52238661503614,-0.00806499285643936,5.83945761795436,2.01418669735579,2.45783746356527,1.61593066579787,2.95815090684967,2.54724519949992,6.82532997090346,0.162474836527416
2.25901031915591,3.57837984869765,3.12935757424733,3.12498965456383,0.595828138998139,4.12194428960028,3.22338730312883,3.99514657399489,2.9776613572413,4.22468660311589
1.34279052341087,1.56004925639638,1.79475836441928,0.518378044696108,0.167438628881385,-0.652173182420872,2.58631460498936,-1.09054773661329,-0.296493351402386,-1.1860529257263
3.6453702526285,1.22217689465931,2.52930517385946,2.33395520618676,3.49250368840673,1.73744739997319,1.95670888257246,2.68318213947684,-1.27209454396087,2.17898434947823
-1.23106113640519,2.63281936081695,1.52374626520828,2.45249308700209,3.08587785785311,-0.12677462387202,0.529220720344812,1.46735036478003,3.65564242687146,1.89361094662857
-1.02056685726161,2.05547569321992,-0.353875448270454,2.39156000072655,-0.744362671118577,-0.446293829758074,0.401713120985082,2.13790827341536,2.51507752989079,1.53614154069078
3.17061204235716,0.621470493244019,3.85168698060352,2.40930824262646,3.22550015936604,2.7884370034864,4.72156591855608,-1.84417204515716,0.481503735843458,1.04876094896055
-0.0697052231572188,1.4565242857375,4.0164195690201,1.68851023667034,2.42885051894398,2.75350894769721,-0.361877479634918,2.39625035286578,3.76606812530522,0.676573487919679
1.85803991072229,2.658839443661,0.926805338065903,1.58221426066031,1.72094454395627,1.20050798396231,1.16890314352813,-4.13028904535408,1.69351795897846,1.94351327321667
-0.169088955461846,-1.39436413651775,-0.163319777597288,-0.973255008790166,-0.0137525366420073,0.0279554498954274,1.690082518585,3.43438088923215,2.42268307564406,2.89731870683336
-1.13145677062586,1.58449105270938,1.58888488242723,3.01108060247659,3.91038994423864,1.10353636628478,6.65893013522011,1.37857149708911,5.55636564340949,-0.404598578717306
-0.0759484656783929,0.468451583638985,1.01305528059743,0.324501133224672,1.43406464642173,2.92072838548424,0.666479220422177,-1.21840085024094,1.4138491424932,1.20686792667522
4.46716923262517,2.85910440306886,3.9010123570663,1.19937218292391,3.53601463021833,2.43427331935762,-0.628297025346903,4.46543773164211,3.84005558756244,1.48849733458573
1.20033228794037,0.660462799310747,-2.07966742473694,-1.09333599438218,1.33920761880373,5.51130012547402,2.67217974523244,3.28178446626325,3.84763241867128,2.85772224494075
3.02242884410429,0.680083512669762,0.472872414627955,-1.75328145587639,-1.3191354247125,2.86649210312673,-1.23010359280805,-1.74609520806838,2.64760784613131,-1.79947607259187
2.31273835520425,2.74521641102331,3.27926027601829,2.24108536386461,3.46525597911495,3.36799873588692,2.74710844257108,3.4881212129392,3.89788902751227,1.73493865498698
3.06404213517947,3.6630830052593,2.76660391123192,0.542970909614839,-0.0182014677983264,0.746352623094978,0.642524268187545,1.92669196983704,1.80396650907384,2.31673902647846
4.502932360619,0.93139386716097,0.526839253723633,1.35428496256751,2.92658838122318,3.03392757111684,5.98099307754264,2.56163123659256,-0.376139967634771,1.13855474258259
1.19274218912962,-0.367556518863844,3.2871681927495,0.124855228290437,3.36284436677516,-1.3318425722301,4.093286827994,1.7213739930886,1.5923953844591,2.37630435245035
3.63017026203894,1.13096403530569,5.41229371327723,-0.166514748456786,0.00864440508701803,6.03248813962413,3.69944768183773,1.75658588750109,-1.47639910917935,3.1950291509002
0.744907803612388,1.66924771666689,-2.71975412729439,2.01376659348329,1.52862686790179,-0.0385295308451989,-1.15583409750727,-1.3678878055434,0.263005388699596,0.436825501407188
0.623992308758906,0.158750017800273,0.470511861414044,0.768668976406786,-0.257951467712567,-0.184889957690151,0.484949925823191,-0.538313757700378,5.78170038788708,2.02736078482039
5.39841432565574,0.695643405261066,4.97634173810457,1.83133175902777,2.85766068616405,3.38800097832709,0.186159594299308,1.73167440958296,1.63204142834899,4.0425430174273
2.8894877515931,-0.229129291069827,5.05478563852137,0.484723370500062,2.50358054915844,3.22085424713813,2.69129093578222,0.736057431269969,3.20678134879607,0.586177268487859
1.65210894756874,2.92989804334151,-0.197604238008728,2.99758735064245,0.542074236997111,1.45563733608676,-2.39351141360107,1.80048935974781,2.23566563836962,0.684448451471646
4.13352197779918,2.12663901928707,2.26702022356306,3.5557809327066,2.77121418401914,0.35872176585863,-2.4666772697799,-0.255645781645895,-1.59813065646417,2.96779832169514
0.917154400773435,3.1806445983382,-0.510361475671387,2.60637270990558,-1.20436366378525,-1.65486137359877,0.782363666894904,1.71744837237415,1.8170584949848,3.98276241229706
2.08524956016829,2.67369244469154,2.73475277270508,-0.93182155520383,3.83507637488501,1.03699661405452,2.07649744141527,-3.02860541232838,2.06340492113555,0.389657694437854
4.70025158006851,1.29071313165495,0.880333029568068,8.70428064681896,6.48584979573224,3.70490274281639,4.74170739572923,3.71175932677921,-0.493384923885579,0.316166827475148
0.900071782397,-3.44279648714994,-0.172728327729128,-0.7765657645001,-0.975572820003152,0.296662512063459,0.734231469709069,-0.0478964809844767,2.49450940451533,0.0186084019581662
2.32297553588121,4.06760269424783,-0.6921099940263,-1.46427340379464,-0.641945583415408,2.25877295590358,3.16102338109191,-0.674751877907058,-0.417566315205141,-1.12979179570358
-2.32635790356174,5.57190817545132,-0.808395375452279,1.80035990412037,-1.42191640133488,2.02858520336563,1.41934943569484,0.0127136850869476,-2.12322965941017,2.25290245541019
-0.0602191260826484,1.1782878249413,1.48526528213236,-1.57643471830472,-0.68564094724572,-1.73497878149996,-0.799435977572871,0.847683256490396,-4.23587157779842,-1.24468640915333
-0.817316427682726,2.48237913487178,2.07454028331576,-1.37406832626309,0.0564505109625703,3.57417523633906,3.39573490935826,3.94354838610198,0.183423584153928,2.59633077038821
3.85473793354244,2.02828337188078,1.78611825803121,3.04617821833418,4.76109087198768,1.25710241573313,4.1293514980983,2.20175485339255,4.20544895922571,-1.76447113059049
0.492670087092826,-0.49342089273415,-0.913330632330496,1.71108400554221,-0.496399081993741,-2.4468102616488,0.130415964378645,-0.661517466280985,0.395820283359403,-1.85958245903495
2.133212297227,-3.23681101990103,4.59043441707239,3.04882887816272,4.64281425006842,3.56357773045663,2.24638565350296,2.50095717450312,2.44899034962521,4.25922682841408
3.44981091832777,2.30091116208093,3.07443415751689,2.08046054867761,2.06925618931792,4.22158555985066,1.12103795465261,1.48111238647272,1.41898653847792,1.76835032760771
1.40276148513393,1.58811917202581,1.20568930169091,-1.90598733347105,2.11086179216503,-2.21810907861018,1.05203747170402,2.28551558502256,0.39556125110452,-1.04150370686347
4.24465811958802,-0.333634806528254,2.92843845538946,2.68096448792153,2.22841976637532,0.459837937716756,3.08468153281036,-1.16657464571665,0.531914342684818,0.990957576179705
-0.811281179435889,1.24091480112166,-0.479056024733643,2.67992519132006,-0.631670754583586,2.53386414631413,3.01458142381162,0.570005516487092,3.64682223207114,-0.247892835415287
1.37339666877793,2.07519414206915,1.95839808779931,1.31148488349876,4.13618582875417,3.07283425447038,1.24052348765843,2.2531050099856,4.93425464961219,2.49526199206528
2.98275877561849,2.9501214181587,2.40169798583074,2.27420672299794,4.3196008394233,-0.908055934667184,2.47622344215175,-2.11825799094959,1.46842092400349,-0.559244583435071
0.897786808872272,-0.231730022098482,0.0159656496945526,0.614951166074878,1.51077498299867,1.3960638247442,0.594274425227727,1.32061668138999,1.51590668702376,-1.94865339854965
1.59609319488232,1.41816386326316,2.2169560011789,2.6291721924667,2.30086491986902,2.14728460105427,2.89834663171932,4.03632346857121,2.86829557604675,2.62336062990716
0.793257942290679,3.37235435724482,4.23293360104387,1.80555929647655,0.246348755204326,1.26498371081712,0.60724527772113,1.24684169805264,2.10346315030474,0.284131665540176
-1.50251473943327,1.17984107568221,1.11027102391534,3.31759911843759,3.12777719624574,2.48781070786497,1.99908681995965,-2.78857948292856,5.22580506622057,4.81207258867803
-1.95402637331516,-0.457030488301327,4.07957402543332,-3.52059199667332,-2.04720257848188,-0.97390208773567,1.29326668477186,-0.68712626893856,3.75170102823428,0.879339690805205
2.66841473437277,0.6417742692493,-1.71926133182439,-0.445282751437064,-2.15675387820752,2.12947849096445,0.734890593930941,0.25732697765578,1.05566107816062,2.87933106498054
3.7036007230813,3.28078051817678,2.49319421887548,2.34239798215527,1.93266900767995,5.34234156695294,4.40133224397712,2.17296348203641,4.96310868032169,2.90392193606825
0.559709162813803,3.75559494354085,1.45776955586582,3.10399856091008,-0.685452203040632,6.38556517648696,1.05166764338572,1.9385943656968,1.86388629210689,4.85467394979933
0.413486000396726,2.06601575944644,-0.0650950417774268,2.41899220926281,0.0744212784010703,0.200535839429905,2.99274925790499,2.8200399659395,-0.454757637120413,1.36215207509472
-0.746247260809878,1.18224065408723,0.48034912666511,3.4599659942791,4.38470132458008,2.958093440116,-0.0949205186523203,2.13479344359032,1.98664001379614,2.23518871731987
-1.12965042767447,4.30055009706232,3.30527379814482,2.04800169502985,-0.483583129039128,2.11589314255828,-0.0821397861899253,2.21635638543762,0.556931790483471,3.50559491267536
4.3823583888212,-0.276373087164699,2.9518752159927,2.49251177966758,5.23325787713397,1.08274382008769,1.03140182528825,2.35377727048344,1.81842299234116,1.79120207695014
1.72069807791418,2.09344839327317,3.49917736208276,2.78542169861835,0.644360528719401,2.71570774424888,3.13333617217673,2.74183289845136,4.86985596443822,2.05892761307181
2.09459457387194,-1.90246955392108,-0.635577355751075,5.86841639435051,1.93386882433271,2.81814024631556,4.30044232678526,3.85532470754411,2.74121708197998,2.67974272403243
3.19622219388261,4.33253694313628,2.6622724596059,-0.846601440538193,2.32733401510493,1.51626946985587,3.46189933689628,4.79579954048056,1.30056519283212,0.286435605383914
-1.11861591327901,0.523539817730671,2.03361385017611,2.39148237528056,0.693406337004034,-1.17185349548908,-0.241506411954179,3.97523004116088,-0.0239341848641491,-0.0598879550982879
1.49239550291482,0.721297385403683,2.00598344935424,-0.0328036699013083,1.24130194705026,-2.98376581768708,-1.46368609383137,3.43276171544654,1.74575841454411,1.35403385639267
1.92868264737686,-0.289916578769129,2.1492621831663,2.25103931732595,3.67656348425477,-1.31201111244177,2.06699271156341,0.0998448129429932,1.06545963861299,2.83282437576296
1.02611039061603,1.20183301177917,-1.15975515913109,-0.660366683917784,1.00532758841624,-0.227352469691263,0.26177679999295,-0.328564731875447,-0.161509548915471,-1.38977694207326
3.68789942810068,1.95400736010825,3.03786524954414,0.11180283428139,1.04675318070522,1.32640638140296,-1.58463374195917,-0.837096883493268,-0.601663577370198,4.80808638723117
4.97014740024525,5.50769246315848,2.97395586068583,-0.546265301454936,3.1686648640112,3.10680644139861,1.21831351711478,1.79073630149274,0.841135444020745,2.37518742187238
3.62522018101258,3.97444954551035,-1.50262293313356,3.43538414100564,0.382055453264303,1.78580223477487,4.12431540750869,4.28330432837452,0.682963354572337,1.22803843332159
2.91411745386485,4.67777860306491,2.80218926541452,1.12400126581739,4.3687593523756,2.1788934026355,3.03666907831332,1.69537370111363,2.21131520760794,-1.68086506747922
2.6421841908184,2.78744108350799,1.98354099854066,1.55225727322185,-1.11695866712925,-0.508854818447109,0.378353878416767,1.26382553003818,-2.36220216776722,2.01957930205193
-0.445964831705621,3.20182814892003,4.35705389324193,1.75858373205612,2.55390029594891,1.6889242133997,-0.382488588036925,-2.90078182174503,-0.909476035857834,3.44440830442064
5.14416968798646,2.53829827507631,-0.517703254133292,4.06779824123083,1.47727506021159,2.24299043032749,5.83799957768476,3.91666442084515,3.12909146949036,5.97846239454613
0.658433655295525,3.40550511563828,2.02438018245446,0.719856713449917,1.74320680372819,3.65284678573904,4.79573027670527,2.31288597377943,1.34118997629632,-3.3024787208711
-1.19308595567638,-1.71703495041279,-1.837528243377,-0.78336548724798,0.519762537214253,1.58761802851237,-4.2367741795758,1.03962426549998,-3.74565664762436,-0.597383564465535
0.667068834091162,0.458950634025368,3.44971620889982,3.75923954982535,-1.89688193882951,4.12504293163564,3.10281980552326,4.38889940588372,0.144414300169321,-0.357321844411351
2.00191923083043,2.8045907180421,-0.088004527406822,0.512682052063954,2.97408816595875,2.1219301594969,1.85473224374408,2.00871999436624,0.599284847199853,6.50644972450955
3.04551208509522,-0.715920082588391,2.39474496163335,1.06521639082353,1.30084387458404,-0.236714908581124,1.65963560487987,2.36316429857555,-0.182998403291185,2.63948243548731
1.8840946609762,0.0535093340948702,3.33591135233598,4.58248630504225,5.46019088739394,1.43768183195708,0.992913239420292,0.381162592633735,1.87426058517646,1.63636768248293
3.71580945303515,3.76658855513963,5.93489875163968,5.05036616213218,4.58243710647775,3.84100867825864,2.49045046295176,1.27448184289708,1.24894400053874,4.16086566362026
1.74641015278036,0.215518435419538,0.685825846285161,4.32360991633028,1.23857844207792,0.387571047917625,0.942533539451332,-0.663745114009842,2.31896176456033,3.7205507266494
2.12677374624739,0.0319430576074787,-0.913540635326719,-0.956070955335383,-1.43119859076646,-1.15823618067864,-1.99631239255255,1.96216577222444,-1.47849534735508,-1.76094928346473
-0.695137945937393,-1.28173235937823,-1.26305218866852,4.51285078786524,2.48975654960161,2.56681471456547,4.05529707706013,2.83277256558123,1.37428560122394,2.17679654231212
1.76278579698785,1.3674774907034,1.35207611910386,0.692035939499698,0.525877854157734,1.71071394771964,-0.0760101621847331,-0.97418515386243,1.8757205213581,1.06443404803664
0.465841294744221,1.62773846790064,0.629027438230987,-1.10627311279759,1.79814022358069,2.32052231051302,-3.09132070915747,0.0264817472110944,4.57278371111599,0.613692608446981
1.59569714256411,0.960824726144655,4.05749179626444,1.10894768013072,-0.722294534892175,3.97318952929431,1.88736692103245,3.98942999378458,2.19986058503255,3.11375604559095
0.890424462967902,-1.64749715951284,-4.33885917742647,1.16577309183831,0.751483843333978,-0.283315403871113,2.0599573687618,-0.297543759222237,-0.448093153598832,2.46263089932993
4.71975356343398,-0.373484464809473,2.68438557571182,2.82538131234989,0.260374372976913,1.89603934246119,4.03038242610026,0.0540446650786131,1.35526457362359,3.30275992222712
1.63148135607367,0.90913836019728,1.22308438755052,-1.54050939549264,2.72317123134806,-0.0912101158373912,1.88291825271714,2.95278449190987,1.68526008278718,1.99159203257842
-1.56420963666707,0.980393328392505,1.55840414872501,1.16576895572568,1.77879250239426,0.114127423564181,2.73267176367496,-1.26837655358669,1.67470349070478,4.53741902885497
6.01069859256386,4.30985333032533,0.98789950915333,0.216690773770099,2.89247584831376,1.91362449185578,3.34741694585165,1.6168915210027,2.48054703002913,1.96375669906809
2.57194326639545,3.28216128057192,-0.0581354334472011,1.29540560599415,2.63856481738038,3.15400570142362,3.50826308615753,1.25507657163423,0.118568963701697,0.754869159496599
1.65863119200566,4.27621882028597,5.23907615081647,1.07071927596561,0.547279022281398,2.63285944335966,2.93909452893081,2.85505875555577,0.392470117890372,3.35071150758768
-0.919299814810127,-2.85531467311056,2.15012158187203,3.13959787029972,1.65803837365493,2.57852281077074,1.77476141192889,-0.0572449077720463,3.33104015002925,1.51221823961675
-0.0376426579814546,-2.47938407627622,2.91844370174637,-0.273069936106513,0.995805654269189,3.79931317443871,1.5712708257925,1.82414641753017,2.76817833124171,0.875004524181769
1.54514877400662,1.44697399122817,3.43995912808543,2.0986274965776,4.10975861061694,2.71115759070865,3.99937755700784,3.74228550590272,0.444191971763077,2.33221139280676
2.92609034114002,4.81931863202918,3.72032384077354,-0.955332922726067,3.28140313373545,6.49262651733409,3.74602666482832,6.35584181462143,2.55895427526181,4.96907079041735
0.575668798351354,1.88313130299956,-1.92203924034226,0.322703964198945,1.79419493474196,-1.82793879985285,-1.08721317679873,2.7693446758866,2.0386623499445,-4.03489422070117
4.66927149664909,-0.399632126730724,1.4326252951045,1.07706869084033,0.893943980184717,1.78982211416694,0.750328047930173,0.76698272045963,2.99264541196138,3.26950745826518
3.3080145992747,-0.0310664130095701,0.256602314844362,-1.45600911370389,2.61485493457065,-0.833008328097459,0.0715808665745241,1.09001864589221,-0.706184211906649,0.170554463217193
0.601423322443766,0.658972012113715,1.07590033254362,2.28393623385856,1.14850374926988,0.061425107958339,0.882992502580532,-0.726313385489097,-0.541483028780624,-1.26958689733817
0.625540924025228,0.963031460033683,1.79022092588756,3.54258591857137,2.23449673372164,2.07636883003688,1.88382378125606,1.20383097209933,1.32133133753129,0.320474893395241
2.33364850928164,0.698398937125327,-0.709899135421544,4.5547231227576,-0.878109369866573,-3.54329018821614,-0.187809796049909,0.173466316865028,1.39238547653834,-1.90411852314763
1.75680882659421,0.947261791464907,2.19820908637218,0.172154843599352,1.00411509580518,2.30097998591043,3.87857983073195,2.78128251787988,2.96265887266802,-0.571836839043785
1.13506090307299,0.949088563267964,-0.362153594336887,0.362637741913146,4.37081978075673,4.18010168793513,1.55942622869836,3.1722230196005,-0.187149316422693,1.86728043819836
1.29424112454372,2.74671612690397,2.82325967695044,3.01557212328542,-0.493103167640458,2.28198707140186,2.72837429374757,2.8227658770282,1.81657503045583,2.02227086522963
4.26622258462959,2.02251982583156,2.77900106654654,3.83467461433357,4.05419096513951,4.11730022416206,-0.277598506150535,2.61052429528209,3.06419889822464,5.55886987461639
0.639393142870359,-1.26455212335581,2.06821280276915,-2.21479460664935,-0.678593971462774,-0.447533028679974,0.574702203994586,0.926531794944493,-2.27843444417559,-1.00807170439424
6.33171970457754,2.42637340109562,0.255972908971259,0.503658553950681,-0.157528738998277,5.58973066040204,1.69458421630503,3.715709306865,1.90913378364724,1.44313699959929
-0.0744705111293138,2.99255878061829,2.28650299285019,-1.90084361209164,4.17034662518546,3.6639932190058,2.62017634576249,-0.462999134522023,-1.30078753944064,-1.58080175818919
-1.3894442718813,2.33435973111626,-1.62253890044827,4.72955411612591,-1.70150317184892,0.810708908223152,1.10365070655874,2.82037620809388,2.20437511825959,0.21443430673626
-0.36829484438169,0.292880390890697,0.947865184873934,0.77306475499073,1.03148251143643,2.78557446099668,0.691289264374146,3.26491865826398,4.02047298262134,3.87067287871696
3.39060481810289,1.7081494628007,4.26091368646484,0.358201884901415,3.13031715685574,3.43759662752082,5.79440011086381,-1.13272462105088,1.17500729175652,2.11282228879807
4.36519388354705,4.51569699435663,1.8748858635072,2.78418362053318,0.873607012367982,3.89653250338229,0.290713247277663,3.44862350913751,1.75041535767873,2.24763307788371
0.997379366215353,2.42300885083178,0.0548184073908664,2.9975287648055,-0.415820983182891,4.02414968047306,1.62711495563399,-0.132185276012028,2.55212588875076,1.29341991594267
4.24641286535761,1.58969174301551,3.13006962083569,2.09698100603279,-1.06943050626961,2.45798979683413,-0.277029836908606,3.71374246196252,1.93972244336915,-1.32700725059271
1.29887752121294,0.444747325653981,1.26458716984379,0.633189519157333,1.76660244251652,2.52831093790108,-0.138740108767271,-3.36287856627899,0.370340639402381,1.65999571883328
1.12020326530274,2.72538990574524,1.50347661873224,3.44123163325589,4.42329896814735,4.69022792264685,2.24913473825344,4.23760035872057,3.05187382633448,1.35096025707041
-3.77991581787692,1.85266702004527,2.48999602164054,-1.73005087592466,2.14719293397965,3.97101586692083,-2.42162641987592,0.130276889941543,-0.373179884756846,1.9865014746343
4.40401075410058,2.38111424828777,2.437306017513,-0.117737072884489,1.87378628597506,1.2384132650897,-0.175985544600612,-0.2856991987301,1.42917458960652,0.576460308361212
0.839356116887206,1.71236451561191,2.46952199926377,-0.498104524750536,0.137386285951709,-1.34251718687076,5.0767638115236,2.60304176402907,3.2494756218078,1.10949064752978
1.32167306528062,-1.47868391837181,2.50768359128368,-1.53100435707234,-1.11541872096894,5.8806157452622,0.273085950767023,-3.18831016615307,3.67519939344057,1.41133344475658
3.0747035370386,0.974740928024074,0.707247490528127,1.36973690354957,2.85446969561061,4.18194839771661,-1.46678001251973,4.13414355805829,0.845421633812701,3.23243600777895
4.93208929842507,4.51061386112237,-1.15938033269652,3.4389985082704,-1.19879409590792,3.19168980786626,3.1978947748799,4.52081259248881,1.65550879582796,-0.223599194308906
1.47312846856891,-0.429271871229426,-3.13636638227968,-0.0847076382470262,-1.62752335587156,4.01022627828842,3.90078378869852,1.54394033225061,-0.33464551051009,-0.0392392679150138
-0.571706390474896,-1.02258183382704,2.41071578270489,2.36890281650846,-1.49274878014325,3.99188949574933,1.69177096372496,2.81171513353015,1.55784732484009,-0.849641939921266
3.30736968429151,2.83760717351989,4.20686809854482,1.55440598731313,3.82672765102253,0.57912799131162,2.86370205244643,5.69700009012201,4.64975447995524,4.05815123563521
9.84546939607803,2.08479336331677,3.01591456808044,0.95541098033129,-0.643972070830947,-0.337742688337149,0.339351391871612,1.97712244062641,2.83913847738751,1.38016349776084
