"X1","X2","X3","X4","X5","X6","X7","X8","X9","X10"
3.72459050323248,2.61166576560768,3.61611542757072,4.79440333948929,2.57459636501232,5.40966541078779,2.99834453623066,2.0934734859319,5.88876287823715,3.15223275718106
3.01694268922876,3.42296337072533,1.28113849453861,-0.960443356668774,-2.59750711819739,-0.349051486439145,1.45151692406739,0.645691667786786,-0.111023024654989,-0.0214019217537171
1.82294911581716,1.08681751945126,1.72431050349823,1.02487877140653,-0.169433390377402,2.73169614664388,-0.0690392232832009,0.544774507731135,-2.31892374814506,3.27382454541144
0.953493110151178,3.35166168674047,1.95710860876622,2.15220918903091,2.35166306451568,2.53459140709839,2.57592436946125,-0.94142115896984,-2.7447161586098,1.92474655642318
1.18901590805705,1.00053875954147,1.98105789982721,1.23110099373285,3.63625362684497,0.435871132847997,1.42410688009509,-0.284483912451221,0.0609982822391938,0.985334603478658
1.54376919133008,0.835757414921588,-0.8411925168099,4.19077011459206,-0.479290744102449,1.35873253816044,2.82376434495037,3.02714179619775,3.09788300990127,1.666586304032
3.54174958350721,-0.983712209913884,2.6130246468123,2.84716388130002,2.52586050006868,0.144338946306125,0.432238358631681,0.439077534890302,3.67539516888395,0.493418852840741
0.664443775360239,3.93768184283135,0.988831641081867,-1.25927201476266,0.442113112076034,0.0178801913850951,-0.380448580272528,0.785065350209272,3.62661892770587,0.86813056423457
3.81775835791299,1.00260776114732,3.14569669300492,-1.62524083090259,0.411545287956839,2.75258355263077,-1.51489795967617,0.38498651145768,-3.04888503444053,2.11967955215203
0.430774320950543,-0.163462468888944,1.01572288282738,1.80051007983657,-2.1809989755283,2.70728787913391,-1.96529511229152,3.38452961703736,-1.57151770156219,1.81180594641493
-0.865146539944061,0.179675171115132,0.505060235293798,1.78810719327596,0.720436557517295,1.92200683472848,1.05510851874254,1.55319407173089,-2.96003840332325,1.61638685898112
1.37326073744047,3.64104794194439,3.66025883213155,5.5059348199464,4.85931403105505,2.99949873925762,4.00975327501396,1.40467088052343,5.55475727195918,2.29839189121286
1.74442927090047,0.571636849469499,2.10529263760692,1.80130414500211,-0.0267937554305733,1.22918730867642,-3.5326086834987,1.90291635969681,-1.04823486371688,3.32562610829188
4.85250570432897,4.09075736960407,3.36710214050185,4.23324464642185,3.81947668229772,0.319570872157712,5.20699978992257,3.49827063837697,0.750557596313583,2.2943590421343
0.124536120232298,2.73107868023331,3.58647269565632,2.25700428535006,3.93497965627698,-0.994574889689266,1.59189782429014,0.722741509118916,3.46952242666147,5.27394679923565
-0.365325620751623,0.606988907018641,-1.850788638851,-0.803864006860538,-0.355856577743537,2.16272815659045,-1.0178347372646,-0.337186040930862,-0.606688128515067,-2.07193125531394
2.40989240890825,2.95503427491174,2.8964228212325,3.61160194314394,2.32816786728899,-0.217342611720602,0.45779282385574,4.09331019450703,4.72811374878418,-0.488148003669053
1.12918060809981,2.82821002169513,1.43168198893343,-0.497655094572653,0.99067632651066,4.06216319334712,2.33640586910057,0.905553788315212,-0.178153215964076,-0.406327850515084
0.296650804023813,4.14513694856995,3.0945091330944,1.18050314741451,2.66611847120986,2.58077419246246,-2.55089532799637,0.152428675505984,1.69396736341144,-0.084532876415004
2.86546425369686,2.89812870849489,3.30736792419265,0.894702728751012,0.241644694066423,1.60147444213753,2.34380900286514,0.714632368080691,0.506527859698175,2.12599616979848
5.15529953002018,5.41955496317226,3.2322915159125,4.47940541666002,1.47579694456398,3.89215229040278,4.93229330907177,4.81730878365904,1.32309507641449,1.23169250728344
1.87423067731408,1.63522321150434,2.10602981706919,2.28936592297742,3.03926925539756,-2.07736839630227,3.95297534498654,3.05425925025727,1.80172011213323,3.48350965947255
0.93199964422551,-0.310583438066109,-1.85493504673813,2.08205649432876,3.8024374755757,1.76295326409937,-1.34711240738805,3.29538324098078,0.673291817159387,-0.307568060879536
0.855233051755497,2.73295469452516,2.98297269072102,0.810851921267444,-0.177291528770606,1.39309470737326,0.515408453017855,2.29138147139806,2.48709815988792,1.73264451891281
1.28642017860449,5.86526607577088,-0.055227511064692,0.411756129981491,-0.201965862645822,-0.746130660437846,1.75616621269922,0.0774676797490894,3.90599877207484,0.313125449668604
-0.861375288917881,-0.282067629020631,2.66634167389285,-1.90435226873992,6.20211750898899,-0.217536573830738,0.770814127745015,-0.62517950129921,1.10810233377517,-3.0165787835848
0.362711227630266,-0.180533054179973,-1.39362621046004,1.253994776785,-0.577659799553128,-0.0872448104705206,4.06661635445473,-2.10891877686933,-1.15329263068206,1.10972538427223
3.07260325790828,3.65153533108802,1.0338143974787,4.71186049455298,0.925839481198033,0.954396647237924,1.06196408027677,1.80575704870953,2.47426725590404,2.55681226806319
3.38806182990484,2.62304187201982,2.17306915917118,1.38054006723674,2.54696126536491,3.25468009769796,0.478469415322317,-0.492407551966862,2.78963625935391,3.10295970508179
-0.115783399189944,2.10990595799596,-1.70467665467911,-3.00260092219742,-1.31384967589166,2.42472216403658,0.993507503197617,0.163989644544831,2.62746505986852,-0.243823229453663
0.855389408178979,-1.39618294965956,-0.839197292537867,3.15736929090938,3.80136284465725,2.3988574597698,0.103117607928767,1.40053826462567,-0.189549706976208,2.0670827178079
0.944656614558013,1.73166382026944,1.63889100854727,2.77274965655508,2.07620566522528,1.83144059949794,1.97265561153203,0.733272477447202,0.528555475795192,1.58984506501782
2.18811813649245,-2.11238584961758,0.158048131830559,0.56618957466866,-0.828007054609643,3.13123084113812,2.80850684512075,3.24441297564111,2.45354574677166,-0.264886033356653
2.27102056545391,1.22069154794587,0.572970632540422,-1.81638218383325,0.0941235016853924,0.564559157865214,0.51860511326921,-0.173480612485241,-0.22608143977018,1.78637862189403
4.16873377610057,5.59511323147186,-0.204369622286491,2.14971178672177,1.28128438990524,2.72177415906927,-1.87896075782829,1.5837563232152,4.39217150510736,1.81275618725744
2.41438867969684,0.390258678528107,1.42821734693055,1.30570675075441,-0.230518185579603,4.77814450366982,3.16343659304154,0.366854553507324,3.36671874699409,-1.35758799397984
0.00432807574062238,0.81786752508743,2.9561175933176,3.17999220083935,2.81235051172767,-1.67399793920003,0.220541014857589,2.86008224282277,-2.6530467116792,5.03975267558655
2.26154254423063,1.51856949899279,1.43276349370897,1.1911754914619,-0.73864522432871,1.96488181608508,0.418539323053679,2.3180616110672,-0.677120657023338,2.39722148876649
0.113878331014189,-0.504500005877849,2.75209180422613,0.455616302723886,2.64737137518299,3.44153963594953,-0.317152614781873,0.946807863570075,1.75340659740856,2.19280556871697
2.23275632101947,0.476635131286349,0.89668084664753,0.860933924178249,2.98403966832426,-3.91321453708469,3.09547149930213,3.61435313634897,1.79433078301764,2.87434595325594
0.170166813297953,2.87976200292745,1.81063894933574,1.74420014204062,5.31155635951299,-2.2549365230398,2.43186036099176,0.0732696501513911,0.920289388961394,2.83304742010002
1.90618594798116,0.510178130137549,0.296865186686676,0.168809161956369,3.84098444162753,2.96151639043666,2.58194763846954,1.22023428174213,7.60074280399403,1.40956025091936
2.91802846060452,1.63718123481773,-0.533315892100936,2.99630438635735,2.37992529828641,2.09644328583119,1.42589164162614,4.88989955387381,3.51576693785329,3.49190502141713
-1.18947687658603,-2.71105842559074,-0.028763679864786,-1.11776553186904,-0.899693408743564,-4.37284984096942,2.29925385437223,0.0557200385643298,-5.30489783996191,1.67929160740724
1.35824445880847,-2.12841377909897,-0.884959014275935,0.625628727477725,1.59972696203535,-2.60228201614729,4.64143008408939,5.1366781369567,2.4552578425972,3.237910969509
1.6752990479772,2.71477459677403,2.26469079288256,-0.409768599961882,0.111325553684381,0.66503289223569,1.4832567926363,1.95723500514968,0.375476293125557,2.27334807846767
2.02482982621642,-0.98180654541725,4.91963666542006,2.84573441970584,2.16957375593566,1.16819119530153,3.55271114816534,4.86250381515176,-0.570146447909383,2.68068294524481
3.05822114039339,0.680834418916952,2.23221992529266,0.624362814130766,2.39597409115267,2.139236266111,-3.16120494656502,1.5857097951973,2.14224667806076,1.08048035049194
-0.618110212203896,0.318848349027138,-0.264408457178862,-2.10163159618725,3.1043800784646,4.11035905473477,3.6799090288278,3.07716825569734,2.05422099216274,0.633579765048842
3.44152017764847,1.07043851551103,1.47031326149254,1.47150914420431,0.439197770935673,2.64318182960133,2.7723040379433,-0.180765458509917,0.76830626972204,4.28410972198161
2.84545065040489,4.06746245827481,1.56488896082195,3.59090056980474,2.72925396143753,-1.56045357313883,2.55960059761408,3.856998345561,2.11248833774624,2.72902159789606
0.627044206925381,-0.736031207100849,-0.862278534944389,0.399735134248114,1.35171438461013,-0.495209688189827,-1.05585416107927,0.474916120858491,-1.58636061612798,0.288449858258698
1.18303080321302,3.23860345869446,0.333420659046811,0.693180795225786,-0.883268000341933,1.70352664100265,0.271392956605921,2.04807522770287,3.41127241902687,0.18681776608317
2.04434680995212,0.156642030285078,3.84269299105355,0.896511967567453,1.8486279328297,6.67802589589379,1.82395837606552,-0.165390332217381,1.21553631148954,1.62701245846669
-0.474602167873548,-1.43656338834701,2.04837575156146,0.47110753708117,2.45670698258455,2.56025215558357,3.9614538935113,0.368948285629554,2.59038984143696,4.16185654414982
5.62873956362817,1.3324009911099,0.0336619902797402,3.91219619889098,0.66261502737937,3.63239907892194,0.343638822307298,0.000976959440726066,2.08477905759519,0.428138523653888
3.19811649306236,4.01537930084038,-1.4414326590368,-1.20028522518201,2.3029503319463,3.00730839260177,3.02408176720638,-0.428933373410791,2.50196674927089,0.894886697690149
1.87173940014545,2.86047582750925,3.54773173237207,3.20314981436075,-0.0108935347357271,4.33884283517663,2.18423016857797,2.56777979849621,1.01822522915264,3.74530665985567
-0.351446049181833,-0.505478192633515,2.20125185594068,-0.31915021765287,-1.82135697059444,-3.47058894532598,1.59847394124001,2.11964330106853,1.47890182070982,-1.39343965029776
-0.486529847257552,3.40747252552697,1.82928170246506,3.55087457293354,1.2469101247663,2.69585715003479,2.67029695129619,2.0067305398342,1.68820107122268,0.271989855655493
3.82676081801055,-1.12889313682511,3.72159949301482,3.6937270528267,3.62681386367036,4.69326609988563,-0.177258799779252,3.78085050935916,0.129047530763616,2.24514096357892
1.76505814605815,2.80705320210664,2.95764199904937,3.23586176025129,-2.3843499556852,1.61467924248909,5.02212314325978,0.706218618069812,-0.65757135276682,3.33733284745371
-0.0940388187501764,0.388142002720746,4.8297763400057,-0.0894178408730233,-0.0652050566154796,-0.970220165589449,4.75430252372611,5.33599389686431,2.29428463564794,1.73044840558375
1.51260335074922,2.06772287573587,-1.43540148674126,0.707261091279512,-0.369727143920509,-1.21967074717021,1.09666773571417,1.45459763144616,2.49182034635089,-0.859805477081813
3.08843593468183,1.48033929211409,5.71083339577517,1.31012791077352,6.73554943134584,2.09739349096986,2.72093019524553,1.70843717585299,1.83111035555329,3.4059466405672
2.15508616466878,1.3332156196271,1.93202524265567,-0.627350836366602,2.51885623967996,2.17062172696071,2.80261374777874,-0.23485972309103,2.28900242839834,3.02772482368025
1.31159586730021,-0.349611065051761,4.1260181023625,1.37476187050125,-0.408988362689374,1.30624303530045,2.44333730243601,2.41679515818219,-0.416735315233589,2.91354627773192
2.55821756477711,3.88605534169866,1.62341833459867,4.80438628563388,-0.344917680590658,1.29077458614309,2.84319420982134,1.0681152732784,0.484965125303827,1.66445613231387
4.09862791647767,1.35284148344641,-0.482309872261535,1.81972010323012,-1.7631491955421,0.979554094452274,1.91043815438122,1.45990676834379,0.544929488331993,2.66156425541899
-1.59596117116758,-0.915416776084676,-0.501260148827602,-2.44471837554826,4.92967897180102,0.924596571772785,1.15267213816996,2.25294916071552,4.12106793200677,3.20723466450968
5.43136494189422,4.36100014045472,3.18503930395158,5.03789222669226,4.52575736835402,3.78898199799944,2.19169419910413,0.751863342561767,5.37871997209173,1.32438717707953
2.38102824922073,4.90470796387829,5.0055197811056,2.57872505399346,-0.292737475683344,2.69458551178077,2.86144769564821,3.0817505712183,3.07247478600232,1.82333158261626
-0.96692274602073,0.985979454847161,0.890280861913266,-0.348261461430227,1.62616542768462,0.83466428497205,1.37915237923987,1.41295980120805,0.969647328179213,1.09124682927552
-0.374709841665006,0.230668245522371,-1.12675737798619,0.645475452384475,2.58434075008315,3.54874601800788,2.99459089045844,0.287816010750778,-2.96401847570006,4.04108112016121
0.314187091564918,0.401114971415867,1.10868638063138,1.50648193858836,0.904954640616552,1.80487893244724,-1.01207660091566,2.6845513541727,3.34442438290549,3.12671539277234
1.9565210670192,1.25741417377751,1.04976643004814,3.27144566948075,2.78647162958069,3.75244054030587,1.51218712414127,2.06119137685236,2.11735200928197,1.47027557252687
-0.0281115439533033,0.675508586720927,2.82556204534166,0.669858929245137,2.70454038135411,3.68155681462278,1.92568753082519,3.0875501652161,4.88933774913953,3.32715583763189
-2.35071870054114,-1.05341372751914,0.493141803249068,-0.197989639660101,-0.995842074926121,1.81108608612265,-0.0745352631274548,0.384761898941199,1.35286136712656,-1.44186204217391
0.0786498099525127,0.601064027788809,0.695455699937286,2.35317896409854,1.90828987409427,0.398541661718271,0.232248539835863,0.583739551320357,1.43723736033987,-0.0343565834494768
-0.315870431492044,1.29482085067171,0.719952593716678,1.80620727434501,-3.76547558751028,2.78105286363436,2.40955686045246,-1.55189270207939,-1.82962753095403,0.110449972003211
0.556440930442655,1.17070528854792,2.84086806850552,3.01117027206202,3.00145047128442,2.53158972702958,2.07031012718079,2.03679047033365,3.31151794755951,1.55229208165942
5.77910314062884,5.09981615709544,2.93489837771768,4.38362373979182,1.6005072652372,2.66357162147023,1.14278016832368,3.1498735298933,2.8245963098779,4.50235064386941
2.29705979196754,1.12581248536717,1.55167103291745,-0.430461955099448,3.95634901557752,4.6865641352417,5.43020749171209,1.66659241278886,2.10108493243316,2.84675322547279
0.0319647144362003,0.750913232173521,3.51269878274544,-1.1978782460021,-0.166844165572996,-0.742373385979658,-2.57465477865441,1.03688816168042,0.738155487895856,3.76852870668215
0.195698184869327,-0.0892202612952191,0.17119770037639,-1.20173935608875,5.11349377198768,1.31040599065281,0.810614711610773,1.27304915175268,3.55401870115339,-1.03272563292447
3.15128932338671,1.98804043209969,0.0203120228083142,4.43017896362735,3.06995384243911,1.24793331553807,2.62185313019649,2.57982991427831,0.640955593917129,2.77591043130013
-1.34156308754882,-1.03494667370084,-0.700629419941301,-0.671141389850207,1.12631570157945,2.45447318653239,-1.00496249150378,1.71701730673641,-1.90174239608227,-2.40605735310232
3.97416606577366,-1.90496721868515,2.14288003542014,2.31025206659358,-1.0990388470753,3.32535711326921,5.22888721805965,0.11289867474891,-0.176913807019005,1.76698056257589
-1.84807475974896,0.456079652114169,-1.92847107470141,-2.01946215777043,-0.273306612101316,-0.675082027808827,1.0211023009847,-0.523717894220651,1.66906111863956,-2.49114016361227
0.280023590149357,4.55229474954472,0.563918915383386,-0.428153998705714,-1.60886960922832,1.74554215880738,-0.515118288474875,-0.0597626033158105,0.0930042763053644,0.0303354767399455
0.292512145117555,-1.54579445758876,0.207030897398735,-2.14341191270131,0.934833272489165,0.804961419367313,0.181682947848898,0.341003524329084,-0.824585696072872,1.4077516688209
-0.839696186274292,0.863308732807709,0.626097944644906,1.09363671387362,-0.0453798251835211,-0.407708233228695,2.26526478503816,1.94036649426586,4.61040351760938,1.60197947234456
0.451358760896842,-1.29628389357334,4.34633271976148,-1.3659363859432,2.07394128272552,-2.12579269459856,-2.43273288079912,3.30654717794976,1.67280640920895,0.639435894116186
1.99582685654996,-0.178367303391199,0.78809173282199,0.368027511359856,-0.608371664606997,0.695472236893558,0.95656380665086,2.13028662232809,-1.67269657376005,1.05754552989287
-1.44571262553682,4.23709538819048,-0.413119058571437,1.59913150093021,2.42554298789616,2.14585226478061,2.76366691928531,2.81884794847618,0.845486216191454,2.55432340394526
1.28538081430823,3.1772074311376,2.21404361073027,0.924346331866754,3.11874387669335,0.51970483445687,4.23955561623926,-1.0181200661962,4.16051407683877,1.85662303866784
0.0941043781067105,2.12684047270472,-0.0836813756620451,-0.892281235234667,0.915250936180627,0.633144497251907,-0.611772816615148,3.45343776967673,-0.0278786937962312,1.24069804960617
0.269017812355758,-0.760262723565334,-0.522612517908834,1.01824838005441,2.95274977639836,-1.58213809150557,2.26825858516824,0.760536734945619,-0.280715408965741,0.481119595446432
3.19007387319641,3.30390805331584,0.155674611999557,1.3385090250263,2.80562130179365,2.28185567369738,5.61836172679279,0.951171908172534,4.13887014462141,5.28993657353988
1.56160904852708,1.86770580085579,2.27639962111004,-1.25633665479601,1.9400222024987,2.76041867585368,2.51863110421058,2.75071353780033,2.44549941427149,2.59742330855749
2.85565365720367,-2.19005959507876,-0.169705362505453,1.11740428753798,2.0685524544597,0.72303109963295,2.99923814762127,2.63405910842973,1.2203424815015,-2.35314591581432
5.76215590621703,2.7549399739277,2.58794546002398,-0.0109277295325847,3.14589801539024,2.56490194541193,1.73354335154461,3.00178154272276,5.41221429702145,4.03949994993607
-1.22947339767469,0.126639951491798,0.212526240387829,-0.726009336137169,0.533351396282557,-1.00433408164412,0.324665404813781,0.593359612978959,1.18121704973638,2.5421694648997
4.62244022972298,2.86764134489381,0.165488422617533,5.16682488318682,-0.351332388599244,6.71256487411585,5.1495747165711,2.578223058202,4.98602601863343,5.38733771576395
3.03043017275511,1.60737292738983,-1.20162837417562,1.9336591967794,3.18458489556635,1.7951176440639,2.65796886963002,4.33564609498428,5.53419386227056,1.42675047813274
4.24741414878987,0.62047980579824,2.50280691469472,0.0139523220976392,3.0859810719454,3.46163317876749,2.06214093663667,1.68747810345294,4.1197498084901,2.12989537905056
-0.905752936123905,-1.61921511971277,3.72737799490617,1.90804530161455,2.06959218650798,6.26201044803085,2.00883425469198,0.929474187596088,2.91622966739864,5.28195367521106
2.03360044754017,-0.387330590940654,1.58911197331577,2.82944433523863,-0.874455045269591,2.7360702362034,0.596060517933444,-1.74267066752707,-1.21250693373953,-1.04355369738347
0.0825018270270869,1.2251592898371,-1.24672199377442,1.15006535875567,0.392675894499115,-1.41330733178795,2.08930073629385,-1.08965801381887,0.241745848970806,2.72723349900172
2.10740655533946,5.22037658811273,4.6633192019202,1.95854867361347,2.60431431336425,6.46259779597312,2.39949263481817,2.60960608382087,4.7659086372165,2.37607212994111
0.409749366026536,2.92696813915924,7.12931494191346,1.18717088713881,2.10489765289912,0.740639210024114,0.966651767048096,-0.345581143481874,0.158002810562539,0.754802226068379
3.41144146585116,0.276880623099131,1.13180049631853,1.34901518199759,2.48086780530119,4.23132227438159,3.26266520317624,3.21279464134107,0.728374467282633,1.35943930843114
-2.19666041854751,-0.865731311445073,-0.929923983826774,-1.11461989144965,3.72356793857534,1.30464725315083,-0.394355379757742,-0.978097574763205,-0.669121035476884,1.30983032707646
3.818265273346,2.82385016233476,2.69840662842257,2.58028963507238,-0.330608751482279,0.59752379358872,4.95334744464299,3.0376321317072,-0.518432752217976,2.60047495772313
0.850544640099277,4.75676605808363,3.26963296476191,2.12731139908386,-0.306372177107356,1.0286730120235,1.88542020072071,0.625394738603636,4.92580917740355,2.67023440076451
-1.31701539227876,2.66617793303243,0.980541106594636,4.52127972072252,-0.215166860766361,1.60340497820031,1.70939400443842,0.522839596474546,0.347189841480953,-3.54240169065876
-1.25854161971291,1.09782389009892,1.50848072257998,-1.54599540088931,2.67861702652049,2.7049601284392,0.712135308695509,3.99277351295591,-1.05465391358991,3.83574774476273
-1.52637015559922,1.7156358848268,-0.762065489849047,-0.535398490107887,-1.55490045098549,-1.17199446853571,-0.7609317514096,-1.22254763251324,1.55161216450302,-0.0125587170214657
1.87322196119701,2.32232513197185,-3.401305545697,0.649919812080813,5.05409269199725,2.21232020570834,2.65458155396441,2.6147614038707,0.942687572020797,2.93673983855107
4.02504927503256,1.70564022526687,2.59694269635155,3.98805431161329,3.42438885160771,3.46239250524375,3.04354831321464,-0.719514507983669,2.62923725546069,1.62761214663477
-0.152623107347857,3.40834651829625,0.575847112927548,-0.0582280404925737,0.487491232488138,3.72597351249621,1.63121872236146,2.76021562049896,-3.00840432025897,1.68598748391924
1.9865393637167,-0.956135996882576,4.40771108316885,2.75659070467547,1.86276996873156,2.3234090783456,1.48601588403058,0.973326629420249,2.31224536821862,0.982515915182169
3.46791508457118,1.22646488525608,2.90468015740532,3.3067830097174,-0.440203824070134,-0.27577556262077,2.50544911167439,2.45166103802915,2.48758817229237,3.99299354589627
4.31633998067528,0.68177655616852,3.66290947342154,0.445499006474126,-0.00919726409740829,0.783914853204093,-0.16712845045622,-0.779352369121132,0.203237530733315,1.22920667434564
3.45578400495901,3.0300589019005,3.1606219878322,2.11273263354017,0.214217746103768,3.01896883512626,2.24438902946185,2.50891909075461,4.11850890745671,1.66171834429888
-2.10593584722572,0.527758473860585,0.0182435203846156,1.24417574509331,0.750214005312179,1.22941696226978,2.51740061791738,0.938807298295109,4.36277407664201,1.56865001152636
4.62304838196917,3.0985586499941,4.01878445172285,1.19937725145685,2.26966878610038,2.46586115637268,0.917481378358903,2.72172552884535,3.0729783896555,-2.67352567071089
3.84136242057306,3.43338950132397,4.51487715691867,0.390759469156444,3.15840777205775,3.86208118818822,2.04011811642722,-0.669415408048087,1.29168357592808,3.68952128717632
-0.112815438386795,3.06633163903011,1.92013174479323,1.08936777239208,-0.287575505283545,2.15512568048975,0.628050766106233,0.804154369184408,3.09626701763744,-2.18563026334826
-0.642611334097141,0.578400798604022,-1.95021052912544,-1.03411069615332,1.70377746739046,2.1653115946621,1.75031092948012,-0.743992852567112,0.0883020200180765,0.12334260623479
2.12270904380057,3.24491842760265,0.12511745523967,-0.897574508934717,1.71609273989665,2.43512434453065,0.348616032314153,4.24108806537505,-1.02750819129359,3.27896033054459
3.21900677200294,0.63758083214448,1.69675245656891,2.3311997500059,1.99787613993678,1.29085697610426,0.593314611818186,-0.342543201734384,0.717858895762844,3.16206387072714
1.73774694318825,1.96368548296233,1.17115582631978,2.52364642055935,2.14852293078305,2.95468543402135,4.34005884138516,0.312314272945659,0.546807732144943,3.69646214553796
5.01058970186656,6.01812414398753,3.60306886704423,-0.574554241582962,-0.824486044882665,1.47215548312433,1.6847100687621,2.11655230914665,0.909797472227806,2.9926963854215
0.708876582415765,2.28375101191001,1.24396163638909,-0.507245514491091,2.04978770572686,5.1970980744241,3.26244400521713,1.14350322090952,-0.0918564189271611,3.3848518240973
3.05308801189449,4.51218001045492,4.36294325056739,6.17091659761418,4.25867294597812,-0.851793887707355,1.12704888638667,6.43132250694095,5.91411905680294,2.39282815367146
3.65212754036058,2.66374782342315,3.00967751191352,0.297106122189372,2.69474662507827,1.59725773325409,5.83888541878667,1.44623358232437,7.06698282120167,-1.45220674999184
1.87189138752915,-0.907590430841889,-1.35962528783944,0.409540680382111,0.369995728376183,-1.64246306083588,1.87516148955869,1.20028317662841,-0.145143816648037,3.38713008242044
3.77943361790761,-2.11725493254877,0.222118433165024,-0.320271344447221,-0.862389578236768,-1.84973734455548,0.0498128150374757,0.174146940963001,-0.191706427729523,-1.17962937793685
2.89875936475795,3.69043821644121,4.12885430841926,1.16865415391425,-1.04518333155741,0.743627410463089,1.92491467474499,0.139678180225493,0.922051054126442,2.93206051734273
3.32610217086919,-3.12283804172392,2.27634449663178,2.10382000686204,2.24452850928727,1.10944421593888,1.80779704780143,0.610108097904042,1.58229411896121,3.56567432069511
2.05597021790048,3.29897011015247,2.22175439874525,-0.683532035155284,-0.29812918751284,-1.77686868208024,1.56593097711375,-0.846632609657806,1.02988753372326,-1.25439926301865
-0.909458419708249,0.675960220667759,2.52960827182637,1.16016507394062,-1.34546951580678,-1.97611363961137,-3.03873730913135,-4.93995020108488,0.213499960798874,-1.55445804878999
1.53985682507595,1.50803743495534,0.441651173549637,0.691559771167276,0.415112126368923,0.657392480449975,2.74338783944172,1.79677231240043,1.10196141795364,1.43960941076748
0.38901960568497,-0.707914601838723,3.76277659758476,0.470114076952564,1.0941092833166,2.01928398048801,2.76641862029559,1.30111638573638,-0.344158012210546,2.23325001094834
2.61008950775765,2.43289443781414,1.54445937533696,4.22636042289719,5.21370269497194,3.45483307795649,4.24686065818398,3.44721493959229,2.27039478306102,3.64919125888338
0.221502928164922,-1.2332634332032,1.03111455683015,-1.29248351760925,-0.639785228056816,-0.693191000425317,0.765667434007824,1.36448308408765,0.2193299399418,-0.909276819549863
-0.030375442788614,2.85865659902697,2.30234066174837,2.72496576680179,-0.265063722434397,1.3855379699257,1.20182551864031,1.54791025869482,1.90163401553902,0.767055972340436
-1.59320967401827,2.57648737232564,0.0300426412388606,0.793550539203468,0.296245297132761,-0.402119996996846,-2.24199576708573,-0.727742299346412,-1.65002966419598,2.94679084684199
-0.156000911859907,3.40529531446338,3.25116537766798,7.06524665078571,1.4352007400013,1.58118579183504,3.0982538860995,2.02343128000369,-0.405444671683827,4.92774416089614
-2.45573860208526,1.57573089689136,2.44464129324322,0.923674987639176,3.10637346600064,-0.131509019087515,0.756397164962045,3.28649927906613,1.56022579709572,1.79946801984893
1.93302948989141,4.03269863712258,1.53012135468041,3.97096534971034,2.839722637545,2.85672747518121,1.86973304643707,1.45511232314836,5.4247814423112,0.954104311584911
1.77650879346099,3.784782145328,2.34766646852909,-0.416047736910164,-0.027759061112383,3.13727941161306,-0.566027826509121,-0.776839692216015,1.60476240116151,-0.134022959287103
-0.516295006752429,3.36739587249112,2.22809767161729,3.71911304723626,1.87665234342665,4.31813735469333,-0.876876038370242,1.50924998886311,1.82574039887254,0.810984194253423
1.65965079108616,1.04672780825064,2.67808618845378,0.128298569882619,-0.95884876782805,1.20312967606387,-0.143554376375471,-1.50668412791301,-2.32341483758548,1.48930327248821
2.42217347893635,-2.02109209719241,1.96219678361513,1.8756786069463,2.34354204925287,-1.18248604483532,1.72252433034315,4.39946784641792,0.888409283732702,-2.18043104855906
0.805794738498676,-0.0678894661482343,2.11924807403773,1.03198940169195,1.36652751881781,2.64690802947043,5.76623259053405,-1.13974625020468,1.89201907897422,0.725418276945496
4.65535501952379,1.26337113774069,2.63009512137496,0.867586208708716,1.22295061390014,2.24291134737349,0.974103247911334,-1.32867032723714,-0.182947456514958,1.75033240102303
0.113071600071076,0.441057146566102,2.43920340642655,1.11001015482592,2.1507028375703,-0.319277290145183,1.68005995453226,4.1245084947438,2.31425542938019,2.05424498212956
0.618634482538303,0.134727111661094,-1.94898041859684,1.51343238766677,-2.94768570018342,1.86756392173832,-0.22341530117154,-0.943726345362575,-0.573039955911021,-1.58329235445318
-0.36907428185492,2.06451744891052,2.16555543604678,3.5733931005763,0.0842023592529173,2.56173304739201,-2.54119064646961,3.61499242043564,-1.21086057152886,1.62101996398182
1.91372752663586,0.134535721267867,0.924763299572024,1.74655327397048,-0.513707544611546,2.53407368842799,-2.58930994749628,-2.51444815681464,-0.263082113357048,2.96393783280782
1.26560295276597,2.71118498462345,0.526298571742591,3.05606672138564,4.66938968478282,2.43859371520857,1.39905338509583,0.274196188958953,1.05632814892613,5.13006378429428
1.78225599446806,0.71673715814725,-2.74848039334178,-1.06661898861624,0.930353309586452,0.904198870106829,1.78550668546111,0.198879646894213,2.17654950587379,-1.39793121845226
-0.27547527735638,2.98731368812843,2.91787504836867,1.13997863436091,4.79690262153214,3.48754864565977,2.05801545442429,3.21187565263252,3.06655106437398,-2.6034247788295
4.32861774472128,4.12337172193681,0.513288369795915,-0.00964287223174409,2.32931512611948,3.14755461328285,4.62011509498862,3.3042653819846,3.74783528188229,4.48499732630998
1.94629436163803,1.0067500211822,-0.0120384475261548,-2.05744226222488,3.2876387108812,3.90373471944418,2.02212929236435,1.83659137525435,3.30899007342349,0.755174781098188
2.57946167373015,2.94907550354764,-0.610800238828229,4.15812354559688,0.472580086867895,2.29682833313579,2.39711803155749,4.44182463157423,5.49862849825526,2.37623388091638
2.41874402365226,0.478640869090969,3.36184624893112,4.01069023201157,5.99265724241223,2.18048228719596,0.716528976652568,-1.65390924829143,-0.0608469408223438,2.1443313230708
0.397331788204461,0.637846468142514,0.923242761058361,2.38085109824773,-0.989736690967777,1.01174408922293,3.87925126381227,0.389933520313015,1.82879732247912,-3.97153355458798
2.41643656388168,-0.2988339943067,0.393068001356095,2.44079147230962,3.08886214069573,0.503285129226482,5.46820373170715,-1.49656257648957,1.1911723129468,-1.760776583606
1.68109804002733,1.45615694013993,3.17036683664883,2.81935869410306,1.7538133027563,2.02067963510148,-2.2146033871527,1.38478973982622,3.54896711767222,2.25620869231978
-2.03971915564782,-0.195542952246204,1.6973159761992,4.80028582953857,-3.54869415419474,0.647855675154147,1.67797657614334,-0.149651577727975,4.12983770391453,1.99358382079404
2.69141319398189,1.33686773054411,4.18246072797447,-0.640163660863059,3.50563376834947,0.779487371799826,3.760583816156,1.95887511506557,1.65520322861389,3.22115002300204
0.818558566878185,5.8701846920409,2.5403780352903,0.517485226877475,4.29627450493468,3.32162116071878,1.4860337404158,3.73178649843071,1.68389752440065,2.20656282461306
4.18604588219886,0.854466030256827,2.73095995683434,0.187802725292015,1.94195969517834,5.24426838980781,1.83056000973952,0.143868272121611,4.62901975562827,2.35533090284737
3.53299622165005,-1.48480025090122,3.79095774037031,1.78478907311377,2.43508659526186,1.4409822085629,0.252583730376777,1.78442471744098,-1.00008401620958,0.994638779388738
0.238051749949475,3.40945685578181,-2.34207568710709,3.01001048987968,1.78759258636268,0.438694387339912,3.64506453440243,1.57544977755989,2.25603047529066,3.55879939514963
-2.17144967232718,-0.211669557935476,-0.0785341791332388,2.24661415646948,1.93481089230548,1.96483518331326,-0.353646135679978,-0.562586914665479,-0.560533734304862,2.96774385302615
2.46199767935676,6.03372716707152,2.72727301398879,3.18970249806477,-0.167753909545657,4.12858488208136,1.83445983318064,6.25598367139749,2.8093681127951,0.160572737900533
1.63938328159117,4.01690265867884,1.15284320340554,5.03377554194287,1.3773098043032,4.1982289984458,8.53393024581106,-0.0809062476821429,2.76954026521582,1.64917174305577
0.923345976405124,-0.3261485746789,2.24026627301162,0.965687224523482,-0.380944824898154,4.03348839566821,1.41849002538118,5.01658442889166,1.89300417485366,2.38008604303577
3.20115565933691,1.86050621151084,2.30200836533056,3.76723408048435,1.35834357348739,0.408059941251896,2.33458502510055,2.2101476669665,0.448806814333413,2.74586163255066
0.732267174831755,-2.23933864204397,-0.94048996302545,0.885516291809495,2.30775976283052,0.288087201000446,0.152712685005135,2.71024077044768,-3.11763858127276,2.16022487457494
2.5832707708403,-0.0524297341212612,3.40963325432116,1.76298428828288,1.44813658182177,1.89075729695673,1.85985752260629,3.84847797400832,-1.64298222068316,2.66552696041842
5.40050887485076,3.81615556460254,0.417566231250359,1.59334027379007,4.44600573171495,2.98718364541319,1.35835957314672,3.86956214549296,3.43613032725844,4.8004527154323
0.724090023013175,1.30044743283771,0.741309674697411,0.667498514028459,0.309425664208575,2.52740669477392,-0.0868466051045347,3.04478987642269,1.15674483316302,2.00200012356929
-1.52305174367933,-0.952610827769253,1.77660923747382,0.622245978088373,0.453607852174637,1.06655365286552,-1.83349358644077,-4.61058174846755,-0.785036367117556,1.08450946080824
-0.488524118695803,1.46384308455821,-1.139343824222,-2.07077348073741,3.13050965108595,-2.61180626920542,0.523512062224285,2.21312179413597,-1.60664030874369,1.43674821413963
1.72959945086014,4.76961417695498,-0.43769847764097,1.1810977088073,2.41564857026618,-0.422429277941688,2.59331476122123,2.05197730396437,2.7924532048001,4.18371198883451
2.10797400451591,3.31657069315513,4.95777729854928,4.32368348374145,1.9603431829664,5.25250159866354,0.168076078955188,1.72902642458233,1.59940865581892,2.2324232139489
-0.350580912120361,0.55577513478642,6.22166896608445,-0.931158578789382,-1.25244722638025,0.541130719367335,-0.498570666741675,1.34639094189767,3.51425997690982,0.00925679898485465
2.80681358314405,-0.177792199128294,2.30482190863182,-0.95847941154687,0.66722510117141,-1.50551602783607,0.458541935446949,0.962197670500416,1.51685849419938,1.53157220329323
2.51316878350217,4.4552034075548,1.64404712392744,1.86569261788785,1.48828304430483,0.698686863863589,4.8739080552448,1.84756897050054,0.480502597847444,1.43665492864718
3.47900983123243,4.18546703327906,0.527340258686475,3.04530832567238,1.32234093504948,1.63983594926568,-0.962055886937988,2.06149529767617,3.90088410152493,2.15176520298364
-0.923081667808204,4.02086006578885,2.54736688584898,0.842981310955134,-2.30565580142791,0.800918780763569,-2.74625883544624,-1.39544910823885,2.72550576939861,0.587076687774082
2.40369083907695,1.55091317562369,-0.337381223591655,2.88022211642294,4.26472392811695,2.73915384022167,3.64519100674205,5.31359498840247,1.95305682731369,4.08038496805652
4.0367777395136,6.24393731154574,-0.663506039821542,1.11348406221734,-0.670897657396063,-1.60416869220001,-3.93417960219126,3.57147566254708,1.51563195955533,-0.789562574233124
3.3719725273149,3.78529982760587,0.501588926500606,-0.127804359507649,-1.71406301819487,0.0802459069982687,2.19887317522256,0.484702177853936,3.82267197615508,1.0618601638414
2.46087306613872,2.16350557866543,4.63294412753443,0.279454546989681,2.65485046662192,1.37589931897696,3.04897432711033,1.0190948401114,2.39112053337812,3.10219942872806
1.09122560703027,1.48177653334566,1.04432384748827,0.0111272527265232,2.04261062000561,3.88223945784339,2.81157928620827,-0.485331617650182,-0.416148215911464,-2.6524748950766
3.99109508280314,-1.00267762211269,5.10329540408733,1.17945342492821,1.85093325313032,1.52061340912681,-2.50602690326772,0.983245986752588,-0.31929583750376,1.39792972313474
2.0515339550334,2.38056867901239,0.587735948263316,2.07902786411057,1.9388270490961,-0.0497874973154522,1.16942756043246,2.17466985171269,-0.357659090327743,0.192197801134076
1.23597022195741,0.619641007611305,2.39808588981338,1.55991602848867,3.94008760956258,2.05512358274198,0.419774578370567,1.59124513763472,4.70050651354337,-0.767950546428142
2.08166777879204,3.60104720937432,0.258699845255318,2.64808836038777,4.11832105420915,0.972629347369292,4.2835723657446,2.36955529908251,1.77831623000779,-0.687717364294396
-0.0994886302216,2.25318299854995,-0.530094522271009,-2.7209953016891,2.01596592425271,-2.49750506540162,0.734777732182695,2.21496637268693,0.951183813521697,0.584118288201016
0.354024122105864,0.895248198778006,2.08804709850847,1.46933512051314,2.08630926316113,2.73461134722382,0.870786256656173,1.47858209615017,-0.420028611635448,0.609564413268959
-2.40741630411442,-1.54909119249005,-2.88709688150894,0.621208475604249,-1.37491125835493,-1.72231812864899,-1.47255273238041,-1.38503982414993,2.14122172538255,0.920522090208462
0.647794903115829,-0.769139194391485,0.177191360879317,1.67348713525417,-0.940273756797839,4.35080525321681,3.41681411276202,2.89725657705843,2.2913822407513,5.61434624558117
2.76466857423591,1.77049235508585,0.949799400787628,0.178846564086796,2.51477817059157,3.29733947088441,1.38267693008322,3.99621116528008,1.82094731905281,0.522124686898413
-0.331671586876609,-1.33807078239596,-3.28101097397003,-1.02415611811635,0.626516064376453,-0.618320733901833,-1.76572016289756,1.69982083976336,3.58316768929157,-1.68117939226932
3.438909444034,2.63305916863681,1.64232631824707,2.60733634228846,-0.283143079750544,3.83681959453805,-0.398846340573085,-0.223813864135104,-0.935795995428247,-2.90723187544519
1.16388576816054,1.81256581530509,1.6947687007612,2.08747786083108,0.0706423764786807,-0.497601460262183,3.67794367521932,-1.52468313686184,1.3721152879168,2.04698797815201
-0.569017706686786,-1.92968334027541,2.42212852452693,2.02780231224955,0.70904355284665,-0.918430062757949,0.75042076260332,2.12029389345566,5.22406073960447,2.0302274772869
-0.786603971091981,1.39856592265301,1.65786615669265,2.24589718550054,-0.939904357416441,3.12331982575858,2.51773999219259,1.91440042049654,1.23270549191849,-0.430971394354476
-1.92139034929892,3.16208505402729,1.34447686690716,2.20245801216144,2.34402320828942,0.274047177212723,1.13939605766046,3.43616285113237,2.39163266011108,1.94237094860461
2.00949403766502,1.56038485506078,2.63068664068864,3.57189219724031,0.581378304639116,-0.0735602242224389,-1.37861754421934,3.41284406550533,2.12907119109678,-0.706417264868817
2.07891648934049,2.44140471248579,3.11543706473029,4.51312468134112,4.95358193524287,0.226493649671093,3.09593951370603,1.1586347676493,-0.184024341085566,0.783168552702684
3.4497069872179,3.25793706184939,4.38087126127694,0.835224763199642,0.949197818696174,0.360359897221661,5.11509244566668,2.26845132148816,3.36983129750435,2.70730143519678
3.52272745415651,2.19068362249993,2.07167657384128,4.78222562754774,3.18486600311913,2.15425981368153,6.14431506993568,1.2941309174742,2.13819129200784,1.53001098590206
2.55207131769807,1.21931848219699,4.66310313296494,-0.0196943598352535,2.28400200905134,0.675429167354084,0.847887177202255,3.96512243802268,1.73146218015565,3.93545470386356
2.93208151311839,0.152476720848878,3.39815090454017,-1.60369462716777,3.17743176693835,0.173254983088357,2.02688052303669,-0.200847370206563,3.45148611677722,4.14505193153219
1.99117562857923,1.78071126893573,0.0024168128627946,4.87723451270836,1.65662805791043,0.018809358860373,0.596412000563568,2.71033026758392,2.67039146455069,1.97395452729939
-0.817063819014112,0.954772581183867,1.83346455975022,-0.513626588809857,2.47148248454711,1.74699006688878,2.41336987395459,-0.400510646625305,-0.362755510285529,2.09757769476731
1.19840820070021,-3.0880833456711,1.27213451104098,1.0394180114468,-1.9040133363127,0.68312718227789,0.832977459056101,2.57833171687477,1.24017012856874,-0.135564880872287
1.53035822676633,-0.0278858359334688,1.15613853570571,0.753730569267136,2.5807033816195,1.63620230505986,1.95801678477261,3.47202580674492,-2.80171264294029,-1.35878629862302
1.49021146637131,6.29968572693422,5.42863198701301,3.53446493493357,5.39540551450468,-0.580766278893611,4.86957225867022,3.78811147015908,2.24549600823179,7.22463878510011
2.13352137962941,1.83530835953908,1.91697384630364,5.18089071785088,2.97202898326795,1.67376919228513,1.61219047043308,2.01710183541352,2.82707926330691,2.37321615981143
0.0574973779049518,1.60727993358702,3.81075749257903,1.25727287454598,-2.29552189593802,-2.19635104004654,2.24406442866752,-0.493868576839997,1.74370388247617,2.00435733619666
4.77104965724548,0.695030912654808,1.41806769270237,1.06773526676882,6.50359190004698,0.99979520700713,2.55373787872967,2.76365736067706,1.19669841320964,-0.238194189615545
2.71948178185931,5.1144717401868,1.9440334002975,-0.0792245770620754,3.74330869427144,5.28940915710571,3.40610610485641,2.42572670102592,0.895291693824076,3.45199115418759
-0.0383472367711875,1.1452215597882,1.89956852113008,2.59258831920621,2.14233637950105,3.13839832961663,0.605469724287714,2.54554308464346,1.41593125192039,0.56419993868529
3.08479780989367,2.22480242702615,-1.26052604145609,2.44689377815091,1.38503686086785,1.76483577335748,2.24687119380928,-0.314899906905419,0.746172305674861,1.05148179637942
3.12030116238679,2.39666278797093,3.89255614905148,1.79782480261753,0.286089757519442,2.75294800789818,0.0171087910039631,3.07012560312698,2.68947833911893,3.54159260066633
2.36474080402474,-1.94151069097042,0.785623795090115,-0.179440148157416,-0.227331771310971,5.28174518180204,5.72164151449142,0.732196476085179,2.2121235171225,-1.38350576808381
-0.440692997381504,-1.43430881883267,-3.25462693775755,-1.04837401405339,0.099709065682805,-1.254350124285,-2.29770960886988,1.26085485644394,-0.527316306330845,0.197508821409181
-0.332129427130715,0.311139512960293,-0.0151377774550137,-1.12255104200013,2.31510340776691,3.24783154167665,0.7167038162328,3.29048719155495,0.697141466782996,-0.267307641428294
0.144359790785135,3.49707907072541,2.59331969627163,0.904731561702556,1.63210975342475,3.56895684602927,0.883553229845558,1.39136222215799,2.13959332243913,2.7425632626559
1.1746520494868,-2.28255467075969,4.13755579982908,-1.02306783855979,5.45312604294489,0.73089262571454,2.82190913117892,-0.707679716097626,1.63647857163608,-1.86998748889572
-2.77201443726283,0.0679755242001229,1.15459618169017,-0.624748070248397,-0.369023767569884,-3.56109570738691,0.591296142378674,-1.61186504272983,-1.07990301508683,0.835741953062368
1.64614682118505,-0.387925113447259,1.33693992540857,2.192206837597,0.804776432933657,2.31263902248521,-0.165875328846977,-0.400713214358573,3.00575763601751,-2.56932829961014
-1.45680904746042,-1.83912078438347,1.35234026528485,2.12087936492837,1.18726993921749,-1.07439503699494,1.14707348834381,0.0591704218292227,0.410780377203192,2.87683563081107
2.02019010214894,0.17739900054277,2.62737429557043,3.17124761607813,2.31712537214872,4.44118494894902,0.964817723496252,1.4998458255559,2.5983832952903,3.49440980261433
-0.465732829631665,3.2687112920748,-0.578220242427679,2.70233508683583,1.73837817048476,1.98231053857653,-0.980311680774357,-0.56939911733197,-2.02766654165387,1.33101200613524
2.36254883532616,3.93583387009372,4.52034908011647,2.87178930939721,3.84775962323876,5.43790192442112,3.04532742949417,4.02352151471302,1.7377106850626,1.44590312513134
-1.25429242049337,2.33206709884918,-0.955878818826288,-1.33155141869752,1.22540448763554,0.35485453389902,-1.52777461412493,-0.15562004390573,1.95683851914291,0.908190444060739
-0.69139490690712,-0.196529304133167,0.678789228109248,1.24275386244924,1.776383738445,3.70492828755672,1.44383796692426,6.44822409559958,1.63415197417267,-0.208292384524387
4.07737120750365,4.60399839489087,4.61498085112438,6.67228731265028,2.10525232100959,2.89863741320798,5.23685015477012,1.67440976581725,2.09568196852031,1.65132173927701
1.47098537295803,-1.35149887771408,1.62098642097426,2.2459666721352,2.54473840069754,2.8035036051477,4.61648745929781,2.7774683970697,0.119435767566133,0.644929814107856
0.135349991377112,0.113095097789604,-2.34049409638496,1.88101718710948,-2.51708838885024,-0.862203912318209,0.0726694629209426,-0.315054513451247,-0.44858559474114,2.53545238314264
2.54448136133174,1.79840582790778,-0.019913259824619,2.14827039400881,1.70481723047684,4.46636112393636,-0.0773099073683476,1.8714287711467,5.18774674168523,1.44879151174133
2.34051510968786,1.95875420890594,1.12307196716995,-1.05470651004175,0.402686400351162,0.269674027118379,-1.24500868104812,6.6620209817466,0.614408292730657,2.12566918650234
0.385102559808785,0.0448121274433627,2.12885323795906,0.63899606647686,1.78717125288258,-2.60580699881084,-1.62276584395307,3.07876828862109,-0.0927192831707169,-1.06402388075781
2.16192877928505,0.0868317117443631,-0.0395133391399312,0.761534362767927,6.35040121589935,0.0335503283848382,3.30617522374312,4.03053922654584,2.41865554890883,2.1312099272665
3.50363421247228,6.80024102429071,3.67911797121865,2.39677243854023,1.03709053890037,-4.36613365083107,1.69702335146295,0.704323363726258,-1.56622272272976,0.810589162475491
1.91657181166984,0.484743626886685,5.67427505230321,1.26855481633345,1.46968522944019,0.14726336605598,1.67504042384883,2.34563373571959,1.1043288849925,2.33554606479579
-0.402212540513176,4.97411359525374,3.74611622708709,0.247055530862061,5.15371276382082,-0.020013025154511,0.225633387690789,2.18772899679973,3.89458069875547,1.05385112011898
3.73514384744628,2.52975873591546,3.35123094365549,3.37656139204586,4.98673708635596,2.54829569738609,3.45683485743492,2.29968117839099,2.07151875073054,3.9198980380503
3.56958477528698,3.05291135053329,1.95064533310984,5.85472796547437,1.35987695662056,4.96615932994839,0.976167096857569,3.08295474350138,-0.00406178373596067,4.42086431772156
2.36736463620564,3.20606420195105,3.13151749450305,1.24796527440634,-0.423756449446612,0.0122143717153989,4.45301870362101,0.842644972764341,0.496862093092859,3.38278860893985
2.49773979411233,0.53143080165502,5.24976404874206,2.71982379605821,3.44859099587748,3.34298001973129,1.9219581404318,-1.18572310491314,2.80765597784678,0.036235569964812
2.31583789623564,1.68264829874717,5.6233904696713,-0.402853276617188,0.875765727994509,1.0409998810005,4.06978075312634,-0.533098384226671,3.37415964084828,-1.90934779954245
-1.86586153403419,1.77879076710796,-4.09502279047696,-0.636889471071358,0.279843401579205,4.23618231590713,-2.25744551408297,1.94356934471948,2.03239704011839,1.05034280174877
3.45760900473666,2.8897418354645,0.657113890902016,-0.800224253800241,2.10734911809182,2.18458147799152,4.23601709599194,2.6934920014783,3.36226612700935,2.54777714138
3.89793585502309,2.2501107969651,5.24465939442249,2.95755007135199,0.176454660241814,6.38394836888366,2.33126019854647,3.23961543976657,3.41242784520121,4.20084705443619
0.965607754862717,4.10940513445012,1.11271672607755,1.24069714253759,0.709812581437291,3.31468509186253,0.50750610362748,-3.89427454750941,2.61490564927975,2.16636600841797
2.75698349276829,0.0970906268680194,2.524555192139,1.60932167632207,4.31833549078092,0.625537934969569,0.896127844339011,4.25436963949228,3.4968693597124,4.06594813740466
1.42850307727954,4.81987550195339,3.69333880372206,1.24738096822055,2.78422081516824,1.73235410797855,2.01088177924411,0.330771966567326,1.95111466992553,2.20216834390384
1.9440906464085,-1.30434999787638,3.8094129604914,1.16621216924965,0.64684695366575,2.25045086513943,2.19281010634596,3.14732958355035,0.251978319296308,1.93185540195058
2.78613234369149,1.81337776337773,1.99859211040691,-0.729465707740975,2.42220158141054,2.77192855880389,0.168928901155497,0.328402648889276,0.605755402148381,0.649949060692346
-2.22168755636208,-0.158091691810964,3.80359093122511,-1.01713762722916,-1.39887136998658,0.511842730699451,-1.13305560965344,-1.00674425614824,1.3794507959181,-0.308139685481035
1.50195991574906,1.26467300234412,0.382405733015856,-0.213496191480027,3.82790875211113,2.67397073220636,2.45404464740599,-1.13582666437028,2.1958849194998,1.74815413249035
2.5787788913808,1.15537363378204,3.01249516113942,3.48588985968464,0.976481366540853,0.0665650954641166,2.53034868190512,3.47088955041558,1.46595168442029,1.76587502396729
0.161254352295012,-0.501113856038765,2.29404510160341,1.02065520071759,1.65331424223874,-0.586258421012148,0.862684553587575,2.02971888154393,2.64783080640634,2.99739271910338
2.8250466759669,3.67670662469033,4.81830967919495,2.70978044010443,3.96685060467365,1.23680004313333,4.51219298025772,3.3512408781405,-2.22738427249785,1.18543241110489
1.61486276683691,1.045639050841,5.29799453640971,-1.95524208060992,-0.761618024723612,3.44659922320362,1.14931098421786,1.43132821005998,-0.580950798370182,0.27960240031775
1.88749682889863,0.461280383795568,1.14773513270621,0.741216234857755,-0.726897301467637,0.359599774546736,2.92802712929219,3.72783652751397,1.98193413395134,0.0292901912941689
0.0423102691805668,1.46028490854158,1.56602100469977,5.3079335337296,0.599578883871922,2.34727283329682,2.49545880350417,-0.540638299853325,1.8690996473624,3.32100285178272
3.6303207131776,1.7315399351519,2.65890842823984,0.960638181625571,2.02563495479729,2.62509040409101,-1.09115561875915,2.34833115384994,3.4041944063009,2.26684147771343
0.347453330384034,1.10068107758187,3.35133362588604,0.608277701572255,0.260354143168899,0.646047669589523,-2.07184478910705,0.103144835241346,2.96324439363442,-2.70962212695844
-1.59496420354146,1.08186943403812,0.959307305399383,3.46025585050062,-0.469116417269954,-0.111421788914525,3.13884450734546,0.582466040134183,4.37935811387042,-0.904467822988058
0.918329039181759,2.04903421791678,1.87710723912375,-0.412983451183996,2.08995102252671,3.30073371883659,4.66557676660379,1.09956366655887,3.58711639682275,3.56852958994942
1.20102974860047,1.33028355445484,2.63771990358518,-1.59025377162774,-0.860348318882194,1.62802379486432,2.49396381649197,-1.22899394713646,1.86113354635838,-1.33522506146478
-0.967685123806843,0.481847887436283,1.31104039656914,4.52346658236499,3.78596485455892,-0.107849911500784,-2.61777326812627,-1.30734488384997,1.66352644605444,-1.00531326837356
4.05584819186036,3.01093890103686,-3.74365750019271,2.04335160305362,2.49640439774813,1.65218849800799,0.894918846005229,-0.131363426137936,1.04596352780883,1.47309199249467
6.23073160661228,3.71089565112514,0.491510036286863,1.0373905483203,3.88492145721216,2.93885659077898,2.27007544577916,0.0862424115163563,-1.01219237820329,2.5622164509077
1.28848306936463,1.29509114273457,1.14339492930425,-0.814396337212473,-0.532277258874174,-0.758604781212957,2.791501481547,2.30457860177165,2.42055707952472,0.204587473753982
1.38241025397551,3.40113752260767,-2.43198118539586,1.65837757055025,0.359014486819932,1.90033224385072,-1.02873480157157,-2.09938872029713,-0.165576119083812,1.43476422937213
3.92638444463829,2.17784630210835,3.28770645436462,5.30395978841866,1.53774251341044,1.67765360382444,2.84474914542091,1.75169755862909,-0.462823311370455,1.40594275168051
2.80075578966089,2.57765500451074,1.37863844088716,4.66882003633953,2.67541914821476,2.65586611827067,2.49339517964307,3.0005308323869,2.64778401999719,-1.98381642504073
2.56742758736637,1.15488335705247,1.16040427749734,0.885195594614883,1.39787827119778,2.29911795482124,5.82287767815393,1.28972904595707,1.80235200326841,4.54830613930633
-0.786042541010111,0.601540344727279,-0.94543071518856,-1.64353913740682,1.99571332543346,1.73841617474162,0.843365614547986,2.77391680682807,2.85722543879428,3.66004458382032
1.60279000845369,0.41384438786033,0.517539456783601,-1.16958496605872,-1.4020202818132,1.29435833965032,-3.28462134710062,0.79948499579032,-0.615746189271983,-2.89317826710227
-0.198754029717205,-1.07538197215606,0.881675408614383,0.879233946681944,-2.47144979401754,-1.99977450005043,-0.0720839232930172,0.924390853850408,1.60086415138007,0.196638912420108
-0.985674159542215,1.71677663137505,1.92844543834348,0.877819025025956,3.64220851396042,3.69813573110414,1.06341693634668,4.35324909702075,3.75680597507687,2.6960320251254
1.07304771868779,-0.965371711260142,0.293740655951395,2.62924702504999,1.28493273315212,-1.3124479551333,2.99198855959624,-1.54256682806484,1.80994895036607,-0.125143867757904
2.02936825599336,0.260558067280789,2.1652415149931,0.110163546854805,2.39274561694852,2.88554054593225,0.350196325323293,2.75939725783211,2.44799627839617,1.52085798601546
1.38970497644647,1.37406439996312,2.05255225177322,1.75402651811003,1.96634938529978,4.59216296832868,2.12020142010925,5.39566411031169,5.78485068908894,1.12357119871269
-0.180738260886776,1.06986643531613,1.7781722030164,2.81301745910066,0.886549606438655,-1.00572224300588,1.10505427515055,1.98405065149931,1.73356239134694,-2.66915510122694
1.57500965739625,0.562800721384104,-0.747844620501398,3.83989208835094,-0.673796889277035,-0.640329628845762,7.75763915181941,-0.22415728490962,2.07488912660069,4.79486018831795
-0.330833379838459,1.26996735957998,5.32699877489269,2.03259741319492,-0.0480498343559441,5.32082771733752,1.11396475446108,3.7615251695488,0.141287720879266,2.25138661664924
4.97412846245603,-0.769190798904637,1.4763355008886,1.61137135462111,2.17549732583938,1.69374177290414,2.79342105832788,2.43654168783828,5.53411718447276,4.37707787609225
-1.82037706448958,-1.0234188080816,-3.75634711230324,1.2153791868243,1.53601346011089,-0.132623029452807,-0.191029551230065,-1.32633016621725,1.67948938991157,-0.784692406514404
-1.10155121361822,1.56064083095126,0.353882475964183,1.65056639774766,1.72057546196331,2.75700797745668,1.22672178616459,3.79289660961288,-0.767975267120306,1.15657156570113
3.87157476731721,3.98167264038417,3.18935063367006,0.016583300442937,3.61593491966566,2.85940851254075,0.481659600517004,3.76985711924245,1.52070289256854,3.05510073333923
-0.937175937007199,0.712821393552551,0.508073251173812,2.41759077560657,2.09153717816485,1.1138918648959,3.00907520973995,3.32221778166117,2.36542684565919,1.27744487489797
1.42849161345887,0.335259000973614,2.7854050134102,-0.40328259282997,3.22947675275574,1.95534763572029,2.41746381185435,0.878442827498709,1.71055091558064,2.02122889073478
-0.218905231609555,-0.0540507883177572,4.68697124264084,2.27040821059986,2.68893960193072,0.199750034511745,0.238106552079021,-0.485971412911175,2.89020011428945,2.50176999606645
3.51765628222564,2.91966133657854,2.59477093269602,1.69407363629718,1.62129837028796,1.66414388157633,1.49446925532295,1.79693743497575,0.0880442598778419,3.56340622920343
1.52315426004879,2.6851159877612,-1.65226619841151,-3.14713503888853,-1.31660614708402,-1.04591528035379,-1.74564799813421,2.40176518885253,-1.76687808041024,0.309407903970879
-0.855165211507544,2.49419628922659,-0.41016680043749,1.13118441267863,-2.55887545153007,-0.380844569488669,1.062096343041,-1.1093270406535,2.53875141452278,-0.166938766318821
1.08536886380695,0.555893738798348,0.725294710851324,2.85732754211172,2.10696581500652,1.47785611783883,3.89898024199862,1.7394696500481,2.61504431711233,0.755287894046807
0.278186485665625,-2.85811537974566,2.0706426215284,0.710644892392438,-1.44079620695636,-0.548511652890738,1.88976932447497,-3.10210888775658,1.18290438444687,2.23051380002169
-0.551281888124786,2.58062306115038,1.98610482625055,0.287820357062675,0.71546441843477,0.612654404916591,1.59854643120055,1.37652243104075,-0.867800394316598,2.20232198480451
1.64772845115493,2.27318141763724,-1.32974998350903,2.85669814197864,1.39252036488871,0.298001941749433,5.40036219899001,3.49571736021086,4.30876043739582,-1.74055697119184
-3.95777983534221,-2.04113161094709,-3.27611720524364,-1.0753232635535,-0.899527300361169,0.0647631794006012,-2.32508528840542,0.091815553259985,3.04413081421563,0.197320348810194
0.903827896486475,-1.90489849013061,0.740346694873279,1.46950402450393,0.602586907545086,-0.720184958442483,-2.21357578843787,1.15317284887688,0.53895917736869,-1.44325151081017
-1.38765738540046,2.59423987205644,-2.59654385300058,1.06172853644743,3.91896683010726,2.77602547568491,-1.40493766938884,1.89534099605731,-0.55786835468147,2.94911669884286
0.953550539592593,1.29617589173003,0.970665833285885,0.252643148983761,1.51017264277504,3.14341563338787,1.18417656712088,1.18972643953583,2.63786516559111,0.0100945281568364
-2.50553180817184,3.93730834654729,2.68729047693476,2.14890653428495,-0.635438186667168,0.386368358012839,1.99609871907626,2.03096624634027,-2.03708434501211,3.25915560681524
3.70837832347539,-0.597791286509783,3.08226524206778,0.551718675489334,0.646672421608577,0.438031134793315,4.06947292058139,1.15267422517139,0.952950334950613,-0.316198495328978
4.13302842255168,4.59990246139628,2.74500077151081,4.07740965685047,3.96606360444311,1.11731251027557,2.34232002087075,3.33775511365504,4.37721589554309,4.88299763783968
4.01402905694209,-1.87394671986828,1.3824513260107,1.26653100839256,-1.64360713367367,2.74046691786471,0.686214255185187,-4.25528174803967,1.87354169130541,-2.83723942907124
0.926456940491949,0.836301607896859,2.36528948828651,1.17215073443852,2.16006325424744,0.254992107745124,1.49635259131235,4.93238774109899,0.0879346527290668,-0.84879361703202
0.0946487841808927,1.19842668692972,5.36253818278275,1.66547326564922,-1.88085088114141,1.18629498775934,1.47137502767038,4.43360387629531,-0.0184384911819633,3.70590557053597
3.0462861602844,1.74328706165333,-0.756213632572361,3.18470036778601,0.170638361230899,2.05717048264165,0.42535141160816,5.6811933319625,0.661104965554766,2.78655487100128
3.97294244651889,-0.776988081072121,2.72936547662099,2.55625229369717,0.301078130822855,2.67748816758522,2.26651372012135,3.27255080614284,2.22954183128265,0.281844290676506
2.23519803300101,4.6093755211065,1.22603049147804,-2.5555900773358,-0.658044204500713,0.10468654479407,-0.276779456097304,-0.732818860366955,0.739270404105312,3.71651984012735
3.03877124967693,1.65175800533796,2.93256365392533,4.03862095595156,-0.231188440809662,4.88529746948147,2.26206290336141,5.7160607268724,2.71169055225499,-0.81205445767922
0.162549168348736,1.4118227571254,-4.71789729660445,1.47666168774369,1.87593344703447,-0.865176830759374,0.123338708323024,0.197166818100435,-1.35095687991948,1.26093626210896
1.22525661795207,-0.45157073570833,-2.62596211645282,-0.91200243221441,1.7388991569295,-0.488784940423399,0.483162044696559,-0.47747365948575,-1.17003587531065,-2.13035816748554
1.20452023317797,2.2319728818142,4.14919596240874,4.64353810904681,7.20004999178157,7.01474038714047,3.370611395132,2.55950920603879,5.56283478096764,2.24392313437606
-1.20643516363343,-0.37124567894373,2.09108685975759,2.17132427045886,1.05163979758095,-2.67646957685626,1.7146512454395,1.30129026149211,-0.250327107863782,0.599948969642649
1.83600457231081,3.0399097059411,0.922231898136617,1.8461994577489,0.812021347123359,2.06826256325183,2.48228693109154,-0.944839735377502,3.39999784751446,3.20591916454177
3.19218132141839,-0.0674710486319081,0.470130148004345,5.30880948092907,3.10148542033809,1.77257472038277,1.03987759525512,4.47828577059149,4.16975915567748,-0.404785279387714
5.29301871909885,1.24023264031143,1.77884258703042,1.96480261843348,4.60316368216979,-0.773521018977862,0.404838726338751,2.139826998293,1.44726852868335,2.14209878547301
-0.701875683333207,0.751633980200599,2.7510025315356,-1.87550170194468,-0.050053214438128,0.634953617404274,0.286704998234405,-1.0220042540027,3.44464396009803,-0.473172755259799
1.47895519561865,2.11735112187437,2.86879538519735,0.7078169898198,0.862966040927489,1.63501656444748,0.671888640693942,1.65118137968413,-2.03823743183134,-0.231955067393029
4.35103310158853,2.37194980099401,3.8833645756511,2.28851107221816,3.34483073251052,1.5056424572539,4.22485764758552,2.59418755066968,4.97102204642469,2.06898211526155
3.34493097069099,4.9618505109052,3.4054071497403,3.16298908038917,2.03459647737395,3.14845645157331,4.03605538143783,6.03865802009885,1.78218891701214,3.34868897574456
-0.419442005680148,0.751791081160289,1.55107147209381,2.07050711234066,-0.565587323837977,0.461532680310541,0.661746955508426,2.21963313089464,-1.28263378402323,2.17716682196499
3.17056229955737,5.00915588010911,-1.23818285784369,1.99013757376203,4.47707096050502,3.84200592465096,4.54900087644763,2.95393711111412,4.9988661093726,3.697162542628
3.08695559621033,0.715973265374969,2.38564788978214,0.115929164067266,2.77137382700084,2.64486753568365,-1.47870684384285,-0.834055596776245,-1.0090264643156,5.11307211780389
2.84637127822351,0.509684922372429,3.45636300397991,3.28624000209457,2.54830346728488,2.4676882686961,-0.799334668932253,-0.469069213564137,2.34671788964557,4.37284069087166
1.97409174461871,0.835264175295985,2.20877991166574,-2.28313952088675,0.0547525838060856,-0.489551320412422,0.975312949282084,2.92108933132849,2.79685640999449,-1.99420418708605
-0.305129230457045,2.56848433656988,0.0949232463212726,1.08504913061799,-0.24365656864348,0.0914723649618577,3.05201686223065,2.24137914516612,0.561282381560007,2.15931711938763
3.37673092624304,4.21147749217997,1.11255714601347,2.43786119830837,0.471609309203065,1.0820095174242,-0.970637227843751,4.05924647787039,-1.14344055790003,0.0720516078218467
4.77434385890563,3.18346793809537,1.52377668664057,2.89755840804808,6.39991997468342,2.78380541025297,3.40833790144215,3.4092048054346,1.02708932282933,3.86972263979954
2.16509567665787,3.9971493294828,2.26149380525428,2.76210419654871,-1.53283704744607,-2.67460842209983,3.57558917595543,-2.71340161448916,-2.0207818899237,0.931857998132874
0.960189940831931,0.831648521432013,2.94964311606509,3.13127603706118,4.98397587994627,3.0086989242748,3.88981957215392,1.92726894342124,-0.330568715373339,-1.19548750529596
-0.314962069746888,-0.0731719745115245,-0.56605179009466,-3.18667644177607,-1.43336258861634,4.50324577028106,-1.50424916300048,-0.0523811924300716,-1.18469840717187,1.90645330964383
0.0813684567763109,1.09712766213865,2.66214387053402,1.76087089738707,2.96738448175284,1.02016416936609,2.35575637022782,4.20787645274227,4.15776523427866,5.06942002760692
6.34387240542613,1.62405261705945,2.11346922235472,0.934600674507178,0.0839757588235447,-0.0578188922433369,2.73788019245516,1.76372578064849,-0.732508806626399,-0.0328094440012219
0.93270727364743,-0.297724828976458,-1.3748598632157,0.14631715765315,0.634125663174747,2.50065914087246,2.20392896023513,-1.69594194114349,-0.163491751391025,0.0646270253542847
0.669814254783294,0.730178754847288,3.59491273264144,5.09317538014531,0.160155285383808,3.77169635460511,2.22357638615614,1.10599331659648,-0.440948042370781,3.57267735617126
-1.11701190835413,3.14035504166825,1.59440362744853,5.40531438646475,4.35768228251767,5.77030041539381,3.90037077640496,2.84830838647296,1.71890585229641,2.32548073620995
-0.29836424844678,0.275613265574272,-0.728496107787808,1.41435324074656,1.38247882008301,4.02949819153768,1.11157299264465,-0.598915837321583,0.684041125912713,3.32789362429007
0.553965736315283,4.90291680684682,-1.61358831226635,5.56247969026324,0.27936454675597,1.59613286103365,0.0472073883889563,0.774916646523204,0.754025593296799,2.23606730472759
1.75059974106016,3.15328083358329,-0.742190464506622,-0.486240479417406,1.65337295761119,1.36246329654845,0.282776796661426,0.640017145809987,-0.194051606515004,1.58420977971084
1.64340145101226,0.492649652993013,1.03436254708887,-2.26097696779877,0.685186722767879,0.85719997783383,1.81601483192961,2.17338829590902,2.84126705184365,0.480117363451459
-1.26718156685634,0.888863004830808,-0.725213329059633,-0.493978879161087,0.287255630901816,0.673278130306498,2.17976846024459,3.22446682820914,-2.98809498263257,-0.644816809246444
0.850975915334464,1.65340162750727,3.0596645345299,1.51048849675774,0.381479444013597,1.06019778166097,2.46468620382584,1.74106479267398,0.728118597552624,3.1022454847757
3.42505507002994,1.84842675297383,1.13630489980711,5.46567249650867,3.5687367209101,3.22355136659384,1.98599715779903,-0.598047242149475,5.69625618698622,1.47507040449072
3.39536931446657,4.3139104764439,-0.397120626583199,-1.35800180371464,0.351510112966082,0.62627227497299,-1.2031123301909,-2.34757743716412,1.68344360556158,1.05128509862589
1.70795279905159,3.75328793525487,1.59572919928546,-0.267810235775466,0.481223686093025,1.83533311222589,1.96288850724228,-0.0981508922216414,5.71679974818391,3.79043064305537
1.48937153561306,0.354968995931905,1.54044698175363,2.32215397682083,-0.00157836019582347,-1.22266933455329,-1.73592960582977,-0.059695752754896,2.03327768115502,2.33921076265649
-0.439504880648543,-0.311095091243639,-0.846873339563567,1.28123638495821,2.59899673440555,4.27841868258264,0.219781740773828,0.905198536292187,2.40688200425424,0.0448495724895001
1.80308916714288,-1.72578318404918,3.19830225891564,0.634616103933515,1.86442239850635,0.941880111221643,-0.296991820265434,1.04911953573257,-0.104094300847219,3.35230142193478
1.25128542004684,2.72750558495681,-0.201062015394103,-0.0121381882609235,-0.279818751616033,0.485821181363232,1.78662953848263,2.05352155743124,0.952179622648063,1.25192157990796
1.28028570546629,-0.233097957948209,1.47211826581461,3.45755107043122,-1.7074720592547,0.201733617742224,0.323467131036522,0.951659099779718,2.58338420361472,3.6375929714064
0.267497538816147,4.29699410292923,1.01596717177193,-0.594979473314818,1.30170899341418,4.00514896662688,-2.77330893374516,1.0702594339868,4.05267333422987,2.40622192368305
3.78565253562636,4.51523540531718,1.92716290110969,2.94458499515288,5.81149551580005,3.05417031964991,2.22585227954417,5.10255264944485,3.95818597383653,4.24769527497144
-1.74288535629432,3.71817602692002,3.38485747722842,1.32731490511939,0.662450642321782,0.939425200708027,2.66341366628938,3.43488904231578,1.10288707465113,1.94434573964524
4.00947409464756,2.09750468490447,-1.08149269073335,2.94925840708894,3.60435920602714,4.58159880947575,1.19296574068904,0.100754609918295,2.48888429626451,3.30323340000965
1.50125949908673,1.96182114677214,2.22220630245094,2.37940096826051,-0.217049284546756,-1.63360228097312,-0.921675665127281,0.129601082468803,1.68938868885139,0.336549623651709
2.81998598466488,1.86233247367986,-1.80988396769509,4.30877293660602,2.30691633176075,1.54367163154744,1.25285806864296,2.59867078974515,2.08752571513836,3.40578469124675
1.86400638607482,3.72092440695278,2.63516603814353,3.2822506120709,0.677548824877017,3.18280233739314,0.818061390622169,2.00687515280027,-0.271212628062054,1.40316642798989
-0.485556203111674,-0.41249942041461,3.14562593992538,-1.56542687804567,-2.32129872147142,1.65656793435766,4.4733712657373,0.546867816523814,1.74415969968195,-1.20988234838811
-3.04041858652397,-0.0987515363366508,-0.402011590518766,0.439284359129191,0.926759814526683,1.56686858112323,1.21911550640303,1.94201542222481,1.3492390949399,2.58045089373183
0.631067379598868,1.26501847624027,5.05300058874062,0.275644272678116,0.452085986673868,-0.660787188986643,-0.588455671601427,-0.360770689062275,0.910197184771131,-1.68489646533279
-0.192569406381827,-1.68102801083123,2.56799493599496,-0.694691547044435,2.88829194575201,0.0973491103695069,0.105263077511842,-0.569567182086672,-0.0212284509188252,-1.09619142876522
3.80664702173171,0.96265123355827,0.646198184006244,0.583387290545137,3.22209789554535,-0.898477645795356,2.512313039185,3.86786146370459,3.09876930267758,1.67740564859433
-1.16507363684561,3.48163604687138,0.0669302110920039,1.83828229109833,-1.44955185372738,-0.855698280738066,2.2011331888637,1.07704807410716,2.12727395923856,0.518170428698405
-1.68304264305395,0.0277232683409986,-0.052976290715234,1.32829758977933,0.0779909860350478,1.2599590556933,0.397782241772202,3.03093237009577,4.0557230025002,-0.107819029642235
1.33567492543056,1.06537242863277,0.702051819576127,3.75465462443938,-0.00508528618488269,-0.874263930706674,0.921799180916973,1.15235807394117,0.163034267740979,0.771141593710484
4.11433655082183,1.73788152014046,2.1041703966242,2.81314445652264,1.10400483838709,3.63528103750082,0.0283133611271185,4.07121940770506,-0.441554183613919,2.51364614381753
4.93271537058899,2.84877924704485,3.58329582030623,3.31120519512181,4.01178582342387,1.80689045124259,1.81998721642395,0.889693560810247,-0.351969071025084,2.25716739961788
0.908774121317123,3.02018870920904,3.06859758541876,-0.582837615680579,3.31766616638346,3.75893457485784,4.21690240081658,2.54386810194289,0.661824485995329,3.25847033040162
-1.31534693157987,-4.09347158322062,-1.82834432835168,-3.20451196903751,0.897024322435521,2.40976406380048,-1.86518393168894,-2.50106229107949,-2.27353986118702,-1.38476044754346
2.51205185325969,0.510080621021769,3.88208522837577,-1.86536872968556,0.668131554636335,3.03618131813989,-1.83064716447952,1.03291714233487,-1.09051854947753,0.263759048360339
0.666800550005473,2.6563457547003,-1.5509913444439,3.24057980852306,1.37250174403807,4.47935871925705,2.27218900709565,2.2553278768896,3.07980029312384,-0.430580347593255
3.61994192790204,2.72556972421301,4.59698156604583,-0.442591009152778,-1.21284900355514,3.39683031303654,2.11848262611178,4.02949029904154,3.80781649009389,-0.340266724308113
0.106468973614536,-0.557119361133621,-0.454129746328083,3.00726582630665,1.84073978448038,0.936034270960841,-0.369533132544184,2.21279373845663,3.7994682736357,2.53048228100344
2.77180160464322,2.47418698605265,1.61636473827423,3.93885623011886,2.16386635857656,-0.370175698112715,0.542865033486039,2.54231465353336,-0.804603825543986,0.147356718247491
-0.888892376706876,-1.56070937604869,-1.80515948057839,0.567899845400086,-1.99983876482847,-0.136325139745054,0.611888690786212,2.66465202863596,-0.20156860928124,-1.56164140359785
1.19039649013018,-2.65022101513536,5.5593613455998,-0.341387986551837,1.7105698685877,3.59463720451641,2.75195572761535,4.37397341440717,-1.15686926157186,0.00330787923705778
-0.0299863825386151,-1.61399656545922,0.470877533627525,-0.728737169723142,0.232684200496665,-0.0682589751589318,2.18602391100627,3.12709480744745,-0.31308630687721,0.86721750758113
-0.608733376402769,-0.214962846930515,2.35184698986874,-1.20290257486047,-1.59665621843074,0.327483356277295,0.432992946100056,-0.675369024157,0.833561098184775,-0.801058337710092
-1.47281990389604,2.30796553550179,-0.461558871116574,-1.38907998364379,0.783770245259235,2.43066681790616,-1.32815617576284,-0.11698095272594,0.41121469076468,-2.11672298543683
-1.51046307111108,-0.999639289633566,-0.512670759461165,0.443016112986337,0.234305287981021,-1.85735702496009,1.9176883797921,-2.00270056552316,0.107806380999092,0.0593267396911889
0.626633993853284,-1.12394993062973,2.82312376253112,0.5436745767474,0.328550648767868,-0.972370913418702,-2.98232222930177,0.287649583964819,0.276610916385865,0.650529992407937
1.49651766948163,-0.365051200644095,2.6454442737682,-0.864934008952903,2.7203596845707,0.541016407961206,3.41911533904894,-0.277254750311908,-0.041875702852944,1.88252231223755
2.34481587782632,-0.608322830784434,1.71735783109609,0.82580883582217,0.0198222329491323,0.302541713552611,-1.49844714327138,1.28264884926193,-0.649100116120597,0.258786204244428
2.60669178235571,3.04969828710635,2.95192363382994,1.81945964872355,0.160463728646726,-1.20185387948584,2.42557417214259,3.1478023667608,4.50703575514708,3.19261158153564
3.685113896671,-0.593215773971113,0.0803079562759859,-0.757842956248549,-3.05191893809337,0.578417134674087,-2.21728147906081,0.260874528959457,1.42620496740672,1.8473579659301
1.18191628999219,1.84585200158101,1.99552413895022,3.19031701001041,0.997035115634349,0.405563229227558,0.470551209390718,1.87227941635902,4.58359438455604,2.81018352916292
0.44083164355278,2.21467345859621,-0.524724101735079,1.16357683738273,2.18582070696964,2.46488282336532,0.475705850519818,1.59462891152972,4.24258665184539,1.63883554145848
-1.05865805882608,1.88370356769848,-1.60621049019612,-0.795845148551926,0.819112855003622,0.750277975693086,0.0319159028241784,1.74718972578915,2.61019317832249,0.803281629130379
1.58698576900377,2.53822660759637,3.39744169716171,4.52015153449782,4.85978620655599,2.06283569232399,1.54283207263613,3.48027449833543,1.62444918682796,0.21430447540151
3.28897782765526,-1.22523828348321,3.61179848669962,1.45114399389253,3.1766391509934,2.7729050737299,0.34145658362444,2.90334018907169,-0.250471235113754,2.87289543909044
0.407080788052955,5.17016734278507,3.8279043524447,-0.10798495904307,3.34217381493871,-0.730278420011462,1.61989258895688,4.68268429184539,1.71282974001357,1.60040374724435
1.18344190693805,-0.781829566402315,-1.13601530826734,-1.78632814057157,-0.105474795221825,0.166839850204631,1.14763983325423,-0.0171616836177495,2.30980867246284,-2.08802643921677
3.50097522981826,2.01524703744532,3.87528856748063,3.80563991228312,2.10879637723834,6.58547877492718,2.77635598429801,3.97652345851868,-2.51953067388057,3.37808014079761
3.47935435152134,-0.348642586632698,1.06580016564338,0.636458019812776,-0.436235491550294,0.971785120716176,-2.58012367085814,-1.14072573325251,3.32243889243319,2.31602927977359
1.91389896281398,1.86191961045496,2.03987163381707,1.64026737005657,1.5170902974427,-0.701678228865501,-0.851558318627534,2.26737196234281,0.309168096878672,1.82112903938932
1.54876587996111,-1.78299353396678,-0.86061325071883,0.117310488739757,2.42458567852689,3.40812827142101,0.243158611088028,2.3291549340103,0.902094486136119,-3.37181150471188
1.57627029249692,0.637909134291142,0.63625975777678,0.912555481447211,1.08675684747714,-0.513699368235376,-2.18125644978775,0.151183067456508,5.18574574979839,-1.0190089763234
5.78481415276374,0.401853777869863,0.723357641461119,2.42070590395031,4.51935665584475,3.69939463819392,0.877946190043672,4.0372188562004,6.00888899375499,4.25476123922353
-1.2647522386327,0.149168361698968,1.41133688173725,-1.15331013587235,-2.10817827625549,1.88120336791823,-0.810413224585935,1.72923002366433,0.632010419927792,0.882586720523041
1.10160701877749,0.437043760551692,3.07110607963573,-0.645443494147974,1.92663335911062,0.169774409436406,4.41428793959062,2.08689660493146,-0.70343871078094,2.91602797146944
0.758805365876033,-0.448069999574827,2.36684107550674,1.2296095818362,-0.623397728110426,-0.404615841144173,0.425352440144688,-0.24859548962432,-1.1413520541963,0.02726974702939
4.28114073983013,3.51949371514548,4.93212897200189,3.57430400788523,0.926173720231813,1.00322563453105,2.02630409439275,2.59930721091122,2.83582718530483,-0.773939509829571
-0.918595688578152,0.206226629464066,-1.95405859221152,-0.00244992480183615,-0.574514564913487,-0.219769107377706,3.55277566021315,2.30904803823553,0.152549944674151,-0.799746762522009
-2.45542041506941,0.854216203347627,-0.15479706619994,0.714714516643671,0.696830074647861,1.26249344082406,0.113548957221067,-0.367995181062126,0.764412684989964,-1.26078153750017
2.4619425614188,2.31020018743997,0.995240125651388,5.8449933768086,3.41975126122809,1.96175683174083,1.53741358874243,-0.0193294238690243,1.31025972869113,2.99965787860569
4.46643235874483,0.46760943048569,2.39403263770025,1.72159993509966,-0.668486407043261,2.6603847048613,3.86092570282359,2.42331163131412,1.94534062596855,1.8476643513081
4.73996654777772,5.69692659738271,0.354173898137965,-4.49067256863803,1.51117671100399,5.10895984175745,3.7844122151979,2.63742343866604,1.31723454244821,4.65663135411697
2.63769820137227,3.60954315094953,2.09621771708661,0.906134213518791,-0.350985554320281,5.99607476292159,1.60944544181703,2.81254040871264,3.98754358597135,3.01890805984586
3.73894395794491,-2.07855980122635,1.48528765845653,-0.483401540043074,-0.677936794895608,-0.182305493754845,0.361043791642833,2.38346119082072,4.76821784014679,1.91617507817217
3.15966142931528,3.09441943446526,-0.258672598853064,2.27739270050542,5.39325959240748,3.37957475984444,5.8612727517355,5.26970911719635,5.78071615285345,3.45937772743491
3.13964089268673,3.46826307031273,2.40204240598479,4.75530699492738,2.13719222691066,5.26411750783769,2.78545639084415,1.87372921181778,4.79025944141326,4.23006894271848
2.48211982675707,-2.15078374974907,1.51770458607981,0.732716086916692,-4.26259306729471,2.06668011073019,-1.23272220350203,-1.05504677656224,1.63333281766039,-0.0569502733940573
1.66384936120782,0.0499563204279642,-1.42034781668468,1.94756446051601,1.33642747313115,1.26785294274583,-0.940477654465758,1.48439256103013,1.68607283284194,1.06453633983435
1.16595298092785,0.719561777212248,0.354517252029303,1.24090493629589,0.697048149131879,-1.56216057368175,1.65490760904224,-0.0986595635296241,2.87626979109173,4.27134682170021
3.96749986142741,3.23028325321095,6.8770889108429,3.94921419046396,3.55264034518949,4.98643467901649,1.52198440942312,4.02502483927493,3.36342564738982,6.53984179099744
1.31078809541908,5.56995132984319,5.07009199661281,1.58140893892456,4.50396475408619,2.45674276133825,2.40659127448641,3.3899974436107,-1.0994960269938,1.81731384547967
4.70075423251822,3.50361759967877,0.551576012967649,0.0636798154046891,3.06133738572842,4.85669711676151,1.75857223346057,-0.0991145063524068,1.10078089048064,1.5838199109516
4.18584383582858,2.40916313704936,2.25047358819412,3.47136989512102,-0.393699138759439,4.87475035571872,1.8849896530882,2.42204478825775,5.42411792825415,3.84738602060671
2.09622042437121,-0.0897767256083977,2.24823004356631,2.14825745014724,1.3907762811956,-1.83712801778645,1.97776408371577,3.23404772665778,1.07139448032243,1.09708056820282
0.389812963465415,0.326241796677754,0.115306927941985,0.787996819761639,0.736236128694864,1.41372137938202,-1.15195939356949,-0.715851036039736,2.76867768354298,2.68611614834759
-3.29128612381823,2.05488131355549,3.53387741147799,-0.0877719070302962,4.28210008594733,3.05807572863373,-0.871113813562199,1.79522226196049,1.36258882343381,-0.585196518565297
3.48225557205202,3.82797232864696,1.05791349957293,0.469281322290416,3.75777308724891,-0.454104362507052,3.5520890540908,3.34427742520472,1.86204615062763,4.46711804061889
2.02780594320638,2.68896483129021,0.529983283042435,3.99716020003307,4.54830562317563,3.2348574563666,3.59797679911287,0.386265343860143,1.56204242876873,-3.7494956803262
-0.300794306932074,1.73867956647289,-2.35889077298458,0.587349995426405,-1.17423482501623,-0.758640860196833,1.60030569190352,0.420684469102728,-2.0261037058623,-0.150246138126555
1.22375641273723,-0.783162306124263,3.15054761325759,3.05948720872108,-0.242496367804411,1.73158850124592,2.28729125303138,0.57006005817534,1.61487969878566,0.934467412743113
4.58595903692264,1.68473070496122,0.57885441878094,-0.525286567523277,0.534755616479456,4.90971910383939,-0.188908795896558,1.69822342384655,2.21348621882916,0.0880346256683475
2.65246715636204,2.26351196040484,0.901966593050405,0.442060504445591,2.46238023972723,1.97188024500441,3.21138155448168,1.92777562735471,2.7365720761721,3.8050679968272
3.67117503948947,-0.0419681682001258,-0.0712724109067617,0.805148482620019,-0.778313645200525,-0.758763653827469,2.13909130286399,-1.09525866855811,2.45183815515209,-1.33460462331065
1.62041496451713,0.629824287211187,2.62283796279017,4.04772115297005,2.41506912963445,1.26260010035252,1.34367784001387,4.70875901360473,2.54315597473265,-2.17951076875571
4.61391711371727,-0.953958043026631,2.43136983770904,0.847200107547474,-0.605617075128878,2.8113519494933,1.43265666054678,1.72582152121991,5.92820943889181,4.71900994732564
1.25621842172167,2.09058846611158,3.45717255166128,2.08099940214925,3.56786251549235,1.05659480384624,2.19958158434645,-0.175295359102528,3.56064367676746,1.85669975028389
1.31600413864243,-0.294099697485734,1.01044769194293,-1.10012130717566,-2.58672471501399,-1.01638560188483,-1.1413204636391,0.464728355139129,1.58229329336731,2.90868881726167
-0.622622102815962,1.34284290086753,-2.57968478788828,-0.802064913315612,0.0094507402722002,-2.62288681485495,-1.86181864538071,-0.883795941695996,-0.416512976122438,-1.53322037627672
2.16745817037834,-2.81182639767354,1.66990124463336,-1.05179167250309,0.452769802502227,-2.89062410710294,3.26652883135773,1.73992725012698,-3.18299813835455,-0.0557387578260201
3.95122588373655,3.38499380434452,3.44273636915853,2.77449242007719,2.34367012621892,3.4809187700509,3.46360843442652,-1.75694912359324,0.195153438807489,2.68765205249078
0.988767679118032,-0.0256845335113249,2.34557739098593,0.636361025171161,1.51755871178837,-0.639935900502127,1.08856837777346,0.887301840461942,-0.000949150058035642,1.1434659027011
-0.412790725901444,-1.07087637325729,-1.05781261456969,0.882403521547781,0.904161581197059,0.204602481922394,1.80902164500784,-0.312588012378806,-1.27525900132796,0.135949417738636
-1.97621462712078,1.72690974839081,1.808972367416,1.58025090016045,1.30207542529266,1.73309979796568,1.83544666773364,4.88155223745315,2.72454652823712,-0.440212607772613
2.5164587759195,0.325706744645213,0.621432645731491,1.33637820658825,0.0714145917485626,-4.10404828043268,-1.47273265986357,0.854501173803443,-1.42150726669258,2.15120633533064
0.780463906389595,1.01122733679823,0.309296422147135,2.39239850851856,1.63195264071506,-0.129909019442178,0.888139642099881,-0.166607787795194,3.32722126970861,3.62021145384821
-1.15863780693827,-0.361347129176982,2.08869592268085,3.27493274213596,1.22091703876751,0.697422450550697,-1.07830943227532,3.08676540534005,0.494112336890147,6.17305886759521
0.518347814996696,0.180424008277592,-2.71675523484097,1.1775357065339,2.99280988482552,-0.936331487594383,1.82274882833988,1.7990059692236,-1.78516993486811,3.29864670080212
3.89616433755503,2.45222998205576,1.00084321425597,4.76059843052505,4.74077712133112,3.51063478515088,2.70016555733728,2.03517845837697,3.22235969108471,0.13544441817817
2.39147743404433,0.782325459494226,-0.00818071046372038,3.63307838421792,3.62502670432649,1.01253777241759,3.00150160017319,0.544494780205564,4.74444879628304,4.46312402081327
2.66071725703097,1.02631392954299,0.526470995530933,2.10302075943177,0.33240248289525,3.70320085663344,-1.01239505740193,0.508104067742973,2.71935714601909,0.616964932433343
1.47987990853581,2.42033668830753,-0.0238939741441959,0.750700802274402,0.480584092552993,1.37103282600716,-0.666149113750116,1.95856651862479,-1.19256413519486,-0.643591602547812
1.41052203443088,-0.618844791985742,0.500623790575565,2.28731392706371,1.58762423711066,2.47765949870507,-2.21537978180345,3.20461756887925,1.82435792880134,4.27231384088703
4.27715481633754,-1.11171297999518,-0.0524114767780893,-1.52408729260184,-0.385167087742975,1.10968555004842,-0.997257662447308,0.476291098903189,-0.588095938080126,-1.13206271997864
3.35161050519612,1.3787100577257,2.97910501020093,-1.5521241332366,-0.810698339259794,1.69530180947776,-1.13949864816634,2.50426021968971,-2.19877463280335,-3.64200625867287
-0.796008427090935,-0.111934933834714,0.505085357900057,0.279166230695624,1.07388900766469,-0.381708432227502,2.76884767716728,1.54022532205661,-0.135997497634175,-2.29341182278308
2.02972256252822,1.84772116057736,1.339585790231,-1.32948911895822,5.42101584950792,0.860209077813235,1.75787837358718,-1.96775597939781,-0.895503729568119,2.30164372303674
3.3751405788388,0.855482463478657,3.31607426101873,2.25093428111085,4.47949633884632,1.27712288467476,3.73942983152455,1.1343002994751,1.04286365935093,2.16310741531345
2.44276771725638,1.86208079793623,3.26700854368243,1.69647599582189,1.38508189850773,1.70358279720022,3.12312601279894,1.86068001734847,7.55598994580484,2.20221524851797
-1.2915467511067,1.83106193831114,-0.866524412713786,1.16505801593385,2.02946954153663,-1.26447740489045,-1.35495923258648,-1.86750673050791,2.71283918319416,0.748597004905337
0.97460940633544,-0.822470928836438,5.03949340820075,2.35354023897045,1.31655114236921,1.5629716201143,1.53942237582846,2.4205886737747,-1.03824890428761,1.8430957994066
1.08862068618389,2.29727436831477,2.5313883575173,4.16235723739289,2.78259812603559,1.76744276464442,1.73130395585857,-0.135615399095687,2.1918230179927,2.71766816329104
-1.06332542659605,3.30113169934053,0.365517829580287,-2.31862507872081,3.59969652652825,1.19185933114039,5.5968098009204,2.4224623442717,-1.31960280161024,0.0658751940524794
0.563464453627887,0.489776661463297,0.805643380050193,1.17010459579502,3.73984074440291,2.57838284271456,3.75830905034647,4.17978928763987,-2.71635911487271,4.30514529126249
1.62010928062336,-0.888318599644796,1.24905873186293,0.599814155869896,-0.798118878134183,2.04389487131407,0.374090507496955,1.11004952930664,-0.220707544160745,-0.206915785928688
-0.101689093408241,-1.06148384525032,3.71797079805135,-0.630442833162633,1.12697400231107,-0.118279060812298,-1.01045581598639,0.728715735749925,-0.704894108360805,3.71786157782554
3.92714359853043,0.0359467612742679,0.0834911603422184,-1.17093339751083,3.86118212601797,0.0180830993537884,5.52342522896777,1.25574259930626,3.49822419780533,1.27104635911166
5.98964873587179,3.93307552537865,1.40860128192223,1.11673683724355,1.01843571951066,1.74690168959992,0.92446848688862,3.87673087804728,3.43701806496052,2.19891850832236
3.62129295289566,2.7928576964528,4.27076599007969,-0.0173223708574839,6.91246390887769,2.69707647209194,5.45873600764894,5.97153076109607,3.16226125020315,4.46536005418825
7.0533168865565,0.0341325250614166,1.14026138805653,1.61621388850529,3.93224915821023,-0.261018152446872,0.878925038793627,2.82129231041963,1.34868330346587,2.58241818448717
0.543987290260282,2.71365058967468,1.95534177999045,1.14846254153995,5.48713340467542,1.99942405689815,1.75946748158237,1.45347734109841,-0.966794796149535,0.782663753678679
3.60255123113113,-0.110305161809136,0.400468710211486,1.7398982639362,0.249342873186929,1.70876363429069,2.02666274335876,0.687147618941194,-1.00615533142542,1.38176354522704
0.250268823301521,0.488061285449114,3.6605971650277,1.78164022930813,1.98838045444444,1.60594878452961,0.83019899046763,2.0546756962001,0.631942952232499,1.03083661951285
3.2376849916117,2.83400566994684,-1.32654432987483,0.169468621725406,4.11091020322956,1.9005512528252,-0.211756338143094,2.12452666088298,1.02819301403086,-0.475730443234893
1.30808341928427,-0.310112830521191,3.15464805201949,0.14399292457139,-0.311490473615674,0.557907429927758,2.77758465453261,-0.750055088097066,1.84147274540287,-1.57719668947372
-1.27322110654014,0.847492224417681,1.92341214583108,3.56768772142481,1.44567529874421,-1.07413649406234,0.867130929539965,-2.65963724000675,-0.0115241874740668,-0.134548083206948
1.20298695234695,4.08646105631567,4.73128136171036,3.10390593334872,3.3913233097986,2.43268922071639,0.909572193989714,3.38637130132753,0.525148552488297,2.98548500072976
1.07000355549892,0.623688801570412,2.68917246062777,1.01782793164329,-0.500502100556415,-0.963740313203192,0.704769679234618,-1.17428727888064,1.36449048305324,2.31035013412282
4.15774298053371,-0.766224475493978,3.47060021046341,3.69849159418446,2.57615005745165,0.181052842667764,3.87933993571576,3.70637509428296,6.85664010781953,1.2804702629349
2.01556912547356,4.51431107322735,0.524608306509986,2.9836844806557,1.6538673241018,2.77926546077415,3.09376947704803,0.324605071466641,5.59050246961372,4.16089085735497
4.18679409994465,3.92643985202562,1.95625055011674,1.16525980699065,1.55485500144153,4.43838813187063,2.22289518313598,2.25632612128506,2.08240803632221,0.836199694587383
1.65372180203255,4.61809509930566,1.2530956698925,2.71377426295589,4.06012486500252,2.7715558132001,1.43860029997364,1.73283668457155,1.51883260648972,1.49173349129556
5.14011840841425,-0.352984913011939,-1.36831977127048,-1.13266365347628,-0.106289475527814,2.78861033766113,1.68869241073445,0.402234341325978,-2.54599307457723,-0.0633642774932269
0.254008689234779,-1.96279504984695,4.48093153243744,0.925600209193536,4.17618144502264,0.264952175531786,-0.643857784857754,1.0778878761787,1.8913381296123,0.297854843045935
0.272437715328278,1.55300517556231,4.18345512349948,1.33677671331722,0.386401186191201,2.58864871576425,0.661360173093135,0.107326261254865,2.05001267979612,3.29465168805239
1.62773146244814,3.04749823153628,1.93396221475716,2.89943708123723,2.57985174891395,-0.36896708595675,-1.85253457866066,1.84632013962733,1.65966041130528,-0.0715072466953985
4.16261184033861,1.29216777555161,-1.31054369482124,2.2869967165385,-4.22951275125151,2.08788910984546,0.474756347921259,0.525316342459122,1.05849965340971,-2.98770706376179
1.50386526178756,1.05820347776503,1.23999989709044,1.44132395437254,3.77671229838243,-1.30120074540689,2.35591412595209,2.93421674133661,2.554020568107,3.31477821479816
2.48325046274946,2.72845466861178,-0.796022295972266,1.06399576457646,5.29084728074976,2.38566261737705,4.1606673729875,2.70259729261734,5.52752000533054,1.47787454802054
1.02344303935123,-1.25848250286961,-0.791472703049047,0.659442979709914,3.54270418236624,1.91784265108998,-1.76735633592261,0.948088592625161,0.820257281508524,1.19766842302653
2.08127737079863,3.47011109818367,2.68838342264927,-0.335345954190371,0.209318080586556,-0.767239980930267,-3.89426776872789,0.0385583538176834,-0.816035755055636,-0.729826409635064
2.67053025769499,1.07048290003401,2.48169084339197,0.873995736397762,0.0471373216472388,5.48039899462744,0.496743197052077,-0.0286772732042597,2.28738390942521,0.56998444446741
2.43896171178558,-0.643570981210541,4.56900552753614,4.00883244378404,2.02849108121313,3.09145847400069,0.7258982314717,1.32841711881823,1.71920305116285,3.34275806991742
3.82813721270289,2.11302980013243,3.46587655597596,-0.441799425191463,2.38156908718478,1.73181565241192,3.19591211140305,1.66462522315539,2.27256474799643,-0.454362416665821
6.15144804020106,1.90914654201967,4.09948884371375,0.414202884382456,2.26019990493109,4.15380259883839,3.28782782407013,-1.45254313828182,-1.83694275159885,3.5864998403335
0.468060550582024,-2.43576927366178,3.86204764818521,1.36746248867184,-0.571003266027967,1.82240623744225,3.88905226333045,-1.08604906991767,-0.263987067463634,2.82408299825321
1.99777901452014,1.32551168343288,-0.630806170095026,3.97235179973629,2.63028323282658,1.8023494648343,2.8219591129486,-1.31464702295243,1.8143069878404,-3.73931578920968
-1.12315844909889,0.520172764931609,-0.658560344193875,2.82543669572907,1.0076520624967,2.38340806890612,2.04936589337067,3.27980338918328,3.38542780507518,1.42874957947807
-0.492810566675757,3.38689545624809,1.44530697574085,1.45878608961791,2.11765542548331,-0.0178790919636538,2.59999981474709,1.81375698978226,-0.685549237234,2.58114481248972
1.49130414815265,2.86908163949648,2.98827582794026,3.22382696344824,2.6071063472681,1.05925437670188,0.736573356241466,0.699182579530639,4.31564090581368,3.61635607353309
1.00626778880858,1.88680294768616,2.01286487385063,3.099516823431,1.45963676740887,2.15647356387574,0.831405512793035,2.07833991442386,1.65082436094035,-0.118286669244427
7.33813410327293,3.53064044338375,1.57793153812562,0.62734024304487,3.14444363381446,2.77707163127968,4.02342731282398,2.45065199683259,3.16775906803951,2.25231133892098
3.11726061405786,3.41217336843486,4.34198193159791,1.77065110680463,2.51890657338145,2.84298757910977,2.32117543825672,2.51622207531278,2.94321488635589,2.81395003591712
1.45239698779194,3.75882025685804,0.750507645357662,2.47390202190886,0.509142196595723,0.0907407714225323,0.865555698204854,1.35349745090819,-1.21467821962888,5.00213268774299
2.35926370639237,0.181587702716281,4.86866471225359,3.24197962636424,0.250098359456792,2.85754173818557,3.58896930043291,2.55264878991169,0.85445838245185,0.118627911194878
2.00231734084301,0.824738673752314,-0.296893258172493,0.206661796923728,4.95624137921839,1.50047904160844,-0.999368702434587,-0.103868847868297,6.14808530749619,3.69699807506927
2.84612207707012,3.6715645507505,3.49039621839181,1.81065914530548,2.62485900125576,1.10638495213482,4.05512624764666,3.14793399637274,2.22351266301584,0.135579223448813
1.53561127329509,0.749260049463003,-0.183609383892521,-1.74062244232766,3.84885840827673,-0.0885425312726487,-1.66491819183252,-4.93207431493478,2.94608983737309,1.91086450493211
-1.3429065240304,1.23622379275586,4.01754380029332,1.75829618356204,-0.4588241920549,-0.737797995397145,1.80990771272929,0.926197944730913,-0.100985436787861,-2.79415291907197
1.43764709988176,1.1363204116534,2.73455509567686,-1.85362815815778,1.18477205944356,2.45854348536142,2.30327393302135,1.14395507659815,2.81620292402108,1.7419030401232
-1.04438105617424,-1.48184699192607,0.806995866882179,1.76291462876519,1.3799892107942,-1.09373594872955,0.675273922364771,1.51834535726428,1.25139656554123,-3.19167200689449
0.556063643539681,1.065543826036,2.48677418300219,4.39716923782958,4.52551374130789,4.94330058049998,3.72370104721219,4.26460684409102,5.05630398328249,2.60197231532889
0.923265815316911,1.91888813080068,-0.040042219971093,-0.930875970574428,-2.21542401284557,2.85248997107875,1.99358318989616,2.07272876443094,4.20350891494706,-0.471219059692946
0.800047379488642,4.03383423997266,-1.97476793566678,0.0719906765880682,2.43677016733735,5.75415664631269,2.19196992734783,3.15719526337793,-0.488439893839629,1.8977986098183
2.08642846904518,-0.647606814802301,-0.345617490493684,2.96116153472097,1.36569521830193,-3.03442307085144,-1.06186309166024,0.391647903509001,-0.563996059110736,0.352339856481436
1.85729725110857,0.798852589321796,2.43228845260543,3.22578056711593,4.58660199983666,-0.543528655782067,-0.15648338923682,4.72621647765597,1.02663537479912,1.10165688834587
2.3003562629741,3.66378290205127,3.56955282195666,0.307653628092383,3.00262888468002,3.68772692714148,4.17782072327456,2.4666817306113,7.1718936848594,1.53119251378578
4.75839886971862,0.517233364107331,2.68988109206089,1.4518508364985,0.931879099542114,3.45683249830888,-1.38271151405183,2.08245427983226,0.489996289694962,-1.03662954079657
2.34280073617872,4.07628784750821,-0.821372735578913,1.03183810373172,1.55088906411549,0.597066885367399,-2.53065411363754,1.06212614289259,0.610158927286662,0.891381022206544
-0.171719148321106,0.413197748849733,2.82213476967746,-2.09544303846658,-3.84651553242581,-1.82665995205978,-2.11456592640561,0.178223646516217,-1.5780898060014,-1.79214079327927
1.7699275309605,3.28088291580733,4.38971724266998,0.954231142933211,4.09521050706321,2.65587572956438,2.37845441950906,2.08970664061044,1.38942421713108,4.65294224845427
-0.987057478255695,-4.13544361649498,-0.178917603855864,3.03919033866343,-0.272070776573299,0.94896898277111,-0.296771522621495,1.25204327552744,-0.679655796766008,0.227703442482193
1.04581112993701,1.22706985521995,0.312986858174923,-0.437483721321475,3.04982495006633,0.734753846558225,3.66099059747646,-0.259818484110609,-1.18231639671985,3.52196332705723
-0.960899605984597,4.80006624747552,3.41454105796729,0.231419987354867,1.10556047172189,2.35238196047984,0.170251204730008,3.5577903186146,1.93741015345801,0.634937017131036
5.7530529464535,0.682716415923632,3.07635211721989,-0.82469354447321,1.71609099397873,5.21650535909176,6.49206165009361,1.94922946934556,5.47591928625515,0.490754013094955
7.05238367609116,-1.35018432090991,1.25473028202897,1.21492230595426,0.582471875876028,2.09795054803544,2.34696838792147,-0.270012546408628,3.25256764510232,2.25551874739647
1.9611447761499,2.19299563211599,0.873439551625014,1.0205268367032,0.894467125089563,0.473413237709962,2.99756028460373,-0.449931820818497,-1.49032211074713,1.02300944958511
4.32038843871933,3.07385038840265,4.52249717734951,3.09843735561167,-2.60513868792057,4.5021098065336,2.29498729607265,2.55122325808019,1.19708906613624,2.85242985166514
0.980468375890894,1.00572807165961,0.0517333458081608,-0.327485356452909,-0.208930311249837,-2.13866143229242,1.71133391935631,1.4235512724884,1.40578975423386,-1.21086849482192
3.73140674527379,-0.948044505673659,0.929198151182128,1.02378783722269,0.926836208808239,-0.677286099475481,2.88144053558244,-0.489428472649626,-2.17592831088845,-1.36046679094193
3.75209427470961,4.18883413762615,0.857671379142351,4.36635163525227,0.948390730031426,2.27695478946843,-0.663040083510002,2.38969559968662,1.78723596932231,4.58110683798542
4.68234978624776,4.67262762316815,3.21385038563863,2.22867837749261,3.7532721098126,1.91418826942076,1.48520916245958,3.50554625471084,2.24044734307079,-1.32511573057821
3.11971051524028,1.24987824179605,1.48535789375816,1.62987767302126,-0.0856084271135455,1.51740547707984,1.38590180718414,2.56427456115895,0.0449071810167949,0.73666696149118
2.61680581814946,1.05260332511771,2.86883350676767,1.77533650236705,3.60288372382752,2.83795112924222,1.21925811457668,4.07319121452003,3.15409337233665,4.41080221734991
7.44021751492821,-2.53966162967182,2.75581507074652,-1.13308057564882,0.175885475125331,3.3418991327386,2.11812102551618,2.57200502626805,0.969807000805753,1.45699267861167
2.81036286087117,0.154211269074397,1.12724664087236,0.253953166090619,-0.457206479965306,1.77615536822734,4.10846051301141,0.757283834328608,3.4309910039493,0.992743862086722
5.34116795333048,0.0559565112994143,1.52503328351085,-1.65019703677931,4.38192151125325,2.43217973736591,2.96796882692566,3.4661027682082,4.62029004240901,2.25206010559332
0.226196772878902,0.948743291409821,-0.341567195878338,2.76430835994541,-1.46184308674325,0.290156702714799,1.36886598242858,2.15164062193533,1.96645423126594,3.11045113683302
-1.76528134735579,1.00217844546943,0.0302668572974665,-1.82506345810381,0.0502819015580143,-0.755581660592004,-0.485549755141015,0.551696079564995,-2.42635240499877,-5.15642619752951
6.10324474947245,1.89327813383074,4.31430009770423,4.28763659357769,1.27027430191911,3.56133078481267,2.59896544996004,2.89613240453878,-2.17729581470584,2.46266376076257
2.30139290185066,1.1172664935804,0.909323765974286,2.85501717848798,1.06296484699856,2.30526502962622,-0.798932803700452,2.78837078057364,3.15145063856978,2.90983543202638
-0.599987116508218,0.755817139079305,2.16172967294912,1.99683059700531,0.849822648712523,1.00348787208651,1.51901769525513,1.69459898794427,1.9281114120429,1.59158536815922
1.15762866323524,0.49908724562542,1.05696880382097,-0.613027496569785,1.95387900696462,-0.17546020307353,3.57679649214993,2.53992449422663,2.81366342193526,4.52256485168053
-0.218184046757448,-1.77116278673412,-0.808862804654926,2.88557119082613,2.85652485095729,1.97518326541802,5.37264357568469,0.667247406057539,2.83453476085028,2.55045079104844
-0.502865880858756,-2.28774679361803,-1.14946887093071,-1.05635536551889,-1.16243514696135,-1.93237800284403,-1.98963267727809,-0.405085520001823,-1.12695328156645,2.44383882428554
3.34896884568153,0.743888809864667,2.75243755185377,-0.97891808252122,-1.17924321491341,2.05641634930125,1.08353289309231,1.21669591493099,2.23408035060186,1.27474959549254
5.91067756883508,1.27303614087804,2.1944547271169,-0.398189607369003,-0.403154357689867,0.2612431566838,1.28985337457893,1.80995317360313,1.40610972537866,0.903380090943951
1.77019605416982,-0.0874852074053103,2.96930576941547,-3.25656485075376,2.65934437417562,5.46385934814044,2.45059866058666,1.71231426144661,2.65233481257539,2.26961860871032
0.40388929067709,0.634243371274589,1.41766900579565,2.29969235992708,2.66688104440531,4.6707771605091,4.76829774453121,1.83668424907838,3.11271955154446,3.42854884359739
4.51188643233657,-1.10059849028975,3.48662514056365,4.96217650386966,6.30633724648819,4.1560883353724,3.10220210049419,1.98352570081781,2.87559562063894,0.779309123113582
-1.42295877685799,1.85839207114642,3.90052211177971,1.0521886445282,2.47790765869189,2.06672269850219,-0.413024939997035,-0.0226967958405759,3.5301688113065,-2.12297440391351
0.453846817102272,-0.707289795873056,3.10072097484986,-2.50464590744272,2.27417805779258,0.979435952256183,0.533842723812917,-1.84764117789759,1.99931679385311,4.53996900688397
1.57049499448279,2.46104189309412,-3.37510817245883,2.54065075968503,3.88468179810608,-2.1066295139126,3.11106388575964,0.309819652141814,0.98245199004051,1.74646822312625
0.320553165558016,1.45416246355214,2.43401542194947,0.441744561731083,1.84151202383115,0.107109880854764,4.20518516340114,-0.220458766555993,2.49355628684934,-1.75948843167101
-2.20326270258329,0.602948016104204,2.47777661617579,-0.0450428029054908,0.0139872203130998,-0.315780887523768,4.02594061862353,-1.96688291133421,2.57789447227658,0.103946862713446
2.80556150439995,1.91956165309599,2.2460187382357,0.276724669385687,1.65908085334095,4.80470809406357,4.50008511281693,0.974547820300656,1.48372939808306,-1.18266886087559
-0.839851856691236,1.14295430310675,-0.406934463804869,1.23340552404946,-2.28315511325779,0.0791178258892511,0.205031279372857,2.29682674799851,1.67695511290911,-0.412643698204524
-0.79934607824106,-3.1174249091121,3.88805827402416,1.20256369474918,3.41585878349571,1.47224761265129,0.505236976437806,0.998379560159729,4.23685097973682,1.32510735841677
2.63129150249057,0.977929212272507,3.60411724248767,2.42624132030116,-0.130008948565259,1.41049594997407,0.0150518005137554,1.29664031957388,-0.0655791293717742,1.91068871071233
2.06311415345299,4.03281892135991,3.93440894806175,1.55313241687687,0.186756127772395,0.417107444466726,3.19505070100057,3.31749081766714,3.36698990984578,3.03329253585584
-0.503764987851325,0.730371447144222,3.3808569734824,1.44512679382619,-0.984625340325328,2.13479032118715,3.44267178411575,4.09168780262614,3.18679300431661,5.3568005921813
1.13112833522413,0.505936614011497,3.62352471533217,0.522568585587767,-1.96451987807654,2.09847423235832,0.455101650283722,-1.79665518124824,0.392780465315374,1.80715099661492
-1.12831574468935,1.80676600256557,2.89660409256189,2.69618949202028,1.8208231881126,2.12630170765677,-1.221097904817,1.40069993410787,0.660124507021671,-0.908725483163594
1.87368546551955,3.9418054725348,5.6625450871382,1.70494503026899,2.04383607591969,3.17475375134962,4.47602357632355,1.56655281711815,1.18430632155054,3.87617355200036
2.23823104247419,2.31376044425997,6.47155170539665,5.0689499961823,0.615203765310087,2.45058672493864,1.68940637416926,0.784912717295239,2.66094202696027,-0.145940909743593
0.0783337319139736,4.15412927485775,1.00764742919381,0.498351819038573,4.04988551052916,2.75520570098774,2.79374803307439,3.82381443501153,0.384620659977949,1.2967273724994
0.857678347435207,1.16039430457455,0.715044107220639,-0.402097547570031,0.0903546322501877,1.86977927765507,-4.29182094284282,1.34910794126336,-3.05939179569831,-2.2890453453984
-0.267795906661765,0.81265418769553,0.804909751686456,1.25350944968056,1.07502501513711,4.1961368570065,-1.17631481339742,0.430162508763674,2.54825992193924,5.11056164652769
-1.34990296572353,-3.09859688794371,-0.41313580842844,-2.1584019569933,1.04376083851467,1.22741456804604,-1.42167917915543,-1.34993742049535,0.34631457259896,-3.34832386437572
2.82553158152662,3.25919548861322,0.610746135484104,3.79527278839125,4.34525261164087,2.81829868547344,0.471234284916904,4.33761120301918,2.33400224673093,2.02081166876223
1.11153398215152,1.32647741726088,1.05097071739145,1.42041358904178,4.7708599272379,0.484608875607987,2.62504958417897,0.423090299709511,-1.22522540111183,0.0531877709836694
2.59339711946706,2.05112976174955,1.23805514878161,2.67202539039548,4.08383366575529,4.38530304260916,1.34775334710559,0.359508956505106,1.96240847779868,0.804493763426046
3.93312963241636,0.175473830114656,2.79415971551896,2.26747115810952,2.44387031811067,3.8235377860668,2.44276596409123,1.27277726526828,2.39032501769093,4.74607500221177
-0.72431401396869,0.632303485135059,0.421943245102088,-0.978502208689522,2.7366391711646,2.6047744095154,3.56434865092394,-0.147502944191112,2.93912835316424,1.07250332626583
2.12342407518804,0.327287557621663,-0.0243218867369051,0.238168183002288,2.24754874375354,0.454019530449339,0.870205805479407,0.6421135512906,0.252110626878351,2.87515740461168
0.182622920472307,-1.98156288526947,-0.141047444979868,0.782870187606788,-1.14921248078571,-0.121103152171567,1.73179007779474,2.61388987804046,-2.06313186636094,1.29866063142709
2.86011107214851,1.52640029963977,0.887977912164314,-0.291896072583616,0.463009289939402,5.27703522315917,1.23286736854951,-0.980936288165491,-1.36229227773901,3.55006420518401
-0.413566884509595,1.42784647856692,2.43513091947034,2.15416277621012,3.61664421505664,-0.0932748615078434,4.10067788417695,1.94229031837506,-1.04652457992027,3.47118119856905
-2.11956636091043,5.89165530658819,-0.751391221233108,2.16703727131788,-0.629212153748331,1.81183163966429,-1.32897774550869,-0.577545583015482,0.194729669245171,-3.12115520424468
3.38175759522729,-0.976768777873492,0.421556867289629,2.48040364561728,1.57293510824104,-0.102019813363158,-2.50453479878793,2.02751144326423,2.14277127434993,2.98242612030625
2.94645863292789,2.46267181354857,-1.40511462686019,1.74400090710734,2.3881433074317,0.84150927156031,0.271430079999443,3.09886094500907,3.03345230342579,0.803610599070263
0.25873980690272,2.33734677266857,-2.33145216227613,0.227555107837417,1.86004158031823,4.7365664720887,2.73846363499865,0.418764808632814,1.81400361634195,2.25594945051237
1.45081517553167,4.16189576135734,2.5493869501724,1.06966248062293,1.90179628851119,5.09551441330464,3.8567424336823,4.21432782193549,2.54510169499274,3.64342591504645
-2.01843494374929,0.315481223407658,-1.1066577640362,1.83955455206203,3.16235783386689,0.428158286360053,0.152350391203778,-0.123419428312551,1.97772298672596,4.35406793653194
-0.0737952597049969,-1.30429810371405,1.50898171402312,4.96530313041893,-0.827653077925321,-1.79966163912107,0.044486212756236,2.35790366692865,1.24323791340122,1.52224194385009
2.37937025099524,2.26763348405421,3.42535721626569,2.84536963605458,5.30373938279027,3.53541850734825,1.24000582405519,1.93256378875605,0.986040252515296,-0.278873367186044
4.6683850382326,1.86565702921247,1.30437707728104,2.82565025883854,-3.160463746771,4.19544949376147,4.58121230242745,0.835986990011113,-0.320580469136819,3.39227760449743
5.17857112867063,3.3894047904822,5.69606442426753,2.42159210951543,5.09105511937903,5.27675735461404,3.03159221104476,2.87694226703346,3.50435319520071,-0.12200362366482
0.191127686033647,3.92972694917848,2.99102705633158,4.39011187681654,6.42407861411542,1.28938519655831,2.68095744144853,0.523808480452205,-0.737713179180379,6.16297191274514
0.92643189807997,1.10991096083007,3.73053374745387,7.34383660093647,4.37169151774127,0.619269824792278,2.34819347590859,0.771165210306158,0.615887813814791,3.0485437361768
0.0989075438728562,1.81306985338726,3.70389253881633,2.76828187838905,0.404650829341141,1.53499125475426,0.452244400101297,-1.39199277328384,0.175474471731599,3.20180729175647
0.964956685159175,4.30412678933345,1.8816932870241,2.98296770654474,4.79635622547314,-0.093255636735301,1.09471365209285,1.27073469023955,4.44480787473695,3.64245636419513
0.722836485054696,3.47536251703068,4.00237493727054,1.09577152371584,4.69649719876851,4.47115279471632,4.13987445731896,1.26884946479239,3.46442162613906,6.71885159044654
3.8268522388774,5.35532029906486,1.45216990679801,3.83138518522299,-0.432942022476853,0.545794052729726,1.89622741595597,2.3915228827142,-2.56336881462453,3.29865278152882
2.02908966621792,3.07134281065644,4.53540511885366,5.41957780474039,4.20873087853537,4.47119557052701,0.70562329736308,1.95020988672826,2.06831587293045,2.93739565969711
0.935716632151767,1.82038922288617,1.51242829586022,-1.57145433847392,-0.574329148509076,-1.58996376065617,0.122472386048132,1.36178914978141,-0.633637323882976,-0.648882060399333
1.08207634817018,1.68276787901975,1.73989005638355,1.89330523292421,-0.00567593633637564,-2.3016897700869,3.09198480723177,2.84415458676325,1.87322234431526,1.04880190176775
0.419451746123871,0.916668841706427,3.63945262707616,0.984640826729205,0.929275742190045,-0.0962968877933341,2.8367331065488,1.85623329941781,1.49372828816142,-0.386703499690759
0.846840088062485,7.54567159152276,6.79565141574764,3.1015448632617,2.54756458826762,4.88870321761854,-0.472248227139636,4.05492764163874,3.40931624029177,0.385545184620581
5.26748126868993,3.04911013258232,0.79396250321238,4.2874827171698,1.68713903807606,2.88048770412548,2.77883432790732,1.13632171594419,1.72160540180818,0.0174162093292987
2.95837512806714,1.18434748805291,4.25607232071022,4.61787818628692,4.37489154263911,3.1775379717122,1.21575465020414,5.41259734882543,1.10239020629022,3.65840178775441
2.78997719327326,1.23448087168333,4.42786369745472,0.432097411169903,4.28082981120542,4.92787287438485,-1.28968606792809,1.02957123355857,5.30082426839384,1.15136913434204
3.58176736710472,3.63937534742411,3.50303397070447,3.38463388619379,2.5865137421061,3.63547598451612,2.11293458855571,1.79753569248615,3.43408791756714,3.46463641778313
7.49107971129776,1.85387401816329,2.66044180522716,1.70592722533824,0.0849233720474635,-1.38854756066718,-2.08574343160438,1.20298898034792,2.74982641317977,-3.81673807923819
0.671580695543709,5.62295824391329,3.74836223229305,0.0869785746196525,2.42219375996137,2.33744334674208,0.552927087899178,-0.525582963651867,-0.643082119634566,2.06871897639723
0.696689307799536,1.17584080185185,0.0340015028714556,5.4614246259501,1.03642813734875,2.1213927875888,1.40000457324994,2.50826772621493,0.827172742410847,-0.753771877761716
0.700511236491738,1.79457893937665,2.90399583575214,0.407131042328298,1.37218760832876,1.38550301604488,0.848347242422018,-0.154663892311298,0.190464324747732,1.32060957660954
2.72808790200395,3.30992470890445,0.753628132340771,-1.35897727993008,-1.0139054668436,1.19261427715068,3.17786527771847,3.19726720040508,-0.798769846356619,1.95733776645146
3.24587137311388,-1.65985944277376,-1.18267861361622,1.79208080077396,3.53623936890388,1.67199810195581,0.794500806651289,0.423518692128187,1.20834706421198,2.87317465371387
-4.7285144046442,-0.16100684365902,2.75959694320062,1.77008088983652,0.21500730303423,0.863243533255482,4.15311414998518,-0.971685564150444,3.01068772685844,1.66907279446877
3.39271575388295,1.26422370027959,5.22618560773161,2.93623777888095,2.17621006155808,0.885554114187317,3.3276534377584,2.60551277351264,4.52361954093524,3.47364099645594
-0.176799016274672,4.72543488405636,3.80431130781998,0.882238106836681,1.20818483717297,4.39314099365844,-0.553131145733549,3.57201122622563,-2.34810774121105,3.8253112631616
0.711294463807012,0.889279152488268,-0.434363278694802,2.98128992915902,3.7110641912469,1.79426678812067,1.33920697562163,3.00456629931838,0.139482082180378,-1.25316685054495
2.48458296329431,2.56907819753161,0.572220203760287,1.93943852124482,4.37769670752486,3.51306461081512,1.79947926450029,-0.179593776180526,2.16449367502451,2.61099872433075
2.07444308944272,0.86964691672983,1.46776596766619,2.94900875217709,0.979165511989787,2.12585908389768,-0.414186830447628,-0.268460428095003,0.421569333683417,4.43946832005329
3.35302220424633,3.17307512181955,3.41745482405138,3.16045795685996,3.2647813404899,-0.0984971942540747,2.82549865907944,3.98572058185919,1.82454921788964,1.31006368767766
3.3760498833062,2.96390746560705,3.58514100374139,7.34511697533475,4.02186834128157,3.84119489062036,3.75505452371706,0.714269794642444,2.1964602438033,3.29499172528918
0.708583955706223,0.664424542110976,-0.566175153320512,2.16333882303004,2.03023661482664,2.64644677119495,-0.100344486174531,1.69502622847458,3.32892455994495,0.773631537770296
1.21149496793604,4.84242366733336,1.48552990840428,1.57216573155047,2.14496424715074,1.68249802100375,2.3323793593435,1.3592227628705,0.789007977421409,3.57862699674696
3.41040328105843,0.700382828329899,2.02667429500737,0.414966713855967,1.30056337110577,1.83001014587669,0.927928495811189,-0.450586564449576,1.71992485994527,0.482577096489035
2.4190866089284,4.37878340543054,2.65560818297063,3.15893825514066,-0.56562581322871,2.47789783523218,0.959396939891008,-1.33454810996582,1.93551612386962,2.47634230469583
2.30953381046827,0.621957232715027,1.52882492081515,2.01912546332555,1.94243695695374,-1.2522814232439,1.44586366540939,-1.63891224815785,2.94483650917316,1.27508030503759
3.16832996416276,2.41064778980647,0.297161912349052,-0.628121620871797,-1.06227304547729,3.56951299579853,0.355346771209792,2.19132766958971,-1.49194966550425,2.86656485574963
-1.06828788574504,1.77829242810045,0.357059964469323,-1.38337500601007,4.46209927917702,-2.85992918381745,-1.10104287005882,1.3203547292135,1.08060596138379,0.00283430761783876
2.61874787027619,1.61958404796956,3.92573255588762,2.68960058752561,3.10853606978055,2.70685702868252,3.45055629108882,1.39314184976747,5.9734839292336,3.89116245012743
1.08864211722549,-0.767424079216993,2.23141460502948,1.93337693061966,0.764655114853756,2.24173512816947,2.19440579015348,0.680934446469161,1.25593410869176,4.66069516335019
0.560021090619474,2.84413317662622,-0.498761857153853,0.919610677389825,-1.60975617503945,3.01288816398972,-1.28823121687187,-2.36159679976273,2.84011453788591,3.65786153227683
0.630904569513874,-0.295761303937136,1.41604336780848,0.951220735638767,-1.39441854034389,0.821814897487494,3.19836703011933,1.02274839644422,0.616087871724007,-0.332468259371366
-0.467800829810665,3.30206206533404,-0.31258131525683,0.621539909472626,1.79488821506286,1.53002458492739,3.19430716359304,1.11071422398578,0.83221315579798,3.31426180993848
-0.250530930193176,-0.576035291652594,3.48309760265694,2.5664062676015,-1.40831472052312,0.230420264351747,2.571713611781,2.01677389577587,2.09542003314867,2.96901987528707
1.44563626622811,2.67892625072838,2.86516443501351,-0.0789302826630216,0.649903020645938,0.963147537779533,0.727902075145105,0.173727392117749,0.00271174428287657,-0.246987979813926
3.85068527689474,-0.367487044449156,1.02108819253432,2.06190200505263,1.50009582603585,1.04187491044046,-0.970792224974098,3.84464095608895,1.22405509622386,3.63777718554992
0.479611284998218,4.79283150344385,2.20541334701486,2.9976076996616,5.38365276714001,3.14893346632222,-1.57582348107895,1.67674331191456,0.482225698623211,4.04685003912675
-3.14601752830799,2.43675854380386,4.82763133023809,3.81585031268561,3.28637218896959,3.5671144227639,1.1016106184147,2.71879704803037,2.66633490616051,1.93520441787753
-2.57244309119945,-1.17942542487396,0.809531673022523,0.352129035292791,-2.14062352990987,-1.06693697454214,1.3945615357347,0.661739143124658,2.88333427527215,1.91440469820648
1.84147253494116,0.800156205955887,2.74595199059195,1.19049556527887,4.62708096793914,1.3530741322168,0.308874924900538,2.4089787561358,1.29938809873565,-0.0897277761567916
0.329398919162355,3.12356823151632,2.01022527253632,3.97712967154249,5.76710867518825,2.80645849885982,-0.0783964141735205,1.99745095077741,2.86810664805943,5.08507278108234
0.215194600638115,0.307651741110801,0.90692890593757,1.59450557641326,0.808345911868806,3.00621998908139,2.05935584210757,0.94202530843138,2.17758805436262,0.504802032301208
-0.572295738819496,-2.33660646457002,1.70920360026308,-2.16563343017046,2.02438541921643,2.50051799959634,-0.375957290549535,2.34938977220298,1.49654039758779,-0.16405263853872
4.4719423690427,1.89041603752765,4.97511207058143,-1.85796074137128,2.67809607769916,-2.36843356039422,5.72310799064661,1.26273198076788,4.09499880171001,4.22775575725556
5.29092171186919,2.83226977586833,-0.692582644494066,3.78509049781826,1.72614501957333,1.87436130885888,3.0727812730063,4.7003172540772,2.25452789345243,2.80695964614491
0.443101744413502,2.37496969263107,2.68634509764218,4.38985630857168,0.24598748951378,-1.26063906752808,2.63635503659185,3.43406856080282,0.330307340086172,4.52181712997408
0.564676884749778,3.24749672663123,1.95305823664084,0.27746037089306,0.542110048152781,-0.729489758591615,0.521000799693758,-1.94447701607214,-2.73381555150382,-0.0434725805876268
2.11396159905113,2.85419192530574,3.66741974363449,4.1117510696762,3.8153372586129,0.89500211683181,-0.589126811474266,1.07002578389644,-1.75171516226852,2.67439282038929
-1.73923338831025,2.64999426450071,3.87416503999549,5.10853508318405,0.885457245246841,1.07586667215826,0.383791798409802,4.51754348018726,3.4986958007399,2.91597338391997
1.95766693075351,2.26309848156392,-1.57899306399412,1.86753612424191,-0.837000049028536,3.17291017645813,2.78085483737456,0.192894078695087,4.82311913796534,2.75108347478007
2.08377927891754,1.07659711495158,2.80712752481621,1.74377624884819,1.46324926895335,-1.18971061838162,-0.0975897576941493,3.45941574176788,2.44470045034328,4.32365969860284
3.49192506409983,3.25791341925755,1.84089683853597,3.23469461236131,3.9255088762631,-0.282811313924095,-0.175619969386608,0.619673701801071,3.56921248614305,3.62743518602881
1.34278609856894,0.72418248490044,0.320048555524021,0.656232326334404,0.0881069316708399,0.0398211494366831,-1.02647580792984,2.18322080039546,2.73820497205898,0.862281163238123
1.59561782280979,2.04151781860003,3.08394806958059,2.71224476037542,1.9997455774751,3.90485486333607,2.31574015325006,-0.185791140034809,2.69815320357166,0.978165382958208
0.990529954465271,2.01339741042673,1.7301707976584,3.03396965540835,1.48213428521755,3.72390208910693,-0.905464049541673,1.64160602280614,1.72670172226205,-0.395839963644012
4.93632887396938,0.933962058950017,0.341395861889101,-1.23634052273648,1.24228037803874,2.77978947415167,4.12798671673435,1.87078820740315,4.17002407457505,2.52310770355238
0.710541641050445,1.57300278343916,-0.947720551386968,1.97838156562758,0.680428887359905,1.56449912196648,5.07638465034431,2.89071380212248,0.429412726115643,1.11812459496868
4.18630097740764,2.31596505796926,-1.92450634412635,2.29148466093603,0.0625197097277758,-2.77936801931677,3.38220256672748,-0.58201167851857,-1.21802653414843,1.67128886723466
-0.391919361946572,2.29029783414402,3.87624008698697,1.76210934804885,0.0708245747746514,1.31508272471035,2.42850187329572,-0.931584278470782,4.46353754614791,0.818108788037613
2.92922167431925,0.500313917474363,3.88514331003452,5.59716320760487,2.55411519135751,3.16358817207048,6.06376810832783,4.74134831212764,-1.43760348477563,2.53884590832421
3.76918798027599,2.53295901882369,2.92701262094962,6.18494848494343,0.745973134706763,5.08427390104411,-0.0403845848879878,-0.293070008806591,7.69746416765813,5.19200806634329
2.81245792845431,3.49739988008692,-2.8901027654501,0.834313136613143,4.06376337084849,4.83914829514618,2.30942114307106,0.502632654551307,0.794833146228877,0.318975666838485
5.02922107605266,4.99275083057422,2.51307145786091,0.337131171518011,0.938761676868439,-0.907570039747179,0.994946394096514,-1.18087825877723,2.58562071760573,1.6943404833004
1.21368954050783,0.41307707550534,-3.07027495848783,1.70853583888479,3.00303547851205,1.58791661447676,0.979119437523652,1.76325013280782,0.0572825692723632,4.69442585490019
4.52788968602644,3.62889140895338,6.85068994111373,1.633810185949,0.742380123394571,0.118032942222687,2.39654903652069,-2.00949296525079,2.57936071871105,1.66597379810587
1.99175050927836,0.221734802007681,4.30961926709793,-1.21251636432239,3.27620780691235,4.02813664079549,0.933706688937372,1.782253210516,2.43627089664772,3.41451436273193
2.9675381105543,2.33346505865369,2.92025404178984,0.867224656298547,3.45883144235894,3.8237167031102,0.844826205937854,4.60684076028384,7.14505617855652,1.41017220024795
2.46117678470989,0.926096792186943,1.64897723394584,4.80217106699034,5.12737120006217,2.75297821912846,3.7471160796882,1.64091414819827,3.46940138246443,0.743788077584023
-0.890023352311091,-1.64257554228809,3.42507210850078,4.03543262845459,-0.468736097102898,0.214837095912264,-4.43579981474341,3.51259433910316,-0.589777082227668,2.10240542670624
0.813193011715741,2.51884645673147,2.59372605520425,1.32173108412548,2.34017705594589,0.529112756983545,2.43376392733515,3.48266695748504,3.1855581465729,0.545724211638458
3.23700031193527,4.50716256995233,4.37198368382604,2.91115861180163,2.68929861535113,2.89139063346036,-0.227300551369754,3.22340677918273,3.80062262583695,2.50443078149182
0.282442497631074,3.02939444916194,5.6891616210556,1.31912743496672,2.02952505569089,1.35927500161634,2.726987388722,3.34622169649074,-1.74537013782123,0.476157791756677
3.34029219637297,1.14622580502274,2.35530652437186,1.06237080048563,3.81781808544498,1.84466073008726,2.91972939271315,2.43047326081152,4.03140218842781,2.98090406218934
-1.64280128844968,-5.06463571465374,0.445727721772485,0.711305517282902,1.1347523218103,1.88100530277645,0.0925727805715156,-0.155916001183136,1.12010459421741,2.11617851806829
1.780442806074,-0.953798792880129,1.29626759970217,0.775952436516109,2.71918835885463,2.75153833743528,2.36478717702766,2.76124336999753,-0.926180335156885,0.0708530755260179
0.687156025522081,3.99452937341349,2.42146767111215,-0.403500431102505,3.70636828995862,1.26418990030655,-1.70304924454998,2.05208131469451,2.60095815117442,2.96630853048153
1.32238041635708,4.56612958383264,1.71635662699468,-0.761223221238682,2.18881787245394,-1.69045850127027,0.857850685866787,0.214384284036092,3.38210343356712,0.474677117515648
-1.75515608508358,-0.136430683992018,1.0973796024945,1.22963930189159,1.52839970199596,-0.914779570472704,-2.11478677824158,-0.00410929171593262,-3.25913545033798,-2.55469791925316
-0.523177940975755,2.90802979585072,2.63167433811738,-0.252511917489268,0.458942605584276,2.85832478652998,-1.06437091330758,-0.480317470481162,0.339997624492531,1.0967003148813
1.41041231391221,0.874256154478628,1.90761744267958,0.941674366426682,0.741027186162053,3.93462211592747,1.56493616268939,0.0794655881560303,-0.577038154114252,1.26769645365715
1.72313358162836,3.80763377629617,1.63648549632846,-0.196711698719531,1.2350400265097,1.60519540257927,1.73395902271976,3.20501205428283,-0.468746075066103,2.54438913785381
4.3161086562426,1.04051782610176,0.822234192643158,0.351271773404422,-2.97531351454785,1.12443821676847,3.08414683682888,3.36769739364017,0.882116114114624,-0.0966261207190273
5.66720140802155,1.32102803239972,-0.646701212511366,2.65915394055001,0.990028549446009,0.866021858956527,2.7018775198085,4.82164278114896,1.91270769642289,3.86501345542473
-2.27041681218135,3.91308061253872,0.441818839863812,-0.091302214136276,-2.89737346974273,3.96503794242642,0.130963344295833,2.44565781913355,0.981458238780786,2.45752993725482
-0.448416242078513,-2.55423682581643,-0.198747818449303,-0.0214792808349401,-0.970846124309958,-1.63650895049526,-1.52704543448792,2.45055649323431,2.99295771587549,-4.06727586183258
1.78705003456231,-0.833993724265162,2.53166142258662,1.61584185786368,3.60897550397719,1.76027025301213,2.49235618031275,2.66751507101451,-0.540400094429172,-0.837619998155924
0.912422342406725,0.760300545458287,2.6897736131348,0.436375596034103,0.534908778730658,2.55226998800807,2.80269044641061,1.33736139124778,-0.729578911045671,-0.0763080282396014
1.62941959342109,3.32203832975991,3.57232558400437,4.52788011036654,-0.0868286534405751,2.59437750726048,2.3564524440599,2.04754295042966,0.431897760417756,2.39586636974518
2.2258263868595,0.072220465053439,2.52062286711544,3.09589590306833,4.13845989920101,3.64313004497237,5.20775354726177,5.88192149875006,1.70978178017254,4.06188325276089
3.01091084881636,-0.465719202918844,1.88570945168841,-0.0880456578935953,3.34611460055134,2.14818171143991,1.04586381096942,-1.22520842279281,1.11035534674396,0.308970334757096
1.16072020092693,1.3325150198765,0.499158279716471,-1.14103829400247,0.935190556297198,4.42113151499343,2.05197316623944,-1.31567165737394,0.922808442803144,0.672133713674204
4.87729215993488,3.19837090591711,0.486498326429886,4.36540632687834,2.98748303182314,1.11964974819006,5.15330790919003,3.3526620556801,3.18509084636799,3.2183883290679
3.30702282924023,3.33530061988663,0.376603023834843,-1.49525004388243,2.2970446954078,0.359366130631922,1.08778081374925,4.50673886860908,2.13071375921081,0.149798290992464
-0.397488584905614,0.88967838642612,2.50746947908128,-2.06378577602768,1.22777453581935,-1.15461158261772,0.408311370299023,0.0839545142802853,1.34782117971029,3.83425593045327
2.49731776743851,3.06288666133094,3.48477719516315,-0.439836991736013,3.1357398691154,3.14592025498563,3.46659452309999,0.451624007230921,2.34192218539754,2.14390320988669
2.63364216246015,3.32217922218354,1.23040718301949,-0.386226998108437,-0.404178084024462,2.27536469077324,-0.519545508681991,-0.838714116804477,0.786289902554423,1.51578231117837
0.421618885215633,-1.95062431309191,-0.441215001075156,-1.81749884577209,2.10265709661426,1.62921495984549,-0.331292978874485,1.32221933534956,3.61140069689376,2.39286730438047
0.112616762588502,2.91135231968092,1.0962818112724,4.76792964928951,0.706973889737706,1.9648706951606,2.83113418750853,0.851015910682678,1.62412934551236,2.03469646356326
-0.794959555853256,1.82940598227447,-1.26764406030284,-0.711713050528108,1.13241880347507,2.76548234537329,4.38138422937641,0.0706250001283875,-0.678816908796409,-4.16280536283724
3.53555664149943,-0.326271552331126,3.38590796504763,4.066716794855,4.08893477352975,1.05982424571299,1.20160748333925,2.56301601620531,0.976991331119642,2.79864652787429
2.83580303128398,2.03249453404273,1.67167291242901,1.69582253028456,4.33871006654804,3.12007942918521,2.80892471335589,3.08992588019292,1.29083458286044,4.7359480788027
1.79503906269451,2.58153715155101,5.05831948068001,1.78588991694325,1.97654640017765,4.30238312088297,5.08666563727211,0.100597124328671,1.06099376334845,1.13844080034356
-0.316525807185934,0.804173512115452,-4.32480991073708,-1.92133785186991,0.269785054095653,-0.388546081139188,-1.59488831301155,1.69088276279884,2.48378862529844,-0.164370389023671
0.222840805056563,1.80291875367078,2.43146464390632,1.34797617683147,2.65600192898788,0.212501022337536,-0.486589496959911,1.82081772837405,0.944221012286057,3.31091344571854
1.38759512493289,-2.30606637035263,1.76144243261673,0.23054849925273,1.92177561086683,-1.11113299248336,-0.31337250632709,-1.64008727121052,1.14516462319013,-0.400335480970686
2.24161303506053,4.50995200299885,2.80404636045437,4.04888068104572,4.63552034461174,7.08124289567575,0.0220920593693754,3.31785718099835,2.88174082764508,2.65027017891226
4.17473396130563,1.25933336705231,4.85572014055333,1.57326671966195,5.54657378905256,3.42667720920079,3.17652905349925,4.16204122213662,2.20005307289665,-1.90483171175479
3.24303868461607,1.40595809091133,2.52494941191262,-0.0890438615994436,-2.24260318958784,-0.83018431465966,-2.48898087816546,0.586513234130636,1.05164664402988,1.78839860033424
2.04944983918767,0.703147240550751,0.998594221195122,0.81075715772229,3.09816154253805,4.18864166049776,-0.274339294964697,1.41631918856436,-1.0165614473336,-1.48436423598702
1.53661884299562,1.54212007227582,4.97308004315677,0.73723245901294,-0.8191675450144,3.48237392145056,1.28269652320798,2.86860235599215,3.91826816518381,1.59681807216423
5.02000978743524,0.917339258116375,2.86343016917084,4.01605524520167,-1.07741173620034,2.81717175822228,2.6020645204974,3.48246156724106,0.267793527261717,3.45892532587077
1.35990584860511,1.40916569272361,1.89604406414251,2.72768388572691,-1.00232239192919,0.0997988320333093,0.534150586105511,-4.16587456797425,0.372382327410227,2.1536417227693
1.27886800139758,1.0366764390549,0.285922110895728,4.07287553780795,-0.450903261714658,-0.199809886091059,0.249078122872348,1.13031375029539,0.0676129923143795,-3.74348441547088
1.48936860567055,-3.34875570449448,1.51378759177514,-1.25862673007128,0.930903436537912,-0.150135870779423,1.50021990779957,-1.78132815275965,1.29517517318053,3.30507444237779
2.05044306151504,1.61062523220801,2.22486071891099,-0.685188537706414,2.5642458909083,0.406302936027444,0.0196573889510726,1.72924740023138,-1.23970090521421,0.67979011381167
1.1953973074434,-0.96853908895193,0.259500212122428,-0.616066268816281,0.332448132350195,0.0454125910342514,0.413864545836868,-0.505271550915373,-1.0322845164051,-4.50627176467126
-1.02880095233542,1.56423858077408,1.70051199853923,2.94889734941788,2.41888872517009,-3.57264010167655,1.60531557708674,-2.9091940289666,0.560351435029154,1.12649854838301
-0.711762864585452,0.793446551583034,5.32274770552263,2.48850305415029,-0.792488631817296,2.79947300591889,-1.4082532944317,0.412231301560337,3.16404598383357,0.545006195577638
-1.167465103459,-1.92597425910941,0.335494437177888,-0.771669668642568,1.77225760288882,1.17754089577242,-0.1416614909226,-0.105360158021311,1.32880082477605,0.623110254942535
-1.60246429555393,2.55097200198706,-1.67650460092608,-1.00539170521108,-2.79447537955594,1.07270582402765,-0.388763108866168,0.484694688375196,-3.34892628162768,-0.462086413307647
2.07007437944803,-1.20252790290189,-0.811358146231816,-1.07553340067549,0.114222712383275,3.61069968156584,0.678488044056216,0.539232309676249,3.69351099351899,1.56747493756841
5.30562080242898,2.25192771482482,-0.213844353859987,1.78908205563245,4.54044978239169,1.1084779842464,2.44105767244671,2.78856406292101,3.82189444683126,0.0844787782099504
1.4061192976813,3.25144536360727,0.052063749850257,3.37617821688631,2.03195042805867,3.40438990292917,1.17616072358876,2.12796453172438,2.55847226502352,6.1170328549614
0.0423821374333582,1.05050882504103,5.66967689916725,3.31255989640873,-1.04260742161845,1.02963652940223,2.43538010083521,1.84154355084041,2.48236190793714,2.99998184709703
1.85412106147424,3.84824061937058,1.78752407214578,1.71723339412356,-1.31005753534312,0.459883685646914,-0.256045419758254,0.901881953658456,0.97984383646808,-1.68012649528244
1.93064285551323,-0.13090722357218,1.39902458143162,-0.554239147033345,1.36480682088058,2.94330405718738,-0.625179571071055,-1.28210095207283,0.956228340851288,1.08543078969749
4.52213082987512,1.97589094036033,4.02834354304217,3.67134431141564,1.90262894927122,-0.847914907241718,5.98277749863183,7.02274409157191,3.75689666599598,-0.546990357825985
2.06141285949884,2.01348957468727,-0.86207286057018,0.556353261649457,-0.701094971221415,-0.888297416520463,5.92454552722385,-0.113364372809593,-0.597145987281811,-0.129521346802394
-2.18715299099295,-0.377474867314437,-0.558788967824457,0.434682932818764,-1.21747000781388,2.16418650099732,1.27208189011512,-0.811748702718364,-1.22812132568762,3.06724452246545
-0.610683318167486,-0.0357050357844653,2.41480856183167,2.00768504592577,0.181363099506553,-0.63626597298977,-2.38009329599061,0.807305835490573,0.431144834008601,2.84648214795898
-0.532765182069724,-3.08337446977537,0.207228507588267,-0.447065024042657,-0.217941068534454,-1.80279319897544,0.712415323490518,0.37889639317758,-3.42826273766707,-3.45691036805348
1.86636692328935,2.7468353508476,3.755439655547,3.97656339415579,3.86261621399315,0.987749107110782,3.25987908871017,-1.95256767680531,2.69110341908383,2.47705144546184
2.48130534021947,0.142889571358029,3.19259714081154,7.02087624981583,0.542576430623097,2.32195413036593,3.54107153617644,1.73975177047935,2.02887973645479,0.239987942482461
0.375860274525657,-0.320376624135201,4.16559216873913,-0.732247520969967,1.19417360269837,0.838794518298828,-0.515275315905841,-0.445146420650835,2.50361327752421,3.82549448870932
-0.0275492782843847,0.0756469778459551,1.60285760262279,-0.0512514689031296,0.944308713355136,-1.92469716326781,1.35972040347774,3.02689832996438,-2.49829821526711,0.426435835874945
-2.08974868708662,2.9186802090617,-1.39036060377672,4.99780790090403,6.14242044970409,4.02736745978158,2.15248754681126,3.25576999754169,6.05466155786382,1.32856988540646
1.65944786052778,2.98127933235265,3.03910974296651,4.54847358460958,3.59765557901693,4.39191285242723,2.98525689135038,0.891575074748386,3.41402224815,1.49170980091415
4.76369090163571,1.06360176492065,1.89196576652736,2.38684929655624,0.251609964970853,0.894490474574969,1.89169330402197,3.63234723202697,-2.41780157161047,1.79165055989171
0.805270398026597,-1.91136884243377,-0.563533645578574,3.25676164727667,1.11965315357632,0.924929563387006,1.66966852399,2.735295040932,1.32143731657043,2.99045933343183
-0.523375893782672,4.18335393134196,0.483326482088559,4.31178002942015,3.70911487655717,-0.985649979174343,2.70315237251649,-0.666116193258639,3.90290393955998,2.10727083997036
0.971218623090334,-1.57762643322271,1.6036978820058,0.077298783276654,-0.11326642169174,3.65399457512336,2.69102477380334,3.14989392908823,-1.58888103625703,-0.708249404023052
-0.082542492556956,1.39565172912119,1.08273881848739,4.81416359863138,-1.17358080525189,3.98312553229522,2.20655884460039,1.2902564320275,2.44091363900319,0.817479551769633
3.0601728717908,2.71486904103139,2.72638205196503,4.50363167006237,3.99780023511686,1.17457975422181,-2.69284407167058,3.23279116369413,1.05770324815928,4.53675344199589
3.1138664740353,3.16169724205939,1.17437192646576,3.58791228467817,0.081003760688235,0.634853804395712,2.25160639486346,0.289577994534858,1.60166791041005,1.79154025304116
2.54097903789149,1.817475158257,-0.726975760988048,2.08902105670754,0.331093308505819,1.60942405791403,0.918827613128618,0.795194886989345,0.855323168724943,3.67571064772572
-1.74953321907037,0.794726955687519,4.73754833995949,1.97507527186402,3.94688848999636,0.942861720935483,1.24171282745726,0.0226577051526324,4.17461967847925,0.0995998280481294
3.01441119117396,1.89893110093846,-0.233167715811079,-0.339908489235644,-0.215764427930474,0.374614575526744,-0.0350468439796143,-0.555385851522018,-1.63459063306081,0.0190235624403428
2.71217924676894,1.9311933141191,0.110576131667899,0.10571023269124,1.7997461004602,0.117882760914743,2.22592766137741,5.58779129376868,4.42102501828053,-0.705650848279347
1.69035027672689,1.52582068812548,2.15413213114712,5.1706903415347,5.09457008483116,2.59582505907623,0.819009940862271,2.93727410621347,1.6190534062309,2.52588913560514
2.95705674054489,0.343094276482237,2.36771488810775,2.0350810850621,-0.980664248042684,1.68205577263005,0.912543641718878,2.95213746744089,1.65491287576221,1.54024715270477
2.88344211997428,-0.0889696251306558,1.3155192177116,2.50482980796093,2.07189103314837,0.347070177493014,-0.0968198046474067,1.80354444515673,4.16844637121237,1.15776612692026
-1.06152851319618,-0.0230834237867512,-0.632979983843806,0.313355837840312,0.388872870544567,1.24725798407014,-1.51836837931145,0.420424118866684,1.3976210351255,-0.0603705136856538
3.76701989672867,3.39326475563404,2.34623218058322,1.69877521585654,3.27001600865961,2.02278897651341,4.26483727020742,0.230108720605912,1.72517446956976,0.188524746237044
0.552990489392453,3.19224125346733,-2.48630666917985,-1.50567016526461,-1.88668977097262,-1.84312326530236,0.944428861621082,-0.843299770781189,-0.362218973320691,0.800921099165801
0.730350865187873,2.30151477814826,3.83742701914418,0.546447566684812,0.585586456259629,2.48619975826745,3.60856837562652,1.68375748247302,0.930828575614007,1.68235279375833
1.13744441866352,1.26239483534744,-0.0691350480949244,2.11970279451732,0.575038198959573,-1.01919191291774,1.31498228045758,1.64891107873805,1.21742938591005,1.61495408928787
2.29576677500591,1.56579340696335,2.12084446927046,2.27783121415341,3.78813635275121,-0.748926187294285,3.8557182870615,1.7314877441197,4.53768518724597,-0.935089867026548
1.4477763591698,3.0798901195162,-2.1317683918369,2.44912678644415,3.4748084279993,5.59484713893213,0.0881062990176,0.699458154532292,5.12020560387043,2.13082764193758
2.14934765949164,-1.82587518805548,2.55326378616632,0.20052271078141,0.16368232286738,2.80571361774818,3.72649948847264,4.07230060662991,3.39405636280071,1.58027537920956
1.56298601758695,-0.0147652242581562,1.3257147022118,0.615190765776981,1.37769454387386,2.00897585787111,-0.205306035429969,5.79292164299295,1.0100346885483,1.57020167523244
-0.220615726835036,0.72028556204354,1.86056988519439,2.54042993893581,3.1984391050489,4.09928111790319,3.30237663393619,2.54641900485531,1.93168177988173,2.41066048136806
1.01134088968791,2.58091156497384,0.0209686447123727,-0.588623897962718,0.757060312727421,0.101567212441596,-0.840358548715807,-2.03151906953792,2.55120073778304,0.778328193369732
0.223891723938265,-0.635846861180496,0.869787957863837,2.26724072154916,2.58046392352262,-1.38342746044364,-1.5136744475505,0.989763322876994,2.10570911717831,2.28915610471297
4.1013165141466,6.36856857612749,1.51540389612984,3.37263878299347,1.49266431445951,3.06004365213368,2.7940354067124,5.83999927559748,1.75350228661051,3.90910550271965
2.32829029216019,2.10757063954252,0.175747950842199,1.25625645817741,2.50670981596857,0.525840611695757,1.94116728089517,-0.936074726374528,3.41209300661074,3.36067629775258
4.3706957669145,-1.63915396765625,4.34458312009489,1.49104581883738,2.97825703109648,2.04036912158565,1.0944069764603,1.43005006464659,0.148676167042811,1.54519966385268
0.0813477271642229,3.4553699057142,4.05075859122377,-0.0677417307545172,2.72656788934875,1.17782120753442,3.39778774413767,1.08733131546622,2.57091118545365,2.24505549279249
0.824410729230819,3.72659273668965,2.57098270093999,0.366996389377223,0.387726333878076,-0.674324149881774,-0.347274067547353,0.951152565566635,0.923413216996156,1.06660042424324
3.53878175756474,3.1075233659871,6.5831149623871,4.36498180191678,1.91147746823727,0.686065525562696,1.19638904073287,1.8018785775242,4.45631775868374,1.81495670849763
3.11404636548028,0.380941777365006,2.26425102781765,-0.254939271116561,1.48113581980971,1.87631124760645,-1.62322206092013,-0.827528782092736,3.85114686538375,2.31472539445105
2.81645400512266,0.92691614069176,4.45498724959456,5.14359651630766,3.46839802764358,2.28869380093117,1.72066599253674,2.1178397418742,3.51269179353198,3.67147468410662
4.51580691632663,3.18493471526916,1.4363966909462,4.10885122020689,3.97884585243179,2.44773368907093,2.87732788369435,4.89155502624743,4.07923701246889,5.91250161802636
-0.318480258613377,-0.454865498604886,1.77272590123974,4.47138669812654,2.62740332546506,2.80779056743011,1.28828163842606,4.26528125314034,3.73062726179793,3.3492015390437
1.69211848351011,1.63892619784387,2.51411025676506,2.88333760780747,1.71854829908558,0.528320135961806,2.20956665212767,1.06704345290262,-0.799606650109197,0.243697188057837
-0.285474470450449,2.91476126039217,0.339785731884687,0.455583220949741,0.379328770399688,2.74866733807337,-1.31243867708771,0.0692486341042273,-2.16534671709831,-0.340389929594755
0.069117527621803,4.98489944396859,3.08482445178786,2.67748274501287,1.21690831232043,6.21114237750122,6.35581191090227,1.45485149291385,3.2627540055236,2.9198221301961
1.61589686713533,2.88933149818203,2.8178686101261,3.69021903484471,3.21805223164108,1.95981999141335,1.24742845231556,-0.246558143336786,2.43922393712017,3.13672953042736
-0.85636012547288,0.260195415700246,0.0530542584695482,0.941990279280693,0.307956511205507,0.819503682890262,-1.14478325106059,-2.58135220003651,-3.17093412749565,0.389143285872315
0.116145771039504,2.07236123696088,1.27564786282018,-0.695264690873042,1.01832446498291,2.94102529155517,5.78491980454342,-0.177558059547207,4.09705279771648,1.49168077734579
1.78190878024689,1.69107508661289,-1.6148204535607,-0.0169476517912548,0.460611850814604,-1.10964657958393,-2.53351480001681,0.658637592123699,3.62045615923917,-1.06063498309799
2.95722183695968,2.06936212103983,3.55716455986589,5.35283509051906,5.17677440348189,7.4411393435391,1.77743514114305,2.25733834279163,0.822666269544996,1.88040263062068
0.227757180525788,2.51359719475126,-2.19587084843885,1.85370783074586,2.60625589454033,2.21690052450481,-1.14024284517378,2.82934171159852,-0.190015781330581,0.652101681512243
3.43601558320077,4.09625617665041,1.91311972620166,2.54707152163269,0.415024978101817,2.887333525181,3.36183620712611,0.760440332807187,5.29220508770419,2.82629280831539
4.59772707510992,-0.819878165386458,2.21237685385678,1.2717291825526,-2.19186759610273,-0.99034169534441,0.184104293533922,0.329444012868645,0.801229571419506,-1.58120508291577
-2.72319787168867,1.40488965763382,4.08572135259166,2.22288136912395,2.86779949627,3.01038226398441,1.73358271765298,0.344330473485853,2.02756713160621,-2.17675507295795
1.43000983241515,-2.70458426130269,1.20302085538958,1.49084772083377,-2.07329954449146,2.35543246231309,-0.388868027928877,-3.66509846670592,0.281599497652053,1.56336128448178
0.914894274548701,-0.701782832271574,6.03799985898591,-0.465411618653951,-0.379205273736154,3.30920604678975,0.665242447891111,2.34323706537639,3.78841093804716,2.64681517335187
0.593747381398546,-2.2965652335278,3.11937752552645,0.86737439954645,0.821454235394406,1.78110331591439,2.82390040427955,2.17201089600559,0.791638608359462,1.93778826319684
3.35414394295277,3.26376742609265,1.47798994247108,4.83203554907709,1.579669101139,3.73755234958157,3.86057896064343,0.90992837233335,1.62081646214476,1.95504601667462
0.765878366063375,4.93946408170121,2.11858711448503,1.43669393707951,1.49944615243493,-0.248135518172753,2.08236930863045,2.86659949132815,0.685855518678293,3.00028867710154
2.00560103744739,1.14405463169345,3.25819629772232,-1.09214705009329,2.17247606320215,-1.87369239826056,3.17059996385712,-2.45943874360541,0.0537641441628183,0.46798302355642
1.4839738251518,-2.38922255778698,2.73169543527619,1.38976036704169,0.79285617283322,1.29413433711006,-0.255619897504195,0.697813121518269,2.27542548307049,0.787445802897825
4.37107954832411,-3.63035370765957,4.39637012514069,2.06455665514477,2.87800203709496,0.125993639559818,-0.0721975880584751,0.976847557660116,0.2580214180413,2.1485905378551
-2.87511868280303,-3.1022333706511,-0.40783037800052,3.36380214484352,1.0519124040187,-0.183876157584423,-1.11795345441737,-0.805859723323361,0.369142626561076,0.217873267307183
4.92291857587733,7.13630051583037,4.50104078467333,3.5618493022094,1.97733962900785,3.51005578890799,2.88190252281523,3.640163598619,3.36528785343013,0.529612019413696
4.21838377945367,1.46557561578445,1.94603505136466,-0.505039020728141,2.64974912202552,2.50072183464177,1.66983469198923,0.394880342264098,5.41627357952013,3.86330199267573
0.477074670206313,1.78420673375205,0.641289267772916,5.73407497189137,-0.803436892861946,4.13423207097517,0.462387813814498,1.53670612148278,1.15166838075457,3.51839778874188
-0.0836758202159189,0.802787567619481,3.03644178473919,-1.1336073599092,1.78598756138389,-0.578434386733516,2.12666468948908,-0.981042816876564,1.63420829603673,0.453255765509179
-0.490677123670409,1.11230721286213,-1.76092043060377,1.25203461672374,-1.35482079791063,-3.96367004592879,1.24291479398164,0.968850476036672,-1.5807006458064,1.20173501169583
4.02937914806398,1.54793148490807,0.984332734522209,-3.48478137969667,1.75102167847393,-0.833995451267485,0.207797855464363,2.31221717652944,-0.687346320083285,0.1466391965089
1.77942039049921,-0.479056905289149,5.48983241339527,2.02570374514408,0.735330110726426,2.388965828252,1.25745543254606,2.23504737222167,2.73654235878617,-0.0288977388989444
2.53877649260319,2.84031034391691,4.3767439745354,4.67388542444251,3.84276450503536,-0.919990439678687,2.03451598506625,-0.29827766135082,3.18609992260617,2.56608800091476
0.436798722504174,0.571943645580018,4.26889138031232,0.263835496657787,-0.10553186395454,1.92119194135299,0.227113632820174,4.05325703297361,0.608608494683616,2.22844321288268
0.965630517200079,2.88858817058529,1.11218118878088,-0.686115270546168,-1.58398193586437,-0.62804961930128,-1.85826492032771,-0.841426582927484,-2.47749011518284,-4.3024432106699
1.8090124194672,1.4634900133658,5.57141459300786,2.36707585494627,2.11335808434763,2.10147709434909,2.14292286820952,4.07557543113238,2.04789482821493,3.43236771418388
0.392403934053701,-1.96797121281352,2.19328461874088,3.91515063572456,-2.35651705292897,0.578243037253961,-0.514933089471568,2.70992550901349,-0.972976224451267,0.0591140442938293
-1.48322750176219,-1.90430574665307,3.13389803362842,-0.928823132694647,-2.05916207024182,1.20164334884335,0.126168921181787,-0.155702629738802,-0.872057107614735,-0.173387082160293
1.73580863742792,4.93951248108162,0.376781916911284,0.295182321064447,0.697096574306902,-0.108180058597941,7.52387568697554,5.35774301877788,3.52706018953671,1.29904549498564
-0.0758420914541906,3.26841567535393,3.47212136544113,0.7700874536633,-0.439245305121045,0.742148722362513,4.46506708531855,1.40910965183319,4.49186756972679,1.2983433184505
5.61928538444867,2.12540445311296,1.47741353488642,1.54927848478166,4.92739736193207,3.11548516175429,0.418722731998208,4.62611991758636,0.0907454023675036,3.8890770261906
3.2927906587787,1.02307730714219,3.22404009021687,0.834343056365048,1.11339346977841,0.837830545371102,1.52490241930046,1.64618105637549,0.561007789096628,3.78828054544825
1.91296849706953,-3.32981765345179,3.34716410578832,0.844677227456606,3.13863518458494,1.39708680155156,1.20573971423726,-0.782347265249268,-0.975230581146804,1.56057349872863
0.456580623287194,2.17160474991737,0.83250596218591,-1.34073464612459,2.21966747875848,3.28243310879425,1.92172968269517,0.698700791381125,-0.140073398352564,1.70432858796633
0.79829987373357,1.44895352908756,-1.03145931369813,1.8211180819153,-1.51064227211268,-0.237473652179002,-0.682091651253232,-0.745021950026231,1.86946243896171,0.455796028669197
-0.198599393623079,1.50974386831578,0.55351301248517,0.588188022460407,2.75474988466106,-0.0877759681109209,2.8336821790338,-0.105657684147972,4.17596819379719,3.43147442769974
0.822454892658409,0.35921963401521,-0.0820429514245331,1.22169594152701,1.61157930424043,-0.300643080317899,-1.78564410637443,0.041003963668768,1.28498293595028,-1.09240585058674
-1.31704311839205,-0.624138761298025,0.791460443706832,0.29498911078677,4.2570383783128,3.28927761296241,0.49149461489696,-0.938946919839732,3.44983399812919,0.889674001603078
1.96960255115156,-2.08207200012522,-2.20336742785513,3.01440906170832,0.612150301338912,1.35242771737056,0.0764201071973016,1.07538539534958,3.22963386358044,2.84748661166183
4.23684638670916,0.423750666007792,4.74448121838423,0.902564779442663,1.5223313943233,1.97693957397069,2.76287531619025,3.41875558579166,3.97404371656759,2.35090302984156
-2.59968761142814,3.10288411830485,-0.257464272238732,1.72107898010543,1.33246116339118,0.575064610282446,-1.23934614302489,-0.698350302099086,1.48234351091718,-0.850856180481015
5.94761636285556,4.94118511245146,3.21122910751114,3.43143447981256,0.901227250510797,3.67847742936655,5.41634573360237,4.6316710248602,4.23190121748377,1.41698617401171
1.94671616944704,-0.416994518360288,2.73008409050154,1.14050649616751,2.9743037711092,7.36889598086916,2.31293524822363,2.35425041592089,3.35683767110806,1.98481609810784
-1.5575277714309,1.2229226199395,-2.62862908306953,-1.62478408455171,4.03145189664103,1.64804114800235,3.01002730256396,3.09155430113379,1.26024426141022,6.04127406877145
3.64726697209251,2.44700827098605,4.55951300162361,1.28839717389737,2.72489409366302,-0.308564117613096,-0.271914741709665,1.54767666534032,3.1854987068148,2.21525334911397
2.55936125446938,2.47231673977149,-0.206146506329639,1.81831164112149,2.23730356377668,0.795598571782345,0.501438720304198,1.85249961249453,0.123182259762697,0.307556441269954
3.04260757957592,3.07916757727565,6.44683097854948,2.24980312580189,4.98835382862332,5.05899602633235,2.56145552856025,2.66383047466723,3.59760440019048,4.23075872970051
1.50498670031708,0.847355649797467,0.961940814331277,-0.241304120457885,0.172342954332661,1.63058992789975,0.796142224901606,1.9606777422969,1.43140235795259,0.61969683428951
2.19015959324148,1.42189414340731,0.0138710848542412,0.80384568552527,1.46416484796938,1.01856086870722,0.757844283474733,3.61729799038779,2.08534322468373,2.56510587179343
-3.46452710483856,-4.68510616824831,0.548170354103009,-2.32784953415403,2.2444837989541,1.71418019153168,-1.14425933889408,2.0821975121624,0.93018733614009,-0.264105105449008
2.60282616058426,-0.0541605602925914,1.1164042770389,2.88033937059143,0.836550671970018,1.53446267996478,1.55598384509731,3.31635209102275,4.97761718680163,3.96299931436032
0.997750420044865,2.60109326795663,1.8880906978632,2.13818027860348,2.36544469931169,3.56365322036505,1.70930860379655,3.54443096793701,2.70663849455309,1.42146045560839
0.236198007571015,-0.216960288532403,3.9241787015863,1.30209133070112,0.74096463043289,2.89446316044036,-0.683223450051463,3.3483177587928,0.33433016013605,-0.062103061790852
1.47675957825428,0.862923021426942,2.08783399195979,3.015619879244,-2.54312057561281,-2.05013691536496,-3.58386754020289,2.45020010925333,-1.1128087485895,3.4777695822846
5.13744029293636,2.84887075875467,3.83069705137891,2.28832701305099,3.9210926400707,1.7481956826007,-0.292774179490973,3.57549556969593,2.8922487359102,2.53731122436697
1.30373520914939,3.05718161892023,1.89791127493957,1.82569489487478,1.25550197559419,1.41147090028556,-0.30111101928809,2.44546987869006,1.833801332342,4.93272936058199
1.01179950296984,-3.23878626877979,1.12676286250872,0.732854362087878,-0.585441981198069,1.8702007906938,2.10821692594186,0.137541305143197,1.52812072563279,3.63735573522584
-0.900868888065382,-1.67518441309476,-1.10259794467471,-1.68894327099231,1.17206982610608,0.26928547336858,-1.00788326365918,1.29377728274252,-1.59446293466755,-0.698825566933185
3.16383071993103,2.11339739883396,5.49055453586084,2.14486507382624,5.90930739558059,3.52531281600203,0.246411997778687,3.96537805084596,5.20704264082822,5.68293148828238
-2.53735836804885,1.83000872974802,1.34526470560521,-0.817179658369144,1.59498023019861,-0.0650125076591581,-1.23349123269179,2.58898922215285,3.67250436773215,-1.19240892819998
1.4074269252749,1.88136878105601,2.27355842687023,2.47899628895411,5.1172084776168,2.88504720629903,3.25561276170867,3.83834544042894,2.49032731306233,4.70351441876026
-0.120854850942766,4.48736537741877,0.801631824375496,-1.09262088089688,2.74198292215678,1.62016323510158,0.457044139070916,1.9445287099921,-4.05380959670938,4.28876047218244
1.66496262235561,-1.36051930718757,-2.55094972507892,-1.05332364992615,-1.74531339254572,-0.533558561695592,2.34676638301693,0.355605634325925,-1.4389357010943,-2.45577487161668
0.739718083163681,2.30140235544824,-2.78714949766131,0.413200363497341,-0.321949718296023,0.550362858694878,-1.45828913568871,0.556833822731516,3.67067827182578,-0.79999097438575
-0.0402022113006253,1.28014704376041,2.72891917142757,1.21943699023129,1.41218201743132,-0.474826585487867,5.5744038227224,1.09653085838921,0.231997035672528,2.41473936887471
2.33565652729187,3.9859313488728,-1.56943043945778,0.513460650080652,0.0591090971106163,2.20584987553756,-0.108537417836969,-0.331060377616573,0.646292342456706,3.75452235057752
3.44409511545382,4.13525519024048,6.01107836815698,3.18809467291055,1.14716827011357,5.98196911301978,6.99816084281713,2.9945308114992,3.44407929477787,1.68161207630259
3.93305160188548,3.84068257519859,5.44080602723392,1.8303711530735,0.62937602446747,2.31591140261645,-2.17583851419436,1.98046039007253,1.60073373543329,1.46857378127048
2.60457109180246,1.97344743894228,1.37669357261808,1.20679190989569,0.802533101030877,3.41079792654792,2.85042620340362,-1.03817050958029,3.24528030000247,-0.526253719275912
3.47595745087749,1.10284676079075,1.8350420657434,0.848828896527278,3.32005965881816,5.88048712971324,3.22573462425968,4.72842685741913,3.91615845525502,2.87795761495269
2.21654935623262,2.29523633822083,2.37939308053621,2.79569886707217,4.58715788389756,2.45851210399707,1.09498156018138,1.71002121281556,1.13183832289885,1.23804789335913
-4.51772023088221,-0.789981382630722,-0.604507932519932,-1.00655773973417,-1.00289749175521,1.71736791187508,-0.881536608598951,-0.48186782475703,0.724449546151964,2.75168445734003
3.22487773408701,2.62448569710398,1.86583777721582,4.73371403143184,3.25062728365954,3.16627310589411,3.48513755556337,4.08877209958951,2.27739271936921,2.53925190250132
6.28068909141891,5.28265144865216,4.72073219755022,2.46786559352276,1.29117512825353,-0.510586988982275,3.58806752020018,4.2253717824683,0.272378853808081,4.86285699904801
5.1280840440556,0.715822267795524,-2.34246978006508,2.62114598772861,-0.168494320159299,2.1679202576422,0.829727338177434,5.40735832359708,3.39983474599686,2.00578415667575
1.58640359479465,0.421151008511323,-1.33842416701644,1.13738308052879,1.49516486967608,0.744960479716088,1.03105325021771,1.37495440615256,1.89278891254373,-0.443069399750554
2.32465068495287,-0.41604588711576,5.61893477848426,-0.334537059995602,3.57636359013234,0.878349351362612,1.94108591396134,2.07764929038489,1.91613216270932,-2.5166183703124
-0.218598137613402,-0.0677931377050487,-0.343091930133059,0.662892649132865,0.522183879526593,2.12389151004814,0.221847716246647,0.564043248625334,-1.10024584365421,0.391083566005386
4.42734207781136,1.34893550522119,5.79660639494169,2.54227963443057,0.232674204977922,-1.58913071870772,1.25206797748821,0.974478114614083,1.11458802210664,0.923256412869618
2.07338266304693,0.986364450961603,1.25613110454434,0.240233245279462,2.00645617828064,-1.40776671102193,0.213687280657839,2.88888810857819,0.787393969296506,-2.128562439921
2.48296760766851,0.150736909853762,1.9093916390354,0.668623726377609,-0.317318640377521,-0.445687846979537,2.30430124245504,5.29281152495297,3.14900563854575,0.005085036029572
1.30363766052132,1.93700407349812,0.429761546424396,5.15953299022806,1.98133149439867,0.323905916833186,-0.284960414317743,0.196706325775958,0.546928721254181,-1.02278817615271
1.37406048685122,2.41257080731542,0.260164259550565,3.05562621701682,2.06180691622982,-1.59017353680132,3.41486423344636,-2.09971443863224,1.66813188288606,2.18598986126369
5.59499698660074,-0.51404330844112,3.43388469118851,-0.591545438075511,4.53204722677296,1.68527239701127,3.02208891728461,-0.271521261922855,3.52994441130695,2.67185644586783
0.96959961033322,-0.906738174098518,-1.34756199753209,-1.56365494321331,3.15947647186549,2.64677921153703,0.341919817649635,3.8323400432786,2.03226047080892,1.57525155850416
-0.424294627269501,-0.56051915141646,0.36136396015561,3.02325010263931,4.70852947944624,1.78901847886814,6.49620487901317,-0.367932824767236,2.92664957726375,-0.556242031787905
-0.214813688050588,3.98957106777046,3.25365977403703,0.776763602971519,-0.477395618108252,0.413423121750938,1.29537031137562,3.01255278883863,2.44237970107514,1.70283872488272
4.33499499309223,0.364015587812803,2.24371511488251,-1.01346638182116,-0.00244547495239589,4.08814231598853,-3.85655283618288,-0.333006587714646,2.12017459964891,1.49423990717771
0.890126437464652,4.23870212653179,1.94526651161293,1.55972960604061,2.20552970474575,2.23630867703604,4.13911666007581,1.00213269292357,1.41753835718589,0.536522572098853
4.22489456637323,0.420002755371764,-0.522214447681918,1.17348768718587,0.867653205556116,2.08420975500134,2.56600887094058,2.90013484165752,3.16809172949782,3.16023898498058
1.16118577334029,3.0824719623418,0.391571598781231,3.93908205244624,1.07252760611101,-1.11789330091814,0.899648480061734,0.696447440619294,0.902931002781468,1.64589341603919
-1.85649583441189,0.0705976457059296,0.688149879829806,-0.593788819748597,0.863077627892145,-2.95656588517624,-0.115417557445952,-0.0553851600717052,2.25450047049017,1.52897250709191
1.70240621180122,0.858407219718758,3.02328521135342,3.03046207612048,1.63652645215221,5.50461902670511,-0.766275822410617,1.05503160891775,0.0989573472307341,4.12145606329283
-1.25865805614865,1.23267888845304,3.23526467359731,-0.345561682070205,1.46517660717045,2.4413026459421,-1.06882637025625,-1.52414004090158,3.01839501084015,0.370055089442481
3.76448067803218,0.957429110339991,5.05453467566699,4.8211931098524,2.88527644871239,3.68719260689585,5.38071979358953,-0.363037370617915,2.31805291557346,2.15935479332102
0.73763962999376,1.92314605757342,-0.0805087667100945,2.89303503745955,2.43165498610302,-0.483402445697528,0.527416498911762,2.17860398691717,1.01179152630209,0.262136900267888
-0.277020591884906,0.590622708167243,-0.669444468272586,-2.04495865251316,-0.665842809925724,-5.37453189226251,-2.83906435736961,-0.422084248560742,0.000314698325857242,-4.55250495581386
6.50152598499844,1.15978690774403,-1.39188678800831,3.82811443891974,1.9291498145435,4.06738049443336,1.26957999951615,1.10036969745561,1.8011164804023,2.29145762507008
2.63816616977859,1.45101157315404,3.21041879756476,0.768806266298624,2.65893884175502,2.25828256295376,-1.39397265941613,-0.69817495324901,-0.0420784159918322,2.30621594806116
2.16860821375601,1.3157817762242,1.71234181353391,3.74134316902466,1.08159536995703,0.969371502971063,-3.17079063090851,-2.64707289230418,1.87355740476691,3.79489424513423
4.26873241737502,2.9767975475153,0.442776942015487,0.043430075784096,2.24463472422654,4.89849130913326,3.28906548654809,-0.729014237332,2.54157930162182,3.44485564493638
4.07908049313225,2.2309520356157,3.20146443815569,2.95695742835675,1.97266434600697,3.54103903650848,0.965203435873003,5.41905472177617,-3.23113837550333,2.62971604358586
3.56940399313802,2.8376813173664,4.45960192186855,5.2413476034875,3.2821644562409,1.01596394666068,3.54539841014675,1.25321555207042,0.648073695872939,2.7488309024522
-0.382921930245173,-0.108860370383852,4.27071161186854,2.62527261045158,-1.70443361114588,-0.907897052242869,3.80800172177445,3.59732045047788,5.86196626755444,2.92661832179733
2.55475939307433,4.16515559847148,2.32396103110283,2.12143319633472,3.54360524750297,0.892917214144094,1.41404821858234,-0.0698612862330417,0.625741691360878,3.8570320708408
4.6242250148929,-0.63553495930136,-1.22774663678862,0.89997715409602,-0.312984658988108,-1.27513264960579,2.7735825549352,1.70317500286443,-0.140032806055651,1.81215320400955
0.962855069315378,1.44341120163201,2.16651678832289,-0.197881325609343,2.29622090951652,2.63993868454951,-3.43583295358252,-0.950283584153629,1.53569087577407,-1.20422646644729
0.870850871881563,1.44457439268627,-0.0585812083005439,0.361164029631372,0.889401675403561,-1.40658244290515,1.87838992544263,1.79727821308269,4.60746147018314,1.79245295953735
1.73490381430479,3.29129284746116,2.01439644409534,4.80879691343306,3.2476295733652,5.49337620057628,1.4381511569345,2.97748425147246,3.60254907826245,1.54845131844492
-3.24874262541396,-0.472986333135843,1.64715425481851,-0.652888430798897,2.82586455308919,4.83415736724561,1.99353870733674,1.00819435424563,2.43931196797128,0.80370739218933
2.61193684269376,2.33811198577956,2.36889462114788,2.70671282317212,3.13353373807987,3.1230781456368,-1.70679049879857,2.86807610656955,3.27030954936654,0.505393901164751
0.36341275154276,4.3153240631468,4.45773906885296,3.15407492146868,1.33685814854259,2.56545360891838,4.80072628832019,1.13689177430996,1.77467881541985,1.13132241734661
4.37889993763577,2.37125931042101,3.48464082516241,3.43135344594377,3.88044838633606,0.823925925725952,8.53931189204911,4.3117419115228,2.39696239821073,1.35083391757763
0.607999055987901,3.01039132174756,3.0531381740563,4.79930534450024,0.896350911524563,1.99109135931685,0.463144101330196,2.18694831073494,4.18974925169069,-0.0568222395845557
4.38692776556197,0.121446923305713,1.08975216823966,2.22505646554863,5.03055215611667,0.530102577000533,1.72926917373289,2.11886766872979,0.328058788902314,3.94661872093984
4.3054406858207,1.97897923393341,3.48143120172231,0.593263668704787,1.92015702053575,2.80573013823753,2.99475657217761,2.10562763080759,1.27315456553459,2.45674716590541
6.39131700373033,3.85294699038506,-0.151128594084916,3.91501868393358,-1.95123595883049,1.04770248018845,0.0542066055345741,3.07730226500374,0.699201599825348,2.17362661476319
0.801554391706421,0.105716142734564,4.08059685467508,5.36601798499835,1.17653406745486,0.595585449240808,2.20235159826947,0.531327551460867,4.48399907304496,-1.44007343129202
0.480516715273979,0.39478388200768,5.56036147005011,0.979327818395554,1.11675225723602,-1.62807709405653,5.36703156761325,3.22341671203129,1.41125058326235,3.9114049082781
0.847224370032504,0.880930679358373,-0.239722212553904,0.480529509655535,-0.606313332113893,1.67382667151638,-0.720109245738721,2.42203312558302,0.443415843221251,-0.587971056878539
0.552268620422321,1.54019199625978,2.97443499062611,2.5015654277413,1.93082429258651,1.7489060359745,0.174135175118864,0.892521966369005,2.41190030780521,-1.47066954510579
2.79630479357945,3.1182438808333,3.64815377235383,3.7320198760115,2.84204774550929,-0.592547291962948,4.21971822258983,5.00852923192018,-1.13262058663784,2.04852192807254
1.86523626605665,2.82618299909097,3.00203012274284,2.83122634268704,0.631717164967788,1.82775918767484,2.40482993654716,0.693353369514464,4.07944520842339,0.578395953381336
2.37733998030933,1.59710910100184,2.21981907173753,2.0577089192715,2.44303258986415,2.65519290476225,1.71127996138432,0.194028433801044,4.18695298247721,2.09653940651128
-0.975206721746443,-0.313902225812604,3.65106952415829,4.87974450138654,3.46559051439916,2.43929975068253,2.33150350696361,-1.47493954077781,3.00853476873652,1.13175041974689
2.2691336482355,4.6712683995892,3.04521204217815,1.29405336346482,0.898418088031766,0.975793527659452,1.78111692944523,2.62564293958735,0.3732226771067,2.90030275032364
-0.194561819161443,-0.00960396203993574,0.802844842396742,-2.10567716260974,0.763205958984792,-2.2363586340494,1.13979301024544,-0.646242523717364,2.91561873642765,0.900821290790441
0.804672114447449,-1.73735338996378,1.32600745041264,2.56254143850872,0.897978391099927,1.29318726678645,2.05075152429358,-1.11260977106366,1.66893749959897,2.85433834100738
-0.983945679048004,1.88774593454135,3.4665011661411,1.34187423983202,0.386456204635645,1.89771765816063,0.438978697804298,0.512220227016878,1.30980216812438,2.30939133087417
0.798908410249296,4.75054524879816,0.984761475616619,4.09307450516601,3.89498079802203,2.77070348792614,0.208120134920578,0.405803055096621,0.778360161042865,3.58035748884696
1.24594304574629,-0.840108668821294,2.47504981656939,2.90763830768303,5.32642332786897,-0.836832270893529,-0.602008875039678,1.89397248368769,2.15409366850887,-2.28795110874524
4.67120977335295,3.07618404488164,7.04847560991719,2.23580542832051,2.71662340469595,3.88588851467433,4.00123533746355,3.3169001541494,2.12602630774865,2.26632679779094
-0.239913194415082,-0.882327652762677,2.6888246405487,1.58446742226329,0.725124849129921,-0.987367373779536,-0.838687402406361,1.97574177282824,2.47681344204396,-0.35535036377207
-0.363175713300334,1.94930767464714,-0.600066298391125,-1.95850841987757,5.4617023187578,5.12790380845209,1.22831040189284,0.945974952780148,0.445687576163628,2.86581536246872
-0.921693267548774,1.95519552874731,3.80553681568987,0.761195404681504,0.606752552409365,2.3005180338617,1.52408359129204,1.794877170224,3.23261818536838,0.0759643427070542
3.40462932329834,1.32977087319085,2.44028177656239,3.19085750486957,0.397028863856875,4.06330170858818,2.42264788601624,2.3911092950835,2.99524460365059,2.00138709984435
0.00171066000334741,-1.64417405600834,-0.0879529358232893,2.79565451693784,1.55182690646617,0.148623232979916,0.477736152186885,1.83701196110138,0.406227596729983,1.30246758642436
2.9166521846712,3.97549643742784,2.87947683258606,0.660685893703784,-0.414370865577553,0.111691594471855,0.721290193245578,3.97028557233231,-0.393480297373467,0.898931055801944
2.43622560209969,1.57335483065764,1.41604404295325,3.38367960334681,4.58346658793102,1.08099449395239,0.931095940915185,2.16832151218515,1.31754067892494,0.286743892809507
1.12438499168131,3.2163114093059,0.178664257792872,-0.668850614153349,3.04567366069021,3.57406708775962,3.96053977778934,-2.88541605700157,1.57747056888131,0.302664211812778
4.2734743934847,1.83444554998726,2.36783600331111,3.41439265050819,1.38888622454817,2.11385705205966,2.15831894966619,1.79804525153541,1.58419636473304,-2.02716961785295
4.28359010926465,-0.243526637516509,1.72115781434144,1.02677452429073,2.35260743583287,1.74629033243789,1.47329349028954,-0.276640122975729,1.01296716235102,3.46011718495927
4.52966909635975,-0.0517502606985798,6.73555327359406,0.898671567080028,-0.554195167681918,3.72213025187772,3.90714747899848,3.15855360391762,3.1536867134374,3.44377423668389
0.603691950581275,3.64884441467095,1.93832477915056,1.24534357493007,0.872369966381982,1.57478394780822,-2.6318395567025,1.9752806967633,2.69563555812237,2.08285603460483
2.3545739872212,4.20247205880258,0.883823243947742,3.36157478202617,6.22246045823503,2.90511184048152,-0.42788666709594,6.04328869069747,2.57891494616868,3.51895082471547
1.6837155915847,2.86158411540456,2.50656640736811,0.46005258977904,1.6084306710062,3.66560331993271,6.23141026772539,2.94270775408604,-1.55723824352071,3.06714098001962
2.37034680174509,2.73346175115017,-0.173628537100305,1.90830334130617,0.118188366912353,1.80903460294875,1.03268816038059,0.718465194337296,0.0327138406979155,1.72850685678625
1.40615819504008,3.54567536596977,3.05582785655867,2.0267916823548,1.20603865592906,3.41661776419187,0.381082811088974,3.85949382518622,-0.0679438878383216,1.87656572451667
5.86967505656128,2.71974109238566,2.71434449904358,2.37097177311712,4.12628133054482,4.26419120653891,3.42665890899228,3.45634224775487,3.53460096286642,-2.30828796910123
2.0032018061837,1.28875599738317,2.93312950622566,4.003509821028,3.43886663360257,1.44977951722753,0.292163449316118,2.63248038306482,0.850540764516526,0.323895463508235
3.19967135759511,1.42726318947088,3.30805248827701,1.58933688203671,0.428911823695659,3.81557302244338,2.49625479285053,3.71758562777035,-0.205150575851425,-0.606785820820153
3.80167974064833,0.522793837735217,0.793217420560824,3.03551791730994,2.39441485842758,0.286358606119938,0.46011462800616,1.34414329763515,4.67505074495073,2.74790061928627
2.65316179062577,2.69890823123324,5.95041344897867,1.0750521942954,3.05275243061039,4.91843768307618,4.73918936941377,1.91408488704668,3.37148109235933,2.04081381674185
0.708109746023905,0.73679660600637,1.15005510800583,2.39650423288482,3.22606352997729,2.82702884895757,1.27954953256829,1.93764959646709,0.632684933415099,3.9362411402778
2.74710128605185,2.18788352049098,1.01054100107174,2.81302491114051,1.4912227984134,-2.59880238145675,0.859327828671034,0.230871336938391,0.431703832158029,1.38713970919169
2.78435185682471,2.49494286249673,6.19728637486195,2.36584803531495,2.39857444344444,1.58771849448904,3.70439042640607,0.559402931784579,0.81367690016605,1.86285448549672
2.85625853689251,1.35399469626448,2.20670884729332,2.48559470486432,1.00602288352952,0.479669101841345,2.69602781790238,0.0442137298670793,3.45785365906239,0.183810293913791
-0.149867046635506,0.324792684089643,0.591795011505555,2.54596644752985,-0.0238252020066294,2.76059421925889,0.570653430867552,1.93279648877062,2.15403456650212,1.89292597020489
-2.21565558249169,0.351646188783062,1.35676809270103,0.0319942654611398,4.6108557842187,2.82877178715163,2.75950847494092,3.47180379418086,2.46074992785078,0.980064207785919
1.08046262999052,4.61769067344001,2.29985441542477,3.25098796142421,0.184332500125518,-1.03582399660005,2.58618302140728,2.43171171532667,5.34859092246769,1.16163026377577
1.9514125260241,0.459343367617079,2.5802702170317,2.38858543654539,3.09410868224316,1.17259942090458,3.11571634492042,2.12132686518629,2.29989104292534,2.61332592139351
3.46027923041928,2.21814636994414,1.46924806854906,0.741192924443746,-2.12407039911203,0.467369086989299,0.863665447393709,-0.307596219259957,1.05557253732613,1.02128797561373
0.379065765701033,3.06146512749021,-0.475786588376378,2.10152858786213,3.33307268014497,2.92303675739393,3.02596929754498,3.78427540861958,4.2885948309623,-0.464950570344371
0.931428459557022,0.135027246565284,0.5565987424624,2.6760267456004,3.2608274025646,2.46646781874963,1.70472563618695,-0.534888827524754,1.7478584439966,0.431291539070401
1.99972070190443,2.79419929820888,0.836274268062647,1.53846982071713,0.332464564782594,3.37757513000606,4.83863885851779,4.05017963393703,4.03363399713373,0.776728488814427
-2.95623017077863,1.28484535541581,2.17635610417258,2.96389106414826,-0.355045098994236,0.648338181645604,-1.79647442374615,1.86500064537653,0.840079066694097,-2.6320663594031
-0.0118164635022651,4.60249502854268,2.01863566794746,0.0760046461296502,3.93811850441555,3.60834625099642,0.0765982093295081,1.22662170138108,1.55841662991137,3.66733398077997
1.1067446925113,1.49510016867954,1.91602037532731,2.56678351982687,3.0906345114265,1.72033773364668,1.23455193861249,-0.375853409390606,-2.00510033075158,-3.15499771953085
0.0755860730405527,2.08911449669362,3.70662214878737,-0.637484442239865,1.31241062864262,0.0284106745490137,1.89695657257166,1.27111306697556,1.43100444377858,0.879116958196905
2.01692554203473,2.16573241704762,3.55983918322199,3.92082282316042,2.92444593543209,3.23105290696403,5.83311356654331,3.37836943922724,0.603945950144755,1.96672184936059
-2.70764471509952,3.85381801172518,4.0275097195139,2.26895850859264,2.91499443317855,0.593754953522931,2.11095213098655,-1.07818668749669,1.08114138707728,-1.0911354357783
2.1184862210519,2.56875594542852,2.94982936490177,4.68466757114822,1.62320434839599,3.0195008674165,2.46159973219655,3.87899850404008,-0.707031959821435,6.19631309159715
1.12199215579487,2.52102582686945,1.636943306037,-0.51491303863888,1.15203196293776,2.245419102652,3.13376482680946,0.764768977931024,-1.08755172058153,1.08821999545026
1.02295751402812,2.86570549078459,0.430919072737994,0.826990085934554,-1.48579976265011,1.60419350736036,3.54287166613404,0.2341371426822,1.28195223019359,2.82395865205209
-2.17713270222035,-0.978795867828147,-1.01062605080978,-2.00610855642197,2.55528555275619,-1.32835242618359,0.527283806890577,1.98066988514577,1.68062916649066,-0.984939433421938
0.403367443284408,-0.220991842508799,-0.164839097182311,-0.562797269818819,0.518169808633149,-1.00192040752768,0.711369714809018,-0.495827772668833,1.63442013860968,-2.47767914219271
3.48150353899201,-1.67120031491385,-0.356086547236381,-0.698089322989755,1.92244566032139,2.37264941711236,1.66037933133198,3.790914939803,4.70366676172767,5.45105343546589
1.73369258943184,3.10238596279162,-0.606667748506142,3.10809798599641,-2.40260778214818,2.46390265356602,4.10289289064567,-0.429440300955712,-0.848332050331722,4.27881080335519
0.0383642308057552,2.83540193825744,0.541688773979599,2.58772070179778,2.65636605276958,1.58627716025234,1.46069034006615,0.894168424047617,-1.40774387885429,0.459695617779137
2.8495937505749,3.40249183138949,1.44791814543557,1.18177960726713,4.09475521809391,2.56613623021669,1.5697969145214,2.50738052951284,6.53506093947453,-0.172161101523839
0.797453905114751,2.91020545686172,2.68773832283856,0.261329443533424,-1.67896599151077,1.34021125861936,4.50238262405813,-1.68762744912226,-0.26467781188782,2.11719246231554
2.74483770844196,1.03300201758465,0.466640387040232,1.89074406847181,0.80364284114375,0.933864537222894,3.64460455124698,-0.13450100905198,1.46790320110966,-0.50294572447635
4.53974904617327,-0.538740172919722,4.54618772737409,3.65161423209299,0.716686334486545,2.54556851489077,-0.0339306272327955,5.14463098433847,-1.20133429593517,2.16478244124181
1.06391874621041,2.18743583541644,2.87939404896388,1.0277251430401,1.10880783222923,-1.14554594560483,0.186417884447205,0.790122268988978,-0.10997242533818,0.293316402804517
-1.58161294234453,0.138179803744469,0.515072812428406,-1.02085180663927,0.206908871459343,-1.2487056383231,0.723754816608211,-0.0472933614996334,-0.258014685068697,1.59344540936751
0.70489300692912,-0.74433801041314,2.83082770337489,-1.88362274216878,0.637849451868762,-0.802092847921847,-0.324292313397235,-1.44015810649634,-0.388450138416558,-1.71843200447066
2.17447275517337,1.82217442729967,2.72408781077821,0.372748662237236,1.64749991494884,3.45211561112036,4.14057881507483,-0.137225043359739,2.29888336421932,-0.482559448251709
0.669167059099391,0.570480619602894,1.61083406673968,-0.179834203429623,1.79068067968821,0.847375707334163,-0.086227929107491,1.27191977129553,-1.00961074502199,1.44827567868162
0.519480564878197,-0.0860742191303823,0.44961499129569,2.87835784158381,3.86545658965188,4.51484189287639,4.37045291592236,0.757718934846161,5.2188081258269,-0.268319160614964
2.28513903080429,2.71686551001738,1.67228559319674,3.977041990193,0.74759541042004,0.896122995693756,2.14055772757863,0.0544483698587093,0.803355039704018,4.92964131832599
1.69640400579606,-0.313324940318535,-0.359308510499957,-0.657466198067989,1.05372074997762,-0.478683613612323,-0.346014087367582,-1.57513512153999,-0.353966175704569,-1.25437760830342
0.704604828498998,1.70085340272107,4.63779003729314,2.19840306319985,0.128746917307747,-0.774840506388846,1.07399918248855,0.743199304798428,1.27769051238524,6.14828192680091
-0.0820111930752838,1.98768468562759,3.49651794975719,2.65903479424332,2.55292546563397,5.08796868342444,3.5519388440111,2.21243892742033,0.743207319483884,1.96571581744948
3.48898685423733,-0.15687789424939,2.52111463769833,-0.480750962310694,3.81740131810896,1.54424585901285,0.285606193183199,1.56683234141458,2.13596317470991,-0.720550905848747
-0.302247499209375,-0.0863933508022672,-2.57739081453259,-0.00872851893796311,1.2262582740788,-0.244277909258271,0.549864759245181,3.67185825640008,-2.39519178481661,3.81891594722515
4.00465032377149,1.67782450123591,4.92409618574171,3.99621528629579,1.9314016351957,3.54083174028818,3.70329133728555,1.21021242884011,1.20004998129391,5.26647050671779
-1.33786802918098,-0.614242275878811,1.46588196013488,3.41683981312955,1.57362496507551,2.5744614588919,2.50075076779266,3.98688553183509,-1.66076018783272,-1.64865336037848
0.378706738152232,1.37737481244206,2.74084562171581,-1.66326934287207,1.29809850490123,0.722419908503627,3.26440934547137,1.66313167408776,2.95089381150883,3.02750964079318
4.61735158425423,0.249035895870757,5.17458599550814,2.59025805495733,1.9440146821686,3.05595879236638,5.2675525272507,4.31196378460754,6.85878882951111,3.48760503295187
2.2884480279539,2.83933761197141,1.60956539326172,-1.1112475663629,4.18641053235258,0.000779358073278447,3.95548304173083,1.05385690293804,5.21958011484982,2.41888025673009
1.11982959609718,1.48092214824812,0.512093103530601,0.228921092337911,0.592686505423961,2.176851419799,1.54139433550733,0.210582718628652,-1.0869915076121,4.78455252863593
2.37501141439206,3.26893286629976,1.38281667501998,2.11885188474555,1.40998945037039,2.90421426073368,0.659344907266514,4.31817260952141,-0.280651276938127,-0.164681834121555
2.68086244827962,2.43244164207733,3.58489282656524,5.56939615299035,-1.17139783130988,0.731339045224214,-0.593648000058364,3.91471712209504,3.59338949719639,1.17462776107886
0.583326620677,2.22470186145631,-1.1753229895217,-2.15072144913957,-0.494219101034648,3.05622341267412,0.650551435677972,-3.6357151937199,-0.112006733877018,0.284607688850142
2.10605290601459,1.87912744138323,0.447893979548406,-0.356089393367874,-1.32216613582336,3.46842932090895,4.12400206540184,0.737470855330092,2.04213296598954,3.40338125177826
1.10334375570033,0.19753763731233,0.391844372813568,0.516788186099182,1.43866237133091,-2.30684014903303,0.537015867651468,1.47003313249667,1.83383911540814,1.25793875883827
2.4308417149415,0.375496099415462,1.38278193121556,1.39426034513057,-1.2149774258097,1.94736848828746,2.1022272624664,2.96671479720995,-3.46023026809706,3.21395170947176
0.60242002717647,3.51271389601378,3.19722838194887,-1.38284468072318,4.12761701801152,2.35068774469574,0.587291049026522,-0.497481900365138,-1.894031042517,2.14666556166794
3.56383132744749,0.323774412051243,1.1418838427611,2.01805051091327,1.26033609080266,0.159056908802981,2.45188650362741,1.93369116679485,1.91048470195568,-0.944660739491667
2.3982484179406,4.05760683377657,1.60682642136156,1.82077284730748,3.12419135758339,-0.549082207404682,4.22180820260843,2.50166725304384,4.0185829041746,2.92388768744736
3.23566550677935,0.613362456022607,0.101238558571485,1.00290431152243,-1.00953298852754,1.1124223142491,-1.37837868942844,1.2367034445308,1.14699556130892,0.0637375767741085
