"X1","X2","X3","X4","X5","X6","X7","X8","X9","X10"
-0.817997802725881,0.683963980189236,0.860253088867535,-0.213024712352418,-3.45875735219249,-1.47814414882177,-2.17471005954874,-1.65628600583999,6.2688542464597,0.399166190483145
2.23098154570563,-1.57724713121981,1.67277341323692,-1.15283370365641,1.34213009966291,1.74342549406621,1.17166233442777,-3.3982543137378,0.159240821547233,1.40789868359759
2.06065988064841,1.30898405507712,1.51641032568406,1.84263801462986,-0.115847163566236,1.8682466943823,4.85338844088283,3.64209522546047,3.15141895080986,4.70259447117347
3.08022062277698,1.63434603763684,2.4793001048581,3.14868867887656,1.09826448294446,2.97347366271431,1.29534971640092,0.774133687012929,2.68172760258309,2.6859711012143
-1.88671244165549,2.94519830705239,1.29625914198224,1.26927565291268,-0.339742647247891,1.10300508577471,1.3992678371039,3.17263869035908,2.94788656316908,-0.285837390164071
0.455608605024692,1.04619874272794,3.45263539363135,0.970694661273578,2.90375278123937,0.87099869361897,4.32791141318638,3.16968904974165,1.19608558483053,1.57546607651934
-0.0010404204448724,5.64104493126691,3.78083602919056,1.4478487589042,2.25750537402141,2.63022220828184,1.43192078662977,3.13914698967343,0.110247862504229,3.04638782359184
1.12444996924435,1.83034098899002,1.80129356910629,1.43835843040921,3.34499854189863,0.340477205914065,2.09482078583475,-1.59929908594561,-1.21275769698853,1.89173754738636
4.71873669869943,1.47572090779357,3.29694354385406,-0.373707824175386,1.96397970939859,2.95197642657422,0.225204135616766,2.25492972224572,1.2093154990559,0.337107101303733
1.80358620784702,-0.497083775745464,4.10331620736983,1.4863041243292,1.64755896805063,4.49423970185927,2.7456938549045,2.48856387366975,3.77101706773796,-0.40352847468082
-0.283851376797062,0.568666835255309,1.03558943228169,-0.169610131309448,2.13288866936338,4.3176459770051,0.968841773305197,2.10774718942926,3.47963846311124,3.53240372149182
1.39504480730751,-0.114186660205929,1.16792370534738,-0.229178179229185,3.87888698947457,-0.824693279891296,1.70041422289175,-0.430785709611539,-1.03111719481008,-3.20966950593992
2.5229299999018,-1.94721067760204,2.1269489560931,1.79632814047966,1.4873647046602,-0.0931936976611563,3.15683996161835,3.71086118436656,-1.16311883801168,1.68765939244031
-1.52897565173054,-2.66812303841983,0.364627801458645,-0.525942855496738,1.14355830896859,1.53961656304873,2.30928347464292,-0.557069927731067,2.45065760720546,0.556377470312903
1.58688715809077,-0.988464519871626,2.50619581532265,2.80312928586912,2.99130227054743,1.59794890738907,0.663015704762612,1.75331035332291,3.57296342991074,1.87635140788927
2.06347488744469,-0.756336158315174,0.0111536627212685,2.71695648510729,3.79425528417143,1.99311235870336,0.248978023742964,3.85482911925269,0.161868040293682,3.8582905392666
1.40988157386476,3.91155182805237,0.469314428204624,0.0717368657397005,1.5603648854417,-2.57810472019465,0.537153874126043,0.66808985716309,3.01660597552396,2.62377165953488
3.58762597194099,0.681089199481948,-0.0441627731340953,0.0141103595992893,-0.946829431500498,-0.972450335321619,-1.41037436700587,-0.974003024598904,-0.997304606633651,-1.91870610650956
2.61723130522802,2.01343856206126,3.43948505111802,1.30146166740855,4.40830129610392,-0.0900325345841448,1.01895997558198,4.68708121342422,0.973007381690322,0.821954648738128
-2.27503068544366,0.912290775528249,4.34965049674038,1.5735779044273,2.72954240068264,-2.15978901750027,0.437074846383236,0.373989208162891,-0.280963046874117,-3.4371014118113
-0.0400305544529966,3.16575322786404,1.89430808794218,-1.08440888975288,-0.566913387764026,1.91671867357213,4.02779017946168,3.8877984415278,0.3431210628633,1.97483187836602
-1.09378182787553,-3.9545784191028,-1.38905898034999,-2.02550451934852,0.829438873023093,1.13248900087808,-2.6071810125632,-0.981086952150311,1.4336347041771,-2.05193406066139
3.68600044158993,-0.599954280696743,2.21115367349099,2.27284692380821,1.21789557861715,2.46178249906237,0.686672936453926,-1.73282891300303,0.470521507342587,0.097877353723913
0.52683439516441,-0.207411708056041,1.41425579997681,0.172622100395804,3.23322285508531,0.0120149996765275,1.8518390368906,-3.13727010557417,0.080106408950262,2.63543798845692
2.9098466038042,4.68481484106643,2.377928580867,4.28653935984621,1.83455268639134,4.27769572827353,3.02702349623711,6.78952678866763,4.39288017573525,-1.07206147420092
1.41003397402021,-0.966364399880145,-1.64701331800681,1.51373386504814,0.136443711181446,0.907258288108638,2.01476973129691,0.773182525287407,-1.51009907639158,2.04956717311117
1.8998422594213,0.592823671494339,0.701640197106162,-0.824513098228243,-2.57802651014565,-1.56882697601824,-0.108959035830533,-0.718994191554354,0.286899286262525,-2.17326441693328
-0.47356479528912,-4.20142683637232,1.42323978688861,0.930245635769269,0.79433615784773,1.09953662774026,-0.865545178312375,-1.0074146711882,0.161348816956273,1.64273008426271
2.54798723861839,3.2402493730106,1.29602515426827,3.15964524283432,-1.74343763035397,1.1100963720331,2.03638107884637,-1.34638309740926,1.64494024996058,-3.73275703310879
-0.681852537852036,2.1915484131075,2.22549370179484,-1.54031681991518,0.51979920266886,0.849979198343045,4.23419291525706,0.544038940568237,0.510047405962601,1.74559292214786
2.88819550685525,5.52547374089024,1.08080526909093,1.16280297384934,3.16850977076194,2.69395525542994,-0.197395495841974,4.44990989561044,3.13388876924358,0.88526156599986
0.692513366086805,2.15836389058434,2.60960528549963,1.07824102424745,1.90415722395508,-0.971210571952969,0.657453329428479,0.392014614800518,-0.0417194437975614,-0.511093853073767
2.04580703716549,-0.256383992294856,2.77204919977037,3.61267727753201,0.455593587508311,-1.75680722331512,-0.22227324736274,0.475753826682275,4.03015334036159,-1.00831488660825
0.875396748767572,3.30382275519025,0.414492236625608,1.50953996045958,2.24842848278122,1.72543117243483,3.09650860362082,3.61608603437668,2.16186277706701,2.22862530736038
-0.355250804247409,3.98240673852795,-4.00934524424365,0.320791896135773,1.92556138689225,0.620616388214363,2.61008639131021,-1.22841456251809,0.452787187901473,2.24095794134307
1.81419013558289,2.91035472959726,-0.616801650272164,0.625218268525851,-0.94570999344833,0.441101229340341,2.6403673894804,4.0787544521336,1.53178288092929,0.990470405738691
1.6586035436994,0.485862235597888,2.25650078028673,-0.291869371318996,0.79673217907692,3.52835059328336,0.554061879792152,3.83075479311882,5.09191093575019,3.4993792737739
1.57699692735545,4.37161370979982,4.36242850848863,0.997630599990036,1.44912064150373,0.844584414897814,2.92674407682517,2.32079332602232,1.18375919194691,-0.744616525913493
2.13697836278475,-0.124685481741365,2.19688769117209,0.368066179440529,3.79870055407512,2.10347524358376,2.46575977158051,2.17434701089378,0.260436062676366,1.03253509014077
0.912776910579634,-0.530121155268336,1.58558436932559,2.27328478515296,4.27566908456056,1.2399446035113,5.15672490019752,2.73335706478999,-0.216018619744794,-0.192448549463617
1.4063161462401,0.607447343289285,2.26375748290738,-2.14447003467375,3.09100913001541,1.64304179044194,0.000809284403323729,3.54052970677445,3.96511133392702,3.22588713961725
3.3426101384237,1.64180381068664,3.82214151623817,1.59181235277895,-0.851268842039631,1.83634510384161,0.329362955892028,1.66898909372432,0.0744093334570706,1.37605252217389
1.93086291025731,3.96473311679251,2.91292452987785,4.67177274509513,3.19819647453285,3.6871003760893,3.28465233942523,-0.0805306635564835,1.70091162793988,0.561394885069571
0.604108250337858,2.94089316698764,0.195457144057415,0.368213728529244,0.876995954325852,2.04363127359535,-1.95110691128769,3.69935398457835,1.18268912899949,2.73607210435651
0.380186418970798,2.6875069937739,1.50422957427588,0.755501325466799,3.02114207360806,-0.84803179536274,2.99534744582051,4.39756036848267,2.72096462154712,3.50364911239775
-0.0415065469676441,-0.176104447782355,3.19794586886193,2.56949674409257,2.21551533862369,7.03189089457376,0.838166818750516,4.66721624642981,0.8344104307053,4.30776863366924
0.709195305965233,1.39313069300295,0.595945595009552,3.82132318656342,1.07851795354623,3.67425128789855,3.7513805268481,2.17312339156129,1.03212694686821,0.588348602673123
3.26685567296468,0.981912237415735,2.45035199735771,3.99072334391711,3.53372107246822,0.989645701526579,2.29071505263971,2.58816970765548,1.71136603128146,2.1192477338273
1.3615422664657,3.60196146114933,0.131632241724607,-1.10088588302763,2.99739604582091,-1.83774129033287,5.46164296739688,1.30102329889113,-2.00387911669872,2.65347520920002
2.38875110308336,3.55330630661862,1.52160497075098,1.25089107025709,0.455277854383555,2.34798637711646,-0.26611087046137,2.49807335612486,2.24041773264914,2.00322909883154
1.5390325439972,2.94125829599981,5.59970046747938,2.70358808723926,2.13026343102572,2.23454891400086,3.36958172854663,1.17078882565028,6.05351408398039,5.53146717799558
3.89342910058078,0.475224307301772,-1.24933535751345,3.64124005134622,2.52361486015892,3.16495416054925,2.3848964835071,1.32264501407004,2.58190478453286,-0.105754466808194
0.0930472189892444,5.68061192869514,2.88686165896273,4.44520818125785,-0.101390100144343,-0.652082187216305,5.37541534597765,1.07163195301095,0.902799961491819,6.1702890720905
1.80634726381695,0.444598134078061,0.85520000697232,-0.460717320402265,1.69756291388676,2.93113417015951,1.54782005561136,-1.82521701458698,4.05932970812219,-0.644334619834326
-2.91104206402322,-0.208618667006269,-1.51802874772354,0.174464081941587,0.392710517117486,1.51142781312372,1.47769370361285,4.54888971664278,-1.86594218077052,1.26998619124913
2.75165529034848,-0.603730820118527,2.97026587341075,5.71167348127486,4.68819544345821,-0.726292337133642,-0.238979041738359,3.41150540240405,2.46827476451401,-1.26532368656209
-0.863039292808336,1.48079200081114,3.06253820922259,3.21585247631111,1.37267942764491,0.197589681203636,3.35983855461053,1.74202434518306,3.32292528258331,-4.61891482987652
4.44230295565679,1.40711812997488,1.53824674907849,-0.289415062713886,0.291397626223586,0.0607269906610428,1.32443969581655,1.72387554479395,-1.28719235356458,1.37455844353892
0.389063797563335,2.26292205904397,3.19488279156548,-0.647462423125327,2.07202201946371,1.56004531052576,6.43571993628763,1.66245761136546,1.8773084701723,3.94963605915476
-0.0383045045161197,-0.174640529965289,2.44919008047715,0.550891344035179,1.77280954246974,1.74796219691517,-0.798693027771849,-0.308329425133989,-0.879796915593629,4.53549946210731
-0.647826588285157,3.36387911372089,7.17715721771036,7.28898419872984,0.316014755730282,3.83107514557559,2.24297108886297,1.28153243136342,1.90505098125885,3.49590870817429
1.07322723642997,3.33377147104879,1.29093670314282,3.90446227701097,1.04331719946933,1.36156722073288,2.48305570410543,-0.98602413021709,-1.75043483519462,2.29911944576306
3.59768714958096,5.34586867648052,1.13527849629638,5.0939655192559,3.14541448290149,3.77693640125921,2.20804644535606,3.96314733508,6.00789930965228,2.48654848749608
2.35539940639424,-0.117741370961437,0.656578326182433,2.52378331843012,2.55717219958683,1.2571971511127,1.4860203976259,-0.51822636522872,-0.605174050902931,0.615655733563522
0.293132501143058,3.79286035101141,-2.20758232607046,2.0758042251387,2.27059292425586,-2.46527586908027,1.11709632433048,1.77614282807387,-2.7616703786277,-3.13308714444776
2.17026728343467,1.49124636708747,1.84998186445886,0.423566578670796,0.764618487388843,-0.553439710543046,-4.05857262119352,2.33906331938446,2.5799321079439,1.72148743189579
-0.980329178980761,3.11105641801206,1.04600820950605,1.22722952436277,4.7583934307573,0.734908055670528,-0.368040203400994,0.205508061732703,2.71635723948293,0.632983894619151
2.67473142192343,1.75034172809787,0.104918540272259,0.695169465275369,3.64598179415907,2.60304729795305,1.767895562208,-0.105258187017852,1.57775640999224,0.565757755181475
1.0564492763337,1.81269407817831,1.60561595794131,2.5412704007634,2.1319922594272,0.340907518501326,0.060539312074773,-0.0717318852101538,1.62819587870078,0.868322621281496
2.73621993832448,6.31798479096689,5.79873362137617,2.67310601565539,1.20333999946139,3.54138028597909,2.49737299886889,3.29351204894768,0.991540146015271,3.82691900093704
1.21607499188289,5.64704809876596,1.99939772782686,2.16679919346638,2.24886644599526,2.72128667793379,-0.653650294160929,0.340888123459091,2.11423297945975,2.91001557701463
2.80671368761537,2.25552662607056,2.98138420308224,4.37630938869327,1.96619523844196,4.79837962519251,1.75480807719795,2.90700329021251,1.38597183554876,3.97148160393083
0.873438425864304,2.13349691770564,0.23620008420553,5.20199202622898,3.03670200539314,2.07773774702208,0.949557558968676,2.95049810486916,3.13525535440578,2.68785163381096
2.20219149805913,4.63768680702782,1.25675362114728,2.67211571554634,-1.15589953369299,3.29325435049389,-0.468665982968358,2.45902793311257,4.13562372802404,1.557688241229
-0.576190090856347,5.57418517303303,5.50034002456334,3.70476161783888,4.74173596063078,3.7189082457903,0.864070579457226,2.67605695056847,3.88912788204011,3.47279869706025
2.20805455310319,-0.0312026002341379,1.52888479679238,2.75286491076585,-0.294553917619647,-0.511840291410022,4.77384001085474,2.22015316832304,2.67757968196834,0.911737219431571
0.587724646593469,2.33457633282266,2.90872327501041,2.33471953940221,1.96626101402661,0.935327833385715,3.01687901347598,-0.703669157290298,0.768459531224315,-0.148287244371502
3.0607663387533,7.48832783777211,2.7517514759424,0.920322320307136,4.55584976250393,1.82455402706981,1.47053413000819,0.273935652555335,1.61131031296671,5.09150295704844
1.45955045438061,3.2650987420467,3.57839259849254,4.87467142216946,2.72325877038457,3.22385569953771,0.884528058601578,2.36163900574306,6.25645597440303,1.46389658531413
1.47022063078238,0.667867919727849,0.236739496986331,-2.13555043785181,0.182287559453835,1.4441189828882,-0.609488583630756,-0.177123094763408,1.88008082612127,-2.29762826203609
-1.14890226454309,-0.0735137306311355,-0.151326893218844,3.0660669559501,1.65228209457734,1.66104464407631,1.30323858717634,0.936215831492066,2.67872127637656,2.74881021698422
-1.54977147815621,0.708252846794647,2.63208854434599,0.943325493564345,3.88748432372091,-0.632718882158506,0.345945925167441,0.664299008348455,4.16680174654251,2.97353664328376
2.18305505752567,1.79052107203721,-0.621456090746986,0.762734849115886,-1.5537420642865,3.02456567593642,-3.81794072402858,0.163984919254206,1.69014948937943,-1.30127306985707
2.15712348627471,1.31778273648088,1.39358238655834,2.0757637764714,3.5179994885268,2.31674000592702,-0.507119960635539,1.30237376063978,2.7208371456583,2.50214318514065
-0.120520076297646,0.905516927335001,1.0039172324606,2.3986860189488,1.82607206452817,4.80411273793319,4.42198042393199,0.881160741800677,2.91816663620181,3.68208795362998
3.96939589610549,3.13569587009237,3.68631015569731,3.09850454250482,0.510827707053436,3.03694643270251,3.77650700364423,4.70592978147481,1.63640223829752,2.2981170410738
2.35922851525009,4.11256645916206,0.286762770852501,3.75575069333754,4.31643927632402,0.423184593706863,0.362146280152222,6.20209748205344,3.38974512503303,4.17830652370752
3.17049357133192,-0.142350650297429,3.29402248450573,1.05764503272861,0.0182899689362545,0.348360547413088,3.78749311334187,0.354661179354056,1.98508818593495,-0.998063033200782
0.763137359872886,2.4853156485017,1.22933642145834,3.04378711236065,-0.44091193020292,1.84795629564635,2.49572209909682,1.90005216292176,2.55814152776733,4.02310556593223
2.18807070046439,0.520653381610769,0.464999297778785,3.77806419513263,1.86861788337825,1.8650612574918,2.25382318849008,2.81804595834616,3.40180715542584,1.83393380732625
-2.26040067744918,-0.0367715494608674,-0.0304344419223637,3.76509991431144,2.37453866470539,3.43166068296818,-0.170120351207852,-0.691331200519852,-0.581554737181805,0.91754330334036
-1.92002854815394,3.93553700751809,0.425738169394424,0.55178645264662,-1.46533400799771,3.81321823993929,-0.0207932607021897,2.93151504855956,3.06362738171401,2.72536760559083
0.41643802563006,0.121800033781707,-0.16872670608009,-0.467922354479031,0.62344348479466,0.311342038435855,-0.633310135503518,1.04038707010955,1.2114359619958,0.233751587390506
2.28267266371127,2.99647084431694,3.72867270251851,-0.784731829994247,0.444953446943045,-0.297194180946572,2.22393259611767,0.64201365695956,-0.702573926885986,2.17109790063724
-1.20308413818683,-1.81743635694805,-1.16479631158115,-0.877144699389578,-2.09273153728361,4.96219458337813,1.04293740743315,2.41032970766989,-1.05735779208645,1.05681335703136
-0.692647569452748,0.251970141335432,2.3379574839716,0.648586492328406,-1.91771222681569,-0.27404982430484,-0.462645212695117,0.268798366576315,0.122225613757064,2.46695563411351
1.0163224221132,2.35358528433102,-1.09616495421209,1.87643267263582,4.07705966817053,2.96094587695037,-3.44173419440368,1.60112123278559,0.855242366294786,2.50674990143971
3.14514296827837,1.81057954121729,-0.920183421935309,4.02046569127089,2.457954706213,4.49142411998207,3.4017504786386,2.58269898521261,1.06252504420438,1.58226340740301
1.06928689745307,2.20890412141435,3.24304943048659,2.67850155816019,1.28269938572835,-1.37147791299711,-1.08103556938877,-0.138445874902991,1.08533609007402,-0.0206493784010933
2.93910784274431,3.41131819204886,1.63261648905381,3.72453336665298,4.12719513005037,2.95657072733584,0.979880475833403,2.96056061878772,2.109867599712,-0.232663430728474
-0.599983975951763,-3.66115263013816,-1.64072077358503,-0.534134255870725,-1.1760980886474,-2.07883078848438,4.07186253718334,-2.98762095016132,0.203942341025526,0.0202029384760086
5.21958526867943,2.68659289318658,2.38479629629638,2.08741690824616,1.68670087932356,3.23258468477149,3.61745364961276,5.90712003994435,0.490917028288819,3.74501496800718
1.85266769771043,3.96973666086336,2.12920270892627,3.33207840718379,0.851128377855589,3.73256243235991,1.68803685009919,-0.0260074383632216,3.80098406321936,1.83050340399181
1.95775850388451,3.67719963521888,0.520747184761807,1.68822996824464,1.69139572970483,-0.122867761942109,2.38772444089448,-0.529187625921903,-0.00226567055575733,0.0213287025665415
4.6066713460457,3.24403829060913,2.12386483447103,4.36732233947643,3.92299348417323,0.886293496555442,-0.486840174518296,2.53905406951113,1.34229686976494,2.37164521776294
3.32203201672777,4.81265313728107,0.408231039223578,3.64829748192662,4.05983263642559,2.66231755642302,3.16656229727356,2.68554575907559,2.42264760028375,3.65786889711354
-0.30206031777187,-2.23977185863996,0.360310983589775,1.60408629507094,3.54390628282091,-0.0304123182345277,-0.884811056575245,5.59346951120994,3.36845432581691,0.457416892827374
2.24171949444625,0.616765070399327,0.811559101082301,3.25166441877874,1.94356167226469,3.45387392063609,-1.45651062407893,1.53694107657226,1.8933578294009,1.25554678125173
0.0530760702593594,-0.0255551850162227,-2.28467021442706,2.4256716062212,1.00101602258116,-1.00076406766624,-2.47670413631213,1.06508565689934,-0.599889839225914,-0.320647424114266
0.953957631050806,1.61606774442748,-0.299144524796385,1.24370415069779,1.85984411831874,4.5445894072085,0.686940988217984,-0.619604236677278,2.32423533195318,1.37981773476623
0.033900696032093,-1.49425440195971,-0.14551279122129,1.56141778322362,5.13847310926305,-1.07625466329875,-0.762650232646588,0.328371559172805,-3.41300530505394,-3.01581387634137
1.29362233629701,-0.175932432033657,4.27176779787665,1.33835814536268,2.37114398783469,0.858163428526373,3.3854869357551,0.456128092042631,-0.541408074688885,1.41706507900245
0.674978483891211,1.4358359966597,-1.41631842576819,0.754522639161397,1.36597339023858,3.02888538721186,0.107338804152772,0.783661127673881,-0.1186957233925,-1.04835099977711
-0.992447450454458,-0.436402405623488,4.16552435487265,0.718978608075563,1.13924137747306,4.4146457717089,0.673950696397924,-0.639743955966258,1.42012547282037,-0.944603534486545
2.18349581490521,0.231071536988123,3.11486257158532,0.466108315361065,0.686753118712121,-0.107328311006126,3.93621789883207,2.15244783904863,4.3092696088643,1.45258739281377
2.20892452878089,1.61850176372323,3.54656083910851,1.82543524020248,5.47566465151551,-0.947111031850233,3.4311354202132,0.391760397077147,-0.920515485429448,2.8249154324039
-0.816754178839396,5.2654201669214,4.03385248919681,-1.84397092257837,0.240633124531084,1.87904998726549,1.92393927240162,0.415187195366567,2.43546503293966,1.51095219095514
2.32390272731377,-0.426926477285493,0.719535400142078,-1.48943902536589,-0.465632172571356,-0.607340179843308,2.81955192535706,-1.32885508015698,-2.01228288003182,1.1078777153595
2.34332504023383,1.80143541151796,0.917391490822237,-1.21786574362224,1.53163916764609,2.39713865052421,2.59105138933123,5.14935905663258,-0.388087306893837,-0.851344250638007
1.54817478319813,1.80247757112014,-0.252077259948343,4.36998792158226,2.33642609731278,1.90751228523063,0.738146929622451,2.10126029625343,1.74931006572153,-0.341873301403916
4.14142099336739,0.197904704040074,2.99887091014239,1.76376243943626,-0.933652716312987,-1.30516601115619,-1.1530628573401,2.07398533194141,2.15053895783354,1.11581049960723
0.220619428364437,0.840164826300058,-1.08561868286359,-5.72761941984577,-0.269883367430367,0.0659129768508893,-0.269309140899331,-0.699499011527331,-0.221103671672858,-1.84600991924435
-0.0561500406185307,-0.520644662966871,1.38435488094969,1.92259960767103,2.26071662021868,0.53532904636248,3.56663925352703,1.96718783919233,-0.470920957125926,1.64941815528644
1.98345443197934,2.198776532452,0.0750005742872861,-1.73646986182879,1.2902984211484,2.16998407582183,-0.512959472596511,0.620512262816561,1.42867019870825,1.6069505094797
0.801352083130896,-0.0211813130834106,0.378504010331241,1.65704275301765,3.42101003780871,1.83501985923327,5.02751024780866,1.9597835143065,2.34626766483711,2.5228190839656
-1.06076545759056,4.56744744715209,-0.498294230756051,0.815933820259305,0.410285140183129,-1.75048537333795,1.70773073531888,1.47726706439366,-0.714211978702564,3.02889712289566
3.28162643857196,1.47020722281264,2.53202925821271,3.89878566108102,2.46325663934258,-0.121689670703266,2.91048937808255,2.94211704122964,2.29375590003624,2.558362285617
1.66526922322174,1.93121532753985,1.99469136337737,1.01095514948856,1.41764681687101,3.38916082719579,2.75124187473383,3.54907565898406,2.55853798425671,2.95554440172705
0.00419316491079348,0.737829261627106,0.335535301070211,-0.117549034078603,-1.92040310134455,-1.79530499046695,0.0160632846750003,-0.627027364960993,2.86851157232078,-0.590639536813256
0.553721497067626,2.55542806573229,2.87268064741827,3.03445161287783,-1.04109335781231,-1.44554328448048,-0.137531990733004,1.03193982180972,1.27981948619218,-0.902096470662384
2.04309712053587,4.35835660928888,1.94533653764789,1.29441477631624,1.36750201987447,2.2130534995613,4.56533397349776,0.837321026687113,0.82934919442292,3.87701138059868
2.74988553560421,0.441064331532346,5.80484281751712,5.26785125151868,3.42567995184181,1.24792505306016,2.70112997146835,2.20784482580107,0.72120948640277,1.61444208307237
2.6173451146403,0.109279178072581,0.389270904188185,-0.0303366226282482,0.455574773842515,2.92863584081592,0.374659115876458,0.76000485142155,2.72130557304804,-0.311850301062954
5.16463893489618,1.25442299786495,-1.20979264205788,2.37005542248087,0.414223730990831,2.62769183594451,2.92572788796911,0.913741346569266,2.03283136355111,1.45624540756918
-0.100659249969448,-0.296786764474887,-1.21703734309888,2.13231010801947,0.356482734177223,0.639774817251159,-0.537673924446671,-2.16938499868928,0.0543210825311504,-3.59589794274508
4.78619944611121,1.30108863630655,0.176205482918374,1.45931455225173,1.49081749544585,2.33803914304641,3.04521071996564,2.63213854582677,2.83825963453629,1.13978821279568
2.40330598949395,0.65767728701741,0.893623357402729,0.161464728888699,-2.64648072572898,-3.44252603367001,0.79162385551511,2.27104675572065,-0.790566660668544,0.359590970858641
-0.0846333518020543,-0.829114925754422,-1.64825009298891,1.85675186334872,2.64910850402186,2.72009494350891,0.511508329499522,-0.152535668540065,0.655706619232965,1.55305469643322
0.20024495474167,3.34604662124846,4.26031295759897,1.18954281730953,2.98916734357991,4.28897709539709,1.80448453811938,1.96669583602981,0.396162994108325,0.491322094117577
1.79087937346224,-3.3039293124357,3.1046616565508,6.06405185088278,-0.267480385949802,0.936179314972709,2.29972309510559,0.171392259426789,-0.887385639801563,-0.408149676710585
-0.478489776471121,-1.18142845358417,-1.93511249677452,-3.72547882283126,-3.34109739623191,0.815538839839818,2.26939574728502,0.14837015620875,-1.42320193350751,-1.33751582708631
1.88122269632506,-2.38700305336698,3.5071167823723,1.92155059588671,0.222645787949089,0.946377817631992,-0.832204384950447,1.39620644198391,0.53017860637337,0.308750778152939
-0.137876914427044,-0.488055239868038,1.99314340452835,1.33990672673404,-1.71909552308733,0.992457539965614,2.6369606899946,2.28240195195476,-0.399640510663128,4.12229191745718
0.787033601551275,2.82288614268996,0.0189873907453446,3.93485251347347,4.46441499856918,0.359608480047096,4.36025517214205,2.7128972393075,0.451307118227951,3.41280000904523
0.395590441233646,-2.34386870973846,1.35645634488382,-1.80208198572425,2.36019702181208,-2.08291439598785,2.32533436923564,2.49459707885804,1.71002785833894,2.46202000538968
-1.28081983011035,3.70387308004824,2.62290696758865,2.41084671404042,2.37601671819626,1.29575552005286,-0.977295298856789,2.43990797658882,2.05988340841508,1.17592896659929
4.02485651467683,1.99635797997664,2.37611181289688,-0.366003418854643,-0.962476558067592,-0.839918441180612,2.38985191102509,1.59428597280455,1.57365061259008,2.96017410428299
-1.66555636433875,-2.1194059625431,1.61463791548146,3.03081405122354,-1.54568026533689,-0.449866147578059,-0.461553638944423,-0.0349350670917048,3.12254597315833,2.69220845804028
-0.849907039903022,-0.072268909180916,-0.0393967137542809,-3.34638206747825,-1.94155949338242,-1.97170709456724,1.26534756600697,2.60941143544355,-1.29140588401202,2.34893161746449
2.16790501642211,-0.858641356388582,1.12512458102049,0.395328408001543,-1.04604504672356,-0.723312460426427,1.4819100806786,3.08052657081825,0.518960451312334,4.79333940826504
2.82418187429668,1.48294219507259,1.92220337373226,-2.54687829804144,0.675736347592762,4.1870658058989,0.748759661993041,3.59514437440029,2.88876925234555,2.58983303184245
-0.611672766052245,2.57791868306133,-1.50353510213918,3.30053645658645,1.7734254826173,-1.25288489288575,1.41325447632299,1.09198211109188,0.647652466455456,2.67902300428995
-1.74457097098817,-1.26123176438628,-0.761512715558553,1.00013246966305,-1.52403078256422,0.645655566767161,0.303673541407821,2.14456033620406,-0.424120895969995,-0.436807801146139
-0.754851944447275,3.65094391973447,3.25418162570469,1.65334945404325,1.95220530102431,1.7244056540837,3.62303723166253,2.0221771969622,2.13612142677512,2.3050395975156
-0.439286455587452,1.24829153087124,-1.41600280270221,-0.401628017442518,2.33099173329699,1.12860105865251,0.0349070410838312,-0.415310026815014,-1.06552479515464,0.914217872750556
-0.434581766305431,0.232741842832342,1.58377607604251,-0.443183767112747,0.501520263024934,0.2331369088394,-1.31767671332627,-0.619487254360343,-0.0331883527933152,0.35473675123913
0.249896031514619,-1.02387649619182,1.90688298284765,-0.702909387993026,0.240237707249915,-0.570406069203126,1.53141932253551,1.57240490243665,2.80006673026291,-1.53941209247266
2.61005351651311,2.43419193841486,3.67617858851458,1.62895812496995,-1.99984484332464,-1.33713055931533,-1.79800511341318,-1.00004655091348,1.34327289426469,-2.07884448271812
3.77174510159711,2.55347368309244,1.92074996731141,3.30582195009585,3.7770578651462,1.53605313082683,3.09053435989773,0.506325446472925,-1.43732905397523,0.0910507951861605
-0.954221505662734,2.18813573013658,1.60336878894231,0.47880899630598,1.50828461286598,0.591535351984461,1.75815410280095,-2.5488232046601,0.183439425769611,2.68110571892373
1.32301740131893,2.41462291404566,1.14071456345193,2.07876036156761,0.712222554184405,3.35100792061319,5.26615473398562,1.77846176268086,3.19830022467341,2.93073953755328
0.102295588787563,-1.62784006768183,1.98427666965243,3.01875249009491,-1.82776313370298,1.96140797967106,-1.84102794140476,3.48283095726441,3.37094181934811,1.2082685905088
0.770341925901518,2.81885932240635,0.307286144386574,0.851280037809308,1.90119108544536,2.75326812386099,-1.2032971009102,-0.284542208246624,0.886749342492716,1.65561254093277
0.361960717701305,0.774650931918743,2.92574081291286,3.45598814872781,2.15518843691069,1.37124480116472,-0.807811063294279,0.390195980811098,0.611786202741697,-2.22347585082448
1.72930015663675,2.14609034892069,1.76544668888811,3.28682397728683,1.62117372516823,1.88862041618518,-1.02911913524437,6.35832757502003,5.44433394808608,5.02247798495581
2.23951744494914,1.76686466300255,1.84440289918108,0.422861411682602,4.68911618158559,6.10305198590788,3.55072550777798,1.02475625089548,2.75071417706487,-0.59842036722017
3.42273948725266,4.61796753325341,1.82677642738242,2.46972012028421,4.31928878031716,3.49595651314998,2.64914811254371,3.78838937543648,6.04972184303925,3.99326242170146
0.0742125051264618,-1.88172529521564,-0.72310263244818,-2.37812795591245,-0.389593123131655,-2.4127950279378,1.02322152338961,0.993207106022599,1.73914790635863,-3.58929453302112
-2.30336785325688,2.17986897122199,-1.16458118450479,1.27444009772985,-0.0561817819154389,1.25530631849661,-0.0519283926798346,3.50333019371724,2.17159584142073,-0.542567390352982
4.02458186868603,3.60362727696762,3.75807398173887,4.13361003769658,2.4391146525132,1.87921573178609,5.80894901592408,3.48913566406884,3.31616035791223,5.5401850170739
3.20603667175665,3.54583303617682,0.62281305548065,2.63037006635789,2.25549097932791,-0.154019521699807,0.810591328825423,0.855161268891035,0.899218937348083,-2.6847077681618
4.25553395075125,0.705897246363016,5.037329440868,6.07407157241312,3.5801543110827,-1.21353111612342,5.07527711263546,2.47534280171664,5.20408347990185,4.74897871039581
1.89750126280804,1.18398649289195,-0.266379392292031,2.20898268266266,0.15295297041203,1.32557332656336,4.79403684476568,0.0199566962833045,-0.0783142507190004,2.35752606053376
2.43064124754451,0.608930587710445,2.32847722293092,2.86982443469472,2.76544977515522,2.53369183803383,2.87145817511725,-0.344793880610234,3.11340919514347,0.317369585487075
-0.792073009063984,-0.89607038503426,0.512539886309344,-1.28174855178945,-1.19126715628837,-0.483058246046848,-3.67339173645969,-1.23814241182736,-0.584371705837967,2.00423888832134
2.65853588149387,2.34369929544816,2.5322853527497,1.78814297546021,-0.522449501838467,0.0176613633794392,3.31033731253345,-0.335488895667671,4.22262900220227,1.59872781231324
3.6163355534869,3.21842584779938,5.26850786570825,2.91784811091375,2.61151694863044,3.12073925219316,-0.210886355723387,2.23027437575054,2.03362022432774,6.70774671759541
0.308705912938823,2.11570079778575,3.41447089119341,2.8193894687457,2.23621585712176,1.35471406839075,0.791630722918852,4.2664139981071,4.45392381612634,-1.28895805182328
2.61839117485799,-0.308379334801754,3.364090462618,-0.785641059728184,2.55023484657276,2.14220799024821,1.78473893021687,2.00936563573046,2.7614531553083,1.01143481119452
-0.715794732645523,0.148809362401781,-1.50122661415872,1.32171078689534,-0.272489381947941,-2.04678251708825,-0.735449505687618,1.22875320279882,1.05261092654233,-2.12014898897879
3.74267491164247,2.96961652895639,0.837247769727365,3.77989549797243,6.21563890638841,2.45296641235652,3.40173230306654,2.98540905816669,1.80928200301683,1.71986651344764
4.42144721643723,2.86899917025661,0.413584389834963,3.77713184789641,4.88735120947513,4.4843713135001,3.86172395617471,4.25210760825434,1.42797066048043,3.96215743402352
4.21702477189527,2.04005901764044,1.18524154869826,5.0121599775213,4.84647719419914,3.67318638100464,2.99176272191012,6.79886129730328,6.09818095128582,3.52705609721821
0.721506830754321,0.536668351115396,1.01696349522609,-2.95287704088139,1.86708508014496,6.69666392592092,0.433675661583027,4.33253002932189,2.20119673088383,5.74521709050768
4.08674520592314,2.76227502530887,0.324377963942253,0.679858898809283,0.460461266653744,3.16763403790813,0.393025497375653,3.48796472754763,3.08482300022942,2.0478852514038
2.69271559797681,3.30556591659481,1.86837958219513,-0.0556759082001794,3.6917053712386,4.29628495717528,4.52554110548432,0.479890545022161,2.63574509877707,1.97214833167803
2.90484373578934,0.302243724797811,2.00800274369156,2.97192353706303,2.06542920650439,2.26603251737577,2.06805916587752,3.58658476522136,4.92824566542674,1.19450951190189
5.88166606966506,2.50899316036748,2.70759322890845,0.356958831798679,3.0330914032703,-1.80714904334662,5.64229432047013,0.217017155636838,4.52707626675,2.770959050955
3.04948705221974,3.24877683301572,2.66138754938607,3.4496406113749,6.12456483968525,2.38018497428113,1.07518452895326,7.55836329624106,7.18829205791684,2.12835963967134
5.94998592966635,0.626995215319357,2.93617213574387,4.8890031890822,2.79629405845468,3.88360603154031,2.88529233873572,1.38695564825413,2.99144568410014,1.58721634123791
0.927642262671486,1.47247697280066,-2.61557742509538,1.5461727170749,3.5586158712775,2.11395797753184,0.120267069586098,-0.617679061396893,3.15105813664061,2.68309629412137
1.98057523258037,-0.41869466845784,-0.246213437311346,2.05023618035956,0.804919427006515,0.806167691790473,0.455447384047598,-1.57027251404069,-0.948287817501023,2.21058400260782
0.496124892604507,3.76003123675336,3.05808793962222,0.0124839118751701,0.631941585989167,2.69872554959689,0.114519879892021,-0.495746781136191,2.41974863023767,0.946622750820601
2.05741777256359,0.169890355442958,0.702711792908761,1.41156731588439,5.34379291171669,3.54715929508894,-0.773178681977988,2.84270721079267,3.24579646720203,-2.56176421401698
0.86709790440002,3.76825849709098,3.06479049215452,-0.0148679373954628,1.2156950681444,2.73886088478436,2.84225792810153,2.6664819474473,2.23283264639162,0.296561264877303
2.48952370078896,0.387338835271289,1.6407735848583,1.67617402560906,1.57959684636515,1.47635352035773,-1.31623203321241,0.0750102713109519,0.802529177303715,0.652673167708581
2.36586582210959,-1.06689553384756,2.60208304567752,2.98143471093369,-1.78098604891125,-1.34132888099565,1.12933334301349,0.75560024576254,-0.302772599646702,0.302568764867736
-0.242151851314126,2.51139536068461,2.08170693643526,1.23635946407871,-2.87514503748046,1.85290054319213,1.11807931737772,0.496038894292267,-2.02482947672407,-0.130902624408475
-0.423782860612991,4.00491536188691,2.49724862267583,4.1734454589658,1.00887575777805,1.56818838842625,0.0389834850269386,-0.260312137088957,1.40077096278213,3.98824019886286
1.04886081615084,3.13098195716727,1.15839170280159,-1.1858138495557,-1.47106015236366,2.97495720796322,0.0383744184188196,-2.03850707588035,4.58357327794089,2.32998131051405
1.33767304672743,1.67538813538713,-1.65986230032248,2.46075385632834,0.179170012823479,2.21170990668996,0.73181582550976,-3.24986201655377,-0.148691582021681,2.89473133637032
2.79704591533217,-3.82203393934095,-1.88579868905592,3.69183704250752,1.93930068796451,2.15380997182319,2.02502632130501,0.00989545391164104,-1.43399486393376,1.59609353442938
1.09321422216557,6.57692427596434,2.6635676775225,-0.508126849225028,4.02354559094282,0.918411574279941,2.72935658376867,1.94047133814517,1.65985812514722,1.96731124968099
-0.581727245033121,1.18754706356053,3.39839757250618,1.55426986102894,2.78346219324748,-0.00421173412075859,3.66862065957371,0.879077789301646,3.63242260661115,-2.26149885052653
5.1587671125674,-0.428507701204127,1.01080616590333,1.87189397763609,0.662503410455503,-2.05639981171068,2.87925222599979,0.26662702788314,0.115040932437033,-2.13475136357761
1.75124274470863,-3.96631236255078,2.5797330050079,-2.84817129719538,2.76153295076499,2.35013161501002,1.68073925851569,0.834447756110685,0.931966560882751,-1.41073292386615
-0.975668721749377,0.274643272668607,-0.861121304575401,-1.91411381768098,-0.983719399756147,1.06851757250364,0.313568478815887,0.642035158364882,0.633829114397006,-0.0205542278346359
2.98451927338909,2.83557110131701,0.14262069037958,1.3074956658071,1.59995488141952,1.43604286015467,0.507356310638781,1.99517553373161,1.44649560137676,2.73503386353796
5.66232227267014,2.85087126405997,4.29530057503645,3.01707891984537,-0.274572978209771,1.21632152929079,2.67730358496488,5.74875743493085,3.96450154034955,0.342133124714075
-0.925515498812034,0.28756234708353,0.376350631312812,2.24966615987402,-2.18652003753241,4.06794940445341,2.30800419892196,-0.293270653713872,0.858418919218272,0.46385223406282
2.89202437992039,-0.63909385024888,2.45617424872357,5.61638025573538,2.55029974184351,3.93863883884054,5.11829501066365,4.02154119031135,4.17316143476843,5.48507707297437
-1.57565549445762,4.01992578816108,-0.528315559777193,1.23181196165661,2.06215036492949,-0.219945662874795,-1.17363001712557,0.57526521003573,-1.45061969463772,0.442559660181135
2.22826923879542,0.986729711779196,2.76525462123075,-1.53375371287999,4.11476221699924,0.7155075364206,1.1995639576116,2.84260455440748,5.68789185169901,2.7398749841073
3.81559531504567,0.504128552600715,2.29638685684028,4.26383888711291,2.31508595255366,3.36906714785195,3.88741709738035,-0.230564003283482,3.8575704418047,5.18404508516886
3.31218682609478,2.20298363280571,0.359113192144409,2.99973992396558,1.86390493074117,4.70990418410912,0.659936963724852,1.78772144109957,3.33547291866376,3.28082984937926
1.34839500813542,-0.360724793258633,1.55350550244621,1.21088992557672,-2.4159386426041,-0.297344408129711,-1.12744806461518,-1.50995374742651,-0.552177064418119,0.109711776591776
2.12812761531875,1.22689859170122,0.923421785753527,-3.26261521263686,-0.132699109617827,0.0261936971932829,0.855288733667438,1.98582712583126,-1.06695555608052,1.1530138845247
2.34612254541393,3.35169077800523,-1.63515883898169,0.850249381488215,0.727476447649497,2.69814841753168,0.678883749916691,0.867687250669931,3.36735521132329,3.94328437434411
2.61397392531178,3.27358914324951,-3.24303949670719,2.94576931360949,3.77360218065693,3.72632613388089,1.3582067596982,1.52144811729166,4.42740025409108,1.08318280094715
6.04126168206058,2.53516532768342,6.4793284062421,2.46321138573209,2.96582328726646,2.91606143972324,-0.0255860047438121,5.93163487742294,3.5922742374431,4.88611233424736
2.25664532346576,0.844263117273141,3.02976213540932,4.70910501774135,3.26848200746111,4.81017994478921,1.18837380259379,7.32212218806782,0.846573874023095,0.0802595107430264
1.10063447712187,3.12246289214063,3.83938488597683,1.0702630689377,-1.2576433363244,1.14510126001327,-0.838697293009508,0.0987052418108582,1.88817510124498,-0.673883210118872
1.52673033473593,1.87855298527913,-0.104189325779731,3.16945846772259,4.1893393272793,1.80730831469496,3.18571812955738,3.05643037086072,2.4467487628969,1.92044725326757
1.38051054767603,1.38120776561366,2.61883624345284,3.67096115583639,-0.868110118479577,0.410090869205784,0.489460701429124,0.981705652302846,2.9295631426118,0.427193518922377
0.504212998352297,3.41442904763822,1.49250165204629,0.0276876379548994,3.93310835160515,3.60311180723825,1.09759117396942,5.5649841670302,0.952213073161654,2.62975517029538
-0.545844602209935,0.701688749808789,2.90183209437497,-1.06789904956078,-2.3232089157634,-0.709776413031928,-1.18202341879163,-1.3750008343846,-0.12318743771836,0.237042210695314
1.39590460074264,1.96129481124372,-1.66090495418152,2.80290118886054,-1.19003319033812,0.653803868355165,-1.81682001960058,1.65349471870944,0.142186478029266,-3.15736955630312
2.43314853081348,3.4978445177145,-0.220269335078922,-0.315670813360275,1.80578782936715,-0.21806447867887,-2.49039448563872,1.29804932179657,-0.639664636102108,3.44739855689696
1.23736937813636,2.01144406604022,-1.03744442017375,-1.3167380275062,2.51314804530167,3.40405778259172,-2.16601532837588,1.56232995213652,-1.96039808162389,-0.0304628034531793
3.48912096146655,-0.564818206869191,0.969836068398756,1.75388331062693,1.57070161361833,1.84398201864803,-0.30937869142569,0.37609536615162,-0.200600664827881,1.52761506633438
3.17268258803759,4.70626247021404,1.72142923179685,3.93569503735306,-0.90012109691235,1.63786974611316,4.42539617877434,2.33650628733398,2.83271388995298,1.21212204146539
1.28785559273895,4.39665316943703,3.7005968114552,4.98624668601799,3.24344350618861,2.24062245892938,2.83227650179855,1.69537600266908,3.05280534073602,3.25444692098553
-0.285453421286614,2.03745235586106,1.39156668915126,1.65413761225924,1.93641432852351,3.70613557598636,2.267251280572,1.38915683588612,0.176692942313416,-2.541486537752
2.15691468583338,-0.345490438250033,-1.35291720378284,0.600567144146897,-0.907755913519027,-0.336006399859952,-0.357799312412354,0.994392640392099,-1.58666506592095,0.469979206936451
1.58633238397824,0.804169449371526,0.845091393920692,1.70951864153239,2.50296297290232,1.83822910796108,3.05460636063892,3.63309388810341,0.995617932405141,2.73220874880642
0.801082811301721,2.82810134594751,0.347311240198173,3.23928990510112,-1.40760321027829,-0.24228669698891,2.91042736744038,3.2800394310674,2.39453174871296,4.13879859104876
3.97082311619719,3.62497617870742,1.80027188092115,1.21291373492677,4.58319949972649,2.69498807007896,0.318483295499838,1.78181709415615,-0.424865169701796,1.88808503972773
1.09922454578179,1.71329358421762,2.8477570757491,3.8323917757016,-0.831375614345559,0.892529644724382,-0.423114855162467,-3.15102482277804,-3.90085461634211,-0.595571443712476
0.99143328175625,-0.506143010707549,1.99447834777486,0.248536850070947,-0.639738064936732,-1.21564033444917,-0.429640050445526,2.0973831940343,3.67875052159453,0.00578365546659266
-1.7853826319731,0.0026698991194879,0.541166075955435,5.28399916325989,1.8933424164165,0.177473040042888,1.89806498872749,0.611843047358351,-0.164179071526623,2.54466722963394
5.94771825450879,-0.843825882924834,0.150013339802464,8.64605673315214,1.4357321855913,4.57282457333876,2.21966486056184,-0.424879919198264,0.61826603116937,2.27384764817048
1.16582859430535,-0.51413293867855,-2.23312725113571,2.11060704534897,2.30138370186408,1.70311044227691,4.27420664800482,-2.29247213448472,3.47416354168557,0.109663236582836
3.24071313600542,2.52279672615158,0.457695976526011,1.32145669535123,-2.49426039792241,2.40716666330857,0.487062344038194,1.36189025898627,3.06128456872847,1.60023593201588
0.793332302694922,2.47136332289955,-0.407433083509836,0.936474256262002,1.21923115860395,-1.04084207992326,2.02595806668954,0.449637279281915,-3.90551339601266,0.968153847328508
2.97471394467829,2.32809533478596,1.6227067397528,1.83708087503642,3.23745173134845,1.95462871113813,2.89578839968767,-0.420367233423268,2.81979686427252,0.571120621487169
3.81911361507489,0.60549317174629,4.40104525483714,5.57649886882002,3.21354401097116,5.36770965684121,4.30867819115307,2.2488585963818,3.31423682660531,0.662054550217712
-0.579106816391026,2.02678302067574,1.55217874799637,0.86657519185524,2.33495510077701,3.32670076599282,2.17422962967764,1.12590643486054,2.50444348469629,0.366738001924005
3.01145697400869,2.84288430942912,-1.67184919316724,-1.99348578524265,0.720806205293127,1.7018268065324,1.47773967865671,0.528698617355205,3.5201178410722,2.60481256575881
-0.0354437570661834,0.0439186881114809,1.34639011193158,-1.47712687378227,-0.499907286725675,0.0385691822678649,-0.153940398638926,1.76823158896318,1.29179103636357,-5.03747648041547
1.17788900328748,2.01822008297396,0.237030459724562,-0.707683158512436,-0.407990778287421,2.46669622315334,1.15957330344356,2.71116571408087,2.90772124656233,1.51933449780859
2.97079892743498,-1.69368052237804,0.980064613007737,1.12621924013117,2.29304934841695,2.70142432676865,3.50442374076919,-0.933087538462966,1.46232418523,-2.01163351395516
3.42605015917775,4.82957614237149,1.59680205947121,-2.41794188637518,3.00132634405629,2.21394483025568,-0.404834675462872,3.27794445755313,-1.01504802847859,0.767166320659961
4.50063440026709,5.1297452973815,6.67758142635628,3.84846896959314,5.93353090058392,3.15248257690487,2.9470625743867,3.00479099020784,3.21879697186849,5.10089075819685
0.930581266473527,1.66781758014621,-1.02823156100899,0.750090983843703,-2.33918918456406,0.793140314075235,-0.838478899557107,2.80859283599101,2.40316585951881,3.86095033150211
-0.620318428731539,1.23646934702406,-0.766003187131648,3.59395951612741,4.5263935348864,2.65800137711353,3.0489553402929,1.96246914224341,-1.36677305684873,1.95114638106175
1.95100779032558,1.15746360801363,2.67168687226808,2.805168650013,4.38097526295476,2.8127783405973,-0.447423145689104,0.767761342159659,2.52230336592299,5.99736575332414
-1.01197570473802,1.45642543663848,1.13462450753127,-1.55005977724157,-1.07147461324807,0.44000142508479,-0.399611850088974,1.02986074559422,2.71659284803773,0.944416766095932
1.24649822303503,3.45951123555618,1.13320006912139,3.15418885911526,2.58248002163767,4.37158547280925,1.37438180543475,5.14160523388058,2.49988011545242,4.12253199811624
2.75412834962141,4.30188965615464,2.89565116890431,-0.350659964188652,-1.00999479330569,-2.08646821761826,0.574697100175779,0.795574448593904,1.57077984349929,4.61087740514421
4.66548828399916,0.479899581229662,1.1152696623983,3.03308923348586,4.74408035059898,3.76013083412806,3.07301812670543,0.998329274582766,5.38366892585185,5.03154507396808
1.16714956118995,2.49561352757584,4.06653062165681,2.34173858873819,1.2793249171111,2.83961632081867,5.84449099062602,2.71160831030321,-1.11463193564248,3.7898799466007
3.44567507881556,3.50239504895173,0.625337786729218,1.25162007056458,-1.6625240326589,2.37271629413708,0.574841960543876,2.76356591951856,1.89439395204164,2.0174767791706
0.464295003095173,2.02910925479605,-0.577976329238253,-3.00871916551364,-1.8662769294199,0.822929062208418,2.32668965720552,2.41922738500531,-3.39096726556733,-0.96617806100246
4.92912122207944,2.89589690838535,0.217698796827495,3.07751452516242,1.33514107389467,1.52537450651966,2.27795582715254,1.93131272861823,6.40867900384289,3.16722952265013
-0.222121398906179,5.49001028687243,4.67498120763571,2.96321805508822,1.38218643054381,2.78419696173935,1.9579923797272,4.92094647765948,-0.255864144379193,3.10122064396642
4.65470633889525,3.67797083098098,-0.466092922645214,0.612593381038629,1.83134345036555,1.1960170822721,0.741120645665517,0.190603067134902,2.49843062312101,0.597835347385628
-1.23005385052337,-0.0873067904095357,-1.20340800043411,2.0169095009973,1.79927018986524,1.04185138523093,-3.57723161915293,1.66631673772822,-0.411820401493777,-1.20585037821476
2.10768327976934,2.89142569636898,-2.0028938156841,-0.157581216504305,3.20966990042811,-0.657543262084922,3.34048723339978,1.34755676092222,-1.27509096391071,-2.09074852819436
-0.635699591125317,0.200917196484093,-0.98376768618315,-0.628157208227294,-0.243758044500204,0.945693383766008,2.42344594411319,5.00065659037459,-4.58304074043747,1.46291816420672
3.06107195030764,0.617846077668182,3.87737325264426,1.63705542087175,5.22555727417053,2.27843573973103,2.26831701044217,0.0655879052146608,0.626799967542119,2.55004586974239
-3.69319198646672,2.28976256873544,3.34591630294301,1.36464624328132,-1.00302869688066,-2.02424366680924,-2.34891700306805,-0.823649739490783,-2.21318923841117,0.955715093974077
-3.09104964449663,2.44452782896437,-2.45854795172118,-0.0304217456152574,1.471515000453,0.861432066900478,3.72185429532953,1.71780526072531,1.08925346949986,1.04645571627368
0.476915708087208,-1.32749771346035,2.32556889819429,1.11048930563104,2.50442533828065,3.98090644126349,1.6379180481324,2.21333594365118,-0.891992043063325,3.15625972666762
2.40814036509592,1.76133293249871,0.272609955560208,2.45015546940274,4.71748051006875,2.32850314976457,0.99251738716062,3.35999276411585,0.964304950026054,3.42761126706232
-0.495155124992059,0.604197778399789,0.431898108271928,-0.420260409912226,1.50706805730906,1.48784016790647,2.17070352886472,2.61102036927445,-1.53447408574101,0.741885905435036
1.4166422746293,3.30020563325691,4.7108832998399,2.98863228235246,3.55973623161035,4.01851920673537,2.71187759291968,-0.115698513515481,1.37446235255409,5.88765348800691
-0.58578730637689,1.9281778084665,-2.08455048422633,-1.30732854368821,2.30938886517243,-2.6440845731917,2.31786184752665,1.44451106760071,2.74361560092926,3.72392183439599
-1.74050265001433,2.00379344965201,2.38395895138733,2.28481391848871,4.78066076013557,0.885929501463581,3.29136126450563,1.0875941919722,0.831448119223341,3.05822963519944
0.195285364460027,1.21160581381961,0.209296225319308,-0.22047967226267,1.30378851678951,-0.69502901511883,-1.94972961998777,-1.35990568757455,-0.789871734925077,-0.667092805629104
3.67426321714462,1.76859454366951,-0.450761413030413,3.13513778612629,-0.265302627267253,-0.922482592437719,2.67180282027639,3.15124160014148,1.75857543015289,2.43991452244517
3.80582054260806,0.159756231414224,3.697692521863,3.82811803572626,5.56730400468484,4.18052370733441,3.40416026663412,4.49820987061468,3.42436977291489,3.43883935921328
2.11730799089226,3.89357679668494,3.5053002442749,-0.164069187488809,2.91275065806298,3.59566298664025,3.78072613728567,3.20336630574982,3.7702173456822,0.603697367434812
0.443401374534883,2.77691005638643,2.73275180927006,1.27183275071162,4.656034866153,0.792043928385697,3.16149401067165,1.89057674348198,2.3944408633105,0.571089694336336
2.24879605949943,-2.72580231695004,3.00373977608868,-0.807773858314684,1.52426554790731,2.13821112034995,1.15562600467443,2.93607975532759,1.82869009202115,0.184728543521555
1.54404447143369,2.21681847780263,1.11439625280707,1.71383667124938,0.45420643428648,-0.0190767586179752,3.63633623987152,3.51838462908509,1.93730064472378,2.23606985849915
0.191577698256524,3.43512232370316,0.872016550390653,-1.67878317365343,2.16236736750038,3.08026803909095,0.339065230512494,3.14475450710673,0.994712053177754,-1.10988284374156
1.93430570200326,1.43144647279609,1.05883809819708,0.270552007244699,0.108278592383586,0.496704826754096,0.554172843668728,-0.340040737063974,0.690088140759817,0.987579874930589
-0.702937230872766,-0.23741701974578,3.0683990309908,1.06309091892636,2.09695460039832,0.142995641084917,-1.87974989624424,0.648286591953679,-0.408024374765314,2.61076222335676
2.19653683594552,3.40002194878599,2.57197958871244,6.20895094086417,2.49284611797295,3.9039871320133,0.616124688255821,1.13994335616778,3.80082152125982,-1.31361583917261
-0.149626665811532,1.69884165627051,-0.976951407167511,-0.979887308408093,2.14401598733176,4.64582313455392,1.85078490387475,0.554775920244184,0.739815644231073,-2.49738020723188
2.22620600232044,1.11449693020788,4.44780126533241,1.94039000330144,2.25935674904453,4.06495052459765,5.07878894252913,3.68610001295107,4.98223389322173,2.76426285447738
-0.482872139558095,2.09360017135541,-1.21942542319116,2.50554411647075,0.632753926707418,3.03076694177433,-0.199879139838637,2.16459734180558,1.92155440583398,-1.45038623011315
3.34955497003514,1.42530902358302,2.76369303867489,2.94608225560471,-0.00756351480272199,2.10355490698606,-0.79564487496141,-0.919531742269485,4.27939002819562,6.2918964021456
3.50678255728448,2.42901938646605,-1.37562801513287,2.32518805462566,2.68986997600067,2.25692485734714,1.72352100697251,0.719089675139334,0.583375523413467,4.73717300074434
2.36941037525773,2.88661842586601,0.0434781704551324,2.27970078850695,2.92578526796488,3.01415768318182,-1.22839529486023,1.58809220796717,3.81497514220312,-1.80843658944266
-1.70582900886498,-2.15610876458498,0.0801370672573862,0.165637597248687,-2.39559751178884,1.33840588616485,-0.106543259991843,4.36439331401878,-3.19777022679043,1.59929274245518
5.60905673765745,-3.2331788311297,1.1680647442465,2.04612105811516,3.48318503047648,3.49857805098227,-0.237138912957573,4.22545090336796,4.48450157642757,3.60712375434245
2.91529642825465,-0.826823885383084,0.101419564474083,0.799494338421192,4.37080739860476,3.35720635871593,-1.65505723723823,4.17282586050316,0.228863392827073,1.647623257432
3.3160386157004,1.36134116641232,2.55232037093771,0.0643040924132787,1.968337203799,0.686457522053886,1.63118801051365,4.57351830238056,1.68163053029008,-1.0183188142391
4.0420410512608,0.960096873266605,2.1642811795675,-1.64238928154918,-0.768145475136734,-2.71726688103996,-2.09085373914965,0.0417987983144952,1.23038204599331,1.55194116808768
0.283646843213192,4.05752154423092,3.8297160427768,-0.526035357463803,1.34595466005743,3.66578086267084,-2.77595789268763,-0.225517499001264,1.93119110323507,0.96195273846856
2.42067634998611,0.120054704980334,4.79229634423139,3.71998047161751,4.72551759639157,3.81479901433693,2.78637493035501,4.41404010673276,3.59423069305848,2.79923337613706
0.250416563737933,3.95457394185085,0.149333547961991,2.97016701097402,4.95675670339915,-0.431926267152764,2.75874120320864,3.79811828612432,6.96057696638823,-0.206932462030809
-3.64755968128388,-0.762613132122772,1.2658193847604,1.40823020633248,-2.63949129984573,2.36602292598242,1.99321220070168,1.51545728348141,0.630814398574565,-0.608725345936477
-0.29439655501956,2.28977046747573,1.92806168642974,-1.35844065973952,2.65601998879419,1.79203689779069,1.76499193859387,1.9182663598682,1.95977386268229,2.17389310709451
0.0401380649981486,2.85725837697754,1.41454277185032,4.10870782753151,1.8322721049761,0.272544040674686,-0.0987012719270006,0.0811224786289595,1.48092022539285,5.84737755449464
4.44197265230306,3.00396278636381,5.15189238375196,3.28009605220508,3.39650447095547,4.72588559259343,0.615747076512704,4.62623819961494,4.01897740616147,2.01709985565896
1.85847099016185,4.07905260629076,3.44814564822502,-0.129827575523842,0.39845951378833,-0.0351815954713759,2.38230420284926,1.60686555109491,3.58648257578901,2.89001753791418
3.537841025707,-2.61037023226967,-1.02368237778694,2.99147395262573,-0.16547745947549,5.9158486770485,1.4779577318713,0.28739615972958,-0.470179518205423,2.56039746461393
1.92267997201449,2.25029348219584,2.34373988628949,1.49447846918314,0.123526617731839,2.84445797865568,0.597264352435916,2.21203987690392,4.78416942809189,2.35654880168259
2.95178942933795,4.64144474949237,2.09508922706094,-0.474024768388728,3.53589563963609,0.16752796051391,1.85423312659656,4.77888360004354,2.38045754751617,0.779873376099731
-2.14191203435723,2.50440399941141,1.59180301486693,0.224460699338132,0.432560077711638,-0.312355034634398,1.69884065567113,0.0856185496243711,-2.52708618916684,0.228236719645339
0.960038772893348,1.46181882974269,1.48712951926013,0.688495129548858,-0.147912095510527,2.64415663401046,0.319522534314322,-0.564586899103186,3.25174321376303,2.20489450181768
1.78030208764935,0.990180016189715,0.0644549899374293,-1.73906078515809,1.40255697689413,-0.781004347623135,-0.0671510376248805,0.356601860399254,0.821925913303156,1.46091449489164
3.09914910900902,5.5458124885287,2.74107572226861,4.59754472882383,3.9682008386043,1.60629097838412,3.51592043826568,2.07159369261823,2.56503902669332,2.93604810260107
1.7001439861578,2.6099021683054,0.433383605246464,2.48988677463662,0.411500443552942,-0.635299374231411,1.4624183288147,-0.601325027470035,-0.104318321076227,2.50644637926805
1.93022868688117,2.44562599993519,3.38113134950643,4.37188264493194,3.68387634604998,1.39339712441811,0.479365429045924,1.80719759346197,4.08517813040959,1.54010060741392
-3.48717731927098,2.27021077178488,2.02849777164166,4.7395222570293,-0.959856330646414,0.0236852169324147,1.63410037105091,2.11134862689522,2.05806339436434,-0.0499121122805748
-2.5026880956084,-0.490879287957443,0.897339442075301,0.816206827464789,1.39849879528617,1.92369766343724,-0.567647813175731,-0.701277037481426,2.45900488863984,0.147533477358693
3.90756117523982,4.1147950440848,4.01860826895907,3.57150006087902,4.08948827824347,3.45146180836053,1.14540792021435,3.03479234180689,4.09745477521809,2.77789941214154
-1.21697429406957,-2.42609081690153,0.364936912912241,-0.84148856112491,1.53512644085107,2.17653147622004,0.475407828289218,0.88125775635645,2.27215405299521,2.12991100712091
0.919182921730519,0.504341038022374,1.11038131655396,1.06983292411705,1.49787388425952,-0.26200225942196,-0.204633481013377,1.82826886581206,1.86767224974086,1.44623854746334
1.47360715689275,0.661775467177906,1.28829619870885,1.77687154351615,2.11705908960854,0.971250796967372,2.29346648070723,1.57182320854214,0.113746781085917,2.06191794875771
2.60148355811544,0.232364200743768,-0.188529079129202,3.85350104853253,1.39001036555255,2.16257629920247,-0.577959373640617,1.84466350984447,2.90672135207554,4.00650200317771
1.01683284766356,3.74934635182022,-0.324979104655036,-0.53722852762562,-1.23967624643416,2.22035736832012,0.744454922504473,1.02577883643466,1.59332960656303,1.99427188125757
1.52473606902756,1.01207132247008,3.82485020738781,0.861014666632693,4.77066675750938,0.816363917973927,-2.15555318846882,5.95478350156383,2.71262179015799,2.38007202478714
3.48217679555296,0.107795394842313,0.792590168508784,-0.438302479026919,2.05774217055037,-2.20908052208228,3.40698671559951,1.56741038036237,0.644359867683653,-0.152369567002965
0.615103781242417,1.25488800947341,-0.286140754347682,1.86798755456665,1.35823354404588,2.95291956141302,-0.226294040362462,-1.90026840837242,3.28706586410137,2.33046335754559
-2.64277626902302,-2.93610772501682,-0.0418837819566991,0.309014353527051,0.184984230706322,1.38302204262746,1.07422524084051,1.00344108613561,0.100734676776454,-1.35725456521007
1.04978901887815,-1.66329428360992,-0.562362332986249,0.89997088241939,-1.83992572342613,0.223862670087034,0.249063786411034,0.936139235014969,1.07372350214464,-2.13311096302111
1.24896687054592,2.7749210651309,2.98832617547448,1.09788541638451,-0.493861079202482,2.20852863841644,-0.868831573359797,1.48646879670785,1.12599381657674,-0.936408766139472
2.47468696081682,-1.01681856607906,0.129753878717136,0.2866203768372,5.0789202697455,1.51098398265108,0.00413259716550773,1.50075477854742,3.01043291208752,0.454653932721453
4.73700831710309,4.1464852518728,1.5101128364377,0.896370989131545,1.83852212031232,3.23617148177166,2.74686481925561,5.49312931151134,4.71277578430586,4.15841828168502
-0.646966794246265,-0.0246615084856145,1.16655551243305,4.96111698827082,0.574867633736971,2.12237487326539,4.25665631834634,-0.168504970601528,0.271476472306663,1.6741208031142
2.46425570079696,2.14911221515294,-0.605305556104109,1.95022156955398,1.62578959547448,3.67337536366583,3.18331657213186,-1.91640176132724,-0.0458371685387764,2.16945925531554
-2.12220529110043,-0.761163526825607,0.54215537414793,-1.63171476600676,1.76550373005181,1.50870691688305,1.00723402034382,-0.272816882740884,0.406234785812601,0.332426182465703
-0.858600702351497,2.41979224936009,0.192602730743779,1.94012904258477,1.00750025665586,-0.19488696362473,2.32439882358148,2.1959626838263,3.45446518013454,-0.341690232498705
5.20048482748232,1.69419208505391,3.98998813920173,0.752863690633246,0.131055906822721,4.06742520497622,1.11360905909471,3.45936203710722,1.82144525272594,-1.52766965647288
3.27520064722734,3.79397592851109,0.529529096728493,-0.41412680254967,2.75511125902358,3.03909623293414,1.88636963362885,0.473706420138486,3.427318298447,5.2462939783124
3.31649354987112,1.48028107008139,0.937403883297476,-1.09420511192136,1.8550408202319,0.988587674969386,0.213623950991703,2.94079329268677,5.60356698404713,-1.15013489842407
1.96179098881118,1.7949386055982,0.0962962330056473,-1.560139383377,1.40025565364552,2.29869701152624,4.14887073607314,1.10614597822798,-0.293483179708213,0.210885949111079
2.64869763954299,1.1950973480424,3.52683627267685,2.51210477468388,2.35225735525828,-0.278277944679848,0.448975489005205,1.47331229951846,0.886141717257421,-0.465187176714021
1.31358899283915,2.23676546970504,-0.829825702950929,-0.800743548558844,2.81231306421805,1.37413711014988,-0.400700571535962,-1.27571781406769,-0.0791741830479549,0.692420035223436
0.0046027288392152,4.0184199456313,4.55339548221165,2.61813995439698,-0.287013082746375,3.67330857344434,4.56613029782221,2.0345687496072,0.305399683436677,2.72526607653184
-2.79080543568264,-0.84962475690996,2.35398572550132,-0.0679116460281468,1.46469945207488,-1.13573086157716,1.53815854078836,2.99041541451369,2.53418736050055,-0.541481249497992
0.063961808092222,-0.046575885017639,2.59558352037634,0.577073165331648,0.34787962641301,5.16876553623484,-0.958974552907348,4.59734552443771,1.28667768806713,1.37043092812089
1.16722440346471,-0.421385566483556,0.0729754454430963,3.50904089970351,0.203574757045102,2.13972631721169,0.0758638051547595,0.846009198316607,-0.771092631842281,-0.431634899223406
0.88111725213592,1.84845775070469,4.1040718548743,2.34058958842483,1.23893004004483,4.2794148103157,1.82793166191839,-0.24105651491565,4.43361903470117,3.2261124281305
1.57735064607639,2.20563500735136,1.91104293542172,1.49890387399125,3.69597491837731,1.75689531409638,1.58832983799888,-1.52880616390405,5.66574312730831,1.65918680040481
0.30460244061649,1.58454133339336,1.2496296185308,-0.660062578855529,1.62009617472524,-0.0877923577372758,-1.82957128705123,1.16086550789901,-2.5077195073992,3.73735405142185
-1.61078636490709,-1.47401474991264,-0.52903225578606,0.311553588177769,-1.15693647034599,-0.095558819609402,-0.00739392337273479,3.429063485844,-0.166659594514314,0.313544208201545
1.12566694281499,-1.24158221116602,1.46739475184293,3.90013941693291,1.5225302772878,0.548901399899968,-1.91376339650958,-0.782272985459793,1.09620614329241,-1.37128087975121
2.58169517370816,0.306650357158607,1.35185917564455,4.45970606743174,2.57918754224275,2.99770024754231,1.32124501947236,1.01160007318149,5.70566031754598,5.38760359367196
0.528876858494574,3.48704721777506,2.38051729495972,1.14612219135739,1.7625370584923,0.0189636223735428,2.06940973896463,2.84048197049802,1.47154410497167,1.1276770283788
0.208604636307224,0.862201803073313,1.50648027346573,1.71168865138885,4.95934165582497,3.36250668914425,1.98933261572203,3.17273368931559,4.39758662477256,2.80082639991855
0.137190894517755,0.841842954387672,-2.29216204376917,-1.05315470131231,-3.39069319135853,-2.35054758905297,2.12643500545244,0.773988490972724,-0.979116179466316,-0.503328422711893
3.72323713358876,5.50152014907312,-1.14612393821855,0.0528235811677602,2.5974128861742,0.664473467043427,2.5401510607868,2.164650746318,0.710330162411837,4.30124068784233
1.48669070271507,-0.0253443280854852,-0.820332214897013,-1.50600876113823,-0.650957190449232,2.63605512576445,-3.10817652966025,2.50961952776691,1.67267579704146,0.988945430249556
2.15992467634211,4.79035135900417,3.0896796817297,1.96160514658823,2.25711417279419,-0.239873303136819,-0.249016351714659,3.2048908996725,1.14947087811774,-1.09898649685576
5.1666696747399,2.61240684929019,2.21544172480316,4.27366488217944,1.74646366510194,3.15996222166595,-0.536322539043252,2.80665401083,4.13494243701818,4.83155693957052
-3.37336368625865,1.0036934905957,1.58934039690069,2.37876999037044,0.865350001067029,1.85012218070737,1.80463188916816,1.1177429889583,-0.375481584033265,0.868836695335235
-2.04074234785527,1.17442959815165,-0.0798012784467404,-1.0453255801729,-0.0453059402517394,-2.92983907061476,-1.57641855276448,0.269209529995949,-4.18298159846844,0.480936856034249
0.623078355959933,3.23842761243569,1.49686379514705,2.52596112580842,1.09657797689454,1.69218098460594,3.17144807211225,3.30974545725594,1.2513061259471,0.585236266417453
-0.523106276310973,0.867402071499681,1.46633735256027,1.6308770441669,3.93476214210294,1.35337882804707,2.15986460927083,0.601984684391579,1.37733518920232,2.13093549368669
-2.44417077081234,1.38468048389584,2.56818134859544,3.88975582821719,0.773257845971673,2.51331952672576,-1.35588897115876,-1.41577854729932,0.589540175954139,1.67075340552515
-0.681155781842391,1.07973327151804,0.537974159627798,-0.720939746094726,2.77149016819141,2.44427819211009,1.66636617946214,3.78776255187793,-2.11986698639247,0.360012993469484
0.752089679811187,2.95124427307048,4.10999483368049,-0.105842269738643,0.601826075887087,0.575193675727282,-0.325584799803178,0.901892681469503,1.07370784797738,2.29113189076408
2.22817462054,2.7108926787605,5.78889123255807,0.952067452657638,5.10478826378772,3.81539502968854,3.30275286578722,-0.377134992919917,2.31269460088394,0.347778567632232
-0.271414442116461,-0.781861761295092,3.09940513782409,0.897845114943252,1.59448697059145,-2.27714431463156,1.34194131357792,-0.0468052665931844,2.65860452856537,-0.383422773218852
-0.127655402183023,-0.44761117349836,1.23577203704019,1.69516623275918,-2.29576379194323,1.99391119542785,1.98230407814189,1.93134430439418,-0.37124863021104,1.89727778682216
-0.975429223629871,3.95437893031762,0.145403398874863,-0.246296121959736,1.9273387076841,0.15345549331662,-0.900222073027291,2.55128267298755,1.94857160335334,-0.479447568748038
1.39522249106745,-0.855136463293002,-0.100549529992472,2.34608840744447,1.69991166790387,2.00132171237208,3.46759957477991,2.89424766767549,1.24838364927334,0.869572428877798
-0.426476645348106,0.693525277756481,-0.240528926234994,-1.03650913816255,0.220597400387274,1.54576599956146,-0.686779800362851,-1.28060877057163,1.95319713690823,1.97736076710036
-1.20483605631063,-0.804208712577507,2.63375781263482,0.479052010793774,2.69251953467353,1.21729598511524,3.11968752481281,0.775404042852347,1.91481479477852,0.775246718288607
2.46741985261988,0.95456762160073,2.06572193449501,-0.897413615652578,1.92196497782929,1.0012011339982,-0.510645659450798,1.40269093892698,-0.0657454722413784,0.117475443604571
0.956504108317284,1.30501179840111,4.1893609997826,2.92010665518749,1.89252008537959,0.030529980331985,0.821377370002903,3.74297111216829,3.45982568553415,5.43790447845032
3.47919563747964,1.19429050022163,1.83169015714126,0.697506511073919,1.05573038537265,3.78366878820277,1.73358533604288,-0.896578383535575,0.533156632559012,3.09487467940975
0.513074002123575,4.56642977473427,1.46446530916146,1.61475981462457,4.45002577670197,0.96569036292658,2.6647306877901,1.07952279937153,3.39675969353973,0.593662607506019
5.51238127285248,6.86691541022164,1.35190681589096,1.87872746212161,3.58483947426961,0.305008408563916,0.347262154289951,4.09423066998702,3.63749778264109,2.36517005210571
2.59121629761782,5.00330868781275,2.00511102169668,-0.19828363193656,4.77671696055007,4.44076663563878,1.78405334841442,3.3050446488674,3.21274912860506,4.71925360906564
3.28622647221468,1.02445579610577,1.08150068579103,1.78835279267203,2.23810393672255,3.77269943893356,3.73176982387723,0.979966902469278,1.34744970934855,3.80855633289906
2.16413812172857,2.06874085183094,1.26581370537906,3.90986381954182,1.49955133391088,3.93794626830187,2.19547618248907,2.18327329613828,1.45378533408083,1.16724849382836
2.4364327011253,1.69179045311659,0.456856739055043,-1.9872693776891,3.65657870918093,2.57459967448143,0.670629070760324,-2.78625838731359,-1.5199249629686,-0.185260109366187
4.42044114126561,1.58809501426556,3.40604428024655,2.72392872367542,4.54614183959086,3.52178484761748,3.31881826653785,4.64305933195421,3.1095772395723,1.58365242035123
-2.8816251161757,3.60082105837504,1.72084141797698,-1.63345939632585,-2.25106666514381,0.775398501327933,2.18227882898723,0.703372533408369,3.56910255191941,1.98776349419117
6.05415816128412,0.351985709742305,-0.97546611123208,0.458420665274937,0.110935351337863,1.05234450928132,1.4142598697836,1.24235462289744,1.40601147958776,0.186133500538998
3.3261042064623,-1.5385045872069,1.10195238676146,0.821712668865021,0.642996868595594,2.53802044292323,1.96945177322049,3.86153657419657,1.01283391769078,1.28807247835351
0.032581108314817,0.60759262883936,0.0695618023934581,-0.205958895192327,0.0545241849846827,2.00366397527845,1.17015644860631,1.98283844316973,1.71803022441968,-0.148611456363692
-0.29345951656458,3.93326123756717,3.40122651706224,5.12359604949735,0.917435977683867,4.3028860495611,3.15230515328892,4.11182836050696,3.52814073277833,1.72710869422139
0.554858885875687,1.46979314326578,4.96008027257482,3.72257400505179,3.45142324590859,3.29247383275778,1.20734266336755,1.22900956340494,3.54651534225276,1.73078940300773
2.71571607715414,-0.597329504713519,3.82079916117548,4.35593093792181,2.74809630794057,3.41441430225506,0.900124327232714,4.81271147562929,1.98119794467149,2.97105628696548
2.35952661836049,3.2883279070767,0.395080364036772,2.96137526704865,2.04909374965244,2.96791995810212,3.37721988850153,2.43012309058349,3.76790333418652,0.799313292892979
4.00437534643016,-0.388872433786267,2.99144864441358,-0.736350038690287,0.629130351357757,0.611273420441017,-0.0629011275197064,0.67122322410381,1.86613655854685,4.01704526175732
-1.59699061304492,-3.07682904927086,1.93318520252881,0.819604258719566,1.38642357559128,2.21517871006901,-2.15254278117716,-2.21494447702287,0.844960432380456,0.481140735222605
0.424909782164274,-0.60198448134369,3.90629959733076,1.73354433828734,3.0971957595845,3.03794633975852,0.138729374718458,1.1900484629107,3.05738394128811,0.382420908842884
4.50800224241548,2.98010216397248,4.99689682357669,2.29517082138463,2.14705165187158,1.64718493742947,5.02706313573433,3.20088544776052,2.57695712112972,1.7533705709102
3.49243525623838,1.93949159481792,4.18524366593637,4.20700646581886,2.98089632462315,1.9975238678398,2.2416091376712,2.28636396218634,1.00620322223127,5.64825502273848
0.0529685486526972,2.35155872205538,0.973304744307434,3.63990865977345,3.17923453991642,3.64300697729182,3.12523504345377,4.5974409491454,1.19604817412405,5.74786259097879
-0.197368624637258,0.316511851550044,1.56886222373867,-0.156323501527238,-1.68814969578668,2.54258290521375,0.10057259460543,0.348263098979253,0.611142516229766,-1.20818543487931
-2.44812302233256,-0.661427367020406,-0.549839225227957,0.00748890369606771,1.40419494967795,0.00951523932697545,0.760073683387257,-0.140057378291138,0.269132139522226,-0.326353020667146
4.98805316492106,2.70803040475884,-2.2358247253057,4.62149826735213,4.46212152038232,3.30646119810573,2.7092450776367,4.40315021476139,1.87568951311594,-0.775222662917392
2.13605278355051,2.56493326810948,1.46253074191831,-0.416993441347359,4.68715799125797,-0.408880515404212,5.11385241807099,4.14154096998361,4.41888876389964,1.64355789290335
4.2283434569211,3.67478189107527,-0.615370513187342,5.71294776954287,1.83608993817412,1.80025116720218,2.9401272863294,3.958964340372,-2.06626453978967,2.77437837438171
1.50020373001715,1.95928636401322,-2.01915296312997,3.69210645050976,0.544579965133349,-0.00555470265996538,1.09174520919047,1.83510869442124,1.52879574285939,4.97764700603725
4.58233995326909,1.3437626493783,-1.52072019024174,-0.657528044634448,-0.541679374538214,2.93960834541274,0.873363075652543,-0.537953660562993,3.61924325896448,3.10432087055795
2.35199357859917,2.64669479341082,3.02042665846855,0.348638919940622,2.27954837133571,3.04926430761656,-1.98783288681356,0.285758285939067,2.76466201012892,4.55948814473914
2.89289584326233,-0.330031597782396,-2.10753307874351,-0.69799307299037,-0.253946982872436,-0.359628973560615,2.36900779710054,3.06326622976862,0.514438997392462,3.82868950382493
4.34476210722515,1.28620417986367,2.31763917906808,0.905712299041012,1.2676440681611,-1.08430985374682,5.30517637129094,5.2991257692814,5.35053245790696,1.96364452976754
1.21378995658886,1.91918362933122,3.50132459207632,4.2101759714007,2.41332975427526,1.00991565581138,3.17537442367544,0.634038213800408,1.32599516588019,2.22177903686259
1.31952328160126,-1.92516716173766,-1.80918263207592,0.117511416837283,2.81461671506665,2.30270008110537,1.48407891166948,0.70696118499521,1.12448264675092,0.294720539754831
1.25175926945442,0.577945353105514,-2.42261742218259,2.41328894751806,-1.15945433308218,-1.90143488672016,1.61003641929059,-1.16657563070756,-0.701827769869567,0.0713657526390621
-0.850142064736987,1.87262771569671,0.624611804956935,0.0538203246166672,2.81486910479163,0.258811564341416,0.181101166545121,2.85694715174977,4.06542417674853,5.23839993342202
1.01185213218323,0.529927203717419,1.79344306426976,3.92912279226648,0.109023900294596,1.62631665969646,2.75081153437541,0.221722842896107,0.7326689946615,0.653767565624202
2.85460567166939,0.476290854375906,4.64524009469925,2.41995483420107,1.28406838109362,2.6866991093269,-0.0992343387379582,1.75156996447009,2.9199433541997,2.95480308985028
1.32438746147179,0.462149168718619,-1.74770722523677,1.17057811831434,4.31107584640598,-0.706250464332342,2.61505569576247,3.51974576912711,1.00072259491086,2.5509432854583
4.25550217055897,-1.21930421445701,1.57874429634054,-0.31826012437244,-0.426573404503873,-0.984566795202061,1.03906866741016,-0.463702844859448,0.039848631619979,0.550904407523067
0.543020436542692,1.97219394943288,1.13973190044899,0.0748902256814897,-1.40942101660199,0.472227056575705,-0.17621469415206,1.02467211689515,-0.0421136909432784,2.04972075432646
-2.16359919605643,3.15871587129658,1.43779181736298,-0.497193614170003,-0.346168262789398,1.69944991344555,2.3685667495849,1.85754118536698,1.13263643652927,1.88049508999737
-1.27172563774713,-0.140925253218685,4.03107992276197,1.82896376086704,2.01857039486632,-0.0353724982358778,0.893290234453414,0.122984436786063,1.24577659676698,0.361046325794898
-1.22771272501401,-0.280290924050258,-0.15932122407998,2.41177047402133,-0.845003989741785,-0.773605458501852,-0.449489689558643,0.441459351787874,-1.21684716469934,1.20052074282534
0.966218656178028,-0.565244693998811,3.6083157280788,2.0568997283986,4.22997891069672,3.05868974868939,0.853869225220854,2.05156345785147,2.6199746522595,2.29774187326916
3.15828957037894,1.96539128775126,-1.63210061066907,2.86897219955228,2.9203560916404,1.52969933714214,1.62489541088793,2.22953851290476,5.66036321199079,3.54640003041558
6.78685774036304,0.587964242036842,2.15977962578519,7.13613213249179,1.44991149152073,4.33927227488957,2.47098333433381,1.33005852074144,1.90284105184592,4.52700204952556
1.48727041860346,1.26706155464207,-2.65344641991812,-0.177748038452092,4.80542381704331,0.195131704580211,0.949344510363052,1.25108357532466,-0.322228706661506,1.60266307964106
-1.1177628801843,2.58754806781769,-0.904439063927639,2.47044893505315,-0.190120187473315,1.82467315292722,3.11688700730768,2.67715198415931,3.32668907503362,2.19902669822747
-0.734564384964728,-1.24179867314135,0.463544805748725,1.76397007517034,-1.83433992474914,-1.72610838253672,-0.846902110432583,-1.70483881773192,-0.974569016594847,2.89247491850747
3.08341757242626,1.6856213395022,3.54021161540394,3.09409644217684,0.480159154763574,3.84643721191118,3.73092289299216,4.15009738642823,-2.84503759469462,2.48830056376919
-0.118848484501209,0.887130092170037,0.325430658409839,1.41475555463646,1.21789733035198,1.09261040063524,-0.444162775475103,1.44527015667533,1.8583337155603,-1.1462685778337
1.02217226139439,-1.71347365198428,1.11983987413943,0.98329239830633,-2.67943810796626,-1.38813589851547,0.314043651072872,3.86301197590572,-2.79659694432056,0.141780672216057
-0.295868248271129,2.96579681342278,-0.664262843905976,0.534238998763907,-0.909356145111522,0.298983401203584,3.3224470373435,1.83126999884995,2.94534326020753,1.30709039120869
-0.00873956448662883,3.33253511220237,2.57086858221827,3.39335838520342,2.72144667965667,2.69069360472795,3.5782181498291,4.00615758798886,4.55547998123178,2.41231452281333
-0.718060900075078,-3.71911558816442,1.99103542106332,1.80003007619569,0.320557583112309,-0.507811439138985,-2.09653104233759,0.116246439389655,-1.60829249012075,-0.913694725394024
6.83768019931235,2.37068817159617,0.868411401726131,-0.2607804327093,2.39013865574726,-0.306615326161301,-0.884309348815354,-0.231430646264497,-0.230368836814262,0.770107764440991
0.0122187883714622,-0.575583518637082,1.00876667095082,-0.486888922873716,-0.796774042954864,2.11099415241579,2.30911344053579,3.78699078372626,2.85598042502374,2.47260761429839
-0.9882554964258,0.342161623294956,1.73964968363798,0.450750033849398,1.48266421327528,-1.25561983306905,1.93019499215201,2.21115071477288,0.661351674895561,1.21808897311961
-1.37071214623668,1.03060267904985,2.7025313312907,0.0607525542048946,-0.837944191613351,1.02240602850552,0.273935966288725,0.472022708113706,-3.41468255328885,0.284282495813517
-0.799560760402058,1.62075263185965,-2.37226447330837,-0.180675030635236,1.72995336979573,-2.18273847881738,1.4758070081516,0.54712852960489,3.28976624926645,-1.40869934618028
4.60198159144344,4.06639211345558,0.992819304448756,2.32742204411855,3.01064863569859,2.27312862959825,0.365987363775206,4.64545733285667,2.25170640644459,0.411723927101339
0.200904110167762,2.16248262601491,2.70177003114836,0.937229246824053,-0.103389674914082,0.147796976774558,0.663532780208342,1.33746234175454,2.74194418200715,2.22764034970763
0.682445187120139,3.26561727003738,-1.96153587279826,0.298819876396051,-0.335261637946911,1.47857880427963,2.03647725421425,-4.58439977583805,0.564132465938469,-1.77745664588037
4.08149099515806,3.68568248234558,1.47666825120675,2.87559370435967,-0.672901726642865,-0.0549195966311959,2.27852264482087,0.092052899808875,0.757940738788254,1.50152272141929
-5.09045118209615,-0.126992854361825,2.73376842388194,1.74279550868052,-1.3239967654249,-0.694322729698285,2.07041023885427,-0.495989161610728,-0.56555870456753,3.435978456358
4.62821684465237,2.34266779519367,-1.56155324489164,1.45206763287184,3.17249783101141,2.37284545813271,2.11766571530269,0.832659213356874,0.425949635966839,3.12163739598882
1.71969485189548,-0.233483328822679,0.382211634355919,0.687579250235105,4.02148804368721,-2.8015645463253,0.657256846528344,0.145937213353303,-3.07692730707818,-1.18959647327964
0.619692800143069,-1.21973561998502,3.17729430867604,2.27671622502164,1.34551959754701,1.05503910228186,0.790441586141405,1.90231174513662,1.53117553773901,2.56838505673309
1.12001125185505,1.29934720691867,0.736903800768532,0.276367822318056,1.4477899950802,3.14567292598411,4.82323885781561,-0.641802819510245,-0.441937303516978,1.68191659057997
1.0832195459007,4.0289078759638,1.83353909482677,1.83513957749709,1.11639889928061,0.294171288770426,1.26051668775712,-0.283402319925496,1.43283511876162,0.926909544364164
3.32356664530791,2.11076380344885,4.31355529546678,2.28427150657261,2.6454426557234,4.09791966702886,4.28800535123537,3.84929650682168,5.05654314601734,1.06638471169059
2.12241181363293,2.36786317144658,3.82276055595512,4.51631641126098,3.41022259556888,1.58115953343522,2.53134590000627,4.7496567940297,3.77653615228374,2.40987946208531
2.49719590364989,-0.124588736639925,4.61654906424425,2.99192436686863,1.63559607577611,2.51983366366264,3.97726108636678,1.04852921111556,6.31734729955144,2.78990481695518
3.86364312351864,5.07496638290835,6.38978028333338,1.68918438451406,0.935462263629314,3.11400623633354,1.52082622956635,2.41659711651976,2.09785881268132,4.58233989326552
-2.37016526646553,-0.930227162636904,0.00578874952736195,1.38862214805078,3.59521351550981,2.6186060463551,0.55806848681221,1.42960982122665,-1.8051384270561,2.41741770955436
3.89735174134062,1.46271067805086,3.86743038111893,-1.05344689731355,2.07670256483076,0.489108516995627,3.1917436393458,2.53871121150838,2.24787391804071,2.22707337099288
1.40723169968222,2.1546650090554,3.01728114950023,-0.928833073284173,-1.10110292152323,-0.629215215168998,0.694170254392021,2.27671673233201,2.96552757979311,2.37448248525524
0.442012220024197,-1.07560062551044,0.562947489041915,-1.63261622762819,2.00722444374405,3.60176302862818,2.44641778372017,0.830395504485052,1.88429606115465,2.24113565461343
1.31512520286136,3.22203448970908,4.31066937117275,2.51236966280776,2.73131719695928,2.74985187887624,-0.111873885032196,3.99132484033838,2.90464047753668,4.28548307064588
0.968392110448017,1.13871118958752,2.09886478974567,1.54891908459718,-0.783360390210209,1.64625281119397,0.864995116273543,3.73748989051722,-0.237881967373186,-1.84641924448629
2.74994788946176,1.30116283768836,2.35336960682348,2.45543962249271,3.02421062838768,2.0569047821124,0.20406696970474,2.0747788031713,1.18033153946202,3.05044903060244
3.38533178747546,-0.179372090693885,1.62149720481864,-0.0714389401025528,3.08779391910715,-0.424996121572802,4.08202480974304,1.21985744234886,0.474293854610633,1.76412316267663
2.3747332802125,3.40355476032781,4.25492704541754,0.960538298151523,2.15865760118798,-0.0144152054379449,3.75861342242077,-1.43112021675114,2.26101211326947,1.62135737404648
0.735332947231709,0.291969954574356,-0.68496073019631,2.7474398267538,-1.61905228131653,1.83850283838364,-0.486939795896451,2.03552659280147,-0.789109301844483,1.51274691054467
3.07790192829578,-0.569708937397306,-0.599026007500965,2.10874029536763,-1.48498987258288,-0.12103843835688,-2.04653834285838,1.43533485003668,-1.60622478854922,1.25442207463892
0.846139107148556,-0.597040060742239,-0.297939835924942,0.374964399377318,1.52893896552323,0.195318017757027,0.182490741560181,-6.45882502381538,-0.771779936422977,-0.775165907484488
0.390248565065621,-0.837294553156933,0.666423634162165,0.59341616456354,1.42736309717211,2.81438642492988,1.94899621485988,-0.835883622567751,-0.979789286228752,0.535315567134825
1.19860163948464,-0.854353575094178,0.490325615705382,-0.951169716005225,-1.24170145994255,-3.95757626357505,1.58090874999312,-1.79674026161272,-0.594995763274772,-0.142980271529603
-0.78637116338844,-0.0718366628097915,2.07970317072731,2.43192682477244,0.158856063741112,0.366388966199299,1.93908337223186,0.463595530954804,0.620256902533935,1.41887087120253
2.2104700414127,2.58715828462366,3.09355272812414,0.329711795018881,1.79077046509692,-0.553501848136381,3.37454120744955,2.57745285688335,1.96566946992455,-0.144631109196286
0.997449339302065,2.6666805669064,4.61349058344476,2.75366727252452,1.02534431619877,-0.420947468713802,1.88406126962056,5.04886185453972,-1.52071315479654,2.77179942654432
-0.183212000578957,0.246821926538925,-0.00822762235958785,0.124255940951863,1.56037343769905,2.31917238266646,0.923070900689348,3.62465333948557,1.3940642893302,2.48230218726379
0.553806050934154,4.26756891300853,1.96274907438597,1.91149252517493,1.85718053664973,3.53793772685491,4.38909969927883,0.687536592911861,2.18247606626127,-0.513869284889156
0.0751196669088324,0.23638629273171,-1.33668395758139,-0.976053228119499,0.4273834908763,1.42254499062736,-0.80809960764724,-0.772970973603436,-2.04107555677494,5.63201464717489
0.764491568939255,1.19969047070753,1.72582182822239,-0.717387227200744,1.43818107474769,3.33231010164499,3.35531134746788,2.10412291215113,1.0374340996065,-0.632200559676588
3.78351062584208,0.971745018540445,1.49467617366287,4.33340819873514,1.81165611060349,3.55033870152263,1.37096100964941,0.702251024637197,3.21005254139459,2.17132414394847
0.853061177696453,-1.70295532130991,2.90720481411945,3.39586383562441,0.747018650751873,2.66071551022769,3.50813381244142,1.5827006111326,1.9108364805494,0.869388173092713
0.7709414981939,2.48263111604217,4.67573905255821,0.986710409934006,-0.027338745988144,-0.171630998132876,3.90903264777704,1.60488860668391,1.33018968635182,0.528555619530928
3.81722081536955,4.28624902850185,3.59670102568306,0.963563648650854,2.85076225822961,2.9469759556937,1.75821869397726,2.40397669129956,1.30519208874068,-0.845636270063834
-1.68879317135864,-1.29039003589797,3.17582250437591,3.84442182365704,2.09347426032605,2.12383636780611,-0.117885537599641,-1.6166469223783,2.34460788644612,1.53794942247713
2.43742006470717,0.0166396735872667,3.35225677177971,2.50132488134304,0.0374731155598885,2.11451854909673,-0.23054030717311,0.317399610817027,-0.86522811553576,-0.979443990598832
0.245508991883145,5.50100479187176,2.73913600017048,3.02423899450829,2.01671718767389,3.42884010989891,2.40187437186423,2.59326482432074,5.08486326721568,3.98451103874292
4.01193061457641,1.06606901360299,0.340641193636662,1.54279044569002,-1.38494328847259,-0.468361636550822,1.02650188568422,2.90588946884713,0.790992498610783,0.0665565731594482
1.30222260984495,-0.818665439367106,-2.34131541421118,0.927685320239838,-0.710346771958631,3.39644396237016,-0.0201534450589689,3.50039700032073,-0.312279729504505,-0.10909838088463
2.71227600930566,4.17541524226311,0.53642203550264,1.63331244008506,3.16207563407919,1.57511403271672,3.69696414025589,3.97046563315837,-1.29040930522523,1.77211450249127
2.10179604962444,3.28050131303475,3.11563605530761,4.96912618407512,5.15431964335424,0.923720028163725,1.5406656607015,1.65579178450963,3.21048195937031,1.8154909520403
1.09206334829326,-5.8138901182121,0.355903719017556,-0.822398520285406,0.0636214633770376,2.87940229673573,0.249630630295484,2.50652747997895,-0.0666325912608734,1.81021342916888
0.828092739172754,3.84433586019641,2.45424899363448,0.399037130073932,1.1092720702123,1.87243312744849,1.64172992677562,4.45987184128037,2.65975017430282,-2.81058230291688
1.20112856784549,3.91844331247948,2.89949542165454,1.68649005734335,4.91925274629946,1.32242944465544,-0.787433117295276,0.996068817871089,1.52283861547154,1.52212586007702
1.10707466412818,3.44960782095728,3.29502365163101,2.20027016385483,0.164437140266431,1.48815365098168,0.434917343486059,0.283159942887176,1.99431895726647,-0.867079210713992
0.997383728981605,4.3388228255824,2.44602619205829,3.8495046600185,0.578061783845986,-0.00305299669609571,2.22828551554023,4.1600337260021,3.43955373831941,2.21980858187663
0.448849981717848,0.202545821653514,-1.28277293785062,-0.73837692223607,3.77776915686727,0.858033538609423,1.21018228598335,2.77600357176932,1.45226583665544,0.531285133328204
4.24190598215016,2.74780914045931,2.13621549447235,1.38901510443562,2.72003338827959,2.31019950733663,0.237691738611652,2.49288952862248,0.876431082695153,0.17276978138301
1.68928040802065,3.33987756967179,1.47292839318146,3.98095090468181,0.853632267950406,3.97125782913515,1.77742097300236,3.15613069074544,1.72166724862851,0.235775914430832
1.57438109041123,-2.21825974575843,4.34517159869712,3.15033182397082,2.18320411863586,2.35884372884315,3.27981979855772,3.78309310620163,0.353603836242602,4.93305180427495
2.16560670006817,2.63765135179217,-0.381541229857977,0.17839326184187,1.33035957597062,2.7944926354154,1.34784405078862,2.53372564357524,-0.191130576585123,2.33255640517129
2.15748243533216,1.00462216148994,-1.20972259318088,0.729171047552353,-1.61871696697065,1.30152030121431,3.08114871604276,1.23948409907728,1.38791697164994,-0.0141829372798217
3.14982369213249,2.03383580781518,3.77568092741453,0.174817310840124,5.91573161030719,-0.288424704238072,0.00488795838379774,-2.54698535640858,1.90115042211072,4.55244829692157
2.78161322316711,3.20131450067199,4.40305903258005,0.746324670647692,2.20335575084582,2.93577761960913,3.63856576297694,1.43644249131694,1.13874531200453,-1.8446328669301
1.56443951856113,3.88881269722259,1.68310482609838,1.49368992423538,3.52888888285545,3.5702675609338,3.08277087727928,3.40074021666845,0.657224531615006,4.07242345879333
0.696462849027795,4.26875502124347,4.99933656372783,2.35222045663918,0.230583853384947,4.84230160212471,1.64223532880304,-2.45419069970874,2.92799531241993,1.9335059233799
1.75794596823201,0.811730026171652,-0.386148523873044,3.66505208787842,0.263310643679672,1.50805744482566,2.39872318176401,-1.19910375136602,4.48477514748928,1.0614458231013
2.82411184255499,-1.13992352273913,2.91602527700783,1.75221521427096,0.799639849372943,0.694306065063684,2.25027250298233,6.60734788029939,0.443368270524354,3.57081595429336
1.89108043400984,2.07429332481261,-0.802076004044875,0.171467286397917,-2.55198936345089,1.77891630369584,0.809989662421562,0.5208074942308,-1.79680001444839,2.13283074776162
-1.54363366769746,3.59951666161129,2.77406079359443,0.40015718330201,-0.55987772193359,1.32768298813722,-1.3162291799713,3.85228375042248,-0.36139833062294,0.962173462592816
0.0980564688859873,-0.116721887464744,-0.933015122893695,2.05424282459868,-0.769467972026266,0.403328223052139,3.50637846899851,1.88078588900499,-2.57993598857391,-2.2009389775345
3.05136897350754,1.77668793580666,-1.23466587745354,2.72114830337392,0.999527492463734,3.76709045435609,-0.25616105721821,2.21132567779622,2.29076388878526,0.777598816208003
1.72048871625085,1.31791058729543,-1.45697756594976,-0.0547045751209039,2.97886692390028,-1.25533591699232,-0.924187186028963,2.9870133677399,1.22223862355376,-1.22569549896908
1.82456209227433,1.35003398401251,3.5263549221112,1.8705264206284,2.36399505598416,0.1231135231092,1.06536255380091,1.30656618582697,1.71616279112252,5.12744459263308
-0.943295661749231,3.82882753288325,0.751827292589541,1.65321615809944,2.50999996497299,0.284525787619306,-0.285240670226289,-1.02657266688028,1.98131645591555,2.72752809345028
1.58059408973202,-0.264578228357741,0.731807380651299,0.870646881911373,-2.15668378735805,2.63018869929267,2.59790874510317,-0.693484503348355,1.14551260691833,-0.854486106335667
0.150107473006795,1.79411691947417,4.00239619082255,2.07087404847807,-1.01643596285141,3.28987773863652,-1.07740002231357,3.16554442183293,1.57079311709962,0.1182546752056
0.551169037576582,1.37006424447999,1.07407986096683,1.49680254398678,-1.13268979541738,1.02571362434717,1.43998610814172,3.76136948634706,-0.939103283866726,-0.477285836645901
-1.85373130957386,0.954844556563796,-0.886778524632293,-0.700948824229606,-0.774464281298888,2.22776526837137,3.19962173997798,2.18712509929391,-0.960170897564326,-0.855567594074156
2.38745451564135,-1.65693700278938,-0.21699942477718,2.52614361542265,-0.397981131606936,0.719399299241227,-2.94753511893797,0.886025454432911,5.40182764185315,1.45105492300354
2.25819431878994,0.348157005944058,5.72825684456618,2.84680317310191,2.86867010602277,2.41991010944253,3.3630697485823,0.362217756465568,0.750760510549179,3.58611469503698
1.61242081332243,-1.81089382954168,-2.28965864850108,-1.87888891472652,-1.45077326526521,-0.788549866089676,-2.60490335815337,0.637965959843943,-0.233678962813435,1.65771034703022
1.29572625073041,1.86041462358955,1.96933761449175,2.65236919193234,5.38222357605296,4.28374540591899,0.974771852640705,1.61416220308674,2.27579681560693,1.90380455417655
1.5973275876512,0.992757283706414,1.39648762453045,2.87895004063928,1.55610709839813,3.1600733229937,0.856864552677515,3.48041057891331,2.01774787638064,2.36045771901639
-1.06817358617866,-1.17716609584809,2.52488395295609,-0.229466274128845,4.29226380233193,3.32562419547779,1.13015948890858,0.81884080103789,3.01186763949681,3.31183109106731
0.30712674587259,1.60448786192261,3.36442728816569,3.31384703995857,-0.567795813477172,1.49125655388073,1.53666753459317,-1.38781543397724,3.82384467429638,3.72207778715918
3.31960189289263,2.37722852198765,2.81787189816495,3.57726023591998,3.65061418849223,4.90562451664324,1.99037567823396,3.79974931653661,2.19940791490693,1.13303754404081
4.47971949294904,2.74056817315498,2.24696765980053,0.745373182947619,2.72135049339354,6.99251964047466,4.82124576615147,4.18813481840433,1.25435694911596,2.47420379126386
3.05786345334538,2.8011525774727,1.67583767950195,3.04273193099232,2.40178932237072,1.29168232676916,-1.94639160248972,1.99628646918958,2.99373504417231,-1.70459734263374
3.43168370016417,2.32639980786221,2.23981976992963,-1.37602477917757,3.74298869254507,3.85530560732688,0.00220586075843165,2.58131873788152,5.76337881913329,2.06672597674429
3.0866529320021,-0.033252387230601,1.66243828287296,3.15951604737573,1.39050939170061,0.35438936578487,2.4477173668405,3.57643745133509,0.0767467648392959,-0.546655792182035
1.09528865586967,-2.40447826717586,-0.217484608975232,2.95623503605252,0.720387838892016,-1.79043924433508,0.428351705652926,2.64657091793946,1.28163348203892,0.119011144469943
1.5134047120489,-0.880931684029422,1.58062123223002,-0.69355324235186,1.03140764307951,2.66658187168878,-0.424472030312538,0.790550872278727,2.69427951826696,-0.418499240024212
3.35648913496569,-0.116682838423807,1.49189171117373,1.22002532528375,1.09085517336903,2.34251982322738,0.546229060177346,4.57903131920452,2.50677812546038,-0.142517351536339
2.69344996878403,1.57125533265815,2.95168399288629,1.12829656626411,1.36153375954576,2.00097825204241,2.71409249659382,4.54560215981349,1.2030799529721,0.221011157424173
-0.882781822387618,5.28363707924077,0.373844306088668,2.72625999119953,-0.133816305761256,-0.0398273805821243,3.08851258558827,3.44132891936378,2.86710884125281,5.48394193571603
-0.0430297897049217,5.94756212794095,-1.60566282489979,1.97490498135035,-0.527416091230957,0.60186990765459,0.62153901893107,0.492470159734816,-1.27325570590709,-0.182042196426309
-1.11053644085688,0.0890214679876202,1.58939039685686,0.157772741406555,3.6277667049285,3.61402559311405,2.91838342241074,-0.423426801479948,-1.9081636306914,2.60737429170278
4.56630190548144,4.2962902670107,6.14499892677958,2.98910986220059,4.26298827822726,4.98806876394868,4.78882022427481,4.09204970843818,4.0225406170946,1.94014984390177
3.53155863675988,-1.56086683108905,-2.81030243504488,-0.15384934263096,0.568383120317281,-0.654014973177877,2.15235011954713,2.23267782607264,-1.5628744768602,-0.572776508774951
1.10968568155388,1.57477259745265,-1.71057014909606,1.07518096898392,2.09825487207428,3.33290563021583,0.164256663991157,1.30408164616879,-0.156312630475009,-0.552570746573193
-0.472213974566215,0.978002475884698,-3.64427631238218,2.71733562072516,-0.13542207828924,-1.43685401688068,-0.870350617489148,0.937605553497189,2.41403361460163,3.07880285822978
1.71547746105005,-0.479185806567189,-0.134451300671044,2.81878780764517,-0.705626497403066,1.31243075032476,4.15024684115081,3.47201420617796,3.75419305900215,0.412305297505692
0.297571139760755,1.85192760508997,1.3583446354673,2.88056933894895,0.169635569014439,-0.0276659295597861,1.39418139996038,-2.04061267035269,1.75895770409383,0.942740979084182
-0.799743159601997,-0.866265243476213,1.99711796003121,5.057890525911,-0.35570802485516,2.0364344380257,1.51838263744064,3.28295823842097,1.37323082748075,3.03429683254907
-0.307574521051368,-2.34940543731259,1.43487462183963,-1.22722997707933,0.569432770901707,1.14500750830044,3.83027198071858,0.917349312830752,0.54342964175535,-0.0194544997824855
3.71163147253966,-1.24884267217061,-0.00278100451326546,-1.13109062857193,-3.28986435680382,0.462479733977485,1.07552090828117,1.60120004407927,1.45225945234908,0.654318326151369
1.84967391222987,-3.34637478708544,2.41655645437012,3.45707576771441,3.89236788268225,-0.568073231926538,1.55640211122814,-1.61918948807029,0.990373448078069,2.23412476221486
-1.40532641752332,-1.63129958707208,0.161957916363943,-0.920379966474531,0.79336331928054,3.28094582579084,-0.343780076272435,1.6845997647801,4.45798175152128,2.40020094438118
0.17153257406173,4.54287314604986,2.23996356611049,-1.87252261987609,2.44132150715259,2.17630732467834,1.27059145812209,6.12178897377519,1.34927464721424,2.97842932536364
2.38381004599653,1.65173632801248,2.83377070194064,2.02327555558238,2.72843377534887,1.22591859315062,-0.181852476082045,-0.856192692780966,2.7761287846716,0.500072495897971
-0.455499623566854,-0.669424393802943,2.20953428938379,0.307939240096796,5.21834081886315,3.91515420603456,0.0513006138515099,1.47238493047817,1.61571597972796,1.38863011886498
-0.635875766328158,6.00847633719987,3.2856021764384,-2.39052284954998,-0.61449973429956,2.22967249396704,-1.60759114674932,-0.749632878804521,-0.337567936214895,-1.07808527914119
0.0148905672252009,1.96430263952293,1.71266561794132,1.32145052806789,2.72277079508965,1.41305385466463,2.92864813707832,-1.3531075663753,0.673197281012798,-0.324111400935827
4.12036096439482,0.902087898160337,-0.949690310635312,3.1353598096144,2.56165482209052,3.06594198469204,1.28297074819629,0.812902144506023,-2.30445351846039,1.78127802547073
2.73594612262214,2.52441108955768,2.64094418522076,3.50324273544221,1.80433319829261,1.98719417369035,1.75459058611265,1.99912634498653,3.92241622785208,1.30360649820341
-2.15531943613896,-2.65114141918266,1.68604029305797,-1.18711635221516,-1.77518725424174,-2.29354757766382,0.0361045079318553,-1.43338202722258,-0.264186072045551,0.28048930270374
1.65254732098819,1.80535158850054,-0.383561761987655,0.214159072656462,0.5729561347674,3.10236867483084,3.11414472521882,-0.73492586775969,1.96643855343998,3.42703766122853
0.958450322676567,-1.50928752499095,1.26555085362422,-1.10065660009806,-1.33684999511329,2.41654660195927,-1.70725446174035,1.47054720785301,2.40764078041567,0.767907324922308
1.44965661443952,-2.28419463026793,-0.188228784782014,1.53731525374773,1.54403129384147,3.26754533115138,0.0784054627577174,0.179705983456943,1.17967285087127,1.24269687925901
2.42015268335557,1.60746165372795,1.26368083006826,3.23778712709658,4.77400882578806,3.70275072884192,-0.2318991378901,2.97326416046305,3.10097468242308,2.56967536349202
2.13162502647937,1.14789229552664,2.36674289069984,0.0647956092994025,1.76973164385661,-0.0870492036904678,-0.812732051052162,0.0508814451153049,0.0721425222256258,0.50133365722528
1.96476084700716,1.32207048411962,4.55894367621914,3.51450203770631,1.60429455477784,3.18431631672738,0.000426446053690244,2.82476483537461,1.16945727841871,3.09885923139623
2.62103933241546,2.87675753410081,5.99423896313437,2.08578473517011,3.22905166048758,3.79373442271836,4.13270133049196,1.54593329620674,3.5844277369138,2.70925740651654
0.803765959520118,-1.22206998365217,-1.36389935074257,-3.27885965822914,-0.553504896842421,1.33667389493761,0.941152764611263,0.147079063073531,-0.696105472192949,0.35512958248837
0.811027664974887,-0.572578297700699,1.0610757932485,-1.8849152448846,-0.443026564162069,0.124887114111803,2.95495893589648,1.09715205761086,-0.0932759790757803,-1.61893975376356
0.196521635866196,2.86419632133066,3.87978991925257,2.31088802343716,1.63970586733724,-1.40307625556595,-0.137480435855783,3.2872753275395,0.455715163804335,2.37874453535901
0.715912765127966,-1.21137301597849,-0.234464663417527,2.83503293706687,2.57384601509815,-0.484991793042414,0.767899244523737,3.88130914024395,-1.04024169516227,0.719633809534844
-0.264153253057129,1.01892768250637,1.64912333516319,1.14062770533961,-0.805986404618558,3.56248774349596,1.52635023628708,-0.929493968139355,1.60458483307493,-0.24681991499582
3.66280581735657,1.21587377338775,4.14468642033502,2.56139676939978,4.76488230882093,3.99941443344699,2.90595109543896,0.353241349519638,1.338552241694,3.55373143053721
0.540090644546205,1.41509003779876,2.20392845879102,2.02735602959014,3.56357865421076,2.42037972453294,1.68571797181088,0.908235457061512,-0.45346167571477,0.759550182556933
4.33230862434331,0.266288039345802,2.61973132916215,0.228499276694916,1.12466467693665,-0.49323942707929,0.873228184892481,2.97925093538694,1.8213600085571,3.6126729511754
4.95898096886931,1.90643811916182,3.20773048443113,1.61517438292704,1.93440935883709,3.88730556056465,1.78467853505028,5.10182033392947,3.91657783926288,-0.254677483514465
3.20364198162942,0.761186539283931,1.72196234961641,-0.321073746342306,0.0403623131289289,3.02851568111103,0.480975911055959,-1.54194627097291,7.62075842600424,-0.844142348819671
-0.086170208471589,1.30654004968633,1.32850997888234,3.00519466055395,2.2223334421018,0.600142143539723,2.35109514389421,-0.52854926236536,1.7000076612287,2.71799987069487
2.60418530820836,1.94591475987946,1.40180001940769,1.58903045170951,3.14854709272138,1.33703886832724,3.22179533602611,2.73316371876768,3.76935856096648,1.70452954115672
0.67415063684863,0.0159923142481397,2.59518286614507,-0.132223368589591,-0.505928324948114,1.1089110424945,1.7074564279261,-0.326223874125323,1.80400607725774,2.49581877446595
3.33896382023688,-0.0349221887123088,3.55118646393888,-0.568401462072006,-2.28878910616517,0.778553404000023,5.11463161117933,0.877344516714395,0.895207505853072,3.57087961832962
2.79674394047201,2.09708462034318,0.0789645651923718,-0.524976148516567,0.992010867041607,1.16585763205433,0.754216503873507,1.16059539099194,2.21652622468469,0.63319653293837
2.90095125662241,4.75212763802262,0.21104741049446,2.05921648772861,1.17154280350979,2.84707940508612,3.8389105541376,1.15147053491583,3.98901802532784,5.05163580630288
-1.3327813472919,-0.69533129661001,1.84469502473207,3.43388848117892,1.43636222402188,2.44112979675963,1.91502596250937,1.48646048541733,2.28611721185989,3.10586352716282
-0.211053231261904,1.30972404454426,2.41828054703364,2.92553112524973,1.01957431811763,-0.690593584886526,0.349695373529003,2.92671369330278,-1.97570069358575,0.658010785519405
2.58635441840844,1.98483078447748,0.443973417960804,0.0582231183373114,4.30331676860619,-0.971535246938716,5.33474473866939,4.33084073790073,3.23073724762645,0.95749472447898
-3.43386819893074,2.11960363231372,-0.313872315698857,2.13786306232765,1.84260598687411,1.92191714556077,0.0894652475289907,-1.76920035217522,1.21086515534457,0.710866362375529
-1.08757671863305,1.41734433873097,-0.554142832828179,2.17503827524809,3.5665310753658,1.20820006328753,2.07126888070068,0.681381670519436,2.31161182146138,3.31722466376138
3.72645268856412,0.684644485549592,0.456901106788236,1.79766756549171,3.16417117628228,-0.354509714407854,2.68649561655873,0.269119652943268,-0.506421903081327,2.6879390419646
2.42431757992871,2.95325620384989,1.68431157969968,3.75718161059219,2.11610462489597,0.181903122153999,4.19415761670235,0.599487701319281,2.62399833874354,0.984890858135439
0.436546550795915,-0.0695491041107998,3.34398368007845,1.04979775834005,4.60731739533683,4.03881488754193,-1.97966360833022,2.77688088592004,1.90581896350698,-0.227410539155795
-1.66279852372527,-0.0593276912022731,1.24782706454585,2.23430974270347,0.450460486545519,-0.222454348193202,-2.39410010765465,-2.89452321672815,-0.248033129105432,1.22980189066726
4.17199759870699,0.351627854155642,3.5652940527827,0.570402099426131,4.52155629753013,0.482924640104324,1.68108028254475,2.60665662712943,4.80738176617126,4.94872216051198
-0.0640964340153418,2.72567969683752,-2.10631621199472,-0.799182854479328,1.38269047323514,1.22273973833695,-2.35837456474003,1.09829917279216,3.89021175783436,-0.816772637550387
0.460424582133014,2.22052460065611,1.25719753809894,0.85518803757884,-1.89012414676767,4.83972137854702,2.47025012786964,3.20481314370973,0.596004788768562,1.71930512900172
1.0562066925453,-1.09832865912656,0.717472603037236,2.64631243854703,0.114006819622655,0.0383713880162189,-2.78587180725138,1.5435924927515,-1.98836181864188,-0.823190091850359
3.70412720054982,1.83542984519987,1.27188010641543,0.860155033374308,6.26131407939335,2.6858117745505,1.94685769312275,5.70927277043808,5.28385226852115,3.46207455693501
4.77357052339261,1.25214793694703,5.36168924182349,0.991037861461899,3.81152023991668,2.22215626872729,1.95983622119458,2.65398743541342,0.251312267042323,-0.153093037627649
-2.13530510742595,4.48042465033509,3.48628084993591,-1.10285923893202,-1.14906066341652,3.08296859208526,1.02863273239625,2.25428906974473,3.3406599203765,1.99428196600048
0.914756513879771,1.66230936714144,3.80061238113826,2.48051120733502,1.49582684344004,3.08821494762785,1.98688651326847,1.89587417558063,-1.08534282128038,2.48626679458582
5.32516829447495,3.25851720375853,0.678640905256655,3.95781386999653,1.35159102274686,1.85937665187987,2.48880559092225,4.61999130422997,1.87444455892503,1.89306137867691
0.351096965323597,-0.498358786408179,0.852760835016623,-0.849900940545397,0.200892276837808,0.940285418849319,-1.85425291148655,-0.812659728581942,-1.41738562547173,0.226617709624385
1.66165675148362,0.38840091211733,2.36352199512693,3.62574525335638,4.79357372425306,3.56848803131106,2.05903644458094,1.95157936336521,2.46835334080326,4.8888576944411
2.50290962251245,-0.185355801861335,2.53423527453831,-3.45044702970919,1.27433326617842,-0.505476338344507,-1.93573127445509,-0.17395106086392,1.77261103545207,-0.0851284591581341
3.45362738242951,1.47883689123576,4.05651958244513,3.21119695404999,2.57580019979917,5.09603728941183,1.16231770291292,1.45536312633107,3.62882679286853,3.098668537373
3.03852554370292,-2.15974033462565,-0.716956163296872,-0.51352859415463,3.43501080800705,3.67655830940237,3.10647585937394,0.245042902956037,-0.180178084164025,-0.47525387139173
5.68248168800924,-0.162677445994055,3.68111702322023,2.56746090754561,2.56348136124386,0.382980599215542,-0.418119847051004,2.34637067879469,0.0604845759853743,2.48004335345392
1.60262000389602,3.1505267208701,1.93364055584867,5.19093855988897,3.437466967304,3.86524596274685,1.05507195125341,2.96904018025684,1.72187699452558,2.51347263427277
-0.659665998064262,2.12871620235695,3.40065248360529,1.16416800437642,2.45548892849747,0.869789905773013,2.14789393017877,2.1491903127408,1.47198454678822,0.841757026245741
5.1646238718917,3.03658063331269,3.82542331822075,3.16766647134102,2.66298284838777,0.198528240642718,1.41730506018706,3.55429811804467,4.59016309188948,3.90579114827862
2.78486285248535,4.46989543894604,2.04514600952954,3.90713055333805,3.74265852676111,2.19832418789753,2.79818804401516,3.37698396940821,3.14709682831355,1.08533183836219
0.324636411765827,3.21425220363518,4.01111740013939,0.63653111099613,1.89358172277784,-1.7345595873414,-1.07380697055618,-0.490155814566981,1.66598149957813,-0.99236179536175
0.438159766928425,0.894835565075192,1.90061868466731,2.21411517483261,0.336719313520577,3.7633568674665,-0.414062337055205,3.6741385708898,-0.065885810138109,3.07855491085989
-2.15898443826327,2.80463736557001,-1.95039699688061,2.8821140163583,-0.764459550410809,1.8462420491999,2.3487450068847,1.265876108797,2.26952702330165,2.71393380094906
2.36470479314597,2.69003339401276,1.64196200596932,3.42034832416288,5.06083924901755,1.52422479366478,1.8958735666298,1.83772098791446,1.90946647965847,-0.651488998927055
5.06290571306282,4.87508705889798,-1.25552201830644,0.665115694521724,-0.0295488914509066,1.26312300643637,2.01825180057408,0.798912499485269,1.50656537098621,3.00104606265553
2.18752780402102,1.42949800959055,4.9574868884658,2.91101897829589,-1.36045920045285,2.68437810927735,2.3791610351727,2.87772554117722,3.92715695003846,1.04836287057608
-1.03035166120558,-1.43955453968726,-1.45261094566727,2.75363145134191,0.297488802106716,2.18084370641212,-0.505027982226013,1.68926121015601,-0.149908111603886,0.812567773550237
0.551403456280029,2.75704150577307,0.941966203381845,-1.46982846763261,-0.923301051468913,5.38715036465801,2.63930278498185,2.85147609497141,0.0672770037502677,-0.809486891468256
2.70749943880761,4.67321683413857,1.72425150380093,1.20071598065937,2.34834123476921,1.55718683421591,1.79927440432709,3.75175378350053,1.93985599553543,4.11628283817912
0.446592626875478,1.33180623738104,3.11854487534886,1.10975968258521,3.34702808095549,2.0394984703412,0.363200337820313,3.75313205704213,-0.883136011199146,4.8491094088495
2.41497730346647,1.08117556121042,3.89111461288652,4.00883052445891,3.94373240678001,4.84580844617908,3.24692327252525,3.37149684503432,0.0302914595320365,2.76153285337587
-1.55474591082225,2.74411910484215,2.93397766693804,0.781184314338481,1.37319031381021,1.02762132870691,1.09585668114667,-0.760608914262386,3.55657385984911,-0.12192082477757
3.10893732131787,0.0710928732807199,4.5525952577641,0.412678766204415,1.61120644103628,4.94489331260098,2.34169414843244,-0.420980438197971,3.93459823107746,0.372363376100187
-0.353258669848287,4.79415291876296,4.83299355089219,4.84513451919774,2.6839371847424,2.12153746686403,3.08551366414782,2.98740917021423,0.601755550655323,1.84264816185058
-2.53871690117524,-0.932005764170956,1.27918456779949,0.212593985240856,1.31174328038297,3.01549137455647,-0.782159616658202,-2.65471708415078,1.42574795411875,0.977878206292162
3.26292059702342,2.75777620126176,2.87677333568805,3.25752357267495,7.3621249573933,2.34221093001813,-1.70585145927934,4.38603813882611,2.64384131553146,2.54533591106603
0.889157746684456,1.71272492086186,4.26661923551639,1.48432424122862,-0.372934958009254,0.828670489009969,-1.35110732610365,1.78863543532842,0.806004898895163,4.93046047227454
-1.18015517324266,4.10941242671353,3.69865936204625,5.35770988072596,1.83715619775101,2.3033612579539,3.33225505434581,5.69421213868238,1.71176267391402,2.09632611315446
4.77423297072678,3.13033689010638,2.98383686812328,4.53224647490491,6.90682491194074,3.851677735259,1.63347734240918,3.07165588557241,2.1705561235599,-0.490862005340218
-0.420456983815111,-0.11265850319265,0.677767816169495,2.82448802961822,-0.0339904959236688,0.431596960878045,-3.26500621420372,3.29094148275686,2.54064541181459,3.33907530420765
2.14196825928157,6.24920890437308,3.30840630873321,1.38009023175427,3.27663926611889,4.10310438065358,-0.743543277232104,1.26026822102819,1.19008823095661,-2.9333263333468
5.33119117227057,-0.201527650358754,5.31352393798905,1.58674765298334,3.80808525711933,3.54542227952381,4.18823998058807,3.58468354228863,-0.74316586007669,6.4797824936526
-1.57242852970641,-1.15731447280736,-2.02586871118483,2.80464373061873,-4.28893928287077,-1.20294302629057,-2.87690471837446,-1.07101122160521,-0.764001797185504,1.64869701829793
2.70001217604435,5.27715086665005,1.89226253346629,-0.542590356567537,-2.02490564084271,2.50451168655969,0.416430168183443,1.49764796282195,3.28258095594339,-0.425207275669897
0.534142458047952,2.90771198577603,2.3343945236382,2.66276153606983,1.97831696133008,3.41227357148013,3.43490040523719,2.01187121923697,2.67101296298086,2.06462055127803
-0.505682220604486,-0.187668366295736,-0.540086357622533,-0.960000285187227,1.57522226139961,-2.07369936269634,-1.48824740180046,2.47075751429452,3.70049521220597,-1.39233281126593
0.322105019843099,-0.334161079495374,1.53409195718358,1.02398037598728,-0.509474439821364,2.52111935516605,1.5216875222228,2.31021845864235,-0.443179232462499,1.35560735796859
1.32271325972521,-1.99503531698624,0.687543046978646,3.47050033246554,-0.978415577319526,1.5461421369791,0.548986839115196,0.951404134198381,1.82524019182195,-0.377567564663711
2.25809676276492,2.82102728648278,2.97177641685049,1.94062274530907,5.48712312013647,-0.00309006183994942,2.54729392634845,3.09265021407469,3.35902765062134,4.36444962343675
1.86035018610432,0.89899941863209,5.01925005180486,2.30647379514153,1.37523358592307,-0.615629525485317,1.37123902951883,2.36271322259262,0.815556307088041,-1.97536865645991
2.08772569065227,3.62889133198035,4.45370585390179,4.84669084519283,0.549101526788507,3.45085502225117,4.42703534088791,2.42409779563036,3.9796846594521,-0.754244103447076
3.15178968757504,0.225568357813192,0.180683973003425,-1.37163997153725,2.58503407604108,-2.1867747071053,3.09588716244427,3.88822161772451,3.03691231513142,0.870606191251088
1.22661391829161,2.36028071218378,-1.20536855171604,3.21234353895812,2.0006186262235,1.00073339511706,-0.0955873126322775,3.23058895743451,-0.113940354198334,3.71592300199827
-0.262147392718638,3.70260742304734,3.28002532962616,2.4781492296606,-0.601290859309516,0.69277887237045,2.16944920425462,3.98600196974554,3.80598320499296,2.18365959651241
3.27226871226024,4.53438564398277,1.58436032220237,0.323640873091543,1.21082543666293,-0.150829038339252,0.176107444723677,0.34154183516516,-0.279023386181831,-0.0901969474657647
1.03640247767885,0.558887249566606,-2.08467527677712,0.323898878707904,2.09103918015373,5.22053893484028,2.78948108029202,4.0361128328925,2.91046948084208,-0.295588777400605
4.01032104218217,0.706265659542159,-1.6976820058919,3.12755920163939,1.19487410033596,3.51779832328499,1.25570298933346,0.973969434185027,2.91419977750541,-3.72373952522946
0.17276608995473,4.21261108447233,4.24579554720822,4.08453940572128,5.57878428962591,3.2284652045284,2.61565521625247,0.843351434632397,0.0836594095652921,-0.392322927931029
1.4264640650698,-0.655329924823703,-1.49895772972466,-0.105432806909145,0.844709790378705,1.15469247098794,2.58986864523811,0.622476505558561,0.612009934377072,-2.11062888137527
3.91516951724947,4.15487944117361,4.04016812101504,0.0540896332761187,4.29069432727927,1.21724893458827,4.31319888740233,2.24384763386697,-0.278919703003471,1.30082626247622
2.36653801692623,1.6110995079563,1.92268688020727,1.16976609192353,1.13223847809243,0.966293914075876,1.43959345879646,1.72488082057098,5.17259874126529,5.35424684211683
2.89763387128277,-0.531400576429032,3.07706280263604,-1.54778649172468,5.84537320421172,3.56259309182875,2.00241403329892,2.21561879168157,2.69000299740092,4.01208889466506
4.05735884701937,-0.354182897793986,-0.952246877964119,3.95372742711704,1.01517735934068,-0.45064560737126,-0.075584123604129,0.0318232575229415,0.271738435199179,-0.481096620051759
4.8012326384106,4.03528712089948,4.43601947017557,2.32100502807361,3.41857596220169,3.58152089513,6.31028420036542,5.92468318522778,4.28362944398593,2.4793514142948
0.503009795499002,-2.03281003297764,1.64957501287113,-2.37247891633909,0.0723525528847249,1.98503664253799,1.11788344315475,-0.60573392112995,4.5778903690487,-0.131935504865679
3.09697320753898,-1.5943005238603,0.00253223007942383,1.65415972852231,2.14269536227309,-1.38592874474113,-0.150389161614164,3.85172007074147,-0.394779543138182,-0.946235375642646
0.56998489028489,2.03517988349229,2.66933379146614,-0.351587002016607,2.14688421963919,1.26664129810354,-1.67309908697627,2.34853638955597,-0.357858070946548,2.31009891297439
0.256283971274919,2.92795124927025,-1.70639144015361,0.987463952900957,5.06950141885175,2.67344893978605,4.41674666330717,2.05166285137716,-1.34205213781572,0.867758459598132
4.34949891690018,3.07570515644178,3.47685847132503,5.16743129588966,1.73565213412835,5.49656907089867,4.78661848006724,3.16068616183171,3.32094616907926,2.29565794924605
-0.196436576438475,1.03374087206118,0.537865147957345,0.644469282709523,2.26538464982903,0.836490507326671,0.178462837321377,-0.794636319970019,0.522290952548868,2.7140230928923
1.0942452087319,0.867726264400751,1.06720753081474,2.6199759733082,3.7423859802557,3.47398279829837,0.35053612686179,3.08568331002666,4.14411058257444,1.18315457119454
-2.16241170622946,2.52159224256459,0.294318590625908,-1.49164546573795,-0.786990720054926,-2.01386067704574,-0.172334541459349,3.53882043697385,1.93993934305127,2.52318901068863
2.58140374965889,2.9735108597356,4.39460278961383,2.36068616822075,3.07889115957603,0.0178911382198792,3.56502863361446,0.813359937581325,3.77668249253568,1.37578293169107
0.265836277425243,3.73403195493394,3.64135328246086,2.23169602703981,0.853304677784934,3.58731398882058,0.607305009833611,3.04819302423082,1.48830495429871,2.5046477685865
2.20773492577775,2.23393079162387,4.38806971058892,2.51365866760135,1.8317794472922,-1.27085598545356,0.583982502224657,2.02598701697348,-1.7798213352597,5.74258185730766
3.54211378448852,-0.179246828800492,1.52856151928027,-1.57794457600532,0.41943212959133,4.1469796313845,-2.01737108593952,2.08454508662695,-0.656492427184586,-0.350237586700913
0.844127765644342,1.19788353442578,2.10534308409729,-0.0108152622620419,1.45383129470567,1.51136934558465,4.34685590888733,-2.75507527808229,1.62464822058725,1.55703864618786
-2.02429720740479,0.285587565270765,3.60041022896197,0.268763301174143,1.08824016074492,3.54633131589675,2.03759148276168,-1.41982497617883,0.516542212299773,0.299726902499923
0.519646541393392,1.81099954010351,4.07880067310656,3.06996867625657,-0.245628168884575,2.66652737112118,1.43251927198576,0.711518407562697,1.47156391897637,1.28545683266956
1.75283679273101,2.76115435121141,1.58476224024322,-1.41582635731942,2.01623641957051,2.58415611129311,5.60264427980255,7.43892807505543,1.84070034141921,0.445710327262386
-0.0598676740684219,1.45306408390563,0.863964182083079,2.72459035818506,5.04663338202243,0.595681632026063,0.462584073737053,0.641145388278333,2.64272212401238,0.190563323728907
4.08797091972051,2.47726812558609,-1.41926025271885,0.353115968748411,0.202071721917546,1.95435052010902,4.12280652943115,4.06017410689769,0.657292538102448,0.208495172880247
1.90617120467477,1.89379907947058,2.48617122327831,0.289577494082313,3.86931215969897,0.691225387253864,0.944613867294364,1.96879127573825,1.86879043829099,1.34738991412717
-1.71989143591851,-0.318774602654933,3.11256888409594,0.864883606781737,-0.655097849198988,-0.208373707606335,-2.44117815224571,0.200125140204229,0.669843869937913,0.881529201329452
1.85315703424796,1.43671937521033,2.18752798097383,1.92769294825076,0.0573461688208954,4.59149691445341,2.6383102520104,1.90795441051564,-1.2507001698022,3.53748916528628
1.74538908903391,3.74994040118849,2.20854566688073,5.25037650438984,1.42636564537358,3.53348105423216,-0.357678017490601,2.71875564811801,2.9077719344504,3.26477161506343
3.92328582894129,3.97439076409243,1.88107737094688,-2.2532265104186,2.7297449775821,5.78913535490432,-0.180311390107252,1.36830564007247,3.47709518716978,-1.72583003298662
1.31182777959026,0.665181389928308,-1.03212020067599,3.21241549081608,1.33447521809039,-1.12291242584138,2.92412917639972,-0.928207559658101,1.26792190398279,1.20424845154913
2.74500813250175,1.31302128207916,0.187746771330702,2.35578434925111,0.42931303432678,2.60276572736799,4.04417399966956,0.436104832529559,0.516961336337923,0.340158490538795
2.32901015542596,0.24102923370527,3.5722835843508,7.25418154264261,4.15713820250679,3.50485898104333,0.864263442976418,5.58938682013134,2.66756668028106,3.79493983077962
-1.04430242975444,-0.857756486690559,1.04846510091658,2.28289732660614,-0.801251724562544,0.0177670544124197,-2.00929752795208,1.20659552818367,2.57068652263026,-0.0366589604777212
0.159949654273932,0.963620474900033,0.525386762540857,-2.0129452357304,-0.890133096835669,2.65352217774381,-4.71437814461099,-1.05590598907745,2.27817498470279,-2.51551275535584
-0.518290845431926,0.894932488425245,-2.05004906152158,1.90260148414743,1.08874558121105,0.398567947101986,0.745776090112402,0.42906671272501,0.214516082089835,0.633538355025034
2.06238197932358,-3.17190572828014,1.29953544775261,-1.10540950277454,0.513715024585754,0.232499493347284,0.558334892727116,2.18124878758806,1.7517172904301,-0.789911743028539
-0.855602193653501,0.923084131582408,0.599144908546734,2.63881580593997,2.1747925631617,-0.0736533684829654,-1.08495234996772,0.468707711227544,1.11009928077937,2.33582878104078
-1.90409585706454,2.31185323189511,0.147035898769295,1.19641015101765,0.130735062142218,3.78032266063674,1.30621693963625,-0.607299239264597,0.648156521983449,-0.384613953446995
-0.471808023538669,2.9617120272211,1.01673956425522,0.518938274444331,2.26564226871133,2.31719936860908,2.06184897586355,2.22083596501559,2.55970685697104,1.52117726123319
-0.918457003706104,3.06914853911844,2.30414117756018,4.74961499173097,2.61392340194608,-0.0167230522479489,0.590740580495188,1.92165831021459,-2.31472421123969,-0.186916103007003
4.34174448142826,0.534208106431624,-1.16889882619695,-0.367616542032219,-1.0313592699716,2.89428353519683,0.588434125220746,2.57729906581254,2.56863253470743,1.90602316802478
-1.25944546082169,1.83623339997008,2.07363617565146,-0.709919425259874,-0.00436681318518052,0.44923636376557,-2.30444246377934,1.63424435439813,-3.89884048770439,-0.804698927051032
1.06674394819716,-1.06627759452027,0.547796353872464,0.995898988397649,-2.47227173279085,0.883937878978574,0.0116879251344446,0.390110757154679,-1.23526473654411,0.402087545158221
0.00804425887773497,2.64364276837781,1.40701062178151,1.2141633043031,2.10465087848554,2.45526847932971,2.7247962255029,2.10327256749711,0.42114940199842,0.997703488642362
3.17362783109227,3.87705135728219,1.6442335849888,3.0706133624557,-0.460403520470514,3.28687853854858,-0.0430003564044612,-1.21178346471675,4.34924469070875,1.57731686488272
1.26943593671174,0.647179677394015,0.811564908556602,-0.104988275758463,3.21341812018647,2.64052626938022,-0.814496978742491,-1.09572695491176,3.26973291767298,2.22759871966454
-3.80836449842439,3.20190345603943,-1.37190551378912,-0.343846917021271,0.423948899346763,0.738969310776612,-1.86770078265748,-1.13983057013803,2.49612306804793,1.06524601032844
2.19095164836971,-0.149895725790767,-0.263927774616562,2.49618339266074,2.56885325231207,-2.79205904149246,1.71678295899142,2.45036884222872,3.99465848262901,-3.30886648444425
3.29508950939023,1.47473585231984,3.22928930603296,0.966639051876868,2.78154988976693,2.38698297244838,7.31946395066529,3.00532923249009,2.93580922888759,0.795404608449769
1.94214628980541,3.00385649925341,1.1017050251279,1.67235668244052,1.94061603478592,1.47405266580925,-2.0946279604145,-0.825975214442723,2.93159664201267,4.18696537197731
0.801391849175918,2.45448158572167,2.88323644128558,-0.0760113796160344,0.854464961830319,0.731313504913157,-0.819316543695862,-0.843434760721314,1.24777729173528,0.976452979536357
0.925994967233996,2.22399594816951,-3.06663015405741,0.420270260399149,1.40836841661071,-1.92865027926071,0.853058713132851,4.45035796730615,2.26319667267699,5.65058045192046
6.77445819079677,2.53746467494919,3.53608601028688,1.08397112242064,1.20941151317654,3.6996581531957,-0.101401656230848,2.20538066259439,0.634339262243791,1.21951038728352
2.9446864430582,1.55352622041071,2.29846403641828,2.37253120315419,1.2702336969849,4.53632271488919,0.922426801627101,-1.05659669622218,2.24466071790087,2.04734151890064
2.7099949254686,-0.695374139471852,3.93550688995929,0.188621765239304,-0.298877228684065,3.60818578280018,-0.412828679482009,0.794227238027939,1.02284409220994,4.42289980105761
1.13221377655549,3.32290706821837,0.30703279329061,1.77538522898177,-0.843967313856798,0.8183985032125,0.645957259881354,1.7698814647713,2.3647847655161,3.88447809300289
-0.533284447634228,0.087036261276382,1.32275294142367,1.2506849758051,2.20670367324952,-1.32693769118596,2.36168307746354,1.18264680293164,3.14032055555557,1.1454184254462
2.80763099205418,-1.54733782162462,1.8641302695167,2.19767143175944,1.65209171229913,-0.149679829466352,-2.54962710369009,1.85170485019598,2.4630020597844,0.632343938017696
2.20394030977166,1.75274347039638,5.35167676456047,3.20568744967583,4.23199460879087,0.209792053748902,2.1890647419068,3.09041308936973,3.69108043946678,2.77677027126048
-0.89179685826037,3.31834722872484,2.83779496725473,0.320444057475047,-0.119666348804226,1.16587043897316,3.08294322186424,0.0786472498627905,-0.626886967158064,0.334919971840445
-1.59366432352714,-0.556735349912553,0.652689810604066,-0.790776724018768,-0.906592279196915,-2.0299350007489,-0.992536987385623,0.479898910833414,0.503405139648427,-0.376648663084807
0.530419325252891,0.831185663847769,7.3757098749678,2.87879193753554,3.13140785644943,2.57574569362359,3.87527454730313,4.74531870009829,4.71841373336326,4.76562976516182
3.02838543349862,4.73371868112521,-1.43882945726536,0.166147486829276,1.52623524134207,2.06741602835708,2.18921981527814,-0.542591196314743,-1.03798282461524,-1.22672367252859
0.140867763522253,-1.30079429818471,1.02159707837566,1.01219056077335,3.6536048728712,0.309411169377595,2.22621276041453,2.47597618955299,3.39603400456895,1.94259347909008
-1.85856845603615,1.38364275970296,3.84544036526006,-1.03681963974427,0.823828931919501,-2.35846097355475,2.41095609197328,1.83094991595091,-1.18370860871842,0.0340795476557341
3.24901017372855,0.872718107404361,1.65042497321483,4.63999063572425,5.46944781142694,2.27686203619296,-1.64455983521656,2.99867179583881,1.94093306709774,0.989991547406385
2.20661791593106,0.207289233930652,2.82408421616072,-3.35925494878546,3.42295208870548,1.99603558638163,-0.318373134573198,1.22266154711919,2.45480984747995,3.19296526706429
-0.547573025399291,0.591174529871207,0.534661564338178,2.40295946160145,1.2955956198926,1.84150135555812,1.58003159766802,0.455759260058831,2.12094399285185,3.86971799424394
0.731107049241631,2.24758683756567,3.51193250913362,-2.37998266892486,0.981662528958977,0.941776493431722,0.281467186772374,-0.475810536667988,0.910051641515962,-0.337849929043147
1.72959967636593,3.20577068330099,0.513084593394045,2.90651370728923,4.97607397860413,-0.179797034399991,2.22101870561957,0.44499733247192,2.18100330526946,2.19937270754041
2.24957213350458,0.740823826806246,1.4913363673868,1.15206340559601,2.21376304314342,0.530419940233287,1.6944366265323,1.40701307104979,0.547956426798411,3.67264020543324
-2.2522490340677,3.33670731909379,1.58010125127343,3.15223825945805,2.30312256586064,1.75943879093555,1.73409095115493,3.30800415888025,1.6005876960605,0.0841639130627929
-0.432782560573781,3.10376485414189,4.05115572668472,3.8801742924515,2.78882342963503,3.15654151490926,3.58479830213706,0.541344423648391,1.55965848039667,2.59087076653648
1.20755396419301,-2.05015408819643,2.83940099297184,-0.530542571617453,-0.337139521146934,-1.24564599208665,0.236983962528245,-0.341355941889299,-0.93177724436943,-1.99698042114015
0.916964697431934,2.46819907360345,0.47018870513878,1.03923698854785,-1.02365102275059,-0.0243943543578311,0.748973599864852,0.781532530111516,0.309384515300733,2.21559229576266
-1.66823419770408,0.766195892498395,2.12862802230609,1.22992936199454,0.399621109464571,0.388635764460179,2.97375046492796,3.20334536323826,-2.2295899798481,-1.86377120632079
1.83026138487267,2.3357278871635,-0.622861506471363,-0.0539219605229102,1.49647996119254,1.55670734273498,1.42175680185054,1.90876388657105,1.31767012176722,-1.02399489935262
2.36714011856909,1.14674053312734,1.84659824527476,0.443479216351496,-0.501504537702052,1.68089380083292,1.79032011541344,0.322739197022217,-2.01392598191714,3.46927861154551
0.645668203431293,2.3229805289115,1.06841827437697,2.91369556247165,1.77174032323774,2.07084502155099,0.621249950254382,0.359692878498217,1.37809586345756,-0.838166369580363
3.27418740358716,1.18514862085955,-0.229101257691903,2.22458327897198,-0.39091458422629,0.251711772997756,1.52369983311856,-3.74670806894804,1.95768600761414,0.97590732841871
-2.27788509728919,1.63749411517794,1.84733019906565,-0.211526991613352,0.991181956386088,1.1192644100453,1.19015444067151,-3.3900950858419,1.18951262719923,2.06279900983481
1.93242273757262,0.375426206389636,3.47159100561289,0.304181760087169,-0.365784601389379,0.0591868367516528,0.265553446753893,2.44477539946497,-0.399923779945896,-1.67345149456428
-0.000377911424664923,0.682653084515479,2.33844510805185,4.26779517890646,-1.09422084936013,4.09075622545486,0.598528190792266,2.25616459804401,2.70990603106791,0.542765877490071
2.77543758853448,4.54665687582708,3.380491697647,0.640437948671741,0.530048397596605,1.67537347028488,-1.17467614317836,1.03052117026775,-0.990174256492244,3.17387764756418
-1.79400781718254,3.56871664952108,-1.02341898892785,3.72209229661964,0.25456575602946,-0.440603507566521,2.77904732904927,1.27698302038154,-0.40556477918824,2.18001905340252
1.067640051897,0.86037534335851,1.16343301133183,-0.00466918215980572,-0.633127469049493,1.60502136873149,1.08370590036406,-0.665519945612304,-0.467932966864554,0.723728766644925
0.101504290090986,2.30922915209432,-0.219368716666544,2.13992872026425,-1.83629284836748,-1.56084983191765,-1.58870642391689,-4.12083014754121,3.27736120495032,-0.282888758453081
2.89165382610487,3.85821229753793,1.39591864108947,5.44867273550313,0.501015800845336,0.730681805092583,3.19367846541454,4.06312478623939,2.57030808936605,0.932261156933935
-0.0460211901006662,-0.260383628428124,-0.880889960646528,-1.50741603168939,2.69038178381475,-2.42186703958021,-1.20014487141349,0.24471159255726,-0.211341722039292,1.29160218363298
3.31961728689488,2.15730816784788,4.97433706459271,4.43884427472771,3.85337995345238,1.68180989165581,3.46654837993851,1.86713481696279,1.22846724073667,-0.3384864888757
1.1498763943853,1.18468580617512,-0.118649491592324,2.13795049570069,1.58905630035937,1.9811428427794,0.247472362520198,-2.34198398852241,2.67167114833349,-2.32799002382327
2.43774445296156,-1.13716676495274,-0.669133236473305,4.7894112985775,0.40131679825394,0.767847104116629,2.44203195304293,-1.29844348899781,1.7398758186627,2.79818505150823
3.60702670116378,2.69035031504505,1.9260490239907,2.53868607182566,0.360759361913476,2.13723911281547,5.19209733127476,1.07639477350112,3.35541760447488,4.77336241088496
3.82157301963817,0.447756689845744,1.01931535600638,3.3618514726096,2.75490136295443,3.23306024868478,2.83564379428353,1.70075071119607,2.5528272239268,2.02509648749523
2.90628989010712,1.33476491063829,2.18561998121932,4.57523847272714,0.249586218666366,4.31872965847645,2.61146146808416,2.80106973790734,1.91716327418404,0.929218621347909
3.12997206376618,2.44696621053172,0.992212465804724,3.06341957127676,2.11916182706778,3.47903523635099,1.66035633897231,2.75663246144167,1.05333911180648,5.77649116423092
4.0459985872512,4.40245082502686,7.57620838891057,1.23330205814679,1.86867491135924,1.07467440259893,2.96509480429764,3.59478198031537,1.12729237032726,1.49558935646069
0.555723268512488,0.563431840930601,1.44267404565718,0.253182134435727,-2.84182772357313,-2.26315410305944,0.367975639989715,-0.0363144999823978,1.29967444323766,-2.56077071841026
2.37801334248867,0.917297394638965,3.12617386163885,0.156286363397738,1.07791645519322,4.88422101600084,5.90903054386275,2.14806303590881,2.37703417579922,0.326123553938995
-0.387406759124846,3.8296134319903,0.688658626200006,2.9793895273644,4.50163814594448,1.20609742423126,3.31262052140955,2.61488713354471,0.270175475959572,-1.5539927558387
2.36918168386172,2.45864478256142,3.04925117730939,1.30015704185825,4.55264113327106,1.31811589648271,3.35013710565035,5.82129827589868,1.60379823288043,3.88755595801041
-0.724866704852134,-0.177550607391068,1.96509103979657,-1.65609117442444,-0.952131112949932,1.59444638784321,-1.00845215469921,3.77618281788685,-0.394372703510616,1.27829061310363
1.83514999083225,0.163795339153445,3.23932296255724,1.9658014084488,4.02739651738451,1.66700628898904,-1.05371967647325,3.54549646685259,0.674896916746375,3.80116976927621
-1.1885947978392,0.873323661801465,1.54681141571317,1.89906958468103,2.08570143232287,-3.05724166038447,-0.695602311017417,-0.806674369172488,2.38279822859979,0.320970547571067
2.53521776909875,2.32440963347228,5.53590340121786,1.26231971140832,3.26029376701099,7.34014642391618,2.76162826094262,3.48124462096187,2.3815457078669,4.71870428300188
2.91160342170386,-0.522792123926071,0.201959584379781,0.88052229808322,0.660648170133532,2.98205177946685,0.649071794585018,0.79270718480985,-0.994350711761523,0.517852539171944
2.74164907221098,2.94239314515171,2.63071658819474,-1.10838121610521,-0.334486256701235,2.71950836329099,2.89843912563545,-0.577705846529979,3.5357025579469,2.44190084146051
2.39865159578209,3.65068078370161,-0.252991148643448,2.00248040716295,4.79953114739913,-0.368392262191626,3.16810043312248,0.24749841431635,3.77190046939422,-0.693999691331079
0.120466410657833,-1.74524792764453,2.52411879329032,1.78024707811522,0.979185200054374,4.63517947991282,1.9979731882675,-0.60330580496702,4.22400434632963,2.47323484590673
0.283835757366332,1.53343399670983,7.10897021462791,4.2956318137089,3.32423976376328,3.67453714909028,3.20784008521324,5.13710118141747,4.28605793099735,2.62284731756082
0.0113752862860254,2.63209239076863,-3.64002662562963,-0.0759892574974383,1.51100953402088,3.95553579384085,2.23019393825227,1.49857109989961,-2.13611139631159,-1.10575971247878
2.3500989761812,-1.05428258405519,1.15438915017852,1.65539511640775,-1.1532680129182,1.75018269080675,1.07971873508839,2.84946419178188,0.152761901754251,1.07546211159601
0.420825762280089,0.253929127922716,-0.581699037407105,0.0135152377757727,-0.348090085331188,-0.302909116128543,5.06417861356566,-0.979740792298112,-0.221080516874582,-1.37351689161092
2.08259238099957,0.872665738656746,-0.109890892895577,-0.709630989758311,-0.474172682698253,0.337502142951641,-0.825402525280623,-2.38684996405072,-2.91794232660219,-2.27058145117031
2.58175126070915,1.51859903491604,2.03169094306222,-2.33034194713274,0.669473046833391,0.171581268595701,2.61284893303385,-0.648348363674937,0.24842349963774,1.5517257469883
1.92856667933172,-1.51864503272619,-0.689600925282541,1.03908415578776,1.29030688029192,1.7840089233104,2.57856274456629,3.53544846207957,2.13915560322585,1.95195720051385
3.14580677650502,0.304612450601396,0.77286822915327,1.75103034081712,-1.69207814529364,0.769831018200678,5.38203706515017,1.02140744306342,2.60592883906361,-0.50333655382135
-0.544234388237631,1.98692601754381,2.48322620277272,3.44523082215574,3.1410907481128,-0.45931366836835,3.41977949058555,3.23106794658897,-1.36758079282343,2.34132584486693
-0.275455247438227,2.37274402957385,0.545881788388326,0.249633447073477,-0.0038287072423544,-3.49481234241327,-5.93435861551306,-2.67914030258088,0.417893352302386,-0.0630463499754675
3.63185897725686,3.05107137927066,-0.478152592174203,2.63044537435576,0.792288847840235,2.95574113991553,1.25098485543176,2.65098765441511,0.73296032719454,4.54047627670414
1.49437587548922,-0.554577668033456,-0.237082208180215,1.75782562726223,0.913565962146082,1.79093558911475,-1.22008391322978,0.080642408919664,1.01403160093165,1.21812088595161
6.35248038021983,1.5787094005117,-0.0258670810168669,5.33802048276978,5.51684052460902,2.53976070756602,4.69743329022415,4.27459054040459,2.57019424597474,4.46555241454959
-1.05973774302268,2.57788533618304,0.997826140011229,0.0238889815515588,1.1122103125127,2.81497207216334,4.15917805197361,0.944239846110015,-0.937919805596482,4.1115911971294
2.00672093129912,1.53008265765729,-0.245491853746677,-2.43487770067134,-1.07130529907455,1.4708626040717,-0.459738404430359,-1.32781047105582,1.97033524927549,-0.375096709216085
3.42263789139969,2.14367276034035,1.79198236453457,5.21369074879487,2.12355435880247,0.174734706504551,1.60576995496032,0.445575765951282,1.25394661690744,5.1189581788733
-0.846477375950109,-0.479595873924476,-0.599857591646147,-2.05401346560714,0.683327184574525,-1.00078457376165,-0.762579796437225,0.314804708844773,-2.12237849393405,-1.61859162951966
3.70859375261927,1.13869035823204,1.89519486605065,2.9992232074165,5.02974943115722,-0.575895645995804,2.33703738339587,2.46129911334379,0.648585850496406,0.386119235792764
4.04856579115435,1.50898069430432,2.45289264352778,2.58121822107611,3.11424242001169,2.73968263223018,4.22127538440977,5.1456369257873,4.92946745293489,3.74197910365914
3.00268130272409,7.27382871983644,3.44044354476826,-1.01089972725391,0.57274909351414,5.48792219715743,1.83212834355313,1.77425447093952,3.9110918594458,4.44365023727735
-1.63020550633742,1.57409116307332,0.272184347768889,-2.8018781453905,0.863834585258475,4.01996678741983,3.22220466990162,-3.44445092731215,0.976210675885508,2.70938328794099
1.14369145674366,1.7299779853768,2.56299812489983,-1.65482099802877,-0.328322493864912,-0.835471658925651,-0.652812715078662,2.10374995334813,-0.155445856056081,-0.313178296015146
1.79358752665197,1.8089378003625,1.13701834075371,-0.10122437536415,2.04475981805695,2.81594413143363,1.24874971705846,0.458556501796183,0.171071784483714,1.33339340507166
4.11675602505901,2.64177098387874,-0.226612683160909,1.98662200422296,0.442937342234851,0.99792414236847,3.08972109814914,2.92052617045171,-0.734194059312801,3.72562514483353
-1.9065123219595,-1.41122915737772,-0.0288706617429568,0.638465501531718,-1.10580899169027,2.13536139158727,-1.55329123973195,0.131745953849007,-1.07252209352143,1.38033943441649
3.48722388886802,4.57901018940106,2.94237304005845,5.82888578291209,-0.63004560880086,0.800103814830986,1.99318912304499,2.15302322487815,3.2335467919776,0.339870020518016
0.378927642575999,3.7513607530095,1.14136288153001,-0.138857555619122,0.114282282112316,-0.700483542266566,1.75456914606323,1.13778448340057,2.02664171637532,1.05277174174603
-0.00686750335870978,0.187870423820518,-0.504268118545161,1.68594411118544,3.27071064592201,5.18555654634593,-1.49228878551909,2.19045716862924,0.12477990989223,0.0104144357687899
3.69532229969073,1.90270184112714,3.30228613492759,6.26450379566984,5.88115545750449,2.28298388772442,3.43622866252257,3.15183658793073,3.04036380618945,5.76014437328571
-0.188128062723805,0.854985950337987,0.856107531129499,3.22010260911426,0.726890381829251,3.67036945246933,4.11384371549973,-0.876600288610145,3.10428251927238,-1.18321120577245
2.41658436371537,1.56221372531643,1.77312436999326,2.64188757156007,2.58480570452299,4.67803261388469,-0.029922712728343,1.35306679587938,1.61473527153132,0.900548438432262
1.30590600497845,0.716042313688536,0.990979209700306,3.03986731118227,3.44363917022344,1.76155126729631,-0.168687470379243,1.54491578005867,1.16537619045058,-1.69852957925193
2.75434922446393,2.34238057879882,0.364263001031293,3.18418869562782,4.33091135809974,3.15839569956551,3.93742755892528,5.26741462741226,3.09666428522829,3.33823174162414
2.01998205109153,6.50614586584543,0.469315770191143,2.54112672086465,1.95168318475299,0.486111599035268,3.21043802319689,1.29027739574027,2.09448842083318,2.82814418057838
1.55787697496984,1.12832106564974,-0.903755320515359,2.32651909481606,0.868779922215787,0.907031174937598,0.0930355338371431,1.57538341598091,0.759015779932231,0.0343664206857781
0.0247753798428456,0.938309335939866,3.56127878730756,1.79511657834184,-3.66915521399507,0.124667571587237,-2.03983584597092,1.31292060486958,1.82631543798585,-2.00023559733189
-2.89931625667031,-0.800600232532693,-0.0650873172784604,2.94347943888111,0.466370797783134,-0.0241721755583893,0.58934208823634,-1.24997045780975,-0.161949035495521,-0.0311980964340662
1.48122458955916,2.83934955233068,4.60593421535067,3.98756031956901,-0.999785570261373,3.06659544244748,4.11603381835799,3.05439247153005,4.81711058444073,3.21052114136292
1.98192552735465,-0.780087572376126,0.0303168554132981,0.616748719699237,2.31822814876785,0.661143914745428,2.49363618463441,2.84329101235321,0.196847396408941,-0.0545364922884251
3.39373265032541,3.52552240789396,3.05242340668566,3.65266304358676,1.22292998198728,3.03360513536288,2.15919274044364,-0.238346991909558,2.10377327442975,1.82507744223758
1.35607897606874,2.95641486499541,1.43985365123311,0.868994429290777,-1.05851642569644,0.626864701342202,0.999920332153517,4.53388654030893,3.03520631204263,1.3582258109328
0.848837473723689,-0.0200978098907698,3.70041440237329,2.33806993008683,2.92565199024832,2.49388205797375,0.617905635395281,1.50151285935754,2.5504761990789,3.35081355281157
1.96187984301556,2.95501785993179,0.471434190457762,5.6014528600061,1.96201947942238,0.283536513112414,2.79466990642889,6.33930645776547,2.63638355168149,4.23979784545282
1.8105187532962,-2.2871079344712,0.81558071982533,3.18056861132691,1.17767857921142,-0.998768629767471,0.886949762808484,1.84818326623123,-0.208158720796408,0.219676870683833
2.004806420674,2.50738486698123,4.08421770909529,2.17387334620687,-0.092620890255199,-0.921601901747988,1.49849009489213,3.84979085979325,4.52995505582117,-0.0625223886439108
0.863947507813324,3.90038240527625,3.64823533131634,3.87068797716124,6.35913959154802,3.62979660206453,4.9044238496853,2.06649487186773,3.6442804107062,4.8959882043737
4.16745032659621,3.03504814279424,4.44346743265324,0.802583163639162,2.96741921349842,2.64935794562812,3.90563758356638,4.01376776154115,1.77323662964628,6.37581251549569
-0.556365753921711,2.21261777016567,-1.17170433441141,-0.119859358317851,-3.62735232496658,0.264480028451826,4.77462270747801,0.308496732887701,-0.39845260853408,2.47238124991657
5.55937629877241,3.45093110318941,-0.725833639466496,5.16900519158381,3.16601236713078,-0.527596096137295,2.78690869189356,3.02402124479636,2.48815326028438,1.46007652836902
4.02894685922589,0.910585879145194,-0.595912869344721,2.81222614769142,2.47968082120625,-0.613847307560991,1.62329930239291,0.832878369090507,3.22541605244232,3.7077955300399
2.50658810229619,1.3828684428713,1.14043623247431,2.61403183450468,3.03501788257735,-1.36009726515899,0.826428385164063,-0.863519290487894,4.47381916234442,-4.60958814373416
4.78775951718013,1.24105380325456,4.46722517064008,1.52882094053573,1.71902654776449,3.08723117677873,6.57045251386349,2.2971412616403,0.813881069324726,3.74181080096631
1.83259521041479,2.42287072858513,0.884984949221771,2.25674333219961,1.32411429159343,2.40756283744198,5.01600407590323,1.1664596462084,4.28587376304102,3.43813478145791
1.54739775175085,-0.483158258509996,-2.98125751439967,4.06270137178682,-1.15711601505282,0.117157079423086,0.110456094285266,-0.622837503974512,2.7427739579938,2.21439917123523
2.86171519496443,3.27141610517059,2.14671214164907,2.59776163561768,0.129373685141768,1.32107685078215,-0.487571982385054,1.58754966883187,0.525396962825966,3.71566531420222
3.20016877946859,-0.341774456999913,5.63242779403856,4.7480204016061,2.39776780893699,0.0739856143262596,3.51955137256749,1.97988163673008,3.004860949176,0.928419000490433
1.28104829440377,-2.10489907949972,2.30427567237097,-1.70552460852824,1.21010595233635,3.18901640309858,-0.251871266183656,1.53052816863881,1.68669302669686,0.505426168544896
6.44473634002719,0.625365274720351,4.0386355085682,1.02397815617016,5.01488823070094,5.48670363764563,4.42309814446375,5.17368618187389,2.19961175142688,4.15529525816162
3.79336311381862,1.52582742698804,4.08058025014012,-0.0428194350455617,-3.16377778291734,-0.14102379440035,0.727399071282455,3.39780903562203,1.58088952402338,1.61509585164344
1.67035380679215,3.01147913061709,2.73402812917495,4.78011614036592,3.27980184589801,1.82155513144483,2.41350485738892,2.81135269315364,-0.0740355247657432,3.13637260155153
-0.881386027394639,-3.51549834451465,1.40887144484048,1.94797083223034,-1.75648875008251,0.636378318871035,0.923273601814119,0.683171170996878,-4.0058812317441,-3.37572157887982
4.17043517788172,3.39159680285889,3.46648912805528,2.38171590123669,3.68902422673096,3.0563465269526,0.528413345471479,7.06329390610443,3.22966159840438,-0.677184467800783
-1.18951338626356,1.30204612184022,1.12304672103934,0.147784466491071,1.45113664486578,-0.342834066581367,0.536833596451015,2.97140974918434,-0.476441889490565,-2.54987482159953
1.21972162992832,1.18440492989103,0.976302524390574,3.21197938768326,1.07518069350513,3.76331163467485,-0.699148440038541,3.10902115930089,-0.977893605338378,1.77860260670731
3.86090768277943,0.551351053799386,2.02581449421792,1.17629123764758,3.02724013656626,-0.269509617270749,1.29473714506046,1.0003656412538,6.2597995799895,3.02091646285735
3.99413483250511,4.67597221181672,0.28044930378736,3.00289993353183,2.13814477440519,2.56377538454641,1.66773626288833,0.952284848276903,0.342895264428519,1.55705880851205
2.3124562710551,2.11214676475377,3.03883303249711,0.675717179871915,1.65551778161862,4.94358863330906,1.98349032124379,1.76560215455195,2.16715940766367,2.8850343146995
-0.515757243458308,0.477490807311588,4.44133242549651,0.833224397473705,2.26550325610541,2.42723039057316,2.44726267104095,1.35155016045246,3.67800575688252,-0.337164851150385
1.80471337248027,1.6786845250953,4.24821751863532,0.97495113694232,2.61667664827788,2.5876356423849,3.30315444667858,0.97571594043633,0.284655467920181,4.40956231561016
-1.07164443475085,2.98487435328761,3.32214920826566,2.67498305346498,2.40096871903748,0.400788787183205,3.04269199698314,-0.585558674202716,3.77680161878438,-1.76863989294407
1.90846124322813,0.463574128679024,1.14297186031569,4.6883986558673,0.879300852021283,1.07020737527937,2.70149689196791,4.2224555469366,1.65980378269172,2.75734726856528
4.31983428290122,1.94812931038044,1.70239278994164,3.94338309489433,3.17625578180244,2.49132427927091,-0.528374133794375,0.506715710626461,3.41959872419153,2.61195267190823
0.595857245265245,2.69605943466248,1.47759820827866,4.31377251719211,1.64606054464111,0.967644373828115,4.87614745717854,0.576374762641308,0.2034984021394,3.42902835280377
4.33759877597276,3.03974197816399,5.0807318568035,3.33639785506341,3.14253509011155,0.841020595938967,0.516753201092759,2.7263149253934,0.844415406971154,3.79594705743568
3.18723917267236,2.41607587427569,0.983997619850036,2.124264921603,0.549073804547288,0.993455193153431,2.83477710424895,-0.518299412275783,-0.303135109238709,0.124652405501169
5.58041428409322,1.6864423527836,0.539163625433178,2.36593033360427,3.51959157844494,2.85386150267353,2.49121491951237,1.32846403630228,4.80969865730435,2.68113489598721
-0.525100367752483,3.45880265780767,-1.82807187038209,1.95563284987246,1.56799669675232,0.510827918944831,0.378063757213265,0.757859119857459,3.3790956490888,0.690778264551715
1.3825924586885,-1.04842604491588,0.797468198349348,4.5003740265399,1.54641877091084,3.72321381788453,0.61039955862161,-0.446853594171077,3.68666692978358,2.63065405567543
1.64393431294369,1.43346546470543,2.14538555108441,3.56511846963538,3.25534116884441,1.73801948422025,2.35739127812411,4.02823740767224,-1.4699450294427,0.5981227702255
3.16101092008993,3.93399659030134,1.56714317912736,3.43593325282173,1.24087204555719,1.38560446088238,1.87514865019296,0.919007037563935,1.20197314050434,2.56539272923231
1.38792954400886,-1.14199564286655,0.0527304049306325,0.2191667989703,-0.686145597856053,-2.63810725202581,2.31288816607295,-1.89865765772268,-1.02077914319707,-1.93949879176134
2.73043048824396,1.4104350054811,-0.593075361322122,-0.782841967924739,-1.73390869417806,2.88303808357822,1.31363520221511,-1.0573438050265,1.28379554644537,-0.217470721492782
0.413743337439006,3.5419920263504,4.78123822851556,2.29011087118788,3.55512617469883,1.30706088449127,-0.257958120488041,-2.59235128754297,-0.740432147251452,2.41667441499308
3.01998670392645,-0.188790516117741,0.35370462183644,1.67764493880844,-0.333406869549706,2.65758931142558,-0.492648804027101,2.25319455287864,2.50563663757322,-0.444226849272112
-3.25412286033293,-0.831479398761733,-0.994728222332016,-2.1552952987323,-0.110288932608567,1.01693165563695,-1.48629207284238,-0.732170318023968,-0.490638592315702,-2.05608182953874
2.36766362940923,-1.94765105315934,1.73771427055722,2.91701848092484,-2.05901725505586,-2.39517978253932,3.08274777568953,-0.816886417986736,1.01252224889893,2.59339296505228
-0.324689890722928,-0.412835194708446,3.18781229234168,-0.664947712875231,1.85911472297325,-1.43384651385926,2.02356292660976,2.41682938273293,3.4598083633447,1.15076642779159
0.455984303539858,-0.531671603498304,2.20498815526951,1.23054819747879,3.69237890351259,4.14878436350666,0.931423249701888,3.26455116153581,1.13589924898042,3.17717919329407
1.27578054525673,0.737014467764921,5.62916471144838,1.82676116729337,-0.0544270092650097,-0.869166685784839,2.38299462855763,2.05412063412905,2.99240311135792,2.68587156342986
0.256378366194378,-3.91186038008105,0.926292261904488,2.06535493174672,0.841284910897322,1.45934957417195,-0.599725113791634,0.91161532076879,3.95885082142322,3.00674112276439
-0.459586194939829,-0.589969081950192,-4.10582549249835,0.656324740025197,-0.455112014025806,1.1839766644879,2.25908897988508,-1.23604458335521,-2.11941357994383,-1.17579091341413
1.7758567471226,1.53765626438997,1.05280414540316,0.839575595071271,0.505192829754804,0.061447822023888,2.1414586698862,-0.776121500343064,2.69442355378573,3.1795655527085
1.65283384752186,2.25202653401682,3.83847939642795,4.28162501980114,1.05695551380937,4.98891878406079,2.10887988528819,4.28010714861021,4.07567955784602,2.93734224368576
1.37273614783421,0.935905032183619,0.055040946427194,3.18411997620125,1.60716500108195,1.57067934067974,-0.176433329672044,2.84250754412918,2.54439093938373,-0.508085983621991
2.56547599255245,1.12994233195851,5.35528219619539,3.31607447516072,-0.271942270158394,0.748733852954568,2.50454730859767,1.88308894869138,5.26340514497357,2.7812902282994
1.09109573171191,0.866808860971747,2.67241127617701,0.326166915723958,1.79761934612184,0.277925433984007,0.224147972558484,0.807321061725026,-0.955186998029018,-1.04966066505545
3.29061980600479,3.29478157259485,2.89277992314099,2.62091859813237,1.68252346525618,3.64292256524595,2.68231087868836,5.28901773968742,5.02967813675786,1.64555329071575
0.13944256066004,1.83936709182073,3.25848830082976,3.42487744945247,2.54618266863407,0.905619033611858,5.28014882949343,4.61475704575446,2.44682617046599,4.19569359833746
1.77569888460541,-0.28535252788727,0.677260649789534,-1.24886539754347,-2.66260614693836,-1.80746632389323,1.43065237772008,0.699425602000264,2.09015568207824,0.0204281177379011
1.78455395631126,0.222573201259288,3.33882143526938,-0.551365895709598,0.217479399463601,3.17440271729161,4.56329519994835,1.44121261049108,0.136785172242666,-1.35230494720465
-1.38562811714876,1.52287643803425,0.974659291385856,-0.461704905830933,2.12112817958807,-0.417966052804534,-1.63043993711065,0.142794251536281,0.363916165248164,-1.7423177888899
1.47699267752751,0.775431356523036,5.34166734060824,2.9968439840629,3.67837210959438,4.32401773144427,2.12748298446369,1.32177349259213,5.17039884128921,4.0082785210003
4.2698372190969,2.97052286050703,2.24015871293374,-0.70739774657447,3.32359060896143,-1.06992835743808,-3.06288000397393,-0.200512301792496,-0.0772009245475704,-0.847566626409415
-1.72612660906571,1.97171306408405,1.35719866872717,2.08360994393079,2.81437415538355,2.03125371885285,0.142676087683315,3.36426856124105,0.601398148703443,0.516651803436355
3.43266095460332,0.80789380991223,2.91079125386099,1.11949638502937,4.37100889134232,0.456055717969223,1.53268120821613,2.14352968354551,3.45959316244114,2.52458641412634
-1.06445318311711,0.293457144391689,1.67765588399388,1.49534122761315,1.04835908264685,0.108759904294888,3.47975202446372,-0.739345211775307,1.84249854905545,2.65658439174585
-1.22155801802275,0.860363467712956,-1.61583427183887,4.06108466599024,-0.490262864885851,1.74185071233315,1.31658991800838,1.56912900997764,1.0611184901862,1.51085572918446
1.10602824428253,3.24474486369682,2.84571238962894,-1.13192264412539,1.16889680299583,3.16642393162443,1.11703622751739,-2.49920295775953,0.527070570947269,0.414600163855727
-0.732920502913284,0.252134022926003,-0.288378058516528,-1.3278596982313,1.96894427552431,-0.520806778387764,-1.53600816708358,3.10177271749622,0.588106011229443,-0.0612009019790765
2.00165803315281,1.29705964546385,1.8680860643743,0.434424742681216,2.53646023674429,1.10035045356716,0.45937014493174,-0.341955011472961,1.59530034814855,0.622253433508393
1.53799505618216,4.80691599606402,-1.46732027077608,1.77890202339933,4.71198837785672,1.96799055768487,3.81160085292134,2.75337417519914,2.50455301311801,1.70293450853872
1.10707970336767,2.65996760071535,3.54351936681144,3.40499875030093,3.72203133394761,0.647074799570303,2.51643727609186,4.15188143880738,5.07944551395961,3.01701894172535
1.57648988541076,-0.430820347609888,1.94732537445236,3.41826482246016,2.09392323957765,1.58626960304248,0.00174452173638495,4.90130441349051,2.39409611037751,-1.39117127599893
2.08245543478653,1.4776161192737,-1.95826401956228,0.420206157000167,3.39553330936891,-1.9025352622845,1.10543411513167,-2.66440300343342,-3.21859118716175,-0.743505676136907
2.5058799783476,4.17146988471259,2.79153952174597,1.82067922001805,-0.349422263556568,-1.0427337889124,0.824850962305683,1.90693660609091,2.07720625974158,0.250941344475612
-3.26304141691526,-0.646535582342305,-0.577430584058904,1.79875730355301,1.67767911412997,-2.53526372231768,1.35681959127404,-0.680001835050726,-0.265299275320827,2.10356511609431
2.24702278386785,0.829603858953314,0.867168133975225,-0.605409886253736,-0.601517057760535,4.32990903676627,2.22515305081009,1.60909352612275,0.360132270379026,0.110200666283789
2.3094780862375,2.12676130363218,4.28463791414679,2.44761079403101,1.42633875296175,6.93566050618581,7.5501046525394,3.43183985234478,3.32652336384538,2.31384553280005
-1.95545990617616,-4.74004281672408,2.89878452882389,2.06181507654609,1.27599705360671,2.29508167303445,3.23577916874284,3.21980691653271,-0.396599586188019,0.136439136371235
3.29006509164426,2.32259951601975,4.01311030265254,0.617854522636841,2.15198225737135,2.12699869444144,4.34218311145348,1.83438304454489,1.21067346256465,1.60548894047511
0.402333178706078,3.3685211046279,0.392233805618492,1.25217785245368,-0.506851870972496,1.59918162113712,1.91192367411456,-0.180206010453307,3.04077573438344,2.06232392316852
0.721263281960605,3.51332516447029,-0.838977788668911,3.1536881851833,3.18560265266152,-0.177185676792346,4.14756422905066,-0.23061527795323,2.91415611676197,2.72431622299937
-2.52394709962437,-2.02229027127466,-0.589723423108889,-3.61996074205376,0.716196889117957,-0.248416758447627,0.840349539644972,-0.0787769129494508,1.06770121860908,1.04103814949529
1.28606438266686,2.98383832255161,-0.792349879396084,0.28059306738515,4.09986113466581,-0.0269078569441732,-0.216713960364344,0.370821243073438,0.161941449337498,-1.90388074471235
3.69613379745293,1.08498913413282,0.944699319855067,1.97307289336345,-1.21764431031109,1.52296650852578,1.02715969461671,-0.336547161708743,3.81726915301285,0.264866599180792
1.39103161329376,0.831090180064689,2.20055387669423,-1.49001328418801,3.55985381489086,1.21647331182298,0.756728780185421,3.36470666015009,-0.498937007917844,2.15550891548248
2.38729381038888,2.13124493344289,2.15048057269551,3.19419747341823,1.79116542124183,1.85183939894427,3.17235642331303,6.57280300430052,1.67472832039705,2.12803940255389
0.0920448455287401,2.3063445093214,0.410116809353184,4.72592884314544,1.89236487297487,4.2334372099698,1.37115593105955,-0.149914174756832,1.73332089880665,1.70859631717945
1.91680591072005,3.7577422287831,0.557804867722466,1.34571229281377,2.3053274935741,-2.08756055346361,2.93181352331622,0.14732972152626,1.23064282025481,1.86196938842429
2.44786950763523,1.90130849379463,4.01376067135754,1.85747909433199,-0.246684453214547,-1.72283752254179,1.92708806049963,2.98137432511941,2.35837718500691,0.873032344626772
1.26843593465941,3.85938075915845,-0.221342063881351,0.967834141660342,1.89852987580786,3.06358467081732,1.30527725493894,1.27679731183899,3.41548148765021,2.14587486446905
0.793518855414892,3.68802034808531,0.962890255501906,-0.254192647974198,-0.182745887300317,1.49662708333566,-0.266355638231541,2.72612553061706,-0.19998787670691,3.18113923242427
1.23863676122202,-0.728604555612409,2.83209483331447,3.0612388465957,2.16044516004405,2.27052838274606,-0.0178445024096106,-0.0183455160681794,2.72905430346068,0.118275118864297
2.45806976262668,1.34787452786971,1.48100470070631,0.336266708863884,3.33566127921022,1.7526929956424,3.11643398565301,6.23955233662673,-1.16647040049598,2.86726347536916
1.72749460312793,3.52927309075402,0.840224009733843,3.99724109737196,3.74123561968987,5.70965580607357,4.33094129045455,2.44179999376748,0.53530738189109,-1.38494134504836
2.84851009175553,0.369732597557362,3.71407245224551,0.207666535417843,-0.618146369665332,2.85534100203799,1.10555712123838,0.357614292975423,1.03140226233024,2.24127550631542
4.98359226667161,1.32247811898222,0.665864863715781,-1.97886638206661,6.12698401785867,5.54994780388342,4.31743296407012,0.652422978594279,0.675340788721313,2.41103046075702
-1.25000821778922,0.344303187703133,-4.76395563264137,2.42899469631978,1.73387051583692,0.672163538100701,1.9606966676082,3.44075538041861,1.50200530440822,1.41640243028965
-0.182405978714145,3.31852733948028,0.251915972694703,-0.250006681999618,-1.6949537110645,1.08161722453357,3.06248133609825,0.360583022159118,1.72358005691368,0.599691932065875
3.40232590219948,-1.24055759441612,0.278476535225549,0.967888688581828,3.03396397151931,4.12056765600511,0.944796339948815,-0.292323324504566,3.07804921616741,3.84957698526965
0.118574990266157,-2.35304724575895,-1.53538266168352,2.29569102026467,0.47253502127085,0.483689981074648,-0.363946877445145,1.27130911037501,-0.435677467619067,2.08283643945781
3.08185731534635,-0.22360820159485,1.13864938995534,2.0740805412437,3.99738790063425,5.05401590852571,3.24782102031774,2.62017567162707,3.30973698058891,2.3977357426469
3.49150949654823,3.25935134635389,1.28623879445733,5.07720437673226,-0.443453480778255,2.07338906256183,5.03926365382085,4.626756880718,4.75228557386994,2.21952270925555
-4.70201579801307,-2.99252033309621,2.24617511144986,1.29503369985232,0.649588711725291,-1.12338899215811,2.4463239927032,1.25795526902077,3.16767320862209,4.06980911590801
3.62364696818345,1.31407088240039,2.87944240798116,1.37036396132242,-0.448299479155275,0.143175451845543,1.43326025896875,1.9995366884864,-0.121266249855603,0.38975005870996
1.89832658243096,1.55364057265517,-1.24496336283119,-1.04510671844404,2.23588533327043,0.317609314954803,1.78982611466286,0.849418137852534,2.03725706250431,0.213379119807433
0.023738627407873,1.18190369538133,-0.442791818115433,-0.771224868629793,3.22532559545196,0.786569781796925,1.92576414816208,1.36914037518087,1.626195098204,1.40649204521339
0.682095455057134,0.402693427606917,-1.72758962504938,3.68600040119932,-2.29013881209309,3.35663646253585,0.157568385609608,4.18838502255226,3.04224659498539,2.28574360890339
4.02913531788835,3.26870531298226,-0.220599785314742,1.8086273042288,2.15966126005157,1.9338425375804,5.49828093265278,2.23744213372617,4.93771385422315,0.225268460241602
-1.47894795350594,0.207506725562811,2.16203825396509,0.879586052637345,1.16057247282968,2.756010190902,0.534709646495628,4.68589360138117,2.15296536375525,0.973224821800053
0.237266911646374,0.286457218865945,-0.995551910893751,2.57754181134009,3.28378088556418,1.39054074825942,2.52537889830325,2.44859203688618,-0.534496960980002,3.30823038167452
-0.184664188471234,-0.569288658730666,3.48179156069041,0.790583162034195,1.09655190910987,3.48856801936564,3.42667277416565,1.25712840641533,0.846741530877139,2.89956236831952
-3.11062107511229,-0.196295205330141,-0.474142753645816,4.15406265933752,1.05982802575318,2.51592789376428,4.511049597181,1.47604836418777,0.500054222986417,0.817923749394283
1.54465041549617,-1.09267065625736,1.61824723279332,0.252740300013148,-0.0568299427006704,0.437934623969022,3.38299580466726,4.02009545775216,1.88841387088306,1.18309207166561
0.202404991180046,-0.210395070347496,0.32885277815531,5.6253290270137,-2.67953529435368,2.17827652951922,1.00070225647111,1.61974213712347,1.81663255434339,0.93089740712723
-1.93897837635043,1.85771256745041,1.37792999213275,-2.45042264228243,-0.668426223738197,-1.05075149592341,-0.016903709344259,1.51353263441284,2.81366509436668,-0.398227697759286
2.57356305415322,2.23343623827242,-0.476164653627523,2.29436826228621,1.62131459403568,-1.28865968342191,0.682122473802104,-0.653953091053121,1.51753933278372,1.56908088261912
0.525558155791118,0.671617662812777,0.124659659932585,3.05950915535803,2.24218297488018,3.560102242199,-0.0821730870431945,1.21063377125553,0.709620384655861,0.368112267404486
2.67779230555844,-2.83548521533307,0.322457412541357,0.823817897445876,-1.26532877878226,-0.071080650727511,-0.637684868216295,-0.255636177640915,3.17256383557856,-0.18278897446506
-0.175338571215267,1.77245111091094,-1.05790683524526,0.0199745515559153,1.10623529500422,0.0844194800939798,2.58029771495862,3.61572203420183,-0.444208310761731,0.592157536446785
-0.941397701829463,1.69501825124665,-3.25100596429831,-2.80024296382684,1.32638048922509,-1.58689379873615,-1.20775156434921,-0.83132656756816,-1.22012470660292,2.8170232733255
1.72017016284066,1.91716322105475,1.82715530176,1.4260722491448,2.06500270936275,1.57623853220772,2.20445223011589,0.385740386580801,2.10387443808645,-0.000513169219910736
1.54765644413423,-0.115526341150333,2.19938796390694,0.959368824671591,-0.49499017585026,2.44087557297988,4.35782157965432,0.798152358558988,0.500433190357658,0.845056853104029
0.515299206621302,2.43947150321031,3.63873246843638,1.09971471257826,2.17786984525172,3.73675832336178,1.93478581871827,2.89897294628212,5.35545980494813,3.77643516661146
-1.99001508747257,-4.12987244412996,0.156436218635097,-2.88267950509622,-1.32699567737828,-0.215358737049707,1.14350213717085,0.430771521588249,-0.00425730851887606,1.5493239457264
2.40055101968313,2.05822249873979,2.44177817074713,3.99427558300951,4.4916345136357,-0.189645744051713,3.07214797078236,3.68570486479887,2.69333129315339,2.89963630056668
2.53188705355043,0.810595921153293,1.11305240130058,1.15462177804592,1.18018123967741,-2.57565878804943,3.14244257733646,3.72369683330579,0.0416308895090733,0.647494651191805
1.04869256450444,-1.27976112175956,2.77210965751935,0.558807819266734,-0.177084863642569,1.21144350757761,0.385799821572709,1.12132941443408,-0.0767110349538265,2.52537041867965
4.50963782972119,2.9154812479009,3.66433227534931,0.830069265577429,1.67149134323752,1.83809861484729,3.21324641981603,2.07715456436792,-2.6040541964351,3.16110996433638
1.74495976032162,0.399886050235968,-0.73487771127552,0.217257763676197,3.52699545705476,3.03342162259811,-1.09239234250202,1.5003013044139,0.645900124615907,-0.211375214740794
3.6659901376675,3.81512896064492,0.249162045762577,2.67036430938749,3.058682642677,3.86099496107496,2.10545766053847,3.01865354132294,1.52282312475247,2.16157929000193
1.0406082293741,3.45062147512547,1.89578603423966,-0.530609615689225,6.38820171443372,0.701481130996348,-0.560492991470301,3.88730559255273,-1.2669573139661,2.15791401026108
2.20729710934331,-2.43146633870503,-3.99282020159486,0.202136145187811,2.08360996581886,-0.801355198049305,0.420203277328577,-0.245594250821816,-0.16853022955738,0.232988915219096
3.0909632523672,-2.28754007222619,-2.28860323828383,0.0910867914106878,0.50688794085998,1.52073153546147,-0.41739489269571,3.03098048493373,1.8406021557428,1.76645109914695
-1.87093157836318,1.75538469356362,2.79663689395931,-1.7328684526484,5.83952625795535,3.03931739337858,3.87521838268933,2.24483839533754,3.88114841481887,2.22719918593789
-1.24974969127854,2.84168310365067,3.52156985489213,2.99414931261702,2.07271195756638,1.04070064369266,-0.889044010087649,4.7137413409029,0.542939228150608,3.84940582604635
1.42103957044534,0.0325252735357019,0.567459678386824,-0.386017530818365,2.43892445623288,3.71050768517002,1.65462132425092,2.35864869295529,0.0258055754336592,-0.426218976383203
3.17107168551292,1.76246562273065,0.366943930032412,3.68795234121034,0.926513944147309,2.07234004613571,-0.336991383006039,1.98191954677309,-0.120191347759919,1.21390780226083
-1.6274334937511,1.21465432849209,-1.37562146611964,2.5878345388712,-3.72950140735969,1.9240529367709,-0.272658815275455,0.633145901729242,-2.4202581411496,-0.642461068169709
2.10294685376963,2.13309522437452,-0.544985734197461,-0.392985170450538,0.609157116947282,-1.94882652606855,5.07689166532679,0.298659985209655,0.71775430630293,2.45553977112239
1.65448543800988,1.56462764862578,-3.11027498083596,-0.473812104034353,-3.22347249033386,2.42250540855051,2.50427979740394,-1.00211743772649,4.39499001361349,0.789306861531959
3.65154395980432,2.21898090538006,0.685901658908559,3.27812803842038,-0.881187381829748,1.87034857654444,-1.11495485942602,-0.598738683745447,1.62837957370565,3.54444230281155
1.22918715345149,4.44582882191761,0.506580675354334,1.94939060473227,0.867829171606392,1.3784648585549,0.678158970156519,1.89356619311741,2.09992511536422,1.40289745278929
3.08917443377261,3.90373790580939,2.9335432248213,4.33466791506998,2.18318162020035,0.130122680664779,0.70875688785664,2.25135061847486,-1.33168515583611,3.57750085028902
1.94298659187289,5.6296684440759,4.62838865321981,2.75142642767935,0.805886598707196,-0.0126129010115257,5.49516688859643,0.252567291905826,3.07811141896061,2.45706208223122
2.78304505107363,2.45563229955247,2.70960376181394,5.10385409505081,3.90935318336749,5.12824382057422,1.97777705877752,1.18742288895906,3.06589677273302,4.64787781256277
2.4519577345304,0.0669481905720428,0.661757471637185,1.72089060592217,4.25080082063244,0.198723228820088,2.93703221758512,4.23049067235468,4.02742330579583,4.20155857415573
1.08646458849495,0.358835396005065,4.1809109284234,3.8370121618375,1.13854068050104,2.75404816963382,-0.130520113433806,0.538982062413928,4.15638039740822,1.15890912812035
0.80140557411301,4.16626280496061,4.06963730161951,0.607371682047602,-0.132283226266959,2.47682588555281,0.54378221384025,3.45070544885135,4.59865488187592,-1.10046285932338
3.26540778507083,2.95243872748793,1.2476505246309,0.884674636807138,2.15677469047515,5.50345675605207,2.88284256002365,2.77970652611724,3.52629829730558,2.19730670573973
3.17763111193126,5.09604899160425,1.01789152337044,1.07537647674593,2.91396021605124,4.54719955549065,0.0210995872233553,4.10522957031892,0.267333902406135,2.60309278218221
2.58573227988448,4.60525079034377,2.19748922174691,1.6374226395584,2.45229584596375,2.66577109042381,1.32859207923106,3.64562008509255,5.93040399178591,0.216074629777141
-0.27118413876153,1.60564866475964,-0.123659137458242,4.58193825485751,1.5887119029415,-0.313944692632046,-0.61327564375019,3.13674588750554,2.98509681743511,0.492578684917136
-0.597781515685842,2.84691626136539,-1.81567464792037,-0.122583522943598,-1.09475862694952,1.27799317643806,2.70791651631369,2.1430888726599,-0.0599656143952574,1.86033738101087
1.78569400905463,2.95854945245042,-0.352175944511348,-0.379431216797366,1.89691264283182,2.19207867325271,0.654116613269951,2.17664480743664,0.511123263290608,2.94809095734205
1.00086625427769,0.765151503602005,5.04198053170891,2.3839894330191,2.40568137750165,0.211275479273145,7.59656786060421,2.51397249337622,2.85744769383599,0.351560640794992
0.0682199682695717,3.17631905404081,2.91039086104651,1.54914190936104,3.37689157132504,3.28421882115396,1.33882708440803,7.92380720411828,0.496686446475884,3.14223099707488
2.88655336453707,0.328754799392565,1.12311064262107,2.42901318164613,1.86699630830145,3.25147245312099,1.50232261175165,-0.505043044311108,-0.705121038077484,-0.642591750733606
-0.713655421135458,-2.68939180004875,1.95351471573402,1.98541591749019,0.545728758237696,-0.658231121717028,0.627465491186952,2.91476621808856,-1.02322165147156,1.68447493292649
2.85671056270609,1.05968594833426,1.57151349372046,5.1034772871265,1.66238075393429,4.36665048283531,0.857951657726587,1.12433844555156,-0.318805439415969,-1.83912634913865
2.12903611765577,1.0019700709036,-0.687886172081823,1.4715210906543,-1.61995298449834,0.685823735973774,3.84754251954399,2.73921329111597,-2.04706562058216,2.48044683044698
2.00981800546654,2.61817563069668,0.616464328988442,-1.41930519277928,0.612998962835251,1.3931132627356,2.79263261878398,1.78568770084262,0.516526530039952,1.63618892259976
-0.894648492381377,2.67066511414829,-0.59316674438266,-0.506716865101436,-1.61540094142652,1.22424929488403,1.61778012380737,3.40774667442361,0.0604440161066974,-0.857347150812273
0.912134858504511,3.92945889819928,1.48415801308926,0.178592946647879,0.633697133197534,1.9400071356206,0.171595712209261,3.96327323745997,0.012270046162604,-0.829181910388317
0.657171693855132,2.42358943933493,0.163152527143929,0.732381839755433,2.1157856343011,3.43542626811379,2.82264983118447,3.48869579246968,-0.147693947964976,1.0954807124746
4.18637453659175,4.05350001642766,3.41460752599827,0.504805755864513,-1.26881450874874,5.22010118846579,0.341009718235103,1.88513394471075,1.40161375685377,2.1063394242524
2.82951169249131,5.89699019402821,3.22326190013296,0.73965086453491,0.0264633350323926,0.452568932071814,0.084597358700699,0.266534544731275,2.57144825098389,2.23082949551616
4.41747024935765,4.56143770155619,1.95005142980647,1.44931215587995,3.78416797269994,-0.280947623866097,1.57164799502725,2.38069457497289,2.27805089532496,0.64786266820656
-1.56250403542116,0.432964575371488,0.050425780615145,-0.801379344210384,-1.32565625999256,-0.364300286287026,-2.74350095961143,-0.0403293610146291,-1.01736348442376,-1.48874695577009
2.19704161236357,2.90569128779578,0.940353157918724,2.10503995933012,3.57880070535125,1.94762976170864,4.77670186868962,0.120488554492406,4.53440347766436,-1.73277270579545
1.3508564038899,-1.20659406602608,2.14302873208064,-1.83581870796792,0.0891435146578081,4.1186784600926,6.59216117585921,3.34894034441994,2.22236528930594,0.104746941173331
1.09880383339321,1.40654350288603,-0.809154392903958,1.61518968589177,-0.581184273313293,0.973944370484957,-0.210409447577973,-1.70969875186224,0.16111936785999,4.61642413645875
2.6440670132609,0.655379318091054,0.825043469652454,0.511486416503256,3.23149077740107,2.96392689117406,0.263323626178627,1.18226710259311,2.78601223508741,-0.323881031230237
-0.271414933193823,-0.811531641666157,2.86295984002803,5.85527069413777,2.86693675417588,5.39484460847953,1.95946748078996,-1.3868905618691,0.672925688826077,1.15775407785744
2.35690169130397,4.31310550124108,1.23899063029554,-0.00271415521879237,1.49784781420824,-0.143226041618806,1.87588812359645,-1.17492353254813,2.07753729513127,-1.42325266826922
2.17963405680372,1.06231857310621,2.17921051214059,0.313547353706093,0.182672510798344,1.42064443453077,-0.725995809343242,-2.36718448208546,1.25184247761351,1.30616377525835
1.76378190235778,3.91290445267245,1.95609148943059,2.23885827915741,2.50822294857557,1.34090494452022,1.34337936637425,1.86408100188776,4.25917062664138,4.37250208272126
0.404575925658533,1.7902213270828,0.0825522597255559,2.03376214948997,1.98379241578548,-2.67548415388833,-0.192661124104227,-2.34926290417042,0.217506603375549,-3.17463422713424
4.70165260732361,1.85025260060159,4.98441409663484,4.62073161575419,2.46420811092252,3.96740551375319,3.9333416143944,-0.0651926263580966,3.64023304467537,5.2280095227877
2.25184799411866,0.891971918808226,4.55532735289318,3.90324353693653,0.0226577407833668,2.31624323972953,2.60626910936225,0.54017188245267,2.40794867199034,0.619559534591324
-1.0045017665534,-1.40597912471109,-1.44090430530079,-2.30625264770794,3.83883145236585,3.42244042510242,1.11261498408657,-1.51611965015408,-1.59479269787648,-1.30836553548229
2.89534326662491,4.10114352233448,6.22330178656232,3.60821777272366,2.2503389049711,3.41420782099221,5.39364540446888,-0.755094506314031,1.2278803039896,4.10988411415124
2.40761754417411,2.25216766131038,1.8375454583513,4.00646825586838,0.771771173070016,0.742801789880196,1.59426569670834,3.60879738486154,2.68726397147178,2.20198984064835
4.79874131644322,4.65172966701904,2.55811486556125,2.61483766586894,2.75425837754844,5.39341149011292,-3.20225152887819,3.87675361060501,1.08104336576188,0.972172073126121
3.79782612433762,-0.755475054335729,1.42273091913576,3.07187944207857,1.33359683060094,-0.60344634972797,1.99178967260824,4.98290053936499,0.172808362058971,2.99850867984952
5.71446688233434,4.53802666361197,2.53071498598839,0.668162068070881,5.16441501892186,1.74762617032116,2.46533431753052,3.68191189099936,2.65493618109494,2.27465948371292
-0.0555200106660334,2.16901544518466,3.86102967491156,1.86104027568068,0.940591850242529,0.444399939740614,3.08061397043897,4.45870799030462,0.17700945612187,2.79860285912911
3.26088135780177,6.1214802985013,3.08723170227319,2.64699290248892,4.19244164327394,4.91393343138959,4.78091562468617,2.96307065169132,5.90502027279015,5.17989393428871
4.05729122002285,-0.400415815567378,5.39318432267999,2.31632616152751,3.87676813553524,4.91886258751546,5.94759617000305,2.89876361820648,2.83005314121502,3.16769434142457
2.33598612559094,1.88518895612532,2.60892672211127,3.79069981587066,1.05820986749022,2.93136584666335,2.29359395051171,-0.400364981053299,4.32000737406949,6.76053682814664
-0.353747833535553,0.696003872453437,4.22879073615733,-0.0805676317514314,0.077741652798786,3.87952032751987,1.62767854043053,-0.938154071479326,1.14172340526511,2.80938726703115
5.0966006653305,2.40728906166889,1.37392723916137,2.04339840420976,4.57264721529932,2.16148811612955,4.95055168774132,0.532540351195596,5.52314466926623,4.40243325228896
2.1246829597784,1.03312872731724,2.53494479797343,0.223714512126764,-0.800551577745395,3.67170264151533,-0.365682833781385,-0.487602000563954,-1.59507015329207,-4.10805217972055
2.29793670778304,1.1151637513068,3.55102223873251,1.9816968192073,2.22495021774835,2.58066119610924,3.14194398323358,3.78939844890871,2.36349245262896,3.53973702692556
2.1215513682088,1.87531460464616,1.84412516267823,3.76320566226791,-0.0589550159528676,0.566321844708856,4.84263782343561,1.10771046698267,1.91542200816607,1.2236833634851
-1.77720377124422,2.82222445751338,0.302516305937959,2.27044110377126,-0.707404005830443,2.01479232145754,0.616846400148327,0.29077822673262,-0.749905818022442,-0.457280878878161
3.40474106967638,2.90729000188102,1.77413505471253,0.40249873513617,2.4471354204057,2.5622828855584,4.63855194623246,6.71457932903228,-2.13190142292879,3.43715421357713
1.93604304138914,2.62812268719086,4.02404342690949,2.31753438294525,1.5168765113331,3.38022162631007,8.95429476573435,4.72215595528843,1.81251934150531,3.59355291694276
2.16226168372461,0.599838070483644,-0.260111653625519,0.973171982623593,0.911825529677075,2.85672103821558,3.64681687701585,2.82556930686951,4.8750928670302,1.34501286734761
2.88031848244959,1.18592282496913,3.4362056074074,5.30172949428634,4.94631915558906,1.50853172844687,1.42060613013343,1.64796538519657,-0.0784697564502239,4.05685306829864
0.981512406441974,-2.69000833600787,2.70650394948847,-1.95268373883024,1.96064166360982,2.57857227045278,0.379915551001987,-0.0914028889544123,3.66582871785115,3.36049011463552
4.07576547267293,1.40114848558457,-2.14704625304388,-1.51080880423772,1.51913898395418,1.5475272109538,0.935563168466879,1.04380163892197,-0.0293439367444772,0.652464734587453
-0.936041140931103,0.793422401504129,-0.678073519855848,1.98032391513136,1.97237147226578,-0.744146744454978,-0.765005098151048,-1.60847407238471,-0.305797484547494,-2.05538727742258
3.68723580889692,-0.477526420377723,-0.678754175520392,-0.474959314772749,0.315150200095678,0.709404397230476,1.75264130410853,2.19979345567213,4.21613258538174,3.04842539249266
1.96734160083494,-1.48201518535133,0.750261472818922,3.9742013654577,-0.902921993112734,-0.671360106716794,4.52255879377318,1.8873809212717,3.48038899872864,-1.3088203848166
2.3948675894896,-0.460847840144646,-2.58244812243665,-0.858336321100573,2.37340443950303,-1.69789989315145,-0.233468662001258,1.73736985759822,-1.0304984646026,0.672823769063132
-0.116460904959491,-0.4252368464921,-0.988948591240992,-0.276478890805976,-1.62482086867296,-3.49601537072058,0.732355861818845,0.642108959427169,1.52346914018609,-1.43866249252614
1.51388182961347,2.48469834144388,-0.552462325999761,0.238474737558426,0.138084212800068,1.87833691833571,0.962796294728369,5.32015943901467,0.135357599859016,2.04054255212437
3.16152244106814,2.04686788351939,0.171570142692821,8.04309438764214,2.0042180211865,2.36131294170386,1.78486417632261,2.30879917375195,-1.65157588881399,1.63725321235911
0.679788936934092,5.3638114194799,0.619042508422451,0.450491142295719,2.61294241573592,2.30014004727598,1.77600856408835,0.183944735491138,4.35603571156486,2.94346645768547
6.01649958141049,6.02648128144512,0.545991698658612,4.42681716285691,3.63442400525959,5.14262568875502,4.53988075290451,5.02823551073035,3.50768589606897,0.906882605803493
5.10918067678971,1.20664116889805,3.62715729627586,2.61629004892688,1.30176814304198,3.46102693709619,2.10764477834316,2.5465937531077,5.84798471507148,-0.736949513669542
2.24660071231304,-1.41250632845936,2.84714225146158,2.65124044678715,0.872781225344868,-0.625551389674374,2.74861137151921,0.717657578085377,2.70292492216396,1.68507479684588
