"X1","X2","X3","X4","X5","X6","X7","X8","X9","X10"
2.06519733305349,0.533088710073127,1.84736229836172,0.675256724198533,1.44382014716145,2.07831002872912,2.96159169943624,3.03247603120945,1.7232208838625,3.92830936854046
-0.505414804265367,-0.460889868492639,-1.87083440324782,-0.0400132314408473,0.163480744834215,0.622000852404958,-0.497480998789021,-0.0067501892039923,-1.15743934074983,-0.252825373146405
1.22765559758239,1.05887467239377,1.71034871377341,-0.997559550010892,2.63420916308357,3.08388539047791,0.553390757227916,0.994862842312283,1.43074862863785,-0.0323711244895364
1.98490930314954,2.97148936814978,1.77433036545236,4.77003076512437,2.12303786066135,1.31403377638403,1.73825666751583,3.32591148414339,1.6961295307994,1.9230811489963
0.364564776660546,0.799411365817296,2.91152885827778,1.2819377321063,1.7233398190302,0.185264249550319,2.21256059560396,0.267596763046751,0.370047117904127,1.40698299401199
1.36482663394649,0.56539192866606,-0.415410007744101,1.28092893756712,0.222712897733121,1.94127005513531,2.94788970004034,1.34906100299252,0.266615377828349,1.66047408022247
2.66135181794126,2.01879388142356,-0.204782022940997,1.2715668807917,0.309705864914265,1.69494613385096,2.64984460783672,1.05797721628951,0.435822830525258,0.49623883129438
3.38587047710006,1.54532801053532,1.00042506970104,2.16933909170197,1.37423418985719,3.39279437624016,1.48911452779207,1.02970741042736,1.6529146738502,-0.305466292555124
3.00370232303539,-0.198849143285363,1.16883892305507,0.818212744210378,1.0149172418882,0.509734965548314,0.239399380417819,2.21223106452264,2.50779638174138,2.37256168430241
4.31051598921953,1.87262230399568,1.05119940614568,0.780794955084409,1.12174592805468,1.08481080280768,0.857192343053461,0.414965481174905,0.740955535354922,-0.797598565177716
1.05656861846255,2.47597655981251,0.124184410881805,0.268105685739896,-0.759916941426095,-1.72567007630757,0.0128771146076006,-1.48093854179619,-0.652219211820861,-1.33080404324795
-0.0697288600399723,0.588084506936415,0.00144537149772809,0.00203273704221581,0.462341169829428,0.972885424103532,-0.0974201764649956,-0.838429051696238,-0.111753523078788,2.20750353538123
1.46434743842456,4.05238143814705,3.84625470963732,4.64285677318136,0.308407748247232,1.29153217704272,3.59183229671189,1.42840992080678,2.40318641935801,3.11144277334595
-0.537911859368641,-1.25711596117902,1.20535157529688,-1.46802501014103,0.735410240974956,-0.752538921115597,0.974231197482151,1.14743699967306,-0.948424647200831,-0.386841714624256
2.02000266639567,3.54494201069456,2.25982330792071,2.5462958236049,0.793363973407776,1.37529429389583,1.79246998702971,3.21901761189283,1.81965452230789,2.17687993981581
1.87717612433833,3.07273930913297,2.05776302251695,2.31478449412066,4.24429376935742,1.44203527635,3.76316297354681,1.66733953459338,2.5363701717089,3.46947242642623
-0.398779617111153,2.64136662028408,0.0909097240887293,1.47224603640522,1.36969503850042,2.43046718890829,2.39429876100269,2.31564483991337,0.758994163104308,2.14491551893403
0.909887597753681,1.17683099645021,1.09695208789316,0.79634997301375,-0.0874173138538532,1.95691582655446,-0.787219904741329,2.01117339800817,1.40836262100128,2.41607760653855
-1.15359697213654,0.726365250436239,-0.741889601827872,-0.249755041082171,-1.33985769703987,-0.409636823200342,-0.453377365185168,-1.38636851553178,-0.534146121269992,0.567538458342112
3.80286083098541,2.45605772962438,2.33037537418441,1.96702124078234,1.6627079548999,3.21680256056023,2.7650167994534,1.94333991109025,0.881056638554577,3.1025141933473
1.01682076422883,1.1934991788849,1.78583942211466,3.6056070266391,1.2780423724016,3.02973403737226,2.04366757151592,1.44314216249964,1.79589031358908,1.29678671344591
-0.934094023400876,-0.837315300853854,1.05770733133672,0.870291291459158,0.974914563700884,0.979928109564747,0.800574381826426,1.24220188892138,-1.27340672602355,0.426175545876721
2.63855953073772,2.08108730053658,3.41113806898879,3.16414596170489,0.705998716375375,1.98774885083931,1.82413932992472,2.72197061144531,0.659583540729729,0.591101483467554
3.28916991644394,2.47900463956406,2.28685830971935,3.17448392293463,0.808955737258879,2.07676569807029,2.16200525802309,1.46398366384039,2.55206975319953,2.48429313879982
2.42945952980282,-0.862172036777079,0.724372787106068,-0.831178254101698,2.89942468840575,1.50081083779688,1.59985491119098,1.42510838620279,2.09714901196267,0.4344212372337
2.83955536765693,2.83195573389639,2.4351440091496,2.2605650279206,3.73376207664711,4.16349722001561,1.52214120748968,2.56149864129013,0.715047869126376,3.32459106443773
2.17233301711117,2.58249958205958,1.12536025411792,0.756533028043407,3.60967671805147,2.80320177832755,3.36554169475039,1.85845845275543,1.42835485848975,3.72096625990008
0.200966128021773,-1.13046719235846,2.07418512871502,-1.57890174398286,0.184985629683984,2.55665954309482,-0.0434331841136624,2.69731569696252,0.777419413147237,2.19287818044212
5.05521886623726,4.74062190009067,2.14301554996573,3.11418597659143,2.61160125533703,3.88585036229928,4.31705062239761,1.12388461168462,3.0666395152265,4.07058713478065
0.807929206442996,-0.0284443826380805,0.550279127922698,1.54561004618555,1.31178677800432,0.165735807483696,2.14301333189367,3.11330611251681,1.59177067208381,2.86326510590962
0.679345266417048,3.07408372269967,0.057021452971299,1.2318406056795,0.832773654634564,-1.28203336525564,1.13211559828061,1.09580759412181,1.68128577022978,1.86529130925056
0.824353205063241,0.732204855876889,0.241351819658634,1.60027559089793,0.390981093410126,2.20525381485178,1.19152728779338,1.2304003839046,0.312143518568313,-1.0865408773774
0.783211106613399,0.909840525127712,0.906830145345074,0.145544648103048,1.22719907580001,1.41405208095955,-0.757367633536316,1.36364660032752,0.248376821540705,1.49271227135601
1.92143052853016,1.16936827068889,1.49124430184888,1.34085615852347,-1.14678503136112,1.55227828036325,1.81463884369979,-0.317842701248156,2.26804596598972,1.73084690379113
0.627620044935141,1.91160447996648,1.6442807007127,1.21281644039023,1.11533673821889,1.0774994338188,1.4425724684505,1.75333508171512,-0.0817140656717148,0.933039612107228
-1.16891516533383,1.25645136665819,-0.199701261408826,-0.222960924128761,-1.35352570848838,-1.02840298335203,-0.936922883246109,-0.68653981828507,0.123515979414871,-1.96354719063072
1.4177522516895,1.36218864384396,0.122003698710717,0.250027855188137,2.01595558567101,1.46713573697433,2.62993728215922,0.675914057898144,1.50441637201699,2.15782330115432
2.51282914528195,2.9084079259722,2.12733071548877,2.80551175802187,2.11031300681484,3.48390912590505,5.68460394624848,2.58769696068409,2.64695187539585,3.99860618597267
1.47908807314549,2.40073904335036,1.93991825607903,1.72723445863925,2.59039532146087,1.52608322716045,1.75097732063379,1.45998192154098,2.25517738800917,2.18380862988443
0.0164158654631053,2.04826408718986,0.891560227410405,3.2944228118887,1.23908477351219,4.18955985563742,1.56369772695052,1.22936214911389,2.34975077883292,3.34337065070865
0.64607402062525,0.675082863428455,1.57102651701604,-0.323143337184723,-0.356431896218334,2.61819094248094,2.91824018232227,1.37638685431765,0.262126958756269,0.0833459460335995
0.239009752742931,0.821090709045323,1.06886303802517,1.87649444648773,0.950795081612272,-0.67632081814899,1.37895652647579,-0.459886062490121,0.340196551453663,1.3382783800719
2.67316568146874,2.31047601903208,1.81931090569131,3.31980622099527,4.11739029210051,2.7434065008805,3.17108709616716,4.98489777804937,3.6940292796073,3.23932496354294
1.93846253734946,1.66291030588989,0.135654329787825,1.06323552895871,2.00949953447622,3.08848511205673,-0.174336373062856,0.263732366884046,-0.0386770243867804,0.997343003025204
1.54402113032612,2.1762690289414,1.29332355265498,2.89778787717674,2.26634897855502,3.13212435596823,0.604652530404865,2.81181569073253,2.28939969854071,0.766420553784962
1.58522546466927,4.00202200455045,0.988732953944052,3.67632375019041,2.13600080018383,0.659921862148736,2.54087089822013,0.347837901599619,0.898021620311339,0.72527078215559
4.27158881826864,3.16625684286035,1.35491820935016,2.26228777531941,2.48627821450151,1.9547113480273,3.46624338011121,2.34029514124064,3.08793318354861,1.30900353956282
0.352143603462822,1.40779776712148,1.65756702807131,0.906352999693313,-0.982020819630845,-0.692116220492353,0.906757153938867,0.319005463448499,-0.215773924265983,0.513088298996456
2.92603984489529,4.53878128751169,3.25347286632112,2.51343325491903,3.88977718374131,0.209026189449542,1.7337679790891,4.2120551825387,2.76425477778446,3.81397727083428
2.33712960482674,5.08418386282947,3.3714635091102,3.84493998681374,4.03095106417069,2.72737926590158,4.38422976222209,3.30540894829426,2.68998282362222,1.70499812409426
2.95068176598868,1.30225462925822,2.32955331437816,0.971228477414612,0.742229033098829,1.08341379022262,2.9706530130823,1.66229431567952,1.61041060201756,0.463637164581125
-0.262445891087316,1.98738759185819,-0.109431430449125,-0.00698361326400011,1.33680900959815,-0.947117102149723,0.332167895344172,-1.28529790034895,0.669507577605048,-1.25758257488693
-0.442973525586012,-0.651127148850643,-2.00885171689651,-0.517965289277708,0.634408719476569,1.04874045944915,-0.997610435528134,-2.05590799435919,-0.469202626577385,1.30820965401874
1.06545867364229,1.32321667534682,1.20644480234132,1.34268981465576,1.9614223222631,3.03649911539871,0.7758044330103,2.48500948667176,1.34824425325579,1.88258200127115
1.69014560624273,3.2304235195906,4.12096991222815,3.93723422460934,2.61718851051866,2.507245686926,3.67059419476666,1.6730447627971,3.63583378257466,2.54490363520309
1.47645650473759,-0.46901175371032,5.17614093796347,2.57040125655883,4.93713169705924,1.56387232180772,4.82429211068518,4.44794847269959,5.08562892415396,3.46123856054578
0.132919729641889,0.904761144043951,-0.45983089749526,1.72005853354167,-1.12596456088347,-0.422195360331362,-0.744064541241806,0.678501054833915,0.323665499634006,-1.65300105516625
4.56216435858912,1.56508725936933,2.44789591436099,0.779250695693903,1.23664989472079,0.938780498146124,0.999465765654089,1.36080648050647,1.92727222878355,1.89480234423856
0.728407938152549,-0.235970766229802,0.841167250599568,0.0548297747310663,-0.448253963852698,-0.181649867875519,0.520907829801678,0.755438084273708,1.53737410169132,-0.593053001570382
2.43049182124389,2.15737621488647,2.60311548331001,3.43242550246142,3.12750976345523,2.96562292157609,2.19088452690765,2.88739692934444,0.760389834717069,2.52876535563438
1.20597838182227,0.58837942656997,2.30758174320198,-0.265376924975452,0.477976798394569,1.1417235627046,1.00570423291351,0.958434976032991,1.01236499310012,1.11439094533883
2.40790505892219,2.38313224122594,2.6683945969973,2.13004591648694,2.7983295251035,3.75288841746185,2.37710644905977,4.15993523723833,2.62761773484005,1.64497962607394
1.94797224777,2.53751655786266,2.09636329708969,1.87397077256868,2.09587272491784,2.01938056233238,2.86778193419101,1.7376148676805,3.98717709794539,1.72550753203967
0.892539831297021,1.99416423537411,2.2161851141005,2.21899492142873,-0.440056280910948,1.95860339869027,4.52523578458052,1.0660927957248,3.59794110372778,1.60234549468007
2.28158942372846,0.960704665152396,1.25101957416989,1.8707667587538,1.68069710519797,0.629738197414233,1.05529615565456,0.314620021152935,-1.45387905581076,1.81218638740335
2.17491956520792,-0.828404771119868,1.48703553619214,2.80400335263183,0.31427995846242,0.498804696818843,-0.267353448854344,0.407543721170055,1.62594036344914,0.261647025138837
1.89405186611,2.10857620734906,2.11238860420356,1.87158197075383,2.57463120838055,2.27216699136363,2.20370148772726,1.36501973789506,2.13424506894996,2.85244907645348
1.84829276282829,2.64021784834996,0.76173083833895,1.03087984199033,3.69330631538273,0.316654986640873,2.24240300027026,1.103727994248,2.9002494359261,0.765423603265246
0.325629851543371,1.50337747332387,1.88136172440415,2.86531108267999,-0.161043632482598,0.909751423644411,1.29846479902977,3.05060400829066,2.53706733924021,0.894173929558052
1.4383504960995,0.472814500767008,0.895063563205818,0.155355329116253,2.13269320126616,0.299973450948238,1.37440406622822,1.46757350511408,1.71755407279111,1.47332115703599
-1.38574043401162,2.22067840982592,-0.535761557177681,1.16946238557891,1.45116156019413,1.69952706594435,0.375476641394063,-0.345410951978712,1.3044660294923,1.18299737182616
2.05629926407214,2.27776108201208,2.96661311428786,1.86654151984558,2.4524790364553,2.63186389584945,2.55659567175732,-0.0626615134129755,2.24561830049397,0.119208011573586
2.52714230769629,0.931568424360073,0.57346639180708,2.2046526423381,2.58720798697107,1.52259303789794,1.41985069394999,2.4810646863476,3.1336081791501,2.53181392761543
1.43065682946153,2.06824963250541,1.29326228430347,1.32654525790513,2.382820541094,1.59510260391832,0.409249408764045,2.05335952766819,0.982799038369474,1.92509252390217
-1.19873942995102,0.104946973663496,0.8854675339236,1.13109174831809,1.86222388703768,0.113025578332049,0.732730288302705,-0.167891580073669,0.799235465146092,1.30385840205391
1.32591863814782,0.414254469894957,-0.318679429648666,0.463554443974987,0.701556512094471,0.889124962053196,2.34249419386175,0.676591298022637,-0.031114865521205,0.65856561260218
0.759808377537059,2.01000236142769,2.59467827781505,2.21765693554152,2.61970976574144,0.626821161520208,2.9670613652611,2.42077392770294,3.29968170951868,3.78858419324988
1.68695351992275,1.36778882911064,2.58192419403872,3.96270473693465,3.09283711921723,2.50838617098848,0.933471976580306,3.04687724682223,0.694788104203563,2.28024253695947
2.1002577705729,2.62012873066876,1.20005369891042,1.15597043705183,2.29807569981452,3.85166439268172,2.13049453225091,2.00454687935139,0.969657293941291,1.0983524406733
-0.0740302607045544,0.937311018489135,2.43675343816165,0.349008866741261,1.9892469340898,1.54461126291105,-0.273506085858096,1.1147137552476,0.665976293539314,1.31650887746425
2.96875207749971,1.98500319312173,2.11517307742042,3.07198631900834,2.71475304174159,3.28976145066127,3.67481040281565,3.06289365203894,3.17194477257305,1.87862032106315
1.53997106771052,2.68011809294863,2.28946068568816,0.77531143299964,1.40432542997357,2.62720779347279,3.08866320877787,2.07033606681974,2.40853240398325,0.192485296511976
0.877982060016982,1.73813207951504,2.83274112585012,1.41651088769398,1.75709811988373,2.41699206549882,2.37004558090547,0.276686161149962,0.472649863785966,1.4849121250886
2.33957993052012,0.602530974887477,1.48117083002421,2.95952777036036,0.29062962707599,-0.0264753535756399,3.54091233308124,2.16402374274229,0.953902706961704,2.41952739764729
2.39067557900517,2.24075517421236,2.48084515791943,4.41406534644979,4.57417029186643,3.00691058161835,0.656217302834938,2.05419436370105,2.34949599896473,2.1504876350163
2.37017071651579,1.55743982313169,2.28378128849535,2.2625061029727,1.59888103477349,3.93698242153479,2.83243203792322,1.85970032466,3.47136659114409,2.35788261903278
2.20280005449696,2.54577048033204,2.35208280607557,4.01983093638279,2.8905084250378,3.06179116077249,3.10311723610762,0.77153505120731,1.89867104616309,-0.170534498926945
0.85450188739507,2.73781705638524,0.701705449397805,1.45002805222775,1.01137234367677,1.7692378334338,2.53065487613538,0.41581785456832,1.33965846754217,0.680414022293488
1.39483642895377,3.5685411482529,1.90064545832282,2.23100939160809,1.95881382261486,4.14262392095618,1.61200959884303,2.98902165913587,0.44695275813107,3.35493942105309
1.06897367671369,-0.0371426362349745,-1.29731379313196,-1.42847518519204,0.465047977992775,0.00964170176117897,-0.14913687840597,0.0129712875824418,-0.31697660586765,0.858978930077398
2.72569817807583,1.86812659322616,1.77701876695314,1.59473176652311,3.1888791261233,1.77544074178764,2.4183445305321,1.6888783391325,1.10471114543986,1.43324838721022
1.79134453851102,1.27682557669422,-1.73029977708106,2.10920859812504,1.97748492601117,1.32568660489959,1.95853434831837,2.22787141613425,1.29592804427408,2.26134622168175
-0.478791666938761,1.93556640329879,2.97856919437136,1.34137785227183,-0.00798192626905858,1.53875049684321,0.393396728641116,1.2357066035924,0.830681279171798,0.437472113482721
2.08849483820554,0.639975625336481,1.86317826796686,-0.234394250862378,0.146719558616194,1.81259552876082,1.33915480061966,0.240356332510049,0.444516676273484,1.79563198195636
2.33993970178219,1.67650219565336,2.49568858686726,1.3747923779843,2.01430954583086,3.72490658292388,1.65146312474119,2.0914364846912,3.01294776342161,1.96872476279908
1.71744639930879,0.338889770182695,1.7446826882468,0.767668552645775,0.356978077841395,-1.82778331992577,0.232733202320899,1.72042819624389,2.055484118941,2.53093248631734
0.408206341339301,0.324955926375113,1.90807188554544,2.32978410997348,0.855068559065624,1.39037149407395,1.3401673539368,1.75630622336328,2.93270193995688,1.14301835465402
1.64755769223795,0.267231022976286,3.14075850845518,1.4982081965442,2.11015571913445,1.72661857445518,1.45732664128734,0.666845268216587,2.17854133612879,0.877707846256485
2.82185844552326,1.41543134166091,2.43731099970827,3.36617302595859,3.05679684399927,3.64748595732243,3.08652771046874,1.55784940676249,3.50652220336024,1.78391152886559
2.54479025480781,0.614360073204043,1.43788811942947,3.0749468654776,2.00319313959068,0.735848786896257,2.49516082092969,2.83097673817017,2.1953086192904,1.54066215081833
2.38430606826296,2.88857005499067,2.45179200925588,2.18492285155094,1.71833658424034,1.91904135916657,3.47631686771547,2.14429968998464,1.7702789733626,2.28119151000732
0.752256238248537,0.796580218946374,1.82297977558393,1.10612474837859,1.55293017868514,2.21578545300086,2.84303832231789,2.05043344210989,0.711924883523441,1.90235280077027
1.20560676757358,2.07269783850542,1.92687969430007,0.497165949210249,1.34358991323235,0.911240171950084,1.21669355075143,1.26165702314321,-0.290086591796221,1.84541578164661
0.950495664845279,0.443267637842709,1.61974116983575,0.0209036446329727,1.1131347075523,1.0157467963813,0.347342703285453,1.43141603793465,0.328719301028187,1.20904593802209
2.26767033288189,1.46643853589662,2.17241855245294,1.05208864930119,0.273462629024902,3.12803637829672,0.109479008960215,1.54618666553727,3.09199042124804,1.99440968900096
3.18704574591457,-0.457291868719569,1.65636792398429,0.625546592256098,3.09297004199543,0.918702451487596,0.661814595797006,-0.189175095333882,1.0831818536677,1.10465960610115
1.95859942085965,2.00821572542633,0.76139492646246,3.11384671484582,4.37918810300185,1.72260714675134,1.81525732263421,2.42886155949322,2.8364806112536,0.980162905987404
0.316513644659621,0.956309946696928,3.50891590968956,0.3345161219301,0.534444674203757,0.893639819760186,-0.0170809556271065,2.58878685240665,0.485053886939559,0.886717051135869
3.28936266602792,3.83443062482261,3.69328695022025,4.21720147586741,2.19893419902462,1.85345815310399,3.37504204075831,3.65855760821721,2.26288133581076,3.45484840247667
1.29310999462503,1.92559120900874,1.71888959271279,3.0833117671613,4.04589151528828,2.51642492444743,1.14708100040206,0.00199202643192886,2.61132460902908,3.91417538450114
3.89428190207028,1.08193981541471,2.68878442458455,0.915099919181376,0.446662559335256,1.52823200051154,1.24861022856557,-0.427049292072238,3.26963691472429,2.27413295473628
1.33538635841698,0.594045238012213,0.840603026772489,0.27330986938972,0.216429416787747,1.81717025428068,0.719626998285269,-0.382905991656683,2.13113517275713,-0.155640697274291
1.07520040081366,-0.709500649995131,0.215966266554512,1.91282486574545,2.31851772989464,1.32339479096995,2.41279310608603,0.941781852501887,1.360493472266,0.19927511103118
3.23863638797042,2.75400290694685,0.905532925273962,2.78740728045972,0.341678331009176,1.52023564649331,0.476244601328635,2.89953261928636,0.723140039011117,1.48914939086821
2.68726610969858,2.67462925461265,3.39541046903201,2.3302587701439,3.41380721179221,1.95394178174919,3.91208015949381,1.48357181059932,1.85305306011636,1.522999709383
-0.366842549319565,-0.166786876832988,0.44190272293643,-0.839353911368261,-0.694153523645813,-0.195130707315485,-0.137350564935063,0.700187479926185,-0.450612740423188,2.22888473277812
2.59402388244098,0.857762335666895,1.27993825237447,0.479875018218654,3.22156711211709,0.309840170058225,2.46061517147337,-0.57912664958261,1.12093742302372,2.16938640032542
1.66830833606431,-1.35103838879677,-0.73486691966596,-0.39988937211367,1.56576239659643,0.0543355102968394,-0.324047365395917,0.581150405311013,-0.00273719740873771,1.08179797325999
3.05163138085638,0.528184749308375,1.42413952913384,0.598028220288617,3.80975496298221,-0.405332092361319,-0.325568886111838,0.986203101157582,0.0919274193440272,0.166302932835802
1.23868594824313,1.36967049953644,1.76189922458574,2.41014145919934,1.88271108705764,-0.484083459096036,1.17686710025859,0.731908268348877,1.88084161569846,2.38839749422629
0.959655082282141,0.576009821699559,0.683656930476871,0.858435483848006,0.894482936406269,-0.288639072808184,1.77535408896016,0.920272186720101,2.25182315513541,1.55967354058702
0.232184922954451,1.6444204082395,0.563030145636678,0.0128527588578656,3.31520337654578,1.63966408882448,0.263982034153058,1.11209952066651,-1.16419703513968,0.791720040809459
0.806042403905131,2.43941835719694,2.05092027412292,2.3121622197826,1.15958675492325,1.91315036312377,2.75440857142111,3.49550603229405,2.66366080241221,0.173757214946291
1.53068161226818,0.100935580664935,0.651144506406585,2.55832109881744,4.69793086691833,2.88320830319369,2.14730888932565,1.4688758608283,2.84255023696419,3.72641998158623
-0.0260056973356174,-1.02094292958962,-1.18996474864239,1.13022993492343,-0.405248935431376,-2.3327805986282,-0.864356697885295,0.80424451071671,0.016592084836637,-2.14964980490246
0.278436598336001,0.224260865826116,1.63219469550714,1.61076132339468,1.49597740158827,0.792110544932145,2.20894166485801,2.09382942773907,0.184725521604189,0.479499834117223
0.172798819531969,-0.181183832643663,0.138766297172346,0.764338689075768,-1.84401531617186,0.644851746833244,0.107636510596856,-0.127060537939642,1.33065202695609,-1.1666426329208
1.67444568990688,1.68133495571112,-0.789324766013077,0.0207871057643461,2.11459171207048,2.6525967731406,-0.287658337473228,-1.46824263420117,1.16974631778601,0.431118355993553
2.01833154416764,1.85442863209633,2.18786950328138,3.57322594901411,2.26137133424149,1.19916258407717,2.62183698542901,2.12299312251769,1.13054717494762,3.82533509123837
0.974561232182278,2.80462694534616,2.35275125997795,3.09667604840389,2.00273895360872,1.09400356566173,0.427150238729377,1.38614624183915,1.79895911511695,1.38649338864353
5.00652890400732,2.90512998003422,5.08210519160311,4.16284405709703,2.50659931510513,3.62574890817697,2.4654423722477,5.12445465528646,2.81292168896775,2.96053324888313
0.324710586828481,0.951850753075171,1.4681673728007,0.764279100574456,1.3844749857922,-0.444832670381686,1.15603102872294,1.47237885146408,0.500328829838955,0.0974123850737584
0.257415540933415,0.482489846083905,3.17157081113091,2.75362091073747,3.11706609273284,0.994842684700841,1.23626720197538,1.40618341080534,5.34345505271001,1.41398016119678
0.915318400409078,1.81378399798141,0.185995351164356,0.225806013546554,0.923840066374766,2.13219521147462,2.88867760605554,0.407890552131756,2.45145784212646,0.903984617826879
4.72338252375308,4.58257912922036,4.14877966272686,3.08687239314673,1.67782695997811,4.08926746839065,2.84322523910109,2.90622080519381,2.03535526661581,2.10374581940379
2.56348156175687,2.62210959638029,0.142642715652138,0.351462722792278,1.22147402736537,0.231189124639898,0.940037701238854,2.3248532944789,-0.770368337123111,1.4670065475475
-0.598281352441934,0.852403772222618,0.866011958637857,1.60983091038528,0.504286036111278,1.97640997522529,2.51913320807129,1.79281611340912,1.45255817559577,0.839604085564964
1.25171261784892,1.39728034259915,1.07234732602439,0.748900275102683,2.41807464290345,0.786864992432614,2.10729726368371,3.78954612505128,-0.0596820650154268,3.01886963115487
-0.0834077427663626,0.648095894320418,0.18868080162686,0.588623372771736,0.344348354086432,0.452463371333175,0.501424448791688,0.406928867325953,-2.50358031865383,-2.26455870692151
2.65351789562943,3.56485943089764,3.33235097941778,3.67153331964419,2.84091148131289,5.66808860276492,1.78433608165924,2.36230125770805,1.66943337899822,2.98117863411122
0.415984441283925,1.20664283953088,1.66930898601677,1.62754816548125,0.489382064945205,-0.470500029628153,-0.050488904279004,0.742101419085065,1.26666837856996,1.5571293357512
1.113798321324,0.291538980853787,0.779559558133649,1.37279514412763,-0.649114576408149,1.51786917847968,1.27324076132714,-1.20780532977455,1.14004042972188,1.36565265129309
0.978119649730875,1.21371943828625,-0.112265690902152,1.07043908686276,2.76070002501232,2.29535538788652,1.90819427258273,0.96011741566619,-0.324380847456097,1.59078222248265
1.57591885580277,3.02194745204424,3.27065286758531,0.643695245850896,2.02915081456825,0.719304713858247,2.70800905384432,3.34586400975291,2.55702932672712,2.88927407249269
-0.132522742906892,1.53061977477978,0.346248702823899,1.05062629117,1.74383452721618,0.305518921955265,-0.124414912625277,2.5906596425162,-0.223211935344302,0.893055354552236
-0.478899291262798,0.400157777025028,0.661478436222678,2.46724666090791,0.124622163688975,1.31358119231211,1.52809681812774,1.81373937408704,3.25329595462033,0.463699622844572
-0.185110740345519,1.20451116161156,-0.614505264749507,-0.610456614577967,-0.25328177672768,-0.330089235377808,0.329373199625928,0.377372673272464,0.811572418148742,-0.134779987790812
2.54524663292785,0.480292586677986,0.722331761481236,1.02587823614932,0.0925875181886531,0.648197587556484,2.1883788387179,1.53053716793163,0.759300584144105,1.12356164162627
0.830409088938653,0.90383429274545,2.54995894133715,1.64961469552831,0.253802733794695,0.395919264359489,3.41135547779918,2.64946850336343,2.81713067957437,1.23917252473875
1.35191941201243,1.5560804666173,1.10503911864812,1.9388300986337,1.82890814313459,2.13810539395527,2.89143457411969,2.85573270987837,-0.597402042678051,1.49522286439141
0.772138140009537,0.95040337114034,0.304860126925377,1.68549291986613,0.0199082354273521,0.426291056417223,0.0497667292515798,2.36989241233824,0.300578464749391,-1.34086940538995
2.92101212433418,2.00762670211368,1.52696050918316,3.29190994924662,1.48586844566449,1.53541745396383,3.49840192309627,2.21197807363376,3.40488919162459,1.63344808625828
2.85789562170419,3.1507436279076,2.67875971003607,2.72745303870739,3.07888722017706,2.91695673694149,2.28976830116643,3.89209075419119,2.60785024549196,4.07939831857339
2.74318630019287,3.14866967590413,0.489488007508213,1.84284684545471,0.761754353577041,2.09023667813667,2.72947877204363,2.28265749718968,-0.790343332964054,2.07093563055517
2.07335032128046,-1.09179052789462,0.794017998025781,-0.294250480463917,0.994528110181058,1.50520669733239,-0.920302802220496,-0.731786035858366,0.74687304225208,-1.11904794958905
2.38656941225488,1.11756246285903,3.21317307982997,1.84480034319031,3.47296569873943,1.52540781870031,3.56120901344131,1.29246699382771,2.3994414753683,1.3308352279924
1.64212934015592,0.904455080943281,1.27379813595051,0.378932482849416,1.07068188192938,0.246870950249295,1.15571425821651,0.5673458595888,-0.240662392917637,-0.353185038184106
-0.612176156390603,-0.866240604074687,-0.602913239755738,1.40005212675204,0.202127804458029,-0.477602925998095,-1.44017025744587,0.334108551033988,1.20899383062507,0.920785537293463
1.35402536282431,2.42702146138978,2.60901095890617,2.26840374753446,2.55489933189784,3.63645302499203,3.14279146180274,1.56703025283995,2.63553983959884,1.22877649847521
2.35007832157819,2.47303140347146,0.0133419650320227,1.38100750362963,0.827964343123972,2.89414022912756,1.35452131412166,1.9034508491382,2.72204774126419,1.30773520200277
0.613951402136191,0.956444147139775,-0.0347494276004572,-0.450570943835757,1.47857962391922,2.33300010477638,0.698120396394286,2.46167646826108,1.11473093549183,1.44989099655851
2.3044816242436,-0.116722127986737,2.36700658403563,1.0692734986109,3.14970296543844,-0.205134774959311,2.8973849053481,3.48064008226401,3.19805628407732,1.95007692231726
1.61269043913646,1.01304275849679,0.354252693632902,0.166086344506518,1.25537629028849,0.39883223172423,0.350693294858537,1.19207729518544,0.29608805874619,0.557554125642962
3.91620756388865,0.111357778690465,2.75613352180195,2.20675750343445,2.19299990722106,2.98192942895689,2.14605737171897,1.74297928415411,0.259313921448527,2.95097185730242
0.323609807519255,-0.477530008728799,0.724186256571431,1.78922249618678,0.333937409356157,0.761254494504297,-1.07508028449972,-0.340501914683251,2.29012862989371,-1.8208599185458
3.01268949225181,3.23160424938782,1.88804849204526,0.941853643306947,1.77497660472845,2.43124217483678,-0.437663360677517,0.594939048117546,1.01519690603329,3.20984646491263
0.603647202081284,2.25555621967624,1.40362528568763,2.6930003551622,2.22847191917357,2.58478787193176,2.33361755977897,3.47322850725029,1.05677707376425,1.38676078354497
2.71507034449215,2.65350570752808,3.27229965077327,3.77002462907914,1.65161992469288,2.30858466393603,2.03964868949999,1.79030438261104,1.84344138176812,3.66384660338972
2.33288276421459,-0.904089266887655,0.528540576735995,-0.0118997955764479,1.76590780136645,1.55976530350218,1.33992947951257,1.10714736490882,-0.307445901173991,0.659235072280594
0.804332008995952,1.12010041691212,0.623446975164593,1.26872650905401,2.06343742043739,0.985863500776512,0.714736167355934,1.05810330652516,1.25906365442473,-0.221290443808076
2.09611377998903,2.82479709037745,0.447303671037367,0.157772335719687,0.149266345238348,2.29758933584284,2.02465056494371,0.56168871585085,0.379972236360029,1.16291861089759
3.24388318361571,2.84909306497427,1.52393840419437,1.35240973954749,1.53058389938436,1.56452134238091,1.41140809054452,1.78444894579585,2.49472172552708,1.3797368769923
-0.482151098932452,0.509499863242325,0.0764573464629291,0.457970852172586,-0.201498861845356,1.27800758615365,2.05543176691951,0.908058402685327,2.1988659432589,1.72912453445674
2.92647890495619,3.08330541921664,4.18355000192101,4.50913135501098,2.840482048184,3.3358596382943,2.86324052957142,1.77864068346332,4.43080941140864,4.06143625011473
1.69417248479773,1.87058602679286,-0.00534192688844937,3.67550754806873,0.325557699910593,-1.28685048078275,2.2236723477742,0.920255457671826,1.97991677927098,1.34419209826569
2.89700865732001,1.3093996274629,1.19922735288154,0.115795808172068,-0.39145453568515,0.0350485441798717,0.500742685305576,-0.297987774778745,-0.403950315373373,2.02318178020922
1.35762996435977,-0.527167097713974,-0.426627707708207,-0.61136811452865,0.110204575297592,1.55906711246622,-1.56513004585581,-0.310566324834053,0.83957275363915,1.5776909694412
1.25642040810765,-0.868370499494824,-0.293408855997799,2.2353606991006,-1.61468915633849,1.37278321021618,0.520376214463388,-0.0447877733604812,1.07214698021056,0.609015755966641
0.0262307139906969,2.48994777308895,2.10030541556438,-0.054589726101816,-0.136733315774105,-0.410540190853431,3.41205813141864,0.337114689377062,0.856040847328886,2.39586774455737
2.50931374576449,2.01619975881921,0.131670972355569,0.305552639880994,1.94259854570126,-0.236639065926604,1.30905697229349,2.55517872524423,1.05264195961642,0.0166870905452804
2.81721959094596,-0.320963282033029,1.81809626187517,0.833202695709292,2.38148899221977,2.18329604235,0.629427999085172,1.80552816073173,2.52718236274318,-0.419039035786782
2.33423700325703,1.07319699186435,1.20366554021919,0.112611908421707,2.30722712875386,2.04762700689678,1.72817374311358,3.00309950165203,1.36668772737603,2.07920165425627
1.13995040097282,1.2832869199904,1.45497770544516,0.585647645446054,1.4653388413768,0.0765754093342231,0.342744312999111,0.574993910618527,0.318879498098819,1.52513751167107
2.93645981524678,2.10385024056492,3.09391826344362,3.50672838409408,4.91291751789748,1.72248603544124,1.51472822634173,3.79800514496452,3.80314884288359,3.23756874591271
-0.300619802738449,-0.108187780257458,-0.479121854119228,-0.823569021182176,-0.218587567126534,0.386426978938322,-0.567170727138725,1.29723696990399,0.26988695884225,-0.356679165406467
0.355407747577669,0.345422972404389,-1.37093057828696,-1.02090304948914,0.948091059549342,0.412198452351785,0.722519908740006,-0.475093022942933,0.127939152469591,0.416808445860245
1.9982524956254,1.24862717857943,0.448295497678413,2.54587024568276,3.06693496695347,0.732381875959041,0.935689970502143,0.639142162300609,1.24074656057248,0.110744348130845
-0.465886613923795,1.3353660321062,0.973864287202421,2.21032905396049,0.454997868859066,0.448146923075034,2.74659839770552,1.56078576982257,-1.19672721777633,0.66752251853825
2.73005699372587,4.16710128279074,0.637355679091833,2.46944054010845,1.86693171773441,1.87299161069419,2.10869320440825,2.31495256588932,1.61650829590842,0.908845897042185
1.11653405711968,0.0895687301196944,2.19881822453177,3.54781528547365,3.55422680086727,2.88635681248214,2.69808315062808,1.60370211688481,0.323988371504997,2.14401270593885
1.2909803858125,3.39034636737749,3.63806917224721,3.34712872620244,1.85132685495868,-0.175412054283376,1.7529296765629,-0.197715632796346,2.62733782399805,2.74548656183731
-1.35896026909766,-1.20435479061818,0.149162261361528,-1.11022025650491,1.12879503168582,0.356196430748346,-0.323898403250139,-0.287076570127398,-1.05116879002827,1.10840750697344
1.04876538612569,2.0824717997694,-0.822939268833333,1.71152502199926,2.27369117331631,2.37703202507053,2.04347902471928,0.110379035163582,-0.166665205102594,1.31056284084458
3.50402595340943,1.918228975933,2.53974076596391,2.24797627160627,1.06988604883041,2.01715854030713,3.29483326379193,0.810660851614913,1.62970477835018,-0.392645440181474
-0.0665924327058842,0.0563044077528358,0.473042513688343,1.94457143544229,0.167291837566757,-0.249969427244241,2.45290612742839,0.861083305183371,-0.166630842434834,1.32253629388785
2.46061777222158,0.935393737033816,1.06683596893671,2.6126298360484,2.7075143400902,3.24679446074126,2.42272725973525,1.69338555695635,1.21067933023854,0.503959265121775
0.621083686762128,0.808616308135697,1.10569525454772,2.00743250427763,1.39846925142841,-0.384775295154752,0.356387289388792,0.514877031399008,-0.381469346095709,1.23215712801554
2.38781686046609,-0.66092422148598,2.82814349047152,1.59836608798348,1.70983533591202,2.68174244455482,1.70353794612841,2.67526410710472,2.27575892276966,3.55252626986641
0.929874719685922,1.50915390698828,0.960916256966408,2.02359747505187,2.43169400489701,2.30264026410983,0.998202953159711,1.04438138653524,0.910483509889589,2.04481238886398
-0.306699170604159,1.47763283073057,0.0997383205957245,0.496158439165843,1.13933233944848,-0.263854637591209,0.849230252835028,0.0659128402619661,1.8696153487109,1.08697419264388
0.613964354635012,1.38611236532323,-0.493128849777523,2.33301113538352,2.3024136726174,1.1093280759385,1.12933669361691,2.3663820008264,0.920952028876514,0.872794388280923
-0.396065444018443,-1.04452774199297,0.972599713865867,-0.326201341186978,-1.11196782841492,0.693864113083524,1.13347756547918,-1.10373493880427,-0.672943539984436,1.07938217123382
-0.15386561066309,1.14817738882404,2.47345820403961,1.27692064877308,0.368370267165461,2.23307270219984,1.38200560343731,2.44121507930066,1.68111086485193,-0.664756656759577
1.38742570395964,2.14933004199782,1.338069225806,1.6061766284823,1.55911278708388,3.43063270125326,3.61704435612516,1.83945324125907,4.10802560329758,1.70408054512014
1.34119542681097,0.166718556003759,2.33461091310975,0.501757059655425,0.55015864428029,1.66268468484555,-0.359877933522755,-0.151601411777621,0.907745269744879,-0.751413562885831
0.331382709074871,0.387014414620583,3.02387777095857,0.345365885765749,1.45584257434043,1.45241556979927,1.03987897168267,2.46538595538485,2.61063261924336,1.14163654390538
3.51710098147945,1.28027065654222,2.0414735750683,3.65651639534657,1.93771370348885,3.64808276533847,0.182101516889511,2.00140109702656,1.36041149592467,2.15606562193545
1.00353648964837,2.22308177821391,3.42056361635915,0.0549651146965896,0.909954786236287,0.295546154677818,0.626736059766292,0.787400967639934,1.5657540819869,0.707180580235225
2.83667425198931,0.290707331255353,0.463087702428806,0.817298483214361,2.12211277455771,1.8742417481866,1.60158113315188,1.4860230113708,0.753712678664753,1.01656402736475
0.0687537599941956,0.669662233399499,0.297913174168771,0.464174495872498,1.62202390403329,2.98393911346684,1.69636656325869,1.35346200615861,1.85158110394964,0.558583975087523
4.07768587074814,2.37689650629079,2.14894688622493,3.97350367631507,2.58496222610081,2.1928298121955,1.98039145545675,2.6047581489749,2.49180837043816,1.7320217553487
3.9088244188405,2.04115417808246,3.12549773672349,2.67613907324567,3.00845015515017,0.79712302920995,3.21487159607963,3.88629784245164,2.14730089437372,1.8126230502753
0.848998348009559,1.6538553615276,1.14798680337565,-0.54532176042886,1.3753177767607,1.10841779614132,1.27804522873671,1.89678910519332,1.99791044343795,0.287602335664372
-0.55246282263476,0.91953960962485,1.03428056512318,2.21540492096511,1.62073121649344,-0.00227822181283854,-0.145019989750509,1.9576528084864,2.82452902449932,0.16577046523331
5.1073302457106,2.2428837547631,4.41926741008755,2.86517847932296,2.74540782574294,3.4835599267516,4.44523350049845,2.99735216202984,2.86983574288742,2.75109841905496
1.55712468827016,0.886403008998318,0.923092066387114,3.38958342659813,2.26524679843688,2.49232815252713,3.20956857321995,2.59371947268774,1.21856328339416,1.83474152550699
-0.678875067437656,0.724459398051835,-0.0259976076371566,2.33150208061637,2.92522048543304,1.00316239669371,0.124013468162262,0.743373832180927,1.9461812691988,0.620117376843536
1.12806677881157,-0.584371945891564,0.49070597735685,-0.241242242087739,-0.117391625186787,-0.0388075591164878,0.0690438401505313,0.617914202161481,2.0456395321703,1.22596727840242
3.93456096363968,3.4867599096447,1.76763118612127,1.13146120055614,2.2305485471007,4.24927620649956,2.98994968139068,1.4858271880302,0.502518280543921,3.0329800403581
0.69624337088999,0.753992098152098,0.891415934712273,-0.8844857843304,0.11150343773209,-0.255442720713488,0.405244194878015,1.10170260855529,-0.886972500195794,0.758167496804594
1.6776435178695,1.21729380667622,0.302875160906022,0.551181029976194,0.515609192808212,1.43539638949451,2.40325187371421,1.36059855454584,1.05645716070927,1.45342879094903
3.68144986306052,4.95148876423982,2.80810861289279,3.82308103388142,2.23328186230189,4.58079009782918,1.60861456666573,4.2906500321732,2.56668002153682,4.65233688486782
1.76714584892857,0.463781057244495,-0.505863174477101,0.960786063528843,0.485887961908008,-0.486923655096046,-0.171626586684363,-0.995987869498201,2.03204494297185,-1.71742534851211
-0.0801099630881259,2.15254508473516,2.17853322544338,1.34585768570758,0.830481570298925,0.892120579526645,0.0265998055602212,1.92044431006607,1.10625807836611,0.975796805295773
0.26968405162058,1.9518449833607,1.04527980006957,2.15381848204109,-0.212772925432523,0.828329366180216,1.14652913892454,1.32719792650288,0.58063084621048,-1.35082172007301
1.88185284824314,0.614088848022506,1.94676280625297,-0.169810161611644,1.80776109791213,-0.150156237671002,0.606382208023578,1.62233802999222,0.195632656413521,0.878489141657042
3.81716624038817,1.44384636348192,3.0822303315305,3.00025446910732,2.96336523840268,2.77541584981374,2.44769424314457,2.93231034418126,1.45675496197313,1.89356089018849
0.795382188473607,2.85538481000739,2.09501847476979,0.883937704247651,2.32229616432303,1.92360968012829,3.58189055468587,0.627327116376655,1.778722720706,1.33892499494115
3.68087347180589,2.63197390759212,2.97110352935705,3.18792710541605,2.30224396011728,0.328229469214322,1.79508400304982,1.07446563882212,1.49457221235401,0.158278625510086
1.91797118365094,1.36796228553883,0.545359759099096,2.88562323874542,2.13594307692305,0.127033099164475,1.67591901987721,2.41092513788145,0.400292452262723,2.09408684130683
1.10371132889343,1.47434794188975,2.93166802809817,0.656762564405457,-0.706287576024938,1.36318136978703,2.23486449252601,2.02058529377872,1.4017903872828,1.90197387105676
0.415464303112157,2.49247495934892,2.14856254638555,1.69519384282212,1.15005444700912,3.92558994468236,3.09310079536971,1.68561092156133,0.655008752124208,0.59638636115762
0.605470604027001,0.745382960573949,0.289354743732393,-0.318929140681106,1.64427680406928,-0.343149573177671,-0.714575238934663,-0.378993177067249,2.55759951787728,-0.00846212774378947
2.10622669346111,1.92581349621742,1.25363844995825,2.80351371767231,2.25006012585682,1.95208892641063,2.34947949961886,1.9334792568173,1.74843770316044,1.35650303039112
-0.562757404713942,2.01768524485898,-0.328871339151912,-0.255620608679613,-0.767911588736608,1.04640927858671,1.18128765801758,1.32630959368272,0.712015379605309,0.98388827860385
1.34846553442607,0.536667283868564,-1.00719844790858,0.993432441414873,-1.29381931955036,1.99590761153349,0.768243636391714,0.295746284198481,0.888017540118946,2.76125622619937
1.16495485255196,-0.326829439646172,1.33659183117997,-0.995556073003694,0.803204434405422,1.65624631140513,-0.48793414119237,1.65111113327067,0.710119409983444,0.72424933688822
-0.00271494806097322,1.03114280553279,0.646186179413186,0.0742219960374801,-0.0149425757000416,1.57745785917655,-0.228717068031136,-2.68808574858557,0.597419504330378,-0.758248837419405
1.44024548535107,1.89002935040324,1.66332283536365,2.62054012218887,1.26674937505065,0.364585568343964,2.20944664620436,2.53583476121369,0.801627388499124,0.685107671014516
-0.0594761426268115,0.502797100894967,0.389035356692528,-0.855160948993608,0.0873171874469551,-0.858199858759858,-0.250281685040639,0.606264548540836,0.136380460634594,-0.415404656055283
4.70187888922986,0.12859927919741,3.37337634582666,3.15397532731806,2.89524411536093,4.25485367231472,2.54386906364402,3.27429750622226,3.14254896799145,3.14377455437402
0.917882388603347,0.480559024052838,0.874239383216237,-0.650562527275837,2.3390096576717,1.03395846056582,3.53209735421855,1.07552508265235,2.61782786694428,0.373264458194691
2.27717105646282,3.02468001041541,2.19517615407245,1.68106020675831,0.904579070178753,3.99229007189147,1.97750529271339,3.12886980168737,2.16626732742749,1.6933683153278
1.23210783829053,1.70497569713465,2.18936193968893,1.7488803886974,3.12431304805409,2.93290008835742,2.41519930240671,2.30825552451497,1.75910034797599,0.459436394134788
3.17459601938932,1.85433535376766,3.72748473671501,3.28517930370219,2.10753325503587,4.47019124399129,0.789655063551936,1.47504654033813,1.96324447087736,3.64649175335199
-0.796143705972466,0.385922524115339,-0.989317459854794,0.737302976855046,2.16967353310433,1.96998200649447,1.33591036165736,-0.861047865360814,0.799934835229818,0.712689416253503
1.78958962722957,2.11161462190478,2.35907981220012,4.65020971273394,2.99906997672804,0.977798014284974,2.64881285971385,2.88590951697105,3.70792076755046,3.0507719988283
3.2451015582155,3.87362211743385,3.54934639927834,1.84099492671827,0.613769345990769,-0.0782010451816499,2.41700340280407,2.21796273508738,2.0257118229631,2.82765446160339
1.81819741481142,3.22150183528315,2.94308403454529,0.243406400941393,2.26614148490429,2.61557468312008,1.64439510260705,2.36084985729798,2.44991875973389,0.921765184145495
3.31301645315209,1.79082325041774,1.66892875278595,1.75423376873382,2.44749578677733,1.41463798407141,2.53978900194776,3.10552556070473,3.46587229057247,4.87745428243088
-0.0859547835960819,0.941107356906944,2.47881676244001,0.621127520211161,0.221838570033798,0.453451767014799,2.75585398701475,1.78670102238194,0.419189260729909,-1.10310737166158
0.427649065822402,-0.109526834846683,0.189102733381686,-2.36193321878308,-0.582689840221591,0.284950073551707,-2.77793702966889,1.09963410354341,-1.33218866025702,1.5631524285172
0.916869720921175,4.80811833112622,3.16201092474017,2.65139645555247,3.8185920828439,2.29964235388107,2.15666392162973,0.422171925832086,1.38313644731052,2.28861951474425
-0.0542911067787537,0.0606097476741385,0.954659379649504,-0.641788539168664,0.208114802587061,0.0410458295568864,2.48420704604713,2.35424113776066,0.618172647817667,0.849914205412666
-0.0858693360236544,0.902457168739677,1.21072480008231,0.285467574173553,1.97762293045203,1.93702341768099,0.204490601499319,-0.595013945116442,0.311048883992605,1.54668686854565
1.78286403130689,2.28354043482184,2.69822712668081,0.785727028388786,0.594631031303977,1.89284056906158,0.280699419895571,1.66697948890301,0.547203397531672,0.0818654603714086
2.54964918013779,1.89649834234689,1.90838401616281,1.67515285049996,0.511638061323188,2.20337304963279,2.77273881717777,2.6819927664572,3.04523148402049,0.91964840297523
1.55434595338661,1.92804106696745,2.68598735804763,0.254588779512373,1.33391652936164,0.898317121068896,2.97836723509133,3.41637635182075,1.30436687009919,1.92321873593081
1.08879203907844,0.367162941715894,0.575375882488851,-1.31234587442898,0.276576425351413,-0.357504606586476,0.553372214000748,0.330094812970396,-0.136628913495745,-0.321304063059429
1.28599954610393,1.27891537100474,3.03684765889712,-0.484165974171068,2.04247218572251,0.198470386536158,0.250891326980458,-0.0374687054755747,2.31695567313844,-0.71260086696488
0.00210440600149131,0.215149669610387,-0.752118574853152,2.23486726749588,1.90316436234942,-0.19689040715292,0.856408815675998,3.23022391348906,2.17202958131602,1.97397419278318
1.18066588165054,0.737275510960868,1.85412655485585,3.63077061516709,3.34207701580237,2.41419209889568,1.46564211066771,1.91665393407037,0.694917303689051,1.36599950081752
1.75926081795417,2.3368026147338,4.33337304890454,4.45750286077391,3.93984892337031,3.56766976678207,3.00188416972782,3.74619277300622,4.30243628637674,2.85278371162335
0.0842183730870244,-0.733113823027835,-0.484639785338356,0.970629984741988,1.20291145350221,0.466152428311945,0.487437838934952,0.695468929330758,0.152867035624064,0.649804123092043
3.53370767173222,2.5472987956942,0.520174000988336,2.28999149009087,1.46264702150389,0.357710570189201,2.58194624439174,0.825457078779338,1.46358005382115,2.70756943903823
2.39134257967992,0.384191226950933,1.40498891431129,3.73565966739335,-0.88396853064803,2.62066942186716,1.25168238531258,0.53990984208991,-0.687316254063215,0.113580702688477
1.00697403829455,2.81617262132642,1.85158197423935,2.14617476006227,1.71489473510071,2.31062230485637,2.23083445887732,1.67230511797046,0.867966404664082,1.81873877966587
-0.461289785429731,0.881618320263203,-0.0172408205085119,0.380478179864523,0.566374347555763,1.69234023115915,-0.199361571406348,-1.08012192983541,1.0381143582195,1.91195349185438
2.75505371477274,2.33318319828747,3.10528458451504,2.78762726921901,2.00454639449411,2.08883125641335,3.79435817060475,2.6503235885831,2.40946812075476,2.22547925538739
3.39066335845116,1.55970604135821,1.1653920113305,3.17010470105914,3.51702597690682,3.06191870871164,2.79997655844864,1.32939903662195,0.711495230244596,2.0748603604
1.34729531258664,3.23123112289809,3.14101513982043,1.9257501998086,2.149138137383,1.10871386257391,2.1811952941098,2.91635916616046,-0.291629335258783,2.73694893747291
1.03510902239899,2.55833761930329,3.76037995908485,2.05998159207763,1.61440664444787,0.592316421459852,1.4721611718195,2.31987775861671,1.08701645107346,2.2431789138147
-0.654680879901089,-0.923640332767902,0.698126293687125,0.807591399975943,-0.946037995375436,0.433236765234372,0.809397790674743,-0.366825034883345,-1.8070093945343,1.18756048291922
3.92944315467778,2.44790903459589,3.3883192217681,4.65042467635475,3.68833414160989,2.42015043158068,2.85679362095724,2.93473768265041,2.05511608427113,2.93066902104631
2.04985506750518,1.07750286164893,0.841266414253763,1.67426404904024,1.98111193669847,1.5728840109967,2.17301571994557,1.56038634194574,3.1700567883573,2.66485890380981
5.03036122983555,3.48295708049818,3.95495992996541,2.41821468573077,1.57838978903163,3.76615740757114,2.46490067555505,1.74563238462048,1.77414168677273,3.32888307489882
-0.737046835230194,1.36763482930222,1.40084318040571,0.699590716693929,-0.790271630098783,0.924658422911465,1.5758743584387,0.521960512072608,0.635926563613013,0.125592003336942
-0.259243246915649,0.165007848508597,-1.58281122963342,-2.10531100159378,-0.459867415571239,1.0465967914524,-0.951072419825572,-0.805553076707991,0.500361763733898,0.317193356902013
1.17761880248661,0.367789058224248,1.6217970840316,0.571444945464719,1.73656668640898,0.905462043888006,1.04359231399498,0.151536650397053,1.06667928212697,1.21355644265356
-1.4895039625402,-0.470369104547032,0.2795461427695,1.76885494282619,0.354949972573827,-0.265154243686814,0.603391966723576,0.104894654404119,1.30692509557264,0.584061451755203
1.54956336275489,0.980560330472589,0.966169074862377,-0.424551574932131,-1.39799120637002,1.21479704057301,1.32451695899291,-0.0985620311752795,0.406394091836883,1.55875912721834
-2.14355013107402,-0.0448017536128863,-0.753136295447919,0.485611707445231,0.0363469776300295,0.67164305671277,-0.171272802381751,-0.513246954645309,0.995631345177168,-0.525350547877428
0.962870117711468,2.42255418089265,0.369013391770555,2.47881087369602,0.879519009705896,1.51212440873026,2.41253353177211,2.77141959677641,0.251368414747955,1.50090434146469
-0.00665838329830515,1.36565335015349,0.616521485407894,0.670459726158029,0.937972735256523,0.551864191081091,2.3288506615812,1.49688781544602,1.77109956674145,1.3447731481812
0.873842267856309,-0.634619518469322,-0.525403603588389,-0.323286611782102,-0.836118373569705,0.813912220678883,0.797536973527027,-0.10988397506655,-0.636152531544246,1.07971380315781
1.01727355534404,1.13011358950364,1.12368553042617,2.28023234629202,2.02911492239098,2.02374191976985,2.06710759799006,1.51861438680445,3.39164666122266,3.04364996869787
-0.355288503781127,0.773040863085649,0.39468976180208,0.353559367118153,-0.54706458814093,0.967044711553908,1.25899400100388,1.52959548644985,0.160988586802966,0.412049399317245
1.86357668761046,1.26830015088405,-0.736458512508409,3.0515629454225,1.80594449403341,0.71989084906783,-0.96230350346288,2.50900599367376,0.81444764996566,0.67568531036296
0.682927175298415,-0.600251047537114,0.961149835601029,1.64089533897609,0.877631930788498,1.96243670865187,1.12427537819845,2.31573879288013,-1.39648954103324,0.833387166527548
1.29954392645231,0.25064160584295,1.62687251420763,0.112149245428804,-0.357247916705635,1.60580939966508,0.706365256938304,0.97458444609487,-0.439551961884511,1.16601359219095
-0.377333003795495,0.373410880850897,-0.0370643313052303,1.41023086887243,1.58377846084537,3.00778783221448,1.30389154720964,0.0412227123429895,0.617892089245268,-0.562032175563178
1.68150815220918,0.980271237712405,0.8805350655011,0.704417279596833,1.59785916274515,1.14163000243736,2.50977585231167,1.52353643883347,1.00692351233227,1.10242582030301
0.953003953536508,1.88170543159517,1.1593097475732,0.648396664772291,0.015736662374967,1.1707877246365,0.364358039869293,0.85141123314021,1.68166506639342,1.49318451234789
1.97732258244959,2.1263715839379,2.87539769030742,2.29911361139499,2.7050632884262,0.963183265674489,2.53934054991647,1.06523134774855,1.65797495296503,1.67883601741571
-0.484481074990937,0.232783612581171,0.0364719787346872,-0.514838201433817,1.17403505582736,0.409473448280706,0.865416621765821,-0.923511749644299,0.698013044543651,0.413272394687944
1.85143156523138,2.4285684062127,1.89181975374328,1.03098466315984,0.499399523568538,0.458378675027935,1.07559906336756,3.15965292568946,-0.455673520640846,1.83309155493858
1.41514809173549,1.97046120266094,1.38516122231792,0.020113391853618,-0.359354714795808,0.250973159187141,0.217280464087114,0.982884781852144,2.00710188645263,-0.071388933072932
1.84846577028514,0.738354943120021,0.0386754238477135,2.09501096408236,2.30437708288226,0.570765461203662,1.22286609770589,2.45765504072311,0.998423162714357,0.88499144791938
3.09459127097328,2.78507719599581,2.53762616595725,2.32347962382164,1.25601651248684,2.59194907376975,4.37864300978852,3.70362382236718,0.75064113226816,3.50890163914186
0.809705115989408,1.23481586829406,1.0511772860971,1.1621203085542,0.599381436678366,1.05794846701818,-0.355658898642212,-0.0428646361351464,2.27657014876812,1.28282592199801
3.00769192914257,2.97484307314924,3.33430210740896,2.74967744688991,4.05353329775972,2.74791887924232,3.59950327808294,1.68606467494401,3.14853953623668,3.63291707425008
-0.109882725769274,3.32004295065783,0.0621625459281164,1.50832870525287,0.853682816724796,2.64691270915092,-0.216769226783888,1.37498055830468,0.718851897944827,0.512544367300167
1.91684767422759,-0.320012265266415,2.1234435717212,0.466560246115842,-0.561836847505548,0.611056039946218,0.331128525701141,1.0567480237837,0.134970753595518,1.59403313478791
0.493285087906026,2.87659057332316,2.61726492221403,0.67698728617239,2.78218342738167,2.30354526931123,0.739812187691312,2.85732820643823,0.714996468011537,1.80741651496375
2.25539269486398,3.08326902824505,3.47451691487139,0.671817214770171,2.10156212337351,-0.0565359085629504,0.855398282160073,3.45551501210688,4.2323404751813,3.10412852642128
0.875246333167098,0.685805723010537,1.29623741682868,1.7385181952607,-1.69361039992555,1.68313463172067,0.343239626431168,0.98514912524712,1.84008941377638,3.05920153190401
0.184781070623174,2.02087555904094,1.30079915336478,1.49868028354066,0.481276790962931,0.937198335864347,2.06561029685025,1.27059086567946,2.60140938559397,2.85847472432862
0.929618695140102,0.130944397838971,0.577677545247639,0.955039330674758,-0.392448282007759,1.70622992523784,1.10761206396668,2.46571921035241,0.375524684836201,-1.32148301603388
0.22316912508622,5.01976000980559,2.70823178039237,2.29567898493009,3.74038490074094,1.38192182849847,2.37581392462592,2.10001641988995,2.62427983312749,1.65150644239064
0.219135149542544,0.993107523974084,1.10444780121573,2.10442622655125,-0.0370683596655905,1.77180331102668,0.281030817818449,-0.343330562170211,0.943047673111057,0.835181870108188
2.77389626338806,2.89042873965441,2.53633322395638,4.76273316184991,2.90539491729005,1.30294989988657,1.30787969044589,2.14853941870905,1.53387985007331,3.13078111313771
2.45946770533798,2.24981195999415,1.89688167397243,2.91591414570446,2.77377375733305,0.00418834618710973,2.13756678819486,-0.0710584944550017,2.19034513827506,2.97805253280324
-0.0621248918239996,-0.169034503348703,0.242922850802294,0.972864773436726,0.163528988090214,-0.0292445330711426,0.198699707736267,1.14980100041713,1.03176594925037,1.5545738168814
4.11349538745247,1.15165081482864,3.34484512555966,1.68443277383037,-0.487261727937541,0.0920346426274914,2.94302332682359,1.69572123494544,1.81772142648486,1.75090693462197
3.27189551237028,0.237926484732197,3.74152445742289,0.526552120571744,3.70413299225318,1.92491448588739,1.73858813619939,3.72669997704153,3.61180438117085,0.942885879040027
-0.336118918917616,1.67620915600739,0.922360817344543,1.50573727626053,1.61454378902304,-0.905628194382522,1.61572297647454,0.640570331974199,1.1034672237565,0.883002857373929
1.73847616773103,2.45771741333474,4.7634521219498,1.52553995003932,1.5237246014539,1.96305605015441,3.35798447092006,4.05981463657501,4.23622829953435,3.04335174862064
3.8986053683876,2.04911178779318,3.03062133780495,1.58415315356706,1.81583959540636,2.93743945917418,2.45007582740634,2.64074721773542,4.13556517784817,3.50685141065957
1.67078342265665,1.71684662215947,2.15360428375586,2.18581689801267,2.44417497314724,1.86618892971708,2.37887959429564,1.97993235716806,2.81912309033766,2.01089973604372
0.152300419390143,1.86489257126369,1.07375614331335,0.501973236198393,1.48806692969539,-0.102703181280308,-1.06512204884747,0.766263179827845,0.783133033719466,0.334722598314994
1.72317319800539,1.90922872663829,0.73626724127408,0.541931354425075,1.62460971692286,0.780800708129421,-1.68600975484938,0.570574595711246,0.751215603967858,1.21231861514279
2.03014730370822,0.865663567754704,0.250071114391631,1.75762345918133,1.67305101086045,-0.0938495221239888,0.745846852717223,0.855839470181866,-0.809030821378075,-0.388141953322156
2.46841227416255,1.14438218423785,1.86011369834176,2.36024893622947,0.841465392618926,3.967362741393,3.98443961848996,2.08633636331627,1.26572022942222,1.3510334945158
0.501754740517451,1.97623124825554,2.2713137093096,1.36727778791217,0.663992608214942,2.08698452571481,3.20768524684987,-0.243963737145618,2.55715361337295,2.90251080321906
0.256863544196858,-1.03511147119569,1.25908365925836,0.819114995149358,0.0971984734439683,0.476766941811461,0.910368384484059,1.29671150047369,1.59102933746239,0.914262313121885
2.7577034409902,2.76990514007287,3.33422194934194,4.55535291763775,3.99713279160911,3.04147824018977,3.00155030747049,2.94377395412132,3.46169435110549,2.89319270069292
-0.157116810369038,0.422451163532255,0.331085275195859,-0.720414686976085,0.397523306763145,-0.355855224939565,2.50497195836793,1.44747646801519,0.618286813973552,1.08768594683451
4.38067963301111,3.80673559039146,2.85737427458679,3.29627031502103,3.537032436683,1.07093768048732,1.04486013842219,5.49916479173161,4.16490691061615,2.13452636202145
2.1743647755071,1.29447847403774,4.03550456185709,2.30105689458744,2.22126622881809,3.09202666699761,2.59445303013656,0.11791078397587,3.72632450153632,1.3260766917507
3.35802323359517,1.7733549357689,2.12878748599959,2.69938501790623,3.7302315806441,1.67613518277994,1.60080303793448,3.32533375473107,3.48340993829121,3.05793789860026
3.29536244559653,3.30090553153048,1.51638973487029,-0.222273084590152,0.727246886704086,2.67535439299204,2.74912395129626,3.05068258701924,0.811524468837195,1.19993098470663
0.684785100099097,0.473619168697556,-0.708535296289869,1.22783011395874,1.51953591193826,-0.58491230467508,1.35246440158768,-2.15531846499409,-0.530988040784268,0.200775154616302
2.90359649565092,0.872044181263999,0.921779677860569,1.37209491975667,2.21065242761404,2.36162397101023,2.42764549865379,2.09179223280369,0.981554777035666,1.68859551467336
1.82069993699814,0.790175406581444,0.245212615847688,0.485655291182137,1.76668293689839,1.73825996657857,0.822918050735286,1.33624665672417,1.12141401030283,1.58362853367407
0.454230759553083,1.1282673237491,4.69874606779343,3.16276534442268,2.26881119640706,4.43234962523897,0.492520082193233,1.19959187827901,0.601709938899341,1.86734283172799
0.852216978096946,4.51309815401321,2.71446487314631,3.62722055933101,2.58364822570436,2.87478467474299,2.05732869426765,2.44284619966176,3.26051553347025,5.45241772243273
3.09245107514823,4.00536962198745,0.979174572203692,3.0294010039563,1.70672158314491,1.08292699800251,2.32038671761054,2.21005270645178,1.40164650933267,1.26291427360372
4.34310954025764,1.39122757000047,2.04646947269026,1.69312907407522,1.9700078035995,2.21270457868524,0.756154980025426,2.12035514981706,2.27310739251294,2.30815404320133
2.08360599391178,3.68373382628485,3.58855053731554,2.42725765559626,3.81022661061227,1.53338442169086,1.24295367354427,2.29314833495875,2.75548943078276,2.51478851443178
0.364443933234598,0.0878273353711545,1.92810298992998,1.90719433937629,2.96238653296937,3.63188996440065,-0.341073908918501,3.84710810307757,1.24388715139588,2.50285426828976
0.858581296532574,1.16244226453573,-0.0956110850799927,0.827724738109274,0.234713155711065,0.341041511813228,1.56631827793169,1.28339597917251,0.603041010825981,1.80845596081755
2.28099985503862,1.96813909989224,1.43211934422624,2.33547169454343,1.95523073919144,2.02686254531021,2.67810272672133,1.10901863150541,1.70702331853345,1.51662183531462
3.12002935414593,3.53735216466189,1.80199949050401,0.583061059506081,2.61424247061235,0.873947636185852,4.46931833047836,2.58596187969109,2.9004849339809,1.45632211880133
0.973021564651761,-0.119237849969592,1.75970378339675,0.717166427434362,0.478429022577288,0.81115791392073,1.3035095752545,1.01293302737694,0.845878551519299,1.73943256477395
0.19360915876247,1.3904712224196,0.797372475842861,2.26709810224459,2.37181890471781,-0.0286210493543724,0.411484387313889,0.864341559070758,0.996853702322251,1.30481909884266
-0.211910723326108,1.31810211990014,0.629501116641226,-0.988702999953023,2.53267472915385,0.195376127589438,0.658855203242739,1.11038417969569,0.339891327072459,-0.768070915526928
3.09360999191034,4.3441986234321,4.30687889236998,3.15718495332568,2.28180279751588,2.72825099575844,3.57019974255244,3.4765463697903,3.50640801739504,1.97123357865113
1.39180944130482,0.141880160230311,2.24809057392146,-0.743992177435911,0.196225438353794,2.33058157564115,1.34792034043599,1.81463409724279,0.95871354120584,0.433662798770169
1.15116488495165,3.35055680941908,1.9482345939549,0.248322355196498,1.82236946083949,1.85672292402309,2.37983886342955,2.76487579362852,3.69546017479137,1.75401042804045
1.34174234351253,0.197409282222508,0.496296835907592,0.177110628057942,-1.62795641658863,0.666472294334417,0.20877052265707,-0.740285345371135,0.219686714276021,-0.762425408610237
3.16489756889513,3.29139874075648,3.20828696153835,0.955980672305552,2.21998347585246,1.52246595810113,2.03570062074179,1.07064411823169,4.08741391304921,0.633350370213856
2.6677459158052,2.88487776463833,2.37693542605509,5.35360010943781,1.81436510925938,2.48884872223986,2.11923515108535,3.99931979736078,1.8839993625111,3.13804797049895
-0.295486498860235,3.00846534916614,2.40987898792359,1.21988587872021,1.51997741479651,-0.715777008364568,0.520308410415469,-0.0289179744301042,-0.88345438720847,1.37306507880103
3.10751779491428,2.4118410997734,3.09674645472645,0.833315308565156,1.08630835858941,2.50384837232107,1.42530889520693,3.27244132026724,2.85560388468621,2.50541301822268
0.851011369306373,1.05430118579925,3.02711615639312,0.807290608033255,0.329210376161973,3.20302308963415,1.43319286976385,0.168286460455977,2.17964433094733,0.355726212208282
1.75336349944058,0.930461200512711,2.29612205984962,1.90694833799486,3.88636044672928,0.125207788214311,1.95858777646901,2.49592925955785,0.644367972166322,-0.923371530285585
3.35530056919226,4.21670311573795,4.28384276280784,4.35853598760518,2.45722440607202,2.53207592291911,2.61910430511592,4.06590706735028,2.57664982166535,1.53533773372887
3.70215326660119,4.48269811617334,2.02157516838349,3.97701886991157,3.11750809764543,4.70509081921223,2.76936018771371,3.46784802922027,2.61029404765863,1.99638183823958
0.204076272382567,1.78283640093266,0.344427710928954,1.24457472348273,-0.9437805700677,0.942915232235079,1.62049983426622,2.6387690758083,0.79549058729567,2.88281243910146
1.49902697369311,1.75754376691081,1.35710293345776,3.04426880214197,1.18353490900351,2.3445300496875,4.20133452791941,0.271339408590973,2.35297309550277,4.39410925690092
2.51303620082024,4.11033958259431,1.56148286349686,1.95801783444987,1.22583785946216,2.03373610083029,3.54802377624898,1.77390641864869,2.27801451206776,1.98187551252892
0.47635077355601,-0.213474482985965,-0.138770345743095,0.178934443247826,0.646114943226276,0.91576853395847,0.0183805028135287,0.230011640315699,1.27997302464141,0.149803955225903
0.501596879451927,1.92328208233108,1.76314187155598,0.829816627654956,2.31711945817579,0.779974261118311,1.9922022911869,1.01782683894938,1.71295871733391,1.06252141399524
0.706750563968491,-1.17424349915158,-0.509898613947185,-0.0476139900288325,-0.763897119675509,0.303966186735418,-0.840790992894137,-0.244365778188226,0.190625902849036,1.25008375502496
3.40885559636652,2.95801887116878,3.78471697367347,2.36877062704792,3.94308273572906,1.58271153826165,1.57983848915368,2.26160419310404,3.17009359694301,2.58491114750838
0.479160261682048,1.13352930988224,1.91923896054464,1.47158595181882,0.84516615257143,0.951524647196938,0.442785900027314,0.295688223652926,0.217910478985698,1.81231735132861
2.60134716378632,2.04421503364145,2.17840589306481,2.17204531524533,0.351840126823156,-0.204983683067632,1.76916576351132,-0.0253556169683371,-0.0360042787835873,2.742914306863
2.17839347192599,1.99585188760556,3.45335169707884,4.23482971662576,3.92590883725045,1.28885830005608,3.39271856227583,2.59724600285324,4.32027728753433,3.5259885260024
0.32222560776607,-0.868594179413338,-1.91992374964332,-0.549062614574845,0.530352738611259,2.80819229516898,0.591290274304618,-0.456380679332274,-1.71389223511627,0.664305794238678
4.41747652168813,1.40925579778179,1.9242613255989,3.24291854373328,1.99207803017242,2.85303020801721,2.9891922502265,2.01872006270914,1.76233811994374,2.79575151362946
0.392162891917338,0.166283209338812,1.02384397216747,2.07565930682387,-0.850604423136365,0.94625593787503,1.68561547006419,1.80780904713863,0.567231506266471,1.98502186200799
0.586235091607975,1.17497751735029,0.764164981025104,0.406014776880505,1.16301734141598,-1.51561499371902,2.08954303301531,1.33139560481085,2.51491762631298,2.04681469119549
-0.252047705856278,2.18406313585701,0.71721501952883,1.38870373272107,2.76219500383237,3.04117537287054,2.16390112288775,1.08188661095569,2.01467980459877,2.33387813282632
1.4342059899834,1.02687667106928,-0.418354676438294,0.922486764731174,1.96131999959773,1.21984620260223,1.8175447077623,0.141244996468942,1.38657108445672,0.729910979068345
0.748022289929494,-0.0173324451709873,0.748027691270869,-0.659153536726734,1.9552989559314,1.4227661962785,0.962720351850086,2.52875603230915,1.41419481486112,1.56042405687341
2.10718675356603,0.982460776923779,2.00380855689129,2.66598153082919,2.48524472593181,1.85290204659003,1.15615173575482,1.14680131409218,1.4488860035753,1.61072422861689
3.16540771803959,1.88623168810031,4.30948706239813,2.64519744098319,1.44262771983624,1.09165025185902,2.59165317480048,3.84021936681996,3.66777630222893,3.45772547710347
2.15510206838889,4.44551591055884,2.92421280888121,2.80381127678846,3.86418121758072,2.77190075059113,3.83820948618094,2.39524914338878,1.89425321558387,3.30607027113707
1.54290873496827,1.75704627698919,3.87866808641964,1.02518508237031,2.69850814108171,1.06735965290871,0.518352471741682,1.47975177011579,2.72367948249694,3.486341516462
2.31628717746747,2.01843271696873,3.09486118149433,2.44832325090064,1.01259128574743,2.82894763127068,2.0034362191904,0.325475136796901,3.45536659842605,1.78088984798309
1.17285568360885,0.517180875669133,2.91031078945956,0.0806958688758612,1.28179586425877,2.39125956437094,2.69292834790294,1.87120260067881,2.55901875920409,0.928312028019904
1.81466006733663,5.14258830123175,0.840132304566231,3.21520211426189,1.57644755102863,2.18624081807277,2.99184651143883,3.21436170797078,1.62511723452592,2.76687955897693
0.292381153699232,-1.16237514592109,-0.150137503574541,1.47703535228305,-0.244195690588484,-0.308877028788494,1.62990052920522,-0.0472876030166847,0.672736371141092,-0.368680232173431
2.91099573571478,1.79070535193933,1.9888834346758,2.52874932399129,1.71910180741285,0.773417395435454,1.81461524830993,1.95497880778556,3.42166660568663,1.92681525743366
2.10602056393823,-1.05129011555224,0.658722002073391,1.02955134801234,1.94693020320893,1.09879436364101,0.401596644848313,1.91607991009509,-0.0927581351198334,2.02954893385668
0.165630973629172,-1.29008938741446,0.807148615935012,2.3567159815524,1.83583117841453,1.98247223165232,-0.379395420015548,0.311475818241297,0.680224064036078,-0.142618599201023
1.00933742416924,0.803028862295182,0.332567569360871,0.4048013719935,0.316711687683227,0.344379323908097,0.772105230298884,0.958409003846555,0.407670371427918,1.76244898382775
1.92071431798983,1.922347645294,1.26318187644656,0.621307867571343,0.414458912607418,0.65835938969549,1.20443347493027,0.823583692826303,-0.0488881524674973,-0.300987608602971
0.192005136089672,-0.64590494925218,1.3662594868656,-1.04428263530747,1.89707191234154,-0.145176614665471,-1.35938099535801,-0.307744660828412,-0.555930660441371,0.208395968269307
-1.18743014069484,0.38225061567066,-0.0976732941820428,-0.569479436959841,-1.51979288018905,0.769156509949864,-0.799622225708599,-2.21700678589405,0.129912643086929,0.355092249344612
1.18161906255504,0.432415178053485,0.946435134280562,0.793164605990975,0.103356757322726,3.04592357337712,1.3525263550569,0.100810876463603,2.49314542248822,0.00729014364684022
0.518578075594112,1.37034545282868,0.528233457818776,0.226688998796118,0.0870315512719118,-0.661927030211481,-1.71751084302768,-0.741404476339249,-1.50954805400699,0.560938273010097
2.3174349783348,1.7092959601262,0.358368695876423,3.80836671235486,0.809139835188428,0.411040499260931,2.38495170789932,2.55530764400931,4.92552734831228,2.11300301801126
2.87876690486522,2.73307327317566,1.52666788411161,3.44024378376854,4.52788850642651,4.08941871893744,2.45356159802728,4.71429339170795,2.22233742263269,3.15984133299758
-0.241615774122252,1.61589856123647,1.11741868712529,-0.302743756780569,3.37819507110902,-0.367645186846443,1.67886376942108,1.34850176204163,1.27593847090392,2.52350676275307
-0.359635279074641,-1.85865322826595,1.00750995709909,0.489312763088428,-1.60595934973876,-0.23323991303655,-0.555793476366633,-0.411949776053536,0.309269716914035,-1.61842792795342
2.32958738965763,2.28070504892131,3.39687437434758,0.814127824328224,4.01925099824196,0.416238682310062,2.77884061661142,2.15337918137905,0.913533584375191,3.24847979251085
1.06105399621185,2.19370300432267,2.30358484435399,0.556053234356402,0.989894962659186,0.906654985678408,2.74865898178079,-0.0520458005203159,1.78944115413322,1.62241722603517
4.24327246929249,3.29473310106436,2.32306549599551,3.41862519705776,4.07859530780373,3.8028059204493,3.23522720914475,1.5282302050468,4.28774303943198,2.02963573929796
2.10646663174096,1.41536802855063,1.27135901156749,0.916004955517482,1.6996383051544,0.114313539600801,3.45120319232167,3.29011269581067,2.377644580182,2.46456744804653
-0.959922330760741,-0.184358081215547,1.08407040886925,-0.11120214120326,-1.48768687253389,-0.797949800280303,0.569546551221243,-0.59181268949549,1.54019208078997,1.92016474586241
1.84635182338551,1.07295280742135,1.70086079594241,0.614047593948161,2.99782619067213,0.565352528291366,-0.190311878139414,0.41672298009145,2.68680142950834,-0.103947757079629
-0.752538438048272,2.26771261740492,1.71755445650494,1.40835301961513,2.35762533940913,1.54154968417646,1.55896697923676,1.42015112006794,1.41822373885686,-0.833662425401354
3.42452306061622,0.885435664066186,2.58797740827567,1.00254638779869,2.23058275857689,4.18829388919901,3.26828234685003,2.25690143146867,2.39063604508661,1.42643208794072
1.96354999207817,0.733352267633774,3.06447715407833,0.191100508023229,1.32026281362953,1.30176154718235,1.64550868678055,1.21730570091343,1.76541040515706,2.90627544919366
0.128393996831819,-0.271083726370315,1.98300090418855,1.15579002630924,-0.293375092235301,0.563400060257664,-0.11387070454779,-0.422024386623395,2.7636598060522,2.2677560766085
2.65978497021526,3.12257298990326,1.21697350113849,0.475811865208069,1.13425502728976,2.02556017451811,1.08503117394344,1.31871378381801,2.13485784745503,1.60095682965732
1.62220078258307,2.13609058185599,0.750292782369814,2.95184528403046,2.19559838913536,2.51040256598288,1.10800327916672,2.0671059390966,1.56122529275218,0.316829746173426
0.591730012291141,-0.250115361336104,0.0582540834669528,2.29861655298933,-0.852068368186581,1.54402826321168,0.0459454225397592,1.21366528863391,2.50668214733175,1.56061933487597
1.14995135337585,3.14810403042106,2.44461868240272,5.40538945189033,3.81112028956935,4.11084531950892,1.98923707312857,3.38855116611398,4.31235260517368,1.83699265487298
0.0154830682845772,-1.21398521288636,-0.222776826393572,-0.652737919481584,-0.500387275319775,1.11128342890556,0.585709799398283,-0.815409246850746,0.186134175849029,-0.123923451665565
2.00669460829684,1.67507933937753,-0.71084686937751,0.48054994305445,1.82646460913465,-2.42489068066007,1.22352155530018,0.092009722976607,0.417497524469232,-1.79753489300802
2.09016868609945,2.78417191396167,2.21594241912178,1.91389213902677,1.96125743387946,1.64966182768301,1.8033165028943,1.66875518912316,0.759008839491309,2.26670523897946
2.95278250956871,4.60943179546375,3.29417864050493,2.8879710036423,2.93967098700036,1.45180181446498,3.54904068358419,3.97237721683357,1.54094467348934,3.06434882426378
0.273410430044058,0.772726794496167,2.47108521623618,0.0816243201325462,-0.258788579438345,1.39431518926956,0.653726427217065,1.62641586439862,1.28433351196326,-0.186968956245984
0.874765837408315,0.631377009682651,-0.511569689640596,0.186702565146608,-0.187683862606209,1.00936701483682,0.336985691431892,0.223764407212901,1.22086404418718,0.963426786903566
2.49772203632568,2.41709618465299,3.1208554839404,1.89609998841965,2.48335635815768,2.61054475362021,4.0678226203063,3.70735421155232,2.50981553685446,2.60829780580648
2.2367920995283,2.57449195392276,1.06570929309182,0.869776570027807,5.49613397688472,3.00975520943474,3.25531828829336,3.55637509966336,4.15882390262842,4.74148561813017
4.05593835719357,2.85525617085208,2.71079257769267,3.27078730734644,3.06375914135951,2.43481166696661,1.41240411357933,2.67598068314392,3.7898739754967,2.29183771736804
2.46476940571462,1.44820864041617,0.898532305025525,1.80508477182858,2.59263559076115,1.94503275119912,2.49535158426125,4.27321129302902,1.39156559351597,1.79213575502563
0.894105429513817,3.57775431971974,1.64683440597786,2.78256621885845,0.549862216885831,2.42034840881702,1.14785907687431,3.39251868197783,2.65086719131156,2.53884244096811
2.94569716159882,2.40911366085995,0.340064399249274,2.85344328506269,3.77095899946411,1.59307810064453,4.02011693686349,3.85560197765553,2.20299724634305,0.93897844887494
2.52873274720454,2.38703030558931,3.36162102173078,2.43211604725241,1.25741378805489,2.69226132854047,1.22541689303836,2.33030621160559,2.61078062738888,3.8326872228174
0.60799165972117,-1.14932252470246,-0.00174148523785086,-0.1589856165422,1.17863964790001,-0.545427012451552,-0.821665432500944,0.412690786737857,-0.55385468026346,-0.145172648725428
3.71183577871863,3.94149193958998,1.8583561337201,4.98560627620052,1.36015794563218,2.30892330399152,2.69777846672946,3.36974912992895,2.06541070974959,2.76404425213555
0.893486962226125,-0.275677909093662,1.6874706168511,-0.493637549894395,1.21888960412181,3.16161068532263,-0.329950252281557,1.91902689517416,1.69749578018998,0.916563459819079
3.12185808034779,2.72348581851907,3.95138409621518,1.15055152410333,3.87617949280247,2.18713610745466,5.01465110587072,2.89636589795929,1.83743694914891,3.00421180655799
2.71603619654628,1.17045028248557,-0.155693323936964,1.07676840178144,0.62738883911221,1.12677778570511,1.58056524713944,0.312101854244198,-1.25513170914139,1.53371063977787
0.528367703377142,0.125412125433704,2.47297760785309,2.63406583506495,1.61613824503632,3.36708547371992,1.57602580804577,2.65722732580648,1.91444470811064,1.86060508307711
2.47428651542186,2.27275831993625,1.85324657706675,2.83951511159667,2.9422113748506,1.71705964966062,1.52631439854655,1.13316830301032,2.98064047983152,1.5026368800779
2.30268568159015,1.5459098285534,0.633324483828508,1.84414273736315,1.59940822065999,1.61374959209128,0.350463044911826,-0.0792139410366295,1.2786450066772,0.0170875849803569
-1.43312309894912,1.3191315566484,1.04286896040327,0.951796155518923,-1.02280421798146,-1.01614503769576,-0.638773498254894,-0.166136567660853,1.10538126208218,-0.0431096642727084
0.561925997111747,-1.12238603339263,0.190254675597425,-0.961213934653437,0.633318190608013,-1.23510489417848,-0.170763869432505,-0.13151557192544,0.949508197332639,0.187714387618321
0.61217451446409,3.15689251735392,0.254206260191813,1.52463114237909,1.9544301336346,4.19647724280121,1.12651948187116,2.16982811345857,2.22970535982046,1.34830758050572
3.15642738800154,2.45852953458993,2.92527050492249,2.52845568740426,0.766773386142984,1.94916032659063,0.697546647040353,4.10574362829051,2.84119791998586,3.84928545179014
2.826124452222,3.04929105997691,2.90018708391328,2.70673038789817,2.8054507602502,3.09875286508557,5.2982163545149,3.00272344124607,3.30348892375157,4.36922453606832
0.0141387472246509,-0.327914592315186,-0.961770992444154,0.461372849105675,-0.647432018279023,0.947637741547802,0.481696298700006,-1.45701910664833,1.44576059260879,0.393462885734036
0.784335005253507,3.60450554368554,1.00154070058941,0.781138393306833,2.98400732083072,3.86470543306756,1.8249708968938,2.12301430154889,0.463490015736911,3.20153771105853
1.50715969857472,1.69532354109481,2.38927657147997,0.355460053723709,0.73282909359046,0.0554008470659624,0.21333304513155,0.866755017216645,1.84920108622125,-0.211165160644174
-0.176225315534277,0.26823925733542,0.926916784630166,-0.23346546750452,0.416566802864116,2.51020543464454,-0.350222771790775,0.256739634434674,0.918800891389193,0.776181672035842
4.2650568063571,1.99808244184217,3.15453010098368,3.1274715407083,1.60516494480401,2.4290318292281,2.98494884291229,3.98555946199272,3.50310367870788,2.11034278676294
0.838816494879621,2.14099187334176,1.04406001451135,1.79658596118745,2.53363386042331,1.28276526559231,0.308692880465758,1.11805120602862,-1.03799667481287,1.35137622230474
2.99270882352467,2.88608573239802,1.55136366544614,1.42188591676338,1.97389810832657,1.45060130778905,3.37424288648424,1.73773349483864,1.47176675590528,2.41917072556091
0.609776108605146,-0.234485569172189,0.169816437406285,1.02467091161116,1.19277153618601,1.45339304478193,-0.426408496596672,-0.0983236013578042,0.338845071790878,-0.404389185895655
2.28614934775206,5.68898630820611,3.18786197637856,2.97884767785194,1.15923661771117,3.2541374361512,3.82752810622945,2.10341347320642,2.80789191177478,2.55088164332358
2.92587594137161,1.63352170278657,1.79862933813994,1.68385806042417,-0.201105875466988,1.61844686948623,3.67007747004689,1.65803650256954,1.52759278124502,1.86726090570683
0.188024650229706,0.392131524868738,0.880489041944742,2.52335486250828,3.05885342616806,1.48153260227658,2.98599041884997,2.28876649659843,-0.380123769021923,2.02860250669005
0.0871304596230783,-0.214839226060012,0.235831134201493,0.0811582484366883,0.653661928562326,-0.274713330499712,-0.331975742351764,2.27047468757683,0.568388443050868,-0.323726394967622
1.2125061538942,-0.0218628142998731,1.23875985952872,-0.398712107723715,-0.260391615796871,0.987534204086977,0.472449906217807,2.07702517442226,0.912310907629048,0.616599353992129
-0.0269142226332554,0.795682543919752,0.76773982641887,-0.885646665974195,1.20750564083565,1.43420464007301,-0.614902391656701,0.445504024348755,-0.0912943270974364,1.33059173785795
2.15796501841636,1.48201598105166,2.58104129334605,2.00869954719263,1.27876660621736,3.78348181773225,2.63006716514837,1.07100768181767,2.0417834316499,1.80094289728143
3.10835684775789,2.38344876519409,2.02743465594801,1.68407714715287,3.63410770724874,1.86267364019189,-0.386103289087413,2.70486908580106,3.90406957920852,2.75004897987536
-1.12818567627545,1.70126696070983,-1.26199669029283,-0.554114293536238,0.336211820191416,-0.475272750389909,0.155391223109244,0.295575028268167,-0.261605517880321,-1.4076471841947
0.699822031017705,1.49464593449282,-0.359917849368265,2.54158657383492,-0.201847891386648,1.74899719933151,0.564872347732776,0.509068357271984,0.333039221111597,0.430543562455273
1.1089714765638,1.229582427318,1.53297755959367,3.00429522487461,0.79986023645794,2.64862233821432,2.83283899877295,1.26998510214064,2.91050620558454,0.860762011628474
1.94677817072603,0.180242352999639,-0.707337817713187,1.64083973142494,1.24964729298973,1.46239923714147,1.47328831201055,0.323293500896142,0.00394226620967419,-0.512786420785138
0.583722286577478,1.06077044758556,1.50851762761706,0.937707602295544,0.0809838800525587,1.74288327050584,1.2769933552793,0.945046825878559,-0.159906745610894,-0.948921136407274
2.91923092245964,2.19657954757011,1.2859344011189,3.18940314861638,1.48061862478586,3.20541611648264,2.83658618015259,1.43420704344793,3.19635387249782,3.12557723412265
-0.175600105888118,1.2440734348379,1.3853363449059,0.40314339923524,2.48051468180052,1.61269726136975,2.78686400100896,-0.21627075627352,2.12280381038077,2.37074751220905
2.85660859311786,1.15839549353488,5.14597451728881,2.15548059864683,2.43709905306015,2.57532246467157,1.50885038477144,3.19818273130828,3.41682806558797,2.20881730446409
1.0494279794376,1.35361696362855,3.23495247101273,3.22255657676595,3.58197948204801,1.84438012632143,1.22394483154036,1.29066850553811,1.94301681176366,2.55251545196055
0.832876161571236,-0.143509174499557,1.1819643426385,1.07367966108096,1.99829987918076,1.93724983121644,0.675296418343283,1.5215026447544,0.194255640081792,2.47883243279621
2.87505237446396,-0.281553864617376,1.57772927190237,1.23355877908749,4.13034591971614,-0.827630529142644,3.24120736179925,1.91062663900356,2.37332678426582,1.07748982999392
1.78490839941403,2.41569408136509,1.62808534557108,1.49706720719749,3.2480940556002,0.980346373197558,2.84031763463198,-1.30495714346265,1.92346327454508,0.851887123302118
1.10609321231119,1.50778355573227,1.85934139445089,2.49409371311386,0.527431057948172,4.38571758744265,2.40862315897761,2.35831630115299,4.09696725018191,2.58987705708568
0.549194581048891,-0.0290261294958109,-0.119548981986779,0.599584168578484,0.265704703980038,-0.124544999166143,-0.745926188730744,1.00046557952278,-1.03378762841843,0.0333367447346328
0.92575679999639,1.66687688899541,0.390679880318893,0.546041230761282,2.47488300910804,1.35811971704469,0.609186069148159,2.4789717538731,0.797147752958428,-0.695670968260258
0.546353075877892,-0.0783295113552251,3.71190384771869,1.3099199285647,1.2090715135664,0.923226991549202,1.92909209137993,2.94652643980493,1.42514115920557,1.40573869342646
1.32746628870217,2.91065262120063,2.57233662873889,0.920487716188858,2.44417174105467,0.447553150462872,3.8511871753219,2.07681577559267,1.89256511777269,1.23172206353017
0.929654414654023,2.10274695560711,0.506435813327533,1.11754902408001,2.20887712092759,1.74212709686692,1.66906167164305,1.40556671918421,1.06035777871709,0.651463655452324
-0.157912294820197,-0.957297551065234,1.97111337868616,1.7242989500614,1.16122331336473,1.29465403124471,1.97248124240237,1.66754052124741,1.19481960267083,0.571575696310139
2.62816614491695,2.18657373073719,2.34109791347373,3.27890806086997,2.01194342962481,2.01602045263924,3.12191259772636,3.59178532648155,1.72841747885667,1.004887771024
3.49137120005487,1.72080321159389,1.41552882365911,1.59389100041782,3.23762719017468,0.791782516554775,2.53932821616911,1.16175848707,3.51878181436135,1.48078118647362
-0.342019469743892,1.08975895660005,0.49625678331977,1.24145809776197,0.878214528930441,1.29328938925861,1.30862091148118,1.68347733275907,-0.844225392759006,-1.27714110547656
2.162126472186,1.31830240402773,2.72891710127135,2.96688699677078,1.6270125109963,1.91278740367875,2.85284389412947,2.4524655426464,3.70379636405098,2.12553359078468
-0.100662748858111,-0.654660892614328,-0.0187983484530557,1.30187418185215,0.790016758526488,0.0207086068347546,-1.289217999214,1.67336482924429,0.383109176434319,0.680294515535606
4.05426716104678,2.15983937614165,1.44273549642358,0.335668833152374,3.77754421939379,2.79854773016268,1.13163515569638,3.52639881778639,0.653047486128797,3.0554493975384
2.30565439459041,2.39036641502425,1.97127344527774,2.71442020252729,3.24388166052732,0.869629326968691,1.82797165118159,1.09055525554507,3.1025000732737,1.83463998190143
1.23722501456564,3.96995324629703,1.86428519279738,1.08545180192457,2.65989889538181,0.642342975200369,3.01707455575189,3.39555742801033,2.83341669724203,3.06994878119145
0.865140534457088,-0.342455513067059,0.725531079319189,1.12274878828495,0.669143895190977,0.170811394469459,0.475944651672,0.738667128275244,1.37238075890141,-0.442171380159214
1.25728068809347,0.297545586579204,1.43677261935703,0.31009085380267,-0.330994391097827,0.229121441466324,1.08807098465577,1.18412137707431,2.53136858355726,0.675088722087682
-0.176473446808569,2.39325533106363,3.90756945191669,1.04466123595266,1.45028114877184,1.46817481301381,0.757058245029074,0.24929809065881,1.65103795871293,0.962552966140448
-0.116314192836694,2.67077664866302,1.07200508002577,0.912237110148607,-0.225874754960676,3.40237284126856,0.273269976431977,0.0136385874972437,0.462712422004267,2.09380388379535
0.0477226430697135,2.22160545156911,1.13961705245118,3.54938685519431,3.39186355068858,1.09309428985862,2.29917675950281,1.169185483955,0.295037706673188,0.835944931153436
-0.31024029745843,1.4110231763466,0.487834299119258,0.141510409570579,1.55936584307283,1.8570732001735,2.27801611101287,1.73911630775087,-1.43784424133965,0.593460319380107
3.2125297239517,1.88851825856083,0.715206623504616,2.09639044608696,0.00482878043751422,2.88249079141992,1.99227936647401,1.74286177908084,2.17528351213519,1.70441001073171
0.805449295531964,2.65058573183416,-1.10057979079049,0.876921217556669,0.811451331114243,3.46333254705327,0.880794191943299,0.118077538200869,0.931158841231456,1.20403200397329
2.48199582912749,3.10013437937017,0.982012318167241,2.16463540161991,3.96101416731983,2.64911521435914,1.98158097031462,1.51306871636032,3.59922452965669,0.927706530643483
2.96575807492107,2.30392449859075,2.19075321704217,2.24054959365421,2.74738911305339,1.56718848717959,2.18117895538171,2.52114591686314,1.71125995694147,3.10304834551448
2.39083055257769,2.01038260159421,0.0468382036871903,1.05743901694061,-0.151091125645537,2.14148708014519,-0.109490508714052,0.839445920522578,1.62212219392308,0.581400877328316
-0.030948940407463,1.47804984851988,2.19662362598474,1.40965522444573,0.975394749385486,1.52196304481092,3.30306579091763,1.2813280715189,0.942418876956282,1.45742760744585
0.170981285656386,0.488517539853619,1.40706284867589,2.96280511533484,1.56736566433876,-0.457025772280712,0.541374200399051,0.14971252272295,1.01943070843007,0.398288325709468
0.0806435461126801,1.71154451396382,0.491311348218512,1.18271439283256,0.840121291435208,-0.0657340742146209,2.17173823970528,0.813971830543051,0.556785721246917,-0.951739378840163
1.80654680892664,0.60759545457882,1.67053420151442,2.45743309851769,2.46134824239615,3.0277158109458,1.31983570772349,2.6368845856817,1.62741713025659,2.28077030436095
0.32705851915664,2.45628119085157,0.857224383540096,2.02664363826571,1.82571858506879,1.32124772210167,1.43737731253097,2.82833496934639,-0.197099396652797,1.83330262007239
1.19839670205986,1.2129310318404,-0.0333296473719413,2.28438433915231,1.25434449058715,-0.0537344360371361,1.19628868079852,-0.53838661840587,1.22800142303301,1.10126659746032
1.18865454637648,4.08810403212401,3.11853019253868,1.82107495535458,1.78477488933624,3.59867290174136,1.51883794701052,1.70859732674029,4.51632212566199,2.66329976230034
2.25899924806697,1.65033756974342,3.77905981179578,2.00929242079249,1.08491614738969,1.38601778512087,2.52842655773011,-0.449905853499694,0.109576959429913,2.02222346936246
4.01348705930788,2.90412802450507,2.77983063307077,3.23547778795715,2.47881015435807,3.24655726392665,2.78464348955346,3.10947515089454,3.17877165780536,3.79921571496693
0.578420885362114,1.76639521081637,-0.903275632282603,-0.467301245676246,0.6959611695623,1.19692271074752,0.670007601327733,0.0230455287529596,0.823193666769189,0.203273875752638
1.08154128600614,2.19420532220396,-1.32716421004296,-0.133263311534207,2.32979113998111,-0.0854695152351257,0.578575639682676,1.98909255728955,-0.401887612090101,2.35654982790194
2.46631630166586,-0.100999160560567,0.614426231865422,2.43489357742271,0.116523312498982,1.41712532189173,0.427418602217294,0.0693742434324653,0.838994910010206,1.11655736484045
1.48713665298214,0.735449994043796,0.877856498473551,-0.343821506281595,-0.516574736174746,-0.585044947761516,0.569001379436047,1.89453923204961,0.719256866011158,1.80374335774882
0.218043964426421,1.69457267425867,1.61707205328261,-0.731653071858884,0.337907220226699,0.484353483139664,0.971924569737422,0.946273142259898,0.797990425203013,1.17623457817537
2.40493268898508,2.64162796647578,2.72460851114252,2.1788758723127,2.39125713140829,2.40031213608511,2.14387286446586,1.20815638555941,1.31128047076131,1.17604467445014
0.450968722100581,1.04833435112662,0.34504343529847,-0.0502782760072327,-1.01178606863591,1.49520450524159,-0.959296559333899,-0.0636130665910195,0.502287914579249,1.52133359724453
2.09736158101622,1.46317222392256,1.29119700279054,0.255894493142349,0.818103307674486,2.0345526478243,0.265839852329582,0.860412143814631,1.83713405511741,0.848984168076192
-0.733021510551252,-0.802327265329817,2.62309697370041,-0.0733137510571586,2.36724741174955,2.35586957131892,-0.639732201315986,0.494680516937321,-0.0193946570266168,1.11629987637323
1.98979965733518,1.9021508747674,0.86967625626489,2.95627697446629,3.5879511219915,3.0411159187246,1.13066099492368,1.61214247939239,1.72342724023758,0.884106170399774
2.39608362777507,1.75797753865559,1.01312661395168,1.15056822549804,4.25911819519359,1.90094901625801,2.46087831183685,2.13113796734596,2.00390362225621,1.64446332422562
0.301384604858048,3.62249592976977,2.56983927510398,2.10421816905991,2.08098433513115,1.74574971987573,3.88260978291783,2.89825787581605,2.5906768289335,0.589084904871889
3.97355192185875,3.6191920467865,2.07540610963795,1.63598361227976,1.97129916869128,4.38004079032185,4.30927570330302,3.94479071939986,1.68650414681864,2.98311236249122
0.118630025274892,1.95960806127522,0.931852918698999,0.878554658365633,-1.08943944750262,1.06650700645937,0.621607050682769,-0.0341442552274547,1.27810827924707,0.714487845614417
2.30397715149169,2.90834752102422,2.98035661525891,0.525555051087065,0.837956540211393,-0.122868048381299,2.82419793165403,-0.790721614282491,1.39680535324199,0.808492259234963
2.58121687562946,5.30749859547527,3.08507303325817,4.15893081472551,4.36384420420528,0.508558958781243,2.23436623795491,3.42564344403393,3.83451279759469,3.08489450660948
3.44535956951209,3.16508266929554,2.54240535354618,1.67844605226066,0.338165956422563,3.18623907447193,1.07143871319897,0.663119806599541,1.48148979967897,3.18006374219988
3.78792221300799,1.48218044519139,3.07160315719528,1.89660456539732,4.7782370395619,1.34269411820638,1.28833758150515,1.42394132152904,0.525029910581522,1.59207135150456
1.75457797145289,1.13446286650971,1.72369102820365,1.43707686393538,0.273582239629971,1.36878215607069,1.99060051450745,-0.493597194856244,-0.868758066184425,1.06765240864839
1.4904022027378,0.882348737605531,0.799427325539207,0.900766748056376,0.189709500020498,2.74287145581879,2.17387282430395,0.851517475761253,0.934070298720812,2.5555785808341
3.43020363554543,2.3235080113988,3.62398312686248,3.22925400656983,3.73303308245275,1.54068736061533,3.69486327172208,3.41558905957264,3.30009478503101,3.98425281568682
0.796153835547417,-0.620559733491806,2.22650604528612,2.39631311119263,0.0406714715210962,0.732437140809878,-0.213584030643845,2.04624533541545,-0.192590513319232,0.745219522279466
1.71469739900203,-0.125916277957125,0.261981425363395,1.28498369180806,-2.14277546136501,-0.0211520315083341,-0.812322088394016,-0.264586292140217,1.41158822599391,0.603236512114992
1.20865439034682,1.10471381652897,0.335417892334666,2.65869054507332,1.21881169216242,1.87773363766226,1.56726104448566,0.81509180972227,2.28716820651855,0.25801467684093
0.434197505123231,2.11060729657767,1.22905854192953,0.283884783933197,1.33099683245067,2.41618549721478,0.47756801648948,1.29895223805743,0.425337699038496,1.40408919507097
2.78924138792444,0.907219304961233,0.758589171958219,0.346260390906452,-0.45510899138914,0.695733238604939,2.42526147015856,0.248504606583105,0.556536872530949,2.42192145928601
0.796511160756914,1.98253960341106,1.84616536829514,-0.293710961980223,3.91914605571421,-0.326994002164672,2.77959439128278,0.907855992816228,2.46303933223132,2.37684407643385
0.319937776239923,-1.91648509467618,-0.184412977232211,-0.710199642821971,-3.05149782716239,-1.45592796016354,-0.991607131242087,-1.14570069874094,-1.37561365511522,-0.710069506765086
0.291412964222719,0.431593596097488,-0.433412988498602,0.268332083395368,2.12056689428789,0.953149949541175,2.21327017344561,0.908463020318674,0.408897481889393,0.0281212256357257
1.25117745162182,1.82877472500036,0.236242765650536,0.636263395100209,2.83533322253872,2.43491467318033,2.09543592499948,3.3150733396319,4.49387251067026,1.83003501902295
2.30915594449269,1.96761370430302,3.06736388008084,1.88693699447306,2.13342028535952,-0.0649115731723726,0.363707521479344,1.93208717325277,1.98736600848826,1.85411616317467
0.693423787137036,3.29464681529168,1.1142762871787,-0.506526067970396,1.08273095955392,-0.0896644948298553,1.01503043462072,-1.14902749201686,0.306708960014472,3.26181720814842
1.90110308917785,2.66440658265134,3.34135608403588,2.01086193061263,1.00414605021507,2.08485336752929,2.96610759569674,1.73409662822859,1.02365251338037,2.04344791024051
2.72861567273929,0.520087055875957,0.81280401478639,2.71099050604122,2.21481902707261,1.66847965828158,1.23126830767986,0.695148477530187,0.856077174530842,0.56081019802873
0.224403507406087,1.02577235798907,2.65506783274437,1.18225175712426,1.15274372932743,0.19680738229439,1.63163270882346,1.03223384674314,1.14877499751351,2.60172950615509
2.28926048877147,2.58191105477828,2.26025182941181,-0.428364027976732,0.233644342028022,1.03335900058893,-0.478392665664985,2.67058371503582,1.34474427670579,2.2294896204657
1.00716574761525,1.72072768949412,-1.00801543341803,0.275423914818356,-0.483746504380069,1.2749552726401,0.830448499505457,1.47101676873355,1.02276959635035,1.22421619629021
-0.822525121572799,-1.86727560876693,1.80410923590173,1.07444960166103,-1.41696845474019,0.665131320770908,-1.79299843648374,0.873729677075858,2.39788642558414,0.583541817148084
2.49179120679218,3.47082547805216,3.09206452757738,3.85761861571506,4.78293204385722,1.65510400277376,1.54525300269984,2.20583553119714,2.77070225915671,2.79562684971128
2.89577373208939,1.6231923408729,0.598869382801907,1.13416602083835,-0.223501999303705,-0.5927638015784,0.458630592709201,0.916583053568043,-0.578736318862941,2.14218574557764
0.838882546350332,2.15446068889641,0.688031603633761,0.923286970336067,1.68417616363206,-1.26031420987103,1.39905315648417,-0.765512735761829,1.92098631584362,1.01398666678633
-0.206293979731843,-0.847224125419031,-0.428784231478111,2.30143879315081,0.500010399496743,2.95520869033243,0.448259592525806,0.318465536611764,1.53110154117081,2.86541271999299
-0.00982672918527435,-2.18657700115641,0.848522719301499,-0.152770064617314,-0.860242522535622,0.102145410993372,-0.228068188862484,1.1873295393363,-0.11795961994006,-1.07992939873274
2.60225975791304,2.79048970651723,2.86276958159878,1.34767441164065,1.61886726758328,2.77330030589855,1.74345237551599,0.286186308513656,2.24818368951837,1.77022381124724
2.18613323109465,1.02890590672974,1.38547573830874,1.34436041526962,2.53250701191267,1.02280121047017,2.01727966441428,2.99559871230442,1.84762208305709,3.92053755333307
2.69652664824816,0.641308030841004,2.26955444062209,0.327840524418617,2.25487012825097,1.50410341462724,1.48024972190481,0.997990475286265,2.91607005034081,1.03541036483328
1.44517586394549,1.566814484854,0.783037718951112,0.544282755585823,3.35710882367561,3.09107306857558,1.2676813135655,1.97674961100967,1.62720094000553,2.14775534328472
-2.14471626292863,-0.189303763608288,-1.67514272351924,-0.793292853162477,0.493377707261565,0.710655810385464,-1.4460327299296,0.733024323065526,-0.0114316116238688,1.64760273033562
-0.3049389949003,1.78798927642432,1.94162575219712,0.175917892522411,1.99691275549557,1.98542695065628,0.991244760451071,0.416337708518734,1.17260532759945,0.254680421006274
2.39230149162078,-0.917871649692044,1.70514246443655,0.484211055962327,-0.19394992101188,0.742624477165403,0.712955414039155,-0.0907933940848145,2.72609914528429,0.540633508598092
1.04423640236045,1.05599096708261,1.34060462767119,-0.430073975917663,-0.275000921864518,1.01017956811083,1.32516455175508,1.12810549911768,-0.114742638585006,0.384034699712926
1.72641560273722,3.81010073379566,3.4360990475939,0.191676116944039,2.46215552760885,3.22523035540694,2.40085695623975,1.29295195855322,0.852539476426325,3.29736626537952
2.37275923406271,2.02453361898906,1.69438711301675,2.1835718022594,1.1483156197638,1.59313297379052,2.4267433888613,2.81057252486759,2.97981217770925,2.74340228875769
1.3668029441897,0.974509787285186,2.2236039440147,1.69742729424114,3.6938594114357,3.93439948574408,2.64164389033331,6.29145058024203,1.6065155950892,1.69671772189414
1.50050138691017,0.753364425016208,2.74372568768606,2.02034725056113,2.89733195201267,3.41163258580224,1.43930260078869,2.92410089330736,1.33276623455827,0.535334619974395
-0.406417000854387,1.0205862158714,0.921017912626522,2.10882314281304,0.319773908199813,-0.267104963717573,0.767347969771756,0.972879622940321,2.23254888619438,1.68871837544936
1.54904054668869,4.08896895112454,0.457640576918295,3.63916062922715,2.86388729120639,1.61598605576012,1.36747171179229,2.83511638568531,3.03314031567794,2.18342922947651
-0.247544687593271,1.59199295098374,1.95293890249259,1.31943195907577,-0.260203329029534,1.78781462489139,3.27491672108228,0.208516921863608,-0.306605235170287,1.25251163933138
0.95110258240443,1.99391910071563,0.500473252337899,1.02334266028408,1.34709357226883,1.93782066125389,0.670535605849177,0.935215470727885,0.563151431237128,1.22180667036352
1.59440905636562,0.286322678628105,-0.0888030571618457,1.16187123585383,1.6079907251454,-1.14036693459844,-0.664078993740359,0.305914504485325,1.33478566667682,0.526161351143591
1.66752139462345,0.377461931754985,1.4283067200378,-0.0263754344473612,1.71012624168979,0.853292737187653,1.28181477212556,0.829591484022836,-0.940225746295246,1.4041709555465
0.777152569368388,1.99090786880459,0.318041226272675,1.202495893951,0.95041472916143,2.66650691781419,1.3882981812934,0.0530168995665786,3.74343973271414,1.31410268042938
4.44855822429204,3.51957022778391,3.74224901724378,4.04443617473638,4.03152847369881,1.9893443115942,2.75323913576463,3.32607662275788,2.28788134026265,2.02244461673948
-2.38678748168739,0.173954077129021,-2.58034389695856,-0.125216562753403,-0.0957041213255741,0.0959463198817878,-1.1760347655543,-0.1621251081042,0.368008312078785,0.450433637775027
-1.03500193551914,0.636410506682498,0.660004480738356,1.18821455602321,0.365786551723801,1.48702373888598,3.53922947822973,0.751929999776456,0.940875388961314,1.74963585921038
1.31652471768591,2.76965835834822,0.68960830087543,2.16549440680237,2.81119706978301,2.88177450456533,1.99141406799336,1.06860947904667,1.37964569534245,1.65491527436317
3.88979603890892,3.13850142760557,1.86001707932262,2.18356447381381,1.6476006594719,0.391542283686672,2.87019045933867,1.51337275792702,5.01809848525792,2.48485715327369
1.60912936796683,2.82292480134951,4.18423015947806,2.45540796730702,3.18103874221919,3.31254191460958,1.16603454764835,1.5053970328911,1.3284873367457,2.81162642463513
-1.9714079037896,1.96816365032302,1.62650737426176,1.03134699075164,2.67226440565002,1.09984614485187,0.368719903850176,-0.188973084231101,1.04305714424977,0.65963326863045
2.88033888827651,2.53404343011632,2.875382699941,1.39678281511291,2.13142995275767,1.80043493547594,2.878183886828,2.37247386409553,0.23302712599506,1.3814568480388
1.756765529373,0.911805049406628,0.764165617869599,1.69725704568891,1.75527395655566,-0.600642906061846,1.60708478127521,-0.0682220818776744,-0.751235368238303,1.42415057547468
0.199396839487849,1.09877596715172,2.65322625166782,1.93711369682572,1.35151289767229,1.29457496832653,0.490474619479298,1.15181206560185,1.63811256486832,1.91847110148711
0.610021546365182,1.37513880601669,1.98645188441286,4.04756371803767,1.42910860752841,3.31893687655241,2.15056421930988,1.13626651228769,0.193280670296223,-0.4356703495718
2.80964694017379,3.04098230620036,0.574889554360702,3.4873305445968,2.85864769778552,1.66194534414402,3.75025158056564,2.9204149457018,3.46794621333725,3.36374472885577
2.66129216080952,2.43246910952819,1.63865171421702,3.6458742429084,1.7074586695663,1.40723552496948,0.488425569866215,1.78642329078881,2.04878022014885,2.09812760456692
0.464956784341602,-0.612640667823471,-0.425401941437888,1.08159242816052,0.7297951088844,-0.839274716897269,-0.0637521596040843,-0.0066293768357977,-0.32261825834237,0.0955533042077845
0.146826564704783,0.751488749176637,1.42356770449283,1.4160135922055,1.25929013452236,1.87907777364549,1.52387426095916,0.369971175297954,0.441143786731182,-0.441403995571781
2.37135908864699,2.62459763211488,0.915004517194255,1.3243311531629,0.0841627135246031,0.774803464106829,-0.0489786003200403,0.771509912629291,2.06339793951833,0.535329520768257
2.14465385129256,-0.482830971102222,2.09085447069807,-0.310813461444687,-0.376606709973631,-0.529137155830165,2.46601917611746,-1.38620163244108,0.889258568083701,1.51729142738774
1.93864540902003,0.809552399329701,2.97128055596878,1.77423129759376,2.71635756088613,0.899867349280835,2.45661796481886,3.78768188419499,1.31347559931581,2.28022797414279
0.381801249895011,-0.227699465039426,1.59126269210191,0.813536496566176,0.730574211946451,1.00181267078361,-1.80529330525485,0.951143045810235,0.213346065293816,0.0916721616043118
2.04120836414227,3.37261491437712,3.15740574020619,1.21772838960874,0.840644163623185,0.203951427796546,2.11326615159998,-0.0155960794925865,0.577594701498669,1.06262255228648
2.46559274773725,0.597143413547903,1.96839806484612,3.49904978283862,1.49364640280021,1.51984653226226,-1.27095557115563,2.01388556917696,2.22426669655389,1.89005497689452
0.405657970900949,1.029660544805,0.523350229709783,1.06409982308242,1.77751587380985,0.95555770220667,1.22760361050518,0.601241687144119,-0.655773606096897,1.17399768766305
-1.14467345463289,-0.251635161233018,2.26430529476132,-0.313325278192509,0.359737537297617,1.64141836155981,1.3123536438105,0.718007403312949,-0.817392384523331,2.57505482100589
1.73907307954316,0.702180653839005,2.46289688786985,1.88015230742347,2.00389819892456,2.49858061595349,0.645259024023721,0.824789141422917,2.99018041488365,0.778912387726445
0.204358938590336,-1.14251032842212,1.38849633731374,0.310070976475638,-0.524422200574354,0.503955352102516,0.133684725089755,2.39182329860853,-0.125687422588781,-0.181059158312507
0.0156818964776492,-0.399392961065078,0.851667647167258,-0.652244334696338,0.51172127918881,0.567872093158219,0.662730697490409,0.752755932594291,1.01981256276956,-1.31869363138167
1.05071404374178,0.765521205210444,1.64075401991608,0.76337795933901,0.792579378542501,0.235839456294228,-0.289227293190502,2.47670118770581,2.20347598850626,1.83479078381386
1.23000819828769,0.018972560356291,0.463558108337279,0.0628703890034246,3.13211806451231,0.574263628360341,0.934111759535078,-0.0394631974374666,2.13856771061607,0.867569306052121
-0.442824056257246,1.4144301928079,-0.521193020270911,-0.0587232869806591,1.84753141556963,1.05163819527904,1.07279096007245,1.52883201419073,1.14766253479141,0.538520800434238
0.585264649814124,0.821999951644878,-0.0587037904321144,1.04140653993766,0.696151804345507,1.4413723388335,0.89899404096074,-0.260847945731778,3.18621282542147,0.889785133022373
-0.21416428524599,2.64914687461867,0.0176426777020029,2.83327568210969,0.174597915850968,1.54814870618473,1.72858002604447,2.32923151243879,0.774852069858073,2.46632029136186
3.71315928575189,2.0090215147361,1.91124738613931,3.10798912075834,1.41935834856732,-0.232399465450621,3.53909474669259,0.624227186792586,1.13357705708432,2.96273580264707
0.316578461985311,1.26233530394425,1.55438004690355,-0.0982207026098068,0.437322431709627,0.943536426955805,1.72772795591412,1.62708505399496,2.09065281345941,-0.676135739455725
1.27059888603578,0.652152655833883,-0.279805192320047,0.645866637892677,1.74290905506594,0.154162103990469,0.110114206787518,1.03287029575315,-0.640202177301034,-1.2677970150651
0.994974473780293,0.55485124612631,1.2734782518157,1.17445017053486,-0.383160915041202,0.970846658553624,0.200603867133772,1.2018654840894,0.467048159891642,-0.782254875610972
0.666079606693262,3.06869885741618,0.189551132703313,0.957990921535618,1.98947759901983,0.967813379141847,1.60032589061853,0.0271794622491793,1.74571917782561,0.820142096501979
1.01867810405127,1.36172213030812,2.28379728035516,0.231651831923701,1.94056410452659,0.174069880992071,0.822834901919992,-0.160676073432632,1.1644736229609,0.575364700873406
1.13930479697697,0.905280483567847,1.24466543431304,-0.513287086849997,-0.238588597978772,-0.349130684775548,1.04288807706224,-0.663157012229431,0.76588869762867,-0.389003029381988
0.921642980299731,2.78120784588852,3.4138547973755,0.21574258287413,3.31430588665789,2.83242193350653,2.05316682982137,2.34059388689017,2.66074222975396,0.499969358678291
1.46389357484203,0.381127285683258,0.931119980675761,1.38819903317529,1.51843278377,0.0108645035349796,0.486531774637156,0.225781850173772,1.58144935224818,-0.388163492203681
-0.225944833210411,0.405414869781337,-0.25952443428053,-0.650945125811979,-0.371875256352615,-0.202778459317815,-0.940652941653848,0.468732508752108,-0.753275447175958,0.220769229872163
1.2645858007903,2.48288964065406,0.834420497206308,0.650697949927631,0.241375820623716,2.31315173047632,2.79958852158075,0.636244458314402,0.721486251055411,2.28037662986466
1.22557408730352,0.809956588115616,1.00166133391571,2.19174901835788,1.80365386010701,1.07401683342108,2.19377414025402,1.70041813739807,2.90244437711238,2.45587302603189
0.414263844084623,-0.102572142295104,-0.511511616895679,0.968080116908395,0.95306146190469,1.01642699149458,1.36019434342147,0.747740795876326,-0.0122119583449027,1.39075591788432
1.18953275148356,1.94469826125441,-0.483617997400563,1.08359886101934,1.51343622010358,-0.586552638656005,1.26910592420953,-0.101209513440913,0.636606171806484,0.70126085786072
1.31984658511551,2.55147794743549,2.0956061325298,3.04167498197923,4.07578663261421,3.04542856167896,1.66589759286374,1.38874487039899,0.693995882350066,3.26721767116319
3.62049122137731,3.8924924191028,2.17997661401977,3.23756971758085,2.47161005692256,2.61523592671962,3.47542906751038,4.42505960408533,2.28273734773873,1.88750371364125
0.542842046008161,1.72322161556926,0.530166015870746,1.45224319170758,0.384766224198672,0.868880580170227,0.298565546654972,0.148480330762641,1.71359866253532,2.0053430011171
2.23104338682564,1.7405706362506,3.05378090415294,3.26388128283343,2.02912428009134,3.04537532821284,2.05285269555407,2.65020017238537,5.15516690740941,4.27305374236282
1.02851028273535,0.769592030733603,-0.704673169347343,1.60859558803812,0.676845068818923,-0.915794903898223,-1.14152599353969,-0.471377124914326,2.5219090401338,0.270519218599119
3.71613382901611,2.63841000579447,0.177753388381151,1.41215550968703,-1.07891847981873,1.98799123877098,2.4739079535251,1.38790824491216,1.16325668178316,1.49080165757113
-0.739599044168333,0.889575755227458,3.20480536092666,2.06172866079039,1.91953776598242,2.59617360844949,1.86923119879326,0.551979455087297,1.06619892707426,0.0705663148026815
1.92712566276076,0.697004401171704,1.70892890382806,2.77456555292994,3.09159541382175,1.16460792338281,2.64888610213408,1.21175975922082,2.39851131964159,3.5612634547349
0.909131758008723,0.813894986321064,0.700896420009577,2.6894446404926,0.905932597806356,2.14190082282714,-0.269068998612103,1.20849894729594,-1.33556844133332,-0.0734902443293061
-0.0791690474461381,-1.03367330497746,0.961423370248552,1.12843030777285,1.80304285723296,-0.656838667469022,0.433896527141063,1.12274972209929,0.0604949706525987,0.774872497636024
2.66071748956774,4.82415357524651,1.79750663985297,1.1394591521606,1.6047767654972,4.48796619895351,2.01746709983538,1.51307881588194,2.92836965422194,1.23050588370673
1.95662218229254,-0.341659295150805,1.79413540673951,-0.275322292587454,-0.904361256526376,0.906280691450516,1.36739516670905,1.73598601045551,1.48400459553225,1.66673125809338
1.71835977990135,1.11221581212727,1.90694983894673,2.15720138808108,1.43585864116947,1.26662045004217,2.79836133750239,1.46436207565554,2.67674207430696,1.22099475460805
0.817158752742808,1.29091364782095,2.42432113101119,2.39429010553285,-0.208972264572489,1.11303739008465,1.44625019431593,1.16497142080904,1.78015837034414,0.721291351799362
2.35457168142955,0.576712385036229,2.37991569484654,2.2452486451868,2.42676531354677,2.84917249543454,1.46337328297753,1.70374726167791,2.49994526029643,2.34208322952502
0.732241071444824,2.54982759557745,1.4712601117716,4.22637132421783,2.24957709513025,4.62539475052461,3.74628131827374,1.18229305590156,4.29403319688514,3.15203400028684
1.83549771477454,0.534271426578153,1.63343801775918,2.60875186014033,0.00309565951152535,1.48847395999871,0.630023503605905,0.773151456622573,1.48630550062754,0.81506116617938
3.39122036727445,2.03178995545543,1.55833415206486,1.24543509969043,2.53585671080694,2.69622325507042,2.20292643729934,2.95480510661043,1.37576384979096,1.23909527077101
-0.566825442762195,2.22587091721724,1.56890395556711,1.83739642800197,2.62708341449101,2.19361121037615,1.54769876276713,1.73303605324594,2.88522954249776,0.727842681644793
1.1403249031955,3.0012225109628,1.66080046543452,2.96765422018852,0.679960024499676,1.43566866353373,0.756912644814074,0.405257352479762,3.19813263526535,-0.145900101449905
1.05598992251829,0.894850298558132,0.842093704158628,0.70432977893217,0.341521414411759,2.13379459975699,1.37656264320064,0.920291199748882,0.52760188159645,1.2164398093155
-1.26051935303376,0.199638181183227,-0.449462751404578,0.258444613502104,0.34095855580306,-0.527353937318912,0.169381771171896,-0.272919757231802,-2.3061209350485,1.31460936854063
2.72489184172497,1.55728712316972,2.63339687725287,2.01187596677498,1.68170098507278,0.492629508913361,1.09173772478482,2.89378523656827,0.862883110545725,1.4282456348828
0.661191082226144,-0.0344773212755924,-0.923255767386254,1.20872553548897,1.80088584317632,2.09152840357711,0.253000879060267,1.96783649535185,1.13117168397615,0.70160640695542
3.36607550466955,3.29830198256377,0.995340449331489,0.105274737825244,1.97943907719408,0.408281022633611,2.24084628439947,2.84524613751902,2.28876971715743,2.51569579168096
2.29125313799834,2.62970018888413,3.46255328382188,2.99083966439361,1.30832056691805,3.68291920733943,2.95165247257899,3.16176975801185,1.2637515992991,3.35313968832365
0.113722958068554,0.195655006485031,1.88588631499782,1.24900995394908,0.300564291144865,2.070929664542,0.0586132042040907,-0.600313963576744,0.732160914900834,0.956572709977309
0.179697480950588,0.0197613450458688,-0.622107525246847,0.734138202883611,1.52697353263354,2.38741862029442,0.0499461514141731,-0.495514139469189,1.08115218264809,2.90390615598805
-0.405738786087219,1.18690746990243,0.788221056789546,3.30355429184954,1.89713390431397,-0.737833094171217,0.83732437030344,0.917184207551971,2.60194631533733,-0.635274676389325
1.04466135827503,0.818975308674341,2.75421419428591,3.0398336677088,2.64355112669123,2.62661855486938,2.19270989055437,0.297294315642228,2.65428746743923,1.0196038209074
3.09413689666514,2.13609523067049,0.63620192024993,2.19834274287397,2.38252737491114,0.705229118463046,3.03371448220935,1.49918901104337,1.74981441321988,3.06382720506828
0.381077097050811,0.741476908637852,2.24735924789744,0.49654964869717,0.579526513352874,1.26775590213802,2.3520235108537,-1.5385518397482,0.839559115394103,-0.155353933148094
2.1108443728854,0.893868256880716,1.4211128894223,2.20612027538784,2.0573559923526,1.54109595335981,0.476067212083457,2.57116759684723,2.1637508794785,3.76472925273867
1.44934247713531,1.83819241648372,2.58842609074,2.2924752723705,2.31193933298472,1.48686496161341,2.1258150973022,4.04214553633664,0.879890293070452,2.43896570938365
-0.276322476152878,0.935223613048867,0.325982786140925,0.968156411647263,0.950363789204853,1.28055358069598,1.36179446125746,0.651237634568409,0.562451391546596,-0.0816985757010384
2.00800111615322,0.017247626542524,0.103499104202204,0.487578289824744,0.912923602764079,-0.12431496925846,1.51986204613363,0.735970512011598,1.24762867044178,0.874446461357216
1.53564172166251,1.25068981943272,2.40554398632597,3.33946053358917,1.96661730575684,2.9772583802037,1.42733339254236,0.892313411573529,2.80998716819242,0.654862560220431
3.91628978431315,3.29906989028691,3.14323413293367,4.26884921032311,3.74702768972199,4.05912168851812,2.63227641404634,4.71749084411087,3.23084379366906,3.58081321939662
2.12349203851233,2.21849317791163,1.54136844839273,3.64567298507085,2.04878284218384,2.9365121261725,0.335811951263991,1.58378573053421,1.00859548539603,1.61379096357413
2.34897328716862,2.65248014246953,2.23016902538182,2.16887921694324,3.3542350737038,2.36430929149278,3.80404110472756,3.11773029763084,2.73698145852047,3.50811872147245
-0.401110694560526,0.450562221480967,1.39613595711853,0.348198535313083,0.174533053725395,2.46275803365059,0.844816511071531,1.08972773584133,1.0478036550963,0.375480944706425
3.26514640846795,3.83224953159526,3.20343118805721,3.75404115729235,2.05622057519703,2.21475722166194,2.82637865888846,3.96233697417906,3.5195812812784,3.67692857043333
3.76025710209161,3.0969818959388,2.08847248758153,2.37120246472114,1.2531485799437,2.44544589304441,2.6856765451915,3.28257500600835,2.98963963480783,2.22768969560259
-0.206833286697617,-1.95246729523898,0.0265367055695437,-0.229727301320917,0.187354162979979,-1.66339420371186,0.217779565322943,0.260105171109575,-1.10095369997273,-0.211199539378899
1.40061693422365,2.11289303734417,0.0567095161992468,1.90731330503712,1.86657270221531,1.24265421325648,2.20824422740265,2.06033761138442,1.83124668178069,1.78948781977519
-0.739538372054422,1.14105093166672,3.18002171270386,-0.232180966823733,2.00365650080713,0.722178658223055,1.65229477477526,4.04208217728115,3.40481568992753,2.69210225263802
3.01292145753209,1.56868360688117,1.02785574117136,3.16982417525888,3.17124618255449,1.98965815195256,0.760659543657685,2.57560551781715,1.36625388663331,2.64293147066167
-0.0412302321166838,1.30293164443077,-0.0456834053306392,-0.751132998007893,-0.0286127882432095,2.66618717937859,1.43759051607357,0.0512748283072362,0.0907062511232577,-0.50194644228967
2.1834400136129,1.22775999669806,1.86232209291352,1.02800720473198,0.203200127712374,2.03584121603381,1.47740825212556,2.91456667274563,1.83995507931064,1.14534973264997
1.41428344324663,-0.477940746880531,1.5196021737218,0.0322367598242883,1.72981156128755,0.632002545371802,-0.394243681438114,-1.53163791837486,-1.15215689556493,1.24745819161344
0.609817904769578,1.84986852955652,-0.528679074480186,1.70103599132061,0.909954047302193,0.0958114579456804,0.245506190788344,0.371280759940982,-0.376761465967757,1.20760219679745
3.6178953673862,3.95997683706683,3.37669210409594,2.64881276728146,1.19595163829348,3.7636517790144,2.78569243219922,2.3222624620205,3.45596085548866,4.64849507070679
0.460578236635338,1.18625276199875,0.78345769894237,1.54774011433143,0.620215704958648,0.942357989688602,1.11628103779332,2.22651126728605,0.0329343934815479,1.45457179660162
1.84444334529632,0.928646045474539,1.80114849302278,-0.599329825743618,1.21377081899476,2.45317942027586,0.884876868396235,1.36652179991396,0.827882407634751,0.803038034572034
-0.0543409111331399,-0.903859356046338,-0.860285433986846,-0.154467104140763,-0.675623609856413,0.159145625912635,0.726739587271114,-1.17478078033701,-0.33715218098297,0.623404556613192
1.94094471099702,2.20701495677486,2.293950092574,2.94933108382575,3.79524111983635,1.40644195805261,2.57013613805199,3.14063924762515,3.60769500418258,4.33256482142206
3.46186476695477,0.985055274111877,1.95861429720756,-0.0940865821900896,1.43511973823356,-0.0628794852127419,1.16766787694072,1.18441947200116,0.981085054144598,0.709055056030252
2.21134741711068,4.1728118956581,2.01536615650126,2.23723459433646,2.5690808241644,2.19115369709787,0.820031818182398,3.77354053601379,3.31286845739415,1.93087226735963
1.67837600400226,-0.873684693087391,-1.77397949436873,-0.229413564888556,-0.144038064544937,-0.366062355238448,-0.846579385707626,-0.850547914575854,0.539857582929257,1.6665225132342
-0.169876583882865,1.40925615173439,-0.178352347830517,1.16529533599304,1.39424723000965,-1.08592858638788,-1.25786527236108,-0.717944462939158,-1.16320417355756,3.10448663107315
1.60260007622587,0.574293298880884,0.6094891522227,1.79966053452536,-0.81283603085006,-0.129313364856151,3.34969015285329,0.904539839498569,2.75083056155213,-0.31921560787608
-0.625951447714201,0.655740881028029,0.255069315119606,-0.00277798842627179,0.00833390262121355,-0.919292437888019,-0.365590406791416,-0.0862481104894382,-0.463904008555823,0.917472615373091
1.02819721315947,1.53101144008009,2.32877183032123,1.13196272549058,1.9171081799121,0.357706550450542,3.32977901693779,1.53887133690371,-0.055134356873038,1.85101211933879
3.59119902062801,2.47312253066495,0.686499877292033,1.65288427680883,2.30384877820271,1.78468949630851,1.95848543357299,0.926103636996161,1.69867587864785,2.81416767015457
3.95262315703417,2.25867704662337,3.71339463439834,2.6769897505619,1.64684228264308,2.60001756658885,2.80145729209004,3.39052474335316,2.89638001041465,2.85715608680279
1.24892397107129,1.29492016398715,-0.523814119235887,1.69047634022528,2.57607440584296,1.13953124108913,4.76641721441335,2.01571113827961,0.545223446141238,0.86641815352838
-0.211751889762928,2.254098846095,0.505823382429361,2.86605936446017,1.63890501627972,0.917547411281152,2.33454801387182,1.10857357659493,1.67233307112908,-1.05821126310226
1.49876105603107,-0.30696000100666,0.783327244154473,1.36701094842186,1.75634522123273,0.0612361262629009,0.960356588460855,1.02707714756796,0.962050007519848,1.0443752720141
-0.11954198219389,0.0667280640376612,2.15099834869031,1.63143874364959,0.963154136909229,0.747136121361686,1.52062779481952,0.542078221565384,3.17780788403486,0.364838243753911
2.72115178204249,3.70378448517175,3.85775737304212,3.98060723924234,3.38526324686199,3.95437803233823,4.4843771669685,2.40888069928403,4.23662313974119,2.77078288058586
0.440522596529326,2.48248148665711,2.46503276291532,1.01263969800564,0.717213894727415,1.52783381477944,2.39776331007891,1.64327557485992,2.30379532907263,1.58105079363237
1.14008330111059,0.258697880945365,0.65458155381223,2.05936650468756,0.472904235223046,0.749691004478393,0.486293405609919,1.18795867279688,2.11400615173402,0.19110821028705
0.981632631602412,0.727368768782858,1.7866746876576,1.27630887222084,-0.481953539210395,2.43008481396287,2.06710379328368,2.44411381609838,0.493432131172233,1.52700895249022
-0.576920620870028,1.97555037451238,1.69619195567026,1.77925705482598,1.20390917283464,1.20672644766643,2.63413401225519,1.43091378698251,1.15300886797491,1.37981643710722
1.1077729825466,2.60522997059918,2.86622608409997,1.73117952251807,-0.532639987203415,2.10190105495654,1.75900015229569,1.88174770032742,2.46805505412078,1.95280077824059
0.911295703857441,0.116741900626342,1.84748039424295,-0.47729234774262,1.66981449283675,2.12958747912605,0.506344283764478,0.81038688871169,2.22271511846422,0.995576487534244
2.13043039405703,4.14474350896014,1.21034158878512,-0.0765880914823547,3.22535391280278,2.0132164168426,1.06539588127047,2.9972325981772,3.88294301709219,3.58439341426546
3.51746770368308,1.88804903852095,2.87698662059835,3.04748123500777,0.88280027997081,0.312625350342517,3.22138715808555,4.21392452288813,2.6614944942538,2.28811278647565
-0.189311099237573,1.41726861982663,2.06610892250688,-0.534575041458401,1.83883792570442,0.250031559358818,0.121556116463729,0.830283348320139,2.31228906746582,0.599722007254156
-0.964323556034355,1.76493543168055,0.882503713849069,-0.0280686353397219,-1.41549726996323,1.24803279084175,-1.04259142318246,-0.805867560120862,2.72869375827282,0.805277088460192
1.85350882285747,0.606262076479151,2.03047113641465,1.17412598331406,1.12176436500079,2.94649276304603,3.09605335681356,2.93216871283545,2.47830971718273,1.24413536481207
1.78746805601317,0.85893472546792,2.97328040173159,1.65499841937074,1.65949823110341,2.35666638187108,1.47513613123109,2.81056413389463,2.31632741346566,2.95476447587856
-1.39455079944933,1.02270187612272,-1.00401518572541,-0.756346772994054,0.382112813773409,-0.648212843883359,1.03489764508382,1.09367707931397,0.133962270393877,-0.874203726571832
1.56572688109636,3.34456808683846,3.12321421413029,2.06391190542997,1.04847860219296,2.43141136950537,2.33317948007763,1.75582554646342,2.69067124503628,5.07010285521782
0.645759866829433,2.73303385547155,0.0339180568154884,2.55872724041158,1.77021955361227,3.03645046687804,1.40344073150388,0.732549716836554,0.65960397796796,2.36885835893219
0.410618112279376,1.70526679613323,0.167002328983239,4.05198172433546,1.44817302139368,1.33973919830798,0.0736905040677457,1.89719309084591,0.410695770947803,0.0934499893134001
0.165069558920147,0.975000551915932,1.63156366628175,2.22636156869484,2.36689809881458,3.67186087612308,1.86814048374521,0.799125198581071,1.60803473597096,1.83914889784406
2.60043498778981,2.82264778757682,3.10855814165821,1.49102210032533,1.78000522936892,3.53111098686697,2.92614517573592,4.09501491780498,2.25341379626972,3.8185810832644
0.0667072439300957,1.41560245858564,1.29338104715425,-0.209805002759691,1.43001181874157,1.28230960310522,0.92632843412587,0.646644050824189,-0.747770172517194,2.1557601714076
3.75574631242027,1.73519991914063,2.75360461894277,3.48403344300301,3.43807460422374,1.77679631397379,1.73306184784047,1.79500493011573,0.150217709545291,1.03640842029391
1.16248970408407,1.7382328450468,1.69120417759111,0.831481396085818,1.05651403856496,0.935319042005648,0.895664637373317,-0.921583994958808,-0.34909851004906,0.533866361788758
0.363207044386077,0.353814247704575,-0.30261194930818,2.22182885286047,-0.0691405920190482,-0.0395738395965556,1.01888576451719,-0.49527458025585,0.727078343434885,0.40332517713081
0.452396232897726,1.7972202988729,1.47763007706027,1.34388921662782,4.23369689746609,1.1929896178939,1.08752434062106,2.14787688905547,1.94799618679571,1.99326760258231
0.0700206349365601,0.566046582464442,-1.66425652269139,-0.275868787896317,2.24739609607456,-1.33938289965568,-0.980605667751859,0.253199702992779,-1.8957265134631,-0.954927450311292
1.90838527492324,1.11006303540073,0.319003834862729,1.89837318688859,2.13936668330996,1.78162208720548,1.72795609624178,0.0911882521740868,1.97776394067684,2.32020080271062
0.700349063111081,2.0156839495954,-0.158402535189289,0.761369488403869,0.260206219456647,-0.555981309885389,1.46939584581403,-0.157090097474054,1.66567375181911,1.24698017528233
-0.212322967477517,1.42177032929173,1.51889520256763,0.693405394094156,0.507503165935604,0.666698744394064,2.08267940169074,1.11992212800768,1.67581626531337,0.956291556107099
-1.08613785994642,2.83435910018142,2.63211107292589,2.00729716278923,1.65656208410094,1.10886884406556,0.0267774840632989,1.61304004747418,0.413102476149309,1.55319672521321
0.375421835722753,0.113254479531156,-0.424070271769162,-1.0547510572497,0.209094086772382,1.45446978641247,-0.626221337739478,1.24558862133318,0.44749979867199,1.13348484783325
2.8755967033391,-0.268271297611888,2.69680204574209,0.979471676864929,3.45079667158534,2.33205864246344,0.625542521355333,2.03884685481474,2.67628542305121,2.75736637591322
3.5333932742916,2.49765315268268,1.70014008389131,5.58595581989036,2.17528264870716,1.18047408016679,1.85142496404482,5.09689595544214,3.88538191484944,3.69477927381826
-2.57049705149406,0.423727092129268,-0.659075726177597,-0.9005605841842,0.937645126394312,-1.68535804281696,0.181196226134903,-0.272509402712839,-2.06634648805414,1.08553164550364
1.90270843997699,3.23429640133291,1.58857680573848,0.634667982643067,-0.0196373821082301,-0.927398695908262,-0.766983556923733,1.19186957779521,2.03980468591298,2.66033485919828
1.76942235916372,0.496955267412227,1.75673606839835,1.46466680593926,-0.0197303522436365,2.57457797692541,1.75394752806774,0.0981276205165884,-0.717374064229128,-0.132416120350809
-0.108796032487276,0.641571885850061,-1.10167949184603,-1.53572795641334,-0.238672166640685,-0.386029946573756,-1.86106283794383,-1.71163949947405,-1.35719627772486,-0.256964600079557
0.732210912674266,2.03750936731638,1.70635757087578,2.02393668098297,0.540866518169733,2.98387108880489,1.12293931525244,1.6733503560081,1.39047627703662,2.4258171535644
4.48088086600055,0.964219113359886,2.83557550481691,0.013778141010051,1.44274970558478,2.47239696185516,3.15985783932814,1.59699009084,0.755136662876537,2.21408522598683
1.70665810625954,2.47744192997134,2.59944517439109,2.17936846999969,3.20348825753908,1.35742445429792,1.99713260956945,2.86372111743133,0.288835543953109,3.14806014867033
1.53761966052927,3.35655139190114,3.2898478994,0.462782482741607,3.05644896524894,0.968913992963147,0.279918587154105,0.846228708445681,2.49490692397147,1.69732403189715
3.18106077862561,0.107111133565657,0.443166541642548,0.992746111684523,0.820698834602952,1.53320651578148,1.27356908409134,0.670667926948644,1.65768344299144,1.21965403996661
3.58516355901802,3.4187199277331,1.82523595467597,2.47818875304951,1.63112112579966,0.773502520954928,2.68295367497872,2.38434044893616,0.714080882513114,1.93170112957458
-0.721516187921774,0.976780593101605,0.421895820492235,1.25088711068171,1.61330059142085,-0.147322427978117,-0.827088337062485,2.3403145263137,2.13816446505738,1.11583757057465
1.55008633281934,2.05056560105626,2.51696583759942,2.98621637953921,3.14407853941285,3.29096087294406,4.65549925335914,1.08284948911905,3.06076871668257,1.77012785379325
0.651798859818548,2.44889274464152,2.55001935832153,-1.66195615880309,1.80673184753359,0.13522711440635,0.942780334873356,1.63234898116852,1.09177839911349,0.764665525320083
2.58439113058116,4.45189498577985,3.71174090659069,3.12873739909225,1.71054098802122,1.70683310103812,3.07480857939936,1.88172104307743,3.66942775049525,0.606419764242474
2.66053539112793,-1.50420171616366,0.887469245848599,1.58039802658446,1.53836168043272,2.419562032453,1.91654425239994,2.22320962336058,1.32929754660041,1.28040325651264
-0.638681330162262,0.0957151681718847,0.2291104164561,0.30904327164397,1.44703413834814,-0.552330253829663,-0.228148790900978,-2.30927046113181,0.793643801980761,-1.42770699275576
0.554846958885308,0.334509057348417,2.67944601001651,0.810797800375561,2.57275080152759,1.52332301496865,2.75062717519702,1.85427796394459,2.1389671874411,0.951137857098208
1.90519751649504,2.08384832384892,2.06493945228089,0.599662483618446,2.75406945394849,1.90742076229314,1.10187299420703,2.37166654523854,3.03252669058832,1.79712016929808
4.21543893927582,3.00939728656625,4.61496210617451,1.64795069282584,4.64509056469107,1.36615707000827,2.49939001005375,2.21650251099241,2.84131370524491,2.61066784565384
0.354240482015312,0.728234135381498,1.60125053669292,0.282979672235043,1.81598743319522,-0.0459993090859128,1.50769041655662,-0.677100146144761,0.0784621975665212,1.22178729075996
2.89128650759406,2.29896905712502,2.09552519520283,0.420874343207174,3.03936682573412,2.78133930246527,1.78328096492364,3.96186541788752,0.288456067479899,0.902381019050119
3.64272448380528,3.14715278449544,2.34936968160969,0.749509608658703,2.10473506966796,3.09454700440413,3.61498847598389,2.24104841900138,3.89124384902805,2.62961818492795
2.26054985753159,1.13621356368127,1.50105752238366,0.56190052577603,2.10451698595343,2.97543157617505,0.650914333153859,1.1395242524997,0.0444608819374943,0.478443890051508
1.64205883061502,0.0790722155773695,-0.462845898228544,2.01644802903348,2.78532985890053,3.81942719174232,0.938194486782622,1.15345160939306,1.58555503400998,0.66623903339921
0.7142654564611,1.34983222630555,2.65132640773411,2.02779828793231,2.26463390158854,4.65207422808197,4.43530192964513,3.07262064931491,2.71315219430989,0.33828711064872
4.018020136672,1.31377492994195,2.06621120371509,2.29314897463514,2.33491393127049,1.31273262480953,2.04258837067124,2.77804405339709,1.69160431345878,3.60032717082415
2.24572171734022,4.03672658528255,3.15708517294213,4.193631373418,3.26926698096751,2.9750666776632,3.25416071963649,1.67129144986504,1.34607679104846,1.11154407346424
4.29201015454463,2.73674876228062,2.41236840796237,1.66563782693939,1.82242297702936,2.14315638073548,0.538261132402927,2.91255240814957,2.60082383584844,2.06372548611154
2.67061852078393,2.483403123597,3.37740301096109,2.82209598916804,2.87586103225582,1.86437049035507,2.81783316006747,3.03649038592793,1.73269058528462,3.92458370915076
2.57146521989194,2.71554412481678,2.26725331884111,1.38328358935251,1.16663361782591,3.08099595120062,3.64905228380637,2.11346938703211,0.707343646904415,2.81456125679438
0.628976115299429,0.560060468635031,1.60766033481756,0.24242775626544,1.85277224373552,1.9083914343702,-0.524095623020615,1.65295200272653,1.92766599718286,0.532373167389802
1.69872440990559,0.774695392347017,2.31137635865305,2.72977623279773,2.07960089432791,3.14228750898117,1.46448776824358,2.33245710973387,3.12645018365964,2.32396324044012
-0.405240146963389,0.868986643867093,0.224091029387931,0.65456229634966,-0.471897430944852,-0.276548842196481,-0.408562726283806,0.508698396246685,-0.678999501641457,0.854086654629023
0.086134967397924,-0.136291496455642,-1.55420194169813,-2.10039715137048,-1.52128407650569,0.437223106151111,-0.452466230568651,-0.743369411374933,1.36099068212172,-1.14656392024946
2.54606010466376,2.44132861987939,1.76200558949914,2.25815633954086,2.15955265092052,4.95954830685248,3.62743819807266,3.31351238244983,3.46389154542346,4.28726534583705
1.63499746576925,2.02936438190005,3.22295644571589,2.81413838763912,0.292296433490614,2.54159783063775,3.01130413567901,3.06201819099306,3.98546560272731,2.43070930650962
2.42293263552952,2.53451239133962,2.27862765251284,3.31589376054319,4.6200623343755,1.38820951395979,3.3995802653797,2.01976399531145,2.74407327780905,3.80752842417075
1.77661387451379,1.98943669452886,3.65689583458794,1.62377855241846,2.1803224090982,2.83519776691376,3.04176776414544,3.41896950871919,2.87776238704304,3.72151240587745
1.59039235133853,2.20154461359125,1.38498169457126,0.727509688935708,0.944391816798421,0.337942422978206,1.7937768374824,0.846344169876598,2.31021486834456,2.38352773081293
0.906278887862798,-0.958651485899466,0.992809652088663,1.28763426229891,-1.68358687785405,0.340209774355433,-0.768931368089307,-0.524838134897746,1.15605695526372,0.838305220658797
1.55021498963956,0.819087695179433,2.34817727520329,1.8244219819467,1.46144883207566,1.05896561174397,1.80520817500125,1.93917628854871,3.16475395491084,3.59372179892491
-1.79362135311589,-1.37663569063446,-0.906956831240786,-0.191602184919918,1.89763950825806,2.31905061355626,0.145974812709681,-0.258312447746025,-0.891375679795711,0.426960703055575
-0.403286347845035,1.43718515506918,0.690602725859284,0.325628701175288,0.68728982729073,0.702126160614371,0.950608941514106,0.308554393815278,-0.211666118722515,-1.68040448815111
2.39026980186704,1.24554125480768,2.47062202116352,0.297015567659713,0.952464673059823,0.875619209348534,3.73645840557158,1.84202380329716,0.687331061220499,1.92320008526209
3.31761808876581,3.7740899920793,2.74626332917169,3.03598830584336,1.46158068594231,2.30095828190593,2.2923011431623,4.12271875914226,2.4586717457564,2.25294479239122
1.8312120512746,2.61959869055118,2.53366729835315,2.06049666989517,1.26049404980392,2.31670211922139,1.57516564178035,1.51579629001141,2.17119030157248,2.27664706872077
0.129320069687149,0.014960299037059,0.0234473747864862,-1.48704437074987,-0.718850736801269,-0.181066559492626,-1.0373470459241,1.11525575631458,0.262207438816486,-0.473451476026863
2.15559155264664,1.25763977893316,0.811428081263599,3.22953881876815,3.66845884735385,2.28617496713618,1.86239180441968,2.26520941151787,0.577535315004195,0.696398675248638
0.336597036003241,-0.115011278992602,2.39612917951108,0.980548925917859,0.625110693126269,-0.0618668523285395,1.3071120817743,-0.0689461234686592,1.36567819832577,0.315639036999095
2.58972052753628,3.10609997023958,2.83882442945465,0.89851383998117,2.17099523593031,3.67752415453768,3.25059240200114,1.82961866258679,4.80280585061025,4.05840478674512
0.730862199097432,2.92432318296069,1.86251345487189,-1.01122816635723,2.54318101710032,1.51571036743141,2.01823031913195,1.79185014973375,1.02321172712249,-0.0420649862448437
0.358449544027151,1.60669423648395,-0.862283736404551,2.04561120056764,0.866427524725768,0.754263680928256,0.434742080276355,1.65508230900987,-0.0861724001067106,1.68928431062412
0.911549352937408,2.33756878926653,1.61630184973135,2.84938911442617,2.39888016882087,2.64870524700643,2.68063199483551,-0.398294362863414,2.21625094466856,1.89663567353199
1.99544548222569,1.54392163680027,2.61776016939894,1.18815150137425,0.348370926639406,0.957780528331832,2.49762347484112,3.24518797730188,1.15941740546276,0.154068802836002
0.175449126472151,1.82799240698529,1.03949783419804,1.2530493121522,0.591249262835954,2.3832352684744,1.82984288878401,1.48186089054965,0.595351593584036,1.51640884876307
3.17093006890057,1.62928409939441,2.78910467516975,1.8511674311048,3.24017572831234,3.93128988197189,3.15212854109644,2.91194497793398,1.69672041865901,3.4582703397346
3.50050607405321,1.96921164060884,1.53944462448804,1.53432219887802,3.81840312999688,2.95679601213415,1.57074285729168,1.62297541203687,4.23780745375816,1.04737457226337
0.808833362615838,2.06935263492738,0.482918308056872,2.37638917048623,1.89624307949456,2.33760161410589,2.01789258089167,2.14031370053709,2.10507103246605,-0.797863589025234
1.8623849628076,2.57021862869395,4.31865063060757,0.0936088376772024,1.76487874418238,1.84839084008648,1.5463456105982,0.756969734153498,3.29998406441039,3.38921454748623
-0.942911892427876,1.38765215276279,1.80857324327083,0.609793354719096,-1.1506169758719,2.3686999110437,1.3504075183577,1.58195466425086,2.83386339013301,1.42575205196969
0.897536201493458,1.22229301908831,1.30075200820047,0.00399228305669252,2.29246157685847,1.70782537271426,0.821484058247225,0.857878244332333,1.8580535245386,2.04926342337614
1.42482682434365,-0.1236180953444,1.29061280335464,1.15053003718711,1.50521722388253,-0.673951585014529,-0.241149664142586,0.85426683978081,1.57389472917056,2.95470627768324
2.95789699593943,3.05789285508063,0.210425349093179,3.49718447550282,1.59335497091426,2.33295461163146,3.91241902578671,1.26019392764661,3.87521361795352,3.05889908460331
-0.470568427761529,1.47227137038407,2.97481198506763,2.40006495039008,2.35586540211598,2.33354983938538,2.12410608641801,2.97613008218425,3.65216155481295,0.873111275416701
0.844422750824079,3.67025335122396,4.18636440488656,1.05160667621036,3.14967224672269,4.70788385067883,2.51529824215576,2.06551733298497,3.84359936255384,2.27344743707163
1.44981735532016,1.5782427324155,2.84383505149575,2.65512481890812,0.711677925945125,3.92204571496308,-0.390770241889711,2.75379061411213,2.34579903788807,2.20768984196814
2.50010207803868,1.99738587797389,1.16816455194786,0.945628784677101,3.73271417020156,1.95093769660899,2.06410418622574,2.14921887958902,1.24402903567172,2.84950350272022
2.30157645595581,0.882385088371742,-0.329758144412603,1.86145211611844,-0.00965723212202407,0.067112476398986,1.2958017514365,1.6787076836456,1.97139331093904,1.58958298032533
2.84672294102139,4.82917244520085,2.34028768049655,2.73606359813197,2.63375754632325,3.82047127390909,2.04114688492213,3.26771416945313,2.03606213787147,3.89669501963268
0.0650234289415907,2.70978929115832,1.57452802280851,3.23648346056172,2.12772232932217,2.01027693192079,3.43662917210765,1.74609903287009,2.07355020447934,1.32684838199657
0.323388916042025,-0.755914551496398,0.711162411606886,2.07166152664548,-1.23868444528414,-0.26792387380823,0.532552888548094,-0.110100097610232,0.93983548793409,0.51108588378774
2.61977318333828,2.3990671402735,-1.40276424605145,1.3337811161343,1.03832903614901,2.60519008002963,0.249512798418356,1.27720437556402,-0.0995853189571485,0.0933129538092347
2.98565984490248,3.13408398390664,2.49442462504388,1.81040420075016,1.10454354529453,2.02808996039257,2.62172045269566,1.67319528024102,1.34858046884211,1.13394985045903
0.928166694826234,1.68358631992027,0.333039513582932,2.38799531823985,1.07219550102753,1.56303998922612,0.422142845337613,0.130434400543758,3.11737384478347,1.60811812657781
1.77777921905944,3.55180696261212,1.90074691705418,1.66245571541507,1.91814354740338,1.64834754151209,1.3034023180842,2.38681158814944,4.71519040370952,3.32998434574045
0.999315998628695,0.634885250284305,4.22634868160363,2.36610152939681,3.11450251246676,2.41887412324253,1.39616460716066,3.91057541551533,2.37364087403018,2.39049591301139
0.401944924849781,1.4008044216021,3.08863097983819,0.519478821776574,0.93041480809977,0.951517537861433,-0.523779708528126,1.9661430641089,1.42201672652809,-2.21246303904991
3.65525366720926,1.04353401779789,0.406276145129406,3.50031337654006,1.62047418764789,1.45085248281517,2.88753873225409,2.28598620157034,1.30553113181372,2.81804707314032
-0.36441298127786,-0.476079607030786,1.04114274031783,-0.167336424158806,0.598648714554323,1.39598344896313,1.19195351647902,1.20073534282817,-0.986642944861783,1.00796581515188
1.70764405559103,2.33057081406308,2.11406453479676,1.47326781176152,2.33780705983518,3.28637628552494,3.13273265455612,1.52795413612524,2.08466032441207,3.20546883492017
2.1677647151371,4.09928428041579,1.13215262643473,2.01043899315293,1.59626147164043,2.46515231013573,2.60844633231901,2.05672345315297,1.99531770833277,0.968429969752713
0.971757635428928,1.70292887647372,0.500370657613326,1.64031247676226,1.04311126715694,1.15050548758969,1.14900283398038,0.992701534696681,2.75167627025664,1.15816849982784
2.70250579368278,3.11101674782131,1.03304002264313,2.53942134605879,4.26978444294428,3.26233922681294,3.25580925485831,2.21080150419411,3.34052386034679,4.59323463819888
1.00327640377181,1.96307779071704,0.483025108456301,1.53526437418279,2.42265761768761,1.73131511593471,-0.0793553096516477,3.15677468141416,1.34531354853232,1.75717144070314
1.50467300142016,2.53068824735569,3.10200952742783,1.47200028936671,1.68865122738407,1.19125461892467,0.924650280034977,1.08344962930404,0.234071198009332,1.21488898396401
3.07832663616674,1.4153250130889,1.08822043453239,0.0492474039792592,1.07132136809451,-0.190053007777264,1.934686307502,1.87811413491267,1.98493320422814,-0.186575132919976
0.682691840900697,0.0943926391237569,0.629554581410856,0.644780065885659,-1.30182438357071,2.19256725583644,0.707311907012056,1.09282921267564,0.705487284230658,3.04791964072518
0.719419238293248,0.478559927704118,2.82235706941099,1.13308391571372,2.8898720613712,0.738407660107321,2.18128379555632,0.110661015362991,0.668567608594867,1.88173083528368
2.60093208678108,3.0000606502023,2.56054838405533,3.05418849304954,3.53442044415461,3.5313878134362,2.15495264084446,5.09869784981256,3.44878373929084,3.35769417000796
2.68317130189872,2.03338874216555,3.72511556024127,2.51935558894329,2.16944019667879,2.98876307863786,1.04074339938903,2.08445368216973,1.11452482092295,1.97203236803961
-0.103172911814089,-0.151407550278762,-0.516751733901257,-0.200249492666827,-0.493506972930878,0.161750630395781,0.533314573323227,0.431377919386103,0.348550255284514,-0.81534724700137
2.16904609396574,0.932875624535343,1.01013099897023,1.05313828761454,0.262117304075241,2.17470337916885,0.484522976434057,-1.57476516778582,0.756866447875532,-0.238238764228177
-0.454754511488288,0.978596735581177,0.45105513440311,1.38673102384148,-0.280466391980194,-0.0918197187601082,1.29789710874551,-0.481439617646765,1.87766714843724,0.708483605505309
0.49067899352661,3.35207493896871,4.48439143677584,1.73816894235028,2.90733285797942,2.80970513481893,4.8713628277021,2.27702478628292,2.97362385645763,2.04055439787446
1.95401327815492,3.80928237370005,1.19679895716684,1.02634243316156,1.40475025610792,2.57959989286563,1.88800808184646,2.88916080962496,1.94165399729085,0.990038746921782
-0.132850681414263,0.400230828719916,-0.224158441021392,-0.536751813463726,-0.255112705996973,0.163527470790267,3.25683817260204,-0.807224740685167,1.44203475982929,0.0779312837777725
0.916555443209219,-0.87581157241376,0.935242150197488,-0.00919646287009912,1.54954180789419,2.53730778337689,1.16534909579024,2.71413226670924,1.11886483330931,0.626916071563895
1.62072826958512,3.50572087152811,2.1009971688216,0.609090504404731,2.24183812214146,3.85859446616904,2.70455791741144,3.66587803912033,1.33652906597434,2.05017696587274
1.58365908865236,1.39752818716729,2.23134022588686,2.47281831933405,2.73480493687872,1.96803974067586,0.441235836379705,1.57254220094132,-0.00340133708639412,2.71425788988646
1.46446759407941,0.144851946958231,1.12403114517823,0.705155870243334,1.38530256076545,1.85113746930352,1.9392192615686,1.69289495144426,0.248839480262382,0.141039251446939
2.83041629251119,-0.161935039284125,1.65197942240535,2.08230446643904,1.11641608017279,2.30869160289621,1.32747800081299,2.23189000478966,0.353950753591143,1.54061308636999
3.46834367249157,1.55799933973677,2.68784861256674,1.94894308365106,2.70854365787768,1.90803574000186,1.69561064085689,1.09404766149277,2.90894628797951,0.975301075578828
-2.4134928487774,-0.93694862124556,-1.47750391922442,0.0398028567239681,2.45779116621033,0.863598629265387,-1.14350230203342,-0.573719666094413,1.80593104473841,-1.93520800239797
3.08717028820049,1.84033357392464,1.15737712771095,1.01254423153724,1.91033255072976,3.21574703382812,1.36551517934325,0.896315453420783,3.27331850010415,1.8204846001283
1.06811121860443,-0.365499037406832,2.6623517208388,1.85956487281694,0.326363589665311,1.89072895956678,0.158652745132719,3.15542394594434,3.02772920389748,2.23502850049769
2.09850016837704,1.8005372241319,1.23572566418548,2.60677803236744,2.98500845349602,2.36590243886394,1.11460005684367,3.01251944548179,2.3570259891909,1.78225633328048
2.72165421268645,0.201430995199835,1.35627285627717,2.93591560051411,1.39351614334019,-0.0620876432903468,0.303308366163564,1.47658692322607,1.30918605883384,2.41486209153087
2.37788371663106,2.00169055871564,0.359443623728014,-0.292218308478251,1.20479131215675,1.2670734249983,1.93847528345765,1.47695426874871,1.43282465660328,0.24030891716656
2.0714889438763,2.02928002318035,3.21545402407386,0.869659213828925,2.44639741350597,3.30042724814901,0.409060119233011,1.56472136495771,1.74932752158954,1.71530165028619
-1.77424568483786,0.0223158591615927,-0.921754803291616,0.573047505457469,-0.69890601231952,-0.69501886099617,0.623533602122436,-0.0166262907769334,1.00910776406911,0.395293682494578
-0.817000972034766,2.09425417598109,1.11045567578239,0.371811688739189,0.479203340208334,2.00900161866525,1.26724756346156,-0.241241401173246,0.865227388272196,2.24455436878962
2.33967974053319,1.56339620806949,2.5747884894425,1.4390114510887,1.69366260217317,2.16793466555816,1.06772395568629,1.58414246727861,0.901480959776609,1.29942357794769
0.457922576066948,1.31631532349422,0.701442572409524,0.831042834179136,1.64517140347035,0.354457643305744,2.4770222627044,0.115963223745315,1.12156167356052,0.143375942443955
2.14220804605713,1.44666358275614,2.17911956049393,3.02283782503503,1.63201218566381,0.671073914357099,0.791643652652792,1.62767222619107,2.08891152404147,2.63985255885611
2.13347103195757,2.06445348128242,0.613008108219153,2.60371314082697,1.9220252290476,2.9060338272599,0.920379090218243,1.66792603447581,2.681413572705,2.51069090341482
0.0486761322939271,1.04582781935117,2.58706719352798,1.58099155113883,1.90490897842601,2.6550212946277,2.05608764233083,2.19507619786685,1.18194434376055,1.36565376662127
1.33770279988206,1.02583003868494,1.7561633906574,2.00960323429238,-0.074717125032612,0.433571179389421,-1.14072896942869,1.3075419536536,-0.796272066189483,0.313433289692604
0.576513651353535,1.67582723492632,1.49016765383469,3.45962546253698,1.06511733499008,1.7580365741947,2.22865606403845,2.19898286312084,1.03875017583516,0.564424933142962
2.40284353123825,3.79445680607658,0.626958276763994,3.76226159115118,2.48570012066053,4.35218112673758,4.5263645445283,2.24776304805339,1.51885567537482,2.40239831944362
1.99936322453584,2.41953288743906,3.61448632554057,2.07047745783336,1.63893164912121,1.48057294864929,1.24061503427181,2.42977282671837,2.13606758340137,2.12101852836611
1.02814702076454,1.91335746642352,2.17207811201713,1.38020171153758,1.91333111709633,2.46369070228309,1.06746710727425,2.50776930825677,2.40203016771137,1.63722738263484
1.08918171982991,3.57444117518995,2.37925337889814,3.153086132843,3.38284742850442,4.60631214876774,1.15966754882201,1.50112346301155,4.51315676190272,1.86518337757917
2.80045144333232,2.34293415197618,1.17271674053749,1.19069035761299,2.34435467135553,1.91610271040552,1.34436857967315,1.1690882978776,1.22495046730211,2.55833852705601
0.198926651865371,1.81217961801498,2.49247793466412,1.29892501015198,3.08954319695117,0.74917847468764,4.23082620575352,2.04426579580011,2.11695152804121,2.81856019433831
5.52890207438988,2.98772018005043,3.51171660962597,4.41918828264039,2.7137170620007,3.18880598997589,2.75015767441456,2.75853477721166,2.47081451298661,1.27121222690363
2.08333091427742,3.47245071987326,1.34776469012201,0.913703483606636,0.546008210067386,1.15301443265639,0.693960231829066,1.02410646990856,3.12385380473656,2.1418634453639
0.0486665879806198,-0.0697002146802545,0.960047435030612,0.164198228037804,-0.0207016327030016,-1.15296005254575,1.21794421050791,-1.07953718030699,-0.859017442226304,-0.377750287272548
0.401656263970725,-0.712453370513715,-0.156724591305824,0.923497079970995,0.531147719489534,-0.431627683974667,-1.20332220297154,-1.05654687558158,0.62672545554851,-1.56255608733992
2.00974591972275,3.01642143975213,-0.00923760309748811,2.38757881662871,2.0798193361089,1.70856494927557,3.619204648792,-0.145676563804819,1.84280530629391,1.04098067446344
-0.261117902322507,-1.54024942232536,-1.13876510707454,-0.283703477569265,-0.0476118763976055,2.81977515939883,1.39560978790267,1.73596640358343,0.55910110782746,-1.32478469802131
-1.11404814141417,1.09062287287419,0.330506131058682,0.010190744004698,-1.79367789803169,-0.320424243263778,-0.333981304693941,-0.484017083850361,0.126647591404053,0.554147178717241
1.99885105436391,2.14363542657902,2.15775643910901,4.09471313972107,2.70088021373399,2.91471266619223,3.18615193961382,2.74981695486961,2.9943563093538,3.70401910138923
1.34854733192216,0.560767521588719,0.0108849101342894,2.694164630644,0.886019159014502,1.49645099402475,-0.172163965923206,1.31891833392712,0.0579977808961984,0.788164400125604
2.80147151120674,1.18950778305672,1.55338313826967,2.2077806854707,2.65404143715904,2.25639150097511,3.27110091252073,0.669857830994078,3.0081437456342,1.58833611649402
2.79519185292055,1.75310397326597,3.97389817362401,3.48469883227592,2.99441977584165,1.00203415903372,1.98223072920206,2.06832578934627,1.0618849033884,2.36609723974529
1.60114861492533,0.546069182471762,0.621354551049691,1.72842213599315,0.579165503239623,1.51743136403279,0.823786386099608,2.23183365778551,2.16089218552812,2.61841744287319
0.0703160595062732,1.97748451180564,0.985724259548488,-0.481685610273147,1.82716376384522,2.55232598770129,0.599430653869207,-0.727635082497794,0.0886384343773516,1.36282486506513
1.33845934079705,0.834327991236162,1.94816468319089,1.74468183654091,2.68459153047217,0.647245539732873,-0.815476672559107,-1.44274929131189,0.964402245224933,1.03508183472071
0.513600901488271,-0.0149729439746293,-0.728208967509562,-0.438746732797533,0.137679426027944,0.588495815540325,-2.04481220030038,1.54817189267722,-0.0728702161236524,0.649870048654592
0.62460803646234,-1.52415997314961,1.26838596840497,1.79063772594599,1.41966994450664,1.50029919969645,3.08430391839938,0.567728775404416,-0.5099700069914,0.373189629980494
0.757048203985216,0.67093814671406,-0.539330911380458,2.11915922681666,-0.462861911966323,1.29827703021138,0.82848053358176,1.01835835624512,0.982582081888985,2.95806863321836
2.14507892213583,2.65756689485121,2.11503723738483,0.0430918616375766,1.98891784715482,1.99760171266179,2.55177716079158,3.49320117186862,1.10548767351243,1.30749931395943
1.75722626440439,1.03980864373038,3.31309691423633,2.6338783379095,0.53292898124934,-0.792384408118309,0.716060230262439,1.87316315829208,1.01225400575482,0.996642247854715
3.94363764866797,5.36340936942972,3.10069985359996,3.76394445540287,3.40140206859518,4.38871736500694,3.87434046316437,2.08115019259408,3.30451894889132,3.03628485213961
1.26867935337266,0.14135658311453,1.51452699197547,1.53011822467927,1.43527065161004,0.978624678284971,2.68441080768477,-0.584646883486028,2.96905002831733,1.46523314946898
1.43590962117705,1.58672646132794,1.74651665517639,2.9945039440889,4.44145624918851,2.53624028115448,4.21799862179716,2.01733288792692,3.82193822509459,2.46157686660707
3.43889537563185,2.09346167365118,1.78427509569897,2.56116503463939,1.98028074722973,1.13052155005215,1.61488576244467,2.54301795197191,1.89964923565185,2.33304917206462
1.19699894786702,-0.131752508033153,0.958854319121304,1.34277410128528,1.36657038743763,1.84542498193141,1.67323913993141,1.07614112783688,1.09724129184175,0.201303118954224
-0.100155818879577,1.54568997042465,1.09164861622848,0.479728301418498,3.28902479918937,0.529967520885682,0.881079490345336,0.349559262870579,2.0198624444501,-1.68226412880094
-1.12998812031622,0.569500502538248,-0.103074567324255,0.773847351774058,1.98447025817519,-0.00231680432491621,1.54689026351071,0.938277397562158,-0.426080131846721,0.246776489939937
-0.468161096808362,1.2312356444667,-0.201740771038432,1.0180097515457,0.201852704134963,-0.193062129680759,1.80289450961173,0.667901531275744,2.07850872583777,2.22882995235377
1.64564111015192,0.387759313549105,2.66979363683462,3.25540765413318,1.88756588359141,1.96318276643009,1.06133632874417,-0.113021852131602,0.951843683422441,0.832148889274759
1.71670023201464,2.40046153966593,1.53101717184787,0.135945399176693,1.35191628425015,0.287210681917641,0.93485518886294,2.62463010101923,-1.2136842156792,-0.947099373811815
3.13755997245641,1.42466876668621,1.23150894172809,2.51278751877192,2.84494979544237,2.37706993600927,2.82994218364169,2.5799274949692,0.959924568137858,1.14296955934912
0.707702242288564,0.89721503128942,1.43631914674581,0.399290020846053,0.896820207128323,1.51029737556955,1.68127279598576,0.741323743915067,1.03476495074611,2.06695905724966
-0.900268089200104,0.506537510291686,1.89388123364175,0.945633980503254,2.03582337085114,1.68244100208043,2.47354596289819,0.789568630227646,2.27911433760779,1.43948913139047
1.46003091228632,0.38453698788678,0.278410835646565,0.351003548853342,0.685127935247587,0.995747960060619,0.363223419615123,2.57831083270036,0.683418235033506,1.90577711209179
1.09673534108995,0.363515707354653,0.602937010958484,3.11132571238561,2.86176987340388,-0.218892517200703,1.02817685000928,1.5818248092496,-0.273674523947907,1.48913548341879
1.25642475703181,0.815341850683179,1.37666360233986,2.2738095452057,2.144618547693,0.878963253867314,2.2252926823303,0.682914321960754,0.910574865551399,1.21011392414055
1.51604467438766,1.5490673871185,2.62799648906687,1.83815157605933,0.726508936159442,2.09157133560452,1.87634899204169,1.74718729495357,1.64703196064164,0.706404550402519
-0.296658721608455,2.02993049077105,1.27658570484337,2.03955629802013,3.27368537010563,1.85525404471016,2.33316136269989,2.96248976112621,0.182298189009869,3.19047006468056
1.84035402335623,0.95194978579992,-0.0528186184982962,2.58724515852585,2.16768590820198,1.35763220494893,1.9542741621569,2.69458648830747,3.36760956750237,1.01528155431027
1.14497052113837,2.29969669370963,0.361934167734892,0.871478582817212,-0.296625530930173,1.80850225573203,1.34784607883456,-0.644704860504741,1.15510017138363,1.0937364126148
1.08446483460388,1.65187073904504,2.96792323698701,2.28743492264452,0.555718713997895,2.845763685198,0.864611816347631,-0.243469442665699,1.07484486541989,1.32951902549052
-0.997977784475973,1.79528269755743,-0.0445123167371371,-0.863579771135572,1.26280256415873,1.66958401875372,1.16929726250871,0.312938666809083,0.505088187711795,2.78136855558786
1.88243111750791,1.79107035292568,1.66173919163941,1.94900496783512,2.6227379737891,2.87353195759724,0.955044231561358,1.6395496902998,3.74517163730991,2.21210506240167
0.667591324529077,1.77233802307283,2.11199876366724,-0.5994883676338,1.0140233077023,-0.777079675198571,1.39603407170101,0.0185569607027367,-0.967267617313008,0.553662159506281
-0.589223830258467,-0.347402386621532,1.94710449844522,1.4887123993314,2.11301703382391,0.477033707646633,-0.88207487931859,0.615890782980512,0.07369039361407,1.56796596384639
2.60452428412669,1.9968543401707,1.4129770412389,2.63668260561948,3.38474192965024,3.65761584563983,3.12518271223018,4.06548478902627,1.46295898952352,2.92209043041425
-2.29606385003713,0.410124483644149,2.21183614754427,0.117115067990811,1.77255307805853,1.65522638062193,3.36672995173744,0.359481971359846,1.39843902935101,2.14625608869182
1.03206767968709,-0.405585715728812,2.18186183723402,2.01465764217013,2.25718289852305,2.53658462192938,2.53335802637877,0.316312949333576,1.36151008249223,-0.178862981213471
2.0262980896789,0.210274058310464,1.71813566333224,1.02029636130248,1.37815430391281,2.31101990996409,2.45309362552862,0.0612988618531534,0.980855172825387,1.9889800678432
0.0270569698389907,0.00322639803962493,0.259150869422355,1.35244811248666,0.556010395874003,-1.23345311757448,-0.495351184094255,2.44325965084493,-1.81966840448838,0.951275656476345
2.08472047728803,1.47232912594217,-0.0314476825935621,1.48894991150691,-0.438924601485684,1.69087682951459,-0.418459981308958,0.954786240845679,2.14672130897986,0.552015621568743
2.41647160369303,1.70026786515477,0.43981201736824,2.62285870891864,0.960751691438597,1.18370054273585,2.85897647076251,1.55806410369047,2.66693220499447,1.15921768017302
1.05888150092483,-0.825066017603892,3.19011572680385,2.42877735132052,1.49042666443072,2.5484353964851,3.1800509029046,1.44219668215614,2.92667861384206,1.31083890479688
2.79377347336004,2.25394822872164,2.40951673865145,3.4005424602522,2.76587925247604,3.73285246991046,3.75378869875611,3.26278061367416,5.31093398806421,2.17339256504458
1.36419290462565,2.27445498205977,2.0916524568829,0.529539643110173,0.339467943564331,3.11627730800263,1.83082498238013,0.629542184066978,1.74879063998215,3.23541878140695
-0.134911908763752,-1.4238086240327,1.22469936220683,0.567274167033069,-0.623805765610161,-0.136813189172829,2.36537907478889,0.915754603291014,-0.237137613884911,-1.14176546495556
2.54233817375565,1.0840911268494,0.933409905112128,0.15082975086016,0.173402711976358,2.41823760031671,0.9422196713,1.95326831730359,0.740166125462343,-1.36364304229475
1.88560759970968,2.86264534022191,1.48954305644091,0.070235586040357,0.867134707770921,0.829565053273585,1.01263185783683,1.69011813917063,0.742182999224072,2.98825013333046
2.25247378204466,1.17069291689744,3.71921573589514,3.73544733018678,2.34351641851924,2.95354776445484,2.85797627739499,3.7639172871481,3.72796485363764,2.72331570743535
-0.297386167907792,-1.2750496830247,0.380636832342799,1.82871691780218,2.03068679283744,-0.459827196711625,1.73454379176,1.31278678396534,2.06251037026002,2.82975384608529
0.0862786870094947,0.934928134782802,1.10043584222209,-0.561582323639866,0.478271916726249,0.186834887066351,0.881912450359691,0.361607233923902,0.307790369727284,0.0403925026864022
1.16825581891742,-0.147460182578704,1.9922689202973,1.94249174195532,2.18533577413524,1.77844780458188,0.676343751800494,-0.941610448284233,4.29789459320447,1.49126098942266
-0.874920511645085,-0.190802594219854,-1.54756427047896,0.0388976615581151,-0.186970224234108,0.471827168076736,1.51210532902204,-0.0436745518377824,1.19165640577497,-0.640016120839589
2.19099022404371,1.44167284308855,0.952870043535292,0.549279574014011,2.28208747617998,0.0356270290543416,-0.550319158256892,1.72356695949196,1.65744615993933,-0.405060421781544
0.805977763404966,0.748375537231051,2.09049348194385,2.66279517220266,1.80202809983005,-0.48803390654554,0.749268611401444,1.60684982273059,0.794402147717463,1.56363161308479
-0.411404721844339,-0.460306573967896,-0.102557580486706,1.52850346058399,0.71181362950211,1.37926294675784,-0.0397491365860732,0.208105408781115,-2.12507577420051,-1.72643790834088
2.52440474733418,2.80233645088452,3.54282763935897,3.67845287797411,2.65717406205229,4.21315161229673,4.22494126834107,2.28586226177443,3.25242116510708,3.9168581728183
-1.07122490833605,1.86774955618403,0.299495672591211,1.78230254346484,0.762467294447823,1.40325888756405,1.10755040545462,0.474941025610614,1.59995149813752,-0.668107935108758
2.12481814013981,3.19984335740733,1.01102202273303,3.14270297760009,3.45574843219645,1.948593446401,2.66269575142877,2.59260198749251,1.99228798846611,2.71489379125458
1.35236229267697,1.23919205939494,0.643461700309429,1.98154124349883,4.05983252654407,2.904130485469,2.37126743715793,2.64701128322328,2.12881355799855,2.21734920279089
2.06942540294936,1.61566906006307,0.14144660727673,1.45849344539184,1.25502844958129,2.12040421167154,2.94000450765582,2.01440765686965,1.08317644521452,0.781595748361256
0.90794271101147,2.98100534105563,3.40601248445479,0.846284876991243,1.8327050465404,2.23266877983008,1.29322955633996,0.328967459731878,2.56379364176311,2.96562989180563
1.42449183905788,1.91662179678927,1.53793017865051,4.17017875888966,2.5402523857755,2.23399210666904,1.74756579520821,1.02652953486039,2.30410881426098,1.4688956957893
0.788418530204812,2.04658266861018,2.02470641840633,-0.0911148537674957,1.52162168185548,1.46928732799835,2.18950158839685,1.58391056792691,1.24658596951342,1.47534798226184
-0.527177362261066,2.09823623593795,2.16583724223429,3.33901765461484,1.8678995475266,0.792826674029542,2.18917659621152,3.22114698046016,0.909012358950951,2.13259613684626
-0.153919394625693,-1.19261600889388,0.399535418961735,0.520480746921333,-1.08615079213244,-0.717687626753628,-0.678123649238561,-0.159202426908324,-1.05557900041354,-0.498009505765887
3.85200816569565,2.42895949506824,3.44087483174269,3.43130412262215,1.20457155020446,3.17946151198026,3.76105479488644,1.84638338292156,3.50829564161709,2.94056355562122
2.27709839962889,1.06495532951095,1.24645575602754,0.927744204142649,1.48182134447276,1.96215469622842,1.67160564263045,-0.628439072363612,2.06859868660064,0.274609571915449
4.45896488029909,2.90037153795071,3.01556573854509,3.16322866345109,3.30159984457733,5.50521726956899,1.51805854145316,3.15950026807777,3.05576150476278,2.7091076480249
1.58441871144898,2.84458893835204,2.22048294439072,0.449047606593195,2.0384624865855,4.18319978618856,1.28264580636378,0.892210763241755,1.5187603748397,1.64647587768965
2.3708187442836,2.20053528754524,-0.268619089476164,1.49714899829414,2.53488424128534,2.81572181880157,2.45465902865613,2.60608000671032,2.12176628697289,1.00504771141317
1.7029846753957,1.28401779232888,0.0265125885212085,0.0590016686624306,2.14743821253993,0.884187938260228,2.39774443379495,2.92326015709735,0.361763896249974,3.86857633711048
-0.408602198450564,1.08455803429477,0.861200154750388,-0.680567316463951,-1.1258997191609,0.648094806141345,2.35126063109325,0.310835870295439,2.6254135846403,-0.571727720123986
-0.229620438717195,1.37439827406879,0.339519814469914,-0.687411814286573,1.13600220382778,-0.893453025539972,0.869647093898892,-1.31873984746261,-0.992978039125659,0.48550706400101
-0.800917031007317,-0.728041625213644,-0.163860764628766,-1.36375302339825,-0.421732306744662,0.768854699683698,-0.414921138658541,0.743764150893554,-0.210546481064652,-0.454304979993835
0.0171301514040847,2.47542161442846,1.44636040803015,2.40051685760962,2.09152789686181,2.84425452328967,1.11558853778593,0.842290160329295,1.57893903570063,2.19307932187455
1.1504233623395,0.651043604247378,3.55166330560714,0.761908205282915,1.57242579556673,1.48809829753295,0.761042887967968,1.35878657132763,1.54963528204334,2.20960207313965
-1.72201584591617,0.304105370845546,0.0519641894704669,0.713044121301386,-1.4288243168093,-0.0488329185988257,1.34369680629168,-0.371539905447441,0.302748596713243,0.0649341426050002
1.05224040647314,0.159291610230733,0.719760113556007,0.988938739857875,0.768289975407649,1.09385801284538,1.55113176646938,1.3936116896031,2.72203189779469,2.32200080193134
2.06401911111387,2.81961123746983,2.69540178394945,4.15472877241895,2.43202469146655,4.00542786898289,1.44970551648018,3.5143357444415,4.63862020640902,4.19019972308295
1.27139329005098,3.97256221668784,3.60440381332986,0.689508676924744,2.21202393116403,1.46790417176593,1.15448795982175,1.84749294701955,0.670579203458472,1.88599211887624
2.24017788664744,2.86345103936416,3.8934205433087,2.15374745714054,-1.6816707525449,1.84537082559366,0.833714541012127,1.97121720504382,0.794180313664482,1.5120977826402
2.14445703813125,2.47082250152672,2.68553239924526,2.83029821830069,1.59699865554479,0.859086911168362,4.34921910101438,2.78667784748918,-0.23689375118256,2.27156670753319
0.922590481023693,2.42604420147878,1.32767556807173,1.96820292831499,0.927104609067354,2.0332051324699,1.55952845477712,1.30077310596723,2.88583486721252,1.23929067746286
3.96199333282221,2.87554020115538,5.07611807250822,4.19778040998989,3.29870091983872,1.68905431597362,1.78078760334081,4.40125992827517,4.55061837639003,3.30775481109804
-0.121223623748582,0.623331849060724,2.19743827951756,1.29107720402056,3.26365156430924,-1.84100602474671,1.99380099718253,2.1233305472664,0.548845745537742,0.966792677818057
-1.07123547492204,0.878312961307636,1.79277047938176,1.40870500725685,0.413842979271581,1.24985719702941,1.23230296396328,1.00542230122639,-1.14864683237789,1.54136998481174
1.06294821291809,-0.144129197011254,-0.778263966994528,1.42754945380652,-0.834400377664109,3.17338681015565,0.828105971498472,1.52271896886085,0.810898502940586,0.191923587940337
1.94189476221004,0.630013737652278,2.60954782753621,3.08703799302211,-0.706891016246951,2.90408257717516,2.76683738114158,2.19739854218737,1.56247433651145,1.57340876100103
0.888796215566907,-1.26829835425706,-1.0566551194688,-2.06703374102614,1.56906126015923,-0.101008371731221,0.588369944514193,-0.859634029486369,-1.23829223811586,-0.194970640901771
2.81783677283385,2.57132282932481,3.00710815689173,1.5423625090516,5.0341356780848,3.39989300109784,3.22037978346466,3.37355796800294,3.21578197856516,3.70378111318598
2.1091196577097,2.11577416653301,2.62850451459816,2.24271304350684,0.910898622209581,3.52223608377556,2.4110507920333,1.40955344063325,2.94657406577455,2.44052285073475
1.64393920470841,3.27890568893001,3.96772298761699,1.27295764250443,0.204371090762113,1.7133954941343,2.79665657371083,2.29820265498725,0.13607440760863,2.22576589382507
3.60372062007896,2.44415628407167,1.96184362420535,1.7035964558441,2.2075391948533,1.84669919297969,3.87586603088771,3.4641969873675,1.31632532827776,2.80409598924283
1.11431143180037,0.457262714141821,1.47258958747901,2.64253547724957,-0.0174955947922386,0.562699355007654,1.49862117243529,0.804042399543472,-1.30573258305755,0.185318419575667
1.61600298142507,2.99042072751767,2.55432331662173,2.63022156621463,2.04638649161577,0.895495064156707,1.59145676904155,1.74362875204566,1.53395151609316,2.46260999140219
1.63736315343763,3.10936594654663,1.57007784715215,0.339785940965874,0.821194070336901,1.11197286994543,0.897256369061768,1.87328015459037,2.11607225102745,1.40308194633952
1.28527512059859,-0.635740749324434,0.899341374992811,-0.910052581047366,-0.777852456364108,0.00278793850177011,0.685289143924939,-0.73591182098169,1.71439366530312,-1.02525299044219
1.40561306106841,0.336021236425967,-0.96543788385908,1.75742835563622,1.3445586236918,0.229948898205174,-0.598344151573382,2.64712979389943,-0.486811729130542,2.1816433071567
1.48295624115128,1.68372740464559,1.1916051907641,4.16522418488224,2.91605637807729,1.40237716244731,2.96048105784814,3.17234335174933,2.56659735138144,1.163487981241
2.2101243158885,3.01424450481504,3.76846795414688,1.40894436769102,3.76092582115203,3.8999353036129,3.26595958484704,1.97644659674684,3.95230354553657,1.44008712415528
-1.40306708467591,1.15446420572714,1.99397436866373,-0.16956820662862,-1.07461637460609,-0.390781140522674,-1.22570572774578,0.274502919905958,1.00198412325202,-0.411387733356376
2.3933216623202,1.22624661238542,1.30832261886859,0.602002646242093,-0.0880476053225294,1.90567960296369,-0.905565357570663,-0.0649620374503612,1.0099589751899,1.91874553145354
2.91187058682145,1.49529170020967,2.81237607000879,1.91537620942001,1.91087070316886,4.1618600889,1.98145902672392,2.24801590687916,0.464885775698177,0.80132235063161
2.70796068677189,0.702138950924439,3.55379209457915,2.03062879766264,2.55919890598143,1.78473932887815,2.2287889190362,2.76293248688327,-0.0227535786601409,3.2376952649657
1.9846687793902,2.80954921319528,1.24536263177693,2.13424538955351,1.25625278899116,0.997002464643089,1.22096007319675,1.63206788135896,1.51439143726635,0.282930579252901
3.55154921884388,2.55675443388382,1.99861438465889,3.61765803427599,2.82587115921899,2.55009468177452,2.55911536751233,3.77995374435321,2.8403787732507,4.23763706852654
1.36114117068117,1.11462635967195,0.884051630545273,1.48811568300443,2.95124313148429,0.219882623502068,-0.97754376654077,2.91941753992229,-1.00890568990692,1.31553823870036
0.164867067066824,1.14095916086215,1.99558383995824,1.14129714831212,-0.474234639551752,3.04841138345578,0.254997310563432,0.296379906224599,2.54967142823122,1.15605601052381
0.924496814611103,1.5101711187259,3.65629605767943,2.78140125961152,1.51628119747799,3.22471595964974,4.42376907763087,3.90298608200773,2.24666146726114,2.79367486790079
3.86729102389101,3.33630505129307,4.39236148646057,3.30822134233493,1.68445429576445,2.50208128842018,2.7890223314115,3.21282010575628,3.74552470001978,2.43702267970132
0.691082151604063,0.264560077999451,-0.880527981941922,-0.698110345763389,0.906208077055198,1.51278117495191,0.18561519095717,-0.278180514337648,-0.524657974837187,-2.40069819419196
2.01101536877822,0.593927636763972,2.33644466784056,3.58965096199214,1.4555028379638,3.1281024779161,2.57127327875985,-0.205145323671408,1.50479724807118,1.96809437453183
1.50277664367428,1.75054509974382,3.41848939233674,2.19488715431617,2.16265577666404,0.386605918838638,2.45059457055709,2.52830637023312,2.39826061895944,1.10701235461971
0.99121568644758,0.72763182335847,0.733769116368196,1.71778830527715,2.31072573570185,1.36098824216243,1.72242865656018,3.11348705196911,2.68204497299164,2.35207095754882
0.89881229135246,0.0651965418449474,-0.0896549570975513,-0.499979027658833,0.768262415760778,1.42019351192402,1.42513766037773,-0.463601805167719,0.897316248691469,0.377214040459552
3.24901699584114,1.82526585506837,2.3079067498801,2.67263626479703,1.22661921571337,2.40309679180726,3.10266970524332,3.47495603202765,2.87220588742696,0.832443799404102
0.495758234131973,0.417551054974084,-0.0711961782209043,-0.24472612049957,0.652527908257749,-1.45901805709568,-1.0402621409683,0.207994660310963,1.13677409260429,0.504338126572599
0.0438480846951624,2.10630060903436,0.382211773862878,1.65892665216408,1.97096804137231,0.815960554331025,1.07780172469459,2.31615000631921,0.734920208586107,2.77184340248738
2.80200053279669,2.29248530076133,3.65073654147291,2.98590884872128,4.31300465735563,3.06310049356646,2.71498216053044,0.652069184407016,2.86821357437733,2.93008019042455
1.70354233444107,1.82259523060009,2.14450819319856,2.11869811887878,2.59150957522545,0.827448396374283,4.14647453367357,2.7087066116214,1.78850249506075,3.72356273250099
1.36037131696906,2.76788875072584,0.878488785023709,1.12764741231365,0.826585893929477,-0.251175882487301,1.76272710716409,0.924114838432462,-0.257050240898431,1.87463679837794
2.46387077352012,3.34339240374021,1.04839466830072,0.665285290101528,2.64137253267158,2.06365255424592,4.63963315035961,1.50832832575732,2.32874254682289,2.92701030144258
1.48300508556668,0.346861891100831,0.975008745558772,3.73626037270046,2.83925328339626,3.40424023219443,3.51120430212573,3.79938159893853,3.38770205960766,2.68840071226842
2.87737776827932,0.948739281423381,3.17229245165036,1.90223165660367,1.48111423368015,3.1756935951204,2.2767707167508,1.67541423360763,-0.345145045969105,2.67262012591192
1.79849651580658,4.34084833726765,1.84538164123537,0.579710336014395,1.00915718549333,3.44876401405664,2.55725320212013,3.66687663336261,-0.538853350288625,1.61047523617889
1.63529566028856,2.45641449811802,2.40940628851977,1.78599351296736,2.27502035713339,2.24587481703405,2.68264264549943,2.72651165990513,1.69342743993768,2.47630445083597
0.178632355183502,-0.0881362616470045,-0.648556614835765,-0.29645512507373,0.413332416108267,0.336848658433048,-0.238672847891892,1.62529037173997,-0.746070809455896,-0.0973799763418492
2.44477976348989,1.31608012996763,-0.462183354032772,2.17857360180139,1.04159197916201,1.52719091553473,0.0523406365208483,-0.859972065728011,1.4971581294425,-0.407578526581507
1.78332746015582,0.20423494166915,0.231862767606828,0.483805910833261,1.62654527307586,0.692228709423698,1.48635656783769,1.01291321447575,0.241695927048202,1.94316105970457
3.86896174729178,1.31185706997754,4.94701984499629,2.82013375271274,3.26505239600428,2.89682559590437,3.63495479445902,3.89993534176292,4.28808913540468,3.18263119726606
0.176261054299291,1.81437369920699,2.69009783614508,0.759107252861143,0.932392655471737,1.75491662003359,2.11287414195006,0.900389519341211,2.05188303792932,-0.241153947757706
1.84496772312282,2.25287172090868,1.05262442921766,1.60260708433217,3.15283756278052,3.84706183880644,1.58285797806044,2.54813654170939,2.37459131479883,2.13506228239624
0.249863215096929,0.651917195603409,0.703973710560095,1.59840731304906,1.17805584787185,0.0230254573388025,1.1908988210857,0.927391423474156,1.29573382091308,0.523253999150883
0.499350718378395,-1.02059001059014,1.64456105269599,1.37616972463183,-0.318289543185893,2.32826736255106,-0.190949081032348,0.191340150339374,0.0782724282934016,2.2462486915269
0.470459265681734,0.339375880262992,-0.996808623828923,1.86541226066762,0.670426801699468,-0.297438948105916,1.78531242206855,-1.75339257320008,-0.147293961549069,1.45953936677616
2.58895463479091,2.48476287100821,0.764688320012377,2.63464905429181,2.93522372345203,2.27624713431014,1.5426855629546,1.51166653185626,3.14811135078702,1.73054590676397
2.70169800567493,3.58975534694886,1.39174500320371,1.21120824374775,1.80471300238435,2.026076966425,2.11440984662462,0.620518857952153,1.90088758911045,1.62454476347401
2.35530288851721,1.75721541405029,2.15844429067919,1.40425796557451,0.5452518337453,0.00961959613339114,-0.0214127991741246,1.44612094744953,0.85500389161291,4.28326410409429
1.42729274292223,2.61490547599537,1.40763729836073,1.08049343538508,2.28526347569058,2.14399371271599,1.53751806069137,0.704771693870542,3.86721752158151,3.63673646093968
0.160729761926389,-0.731461186956189,1.01463808206768,0.0117263834281364,0.857714917054431,1.6969743641478,0.192360400762945,1.73355823291976,0.202281557835171,1.89934488002733
1.3617970990363,0.658479505133082,2.91766763723834,3.1832128381809,1.05697408582037,2.60737326438991,3.01778414210208,3.15593337875783,2.53817010120084,-0.452801197153091
1.50681969726791,2.16639433595841,1.48948145126457,1.71172748945737,1.13641365374235,-0.333193242524602,0.92056405968343,-0.649250565719777,3.36212823762127,0.953943014475443
0.712226209955338,-1.22504557867344,2.04677471519893,1.18923686350569,1.15315651403489,0.523051226134017,1.38769249295892,0.876737233787404,0.770726692788033,1.53794876416886
2.82372555347879,4.83117809451034,1.95348201617033,4.04237177813741,1.84775190323622,3.13852471066294,4.51530366113473,3.81505912016648,3.53509816109733,4.51091656682872
2.99782074541681,1.17083927023993,3.53277576316874,3.82984066979643,5.39587426365695,5.66365841961541,3.69807753287083,3.21032426763732,3.08159295242138,2.96001113586613
0.161990841068192,1.99045000454631,2.16218565566545,-0.664335945222986,2.34809453281213,2.6868019558116,0.370484610112899,1.64354591272241,1.50649435061765,1.30357142711953
0.0828457114301545,-0.201362002318822,0.805320049458432,1.28807289258189,0.298001028157652,-0.138470483981217,0.830214666856029,1.21191152832005,-0.0589557155436919,0.479594992951401
3.60462147788567,2.04224623681612,1.47357289825442,1.12694292615308,1.45656695971329,0.512640162556697,0.113060874196862,1.03380873481811,0.820726116803907,2.72649933326578
1.61863668404934,1.8286750386925,0.114059688252238,2.75731044462509,1.03074784674813,2.16933712124761,3.25806326902677,4.64070244758566,1.7505087658892,1.25157686382804
3.14228297145418,3.68514653196456,3.23505348452641,2.4378968135909,2.42352048919401,3.13470663260668,3.17854752009526,1.95661945091485,2.61177807211785,3.18040796475812
3.39619528378724,1.55659237500058,2.05444248728735,2.47158799864959,0.195902127396958,0.373102431595585,1.08354915557902,2.22732090852249,2.56406263685395,0.591970924989593
2.17271611897231,3.14609560547947,2.79729197613305,1.95329617377812,3.12533524135799,0.363332028503881,1.16721381800602,2.48293395251945,1.40194874213852,1.27139059514807
0.797409937574533,-1.35856208320884,-0.944718531774288,-1.39551140599703,0.348528954029524,-1.71521247460424,0.229584235962104,-0.515804690029667,0.517299265288515,1.76350970462503
0.311417029340979,0.259367427294914,1.97993848488801,1.83684403266986,0.351650347965186,2.50899951552179,1.55638462541585,0.951336452570655,1.28577315536678,-0.977884476868997
1.38535895143383,1.14982292243875,0.24827675703619,2.11909188724562,1.34677319755514,0.119982377644008,0.339331781355519,2.02491640147223,1.2285340467858,0.53487249607536
3.02594106556198,2.4125860833238,0.963004103177733,0.183608773173337,0.960905682413477,1.74314918229137,2.23969752692901,2.16509009499119,3.63627066374505,-0.429407949811785
2.15109836511878,2.68408654095296,0.594278041647937,1.46469138767437,4.76701163682912,-2.14257630784192,2.92791322797127,0.768368843280349,3.05695563184193,2.87494733064657
2.39017185023108,2.83675489665281,1.59095031034408,1.87012466781384,1.00074766419936,2.01586463962287,2.24090312672822,2.63486020772521,2.41399719346262,2.48136577341455
0.0876517184835874,0.26470560001665,2.5825265281532,0.311644322326147,3.18240526241882,-0.709682381911195,1.23217036412373,0.781311145285597,2.29051152062692,0.341696687244216
