"X1","X2","X3","X4","X5","X6","X7","X8","X9","X10"
0.131177888886551,3.34490781545122,1.73154690413314,4.12117005508016,0.253715656062994,-0.80307069928863,0.360107923466303,1.31819463870944,0.243737725733889,-1.02918937984207
2.54334782004348,-0.551195526650264,-0.534217630517059,-0.120009296897546,-0.851899975368092,1.065687730298,-0.705535949147391,2.66225405850316,2.92969357476213,1.31961300720456
4.62039424790105,2.14003578892971,1.90901513565483,5.36764474470807,0.759340928380537,-0.414449183449422,2.49858136259779,7.6432257271933,0.0541186898085844,1.61405734699865
-0.596293505513217,-0.259262945627053,0.682256328385506,4.30949059717656,0.647213452065267,1.80665489367848,3.36256931555724,-1.20245664582193,2.11204263217372,2.42817572381031
3.18542742961969,1.79500641125489,1.96921706166855,1.9258252262654,2.87102155697281,-0.0384840815096412,-0.718171701359303,1.46000441043959,0.685136543167424,3.9989478080787
1.92185789871862,3.36327328916974,4.01275745791115,7.29020844344184,2.35614838195077,2.87053769424613,1.03349230383309,3.10939098827574,1.36688956905283,1.62092854836713
-0.405257619854162,1.26466249598044,-0.319541076700168,1.1587894469169,1.03643832216961,2.45941960481037,-0.186311115752813,2.57418745749965,1.73411111409773,1.37370346432968
1.90593050782495,-0.55668329898097,2.52269020826295,1.28467168462084,1.5572944558962,2.75773711155967,2.77962665551622,0.841662540906721,2.46929446706312,4.63454139204681
2.57835100333593,3.49093172559408,2.42638228445507,6.29017161792012,4.6675345226346,3.96603262463317,5.12752248191573,2.22469651379991,2.22587079705953,4.96809450839436
1.28421160880915,1.575721190685,-0.488936663880613,2.76479700445337,3.09010914904864,2.55945709482413,4.24930451972456,4.39345847462822,1.52200184874183,3.81055534555963
-2.47500809689361,1.76839640454371,0.775627630281168,0.292266770076366,-2.65530760815939,0.911026483488269,0.841535564821006,5.12863704747044,2.13308861769753,-0.484975550474643
-0.493446430954906,2.77213672041544,3.68082493299992,1.04994903811164,2.26091329113549,1.52795075491189,4.51572370879484,3.65553573347011,0.905142186512472,-0.337365414125933
1.53124517707282,1.30394039912314,4.62366011063812,2.52445948985655,2.8986459216926,0.788594618451094,4.7053715287193,-0.0155556531824925,3.79810127684355,6.88480541891182
5.94053548509281,2.01119213030216,4.09014355591772,1.79998044284965,4.1135368191457,3.55980664842301,-0.398238250228027,3.58117199446952,0.785894294493643,4.76551667001718
2.83802018707065,0.779669093415989,-0.353937735538379,-0.677782563846343,0.959231406459651,3.1253197032475,1.16688771531637,-1.30062229330702,-0.930413404175645,2.40746850721155
1.93673089122953,5.17784289638006,2.75485204798201,7.40781049826876,2.06606233280849,1.28432050905085,3.64155189694101,5.64714981815057,1.59447169136925,3.69906210141719
2.74448318897655,3.87524535563887,3.81213505940738,0.599521598114856,5.3245779103165,3.1756023700574,-0.462446565786209,-2.13936730289237,4.72932915968051,3.34957409169943
0.724387895940908,0.865765994537834,1.68033395910344,-0.590497194141409,0.252362529011282,1.32516922810851,2.34775770047676,2.81221163836111,2.37012333349499,3.7411074441327
0.550949210111999,2.03097673327029,2.24098213828128,0.821193058540268,-0.210787885794349,-2.47698276962219,1.63487047702045,0.31293522980166,0.546033366529734,1.93961754669123
1.73872260819366,-2.14381907624285,-0.83178565621782,0.651280825752442,-0.40348663102432,0.774866183251283,1.76687446935633,-0.132991328624064,1.9149983743018,2.28191041856058
-1.04378805687796,1.00048518286678,-0.242786345252061,-0.999819435218332,1.27734340255521,-0.626154674849665,-1.61564646603518,4.83325925625702,0.150350931581664,-1.13729051263704
-1.30958702645118,4.25714109694722,3.60069417442191,3.06781041067412,2.95207202005934,5.00829850946468,4.18211340389183,4.47554942847571,3.01139725357169,4.25453825977109
1.36632613213638,1.4454469673267,0.564777891989089,0.321388285947596,-0.167438890973834,1.16950967406953,2.41562825296597,-2.81682868148165,-2.59593427044537,-1.49757751229491
1.48315830611863,-1.42931901611644,3.00687407319305,1.25969082804991,0.107876326299787,0.976956140153824,0.92800718250325,2.88507913306016,0.608272896025932,3.33688194283364
0.0484904110398701,-0.866738499091975,2.90836382946898,-0.727477310508853,-3.37255572565858,-1.56672507689105,2.51929917503041,-1.42064824624356,1.63519206576094,1.59225000318288
1.95924569324045,2.62976479547101,4.14874204466255,2.71646887225729,3.43193600188339,3.01422267675955,4.10435270564646,2.24396659467137,3.10062237058482,5.21283080261443
0.487983108106689,-1.5714455314387,3.19515523980276,-2.13583803794918,-2.4856124115182,-2.03148259226584,6.69858228113614,-2.5555675635496,1.12398168217332,-2.33561921863147
-0.626589728652515,1.72720545305481,-0.0570231566727211,1.7935625751817,3.07926362566932,-1.14364400332498,-1.4502782355803,0.85429299983712,-3.97851401077053,-0.36940453191234
2.21302310203941,0.0708774053271628,0.878391771312917,2.29793145185372,3.51397531460423,4.23208525863398,3.56342097170032,1.72654238818706,1.05223246878541,1.2651099428418
-0.507577380104095,2.33666377753265,3.40331119972889,-1.20051298975597,2.44513051855135,-0.059035097875157,4.2920849025304,-0.922510650757574,1.58836196348671,0.420466419318548
-0.501749321537891,-0.595149189579464,1.30881819350162,0.111898858727895,-0.143549209266605,2.81135307308053,-2.36893876367806,-0.687329023752799,-1.70206916147996,0.910234310103706
-1.56356891920061,-1.04675150496589,0.204407082705105,0.299692809052618,2.04044420322019,-0.154062131879207,0.345049482064158,3.13750379193355,1.33760956851815,2.65011067560593
1.3544652537931,0.753962185885358,0.610726473061416,-0.790597614957722,1.57556260943654,-1.46355003717643,-0.284221514839824,2.24431263671734,0.2216552546619,-3.68097590629062
-0.289278437341168,-2.84940560068412,1.3118262219538,-1.7877277279475,4.38391345517701,1.61210383332083,0.210466123492504,-1.26001888303557,1.19455056346522,4.11092906762624
-0.540148005424387,-0.0429303433079786,-0.458076896460846,-0.607695367290161,-0.366167841182335,2.24725737072112,2.34373323372862,2.38403702029146,-0.451274890628561,4.63543773168007
3.49577523387933,1.45398998639879,2.10107969970448,3.53135686526475,0.568974193869897,3.4347007968534,2.19722113365197,0.424874134750102,3.8813221045089,0.208378339977747
1.83417867151259,0.0677075628283021,-0.346148140637658,0.80582244910998,-2.3713299663431,0.724750961789449,2.0126047013603,-2.99958449155682,3.63315489445322,2.50683188366932
0.937172643673483,7.36174478887692,2.77935961175971,3.59071286932906,2.68481003642291,4.37668332228062,0.736315625596437,3.34776210570592,-0.370062352725542,2.32903967356942
3.30294944042108,4.37069072743329,1.72369030286819,0.96545281592064,1.26695914500537,0.24362209379778,-1.25332393291231,-0.551109709373332,0.664179858534519,-1.09341555688273
-1.77152906309248,2.40418537312993,1.36955241214009,0.513140876970022,-0.763190658527083,0.505483725755989,0.471168207274536,-0.347378844285846,1.14367439838253,1.4073625762793
1.55415855558063,0.827328231583247,0.562640608387799,2.63282252743663,3.36245226617022,1.49982705849023,2.15816530244392,2.35673803800784,3.16189730263649,1.22844991878458
-0.324021870821191,0.074870273990705,-0.0575162047398849,0.55164494287479,1.0722199534386,3.12168065878856,1.29443209543224,2.21806998461483,1.8247987975911,3.0031485405928
2.20424780935965,1.88409261170734,5.70329534868184,0.655566042559598,3.18735100566733,3.87439055659695,4.61374306383618,5.28050065415551,1.44075082956101,-0.146739737542873
-3.83453784524079,-1.98319203048591,0.562724622137086,-0.899812471456949,-0.392790282576436,-0.110235425551994,-2.07373964994251,1.55761415662952,-0.043901248655668,-1.53173898075053
1.87487948557139,2.5097715059088,0.0171329947676067,1.47658343969755,4.32693130741605,3.67302150165878,1.70588579384969,1.0082762184638,-0.101167339903828,-1.00482800994589
1.71410315446668,1.60565226891578,2.23526450578308,1.00602177381503,0.857844734141433,2.0183377731988,0.371227659321686,0.781418991680797,2.0563111373293,4.42667902508077
2.82395965227751,1.18173938813295,2.74476103725503,1.95141344874527,1.88900870476348,2.55323017635172,0.361704327602688,0.537573445331181,2.56078612118526,-1.69949340820741
1.95409133112532,0.483012092208343,2.00922417039459,1.95276498789532,-1.2960272280761,0.756924910487319,2.84631387418057,2.08925808055996,1.33743737961243,4.05006919177375
1.72824998977534,3.81965333513962,0.251070292964958,-0.353774690851383,0.950365485427629,2.17110476642554,3.62677794883822,3.10593453202068,2.91354878915595,3.41561598229911
0.617870153842394,2.02754405378739,-4.55006975892129,-1.85524826669949,-2.41275380311499,0.394690777324745,1.95816377896773,-0.580687108135099,1.45702890342068,2.32359171348244
2.79598167252013,0.212523746954698,2.13905546104828,1.60580135490839,4.56594333878139,3.96189925550542,1.64809387246086,3.26411112117757,-0.696136773924506,3.29603967959422
1.00527701692669,1.6824211383239,2.66929281687944,4.90060889378989,-0.909666337493872,0.908816103456564,0.301936064357613,-3.60957750082629,-0.602559747813674,1.41519479750762
2.44983966725958,4.55356846714455,0.465827021513696,-1.12524841030015,3.17941148826756,0.608895296953343,0.509289664020816,0.454951300374111,2.5425900980609,3.92799528622853
-1.12768272083543,-3.24284824234975,4.44744337748157,2.5539223920102,1.75596167963133,-0.743641673613564,-2.04266575905257,0.610596301746031,-2.37999983147428,3.01930461321754
2.92613284300603,4.67887240446011,2.02099802393444,2.38696514585486,0.228554536438604,1.91058487603367,1.53220565181744,-1.20185623350199,1.2846692381191,1.54847628196001
-0.0368180694265159,3.73346509967203,1.83102007562812,1.88779528236301,-0.666823231937219,0.81332515701664,3.0609294732845,-0.438404322268348,2.02838443820717,1.00280263838904
-1.85141178077629,2.70772135305472,0.735033499537926,0.0156399382835684,-2.86457963960103,0.168808705939254,0.465824007932798,0.28110849119423,0.0898550293447485,0.457807227246856
2.93571279328818,2.34579523092375,1.32903891272257,0.283477108390108,1.04841430013943,0.252837524727903,0.153301630305463,-1.40097773193795,1.16599955939237,0.957602105301388
-1.86395895342352,0.964022133353945,-1.08297724864731,0.932953738695351,-0.219641879682635,-1.37882719152439,-1.50740913089622,0.614591548787671,-2.3267477042436,0.785090800599704
2.59838929931164,0.289650059828711,0.078375367947997,1.29927894880827,0.634044218226578,3.74545523328175,0.175181567131031,2.30871161475473,0.804824163513012,1.14451871237539
0.623601456911697,1.64090399211481,0.24386860888876,2.78700321190322,2.09648289890496,2.09426422543138,1.70768837376175,-0.597637196885168,-0.210843500097528,0.323039104257549
-3.45533668076352,1.27987107332212,-0.0281311418191487,-0.519588293727573,-1.47998815136949,0.624974077458774,-2.28634089600032,-0.832009323366455,-0.260133863226276,0.451513768238762
2.74250968679925,-0.171041283254898,1.33160601600834,1.08485146307126,2.12108915821684,2.15855274155509,1.87099979524565,1.6989053546326,4.15249864998269,2.40065527530895
3.82057765474504,0.914956007571725,2.4755893351688,1.05671804136013,0.802173180313655,-0.74174136205901,1.8089221803934,2.95891679082139,3.01786639614472,1.0977746245716
0.120040057545638,-0.208514198413599,-1.13290982338461,2.91237509625992,4.2339356909257,2.2085936088541,-1.73691733299107,1.37693396949921,1.47703131331131,3.98273202455691
-2.23891334229018,1.26178898889775,2.16007016503343,2.41890993098843,0.420241541990038,2.38450322648396,1.66624881389161,1.80757291662209,0.400508931623216,-1.08835886363088
0.960371743202308,1.30636539204124,6.19627008613253,1.81318366174085,0.106542334342997,0.530010560632644,-0.559958024525014,0.693259914353373,2.53656153643266,0.591977500538981
3.17555623641077,5.92856836511412,4.25476025369329,2.07630769500151,2.23357846454363,1.79935952324273,2.43563072915103,1.22703471413315,1.20081847085324,5.00825687374323
2.47423860919975,-2.72455848846925,3.21110183474091,2.59747571257499,-0.53566057589663,-2.03244437620804,3.4290151261291,1.98800679296567,0.174103443266403,0.874696549436577
2.50694604383959,3.21920990566193,2.95211898125228,1.83917315583533,2.43010235714271,1.63778200473192,4.23139805682661,4.98716137444375,0.626540519937118,0.608862983776828
1.48766436923838,0.191902598867103,3.36636179268724,-1.71831996267779,1.09975803943997,0.858746363658355,1.33562162328754,1.07376317529327,-0.50981492869686,0.193009508482515
2.1251032205368,-2.20826340589605,0.0568963537070876,3.68803267989001,-0.415812221915151,-3.70994755721541,0.635573846711376,1.48153622578828,2.88300515993128,0.94941005335253
1.49907492262896,-0.799043934642879,0.382709488171269,2.88796586348613,-1.98767505573853,-0.965486594998662,-1.06458810014515,1.80862334939887,2.8832597980472,-4.14709527475602
2.34670332921763,-2.80035226290295,2.27583488490887,2.33413853347186,0.924739531667966,1.67973509570392,4.15343155507693,0.226478639992979,-1.71651421132189,5.26158310439317
-0.251470127525569,1.75604475892502,-1.08504976222541,0.984385045457681,-1.44209378055336,-2.18468519971421,0.662230420068469,0.84730427025244,2.95372115532837,0.124853813424539
-1.10842399959699,4.08676302613976,0.17659427540816,3.52815953078891,-0.595193946309502,-1.73327287049091,1.108077387117,1.82316575200984,-1.91082947764926,2.52783701452085
3.53586166314054,2.37461945928543,1.06317172773425,-4.0352354438296,0.223594955174313,1.29698173387116,3.06299977774033,-0.271751692330946,-0.219117491538612,0.467476315640436
3.20114132031962,-0.738909136113122,1.22996310377131,2.31463962214901,6.88952950546012,0.976188141851352,3.52241685505592,1.1509731639932,2.79916134104302,3.73484053122401
2.27345807691216,1.04951689738114,-4.17801156259731,0.153003979543197,0.447090929001651,3.93480450305163,2.40008243285765,0.942116870732058,1.76279626636347,1.64014979959359
0.579665214425923,-1.36144107487105,-0.251337517918371,1.98565574428651,2.4374284257039,1.47710016568278,0.840422321045474,2.27141108153055,1.96342919669457,3.33328364040848
3.83554423535355,-1.61318400174853,-0.147433854370501,-1.71242416227188,1.32613860794149,1.77325535089475,-0.174059654018682,0.381276180981929,2.16632396046452,1.64970336780675
2.93772327794951,0.500844416103292,2.54563672694745,-1.0343820653113,-0.857518230851542,-0.974623299844249,0.867434310127406,2.83686579426766,1.42634908584819,-0.00174423322183115
-1.80653255993678,2.11609724867777,-1.2472615479905,2.31776151705424,1.41037821478405,1.21921644558181,2.94386434295786,0.98784121041287,-0.975469786686085,3.61582358802563
-0.65559989810041,0.948407596376244,1.97536148829938,2.64841626276491,2.32640829164515,1.93307451154194,-0.406037838831481,-2.92382896980764,-0.0342007434923908,0.377748902343609
3.34264063135173,3.92593643767262,1.57706882998943,3.26601945043362,0.558061419472334,4.28258604889163,4.82661917571625,0.0701921637950464,4.58894722211605,-3.10886565867035
0.756603465393487,-2.41465223618623,-0.0321370578534417,-0.357444569938305,-1.326814321183,2.64349408037438,1.70659131216464,4.40354484748411,1.14644084447488,-1.39246342460361
3.48818060137414,4.68281002352894,1.82118561363491,3.72113889525127,0.85528490727371,3.58858621362439,0.00154750828017081,0.595358152336013,2.24538960274073,3.74085296562354
5.33458629105778,-0.111211499154779,0.589706526619904,0.419132463144441,2.1158328796147,0.974157437507195,2.36792570231538,0.936201860626668,-0.643887875196465,2.88817455595892
2.26708923563886,1.30314354126049,3.66279758569388,1.65913602049547,3.03363686065417,-1.69761531059089,2.38495892773577,3.73946057884447,0.673537464812145,1.37190481544081
4.60617751195439,0.500645647614701,0.202131295948015,1.46641385366279,-1.54421000204334,-0.708517098182099,-1.85014196242662,0.267420174522687,-1.15579575082025,1.92670952837421
2.72897748149705,-0.16387491614277,-1.14485020797532,3.45648731699323,-0.507561442444332,0.68737963624072,3.16355864240773,2.49410278962089,1.49510249228618,-1.64477438950422
2.8415625382689,0.244003748962596,0.185893720036316,4.26474885535926,1.08005182792221,-1.23905818050294,-0.507017930018055,0.719379785321287,-2.15522264361918,2.63316666618121
0.170284568418495,1.19017315386753,-0.21896313544096,0.986516098654327,0.984808905416343,-2.50916549781761,0.127245144367845,-0.806336754050451,4.08123907065843,0.743854971883246
2.15161531983478,3.89576393623442,3.44843638067846,1.5137886009784,4.13273282339867,1.07109274401803,3.41966152842288,1.06337831838831,2.68412675334133,0.728414956446849
1.59582283223231,1.34904234674607,-2.08575307453778,0.373052969896082,-0.867125309800344,0.391184135563551,3.28288489749678,-1.55315569343702,-2.09868528125778,2.18094468822575
-0.670981753735552,-0.56624387541942,-0.181190666392699,-0.750388846065217,1.60607686056909,-0.376818545770801,-1.06930907370386,-0.50085687980967,0.0843656014116786,-0.0778439994299802
0.141063009496627,2.06386457738013,1.60796471430879,3.69396513310216,4.00244639912726,1.62220234405489,-1.3588411861161,0.439716461345803,-0.581736990717979,3.54262456047691
4.21910729205451,2.85713368416113,0.532769361008308,2.43523722118129,2.74235678945216,-0.950450345209003,4.24303426397177,4.30908285269628,0.163391711321299,4.42011874314427
2.0149781615028,2.62771959486862,-0.266971386970508,-0.552153299966465,1.92507564836929,3.15083928771432,2.20159367991352,0.44903417090966,3.22468295455149,-0.439562808925436
3.74901011991408,3.01263152332836,0.860175822863497,2.9123955695423,1.46924628688484,1.97109238945393,4.18373202098009,-0.379174233857202,1.86505047854265,2.75674489341061
3.41575042912918,-1.86792811802725,1.39622372113365,0.874474251755561,-2.48304919137373,-2.50188726657921,0.406930103296076,1.32368120151358,-2.60056979578006,0.474779291133504
1.85750851417029,-0.624924101108195,0.393950784496211,2.71156712269856,0.742054215382839,2.46719415887728,0.622251626303177,2.6449194167533,2.3113235433778,0.781353017348634
1.95923797296102,2.97308058880406,3.79360613608083,1.40279820576484,3.33121075893916,3.33611145764382,1.45373127166113,2.37081020072921,3.88269509726388,4.46729264851589
0.81681980336541,2.61149715300804,1.06832084816634,0.52108815118491,3.3739914236197,3.02587643241878,5.27665723173145,1.10123041699809,4.25313841186368,3.29871183397892
1.71858390911488,-1.61451241685612,2.2621487984883,1.65935251320884,0.844453821908244,-0.275149089043708,2.76717936733233,0.807022803997473,0.311726492317139,3.37026962877459
-0.382291544533383,2.48080012896836,1.51562310403544,-0.31248429234277,0.967840730390556,0.328666906115745,0.188491603004278,2.0608229055247,0.860396810690216,3.97102369479098
0.4987055245236,3.44651440109877,2.79513783562924,0.847695563480394,1.98151874570947,2.85833797107838,-0.520919655713819,5.69389296765508,2.82928675231832,5.5629815910194
1.49442541709475,1.14279573335411,1.15140112031009,0.867249398246916,2.74391756967718,2.37529874923828,-0.88587094881897,2.18642669698146,3.92962037352603,0.758508455096149
-0.508221803333499,-0.906780281785475,0.949098550765137,1.30371948449295,1.96879811903263,2.75162290312489,-0.3869594496246,1.84621819622425,3.00776208283442,3.36056072515751
-0.849032853701846,1.1119187879571,1.01308035835933,-1.85827054077131,2.53339546905214,2.53679855566007,1.84702679142459,0.884194224107513,1.15141778274513,-0.808359732277317
3.20550006420029,3.17796337011165,4.06715150869032,3.54640635910511,2.272613051433,2.52238954587801,2.12471061142563,6.24214618162477,3.77169558587176,-0.499874776157548
-0.725351035373929,1.1512559735383,2.07677318184087,3.85736087309792,-1.27087964382435,-0.397922779555369,-0.0330374246446532,-0.405790788624324,-0.458487651685375,0.345077395843135
2.55952787593728,0.773064815677018,0.292713642107919,1.40943903077787,-0.794517899339248,3.04916983671223,0.377754011618099,-1.78684078220036,-0.457123582002558,0.703484159900501
1.73843282404757,2.4957305763508,3.10208028519528,3.04700863448258,1.79046982440302,-2.65944607470237,2.37399089564951,-0.0558425920018712,2.03735970615012,3.55610429823315
2.26269798120477,1.26675133893479,4.12363104429743,0.858352587086114,-0.697406035617507,3.58563953739409,-1.3311520443604,-0.988365332673425,2.33982088642391,-1.20543268925721
1.78279122751965,1.62023452994141,2.40381347059648,1.92814068743869,2.07583539839419,3.21207654416907,1.01492356370963,3.94260598568519,0.502039135510416,4.32650951148794
2.03393607172991,-1.6208759014379,-0.561228345357245,-0.963768832504652,2.13460481775637,-0.209535644989052,-1.35320817330128,-0.314324047039402,0.313098761533987,-2.95621460459151
0.333319476456526,-2.82525910296524,1.770684167606,-0.50768389688398,-0.636043672337405,2.65613560507335,1.90215912461557,-0.906088493113199,-1.02952140180196,0.246726091489155
1.11937719860506,2.38672937857882,5.45845709435644,2.30043629604661,6.58045231315898,0.667051291369432,1.66443617728425,1.51299407039261,1.15969455736329,-0.134150383238124
-1.91390928579696,1.83577201567526,2.11092638680723,-1.56334354060062,2.10486678684485,3.57536601517713,1.33683929440976,3.31003948593494,5.01614788073293,1.91895026510826
5.74688240926804,-0.27359803834709,4.2644626715184,3.58531139165511,1.16519253354027,3.56132628972717,2.77720375023158,-0.184045819512304,2.62157567094236,3.55667346303087
0.623883509494848,1.63925449132885,2.97046097001182,-0.647994514996467,4.39074850435071,4.9987429573142,2.07530258500694,2.61502143006831,1.01949832392765,3.30097025999211
1.97165085204852,-0.15522399956498,1.08925935853639,0.482681457346398,4.5891513670237,-0.234177157334005,0.714279943007942,-0.256059672773517,-0.121556539596181,1.91503960730729
4.47086073696135,0.523936049453718,0.606859884611035,0.36067277899963,1.07246272900453,-0.57579914522603,-0.59574900115543,-0.341310431015273,3.33405592007818,2.10437839574038
1.75932341570168,2.64562556462867,2.0758665693351,1.2266401809331,-0.037384527085786,0.648537051072455,4.13054193690861,3.99521210601261,2.51001935613801,1.80669673761445
-0.0384038545722909,1.04174391166674,0.448651213799871,2.3016673338072,-4.21561941441883,-0.345845270589753,-0.458031976097455,-0.449086974427451,2.04875110674517,1.0352319423068
0.133908686618603,4.07559654403504,-0.171843589885596,-1.68526831456901,2.42936270687571,-0.429012867362482,-0.576926106405581,-2.11622158335212,-0.390921479722184,1.04113251018202
0.625912845404622,1.71899346540801,3.01166737712221,-1.08147188565379,3.25730553726858,0.134066867857692,2.48342760914316,2.83786022271375,3.5617879898,2.49652054458895
1.90031672923008,3.57696605668984,4.02960598054357,3.98282492572283,-1.78976804508983,0.997691572148601,-0.34391351785336,2.19280874590216,-0.0788772741960397,1.85477308826969
1.26851489569126,-0.438297855714412,-0.588330280715904,1.58440317268847,-2.74022562174662,-0.183715811052382,2.03566260342403,2.67951428493517,0.830510844226485,0.126937021575463
1.66567485049901,2.43768988707694,0.274110445294033,1.6884860033976,2.34146839786219,0.265839494749215,1.34362431564834,5.39685826650112,0.377771748828569,2.61533031622835
-0.644113709564122,2.58282588939644,0.0851200484681394,3.27064472786668,-1.65588241878041,0.636986862640968,1.50986551194804,0.102693057680222,4.06919460593055,1.74403826246681
-1.01832174093358,-0.849515791101635,-3.33388174483376,-4.06712926755788,-0.743674456653246,-0.872523793116176,2.97654568993122,-2.33130398847708,2.15887818557157,-1.62767007875068
3.14913453529556,-0.690584419764855,1.29869628156478,-0.660116853467477,-2.42355512821503,1.61404613854425,2.15690507804161,-0.215933725472962,0.773109088972582,2.34557492918624
-0.514054983022344,-1.52049482629513,0.390187137076601,1.57391920401445,0.900331868060889,0.140215547610461,1.28022242377333,-0.58612875853027,-0.739291223843285,-0.146084091709496
1.79969583052002,1.17798437465488,1.99403758698565,-1.75202300275935,-3.17775780813388,-0.344587749943658,-1.59628863378783,2.73943421366765,-0.456226441854775,0.905285275414138
2.81358690836327,1.38347529386893,3.45354925388818,5.70856093533515,0.517194612447733,5.02829644786433,0.803534360815452,3.30618100961493,4.52697981476122,4.35023136271967
2.24611820366085,3.64739660230279,-1.35293141776663,0.590193414001425,0.64479434036766,-0.279424847283685,-1.01588243285143,-0.962580762362724,2.32021710963939,-0.30231815241968
1.28665149464072,0.62094846909001,2.6479623996465,2.00303120371118,-0.936966345717422,-0.266872097299409,2.3692791522109,0.705475088571624,3.28055799279108,0.796355149749526
4.59724019659798,2.42732882652544,2.44528969011337,5.09323107086533,3.49330269312331,5.81172766806298,4.53005632255909,6.90784967440505,3.23972289279479,2.25037004598485
4.00420296533328,2.05976215297679,1.60325438650779,-0.193114791262792,1.72804524597613,-0.420433018873293,5.64877106332378,0.500208556536123,0.170344844390458,-0.539462483153288
1.54935939275322,4.33224140598127,2.9286692735659,0.0603151338685569,0.567232618659612,-0.474854167319062,1.73646717807052,2.03687557213749,-0.316269524713616,2.74223821540122
-0.678787436294624,-0.250179091322068,2.82277360166923,2.78527670594729,0.624843908528924,0.184021383085427,2.45124645314196,1.81079195540144,-0.0971357198259515,0.726941299814915
0.625733093924496,1.44459059354665,-1.38818923603199,-1.44742768448811,3.37083877711293,-2.41874782711693,-3.100741872169,-2.70073029099276,-0.642756592307258,1.28487402745676
2.56698597502603,-1.33988919080187,-0.387253110779077,-1.36672607649504,-2.29090318006528,2.7095039261041,1.98224973257121,-1.20866673178172,2.37428192403729,3.08650454508619
2.20958376895165,2.52134832111331,1.93725883849387,1.39575608740381,4.33206794244284,0.00693326274765571,5.00678681273097,2.00343379835402,4.02846793303197,4.23987101975563
1.35265261298659,4.17919856614011,-2.61550827843118,0.32286885229648,4.11368850191901,-0.572400137234257,-0.284797715955727,0.959932150712263,-0.202225704453177,0.623176240536394
3.56780001112917,1.07397642027716,0.399754734748046,4.11526635576472,5.214709556968,2.45098676463006,4.25659907351749,5.65691566491138,3.44437822494154,5.35811481973853
2.8013345166127,3.21013218211288,5.66403901185664,4.40406694127221,1.13711378531169,3.40945135001266,-0.506402381484846,0.414754545562282,0.0894547000625465,2.70829001936626
2.30610128419551,0.741076976486782,2.53773976830699,0.852950939318586,1.21330166497898,3.93167088689319,3.7515810743197,3.62003386813763,0.767659512140737,2.84691641186061
1.66962829852571,2.37009924413746,3.56672022280059,-0.582340921502067,2.77614717886551,3.51080372829663,2.25193467470941,3.32914164598164,2.50204088594967,1.70084274213921
0.4541214087496,1.02591421097829,1.46032286941986,1.27180081782338,0.275747202821854,3.15998265631936,1.6041819208446,0.395138461926957,2.26757166683033,-1.80809042768545
0.933805689805348,-0.0999832890366172,2.51569375367342,2.81522185480943,1.81923496270273,0.296938751169763,0.216800729548389,-0.952376379624139,1.16242281232749,1.03117322294385
4.9129496041008,2.23476595476691,-0.62950403260979,-0.879892939960144,-0.392922820696371,-0.677103860335667,-0.0498686951122005,1.54675361606384,0.260350664156985,2.50294386088426
-1.31521958496585,-1.78513508166108,0.393343482936643,2.58839130235304,2.57714457314935,1.78733246584184,4.77905214514111,1.21652033387231,1.72527776727813,2.1723571574924
-2.40202673906362,0.42453510160234,2.41555725541157,1.89189511849705,0.323431730700048,1.40061684152976,2.84480691473398,0.25332053303569,0.0166579356740219,-0.214710677854328
1.5477769435994,1.83505078895447,1.51291929626543,1.37504981184558,0.0488414770257266,3.33698391493355,1.6047128006651,2.84743224657913,-0.108359611693715,1.43435330966086
-0.725706096307691,-1.8119942766376,2.68634539881131,1.63148908244765,1.0934247601791,0.696478903972228,-0.851614098098821,0.922511145972053,1.12375859723036,-1.39992165880906
0.312605732319391,1.63139711865892,-0.452507786419645,0.908505238085235,-0.0780274249899495,0.451047979126873,2.7278609941446,0.836144798432367,1.20200918806028,0.22374847517771
1.6732331274619,-0.164291039806901,0.964941231392324,-0.773207965862123,-0.635263001788799,4.42745457037606,4.23695613959629,2.54617610043273,3.32845000295833,1.74171138276923
2.71962573921326,6.31279549951301,3.12768231434449,2.15714428896851,2.94835813691107,2.32711218493897,2.57333084437069,1.49247326390287,2.43665203863778,4.105126622052
2.47632560367279,3.57011989994532,3.9614604259887,2.89595429520868,-0.418291091236548,1.3464546509816,2.04036526601662,2.79629867500099,5.0994230224286,6.96700259182067
3.22735191588421,0.701020405685471,0.92166399876599,2.36756260612622,-0.779500250095374,-1.23688559716984,1.70820836710836,-2.09488510891067,0.923561867047754,0.513042245215267
2.10180618340206,0.140481936543032,0.746124565532566,-0.327004510406419,-0.154361324183611,2.82063903083781,1.45144954009739,-0.610221801202751,3.85178998070698,0.267022545864155
4.61915125677027,4.89260693980058,3.56692380826699,2.25990462744826,6.55214160146171,1.91427311675199,4.71675920832958,3.72450939417225,0.272436873046062,3.427563963925
0.360557136019048,-1.49387657982218,0.161233776038643,-2.473043382288,-1.26872093786636,-2.0231981156191,-0.720161699255374,-0.549986326053914,-0.303826735241978,0.678894990805851
-0.259567546663739,0.108582399559365,-1.70577013210132,0.15511565358105,1.30686424504573,0.581582638407768,1.26638196871802,-0.965664122384104,1.26891001927481,0.894881883885092
-0.116834693345224,2.48661657168431,0.735378219359377,1.59161536457276,2.28644528204908,3.16035996246968,3.9576855359867,2.26379087535684,1.12327110073398,0.822353742066931
2.44293759002547,1.90856775020697,2.32965387712927,-1.04054954277216,1.32557490926723,0.627125672219932,0.948038367539075,3.11815597632098,-0.262269317234546,1.7841889330929
-0.431973257118306,1.212805816713,-1.68527277538425,1.34612926097707,-1.2799256197972,-0.38004027176943,-1.06098186885797,1.27731109159174,0.186306155738972,4.12102472185186
2.53856266997387,1.12447198602656,-1.62893130464681,1.19498130922807,0.236176400334759,2.18324504781162,2.9950994896426,1.17098781592184,3.38210620773118,3.6111595443457
0.20388038746716,3.10984100881433,3.3568785444113,0.178723259867308,1.05293060184914,-0.854906408914314,-1.02747686454855,3.44905312175668,1.41223458630584,2.19442289003428
3.39060005245694,2.64756513688416,4.10001581369914,5.60547024609926,1.96809329238335,2.87821092522161,2.05641725040475,2.25620048586941,6.18107482589141,-0.368387354999892
1.41481902916334,1.82200814766393,1.5291627630567,2.14253385892601,5.48356858603399,1.12343114198134,2.54624118664648,3.55470159569832,2.73981816892658,4.38932612347727
3.44538013279343,0.155173473851459,3.73986552203635,0.606470257972847,0.880452292823664,4.07736296369174,3.47056019978776,4.13779381161431,2.17346919074054,2.49552382188635
0.578669365928173,0.198539738495131,5.03028414101446,1.23885370722882,2.97749999139104,0.693985806548881,1.73684348857371,4.6900548141042,3.8882248164437,1.51885646687379
-1.43627933026164,1.07577508308106,0.171632753507219,1.67036160855262,0.404139712347193,0.734004941762497,-1.10195955109842,2.05669865095808,-1.45525079556761,-0.919901322843083
4.50526351325796,1.91464370321415,-0.0923278765984343,1.21300270379179,1.53846311169834,1.09352988437225,3.63117200110094,2.05094755710896,4.63748094042046,5.27675779238185
-2.19070012600957,5.65879849344246,0.119614547133387,-1.35076391887622,1.75371945241045,2.72467013196723,1.20845795939121,1.86942670847023,-1.07072400646642,3.37631686697786
1.12561861322054,0.206510649309631,1.21637215318115,-4.06778192807344,2.21209738015231,-0.920006563141637,1.39149451460074,-2.15811500951645,1.27333673629064,-1.6356034976418
2.55145676811626,-0.992988354212583,0.223303305140838,2.11890322650084,3.24300770640317,2.76156025468546,1.33755211188185,-1.08930525210835,3.0778553567962,2.55747984654511
3.55879690555911,2.94536548803113,2.04872514187555,1.93998394591151,-0.256650040694494,2.1571678330388,0.705837080651294,-0.654058344850518,1.40092357118127,0.796384466664799
0.228136300324357,2.22651689550876,2.79021826168426,3.69399095646725,2.83456238509803,3.2841142692034,3.8351725724166,2.39061214268217,4.4794507476095,0.307287936386523
2.22036686410763,-1.53763089071401,2.90469400907752,1.89266380009235,3.61719528442491,0.747300141218697,3.10632535880663,4.619424023906,1.38892903531515,2.11526514871298
3.34311568362833,2.48046546301903,2.22417214907817,-1.66946096598999,3.43082038257672,1.44002099530002,-1.23903388675781,1.54802161527492,1.39720472207483,-1.37369768418
1.62579361197637,-0.70495548758368,-0.254076109212778,-0.526846805536068,2.76809140620155,0.962239063175444,2.67404146250969,1.42116664918859,1.13062055529726,0.109568507081649
2.33311248777915,-1.28502155246159,-0.237000901822916,1.60752074866144,3.4126134751934,-1.42265291667818,1.4058669547292,5.11205117368721,3.45921296006039,3.95936443358545
0.292105719019729,1.24618144543323,0.85334881166642,-2.4884207691044,0.646198121144058,3.26035264361726,-2.64380096664481,1.10091207625536,-2.71789350504557,2.81482877599514
1.8081787336178,1.26271801509419,-2.90784212028949,2.67038801827567,-0.0237665084246186,4.82154661130205,-0.645929827025251,2.23587800362279,1.71299116623112,3.55865845730263
1.48037008031588,-2.30033225955609,-1.87508338537307,4.95010508295793,3.77319338452606,2.46542177411893,-1.67559393418101,1.4124888092759,1.89825067499208,0.938587530502422
3.58647166554351,2.11544888527451,3.44664700855202,2.89226292561651,3.08155040731953,3.42060710104023,1.9044102025826,1.90959715745896,2.52618276293573,3.41967229339986
-0.820516993328953,2.58159029629307,3.27423421344068,0.846090500201359,0.993143987421838,1.04259521456346,2.59056259185199,2.03828664613956,2.34032165414428,4.92317824823528
0.0228963027016947,2.62751757551739,1.00727869872399,-2.42406213211498,-2.23849817843627,3.52090984576396,-2.54036158343597,-0.799504760202754,-3.32076254979532,-1.07203442189345
4.16364665011921,2.72330010340282,0.801374382709031,2.08674052084288,1.31238880408742,3.37571226882082,-1.16752936341187,1.01216009518411,3.47935293185039,-1.65326365449658
-0.0927986825033597,-0.587592189810056,0.194912066909215,3.08418566169524,0.879675623493141,0.182494784411025,2.3430741552037,0.16650625091759,0.0406932697971142,2.81927004933996
0.803405175787551,1.03317629094836,-0.0115015328698809,1.09628525908224,2.93809452797187,1.14886486672919,1.71771495257533,0.823756309638632,0.737037445755398,2.92245797119206
2.57060062976155,0.814901119134192,0.696148328207325,2.49775411917909,1.50466414574712,3.84697006969598,1.31796750985013,-0.187064380594046,0.0575356646872417,-1.14027397423396
2.75826467822975,0.548194809252702,1.96083503964569,1.87209012592238,1.41140962265343,0.994912643403083,2.29059273759024,-1.53226553597119,4.51460816539264,4.2110642332279
0.326534964596269,1.81596957165576,1.39766444180585,2.61486440996425,-0.842807317940553,0.778266126061744,1.43632382067163,0.424172037385851,1.10339622072183,0.686769443611361
2.39311120170161,5.75462321627003,2.06916771037982,3.92769893372438,3.1318502219034,3.21789598430598,3.83826858228611,3.66973285696351,1.02239523625835,2.37932764867437
4.17929624555987,0.540543546672,1.71922894862647,0.281336096250788,3.08554346782904,5.21879008774148,3.72970643274538,3.40757981404656,4.89707096916561,2.66100305647739
2.93159078555594,-0.672810881246833,-0.228569683594237,2.14496906960979,-1.02250927561149,-0.604529287363587,-2.13055614192998,-0.515669041229386,1.84516136197876,0.573748420636267
3.45192739433778,1.65136652221357,-0.536701090834714,2.80928817174068,4.26869291111261,0.400803719600304,4.30213729321552,0.78914190684011,1.10630346529833,1.76132977408099
-0.485909961752928,0.638601068103746,3.83294580092686,1.38696153996857,1.48159909518371,1.16719952970141,0.540945690034223,-1.37837252436928,-0.266684005196923,1.65720807882448
3.56563247307732,1.76361011831425,0.801029156715836,4.14323740233274,-0.801759876915377,0.438219049144014,1.94495306196342,0.866889586737917,-0.519207108307572,1.95107704698486
2.03454984953867,5.57236669684734,2.21059826834203,1.1482645626806,1.69282170981521,0.835568360578326,2.71769844857727,0.474922921285952,4.14036823801491,2.63466777663406
0.723848046307692,-0.646103987460915,-2.37372443597647,0.778114997390186,0.764692570372127,-1.11520421480137,-0.404676255529677,-0.634124234493536,0.865096516161928,-0.912686963460003
0.826526868781722,0.242046472601708,1.68115501123922,0.187247265191068,-0.324562654938877,1.19232323710934,0.0328558772127028,-0.561921453728159,2.64299483853607,2.57424585965466
2.68875861619016,2.91920844770307,0.0525718825828893,0.729462247694908,1.63629785846223,-2.413455303241,0.675051983128185,-2.33450683896853,1.21114158360984,-3.48037737736634
1.18059685352972,1.60764261345929,-0.427637204212922,1.01128973148612,-0.0681271533517162,0.185081849886612,0.338763932943316,-1.38994554644003,-0.237613482128025,-0.395636462157827
0.0183575440877228,2.54138319163666,-1.1802026282969,0.840872936878969,3.54643885569547,-1.00742770992553,3.14922693495524,2.50086428550772,2.70526616976121,1.54050716716233
-1.10732266016286,-0.505034083375845,-0.00840834185683719,-1.52070946468828,0.188096352904525,-0.0839727555193744,-0.445529115114938,-0.9790044359923,-4.50146160890529,-1.45219200867311
4.51872299751254,1.06931552309358,2.72916300496839,2.63651249692175,1.49420171531691,3.88396410639907,0.0120122628146435,6.35120304665491,3.96374324648933,1.45501313261298
0.530206967396781,1.54733079176414,1.66312556688021,3.60637114868714,1.15500381990505,4.86233122040009,-0.314677820523836,2.92294995395394,-0.0823665206849118,1.6298966844706
2.56112716524125,-3.07322226212537,3.74868848744888,2.32975196922843,-3.17028765013899,-0.173271388749091,-1.61741619924898,-2.14219321857463,-0.0435783173079331,-0.741965273853659
1.47270249181423,-0.764531283202539,-0.891897595360037,-0.453526347173117,0.897478144908839,-1.05512827332437,-2.18375793273156,-1.24661701565708,0.887852556460119,2.02347365401585
3.28500079853713,0.371245709920119,0.715235847399105,4.48903081986636,-1.57489198641117,3.26956587407707,2.00854261878816,1.0757480247758,3.46907623153388,-3.20381771329229
0.429350307794999,2.80660943493102,1.88906653542109,-0.343109817613012,-1.20738100688456,1.79745599891781,1.94860648882631,1.0464450753258,1.01364662955899,1.56890014901388
4.41950830625996,4.29718209757263,0.372367498027182,3.29742503274586,-0.512290149948724,5.4302845095879,2.6805007548228,4.69053981217103,2.36741927821063,3.39255983001208
0.56072676928713,-0.684929848755022,3.24622558058763,3.03606683201361,3.3730648797014,5.08447435655483,2.67183352484371,1.49418751509454,2.84567305766644,2.66298273344797
4.21216733585936,1.90559920327807,4.56294916345406,3.728152602347,1.97565527286939,4.54160884583076,3.32991151951551,2.52795168876068,0.658777742502156,2.31292617297918
1.3510873400513,-4.10655703627856,-0.975673623542329,0.270022989411534,-2.00030167415735,-1.24316753189334,1.72962576397115,2.68873267327077,1.04038357320909,-3.16714264209448
0.781714771102226,0.217935385127982,1.4220865450778,0.111574954562465,1.16997425459167,1.89453900743699,-0.555184582211649,4.53421895351858,3.35964860841988,0.584737468443544
-2.05071777687652,2.83243888317868,2.28479701847015,0.302724684828303,-2.20815339932588,-2.34408429439049,-0.785351226565707,0.286483866712972,1.46286840203331,2.62023714755109
-0.582991026030342,-0.35811385365047,-0.328463053174315,-0.631742590085584,-0.0934798945001587,0.862683123000699,-0.918393495812098,-1.08846379344989,3.33054572393161,-0.397899255782923
2.47001042393668,2.7100466808377,1.36501611803771,-0.390519903371348,2.05824385081798,-1.03145447018347,3.97437093012532,2.7636599266362,4.54337921439549,1.17718725596124
0.765458658513326,0.921741257419209,2.7506504688089,0.448582127244482,2.72042836519168,3.8513990759475,2.02162940697368,0.696119069955046,4.170930494517,2.16345056744462
1.03418409256589,1.98923061302468,1.65348998524114,4.43483391330368,3.36910599454685,1.29738168240528,1.25344417566951,7.05910050650789,2.10880281710401,-0.295519041651459
4.75773144624885,4.10583421344486,2.47597209447186,2.20566930083018,4.20044653282842,3.17631866772196,2.25978114146664,1.80982197901933,2.09548180251339,4.07359338320117
2.65018269941713,1.51138266965028,1.24797276297444,1.53935348302131,2.52105309042221,1.04421673095748,0.752666634486043,4.14764005529819,-0.0602607448628718,0.77608819542566
1.98192284762169,-0.972067464256956,3.02349090285657,1.24076497180388,-1.22133644830703,0.686173747623749,-0.044969717599769,2.36431245849134,-0.579652785866554,0.409258867198294
1.06992405625195,1.51876292593328,-0.205763887372505,0.365291104180104,1.47921386653222,-0.2036398557616,-0.830074966995024,2.24168608666947,1.26595718909198,1.62496976718327
2.73877098447499,-0.497518705766393,0.77823979588645,1.62104997633798,-0.352828856739962,-0.0150993751672452,1.94546877963307,-0.713272138640614,-2.20725628412222,2.75929203662492
3.00575054861199,9.05822199264698,3.03257673637042,2.4300072898754,1.55081327497562,4.4802548745883,3.95766907919242,3.93462410037942,1.12196707845815,-1.57773477044443
2.79651822056824,3.31825852745853,4.11817623083818,2.42889006873152,2.58651951654248,1.11265181663015,2.1255283850557,3.34290166139113,3.05934443948805,0.209209922333168
0.679363860202785,3.47834179896567,0.632552122500131,0.485724957233662,-2.72128101812605,-0.935641332824528,0.490463305870152,1.59046120957075,0.763923854621292,1.42936929941596
4.00221777021435,2.11041688735698,5.74740579680152,4.47505510384091,2.37633042571547,1.25066537849071,0.849472985196568,3.00725686503269,4.09052736655999,3.15207671443862
2.03073745492202,2.8887257138614,3.1758047335774,-0.124957148918811,3.29994885022532,4.7963724996884,0.709297892787333,2.61338595218748,3.09800922707107,3.68816416848896
4.52044982545633,3.11520007265156,1.50198991903306,-0.512756588377561,3.49059637334014,1.99395924231177,1.07767460888902,1.2324648663362,2.03502615393596,3.36959740204669
0.697015758623673,0.196488932818423,-2.07405058307326,3.04625348242106,1.98968577769482,-1.78589087453362,-0.972946522096875,-1.6215261729511,0.823999628217649,4.69406887251338
2.54056587175234,0.800771288172197,-0.586132120439142,2.86890318289772,1.12028186474118,-1.43515761823349,1.01592469931779,-1.09750259437734,-1.91383137066032,-1.84980580225726
0.618266501718831,0.922466245814092,1.01833866076796,2.59403270537907,2.45720986978139,0.473528764828157,-1.23434629321172,1.05139788091325,3.32237140201891,3.78266545619343
-1.57825009680645,2.68701819688219,1.74047043435159,-2.77057877836303,1.11334533167154,-1.63207901089045,3.71197983287658,0.319754053486065,0.959182185263209,1.444041832385
4.54215676898422,2.38925196253104,3.30409281382137,1.06162607394086,2.65875147058855,3.42064857552471,0.339499283146938,0.392175739666012,2.99080187086287,1.11267445404314
2.36827256042068,2.35617480003802,-0.796915406190774,0.283705882022626,1.01801415777944,-0.0330685672595907,-1.31700975432393,0.000835646420308422,2.26230659499244,1.76333202293054
-4.25787847010571,0.851613411628801,0.0588326003104829,1.68196006252753,0.945979415388748,4.55409060113308,2.28383519894744,0.49333858440579,2.59382710697258,2.10808042379499
8.11402475778012,4.4333859169189,7.48584242705631,4.13013378348509,2.11393191602717,1.15783646481164,1.21842352525993,4.87168275848639,1.34349580181594,2.73080229127941
0.121885937966317,0.833639381661921,2.82510362405985,-0.131066694153495,0.0821497907277033,-1.7534247040628,3.06926405459857,-0.0476590219962485,-0.691774645151205,0.377483099306251
3.08884618977506,-1.07666221886382,1.5901069027746,2.06647510082851,2.40473152606464,3.21520729098766,2.16580261659224,3.74491030613542,2.412103438886,0.590135606948843
1.37012999433479,5.57862447527089,1.35413884238912,2.74322242594081,1.29168003920683,2.51747672324007,3.47650309003831,1.61471607895053,1.92195066738943,0.791364706677731
1.15501730232645,3.67216503381092,0.873213092065715,2.49401689452656,0.0914764852531998,0.346764340247354,0.544009984434504,1.34297756826945,1.56659022019833,1.5496938565901
-0.176013022570289,-3.67046082513002,0.268311822365222,1.8208413594954,2.73474378052163,0.863885729422767,3.35845385556567,1.21646618396659,3.21528492327159,-0.328705199248765
-2.31070431232404,2.66417329575763,1.22971376144171,2.22254276676108,2.37348522793409,0.167454360049319,1.10501002551219,0.339948000668414,0.0676498742381055,2.26959236368162
-2.52403602585233,-2.0017205808862,-0.50001140300858,0.112796266460748,0.0937729034333816,2.94898264307253,1.22554791021297,1.25843051960026,0.0281632024978069,1.63061776052526
1.51307723163839,2.42726527520046,-0.317310445255178,0.0761042670757006,-1.64941755804897,0.484428561808121,-0.415589032334597,0.369353748021857,0.306170516566729,-4.28178665445647
-0.324115916384772,1.14012402330408,2.85985646462161,-1.54879347284425,-0.125384020429373,-1.96868268606805,3.81013724181577,-0.0114110307727733,-0.896554274029018,3.5706612285194
2.99426797996502,0.958805610191601,3.74794246567107,1.21932221630162,3.76981128449181,3.20191016977862,4.98129481778358,2.96078068184143,0.812277416118339,0.908846350564472
-0.127255103860874,-2.61065546927401,3.06254227159475,2.2057706231606,0.361722718025983,-0.481103535095012,1.44087773456157,0.569015418020471,-2.56340436400339,2.25156105785291
0.409320307562001,2.58036099082604,1.17403159106292,2.47858712936983,5.72187689043857,2.33307701642947,-0.579436792917194,2.00241079599568,-1.07954134679294,2.8264038966983
4.65675208120527,4.62537374246225,2.54440453354039,-0.5431721845144,1.7157500498058,3.56227069981938,1.55961885062835,3.31582416494169,0.685372956898427,2.85113691052203
-1.4461467221932,-0.0141056893188394,1.89178927215567,4.62917105605677,0.568969563107666,-2.16552263043033,1.25495536841861,-2.5280891969996,0.50051991320672,2.10408261777882
0.407482136150614,2.53430827438284,1.38742075344083,1.54004472736541,0.955742821962501,3.69656176029847,0.79564485060198,0.915029751441218,2.52659300237573,-1.92709919965711
3.46525592001845,5.48621557676747,1.71098004716112,2.5542073405478,2.29939677909914,2.8816009958957,1.68272810228792,4.3207111591838,1.02067012728187,0.456948843862138
3.74247282439449,0.347524783882425,1.65874468855249,-1.36272105582484,-1.6783257318929,0.333873241926777,-0.878705526402062,0.358023837087141,-2.20900464727398,1.12199868851987
2.64885647878156,1.55304992583275,0.348664585328135,3.76219593634573,-0.0386773994436966,0.904984402693623,3.41971607929012,0.333516445790387,5.91106833551726,0.971421193655515
2.88642359016404,0.727894782998368,0.299967429585746,2.81610326726782,0.342608067919777,2.22032561944601,0.390056451996069,2.44094088830719,1.92365117002351,2.26108555745556
-0.724719510453917,0.486395288523333,3.03230071756589,4.34739792150995,-2.72335725963409,-0.584794181566699,1.11226956300772,1.09893491593256,2.6582048500372,-0.229757140929172
1.72085570782397,0.772565852873262,-1.8276086804074,1.71912652812808,2.84915631271041,-1.47659696896447,0.100081512798904,1.02304851867469,0.628074798900057,1.47471426390044
0.435189403667762,2.24437027182802,-1.44432873020107,-0.814905560629034,2.22634459079259,0.644780885953566,3.288140483272,2.52258024737061,4.6904109848039,3.4760246378205
1.53179387253354,4.01077545325637,3.1536583354182,2.00795877991725,-1.4238710631115,2.24108651552089,0.329204834590012,0.975892122717733,0.334108671959272,0.0607208656400269
-0.00155304752804608,-0.523867073179586,1.27486541121163,-2.76254310807431,2.34457945715644,-1.34764631114334,0.950279103747729,-0.175009133673512,1.21848597253399,-0.995330722691808
2.78010962124897,1.45424312884494,5.22616834171898,2.72209764385421,1.92443061549475,2.2332398580595,0.218416371801075,2.82021882063013,3.18195366683811,4.70859526853479
1.46047723558278,1.20386907455871,1.70145513938687,-2.43830557548573,1.20975928531136,2.0610295254777,-0.0334339998664892,2.41913083528769,0.105622390168281,1.96600530415724
1.59195161965009,3.27905713574338,2.6756337111475,-0.1152739569886,2.17451537372031,2.88020442645523,1.75752976233966,1.48001055175589,2.31386411386923,0.69609733589704
2.07726229049293,1.7842206234084,2.75966171727207,0.52808260099449,2.13785300545686,2.54872023722421,3.01915090911562,2.77360173462874,0.069178736475328,0.910440222640843
0.320214717825084,3.05279871683339,-0.849848041664372,3.61068843605353,3.73361937640529,3.30827486262997,-0.878011619196989,1.7154256626315,2.85074820041909,-0.945755880279225
0.216061442958203,2.68827148163571,1.76102386145887,0.974027179408843,3.46215733605859,0.885629572242562,3.08430589723774,3.13374165303886,-0.411973137114095,1.60860127127208
1.08239635145991,2.00130733685561,-1.76706598113115,1.97694359753562,2.60325440398614,2.11735618121418,1.43897986503887,1.01991518856463,-0.500334843999864,0.327583674601984
3.82348999792786,3.1584191665605,3.48477955049519,3.39082519324071,4.82593596498224,4.28656774902274,2.53884329028282,1.64520749456854,2.05264120486886,2.21508568318094
-1.6006039428355,2.12481861058872,0.521018011134832,1.55013082423457,0.984686230904662,1.82457760356227,2.69610072577494,1.81267866402698,0.0974088571966818,-0.0877646831652297
-0.874409112748315,-2.24999107422479,2.58225929190009,3.23701726466728,2.02483696431209,1.65814221012226,2.49914824255493,3.05515152386332,-0.867263871293889,1.97125931068042
2.22269554114169,1.91438032222723,3.74399915563417,1.09329959304022,1.86539013648404,3.10479130684651,2.56465694485331,3.68263703899944,4.23044712566149,1.67051299731295
1.03235750579144,3.8372030877604,3.78377106627928,-0.393651697816965,0.421953507295653,1.60960897493922,6.21645915227465,1.03793430266763,2.95871656625915,2.00951875567514
2.3644141135359,3.22794410485885,1.80404480945929,4.75553588932279,0.938916585659364,0.171514342286303,4.45163021798395,1.13168591471277,-0.0857884563149161,5.01959587761621
3.96610038950047,2.31212712538104,2.39138951960537,0.123421373347392,3.18130574146044,4.01854450647171,0.82711953720586,1.29122062117522,0.0322102900387344,0.598328026312698
2.14578307515965,0.806631056110011,3.52641534001134,0.141159731658873,0.868411065453089,4.32837277127355,1.72820923328998,1.29727044627767,1.47576859451073,3.59281757207932
-0.442760678358868,2.2261377413524,5.14877297293263,-0.0708894638653774,2.42178715291735,2.74274580971695,3.91822487575533,4.99667493255104,7.42648616639663,-0.125214208888397
0.907722624707046,1.74490716803796,2.51137298898858,4.70350694169285,3.53050526360718,0.162015267254127,2.02393580756546,-1.67008767490986,4.8066482354197,-0.422248607543232
-1.05022382211351,-0.911901634493083,0.148033664535421,0.336473704301153,-0.482348655936255,-0.0581155743007704,0.700082701479573,-0.00585332696838559,2.11423561667519,0.832282491209065
1.91399535487225,0.740202218692299,1.40275257710328,-0.654484224602429,3.87900439755277,3.63503362064755,3.29182761133384,4.32505954980472,-0.385726131590035,1.87301069807948
4.84485539104923,1.6781045721477,4.1069853806071,2.40870482266362,1.03125152842751,7.83924655858141,2.50901207668978,1.69443817559866,1.26345708702949,0.668417400623492
3.81281061750549,1.4949313480295,2.31937836298098,2.6872305682231,3.48444783343293,3.87643770753646,-1.23303511375439,3.82806358672479,-0.196633125493012,-0.67682714255014
3.42488983826338,3.70978042149548,3.29685492817153,2.23233410097012,4.0111254960464,3.01958493761572,3.57494406928868,1.26780515366333,2.40878033490935,0.417452187091236
3.79940788643936,1.29840354730082,2.08029932626546,0.354754032174062,2.42367101309653,2.93229665633944,4.89144285294337,3.13974264087651,1.26630693435119,0.553192763888271
2.21875492534169,0.787033781771227,0.0303339867878335,-0.609754656356803,-2.37779445527009,1.65328046235866,-1.31707408463978,-1.70870499049844,2.48398753077429,0.919205441580074
0.369319452911659,1.59931848492802,5.05591844179092,3.81193273372034,1.34336631124229,3.12946142656194,3.56120970535183,3.47331665184765,2.97118745508566,6.42351398024024
4.37830018881259,0.44329621024314,1.69885874229756,0.111326971851732,-0.302605376314202,4.92756632717678,1.7412475037852,5.64701605842052,0.106312216105858,3.03956753718067
2.78167841229123,1.53692049519006,1.43995118542755,0.723220538354091,0.643115994320946,1.92363513124207,-1.38047311918945,1.96910696769961,2.66164674468528,1.93400756683774
0.65156478791844,-0.136922097167978,1.25810889196967,1.73338895400423,1.05194454219797,3.04889125378646,1.60561754046002,-0.431603123031349,-0.0856082026842921,3.70355357185144
2.52465513237927,0.773995923922701,1.35785406885788,1.34909401430337,3.26125280278203,-0.616820049713188,-0.37296310323431,1.63727480833846,2.6302113859816,1.56237141346277
0.645929694073005,-3.36998047110298,4.61536589431201,2.85525805217748,3.87143529965082,-0.603037796583987,1.18337774931678,-0.401789421902399,-1.04568443566077,3.81532096845597
5.18718257661102,1.21858951708517,2.24982052605805,1.78857334752138,1.25023792253329,-0.978908758582033,0.742158501502979,3.67192322526706,0.794091349646139,2.57901195570278
0.967557090578326,0.0945189657931074,-0.687656570125902,1.06751718518906,0.854232957355896,4.45179347420744,-0.736008349212047,0.440914895164906,3.21439676838369,-1.20774870120574
0.382735903554122,0.114781307952908,0.652226469584828,3.06157131558845,2.03584353742465,0.47232081037823,0.870593976054407,3.37537055520479,1.46228338527547,1.47381126149865
0.981674253831131,-0.359402971008716,0.809302690039184,1.42752689721945,-0.775021719842429,-0.608891549512198,-1.49005945552075,1.23770571769571,-1.56224634102177,1.98898010333833
2.24521933336772,-1.48846369930649,2.6044987301708,0.635407639845334,1.38893310555409,1.38593020675894,2.3700850271525,0.880475425504723,2.50467598244917,0.803921565865733
2.46663143092161,-0.215347808486016,3.0627132242227,4.44173597077743,1.33156718697022,3.04859256808504,2.62378802606761,-0.687768942751177,-1.73463356342797,2.59327485361903
0.599163226011468,5.01771797749241,1.8371944405275,4.39320599063681,-1.9565063184132,1.40022345761853,1.58690393938823,-2.44767025428735,0.704094411848859,1.87643583983402
1.34759308291468,2.77476992799115,-0.371557260677629,3.80651039772677,-0.134265937931416,0.764627692994169,1.997847257948,1.35822364426445,-0.581529989814801,3.86627197966246
2.20778294107636,-0.592102603798822,1.16914348910737,2.00713426459383,-2.93169339815788,1.54529325662847,-0.0713773137961959,1.4367981533382,1.25462431279285,1.4039443239354
3.93820596652875,1.16577058466847,-0.381801527269424,-2.27045189146402,0.939272093661817,0.387454388790524,-0.327779282609301,-1.8602076049842,-2.38123809897723,1.48008251334649
2.89820681147374,3.04513677892697,1.43892096830894,1.03301138415345,3.20517151346357,1.77005048780103,4.12034697192928,0.734562081064177,2.93934306589864,3.85004207803706
0.99736021507303,1.08650872118392,-0.761119382626813,0.424022216023318,2.59301333100524,3.40101835719566,-0.242045342340417,1.31222810712846,3.05141552281526,1.94749941633935
-0.310797822926246,3.741213755862,2.46440515134472,1.44881289075157,1.50131414430233,1.63293352253393,3.34396209860791,2.50841001707798,-0.303873919522837,1.13158692068654
-2.68914143939534,1.01304254108728,-1.22940620961039,-0.315121351146379,-0.156843793940128,-2.16731139654779,-0.0081698639902011,1.09531747077007,-0.315224680342274,-2.86346998422758
1.60737951014084,4.00804528381206,-1.86155244393947,-0.0816295386381913,0.958801664704064,2.61376333025768,2.57725525594728,1.99350585449894,3.66596778719937,4.5378014560769
1.52687477742095,0.293446177603663,3.36198871405553,0.456237988212153,1.30013922888222,4.15208161547051,-1.65784307364267,1.4777098472816,2.80919059625422,2.8689934945987
2.69155851131912,3.42625190547318,1.92128501129579,3.25780590206711,3.42857917202049,4.06969771754498,-0.24045832506172,4.31695108915498,3.10664619745883,2.6722207329196
1.90905088209422,3.89886642356574,2.94808376355016,1.51681416605642,1.00502671854151,1.20962730139273,5.06077685238449,4.13303684439427,2.57766409582503,3.10970414390844
2.37494188214763,-0.709208088237561,3.2923739976149,1.70750851972092,-0.785254925289323,3.78306870626143,-0.671969966919769,5.14324664397955,1.43157373930783,-0.52356731968791
7.89415818946847,3.48825223038996,0.376908962719963,3.933674995037,2.68954767836688,3.82145773768779,1.8709312305338,0.327979561491174,0.290133317391214,4.35561819481023
-2.28342099211269,2.3287984700205,0.687374645078579,2.1628590855231,-0.428243096307488,0.457851289315466,3.55785559728151,-0.261971478367085,0.767968484669542,1.93396367352652
2.52390259123532,-1.01094311370747,-0.676651710182895,2.93387518489582,3.81022868863696,0.0268481764423513,0.779826220315163,1.20580592063515,3.05460830977493,1.22551084562575
1.58988244475577,1.91259915084394,0.424935863997894,-2.69016882172329,-3.7687839208098,-3.9552270087285,1.67528508878327,-3.35038784420311,2.00972108374345,2.53696920229018
-1.00188011414868,1.17739483792185,3.88853156104091,-0.822120214256288,0.294373549459896,5.00515329551703,4.82041014258873,0.780284982497491,1.45789152915231,0.310268407355793
0.774919072978493,1.60985822780552,1.28418130199981,1.64691677308276,1.95764453256389,0.931305331155608,0.612742305802486,3.19274335367377,3.53471983139051,4.17248349648315
-1.35932526748887,-0.760761327196174,1.87263612978932,2.31734212773598,-0.427005208929648,-2.17697538594298,-1.59348135859068,0.793413621909184,2.36405536637902,1.29047001369751
2.9712266284714,1.38930907729422,2.0537005860236,2.64048829114935,3.17232719243819,-0.780635918745673,1.10158423916175,1.63353050632815,2.32756467814119,2.25916127853621
0.581826973259991,3.34671017943429,2.23687725406269,1.17345932433064,2.0397648510058,0.425815860134708,5.25555212491264,1.85731393997035,0.249404789445917,0.698895248287805
1.7365764169294,-0.395059544103783,0.642054509518844,1.20118568207965,-1.74116121305022,0.49011364437372,0.765451734868935,-1.73843185482635,0.391950361630937,0.699248362631411
0.127321384241011,-1.1073528047306,-1.4576530950293,-0.507344955098457,0.15001066922568,0.288069385790695,0.329229251770827,-1.14321516783914,1.08067730446025,-1.35601318195036
3.67815506910193,0.0201762129562562,-0.835496124611541,-1.4809553630318,0.573317588288317,1.72271919628226,-0.0894617346855788,4.93344397441077,2.62065014660825,1.57738000910928
1.98580681458311,-2.40394301720669,3.15957252698489,0.801963666121015,0.0779835823743245,3.41868304879719,4.90270755527588,4.17154787796935,0.344672249474399,0.346197815264344
-1.18670257981085,0.00331437962585635,1.68562727648443,1.17600091060244,0.294339254350699,1.43813012419437,0.582275055536132,1.11053946888691,2.66144117967255,0.544940126785793
0.215027379214944,3.80542620997932,-0.0953291432086236,-0.84443632952911,3.49832970127576,0.708501739489334,-1.17644434906266,2.29089610593346,-0.89415997156438,1.41640859121607
2.29008323103895,0.657456308853723,1.21052485984591,3.42131220849307,1.53631370134859,1.19833630160237,1.13993511048824,1.45055702724055,6.96493017242582,1.00581897613671
2.63816216705238,3.94189644318992,4.48473675267394,2.36162104581226,2.8505800649961,2.2926308474675,1.19714673894649,1.6428016364815,4.55389080710524,0.926607004729807
3.66612077488993,4.01081764842659,1.27683922409239,3.22975201221613,3.91428141608573,3.58868861088919,1.90059927885935,3.03303980012758,1.84590417767529,2.07749222426659
0.127630205058503,0.844100489951693,1.88754089016773,0.227789973464532,1.73571266924058,-0.772148356668588,1.40884853104025,1.82454360134869,2.77056589194148,0.0918448374716778
2.16343291619121,2.91324748436365,-1.71654767651162,0.791742989608909,1.99256109795739,3.17621838946856,2.73574110315553,2.52004243028931,0.189735354607199,-0.137588744701691
-0.0885783193794478,0.922672850723258,1.06254837540718,5.61664692996755,1.18429663837283,2.92581995876795,1.23515032997331,2.44968566319615,5.13778692056149,1.28567488748493
2.96154256426629,0.942817274606494,1.02914395774207,-0.272037291810204,-0.0725333171162434,1.66827967749463,2.32805585637954,-2.53417365772108,-0.0338439369757173,1.28984336287725
0.919616554906486,3.26288205898403,-0.0462450992396972,-0.422018700407156,0.767257319935446,0.0158658367195056,1.02122640562432,2.23601535817021,0.856899510741499,0.0638954969615054
-1.936560662173,-0.605830622184898,2.45381648603279,0.297598912992204,-0.259825776392256,-0.0283023411127821,2.19062191637114,0.521510715911327,0.573563225169923,2.68617396259467
3.72259149244658,4.90840351976299,4.31343511519859,2.29797540737084,5.36700428841071,5.31936088991468,4.59624102276799,2.39245952595224,3.13482594692867,5.8967940735124
-3.76978129111011,-1.23277292512082,1.72466425887531,-2.49949129058308,1.09024041199916,-1.35503687491785,0.984214340489235,0.251741343547629,-0.847738848587394,1.06713630713408
2.38968610880389,1.48335157896912,4.6040527343507,10.3908936056645,3.11190854205232,1.59062921488547,5.82993709618879,1.0140770559303,4.39195871290962,1.65549654811818
0.138303469932887,0.412617263721828,0.725098990835007,0.76519642306012,-0.802666923671183,0.730029358510017,2.53928567090685,2.93711652162192,-2.22342466614064,-0.286943754103186
2.46973823588493,0.855413073033534,-0.519312459265725,0.855007371670791,0.966737655376365,1.96949883041219,1.57408556389878,0.238729191232134,1.8714044834822,4.99529805799098
3.9643299048005,-0.377991042343942,-3.20364618735288,0.945517460016688,2.44606865251246,0.900433913648984,0.536427919587886,0.693090838744111,4.05077704735241,4.28085443545618
1.40637056110269,2.54011849526183,1.88423106934698,-0.756350732671838,4.14600653372224,1.53446343101698,0.845415812482077,0.191188505127189,-1.09645979977982,0.95138642079942
2.35659037772101,4.72718880362455,4.42941876753546,3.91807665625624,-0.808352963692711,2.94534650428108,2.14018572754086,0.756779581860991,9.16689152056807,4.08975324309957
3.74514874604278,0.228961396312238,2.00641749524404,2.86660953022031,2.011617807315,1.65595118532223,2.37210177043294,1.72643561416448,2.56149528560418,3.57506084777898
2.69503133463868,2.53857232623356,1.70062537813332,5.06967020005728,1.19705161254736,0.0899807568552694,1.34323165724145,0.924741934579044,1.74175879934684,-0.33348560013959
1.40323254442215,2.06061009022209,2.96580310036007,3.38929253399899,2.57999365986899,1.60794047133058,2.1409399390563,1.56746696099834,3.65842726670787,-0.345140181161234
0.0659879569564995,-0.261103263973926,1.57167952850436,-0.44019855097029,-0.993434636344118,3.69691447175102,3.5168694775248,2.25679190301679,-0.310932501998279,3.22059097035185
2.18795320392611,1.64308160254844,2.62122208820875,0.233697734631763,4.44261202245427,0.977385621334324,3.47122136642398,-0.407845851689033,4.65023512825195,4.51958614854117
3.43511399941278,5.27250721977114,4.37522164204616,3.33476870018825,0.55823567165939,5.70625103876415,1.19190219722416,3.09261110493106,-0.130771570180344,0.56460938662515
0.948767534519856,2.88543614646214,0.692182173805931,1.22394190588084,3.55042209056911,0.700619026981532,0.622268568938417,2.6527628194569,3.89896594265498,4.11130254311097
4.24392265759626,-0.140945231915062,1.30604767061076,5.31600456188541,-1.37914411804535,0.678438256239268,1.6031378892135,4.97598072651746,4.21075972638869,-0.357991351615543
2.46290321591882,0.327769609943993,1.79053774921833,-2.22097883903312,0.512003318756328,-0.678577259985733,-0.393464445503282,-0.0170634814564947,-0.00855634898223223,2.88727619395882
3.84467387726481,-2.29379668373918,0.192920232690412,1.46722766202319,0.131609156040962,-2.55213588688634,3.2434840491475,-2.43127177325338,2.05010543399035,2.15145841866436
1.32654948425343,-1.53697157392062,2.41606577403987,-1.55553708542968,-1.54946890364129,4.49835110157044,-0.34535823048199,-1.22992551865445,2.24457426262173,0.273919043213337
1.00051820250983,0.779091503266947,1.82822730246426,1.9676228955917,1.41654166199283,4.02894717197031,2.03805426420187,-1.72284565121956,2.75894408214914,0.992704305984251
0.81574961014534,2.03857681880426,2.1635469288041,0.0729624903814394,2.4236280559946,0.833056168049414,0.687806526402605,-3.09992164344114,0.812353264353342,-1.54353995087587
2.48112638539989,1.22410408226395,1.15491920742697,3.10421629494452,1.11855151510373,0.554438896450718,2.39839562048031,1.26129887612895,3.30079605753291,2.83805406829443
3.76980057595945,4.08986318172643,2.65496135118037,4.02039677094557,5.27624473087849,2.64626226393725,4.16400568077914,3.00433384306244,4.31593702434421,4.66247504431478
-0.721450965371059,1.24846541277689,1.93535919617915,-0.536439666393366,0.432791713597383,3.31335621556148,0.641069229895029,0.662893233376259,2.32446465949828,-0.00562766039790463
0.870390620475509,4.48441320580245,3.76344826721783,1.36183264699654,3.1888010973577,1.3612170571157,0.0788040799283092,4.038307746513,-0.251761907709379,4.38635527514871
-0.132940281842115,5.45229652196717,-0.0318043515025348,3.00361382578983,1.68572740715083,1.22803353641706,1.6384456166803,3.61143418872019,5.65511922445088,6.6046389488578
0.702382728755326,1.89562116689712,2.9475428349614,0.245584840314277,3.30525944397986,2.96823042501696,-0.751069020682959,-0.71680848972216,1.24928943887085,-1.25466606404376
1.23721330222045,1.12092153099873,1.98622323943899,0.381004055986484,-2.57509758395551,1.57624752459148,2.88250918176485,-1.4941425500455,-0.188205086577982,-0.30270993803668
1.62471182118891,-0.506685482823643,5.47290851981965,0.374784573827759,-1.85262713094137,0.613591770134275,2.66082200174876,1.90097316637672,3.29513690863661,-2.06955526076969
0.6584323408271,0.537115968957317,0.234914748869686,0.218133969089666,3.36318810495868,-0.491843067375258,2.12460308866847,-0.855107069108295,-0.506660484120091,1.26759986550584
3.86115501372259,1.28093674262079,1.49637856156651,3.02989103087134,2.74099641689119,4.36741091556335,2.09623776706213,2.77107055537287,0.161414600350167,1.41941671757333
-0.172745881050619,0.277121944510636,2.57041443947738,0.012230281995351,-1.02671454036486,0.876424312511288,1.01711223781787,-1.81055407512406,-0.133329456152515,-2.22965062800515
-0.341095368669496,1.42748692729572,1.74738542778874,2.45436278934083,-1.53486463900325,4.99512888365111,3.57207178378103,0.658783270329055,-0.0472996872118858,1.73773665747841
2.20713315512427,2.58319985885056,0.646620032117128,3.85428485413822,1.61933396378666,-0.433776976043094,1.73695669159016,4.27635029535769,0.797329848171564,1.55680789975879
0.960616204132602,2.5310477565017,3.5053505380688,3.29527262811753,1.54244451605384,3.74867570280021,1.71144953062012,0.0861644577284753,2.89655640034651,3.50369524407441
4.66738460085628,3.7054092555056,-0.784720575818088,-0.354289884002834,3.46690466486428,0.539861771709671,-0.970158504832116,0.173078204449922,3.0388622853381,2.63456019378608
3.37857173284416,5.50782905451789,3.23654378529603,3.91742351397478,1.94321060633491,0.368966953520246,3.42897002363518,3.33235939188473,3.07527789664268,3.20389934785538
4.7590846049843,1.61247541803619,0.956928537983086,2.52196077479214,2.40958687524582,1.68444010861052,0.468524261947891,2.47259811691798,2.70020037733575,-0.121414261868799
-2.2533570722168,2.46959644249784,-0.430912577182461,1.1609296807508,2.43292540173737,1.23887605742889,1.38067293160987,0.611470760270544,1.07116452063329,0.204439762794701
4.19863606989554,4.32257366805531,1.14830620230869,2.34315978183684,2.75941454302018,0.228427921774701,4.90128295303828,2.9229700848994,-0.775743403883983,5.33106752813511
-0.0796609875922387,-0.780359613776518,-0.292248078104729,-1.62543731242952,1.84663226784448,2.34782694784372,-2.32205931198647,-1.18366760314911,0.119817028239293,0.427474366524873
-0.88395466465129,-0.232520888820315,1.88823385673729,2.97918083758384,1.38813417535518,2.76857411700047,1.39811667968513,-2.41507749496254,0.261675611914993,2.11390244976389
-0.0751500450105804,-1.68057447468046,1.1547565855848,0.923963275468629,1.18032109665652,-1.7119070438716,-0.616317777428816,0.918142781617377,-1.38220158867029,-0.269333455954363
-0.67075481698646,-0.695828096233338,0.344717196223248,0.40941780732103,3.16744152808525,2.91253440655664,-2.27358352574469,-2.00235710145867,-0.36915646096535,-2.99802061071133
-0.560436099213704,1.00154450491234,0.343235886355149,0.584977122478021,-0.694768653649828,2.94510258519142,1.36236833737094,1.3407533060407,1.75705517721211,-1.75258088640692
-1.59336376014642,1.31033839346829,1.91752222425762,-0.468213346432702,-0.707840096088446,-0.413972232477486,2.13851361377661,0.461396205143604,0.350851808156114,-0.0592987429717178
0.0610106132734508,-0.591239373132712,-1.92529754979675,1.02231265389446,3.99468965998568,0.0982673574722591,1.48409608464697,1.65339795148345,0.935672023041361,-0.796611718998774
1.09718910124687,0.353807030537142,1.69388440130934,-0.147927285860867,2.66325166628428,1.74308042808082,-0.849301431634772,3.21587358430771,0.908893823886731,-1.03748257509851
-0.361898988070936,0.564193787152028,-0.0145676730836128,1.47623632451689,1.14785451785183,2.06378254100764,0.5359830659191,3.18541755245212,3.6709123388496,3.69918453624697
-0.430774658735213,5.43342318954038,-3.25642766887873,0.451036752196365,2.13526869005264,0.299234043478881,1.38671029992869,3.12967346155096,0.904031002158801,2.86388455883825
-3.06742018041454,-0.778171230573168,-1.94912178093523,-0.314849231094524,0.464265825561954,-0.0114388805231221,0.690025391700283,0.948990487868491,1.63035652522707,-0.832637673954065
-1.50000786868639,1.61896313808685,4.31179187087398,1.64436000356033,3.34701094698886,-1.39495100880492,1.19273798792583,0.880576797567344,0.215248771019407,0.209474265875878
3.90314405206956,5.001800473427,3.95920119463095,3.05355138552121,1.15534292348767,0.911317890949614,4.45703690494773,3.81355720816382,4.55812520303787,6.3571745061859
3.14850979847257,-0.684734624959684,3.13844662425428,-0.921274038186985,1.34791661393061,1.29983338394142,-3.56304115426115,-1.92487083761389,3.73085659689657,0.187039086909533
1.24881127667744,0.935576055390752,2.83654718935373,2.87842827541226,1.6827266007309,3.1841799069953,0.678071164279493,1.2213849093301,0.722441492758101,0.293574052023197
-0.0442517391299308,0.608512109889615,0.502551836536058,0.96842397874487,-1.49078960035431,-0.716695846564075,-0.475631855307121,-1.21019676750262,0.507400803134555,2.2157843171929
-1.33753934490956,2.37757695902884,2.3266379514209,0.831258146951184,1.38849370689135,1.25281254348828,-0.772395427186319,0.924933686219338,0.950373929885273,0.281687584998864
2.81664653811425,3.45413750869897,-0.0624099020795579,2.23196743536684,4.29309937908287,3.70232612855536,2.73717045962965,4.90048633696268,-0.114867278272712,2.68105628392475
0.294769224093858,-2.54303127472355,0.851191745839975,-1.49221718095867,3.76348252920186,0.843263107439862,0.650270519390358,0.54820729128849,-0.103993765158049,-2.8623077534689
1.24583403016447,0.242678259160703,1.05136224020929,0.309026299524116,-1.25452948911633,1.70401341825029,1.04863483239223,-1.15546835934777,-3.68527641131038,3.09955167009737
-0.774520776246171,1.47032476858387,1.815869472704,-1.29029192304586,-3.69390797357104,-2.91499396215234,-0.59032249318041,-0.00199893914716036,2.98233932726621,0.877161626672236
3.26975292163926,2.91228095192989,4.09816163784882,0.439165780154006,3.33590757906018,2.25528687767902,-0.210586340279692,1.20115475984045,-0.266241134815456,2.66550605097049
1.4500440621743,2.00549483940215,-0.98230934350428,1.86911524706108,2.82814127021861,0.216111697079634,1.13463782755888,1.37932747548517,-0.370038237973124,2.44198319599154
1.80863941256185,4.29496402294789,1.01325406685501,-2.92172477818895,2.19563211465939,1.36527942001637,2.33053778718203,0.980423542895514,3.93526189135636,0.754818435286573
1.45418368265176,3.21137847244484,2.30509313977459,3.28550183186317,-1.67308736565366,-1.99352869044203,2.57239206031316,0.829901330949049,0.270751051733626,0.35174721277968
3.31049260611101,5.40294610356211,3.29941937244458,0.661800699335711,3.98710425583607,2.94291893488319,2.07991396290166,3.24271781425765,1.46977876229247,0.343654052199047
5.83336309460321,1.86757887763728,1.0476245482564,5.91857930144589,1.90031351795983,3.02290103197461,1.51214969964337,4.99634369024973,5.3671818422128,3.33449637929823
0.758695530384099,-0.892344751265843,5.38741559683295,0.805213024963894,-1.39993486009079,2.60102042712235,-0.269108605815265,3.03897968091164,3.09398847392395,1.23880234165549
1.00371304757589,2.9576253489575,0.517304661335444,6.44036227992434,4.38252536914443,2.6105772171429,4.03609408940703,1.94691536574729,2.87416876842948,2.73019157837718
0.722427811768042,3.716941970242,3.53189268112029,-1.31609549018723,5.16352205176887,-0.22061044029235,3.28785043653178,2.38876898519408,0.520419610887946,2.23800551563989
-0.352906044747322,2.94750557268766,3.49962913701221,0.721430731894,3.65352405301356,1.85761573553629,4.9177818251881,4.67818942467821,-0.433387973465249,0.979684047417438
-1.78908706165883,3.02109199376936,3.50389925558946,0.842878717323517,1.93244342414206,2.75077826687531,2.65516206870368,-1.46342709824275,3.61978177296113,-0.862227768786506
4.64005060890319,0.476093330173437,-0.301543092880142,4.52043220071405,0.29105597656035,1.9694907736106,2.68883949120654,-1.57682046833434,-2.99523167443458,2.45853048894255
-0.202548109260154,-1.65990691537477,0.278238467608664,-1.66459750371896,3.82495880337288,0.419779161096987,0.442328960301447,-0.246990345152638,0.772758424341565,-3.43015446446339
0.689508500146772,1.13727393043701,1.0585076409757,1.58278438480529,-1.1315927999872,4.47502805619644,2.25789402133561,4.30702305544805,3.06049748529748,4.00587643662427
3.2454269957835,1.29250560338115,3.27341630833344,1.1269658434195,0.542372777004553,2.21920077160923,0.792720173705925,2.83405678317319,4.4922051056219,3.34807309647252
1.56091758535937,-3.34789450970092,0.475493000761953,2.57154315655824,1.01862396508361,-0.76070962785989,-1.16214217630807,2.63123768344759,0.938006771616758,-0.01712186013363
3.9225598419236,5.54565001914478,2.90465848770016,3.3472081194154,4.56695707226487,2.51414985215206,3.00510741749545,0.473229305990637,2.38291030615328,3.60614881483267
5.29592647742579,-0.522425382920659,0.776934484472916,0.545944587164046,2.35230009581596,0.815882889710546,-0.288762547681483,2.47971368151161,-0.200139743926901,-0.755760633605463
1.30167878705138,2.89349674806024,1.51507960325617,0.257740346894658,3.94006829915153,2.3721118972838,1.16435710353847,2.55394906288113,1.40427170498169,2.28690964513155
-0.317652288676233,-0.868403136518934,0.31884049124073,2.24178896961649,2.28104457489404,1.84401495497904,0.297560681345459,-1.6380943982608,1.90299135813022,-0.772081562964154
-2.48804998619917,1.90514627185478,0.481169197912827,3.32083494330561,1.7478929831554,1.41880128118566,2.52685542401589,1.37401392310285,2.17008323124065,0.835652851976332
-1.01508035057842,-0.336350657409302,-0.10510438580536,3.0777958143161,1.28347315637342,3.18069971525811,1.8339414162405,1.43945307754958,1.37825733210174,1.52615939048068
-0.671984014704109,-2.05427035771438,-3.22274712419241,1.42573180637525,-0.775533356434652,1.66388697252879,1.34314090799934,-2.12741305829336,-0.517315301769994,-3.48807515304239
2.55073570985401,-1.7176126119256,5.73459377906066,-0.264699879739405,1.93905361350573,1.60726801054021,0.712300053422518,3.09476602535059,3.18926798777595,2.25500298506219
0.52939162784041,0.830389477102397,-0.00930636692092168,1.27173553706616,0.959369639242844,-0.162834316047114,4.09001229106846,0.0847887737611617,4.97389826558907,1.9236914620617
3.36094860100455,1.79201275130056,2.30235855803666,2.63077397244801,2.96856199065205,1.38957074111015,2.83257468487921,-0.930044983627164,-1.88844197982554,0.840446217411461
3.35895607310362,3.05044537434754,2.75776255170322,-1.40735710968914,0.702249344944062,3.02989544808209,4.00591106801551,2.81572408000049,3.85919341244386,3.99153081605357
6.01160392411696,0.0230725465874588,0.919844458618305,0.735735700111005,-1.03913801343485,2.89397664999333,2.04140490197719,-0.508644452243545,2.90385248293999,5.81061003791486
-1.21106485366833,1.2449578446027,2.50049605311509,0.46125807000157,0.248403655625978,-0.296094914555927,0.144191596750882,2.23606401765925,3.35104142843121,0.648746771388457
-3.1100564684276,2.14609709977976,4.46200229510597,2.4989148422513,2.30606815815211,3.16434220965429,0.364891631235019,1.95955293962753,-0.470964974833623,3.88405052990153
-1.14178145833099,1.33643364877457,0.742037974328373,1.04455946216618,2.76039717787306,-1.58491756433704,3.03148652743213,-1.58085010632261,0.93937414843267,2.0299112848165
-4.19222011535512,-0.489185509638238,2.32141406782383,-0.803510194377577,3.44644317768412,1.31498664730917,0.380426757265195,0.405589352840861,3.36996753631808,0.0752852868622539
4.06586264341053,3.623291277926,3.93383631989407,2.86690876494131,4.37683734808633,3.39614695640442,0.844943877012109,-0.161736975946921,-1.2033110557583,6.7294012369413
4.0096383443754,2.58647352478061,3.04459043454357,1.40076636804068,2.80952750378949,2.46880131608524,3.33936343710698,3.71776428507718,3.62696679972524,5.02033059454646
0.394989539924628,2.06478546864846,0.0659104664150794,-1.1409605013716,2.39310857154767,-1.70974695871209,-3.25501574728622,-1.14359552281237,-1.78436106841172,-0.413018952666714
5.15123932412696,0.649125969148448,1.81104475653311,2.94408419837604,10.3651836838453,0.692343232474429,5.28323376530206,5.1385373822678,2.61877248308908,2.72200150319444
0.0505389191259085,0.0572124536353746,2.40027889694057,3.73139751366184,2.40988819074716,-2.61505022180337,1.8784986125993,-0.569760365115143,2.58105819709212,-1.7027714464711
1.17669933393749,2.58331796985667,-0.168664512933206,2.09933151488762,2.83371183224079,1.97999254645448,1.63267479912095,1.02150357702383,4.95729197965901,1.43837717218897
4.13019240686929,1.07084114055693,3.68486652034877,4.07525183031465,3.70772505272026,3.76344348844834,0.976560710193123,2.43975956392883,6.54030668279582,6.74003975914177
1.97264973842933,4.29801313644494,0.988414794043103,3.77253661696363,2.11457681158559,4.2428883257164,0.0922149243808299,2.43321443693544,2.97144211208388,2.25165235059584
-0.961594397983658,0.268760489542002,2.80867731050103,3.01352995264272,1.14793999111089,1.06646610375635,4.88173915683435,3.24501291178384,0.443733836833067,3.03458847502695
-0.889991716960322,0.55166334372582,3.20487613608294,0.12186156519187,5.5697594187329,-0.124121719402364,0.101003009106648,2.05171452983064,2.13221603078479,0.899533898508992
2.95798298757139,1.2585060442645,0.702479965175508,2.15246439586228,4.83641122023892,0.0954926874472048,4.14865010059276,4.37027456023664,2.41199384899092,1.12037853763545
1.31545803487994,2.74721476091402,0.456747360868146,2.64387476628837,3.05721329968524,1.98129273902467,0.151087452042206,0.466142271946706,-0.124353949202117,3.29493499369892
2.57202618186285,5.54868467250397,2.21824153828759,3.69516369990086,2.93469998910475,3.95323768906013,3.19685570665664,1.07140936297541,-0.218468173819327,2.42922125884801
3.93913426914256,1.47518763066154,1.91941616858295,1.38308607720864,-0.377385219646888,0.998084291619559,1.68345788815976,2.32785807281036,2.95332872944579,2.42297847449956
3.10170527469847,3.24955761129671,1.73569116102065,4.53630327085981,-0.0267853392064867,5.79408785561659,2.98618014284438,3.31704981252852,4.64186668690799,1.88128050011927
2.9834415077727,2.01972793197341,3.47227700100532,-1.83937708752467,3.30158954790423,2.96079674101126,3.50771940514856,0.890693019412592,2.25652194739683,0.160173794126136
2.44505051732484,4.4355629235684,0.799303983251414,4.61395227013557,4.16272048130553,-0.134998824774351,1.77415409384843,1.95801590011353,0.889925714135716,1.41800913605203
-1.81947832589842,-0.274947511572818,-0.450922251578775,-0.0447596727525161,0.0101054952934756,-0.849552410567383,-1.5942743742648,-0.368748551956154,-1.13714250765042,-1.82789825872789
2.30245144463881,4.5219000454276,2.32023968266222,1.51888502704405,1.19660010982277,0.755804139599944,0.978208885679561,5.80731357972203,2.27135616996902,0.283519783463712
-1.7343521141625,-0.904200624275536,-3.1966133772183,2.73732678364385,1.63465505455748,-0.253289604084078,-0.844707903752803,-1.24898074439695,-2.4657877313552,-0.581620294202654
-4.16048810925457,-0.300748926404319,3.78299241186433,-0.013201044006892,1.29897044975966,-1.85896460677309,0.0610371496166864,-0.286757495945949,0.301037745268503,0.845015317195064
-0.0474216390831346,1.6414191010626,1.94595146794177,-0.917419617921605,-2.49206202812532,-1.10446850843769,-1.511643297116,1.39396992573303,2.81950807906629,1.47851470148261
3.86578242331221,-0.105843651454297,0.672010953357551,5.71502400052193,2.09925907140919,4.09288280208597,0.187084691717318,1.01427442606761,1.9793777709849,0.749186156353318
2.60076264022883,0.103860198809645,2.70134746244972,3.50396011813551,5.12072759622746,2.38324089048348,2.34487337385569,3.77974035025456,2.2917963225553,3.45821957781036
0.609099086666288,-1.44052826823368,6.27622355048875,3.47277214008606,2.46825964178115,0.130219984011646,5.00215785684873,3.49344196345249,1.97606375274666,5.88233006271492
-0.968745402359121,2.53873905619473,-0.33019857436152,-1.36544702762752,1.26427342775477,-0.624500820080798,1.75019712907004,-0.33851961761827,1.27779679803968,2.07394278118116
-1.27666269376944,0.20884311393347,2.63820841368308,-0.276055464114837,2.81261479863801,5.58498548125284,1.73798546116445,2.04150648058107,0.340532642025979,0.786897152934245
-1.72401852499125,2.91620058122631,-1.68505189246426,1.81170934457848,-0.597826973437092,3.07610892481996,2.24438600454953,0.909145304683381,2.26009370705379,1.00552851657805
-0.6617676738832,5.37232226703834,2.51039870334009,3.92700450076628,3.42350582016001,0.341992430225352,-0.71276558927747,3.79926006452298,0.295842822927687,4.00557427318423
1.54016462438787,3.8248856746328,2.94685759952909,0.506688356653231,4.12334082490922,-0.131070840840328,1.10380495924846,0.686447122991021,2.20531675423856,3.83517466488624
3.50857495664432,2.11552640800445,2.92388869443537,4.54692228369963,3.33227725759925,4.92149450379366,1.35932604774958,2.39883700705638,3.03175030102432,2.42375883504663
-1.66440216234792,4.84339596472525,1.44478078756621,0.92424093122082,0.176192341025265,1.64408879416304,1.68658241415163,1.24625987404418,1.87078047376925,2.6003271021736
2.14817090553783,1.65393460276574,1.83882639591197,5.3519849053791,0.00834156662568342,2.01803492245701,1.09134470901874,1.91914606567664,0.572812681668011,0.51007967269329
0.0233599807702889,1.42999008500743,2.97553280072706,2.0443405869489,5.70851162269802,1.31608926322325,3.33427041306092,1.0123363993847,3.80049742506634,-1.23208650312556
1.14779755793327,3.91152855958375,1.9205622459751,5.1567682498609,2.39637009322217,4.24595780396909,3.84432981937991,3.32168465848504,2.86329242916145,1.63361851490878
1.89554850308194,5.84875327664393,2.79308284223131,2.25842122809867,3.26636571026389,2.96146120244961,2.78969586651897,2.25370170956067,2.56749268553427,3.48799285637872
1.17611791582981,-2.04711523503319,5.79536400858055,3.20578958857768,-1.65673189644968,2.10184094421931,0.199885987650278,0.198779301289083,0.550248324732549,1.33863833550297
1.91669025361154,0.21780575538652,0.888661669765669,1.56212423982093,-0.184730831530331,-0.436017982879237,3.95233161704236,2.96160380856848,0.0694479536656033,-1.20484768281938
1.86386672919308,5.71749476056979,2.40411843348654,4.10924026159151,1.29016107233784,0.797325984404388,-0.648106926693607,1.59495648771138,2.91411479332092,1.38643433972742
-0.434415177494068,4.6316029893455,4.01821820389936,0.254584506609881,-0.0608912089228526,-2.23182975019391,-0.423652819206799,1.32737865485731,-0.494944720343165,2.20360579626906
2.05120581550611,1.57413561528075,1.94824700137334,2.88972177404305,1.75107247982254,4.46396852302531,1.47921137172266,2.5540529456195,1.83027326915775,0.0477436610543978
2.18269020437797,2.6814842152627,4.59768765616014,2.4228715775377,2.33405788555742,4.10712416172529,2.87220656098187,0.400346683838229,1.14656831052971,5.7369153783725
3.77985249059377,2.13443023742575,0.645290700596791,3.31399730593487,2.69341730975174,5.84933939825649,1.57333066465123,-1.23049415461061,4.21829096316801,1.69345222422
0.428918173025676,2.52014328917258,1.34246877791381,2.24673161817606,-0.117043344514543,2.83785892314759,4.28094636353882,1.22578859668134,-1.01095529318818,-0.443377608764966
3.5330628219335,1.72277435379014,0.931705883383905,3.28754205471429,-1.79840084160412,0.348306803398679,1.59330775530213,1.15886703234377,0.626118015020302,1.9545533514087
0.999862861221378,2.10249762109448,0.135449573531928,-1.95046920620622,0.470991508915399,1.24302008100748,-3.28842019840074,0.138028635497383,1.33181007807863,-1.99457480655598
1.43113893401739,3.75744980410601,-2.31341589079888,1.46112779234159,-0.530106482740017,1.56919122473706,3.52757748295007,-0.453360368993414,1.80520037037466,-0.328658757805292
2.12711836719618,2.25371471340936,2.74922004434387,2.54278966277067,-0.0520702496538648,1.87642446229063,0.782087372833215,0.0898450007679746,2.10860308251636,1.7941228536241
-2.04212044451879,0.188316523630067,0.0201224194029838,-1.72240941458699,-3.74110882286366,1.27194862110343,1.05873534489306,3.89372507444025,-0.032554048857645,0.776674678506183
-0.392453665364388,2.82736546713694,2.34020558971487,1.71930427107027,-0.0208915329016142,3.57164943927012,0.652024118153187,-0.044689320844634,1.43685987599671,3.38869025786709
1.74413476807076,1.93499757428442,5.32214388051148,3.16114475432089,1.63601379016845,4.56760182786685,3.08831678467412,2.36576084331623,3.49420968195785,2.79600008425602
1.23793357724849,-1.44069438192962,0.850165376516991,0.70722614823522,-3.22606613965016,-1.88906001494735,-1.29653261206414,1.73743583256444,1.41682652167662,-1.64705134060561
-0.661488844894629,2.37621431607522,0.015186654915488,-2.46868778225596,-0.972568453515227,-0.00690677331440348,-0.363190476477735,-1.08491418391708,1.67883205178667,3.43757393865896
-1.30911051263556,2.54710801571789,0.510579764902901,0.0749522432761213,2.2139833074771,1.54024288383326,2.11184629400921,3.26399650969476,0.64594619838358,0.0799197118715202
-0.564064880933271,0.307675687247705,1.19281009170149,-0.978596613991054,1.00311898681163,-1.57548253407004,-1.13700546460655,-1.41943550049834,-4.24172992521093,0.143687458093906
5.18034662320898,2.55779580682421,1.96949965161085,1.27104706298676,-0.550242932382752,0.470411233027007,-0.190993691366391,-2.61987251436018,1.92678080796801,3.74174715241048
1.69636922642746,5.10926227092964,9.51006296314741,2.75811684779815,1.08616175925909,4.56402992642222,1.71130592760754,0.61951740502441,1.30822769135093,2.67773474868365
2.14920115588995,3.25655714857781,3.99711269107909,4.21452630712649,2.85825795403891,4.32994035010797,1.75191538151071,3.45717533369211,0.208969681644578,6.48082261869178
2.76655568616353,2.1418394891522,2.13402533958204,1.24392029695561,0.755228392721841,1.86914014997425,4.25090071738691,0.887685643939718,1.31855443474961,3.80846200511899
-0.196087460930605,2.2421243224031,0.921919337130178,1.21569821975299,0.104514078198957,3.03808267894119,4.23787737061014,1.10685127398967,3.0180137573383,0.892011018893244
0.405130045694413,2.29084259699839,-1.1431271799802,2.06034207247356,0.682399149937688,0.0396805670466588,-0.69236947118712,1.31802572208592,0.8724469833575,1.91157631346621
-0.212045084599011,2.07009723288829,4.28979079377837,1.04621454084907,-1.23155602187264,1.83792826506042,0.255991301052424,0.669576469942776,1.7833687427253,2.87098352996674
2.44414818349354,2.96853803384153,1.87421465871256,3.07126774982556,3.67502639415703,1.12072283203421,3.17283928606685,6.45371181481179,2.2489224655486,3.40137190956687
2.67868608894569,3.8333854920297,0.973190910770096,2.53904204585976,4.34196878407105,3.26947203372224,4.67143412408331,3.2755696913192,5.38555052010464,3.5903757002308
1.6839224366818,1.55436387335605,-0.998274739688023,-0.340316225812594,0.706420146826173,0.927010059977484,3.51039185984259,0.994873551780665,-0.402243037399602,1.55720017118771
-1.17028785999577,0.407021920810163,-2.44061209689206,0.484758238626597,-2.58914215303078,-0.536109470211932,-1.02028862855809,0.0380445679798271,-2.02341246476312,-2.71658373566159
1.02917453129492,1.44036314979725,3.15153409641517,2.12972718576898,1.05972276214018,2.18476024102935,2.26547307422594,3.37978779542417,-1.56037485707759,0.620184034396357
1.38239124849407,3.8571715743547,-0.503188874914881,3.33989996355904,2.85954917213573,2.01000252768927,4.33743350463477,3.02166490173819,3.42258182922921,5.78064169539985
3.03907695064275,0.75923257767795,2.07785787796726,0.112201263486829,1.60740261033131,3.56177675656127,-0.0565828929891281,1.46687702658629,1.67200805941002,2.39921808317569
1.97055229970931,2.64042072523009,-0.438355942054464,2.17149009951106,1.34795960666324,1.40749465009508,2.8193986235817,1.52283153974771,-0.734170328841662,5.05121595423809
0.590085770929584,4.91439777430272,0.374724075644582,2.21202701140408,3.15500000067432,-1.14957114764376,-0.98961629175776,1.56700347522085,4.94004949856572,-1.43359567075776
1.86366897551375,-0.534750476305308,-1.52907529182926,1.09508182998686,2.55484611418515,2.04782594400006,-2.13951750550943,1.14053996948405,3.73826551574861,-0.178050323295214
3.0572207560866,-0.729448353707529,2.92347094693253,0.801153468464477,-0.879901441988669,0.81980516540021,0.80951408200457,2.08491237090946,4.24114108554477,1.0363308799037
2.41265136181096,2.9968959306938,-0.313298541874911,-0.472861210800762,1.18081388417266,-0.636846087279615,4.32836275921653,2.34552156089807,1.26030870729329,0.758449327257202
-0.648584049183584,0.44490858672746,1.44629543395904,-1.12032896843597,-0.431568651698828,2.18780484081903,-1.30795338620606,0.21355577711125,0.539954723532446,2.23874243036392
5.83887247258891,-1.19260497068697,2.65750053976982,4.51266748964894,-0.171930724021683,-0.149426600038897,2.23019757004178,3.85265541051923,1.14105940856037,-0.051115455687611
0.433001597215809,3.6081410443009,0.121584656613859,-0.749071453750798,1.84377424661765,-0.16576389926853,-2.74260050017722,-1.21783945024407,-1.27047108426984,2.46781015246338
4.53480885146231,0.800436683368962,2.54202350161975,0.968203462287518,4.44988425567003,2.37884421712264,3.3019308271525,2.3891855397565,5.35374226172004,2.84662808020596
-0.722986928288156,2.51712328279048,5.5820583123073,4.03234005436369,-0.818136428515047,1.58584370579359,-1.58756545809253,0.763463195234837,0.05416179196939,2.79739956210127
0.527411209398629,2.20374448599262,4.57401041098403,2.47303595991222,6.90367269430194,3.63202892760667,4.26801026661146,0.285046718723965,3.05032736950663,4.84935802817121
0.422831048529333,2.37365490165697,1.81746981242729,1.7534549592925,0.112117990555298,0.129623991648868,2.32899896539853,3.02482449879972,3.28084007455023,1.69649847288223
-1.13179172106146,1.96747960370005,1.31950926449267,3.14815112766001,-0.158539759223342,0.803522059326633,0.595599607949327,-0.928726462366984,1.17065872582437,0.231394841763506
0.438485342134231,3.45410544387418,0.544274449867867,3.00022927684451,1.79524521085031,3.57525981589002,4.38477590354135,2.88405638250948,2.1018986716091,0.377498472710387
3.21159642363214,0.456203477712549,1.30673621627306,1.79073233019726,2.04370827843027,-1.69717969843805,0.872962907782137,-2.82005636910272,0.39400589335849,0.291223905032825
0.860399659386356,1.49150962102834,3.67897323663666,0.150434521405482,2.78136051443883,3.68445151684534,0.715403013306426,2.12442584883084,0.841847356274277,2.16812431037694
1.68746831467241,-2.04848349216944,0.0301650651353511,0.312839516476257,-2.61011686880338,2.81971703197463,1.8738468204584,-0.519293070097504,0.793960166160178,1.51068018746374
6.64494793678082,0.654635239636584,-0.525524970271109,3.63375327757899,1.89209654335815,2.71722865661791,1.65571612341813,0.272602675913215,-1.82186653801424,-0.447820453206914
0.775474681258253,3.39029080233742,1.9719760512907,1.76988789469784,1.52992153713927,3.77014201009065,-0.580185114829388,0.865750868787194,1.38574799462569,-1.1189701872533
3.43766921262755,2.47588752206748,2.82250459637988,-1.46143184743205,2.32919475792565,0.94790203017963,1.63011422885698,0.846739589467695,1.85245135146985,0.310560685474724
2.59236495384929,0.77165330388419,1.5804757447164,1.99113511034155,1.77570845177999,2.79293400345311,0.329320221471443,3.99526221206419,3.65110671254254,3.46370267374143
1.23451770336485,0.876714879064461,0.588684495822219,-2.37444017774609,1.14407934381887,-0.308498435687158,1.31077094980981,0.888527247891348,-0.561688898282696,1.53738815539164
2.06933108414478,2.3101218558511,2.09251004838164,3.11903598758999,3.04689013679551,3.08323065472983,1.97445418594286,3.16135263580358,0.716273122918212,1.16896363378039
0.854700950888018,0.862727516184064,-2.60940836271678,1.35526222763042,3.01809401944471,0.304915087543584,1.32134726708388,0.175562457808604,3.2871672493929,-1.77086432880709
1.56737288472782,2.06031838676375,4.06796888428721,3.33188880211736,3.7302031548213,3.4021710771113,-1.34713647362652,4.12197307012524,0.289636342821801,3.82740080927162
2.20969786639533,3.76469564879157,4.10390406370816,2.84174350821676,-0.811591867994483,3.28588023089013,3.23181790100358,1.1680730845403,2.19324647580478,2.14817297194567
-0.618849040018852,1.3240995805227,1.33425516756947,1.7122211232457,2.1606486034612,0.345011148508574,-2.13154702391106,-2.32383300394766,0.547773486045757,2.01706986981296
5.28139200092395,1.91011876778789,-0.988582123944188,2.78195248070188,4.37485414536339,0.993238056879202,2.17964581476009,3.85802864454032,1.24375254227018,2.4039114218071
1.53086485816073,2.02177874003908,0.458945685199562,-1.17166771201509,1.70504717031776,0.39072516502627,2.05922093685135,5.00187578946614,3.67241723534479,2.10929450774758
3.11065071534401,3.25056234162631,-0.876624606181124,0.604183074562503,0.309563347263853,4.06040766793928,4.55907088335902,1.77444792186888,3.09143656068312,5.83843241270558
5.41836460693233,3.05005562852631,4.81422254802315,7.73628846802389,6.09744841989627,2.29102321881865,4.99436436892936,0.908215988479279,2.94983744439685,1.78088481967598
-1.48604159030282,1.77334934019168,-3.04135584260021,3.16133296950015,-1.81103455385516,1.5061261267473,-0.385042929132324,1.8042964939393,-0.00646824447015071,-2.56089387601528
6.57213813778551,2.55786505735295,3.20285767087101,2.69891762355788,4.35980882046577,0.0636072103330219,-0.306874720207094,1.42204865679698,4.8612764206544,3.44668950268286
0.338186033863073,0.738212733193043,3.24315855483725,1.36452987724557,2.41921899433192,3.6560856944463,-0.58293791312616,0.557301607288904,-1.28827924688969,1.56184617224741
-0.223599115666253,3.20261284595474,2.45820359022186,1.7070290663127,2.44849485553879,4.55457454611584,2.05570302506997,2.07010624393218,-1.55282102057463,-0.91393652119736
2.89882858059028,3.16309318739814,0.78746220132287,2.02247768433439,5.28831610141627,-0.230938174996797,-0.0174140291503915,2.92974327526353,4.05608361936609,1.07897321550024
2.27594611391502,2.73600518022198,-0.0732390026279808,3.04490872724653,3.07059630090992,0.576247473003521,2.48213531536396,3.55875248258726,3.72912651852689,0.152317062551033
0.838635875458679,2.49641642766626,2.24437250582376,1.10582267804577,1.59459062403344,2.26180743619259,1.89989411275813,1.70148277095763,0.696564529491477,4.15612413133609
3.14441725169167,2.0026105491745,-1.26906166745366,3.50484719839932,1.57560981655756,2.84492562534948,0.14708653763517,2.95613089122148,1.60490484017333,2.81092256318643
-0.81740704041307,0.821982723694893,3.09253132988121,-0.00958566741100597,2.9720535804024,0.682129479798917,0.0416039089619076,1.92949733094314,-3.35778755490615,0.873580513892426
5.12803554546654,4.08504418492265,2.01857025184877,1.55643060693105,-0.892759741300982,0.315818537267896,1.12247099161633,2.44829116951525,2.42214434797464,0.440185585558519
1.8875734418351,2.35971900417367,1.1659549389462,2.17530844699277,1.95519288926835,1.35740293193987,3.95732829819754,-0.41973762797446,3.66369901739334,0.63949633201914
0.826253783046427,-0.509781778755595,0.770149004917773,0.162891272353035,0.936566135148814,0.690402733425669,-1.12496002989167,-2.30014392503883,2.62376373817759,1.08031739197901
0.243598864190433,3.52588376232509,4.32733176939782,1.2613341560467,4.50877137356467,4.72214577420802,5.75632415585634,1.04600144645312,1.87838797738568,2.86858874686883
0.656874494182971,2.46594704417104,4.91266576523872,0.507376237188194,3.99420386776735,2.22973014370611,-2.27559329960492,2.46851664647986,3.9758012858892,4.16767007700049
0.998551089738354,1.68487101845922,-1.2224753819952,3.02866388900915,4.43679864983436,5.55475865600538,1.6546303064213,3.41199826068666,2.89784158093268,1.2361646452299
1.9824810095225,3.84964639085253,-0.439890747180167,-0.787643511829847,3.53520729910142,4.22471273308441,3.15458570844439,1.19116984058373,0.403337333474928,3.38724848502331
0.540905093460464,2.35053051897822,-1.4960981052522,2.66880441727933,0.925013361325293,-2.30230810361684,0.870041064483952,-0.675633707486264,-0.367070163598047,0.742470708325782
-0.158013333250609,-0.0997299233069397,-1.03846087771835,-2.31438654708388,1.92890959597502,2.07265563555723,-1.00656991096151,-0.345347939008423,-0.586165218899411,-1.76381890487423
-0.65247607787045,4.07414505461494,0.541438684570101,6.02311911474491,2.18909498194773,2.15006037662807,3.23983639260286,5.15199331157412,0.151619580771426,5.26353980475466
-1.26040622621035,-2.75364837142455,-0.590086226216366,-0.143549596005199,-0.0308277705026712,-2.46361205185901,-2.50205802304403,1.88455217370305,-0.478411417462208,1.04997555616697
4.37696743231505,-0.591421890477956,-0.26031784293582,1.26529828463785,1.88886349299908,0.425253434253002,-1.91211385169685,2.3150777019056,1.77802376036132,-0.501096690311316
1.60797684433237,3.46034618924688,-0.980318514677479,4.19137800227197,0.16093045101085,2.85867799529564,0.668142605340981,1.42134231735073,4.73170579805108,4.57817144250431
3.85495506516626,2.09386359298822,1.57301793669992,1.60514963150196,1.66812906676225,0.736141095054618,-1.13292573777942,-1.6356168136445,2.5344408853017,2.06244111441845
0.100331871986439,2.1300914252032,0.189999558892436,0.266715002637175,-0.895793546958031,-1.36076242391719,2.07303515580533,-0.0188235166827573,3.92877630096116,1.31237339194952
1.52156202185884,3.92757644935011,0.964637379269178,2.16947610507809,2.10735667030151,1.88240629442845,-0.788438988060304,2.66710267943585,0.274727275765765,-4.30938353987166
-0.694799438485972,5.82369557810917,4.1689944525398,-1.27069499393803,2.75190814788266,-0.193974667583801,0.770864650819995,1.98092127834892,1.25929082856102,2.59951270541968
0.0176568434054633,-0.35135575160521,0.696057006545508,1.49623008058899,0.400254161820177,0.726099928236972,2.81727613848262,1.46619749526104,1.25331507279303,4.67460079411588
-0.394098867494943,1.09641124520085,3.44056365102769,0.876634455567355,5.61508055044073,5.16573673322106,4.81526178714743,2.94354012936958,2.11760454030217,4.82027903951938
3.15008545213612,4.62624637091389,2.47237541937947,4.42886663688017,2.3375423155068,-0.239675849131005,2.82519039581292,3.57260070218652,3.5336292981135,2.5317756221225
1.33106188723757,-0.273046671575363,-5.07376356795229,1.17643257683537,2.8326642149829,0.717829022656781,2.7322044086733,1.30429028611958,-0.749631413216005,1.92252900988728
1.14391810240231,4.47711375943394,4.45543645372724,1.13193660465186,3.91278926227253,2.59023814447063,-2.04213777318054,6.60887981251804,1.95274466151168,1.59529561710042
0.591958312912342,1.87444010768235,-0.298778806209905,5.26006449836594,-0.598448886468759,2.23269443548335,2.66639212616119,1.48337166900228,-0.349809928283248,2.47470724634625
0.425097190645892,2.55000779774367,-1.6198588169518,-0.966853708223974,1.92698127643324,0.714134022776382,-0.874454039869383,-0.576221531223884,1.68446067421514,1.02882117480839
2.1675852690935,1.29007494673378,-1.06750775885455,-2.15434846480854,-1.90947393304473,-1.5429809736288,0.952774616516141,3.31270091124573,1.27191477948056,-0.501720264953874
3.45109479751028,4.50579975452862,3.30379879646764,4.81456239097154,3.49891970616781,-0.0470265080548509,5.58856258703032,2.80216804026572,3.56520300301401,5.03331673060583
-0.815175247573357,1.34545566475771,0.355121406098849,0.452774613692185,2.06409558983726,0.0667694904791768,-1.13911160373286,-1.27495181937755,0.522547729697959,-0.466692840294714
4.94281476270972,1.20546031777351,1.34598466943453,4.73722378962725,0.0249927902159623,2.92107697615631,0.822060344719086,1.27536851483095,1.66698693412713,-0.602882406886724
2.02617548444935,3.89581125544628,2.2738626965007,1.23804019454861,-0.568409323464222,-0.369720558625516,1.04761286523386,2.8503487719888,1.79148306544895,1.18108839108684
-1.94081157139705,3.53908166081751,1.2152408880193,-0.802271995886572,-2.2354944990461,2.43054591750936,-4.44528326257813,-0.365824354805933,-0.0937221943797908,-2.53495941056407
5.20411508475561,0.680131450569987,0.767541298535032,2.95776685559725,-1.16447964664425,4.13055790286015,3.71242974110474,4.03817568377511,1.50751361565269,1.95233741072302
1.60079205899462,5.47013724708111,2.36445010525275,1.06513704677202,-0.779362064864168,1.27956451290644,1.12618650741,-1.89695692883457,3.75892817948177,0.76760223000452
1.16509962040594,1.0892505388753,-2.12731110873154,1.42384579886305,0.670043932826188,2.77494986751398,2.4703079963168,1.70094365102236,1.67849919496643,1.82844490677283
5.13297843548922,5.3959704746927,4.65923171936828,6.59519903488752,4.79990833145554,1.71072717397941,4.62437965866294,3.48189115078472,4.98317842139642,2.53759071601626
-0.766899049641545,0.413021991326279,1.92562565328908,0.980229893198646,0.78428841854565,0.473988734096,0.140300240862089,0.266764635293975,0.160667082065346,1.73177943127511
4.15351598885751,2.43908183964666,0.154578362421647,2.53564502582071,-0.862689541654414,-0.634997999815023,2.99156004997678,1.58154099547325,1.74676127664867,0.744613897930342
0.667760452489003,-3.27451918300506,1.81637310726488,2.01649795104378,1.19968089129811,2.00678509452987,0.479286479778448,0.732356852269227,2.44535867099441,2.71099801065706
0.734657098079432,0.795483204044746,2.94840752618278,-3.08072463807353,0.24615321747004,-3.85051153576849,0.0490326660126779,-2.10106811130757,0.529759569180639,-0.729862193263013
1.31860764227552,3.64084452862684,2.72983417076575,0.830464392650329,1.4352368998156,2.22847002494316,0.534595318903842,-0.235601288551665,1.88159789383482,5.55238115551333
3.09173748506012,0.227138315481037,4.0045449696646,1.61511163918126,2.91703881000406,0.49487333469391,2.60114640356661,1.84825754287924,1.87614714086588,3.40017343206224
4.07633401954919,1.23205700665282,1.84195261299692,1.95139501961104,4.04579028297299,1.89208784578407,2.02518262307486,4.69239724477846,1.87595907203577,5.00085615876621
0.0751970499018159,-1.11389727241888,0.311071274152997,2.00756810719817,0.472090714182149,2.309034058085,1.72046932608548,0.210919955936294,-1.49288839467159,0.378619172432824
1.5248715225205,-1.22570586384819,-0.308511029920158,2.61021099234992,-2.36979658167621,1.74359458682529,2.69416625422581,2.44910239067875,1.35609159738863,-0.651859929706284
3.34723536609916,-3.22671416733792,1.85870391512891,0.279518150446994,2.68161380956018,2.05613115766144,1.45049414186218,-0.392492396908815,0.524864147749965,1.20179369499498
-0.0999981257478391,1.78323272391753,1.73484725037349,2.8400805767486,0.218922486376453,1.68972801277401,-0.294674438376024,3.54142232733184,-0.225494307293765,-0.0975900795245732
4.64870015708655,2.38048068162387,4.47735419364316,2.92474052896087,1.97834660124237,5.72326256395024,1.17355549742235,2.79087701641904,2.75176927894751,2.65742214200607
1.00869616161168,5.14777970228181,2.00127249181868,1.60961965254706,5.80253061451409,2.02350229624427,0.720380737953317,3.72192874979294,3.40203740403317,1.25509776879378
1.22322025993852,4.53969292638098,1.4748151195573,0.499438322298837,-0.384753255002159,1.22411346211226,2.13484613503487,2.00868293711342,-0.572831346751012,-0.181443362357495
1.64355213112719,0.253468032270161,-0.279785656447512,1.41498584347088,3.96830118502625,3.62377189899797,0.983973423867948,0.922453981058705,0.448201143767307,1.86590240068008
-1.57685257613498,2.03982729471939,3.91125756934336,4.34463857100206,0.377041509544602,2.02658043555184,0.719578911612178,4.58745392927811,3.65678062028368,-0.33324804354877
-0.431931114696217,-1.09504164103962,-0.796825755640527,1.7110505775699,-0.546941659572036,2.29916971369947,2.21100428483946,1.088048054614,-0.403712782151707,1.5240109273926
1.60083544354907,4.29061398283869,1.88848128402652,2.68682460287373,0.382432973948205,1.4321344438236,4.33624095882912,3.35427582749359,2.39432104995355,2.88773197674156
1.90874059233423,2.75307408314797,0.805802296927205,2.66137440410489,2.09121390634449,0.0247193161642709,-0.00463714671263693,0.969481543391141,2.84951688534555,1.37255414555543
1.08897266583607,1.8737135124588,1.94191598622526,2.74141949202799,1.81418153123492,2.1701327192366,0.529292861615784,2.2391620391774,5.43100355978696,2.82833317048151
2.07386998586884,-1.1969891269707,-0.603536174253561,0.534542044626424,1.32019293843872,2.21114120451429,0.0639254083785747,2.78423932051472,1.16903759791398,-0.183437205180929
3.42801499857468,1.23378989673605,0.303284903296177,0.111806645464192,-1.52782600718664,2.37403776819851,-1.30488649486486,2.21735562712777,-0.177902740622431,-0.152396377991872
-1.59335375475299,0.829049435952409,3.87925996224231,0.402935692893819,-0.312911508465597,0.948213025990467,0.798819525455359,3.28311941249517,1.73074394987278,1.61844595287983
1.54988980234345,0.538783502390136,3.1624782116124,1.254402132638,-0.19533308239188,1.67336006162864,2.44183236756484,3.98801035243795,-1.28617375058594,-1.46469704715729
0.834273539642819,1.98769990901339,1.05172859417262,1.10773964068718,0.965673385544808,0.157182822863572,-0.447275591251047,2.77521888060034,6.24778567357968,1.64155878318269
4.17053676947142,3.50830837695849,2.46501833704009,1.54046621503251,-0.220002467482938,0.80611025546753,4.25769848625408,3.11857088531821,2.75387352555696,1.7544343896355
-1.27003064406418,0.00424638640221887,-0.479061698813622,0.253772999783114,1.18039654620298,-1.86701164435484,-1.56636592107823,0.624550413612397,-0.95144427741162,0.956872210736254
-2.13520496811643,-0.169372139552529,6.74077801453287,-0.925903554809167,1.71055047574438,-1.03808240348563,2.41230632269702,0.491114304190799,2.11738121953292,2.89093740199447
0.424708641626453,-0.950173951219849,-0.239573653742947,-2.62749401095188,-0.65444338873006,0.141227484200765,4.74183686202628,1.81471654393874,0.391302579045897,-0.233672067468562
2.06257772419113,3.96732405491047,1.26397163715941,3.35917984221026,1.78877112595447,-0.0557848519489492,0.433017692301232,-1.03365970683527,1.00157002910749,4.01094456892654
4.92684901256591,3.38480712125692,3.56677086198468,2.45581018250631,2.15414728802237,0.626347514493343,3.97225755854716,3.37490481414201,2.6250499207807,3.46593634361885
1.80943445270631,3.13513036333403,2.39943880569581,0.798875056455444,-0.68007169451859,1.93354767329597,3.81308732590293,3.62126388343541,1.81093130110146,5.39428885111574
0.451679329165127,1.1154947486385,3.03788724737606,2.89293156522005,1.93320774755967,1.0030490271077,1.71548330553098,-0.292347517070402,-1.03131873682441,0.737447771646789
0.997891551959422,1.1792363361904,2.39577360488293,3.87584608741358,1.14572486803608,1.2954876595148,3.76856024790451,1.25875513548097,0.739619230737639,4.44110097635431
1.08808834991701,4.122642857778,3.50789941928226,2.12753223553609,0.749311671965579,2.65024784153005,1.77577946801319,0.319819841111506,1.84988474790127,3.55982545982417
4.51139577430061,4.30484629176429,-0.559861890947789,2.03403628240676,4.10178260828691,3.48737143840328,3.24653725883881,3.81408096584238,2.69080259931577,2.4555508970211
-0.396177738218919,2.73262820250105,3.42246682588426,6.91465391776741,2.22431604890352,3.67536265809144,2.55143238043727,0.753027211376008,0.939413730259607,0.981245467375024
3.24180422087139,5.55152308899519,3.08695792554384,5.24241587653685,4.19938764284161,2.2893605536411,-0.378964342561814,4.09216564953263,2.65056114508361,4.63783420727997
6.04688377574841,2.35500752474264,1.46414586546738,3.62088985946023,1.41367990056465,-2.60600727417044,4.13486165467546,3.36628676972141,1.74384886852559,-3.10022175094817
3.5146256748302,1.72880130863487,2.12973383874798,0.398508210611993,-0.316739909548344,3.75457135347431,2.48111396455645,-0.751898278587586,5.09330823049213,3.77339811810709
1.0652409663046,0.759840635853513,3.34153906843306,-0.318130065755651,1.41715618657295,2.74277458571144,-0.369408508880471,-1.03540421249181,1.0213291974051,-1.2275289387537
-1.17270844416238,2.80945198584593,0.729082063348878,2.15191614125048,3.00826684599928,1.08438865546259,1.73496494424538,0.00267881253611812,2.40604042233386,-0.90334328797956
3.31452373015236,2.26276145789909,1.16478083658103,0.269976520505141,-0.511994630650011,1.17791688038943,3.91211081625845,-1.33674175569576,1.86092639980622,2.87028761739127
1.89077106208378,2.23838081228704,2.66605701144011,-3.70829953257719,0.34462994930008,0.886878359625098,0.0230064357168556,0.756533231532246,2.32458829838723,-1.3673283451594
3.16786098130252,1.27791111707565,3.96833884452549,4.51061287154679,-2.04940505926144,1.21105512960725,-0.688173222265326,2.13681351405762,2.6976436388997,0.396096661350431
-0.389829914814757,-0.0124181995699377,1.79533222245999,4.8354627073481,6.21067887690073,2.30010888516401,4.15090944330511,1.6908997034125,0.717504675740749,4.66663686744192
3.22324732732545,4.50939924399041,1.42906710981978,1.93874887672293,-0.0779005536413795,3.35172034236023,-1.02130104403082,-0.509746463070027,2.75799390346276,3.04524917394284
1.4382535759819,1.06012809073224,2.18003527922387,-1.38635540918514,0.989289044126964,3.8804377242595,0.509171965491761,0.209239177110273,2.10060443598973,1.84116810746717
5.36442346649002,3.35860217881149,1.05211171157505,4.57196277578826,1.88114904914022,3.10102261002785,3.7282422602884,0.59168965159616,2.18664166353302,3.00347968604227
2.29795461419415,1.18712066036157,-0.131816253854363,1.33431819628201,5.26879720223024,1.0735969651112,7.26632838604085,2.75736795069097,7.96081617014616,3.07862444692176
5.82419385831602,3.33688060056919,3.51328927374874,3.84586773876503,3.81815489827147,1.79061297576425,4.27804412169526,-2.7948683117314,1.96594723881838,5.23659118408703
3.48105371480403,2.70793322717099,2.61769099516595,3.44932196695893,4.12666734702634,3.72514785238456,0.884315921393866,3.76500428511095,2.39542325523978,1.63954333814717
2.43592916051213,-1.99457465619438,1.70706137076406,0.168996709528668,-2.75243700073175,1.1838189675874,-1.56173392772672,1.0133934138829,1.05546047530147,-0.25654321227081
2.74275054016962,-0.873922650406617,0.192641219197595,1.79194820706127,3.55653980959058,1.71696865386081,1.8757752042213,0.480195617851019,-0.546440639121176,4.78170348572207
-0.785295726507867,0.475954065983267,-1.82855433324494,2.46794148510904,-0.140992861002874,-0.081078980677337,-2.6811637298082,2.32196033204225,2.49008346171015,0.300851538283901
5.22733471457106,-0.156759484618905,2.08556270326353,3.63881590637481,4.87504322059008,0.127693755731201,-0.507900429460228,0.884278602707265,0.52345398890905,1.79622237299413
1.81963574619245,2.71859323377765,2.19769418974396,0.127707534108862,0.509568373490096,0.5977067695044,4.13757081929679,2.79804811458993,1.47464572834428,3.1270067152513
-0.633135813459694,1.62174835973784,-1.82981477034257,4.73037572540554,-4.1785132396963,-0.280599421557468,1.59580136526055,1.20634812123259,0.168143586152556,2.12376548276767
-0.799207975788591,-0.365681643280307,2.96686882302557,3.79060079601584,1.24209074675451,2.28138120088778,2.47752805175884,4.82315800377698,1.43722985922345,1.65873887492779
0.784684373838367,6.10275374918106,2.10508094616242,2.52978712746138,0.264808415661804,0.610012659523015,4.65828477642379,1.56525006531982,3.78300578430355,0.879734549909826
0.952996024597427,4.1166273654837,-3.2235458683923,1.03757300286532,0.510951712260641,1.11427741241479,3.42675468090831,1.8584526624424,3.98711201485039,-0.483368314071849
0.745426123384488,-2.92179232993766,4.24416292195046,0.033391121319293,3.38865834598066,2.51924960690335,0.0783683875471013,2.40852119757959,-2.05475039415481,-1.86851883429888
4.95721916073536,3.68476371329256,-0.412642905828017,1.50788076269964,1.96871235945937,1.58548046954642,2.34693167926568,0.28141917862991,1.24203995495136,3.36949397756368
-2.73195054378321,1.34656184211499,-3.00181019355273,2.09672263009458,0.0113671584585682,1.66956622566278,1.9483845212522,-0.239688070190306,2.50964716264273,0.434295389283848
0.446832988256761,2.97484547858924,0.691092413257536,2.0482593673144,0.77055613092174,1.69089929636614,4.74051498964747,2.85377716076649,4.49766357644636,3.08465658266655
4.20709868312978,2.46812594712639,0.236054578150536,-0.0430069436868603,1.07813628204445,3.40729101253442,3.89991456506263,0.222547706271686,-0.0697837826367227,1.15152876513647
-0.610250576062989,3.59894826066025,4.87678610426007,6.10750160605838,2.35728974587323,4.21291862955226,3.50329360926265,0.508008423522206,5.30649914734807,1.84228666762962
-0.337266160332621,3.40361621357465,-0.961478192568362,3.60055750780179,3.50473748644223,3.68054223698716,2.0763584592169,2.33563480240755,-0.462166011155614,-0.951437919572768
-0.183172849210264,2.79737551495193,4.05222224294372,2.11683261163646,3.15025346605747,3.47750011921232,2.49961765537227,2.51798675388749,1.70036015863379,0.808421403552387
2.55959573876996,-0.46804252813954,1.15736506873767,2.51085761799818,0.745514492735292,2.99212876095984,1.33916831501425,1.18689298277764,2.76702407447515,2.28273165212229
0.290622314520271,1.2616778594988,1.03196588698334,1.88032218041323,-1.13597387671961,-0.347043271306889,-0.688798325034425,-0.643635773344427,0.723901966863631,-0.511131805441593
0.86309639960748,-0.852509858159261,-0.606648106279342,-2.06826411062719,-0.996472467051498,0.870127303181783,0.48478128229979,1.56240719672203,2.96248716292577,1.37931600650078
0.944857587873202,-0.768995648562774,-1.77922698125695,1.70204942246435,-1.05838980384673,2.97434376733382,1.3542233082451,3.48942226215809,2.21614770117987,0.161474583884704
4.37484348166663,3.59693205525705,5.11812560449355,3.75891902707979,4.20839182013444,4.31738603067275,2.79864260187518,3.04856815090504,3.70682801874,3.7173762301905
2.27968373423878,0.292746848085542,3.90241333517947,3.33383166468203,3.06939500981726,2.07060852558003,0.48248238926322,2.06107777300751,5.08825971816789,2.42172602396628
0.427455060118229,0.809332647704683,5.5139769632099,2.38900588017205,-1.1552369709678,1.34552625207017,4.07890235567599,3.7253080582401,1.28602544173679,3.66050808554865
-0.436900897286908,-0.200914729899052,1.34905914031849,-1.81698936013529,-0.5761925772719,-1.60226663889846,1.26564036210973,0.0785367093411663,0.0597485453012314,-0.966327433526929
1.92056016315092,1.47336749263714,3.29711166808429,2.64971371063,-2.29429581253924,1.67249113838077,1.42275849343713,1.49604174172558,-1.05875532363891,0.306261383702278
0.517502448189139,3.02846381597823,4.01945295962739,0.29153687794563,1.85141465132271,3.69734776253945,4.24841772680077,1.12930461639449,3.48410950476544,0.739843477370539
-0.401382644927556,2.87471515323424,2.40306263817797,2.30643081200772,-1.14174078735502,1.6063562590503,2.72353769766082,1.99538923855794,2.51780812880701,2.03200730127142
3.91088639096993,5.77469258523064,1.0145455878179,3.01561970617933,-0.00214597216569379,4.48980949339121,3.53653266779451,1.60840583644793,-0.289449134541806,2.53996781863178
-0.102620313125811,0.190655456926295,0.696954407162908,0.745619797183448,1.59595962044458,4.23567011879602,1.67148177572841,1.49086477597144,0.812316662348677,-1.67307461418952
0.978812638582378,0.913053201841489,2.2327655230269,2.20191776014606,0.177217224745835,4.20546294119213,2.74126455833368,-1.41953087718283,4.03973364243715,-0.0120306202040719
-0.172462961904968,1.26414019449037,1.19117774086792,2.5518059913498,0.938002596099933,0.345202479774118,-0.292219905676508,1.50932721818044,-0.132417963171327,5.77607832803541
-0.375618096483155,-0.768661883998338,0.794043387747011,1.30888498804108,0.105731961787143,-0.848522407749007,3.10668243471735,-1.3396376628431,0.658314217698269,-0.655271838366453
0.511078540446981,2.4399223231047,2.86357096758365,2.78597520230306,2.34686764904133,5.04852364662109,5.43205348882222,1.80296232537006,2.27929593404758,-0.924925100931083
0.613863404883692,1.31760076454318,1.75433102006193,1.19634818414443,2.29165791648269,1.50681905237028,0.605700728971011,1.80967364071431,4.37365432131073,-0.0418915417120203
0.371911831464801,3.07939797939193,1.82252400253389,1.94932888916521,-0.0494008673935604,-0.182880257303574,5.48802149564529,1.31760454764934,2.64233742649497,1.47591019967686
4.79810951254676,5.56656111217583,2.49340280757902,0.157879603863059,1.74644516581984,1.68737257393147,2.33561130189551,2.05203346289988,4.47750748272266,5.52177913784944
2.13806818182923,4.30931209659994,-0.589864768408233,0.999023957061012,4.57427648205841,0.385849792350586,-0.714532951387463,1.02485838353834,2.66203842336758,2.7951967377595
4.01007008813509,-0.00958955402394457,3.13297278428549,2.19786850985832,0.585591756392534,-1.26727835562554,1.22169604915393,2.38029242379842,0.887657013405926,2.78019043409491
5.56688857804455,2.03532625099317,5.73695446071277,1.47100312777232,4.97823491903718,2.42835481048338,4.350891066187,2.28809009075074,2.79554792286661,0.772247796318771
-0.431232795221156,4.14975999294773,0.144810384710018,1.32452600600202,0.580435948917449,1.7136078583863,-0.0463848186730347,-1.39346431053438,2.98394870743212,-1.03099558219541
2.89628298357178,3.86997925291831,-3.09766319006524,0.478353866864097,5.4069497986538,2.90268731830051,-0.523106998728259,1.65677782337742,1.9040625219586,1.7582602093744
-0.302433668867666,1.6465725486822,3.64091947728649,0.256108533134055,1.88175839222843,0.602784567848795,1.43762333778586,0.0404849272413554,2.4284102315226,2.23706252030036
2.91881194733202,1.18575526836794,-1.09460611928443,1.81389754904797,3.70907931344996,2.74865546226522,1.57444758732702,0.523985525237517,2.41960418562766,1.5252163990804
3.25610965516865,1.74472207065337,2.24989613265803,1.98458123544819,1.93476504513476,5.45664922435427,3.56795531832498,1.55492152029263,5.93715388211368,2.57958913782471
5.58041594037404,2.81873575697078,2.23218598202329,1.63082448972305,-2.98963896549841,0.931901245121511,2.88236246757769,-0.817498182756417,6.22840976290551,1.99184677334079
2.35163204078596,2.04259258660017,1.76803170561958,4.13219345022361,2.34514796781683,-1.87396516456933,1.67229791473527,2.65946709444133,3.40561000904136,4.92602557600586
4.34032584271345,-1.11788612262995,1.61133757752024,-2.38087324792152,2.50636145756784,0.295097431556642,-1.20394483314397,0.681708065878899,2.25304558943013,0.451957929219525
3.99351008833543,4.76334826121747,1.55199345569699,3.64060037630212,3.09693799928206,1.93587746598875,3.44882385383356,3.53140697053585,0.747701759553118,3.61664029233946
2.88746816821781,1.9446810169341,1.54504353959681,0.429355715252273,-0.146005835545275,0.142760743464557,0.536543677657241,1.02539714392462,0.189581986311186,-0.928222155447188
2.20330284137247,1.59780128148385,4.69168264114634,0.280203717111311,1.46944541360291,-0.136333009835214,-0.449064698719845,-0.646058894294914,0.233731840505467,1.28705083778335
0.464523657223575,-2.67409021201385,0.460879265007549,1.14078553543928,-1.00364287059632,2.53101214436355,1.96699181975093,2.4672526846754,0.862830130470883,3.50224384291481
-1.2834779258153,-0.613923460104017,3.311216263464,2.45373817960985,3.10026452036159,3.47155427781398,1.48125073388392,0.879599361145425,-0.354295436818983,4.67427050765618
2.71750719497135,2.51263342535199,1.38134840390918,-0.541233684009347,1.32409682786327,1.22682000922595,0.77519313169531,0.286930972923642,1.11692401400543,4.79004669160216
3.62133951883413,-1.29425398473351,-0.802459851807957,6.18161842566445,-0.19343949316296,-0.0874494113245436,4.2941218645756,0.367739043701908,0.0554955978910321,2.19170684030502
0.823703816714671,1.33571253826493,-1.82572189980874,-2.82185898858626,2.24942513318557,-2.13116652765365,6.00477942795112,-1.62776836693762,0.316789345299352,1.61551573427071
-1.86923336638853,0.527589069671467,0.0839975206067527,1.06016676433505,2.55209034439271,2.27249325765668,1.29367811085459,2.23198227450022,2.48597646859522,4.15577763223289
2.67223817049602,2.73280015940664,-0.515464171942776,-1.16297145559665,-0.023301028265038,1.94516369576507,-1.08127686688075,3.64383604671134,0.741780305842424,-1.48513136200333
2.63052981707786,3.32960379792068,4.03692077455937,2.0551279022938,3.03678796002767,4.55850769677593,1.48252370530517,1.73462511947063,2.58634998891322,4.3058429213319
-0.122969989557205,0.0534629390572553,-1.37873205216405,-1.69621228702327,3.59150143620238,1.17473364463715,1.89884807866624,-0.305414849594395,-0.527194279111524,1.93481057396142
1.5003658364869,-0.713403839074885,2.05789067635487,2.9404653136424,5.42689125351039,4.50422658975631,6.03880950007184,4.15653332176186,1.6070704243728,2.73146778248743
0.700210380644821,1.32933370650851,1.17898614057656,2.32007205972738,3.38348016843855,3.4390211968549,1.16802213774198,1.1097312130375,0.164447791804667,-0.581757583729081
1.78172811750661,1.01149132061929,3.08531313083632,3.49192821984387,3.5441128623335,0.467721146541387,1.38334564999346,2.39402427397102,1.28372748266103,1.73768511806192
0.523163560252401,3.65399971324881,1.5438905905075,-0.112558196289645,3.69087371822456,3.12843700090557,1.13320149305726,3.96435572945097,1.49685557312121,1.54735372260208
-1.36636267325947,3.66411129404977,-0.268411220992383,-0.149547706569865,1.22976989677725,-0.187423556123605,3.1512249733336,1.86316672790509,3.24006522614847,1.75474352024504
4.32351904347543,3.05069710448218,-0.676346559806013,1.56832299270255,0.935266457037518,1.92714355363251,1.38600476655439,4.96685000333432,3.87231663166311,1.43924452027528
3.66176347874004,2.85086005869056,2.89778626124141,1.82439048339211,1.59342913675098,2.00649502618135,2.62938128962291,-1.87927493298016,3.10142078557701,1.85061291006487
2.38899647743735,1.96855236528144,2.25996252423997,2.99003881197826,2.80477590546819,0.483548813572318,1.61370714591753,1.08774982863783,1.70201255908834,2.38998918385209
0.14819566099566,0.478074159603248,3.36018393046738,2.60397995881066,4.07913781587339,3.75530888758272,-0.919581174136594,3.74339559609633,2.58985015324633,0.895860683067809
1.70721490272587,-0.595053857550898,-0.429016887341828,-1.51099942819512,-0.0658965532034046,0.521491764178585,-0.229118138680118,1.17335984257043,2.42654744648966,0.49444900683271
1.94127250071591,0.281966615856806,2.65425918000035,3.87483864412313,0.355639655678105,0.557965754517716,-0.901870570027,1.59474939503521,1.6282950676012,2.5058798618365
4.08329374588534,3.40512656839409,2.58142552656119,1.44890782146125,3.07854291914916,-2.46773142920963,-1.03164522608515,-0.0682911840129758,3.74693890493249,0.00507914275185728
1.3061386600448,0.894946626029583,-1.23430926075132,0.594484998399909,0.994228318740229,0.562155778447428,0.540399075283511,-0.109921547084569,1.43602114231312,-0.0438312761989783
2.04597764458008,1.0762165019469,-0.165170264527918,-0.264546181515106,-0.0437517974831816,-0.217149821614392,0.186848350703632,4.00372939195822,-0.245397348327742,1.97970859036617
1.41475817604989,0.316681419556828,0.989646969197043,1.28058247516662,0.919615702818366,2.755957075863,-2.76335872686272,-1.1000788436979,0.765430717072932,0.144307343716011
3.03135114965935,0.39548558471759,-1.21521509080774,3.27561018227807,1.70900564443324,3.0425165906447,1.52395864529213,3.64125284268163,3.27432700035248,1.71170183534127
1.56701976424171,7.18149041146913,1.12410728606736,2.66883237101395,3.40175809278666,1.89743619676504,0.527635688574041,-0.427695448572067,5.05618388225582,-1.34848926338738
-0.822110319251378,4.46259714375707,-0.81599018665971,-0.327371442329431,1.92069296055623,1.64302758799577,-0.278097520426314,3.86827528693215,2.25516536836893,0.952781805905969
-0.00922772665408571,1.5645282426829,1.08496246819902,1.69520390136469,-2.81834501259072,-1.49221793371589,0.263971613123814,1.6626688507068,1.14784647219313,-1.83119406473834
4.34106160139946,5.26538091855543,4.76130756684574,1.02535679280039,4.54400137881089,4.10993327190191,1.55273315016768,3.88019613534012,4.30874589567538,0.840876030854554
1.15844903539086,-0.545673342418906,0.740715523908496,1.80570562297672,-0.54847323509915,2.77144372271167,1.68076430979681,-1.27859753644806,2.92316330896807,3.97535920430922
1.30612371453893,1.07314634398877,1.69736133494355,0.622116593891598,2.66419946245298,4.24074926366088,6.83313502418861,1.2737315313642,-0.0321447024550312,0.403240479264005
0.420074790617892,2.09297590506018,2.51708458519514,-0.3896140516841,0.721466434147733,3.99587447906284,0.94615408312091,-1.46733116470597,4.0575249091033,2.70795416159292
-0.148090972670987,0.276550732393341,-0.406001041455424,2.96909625560592,0.569988147521576,-0.854559456790099,1.84261630339335,0.953166363648889,-0.961384234910744,0.867282311071427
1.97590638597296,5.32398856182511,1.9111084712658,3.85424226673661,1.5710159992644,-0.353525913035838,2.99531149159318,3.22133887608027,2.4710328523743,2.67448135931528
0.0459862389169401,4.87702346852913,4.38514356510498,3.02853025947075,2.08775184675433,3.67396056089348,2.67810058657607,2.6053118503255,1.3834125112334,3.13349145666173
3.61385685432083,1.07037047616749,2.39313697727826,1.83725306207835,2.33653667187551,2.92315313508456,-1.30541174761265,2.77178202998863,0.953548562522427,5.03708696501854
0.308588410917483,2.94923408634789,3.48839082817997,-0.652873185446269,0.242598938843034,1.47735948781425,3.37320066982394,2.68396303418745,2.1979402667538,2.73018348997196
-0.196190630963144,2.78527198010856,1.47537133576053,0.88513828224092,4.03547709309517,-0.0751076865934603,1.48377346056382,0.542814720050047,1.48398985608212,1.40782132792234
-0.82411558279655,-0.580885567399492,0.346870291753973,0.831487979485117,1.38485086057257,1.32475546601548,0.28739392628859,1.78918300304311,2.38535652886391,-1.55622750349136
0.228427514045692,1.79958245198607,1.91498984860642,2.98438589958588,1.71317767986104,1.99498095445349,2.85686988120957,2.67675412161075,1.68979293614009,0.967555553473699
5.67729866028485,4.27614526198982,-0.463189465233743,3.65806404694267,0.87418255281624,1.27677863493608,0.0877916502434541,0.234218539357774,2.5990030761909,-1.06853265143727
0.453231709751002,4.29012049045554,3.67481777541442,3.82353982257744,2.45742860644858,-0.693747510572846,0.788887318993824,4.2045001415165,2.2553955922999,4.63034539525173
1.37711601144465,2.21515482405294,0.299160015277103,2.27223787865719,0.991891196757418,2.41852952286729,2.28012151300447,-1.16121644365244,-0.399161230957366,1.63858351725336
3.33774538552439,0.880619917050203,3.17779420150416,3.54369952661597,-1.26437054100392,4.70878383097661,3.59735840726466,1.24433456879938,3.77791686730381,2.7528735644434
2.00244742340743,0.791661550817194,0.555580978449296,1.13238821048197,-1.39145728902711,3.32010457713643,4.88587688440359,-0.494507341107746,1.22135938573915,-1.83842695002645
3.21176011244148,3.9409245263461,3.22026497732065,2.61995096190012,4.1069737719454,0.119267163883523,0.419174837406449,-0.985878649968773,2.57423660432498,3.16561296537274
4.22072390670312,1.45285837526203,1.53518372524895,2.4693435474079,4.4499206849415,1.53411600953452,0.348929835954035,2.78956561840312,2.155237047127,2.54761215880095
-3.80493120673312,-1.82345072061519,0.272859900783026,1.25768061088683,-0.0514908751877807,2.55548909600848,2.24046880044775,0.937956672652417,3.52429844166348,0.660232043089802
4.05337989718316,3.65745222378819,0.248774215229989,2.91945954205451,-2.05451856232275,-0.644217762319621,-0.382323616794246,0.559951915946051,-0.63820601403617,-1.59168181043171
3.26473269872195,3.74671452498641,4.45786979988218,-2.24483378770934,0.562156008500651,-0.256618543740179,1.74302549893024,3.00383378440413,3.49165102463207,2.09934034190286
0.579589816587345,2.85841128141797,-1.48769509773443,-1.47083919681135,-2.98179928449961,0.217071623668882,3.1447401036306,3.37060267050453,0.619518613822359,-0.357596335312975
-1.38159749904175,-1.25442291676222,2.13807695651673,1.89854977451609,0.388987734003687,0.160161088224745,0.453733120682929,1.52711946823698,-0.584256568052085,-0.0698780163468353
-1.07549342688699,1.72603923416886,1.50627043404303,-1.05096558847039,1.0739625882688,2.54789529301692,0.495146720946263,1.23779418126501,1.81105438271337,-0.739293758574168
3.26571287395779,2.23972953226131,2.83287141374988,1.41072345134066,1.75547033055457,0.420246503096103,3.46481620736381,2.88947703447493,1.72237638433648,3.33957243446125
-2.54302693551432,1.65633410571402,2.94933134823037,1.0927421512226,2.2608263216499,2.97736984176452,4.94623887915267,2.08106104506025,-0.331372586659833,1.70093238699722
3.4376134758606,-0.51738709160988,2.35814132662641,4.68003794620088,1.18258663897875,0.869424328590329,0.65729420527826,3.10232341732195,0.769077562281806,2.1452282225174
1.87966998356798,0.971486970799434,3.81209137730549,0.663133131353406,1.49036244986282,0.197756557861394,1.62951168020195,-1.9931306649496,-1.42072995993372,1.68742687758107
2.2384762281273,0.902816982996006,1.89545446783797,3.44922394606506,0.975266161500576,2.00002435473561,0.0376325474867101,4.80343158500472,4.61865377873655,1.13804167260088
2.41337196510309,2.18081210546363,3.95779885778725,5.05880907436291,2.76031481789535,2.83738775786237,2.56557479055866,3.32376090342646,2.28541233851109,1.66721045578729
2.84526030543464,-0.082860726666802,1.3389529618253,4.1840746821437,5.03874426168467,2.95788825455177,4.947853267735,0.361049186775202,2.56153007734771,4.68366744781172
-2.15650145360455,-0.561990405737605,0.103318838672597,4.33294351962586,2.71827714107044,1.12613352537796,-1.75387902322172,2.41940885562053,-0.316913310154374,2.6223294616888
-1.23059403445456,-0.65857591370877,-2.35771767639911,0.216190597845473,1.56032102377827,-0.0773555234643259,-0.69039664126137,-0.600419473179518,1.82462108269312,-2.85374014106984
3.18807425017877,-0.672655260700398,1.87746013650892,-0.0560606301918198,-0.471096941112071,0.833304889283143,0.0375570532758336,1.91514295517216,0.161876137415343,-0.0709894301725744
1.20133597171268,-1.11000243710073,1.85649064007759,0.525898374991358,-1.13651080772793,-1.07183529333598,0.216632883928518,-0.387265717511625,-1.13940149284694,-1.96249567859694
3.50020733528153,0.713963325911977,1.04219259298392,1.23853497946314,1.3749499278074,3.26593989414948,5.05668228854537,2.76793250012953,3.03662844727985,0.891576722199296
0.120175158864126,2.67723852624132,3.92280879781936,1.89828060554047,3.26733898979575,3.63162929402084,0.534858272693286,2.24609620351032,1.54435621385009,0.63593609250493
3.04343022813401,2.82788397808696,0.963380083806916,0.244172492589079,1.53693165142876,3.1547320336006,1.78783080745362,1.65708965333352,1.20078577360365,1.88550230384179
5.23113778998149,2.29463217041446,0.787280574904711,2.02721727960819,2.11592972424412,0.588536010922987,0.391986260278332,1.65847849172967,-0.234245457535394,1.38736779243019
4.79423052939202,3.8002342423598,1.67893299305301,1.17220020944809,0.987590084826055,6.30728619254187,3.83938557194479,1.89913135920445,0.896682262731064,1.7529555070102
-1.64044280236336,-0.861312276597858,1.2576033634677,0.158649046810607,0.988060646026896,3.87736758256998,-0.633681601054098,1.90693102246003,1.13561732192099,0.151614582722497
3.10314602878117,3.35116849752009,2.28027342712986,2.23116881046447,2.98745946143634,0.849496148162821,1.66966718756035,1.95346544247801,5.13061186479596,0.160610471654091
2.20719630241542,0.94115132122919,-1.03040152003557,2.85630694413395,-0.428439632996181,0.313111403194261,2.22337556475713,0.544149005072382,3.62143636971473,1.87594272862899
3.26775524425208,1.3447046187456,0.0298581573136153,2.83372987997202,1.32148278679187,1.0659815107341,2.53059889357011,0.454259171461596,0.98746988015529,0.655532446893228
0.931784410767051,3.08494788540163,0.864628954187085,3.63950818369775,1.45718056323951,1.45375704146422,0.880417639199491,2.49018908293819,4.14290487966853,0.11381959531397
0.899398253314391,0.241953593752599,4.88960269854859,6.24840527574408,1.43807246897458,1.08712565962811,2.53680017464001,4.41530629680358,-2.47463253120103,-0.281492658469737
4.50173616689241,2.54109780585675,3.37113424224677,-0.51531203680148,2.66824050498645,-1.99390519046801,3.68747919704248,0.364384456271772,1.15498438508934,2.17065483861345
0.783577303107948,1.39686351407767,1.60964222244935,-1.84157788659835,1.89286908807402,1.90948662300242,-1.31845813625879,0.647359940106813,6.37153445946596,0.985709403206561
2.43963118963029,-1.90017409121559,0.30379702620906,1.29768079273807,1.73429725725148,-0.0449461114391851,3.25022249969108,0.598832958699556,-0.950025671633563,-2.92375341106605
0.0508560194847496,-0.656087117576315,-1.00699932867977,0.0829249280959826,1.6511930095095,-2.30521869349812,0.848906819416205,0.576706554788537,-0.733867613655761,-0.228382484747906
-3.16013469112461,-1.05247791413785,0.362981646154489,0.0153422413549471,0.536443036650774,-0.970266954458691,-0.263312384963752,3.16416560739347,2.95899209164128,-0.954544994928957
0.705118460260339,1.366624884853,0.683907676984899,2.53010198986423,1.32478612226561,2.3954498793737,0.691274461234113,2.33865273236695,1.46696799350244,0.773683179527585
0.466546891383531,-2.83028151825372,-2.62948929019031,0.780904323234501,0.000581557677509119,-0.726017098845636,4.79729583584215,-0.0451722960526187,-2.17762557283588,-1.04154834242146
4.16136991413855,1.86114982269673,1.80631304369636,-0.334737856751358,0.0293805881026725,0.700150292823124,4.4316219417983,2.5370203396468,3.70258364229866,3.14294382516283
2.20374541613665,0.40170590293292,2.07453981660981,-1.06606221436227,-2.20214408197021,-1.43229426967988,-0.936724327668392,0.178264365361402,1.4702123918384,0.363819713229019
0.305220573587308,0.963326223702409,1.32669225921763,3.9169341495469,0.0109687389416753,1.13702052348458,1.41916776327224,1.12894122364757,2.44569780535361,3.28692567778932
-0.276557406004586,4.16167809984703,3.52451152161034,1.13669135916179,1.8271130776342,2.47920989285136,3.60977972561305,1.61919665015225,4.29880699004032,2.15244405805477
-0.780605893672485,2.84242613253025,3.50448498025676,0.778175294060294,2.67440649578489,2.62811990290808,3.1225870864157,2.93476921669635,-1.24332922622804,1.92465341897755
2.55305235869394,6.11806673780352,-1.45210425226404,4.28020052746302,4.07392800782943,1.53245738433131,4.82074283967879,2.29370371323281,4.14131155044072,2.50815702735151
-1.60188158801765,-2.82157429811151,0.366089235198682,-1.34071971832913,-1.92448490592315,2.82718600464709,-2.2657866779553,1.29862381376826,-1.93438185922254,-4.60852317822112
0.313419927796651,1.81458478256442,-0.460453729989307,-4.2134933499451,0.457003578095425,0.845888542215053,1.4481116227305,-0.309458148139999,1.82311986027914,-0.79698681380448
4.48738476568101,4.43443917569731,2.02542069549953,0.812419692251517,1.32816614297244,0.443885985557515,3.13409303170803,1.94936837869383,4.63792645858172,2.57618220737816
2.06358721749233,0.904542469254644,3.17674440492691,-0.832191538435249,3.56914082271722,0.0795212705693427,-2.96943189277246,-1.94088247339659,1.85690511951785,1.07574069876669
0.669668463612776,-2.23309613403986,-2.94790470515833,3.2628372324489,-1.57323985848405,-3.16132166328714,0.772777531306224,-0.17405859020533,-1.22654949317946,3.22247407509881
2.14984072075557,1.37278013054918,-1.0423863853822,4.3373244754108,-1.3556773575183,-0.116562443843927,2.98441974105874,0.462210613118083,0.775577717592226,1.02756117204379
-0.819607892178873,4.23542571274088,2.10736537645326,2.26246882004459,1.38313937076265,-0.218585461360806,0.515772667052193,4.78921619222067,3.56941398081788,4.62761857144746
2.80561626194636,-0.781881837702943,-1.50312588525286,2.15965715707383,0.364274936153863,0.0705734695197291,0.702449554941713,1.02678944227649,0.831105322199842,2.43610080321324
0.859588293065005,3.09164242119151,1.31786704194092,3.6382805446767,0.0579638556381921,-1.91791765036758,2.74133488319798,1.60237087686334,-1.79610153442429,-0.509607557628651
3.70591520702124,0.121954918633656,2.58659241395293,3.814584488876,1.29135559832123,1.8310639978101,0.567919013622324,0.88297177276821,3.48224005006745,2.74988731586273
1.16125703216561,-0.288392231664898,0.819017280840263,-0.439637364497695,2.59604638701086,2.66672898492004,2.8495372948304,4.04909910303079,-0.0347948927162958,4.0773136313784
0.966743124698064,5.22598688447366,6.32304346201377,2.96889651297972,1.35495841658698,0.678565586941016,1.94794669172784,-1.10102556662004,-2.72250997067247,0.613659131607062
7.85279200027443,2.42400832113119,1.63311799687475,6.72426879122686,2.7899820713583,1.55522361857056,6.87894964082802,-1.56574286827512,2.26216311230202,3.55784005121662
2.19318535315131,2.71729397501467,3.44987642175175,3.52120085383276,0.310291426903043,5.00473784666701,0.239277467619889,2.31175000284222,5.92305498548088,2.37667216383358
1.72186836585604,3.27596928537369,1.00270975550259,0.244780997811252,1.9096836978101,-1.1905593458012,0.0801317583763798,-0.127554460996022,0.337384439495634,-0.169923802876675
-0.200036153597834,-0.164562781788585,3.51067119232861,-1.34301739530028,-4.24622117864482,2.20924947165179,2.39974150542918,-0.57126801912113,-0.292540956973421,-0.6282582257687
3.96817262071407,0.504404252164955,4.1680716483314,0.730500142234215,-0.582758759260789,-1.12197481861918,0.346017021347766,3.52515071951892,-0.365150694506065,1.71992813369121
1.66425366626847,-0.341198647795288,3.12012615074312,3.08716005741306,5.63828530899314,3.6368934699701,2.94188712724837,3.67127716535671,5.33894722721785,3.19127008295488
2.76467185657861,4.40125700903786,6.32040022933282,4.95841485607941,-0.470750051654053,-0.724371781935123,4.63865521866286,1.89831655247079,1.58461447225748,2.64564073929451
-0.17130702660064,2.44615591088976,2.86902080589311,3.82188581240801,4.1864254748266,2.81945187444382,5.08453814719085,4.86682496531023,1.39205505650695,-0.23870606832675
1.97872946267832,1.45860546200109,0.893257050136831,4.21602458826972,2.26501013008483,-0.0652727989974475,2.89363056148458,2.3401820080925,-0.166331630535877,2.47283151176375
2.10119131337927,1.73392926476591,-0.00822036773494084,3.32275887794368,1.26489114094583,0.78331434384419,2.78346104615142,5.52172649434086,2.39827551860873,1.38253224126558
1.14814973275132,0.629013522998999,-0.437590292467383,-2.49737700338746,4.35615902049324,3.86876442734328,4.05685648040676,3.83469399691461,-1.10373072367643,0.124688430596196
0.0747832958359786,-0.60409999269344,0.684405261014872,2.13351199218189,1.79319726562372,1.08129988860974,1.18008491595704,3.5525515090832,3.33969974099912,0.399362714972197
0.108387661647636,3.42628946781076,3.81462339962257,0.584507560516584,3.49812367355755,2.8170691652428,1.87033462346552,0.419632655211487,2.25908932190772,4.60577586866556
-3.71517462976022,-2.80266871142705,1.49469685247548,-5.32469323543825,-1.40038929245775,1.37751971943035,3.5884808585999,-2.78679046724011,2.21616735233254,-0.647805050702773
0.760627799788519,-0.731971933598738,0.0385549142383925,4.438404537483,-0.133784123610551,2.99192730726671,0.937135917120149,0.59395459175845,-3.13459732317426,2.25018016176129
0.623670894192195,1.08084466536025,4.55530639583094,-0.28068738054452,-0.0224950847068048,4.21603186859653,2.0287697012297,2.99658509171139,4.26607808978555,1.75823749895761
-2.64643054953002,1.39953845261257,2.22077581010414,2.72411239196512,3.05603203786989,1.74391114867915,1.9954949452987,-0.262593771249956,3.09146716688636,-1.47440296159243
1.14840790777314,1.56311703692501,0.0454960701282361,1.74480075339819,3.89974471077833,0.346782008094993,1.67352020744236,0.0888613463894674,2.67858415930865,1.80206958966563
2.84723277299057,3.37097108999752,1.45847420548974,3.03614877217277,2.39775052503991,1.32755087845305,4.0726321741972,1.95045035557317,2.4198211605183,2.39383362418754
1.71310328091227,-0.608626190457248,1.30185186492053,2.63182994149171,2.48729140368965,1.26368190075939,4.17855774503722,3.25552520898599,3.34764562305034,0.320787119995021
2.47849075303351,3.48979968561266,-0.171938902623633,1.75018149397337,2.85599190863524,-0.690068618647841,1.44550139044507,0.378124767614189,1.06106195503849,1.3039617022007
-0.204595817576437,0.032949172572122,-2.51529310726679,1.13188868804446,-1.12919481389679,1.58962532149719,-4.04873899289654,3.03428993336401,1.60131805873807,1.21457568588675
-0.18721512385676,-1.03522038777559,5.47915480386052,-0.0988819903416203,-0.728916967425515,0.631959623327694,2.51660326160015,2.03683279722876,2.01978951735709,0.0991448374138801
3.05693013721076,4.2370244428577,0.467942063529653,-0.760623929548083,2.85019514371627,1.82545616911611,1.2913916146008,0.281533294632019,-0.938024806607105,3.20619399272062
0.433750476027655,-2.32930536508653,-2.2562708178534,-0.398471587343321,0.966133652606215,5.72555111551036,-0.121731184524259,-0.00860997320868037,0.723686803460848,1.03669539625416
-0.137918876083848,2.05566931207478,1.23440870191283,-0.0036092352167425,0.277386028060066,0.477510386197072,4.4256167645575,0.294864764763387,1.62918826947579,2.20236979954277
1.22058894356031,5.24083611581209,3.52082881696693,-0.922619575093218,0.276073198710758,3.62751774358446,2.0828938568777,1.55537308712002,0.79146875951004,2.71204387913971
-0.284245314292019,0.617861202364985,0.635791016474136,0.0524747650453077,1.62280080956556,-1.43571773234017,4.32316545271303,-0.208553100062071,-1.56626657735531,3.21636329165195
1.82366390711436,4.29789977658107,3.72712607278085,2.60148188397108,3.00625647345826,1.93567985207235,-0.452003017763623,1.96740261078145,0.455566829100154,1.94340328347347
2.75904419055541,2.48151004388201,1.4031928243909,2.98897192543711,-1.61708788414346,0.600097150178781,3.50048042121508,-0.520258074015056,1.06204934009455,0.0746500653220032
-0.238024886569109,0.129960317970419,1.12373449619121,0.210049994418252,0.564214148989846,-1.49721250306606,-0.338700348783388,0.235827858613505,-0.962780481894239,-1.39170143929296
0.493172119448002,3.33650823139337,-1.38431983390655,0.800668454755699,1.58989390671825,1.31417858133279,2.12047644138502,2.39694153748463,2.42203103612391,0.11470120558886
2.36524083553432,0.461539976507511,1.78042203326034,4.49149443358262,-2.54854733495097,0.200631826527857,1.65643965409865,4.26382703052224,2.74805007545806,-0.363092743729935
0.231972026989441,-0.619853945442504,2.15270265999367,0.637968566396149,-0.405612197878243,0.976600931005744,1.89897147151066,0.0144799843067202,0.13458645099973,1.76312650138929
1.88318964180691,3.25378104770241,2.1757950509384,2.98133286725062,0.777417794689307,1.66587909126881,2.50152745856435,0.749226039542988,3.07865959119595,2.91206827110685
0.349175331413275,-1.52023114805754,1.75145959029391,2.83640018941826,-1.77866462842876,2.08290491201155,2.07280943018771,3.17644455489579,1.05962099261465,-1.4749895369905
-1.23462419767596,-0.583773170044956,3.46948147464869,1.33227282285266,0.798013138145636,2.22589872184093,3.88737421122408,1.10405012910598,0.546107868473163,2.62114163834996
0.65166878349072,-0.274756251803904,3.88746307223095,1.50397876439458,-1.5618262013149,1.21519800865067,1.79771400885618,-1.96206174286591,1.30002359454183,0.684462608157646
3.22333967485445,1.24054720069974,1.25169524235423,1.13204069757425,1.48587381343149,0.259866661060837,1.26907898076072,4.05654324212066,-0.0502473736558535,0.957957312332866
3.6164610443773,3.63297538094622,1.27719309122852,2.49842947510749,5.09872398068014,3.64833091977571,2.37269805716472,5.1529251342091,2.08630467307736,5.20451168565453
7.58661007276297,0.449995103329233,4.12299094810231,1.68417103288215,2.8077479921316,3.25450253899776,4.3078582780654,-0.670577711293462,6.57949502568379,4.64052319168003
0.802043986118407,2.77733125474217,-2.32725503066543,1.83602131669477,-4.01239380553847,2.41120724345362,0.462041401191578,3.36529441651802,0.437784880235098,1.65541628584291
-0.758889526108899,-1.1783367304601,0.633453037290562,2.25858149653915,1.80439722352369,-1.76276393379777,3.35451131072157,1.24347708406358,0.889060979650793,0.0854138423118848
0.210583121873012,0.0233742358354377,1.14643111969439,2.78809929518646,-1.65707167045248,-0.904604487438681,-1.11141436741996,1.16107847627793,2.07379310580705,2.35677750237815
3.43309310383988,1.0015625229865,-2.33500568781798,0.943620373318496,5.3808120515265,-1.85071546693262,1.20395594592409,4.40132960930119,0.247260665964277,0.269813407805917
6.20427507188077,0.475247372942776,2.37944750194381,0.903581976011977,1.94050846084704,2.36274982645855,1.44113845927287,3.34570783701587,2.38786430788054,3.25505165741183
4.35515946917824,-0.623463189857143,0.141721818767724,0.786541824435044,2.57501798096954,3.41955187212097,1.34011992011341,4.44207855413413,2.86523929937542,2.35940934864607
1.54376594179652,1.89834975523997,-2.19835713637292,1.25497660994541,-2.41064447483489,0.448112495365671,0.183703399377392,1.01435751237302,1.76255420392755,-1.50809149152598
0.422058054513654,4.3177244112976,-2.11167655216526,0.51801922322581,2.35964759635039,0.624435692595125,-0.0993431410857163,0.322904936963936,-2.91635594923151,-0.219206568476592
2.96881971878625,-0.343048961490699,2.48094938206121,-2.92297569928166,1.24091459800623,0.463419847580796,1.94481433980235,3.31728077117499,2.65515997760607,0.887050686916677
2.01388638336792,3.10959069122184,3.16069396694817,4.5666082073888,2.78057702005043,1.07469592960755,2.18708418288773,3.01037160942498,4.52259744073877,3.27120563727085
-3.66486245049607,-1.981969810337,-2.40833255073356,-3.10364438073386,-1.55482869232913,1.10165770039764,-2.40197591861317,-0.907687245132775,0.460905047512767,0.84385052402813
0.217130286755434,-3.86242283643311,-2.67094761713452,2.83462946210034,-0.965086634213774,1.34320971143583,-0.437277778662107,-0.295373627080358,1.59194691758511,-1.06741496689835
2.85070797373969,1.84365684858249,-2.30062604231339,0.18987534616286,0.596667680769178,1.1641815888708,0.75413590070423,2.0401471466339,-0.0397979877122439,1.35190552107887
3.21765158122381,0.616797970940045,3.04295163100738,1.15794642006895,-2.09275161225027,0.318576746479988,-0.992411963440402,3.84771604627655,0.352097723535637,2.94097870735034
0.945992644297876,-0.132031681669524,3.13385325170572,4.22177578961423,1.95110558595511,1.05915879852286,5.72185114894287,-0.936515661445633,2.39665094916771,0.32790451963317
-1.39722829674343,-0.339304111409013,3.56564844639507,3.43323930820227,0.786452502181837,2.11859772422681,-0.569286065855767,2.70962502866043,-0.0205682006306924,3.015933022886
4.66085269711111,3.98453082090504,1.80209354570601,4.93382984687405,4.07014753581478,2.96630922060652,2.27009688480164,1.31084663036783,4.59334229857213,1.91202763782266
0.831546895297593,4.09803404437524,2.38660504098893,-1.73852838617116,1.09175666713845,0.701640969683075,1.40720743985675,4.26535371807457,3.4189694065761,3.55048302815692
2.95136202152893,1.63527510120005,3.86800875883002,2.48844894520621,2.51959859054586,2.19015177098364,5.09278958518509,1.11792854493009,-0.0196589205465822,2.68804437876286
1.32186831841663,2.97089376271365,4.43150215920549,4.30764791508198,1.24598870290239,3.49401748545028,-0.0226846606703495,0.47246188268339,4.04737481002204,0.829402469710114
-1.08602635313104,0.869240894960739,6.16267537188918,2.14348687275173,0.464080628467683,3.21742954649518,0.944159686470983,1.71399714802746,-1.53277113015146,1.59560007472346
2.72126066739433,-0.449423537267456,4.63709230306702,3.06272175489766,5.02938867838668,0.354376393240887,3.42179059686487,2.99199107702206,5.24464311598216,2.85320093971565
4.25621730514039,1.14120095679574,4.33437439453475,5.15848323804813,0.341650134691562,2.97518344364745,3.29856501075385,2.67959920766099,4.14061524883024,3.45012159825762
0.881547364467121,2.06068958698779,2.20665933847142,-3.05513387687915,0.812297335156107,2.55860284287014,2.1374878342922,2.75261552972326,0.390568784701512,-3.07721452490004
-3.60246768231082,-1.15142802464975,-0.461899616006363,3.34484886220727,-0.100680810114637,-0.507492602857304,0.918915942962751,-2.57886562969919,2.47188023132676,-1.74033196781049
1.24059034324657,0.827648541740602,1.13932319349272,2.43580501976053,2.44424641931916,0.473154628097866,3.67223165085633,4.24065000494129,-0.863878920776151,1.4080954594111
2.63610735640683,2.76004568520518,3.42738021059646,4.88791229158704,3.59641517566821,1.58537814694967,3.54792345658723,3.05309781711021,3.53709704577887,4.82660047341834
-1.06257491301398,0.271106087627615,0.88708471055949,0.531227740703957,1.89717817591431,-1.40527014949147,0.801292022004597,2.62391512747872,-0.306401284540183,3.98935380226449
1.55377309333843,-0.498621881078272,0.816206497069136,0.786912158819148,-0.447118632976161,1.04615460587319,-1.38156874308621,0.810951035342772,-0.96276513644579,-1.22113354649517
0.0421812895638208,1.86447469955728,-1.43094457279216,1.59344968787501,1.70963219241438,1.0834893194693,1.81159735107608,-0.412310867860784,-0.0886186516979517,4.45030439841968
1.64694832515202,-1.06962901138825,4.10104330800226,0.314641651598949,-0.935443846092093,3.04494261711198,1.04040918446264,1.8002441457857,0.928386935207338,-0.753964999562475
0.198122253038596,0.809124308770941,-0.204488209185381,1.0858530389167,2.16438014218706,-0.838380706754399,3.83981266030938,0.749918053471771,2.01393690984284,-0.0078535033017606
1.29815180771367,3.14655710064518,2.96648274229539,1.64086248128966,-0.362131060302412,4.27400885887609,1.81714050155133,5.81883682060963,3.3836566362091,-0.124110211938201
1.45406691618264,-0.0238419415732198,-2.06757281098112,0.281237304278,-0.537368379695913,2.34555770481874,4.89749291158991,0.304104193743207,2.85146972096513,1.97746632184317
2.27838825527691,1.43860214437691,2.05647232922021,2.46995704662549,2.84250541371099,2.07335002004754,4.32503267208088,2.75373058648261,3.60603737089988,2.297698397035
2.10583821198303,1.3407938734584,2.67647641451117,-0.64359535113427,2.11471807435242,3.81123989435319,3.66547176594121,3.67427317647897,0.731904250323755,3.18925299060906
1.09310575011432,-2.45665076581656,2.83522397908732,2.62177970937215,0.591816586131338,2.82521549272354,1.0517228872315,-0.079402102739393,5.12095952724425,-0.00886298650758022
-0.104804373422765,-0.0927013428486305,-0.744965795508412,-1.57390694443688,1.9306884191493,-0.502931219802393,0.773365309112082,0.288066767432189,-1.62043460394045,-3.18255080327942
-0.660481174217102,1.66421018380351,-3.30061122476915,3.27003927537465,2.35555502878661,0.690490982324545,2.96868265988448,3.34615802608545,0.689902040650203,3.37442240828024
1.22053212830997,1.33432590212397,-0.993187631765859,2.25892987037939,4.44562614755039,3.82784465140363,1.77823248239923,3.00782452860228,1.61129023318808,4.03297932657155
2.05277376802064,-0.0993953813807402,0.469020164959423,2.49338183418676,0.345544369512872,-1.61276797720813,2.03607086709561,1.66646453016806,-1.56877002146618,3.72662158724615
7.12493758418352,2.71599633446887,3.84957063019352,-2.03526423258861,2.61007913698726,-0.584802796254292,3.43085311117598,1.27163812135562,3.19202783592416,4.59398928395242
0.926082784292845,1.02506877387887,2.79755705114155,1.70640157544644,2.97423903136216,5.0703999636565,0.705606556699114,-1.49461549595499,3.25920980490391,1.29455028610851
2.36520342233697,-0.524362520162354,1.57207288031897,3.0380631355841,0.839671041406044,3.50766887231291,3.07951309664829,1.49825051847924,2.38463660709788,3.78524504510995
-0.303453884541395,1.35257644100528,1.28102415158957,-1.4122345955412,-0.530682923151567,1.13364932300017,2.51289055711938,1.52237496626236,-0.753022043838584,2.4750403033459
-1.84607650083563,1.55997498144658,1.05984303758049,-0.41360452466361,1.16105767008461,-0.885620533997967,1.20891519768927,6.36964729439158,-0.365896546436112,0.575256218268912
0.289129272148005,2.65777463545795,0.111083623042524,1.95929627776378,-1.81743420163098,1.545774120327,1.40690669095608,3.36740233147105,1.79233667967647,3.03569594638818
-1.62698197078866,1.59946606873459,-2.6221599231774,1.7068309191248,2.21412492326314,0.907062680703805,1.0300868202422,-0.882292491853989,-0.704527004488118,2.55909111763349
0.907705135319867,0.260491970038759,1.96513251584093,1.59579397746412,1.82272772186297,-0.267750755659273,3.32671157997819,-0.753408918041498,1.7810405248267,1.03420438668514
-2.59355815857395,3.89697219659069,-0.212194355430216,-2.64872596593557,0.194265529277247,1.93268304471255,3.13045237161108,3.75752806817395,-0.378734221289291,3.53494232986022
-2.94644420678671,1.25269041416539,-1.33826793992096,0.0162115353200946,1.27681956206021,0.295603785005453,-1.36797653774986,1.66498498371273,0.775615250867942,2.54680681179998
1.88458165158025,2.96848532243132,-0.780340139768373,1.26768326012202,-1.88399442246482,4.84233540556567,2.01864722550215,0.318278294701869,0.235735417464903,-0.928442991558045
2.33774553221425,-2.82191918689817,-1.61715518913552,-0.165512242639603,-3.7245787097573,-1.41208485138069,-3.30282933805163,-0.0554219927547876,0.20094861207156,-1.20111862500735
-0.0283576206067777,2.87189684278799,0.123421401510929,0.653824449669077,-0.451028073472873,2.61781408992202,1.49537861813435,1.07693248392984,-2.41911446780412,1.49533249806679
3.17772167806144,2.2558820393768,0.757003987619672,-0.341842654181145,2.56711555349171,3.16248975790758,2.8387194051125,2.5477669999045,4.89110278992158,4.36534841803566
3.64862234344696,5.19250358835818,6.36055750401741,2.27231200172193,3.05087089214045,2.41160477888362,2.1095724960349,2.71996625831988,3.49309995939997,3.16253830273616
-0.699498435417551,0.55718000755394,0.000129339138841611,3.03156752893219,0.866813999681421,1.25317986505331,0.645124798840462,0.730448919576057,2.13253014207542,1.16300699247649
-1.79350002706301,0.489008692225392,0.67171326953447,3.37122882385048,2.3089279366941,1.2399663828618,0.343753602039953,1.03760231153439,1.6275700620668,3.63029554602829
5.18266656854044,3.05685781617231,-1.79440648919436,4.80430816280898,6.26820027141205,3.08137479421012,3.58043327473619,4.21730349013404,3.73531922054659,1.84878113559414
5.70547992835394,4.60043710449989,-0.506333981175743,1.65078857928459,0.863524614976922,1.75237521330256,0.512406118635726,0.278210465439044,-0.309380549467429,3.4447720725167
3.41962578509519,-1.00133158655576,3.81995792798892,3.20424755035815,1.79959740142317,0.892874296238415,4.87633878799731,1.82986059213905,1.99665659782288,3.57383343906549
4.34475460533281,0.349257747005855,1.00326535667812,1.7700835334935,2.002056997641,0.734844970553312,2.10095171799116,0.672747060330724,1.08103559900327,0.921198732653455
2.11897236863128,1.43358122633588,2.3233513143436,1.52763828290828,-0.503591058353473,0.927069546757428,3.4487354061777,3.08064990933626,0.696440570646794,4.01490628253251
5.80506700123375,0.369427993149592,0.320157597096066,1.25706230723002,4.54208451049878,2.10766429036898,3.29161432383408,2.97430473424143,4.91215243437402,2.58931499520406
2.55724012160024,3.09885174834676,0.723262759096865,0.53336111088463,0.877813407895893,4.45924169000564,-0.245356841835426,3.79227308968632,2.08978197467592,2.0365985953993
1.72305858908001,2.50474953396342,-0.861921086440513,1.59690292865335,3.618752813779,1.03756763419565,5.12085636607843,0.736364139012773,-0.134660400211874,-2.19223018306215
2.03083041689133,2.16387191265785,-0.88259961907592,-0.0343239098756671,-0.547875092320101,-0.585628724197831,0.430175263082598,-0.611979170046189,1.27129306710616,0.575556683408376
3.92649861018172,0.821887923583441,2.44084880939589,-0.82958053110107,1.33587021480126,2.07271403659515,3.94646094109926,1.19447655201766,0.259418887520089,-0.0249926500314266
1.00238626430888,1.26236346687401,3.06758181088625,1.69319897643192,4.9823606392884,2.99533029395881,2.26338714999149,4.15911346293319,0.257911615040738,3.31744449513845
3.68969137004837,-2.00434099238872,-1.59214531758329,1.2674470848991,-1.39408927274422,0.304901660735234,3.18636624944391,5.80332670021724,-1.66884766813812,1.77878629629413
5.37541799902754,2.78663882310174,2.75491837082387,3.37381701080277,3.37186118300442,0.618715051168732,3.08962769782904,4.36283185268151,1.3243503642758,2.75159971369149
2.81211859399171,3.58064850567129,3.17338100060888,2.12881877790342,-2.2793227948443,-0.897683413723223,2.81609939208418,3.46285604528758,4.29649080295954,0.287675394919449
0.357797648232201,4.08761849463802,2.62012728210493,4.08332709921168,2.32754568737214,-1.39144755805836,4.15650119730379,3.84210289789367,0.989003400463403,5.03081561758627
5.22322371276377,2.32097017140969,3.94340410671255,2.1555822142648,3.55077183114912,4.67531121102417,0.577054462514032,3.11509255826845,0.50137604159439,1.78123317032495
0.924551846876076,2.12812962881985,2.02991985932234,0.853278086540845,2.11550723880647,3.09055951600915,0.367837777923032,0.18790474205877,1.29934843886892,2.15157891951949
0.725987382561167,2.21883510531218,-1.22067486224729,3.54363506741441,2.36733891073771,-1.20754994964763,3.68639532459718,2.29249700334192,-0.766158125524042,3.09887675177534
0.480373395527496,5.28495152542275,0.603786283922515,4.27382990620353,2.19848478324551,2.37938923855633,0.450230504662798,4.48714075107647,2.83798341473182,1.96459956062361
1.3610791211673,0.5370031153036,1.58133992309664,3.10307257497186,0.392717071423753,2.00909490556224,3.66068505954418,1.19642629070669,1.35841670705186,-0.157819206009397
-0.208744363608334,-0.998704237129164,-0.837398078541741,2.06533386813918,1.05717620015529,-0.0320377759149109,-1.91054006065014,-2.70872410188369,1.99921968708338,-1.84791608087999
4.57103737361225,3.49172547757102,0.942228214496356,-1.648376443529,0.0678485488634082,2.55593426658448,0.701587336227727,2.35180124939703,5.01914965540416,5.25352912808987
-0.577542944637719,2.08292256686236,3.55438890463516,4.04986133376835,-1.27898102399259,2.88690810369252,2.21021869076056,4.39446324502341,2.73491743812587,1.03428438024318
1.83138601052167,0.640022129216938,1.66737436435317,1.96665578756934,0.791191032713369,2.89426041654092,0.697902906950856,0.983337021804587,-2.07016644130797,2.39454197006689
3.19889532321076,2.42581763569636,3.27609430488943,2.02792486034406,0.628290489076528,2.00483033485063,0.0714244020744115,3.3012270018424,4.14047994062977,2.4170651517217
1.79615420307214,-0.0293767125068878,4.92730492112416,1.87889507710775,2.38732774104805,0.611147720240631,2.07767798101548,1.84700862887362,1.08724316291744,2.94627841357282
2.24944034360101,2.18474529612153,1.15931493241666,0.94412176140268,5.31219486235626,0.0110542122079121,-0.50517184736398,3.0065130822865,0.777077402285421,-0.432620777792157
1.8664895983483,2.61471188042266,-0.0917015224119249,-1.26150408653225,1.51929971895944,0.197353570969703,1.24048104524601,1.08766544875775,0.246755293234108,0.782448183059732
0.317320401474917,1.74196528704231,-0.612844999331352,-0.96788207526498,0.0321090791816628,-2.38626984230276,1.78942397392068,0.577558755528037,2.06985998541414,3.39997161481634
-1.21368557198782,3.39773361198353,2.46296348301138,3.47481619743795,0.521185762612388,2.46296402037455,3.23314928861533,2.16444317861846,2.23778767858535,1.08813737701514
0.719391101869126,1.24322086601517,2.60701427857855,-0.422800081579297,2.21538902129683,1.60774436082806,1.46701550807913,4.15058658906776,2.95948132916406,3.38323829862677
2.0763540299759,2.39822659917293,6.12091850504167,2.68059498762013,0.240465620782855,2.90573589408896,3.76394077068483,3.51588561418448,3.3509737502717,2.92336746101028
2.26206151440713,2.96419662175164,3.81566374120665,2.47078883916912,1.51245114381833,4.35356027652203,-2.91701291561884,4.00537741157746,5.19826589516229,-0.179774832862704
1.99872929592685,3.2603179303492,-0.0174377368631256,-0.326350127495754,2.10309441672033,-1.33136059410415,2.25667410392218,-2.84987846284889,-1.75622841203963,1.16982641982624
-0.704899454958874,1.55854110166924,-1.11081307793778,0.881416870943124,5.36055960326615,1.08451809402086,1.92168375248565,-2.19249443569982,1.54161339117078,2.49327066226622
1.94070677228292,1.70113048962938,-0.661607373559786,0.700674430385239,0.208753786038427,-0.779811626061149,3.01920420092717,-0.472035357496787,-1.54662427274272,-2.69761513615852
1.08744710178752,-0.957608170172618,0.899640725165441,-1.40868516143211,4.45356899381867,0.0543355951944479,1.48658924231079,4.19123013827348,-0.540265819373452,2.77909066943306
2.04565644489229,0.46866073965666,-0.641887289941949,2.76308510842692,0.69252710931423,1.83227950029373,3.20429329771733,0.102156664282119,3.68502814924553,1.93167307552024
0.902303296270584,-1.99573922944425,-0.933641973595305,-1.69623236831428,-2.20482784657886,-0.635128687432824,-2.20375860591152,0.12323420813567,4.2086913480881,0.503614829398963
1.05198727635608,2.17095020925259,0.462634626002759,0.825166386116419,-0.370599112592868,2.19467109845557,1.38127436413135,2.17177383945564,-1.27224152658434,4.40430183785605
3.00258262503565,1.90947400398253,1.62443283158372,3.59288635181592,0.573663894382556,3.78183142006181,5.10109505323901,5.65505385751208,-2.10473647209482,3.51849630529051
2.93301612582776,1.94457648968611,3.81059832562233,1.11718310587408,5.31934135561082,3.11297885252549,3.40454492558807,2.11090136396263,-0.580242552571437,-0.32151478857757
4.1542913471124,2.4144694098013,0.352319023175474,2.49031933692332,1.04431776578622,1.39229455492849,1.40743141908591,0.958716786001349,-0.271429121010879,-2.24634756688627
5.04488133542352,4.88909090223347,2.89137399382767,2.28304680340414,-0.0733430131376633,2.72197156857324,5.52697620066605,4.34999441124227,1.95470906516917,4.37504796651682
1.598791079654,-0.17502994635577,2.87214077235375,5.41309164723776,-0.0278954064727139,-1.49818441760568,4.19534387165079,0.0790649761621269,3.69031023479662,0.783999935370419
2.15877303691597,3.07673447013729,2.78614055429116,4.3085487190756,2.52043568932373,0.159067498570967,1.7710347233142,1.28410521990601,2.32013764976806,4.96456350243053
2.30265342051553,1.20764563727301,1.61643329668261,2.18446233269514,2.18808161003415,0.175674451472935,3.68989151366441,1.16688351363516,0.764820990061561,0.203593424348547
2.45139024824534,1.23190374970794,1.17947034896835,2.90767398084562,1.67521966837052,1.76904634960381,1.78024092374474,0.0745528532328716,-0.0827659358848245,-1.78512065260987
-0.430898263680081,-2.08218370248318,0.37038413153319,0.683863057010131,2.66071259742357,1.30521794903006,1.30194028052656,-1.54284744701452,1.53791885817183,-0.650448229657041
1.75101926846262,0.997449064737976,-0.084803744620545,-1.77423483346063,-3.35992048224772,1.06282325189092,1.44910694512198,0.106831171120653,-0.310918681712388,-0.539949067641284
0.451048258411069,-1.66534407067064,1.02846439625544,1.50786176975483,6.71762236299217,0.191617343499544,1.07070619430072,1.1504381584016,1.4485066474854,-0.215371665093502
2.27159911877951,3.60465776867983,-1.18783521011975,1.33582793788573,1.16063558220862,0.0242081497043022,0.134795333238869,0.742365043292535,1.40140659330105,3.04590296515791
1.51975082368207,1.45476013452669,6.15906897540518,1.20567120984379,1.43646834384242,5.45004847591729,5.51786910416253,-1.15416501752269,1.99763289415412,4.85698590792636
-0.659097526639833,2.66614797923116,1.0428449051361,2.04836068678804,2.4307819534959,0.156834118806004,0.347756426387433,0.855236914781705,2.20791613914309,-1.09872472915433
0.539504333544402,-0.787399124794519,3.58102753819408,1.234350214049,-0.253938799766697,1.46566204984972,2.46018785059409,2.72056488850516,1.6055755885588,2.67402408313344
2.49829769920472,1.18230374491647,-0.385589390417673,-0.120436813619148,4.08596624445395,2.17991214784168,1.87044543528959,1.93981521532128,2.51401384193368,2.04107542861139
-0.600338543821402,2.13725752326917,3.09780600701832,-1.36427123621997,4.695227463223,2.22816115088604,2.56673511343336,0.666660113888347,5.6786628555101,-2.32427464967176
1.11624613789553,-2.37588433152082,1.39103269018284,0.691730414498702,1.15789408059614,-0.201733672432987,1.75191802958428,-1.66636125840359,2.39605180621426,2.98073043092901
1.28109778779721,2.43780499313191,0.295072911092165,0.127515358938811,2.2459249217384,-0.209798319249292,0.165898722265049,-0.814027086500015,-1.60631632085595,3.23343302837854
-0.536178290231842,-2.05092578445163,0.19516058112085,0.882457670818127,4.16583064574056,3.14943895035172,0.949464466090624,-0.573931917379915,0.555175456705471,0.680574582747695
3.33662484270583,1.77553254722165,2.81815161210146,1.785454122555,3.6462711334957,3.63625017842789,-1.73083126989417,1.74604124209956,3.41304866131775,2.57036953350875
5.042321744888,2.14957711638756,3.81553532556453,2.08323442589925,4.77127617215537,4.86068103667084,2.69154209109144,4.74304957251533,1.99643347284882,1.77959902940552
0.213998121791936,1.82223960852882,2.11624174859729,0.826160926510466,4.61660547778811,0.310573305461281,1.1301996809843,4.00018934317346,3.17143080831101,4.25020191914126
1.38714458976571,2.84344787742664,3.68863469798908,5.24921849574097,1.38256646172137,2.92304853159365,2.58872935229788,3.07417493742051,1.51130081525804,4.10694148172139
2.38637788413483,0.841967042947502,2.76591249218937,1.5938878369489,2.6759732761026,1.02243694802128,-0.320906778832236,0.0457601076083591,3.05489588438409,2.45450799478346
0.980279501277847,3.95629467535612,3.57279987818423,5.90710354488215,-0.671649414392346,3.68427700033268,4.57048411109777,-0.737473445295112,1.5296000134308,2.30441328859394
-1.59692959065945,3.26368214708047,-0.25606853055993,-0.33284212980238,4.55485806221232,-1.81473460580733,7.20511749401076,3.10476932765785,7.05559008079092,4.84066502481588
-1.19380393622168,-1.31142430468594,1.84474256746382,0.854645459022869,1.71210701227479,1.63989151667353,1.34871720291819,0.92423390096913,2.32468448485473,-1.2550075114995
0.0730127001402769,0.781047011964212,3.51527952924623,1.07172517106661,6.97085276705367,-0.0678493741325177,1.52403022407451,1.90918939652587,4.18666703951719,3.15242705855251
1.97416775697155,-1.4201562417988,2.42281730443965,1.29102407051028,-0.765041709759868,1.44175640802947,2.31891307719431,-1.1638572491234,0.129307113922291,0.482765851966124
4.06524488114222,0.659471468848526,2.64331771335502,2.48947282786342,0.360008950672059,1.47398698122533,2.93999881404563,0.382262580219623,0.428515631936546,0.738349073507083
3.32547979892916,0.581615605228075,1.70612818365583,2.9966288708373,3.7089806040089,2.91186477691644,3.37914725574823,3.01488687465217,2.12211012062243,3.84717663376658
0.482671572620438,2.23661070408937,6.83199535779883,1.04060105452334,0.575554882796405,-0.16804417308122,1.2920123210422,2.01738566516682,2.19409593278202,1.97251064102533
-0.294210178270922,-1.72506320576431,2.49975604344356,0.838530974684907,-0.884068493265292,1.81723982902649,4.6463112988692,1.12536926216984,-0.548686961702891,-1.27796000793886
2.99105899873371,2.51386135362515,1.55625745630344,3.39693104327788,-0.0614989836897046,4.11984588989253,-2.61490158178533,-3.31395528709364,4.2244903093225,-0.495260123184369
-3.11994328340227,-0.830445445616759,2.10740159497245,2.15620596997624,-1.95431861826764,1.08446651920769,2.32337735688973,0.452552672874972,1.76390540667639,0.21328429237832
-0.601789665196627,3.96471153834756,-0.574898255329235,3.44932538839705,2.86688888706396,0.563645047735068,-1.63368766661126,-0.411259975328274,1.55557537966581,2.40101188559877
1.59434793061341,0.64858227729863,2.73563025547101,2.06151696809871,1.03417811961007,4.48592825509512,1.39291080237724,-0.154334815945698,1.62942256186785,0.577448574471221
2.01691836591027,1.6553544044454,-1.66688309583347,1.15268897137119,-1.4052565358641,2.62712199424648,-0.394042024052745,-0.214042558071555,1.79839015686218,1.50765232328064
0.749292254615361,0.667710397667403,-0.969281524224407,-0.0313860044094392,2.22935204306612,2.47038430933823,-2.21343335759218,0.55800923770297,0.401575801577975,4.56171715811816
3.6620454997262,3.86641005599708,3.25952772599521,3.06613798646493,0.895291337325909,4.20873056564477,3.27924670603821,1.25952546143569,-0.323892083285931,1.81394161915141
2.84187337236458,1.73496049760932,3.16597737545647,1.17983470540842,3.81596860888975,1.59852620623644,1.42985910007492,-1.68929120383756,2.34706447865504,1.0154970245457
-1.01616529137229,-0.245669507865305,2.08671248735444,-0.216046619542962,0.643139612063513,-0.474574560024833,4.82195115085889,-1.92994570743738,3.61947444959804,1.52446795839015
-0.764107066213998,-0.141276540133912,1.26627106466174,4.53070706140838,0.934371120453491,-0.681555340524438,-3.10167560823531,-2.14789826187326,2.20307386773435,-1.64588349329308
-1.98228045723916,2.65147670014463,3.87406287925233,2.60289288091767,2.0980455776148,3.1178953813732,1.15628687081307,3.26903703345965,0.811121378956911,-0.386258888958654
1.28807562916857,2.5985179720798,1.02984179810232,1.8759738164195,0.945905828025771,0.134627686402397,0.762827634535523,1.0846980094999,-1.52356401530625,4.96466793782097
2.72328108310648,1.61614731509949,5.79486535751094,2.25190288417904,1.79610762131838,2.77550162066018,4.03377625895148,1.9148304014144,4.61072720323476,3.37808088091663
0.463944578579818,0.97277060891829,2.55383544884663,-2.53357237641627,1.70515728027676,-1.02153703724027,0.93066430274537,-0.167635529939181,-2.74217209050703,0.650104868402201
2.22578919284839,2.46937852826579,2.90707731669104,3.28549908005134,2.0081699919867,3.62868643595669,-0.99609908117472,1.3460322046551,-1.29831432918221,5.14726139991608
0.0855519781094085,1.11946880771017,-0.44944985745657,0.0837869292908404,-1.40805167871725,0.625348429817036,-0.236877510341742,2.18518911401037,-1.60587153502519,1.60886562340691
2.94931331535203,1.46824054322128,2.78816944704723,4.37394075457012,2.33539619136866,-0.28367995647146,1.99914026911706,0.915335656026355,6.51960181253967,2.01465159294639
1.11488281701486,3.58794141685989,6.00239107921191,-0.78751147574696,2.63327490272511,-1.36636359161391,2.62642948487873,0.554403849736325,0.633891324766502,3.24176153169187
4.39643990328035,2.07678368461695,0.383663574725321,0.0777811116566749,1.07417941340414,1.40171570609991,1.6149123754438,-1.54293938966653,2.81177685972444,6.23574446128462
2.48618497167462,0.659507539624479,2.03451106642337,1.43568090875562,0.912615922478749,1.05891079817098,-0.946005099034296,3.22304793815726,3.24727764247989,1.21189115682984
1.91181683478079,0.588657730909339,0.908263314810834,4.11192743853381,-0.328477731023437,-0.0304240393357538,2.24472609595872,-0.319513436256334,2.19531796748725,3.40293837040808
1.8844682377378,1.21516305273807,0.466619053318552,1.44551854103609,2.46953386295886,0.976872140493632,1.32344822164632,-0.429017995105703,3.09229386937441,1.46153839072805
5.03800432931372,-1.02328591439756,-0.715138934583258,-2.74059037012548,-2.61689987757613,1.8315164682655,3.72758976090752,3.09323052080448,-1.39295325566333,-1.17984064112316
2.34372699828291,1.17152992534045,3.65113180135834,4.29900036295393,-0.0738643250186741,2.89495923414354,1.1097938801902,2.98856223464829,0.541594668185021,1.13389664143606
3.7858644294584,3.31177042607992,-0.83029452873321,1.8839071953894,2.42647366140705,4.98997998812554,4.48224258357123,4.69065599802427,1.63826185312678,4.34428960074157
1.8773102956383,2.51342318737688,1.05671660500727,2.60100917815853,1.99755767616967,4.17230240383117,1.32893078325603,5.51378904052899,2.165060527718,2.89638012749901
-1.48967919130325,-0.70355538393527,3.37818653894168,3.40992299196495,-1.24086435980444,1.00803752599479,4.50282659243732,-0.0130059485505747,-0.911313519321074,-0.486741677080293
1.80088328801526,4.0323918320704,1.00248037905234,2.16239429447852,-0.779263267191885,1.51918681149118,3.64582060052481,-2.12766392767398,3.81087257837184,2.69391372107514
2.80021232783429,1.49317656474037,4.04262419468951,2.63360552564223,2.41736734640397,4.56928247642181,2.82486035289284,3.82157528117205,2.43185610163212,0.751826738906883
-1.38719211710494,-0.865542417117329,-2.67987108580747,1.51584725169368,1.17998911755897,3.3083249135768,2.66539243551063,1.3659844748164,-0.193327289692321,3.15623956024485
4.27401992884983,-2.11512597793387,2.39901520355352,1.52040577898246,1.04273663030162,1.32600330031369,1.3597578336997,2.42305971626293,1.99099773359765,2.08737720016416
2.19830515351499,4.49939030518304,2.05336028374734,3.04138312197656,1.01010120232422,1.49004481176224,-0.72793294208735,1.68646016362444,1.66587284001614,0.248336511589558
2.86648760299595,1.90457439292379,2.663559900162,2.17675972462385,1.13412805515962,1.25112582610814,1.26329788234488,4.89611325153491,4.81832623069364,1.31358832901125
0.605916040538549,6.24085170149783,-0.985000122599903,3.02863952929369,-1.29596439634464,1.33747812376934,3.97403153551857,0.496641764578452,2.55152871450092,0.957077409371615
3.20426608640233,3.00810825697728,0.708231076167085,1.39331526645146,2.1305358058715,-3.10839296143703,0.13108623997871,0.407282922205021,1.50459348725447,-0.276154844017718
1.26519019789284,-0.566708232276778,1.55891376884461,0.718222630103547,1.56972258098812,1.79015654391122,3.09630118279826,1.32665852760023,0.779432272097043,-1.00398565027214
-0.157403127201976,-2.01311853550565,0.881578661988809,-1.84557982010696,-0.0941901620370885,3.461193671401,0.0947533429051956,-2.20540612375789,-5.40380197682364,1.1512886512521
1.87286531657359,2.5110762039329,0.733143392204694,1.84029291684852,1.63931963882345,3.14812935812562,4.41260647230007,1.56529767653,4.98271484125427,0.491663174897977
-0.0179359871902638,1.92088880756111,2.44119786911864,2.47580901734664,-0.619979510120662,0.660322652281857,0.226549162512597,2.23395345523919,-2.95872798138805,1.27315138383755
0.034459627035591,0.306505757826903,-2.10843669494123,-0.415029002249202,-1.25469856701622,4.03477811558244,-3.60272035887891,-0.0966170180411035,-3.78447797745841,-0.0298648582448569
-0.185582769688259,-1.19164797538686,1.08060187419828,2.1794248992521,1.27012785155122,5.3536172875664,-2.23835851634547,2.80686780280249,-0.967406242817701,-1.82694267212964
-1.31231321241232,-0.104829307310057,1.56206906895757,1.298191026911,2.92606722209011,2.53464331304349,2.07343348299907,-0.559828703835698,0.248971771832319,-2.2622637435483
1.13670877801063,2.04066128783428,-0.181816879634368,4.10104992271175,2.40179197227241,2.03645279974806,2.97269451791145,2.95437575360156,-0.436245512775626,2.10109565342568
0.149212984836408,1.14033632823558,1.65838298996145,5.15564301551036,1.39008318421343,1.56431475538834,1.44729840956303,3.75882378076511,1.29099510414111,0.366266803551017
2.07781463116004,0.954863927416702,-1.43682486744009,1.53160560644714,1.0138906998083,0.653716998426367,1.99652860753099,0.919093547129243,-1.37457963341452,-0.467648615494944
2.48669264895434,1.42072483727575,0.371405857179252,-0.83627112402944,0.354073446159596,1.54529721767536,-0.548100877099879,1.26836811034564,0.741741081119153,0.759296131926782
1.4922492003725,-1.55249245138723,1.4975602080796,3.33209237380957,0.835780107717815,-1.13425822548226,1.66978177540707,5.61030013276922,2.87385489967249,-2.68120333506564
3.74944631974985,1.86224434505246,2.1157487378518,-1.03817625811946,-1.07164092779328,-2.02769078761066,-0.668384659016468,2.12842909213568,0.961223055217411,-1.70765794491363
1.87100282888875,3.92015541181459,4.05547493447252,1.67553767324496,3.66005361594758,1.71054167619899,-0.625037531941244,1.71784654272612,3.4291528170521,2.10624090442861
4.04607151092659,1.4703918908167,-2.78243664896628,0.453313454876167,3.19641763662042,-0.278152311045616,2.0315672881386,-1.0397979190102,-1.55742205658557,1.08143627537212
0.414464012773946,1.71704181242294,0.236506689411664,2.63932145697958,-0.227935816739897,3.61968167193248,4.02431478857911,-0.195702923131033,2.69580934774096,4.61962423969422
0.213530615322089,1.55516035566643,2.71408429452744,-2.68960271354142,2.18031374846585,2.23380902598362,3.61134813256639,0.537584289400567,4.34677441587453,2.14148993890768
1.50453400769629,1.0929682050106,1.35453103186109,4.59559291482944,4.18640879639062,5.08258206790461,4.18548731241908,3.78982004312748,3.65590314777587,2.14918566441028
1.40436203091956,2.044829804613,-1.17078482538702,-2.8521161035999,0.478738635962005,0.13617717571944,1.14108788812612,-1.7394949126685,-2.93754250775724,1.96632346571758
0.343162029917608,-0.346109077559196,4.19591993553126,0.601204433976212,0.543242189793112,-0.575421548223152,4.57297996698339,2.41806802266687,1.76527927826779,1.88380029655164
1.37083008958838,2.01583261412596,0.630494907003753,3.6882464822318,-1.2235441428322,3.27806440212562,0.779554837303798,2.91874519287718,1.49218563005775,3.14317133791085
2.56668185441874,1.42600160903619,4.80039830937011,2.55663966880229,3.92094939538288,4.49945542882722,4.08909671876601,2.56731882849172,0.82681992244017,1.86118701661334
-2.30261157612898,2.98836836196955,1.03793795695857,1.11719119507661,3.77338794368396,0.145778900120475,2.94580182337685,-0.446668881018168,-0.710029984990327,2.91605489727271
2.36096571251432,3.35981688103508,1.35704754658251,0.431400729092667,2.73722268027051,0.0299981413587855,-1.78720551921801,3.0481028147641,0.773813714408866,-2.07992133367442
-1.88679789069504,0.886239055671763,-1.62583015306624,-2.46435696802151,0.87528706784526,-0.0202264907155104,-0.321461906677022,-2.34089850545531,-2.87245561544112,2.16479026685087
-0.630912656209251,1.79551697550066,0.764770573571458,0.392832756701695,1.82278505082518,0.294258508355503,0.998057057127222,4.06770151824274,1.31938673759231,1.74426160293949
2.18597212030573,-0.383074812622026,1.65924781823528,0.393290603465947,2.09986453220615,-1.5045683071451,2.49754436862531,0.652071208767514,1.20214404168548,-0.0995795052031223
2.56652426523333,0.942041475084832,0.656746380846172,0.998246211306612,1.89053767826539,1.82229933353943,0.534134106870942,2.773273175445,-0.963090256993685,2.46485494737016
3.60361163810844,3.506849916292,2.60333737598155,1.24035664924763,1.58441301192226,4.16265184385685,5.04640147112939,4.11393230376567,3.62007956076915,1.81048677990993
-0.85201875782802,4.63416218131086,0.0193126470825318,6.3770789138216,5.12105881725016,5.76998043179138,1.81877163978139,2.36150454651114,1.78460186311488,4.88196428875689
-0.158441343694216,-1.10139514393245,-0.334005793135114,-1.79673349614026,0.886512750827039,-2.93788196371033,3.01723365839559,2.41738219089103,3.54705702304871,-1.54735832208925
3.05317134491303,2.60287741343823,0.431933234804189,0.758579413866812,3.49435900147894,1.52008887370853,1.94163829783791,-1.75198586759531,1.65017233624526,-1.09674753779531
3.66269468277489,-1.95482458096239,2.50868660849282,0.225485903187594,-1.8076188686492,5.73492241520407,3.39831927505382,-0.210138498438275,0.675249840995816,-0.282399799745233
1.72464163136356,0.0103880544486528,-1.19389800897091,0.210365302769772,1.40081928753182,2.82204158632504,-1.47574291484355,1.0854394397199,3.22567312989037,0.892103574132075
5.40246208305565,-2.19427650015807,-4.02437754648458,-1.10952203539642,3.14717203970826,1.00188581344375,5.18610190911664,2.6211160583068,-0.979688604688578,1.66776419457243
-3.76956358648127,-2.44668639550755,1.34225105926473,-1.23954808132703,-3.09664641761206,-1.54410774612581,-0.608437599545655,2.78234529369089,2.63452074827489,1.01766116626614
4.04882742864014,0.338510513837706,2.55742421209184,-0.0242322753843802,1.86326301234298,0.0359730690490812,0.714821582459582,3.16436740165603,-0.550534512567885,3.65394542834038
2.85447337092771,-0.137650641050444,0.278937977185763,-0.0174473287228546,0.109412805564257,-1.50504945050372,2.26064978423271,3.44036531326088,-2.77758435344683,-0.851322859339068
1.95376392423791,0.901539166245063,0.210657507560081,1.02865214292492,1.44833824804874,2.80484971012816,5.77741585957313,2.56762776194032,1.25152902238191,3.10527776608799
1.79730165446179,-0.954585453579526,5.50011375075918,2.32558775408178,0.18438723485311,1.45906073948106,1.32766912262008,2.9154330857844,1.43395139792759,3.01793417296724
1.71280826789593,1.58784827766089,-0.93797599693782,-2.62958799183586,1.91708436434879,-1.96502303259337,0.225495823639195,1.90495301814644,2.15296859555477,-1.57174814387721
0.0217856163405425,-0.720065955796404,-0.446912602155292,6.03366538520521,3.34971155109463,4.17841894665794,1.36320968522724,4.67295354862594,-0.546611251494546,3.81305009948284
-0.109363055161149,1.01230171435228,3.51183681759616,0.871156253979544,-0.635215405462704,1.78079156450627,1.51303063459887,3.03694678868105,3.9020210231145,2.6241927500385
-0.467237988621954,-3.156473416221,-1.60727747536668,1.00209364752556,-2.52478783646334,-0.344277807980391,-0.533512636636669,0.517344886989529,0.783062328485248,0.867758074845528
-0.00526805610650793,-0.100008834149902,2.30856155272347,3.3967015204874,3.47294478490671,-0.679050587636397,-0.0259012371090406,3.41190155015479,-1.45654272214763,0.647540119292093
-2.2351099957032,-0.469308296463955,0.425967305832055,0.369327992591744,0.23135864175811,0.888186828092213,0.694533787982155,-0.754291055841136,3.16336633757346,2.48367641917489
4.98983470823609,1.86967525751147,0.870469993730388,2.6215112871585,-0.52218929320972,-1.05849493900463,2.05509010958955,2.13327249194214,2.88016647102861,0.910037250724094
3.25622836165022,2.78268930036531,5.75473577868695,4.4075557467228,3.66339279134363,2.55984087344041,-0.793843093718324,3.0658244438516,1.82329365004978,3.20431122436866
0.866466223956497,0.442676363762856,1.73063083456002,-2.30808947069053,-1.89571602727155,1.88345729789551,-0.937605233672892,1.10490685948229,3.9218900051837,0.674753729281494
4.43967283670332,1.59762184808176,1.47920333825969,1.70725474219182,-1.70177535450386,2.94324546132847,4.00001212297115,4.44676768489407,1.37134642613967,0.460774823654665
4.27571882981302,1.52485666908516,3.23547004792962,2.30862859308656,0.578551944558256,6.53852569074797,1.21997784943181,2.99298269859712,1.9464468330859,2.45537177787412
0.615112753351337,-0.804211190500186,-0.879787789278285,-3.19865244782584,-2.13972445336901,-0.864236436543161,1.50941424079906,1.34121507511018,2.44352691102033,-1.4066594212294
2.5342140076199,0.812202300095173,1.3717925394949,5.56633012559709,2.82008942086345,2.00406475006227,1.1724233492933,1.47677283835502,1.13945874296408,-1.97749257477511
1.53002992186175,6.02984623820064,1.05169345616368,3.55036093552043,3.30333243709517,3.08840299300729,3.42118957268046,1.32210324132984,1.2087354977738,3.2628902659828
-0.249169827620196,0.581861101895919,5.71396450377325,3.96486692526704,4.8036548788769,1.9903168938714,-0.981848900068827,1.58388713361158,2.51160346381039,0.481784877533477
-0.277162792550218,1.52380855321702,0.438729321413496,5.68698013111487,3.02084953920138,-2.95480824158397,2.55068784887596,0.512889999338013,2.11667308274806,-1.17906011421271
2.30881737346736,1.17313554970284,4.05708346750686,2.05758776558361,2.98294201782654,-0.5726703135571,-0.165960338252707,2.44564769475888,1.99838920827162,2.77464670952943
2.41821103413373,3.19507606972054,3.55632866874508,2.09449815358083,2.63818606932924,2.83222441226945,2.51695739440583,2.76661385098555,1.50212270186599,-0.292602216620698
2.88988391140643,6.56255797055305,2.35980388057934,3.27222405149018,4.57351676726676,3.47626557522873,4.98000190880701,3.56507418634253,3.92281938759748,3.22656620745154
-0.231301732431425,0.0462231451536648,1.83445369698362,4.55911066212299,2.70896251961497,0.530069195659333,1.76282729921978,0.342701641527303,-3.31473358070761,2.45519819737387
2.33858596214706,1.51440518639343,3.43337410542519,-1.3384774614753,2.20022418871519,1.32892724765907,-1.03183268261309,0.889726088741101,-2.34337928043384,1.30178579626071
1.7092706967232,1.94805076162333,5.57088580865036,2.84737655901706,4.0025569862713,1.06337143469642,-1.0462113214835,1.9307446420313,2.09766982455531,1.67548086617369
1.49839313705233,-0.0272873962567067,-1.08623012920566,0.241354512943043,-0.903329723503491,0.644885992548068,-1.04091619833193,-0.726303240235862,-0.576841896315756,-1.44462057566874
-0.778825655469032,1.03827634637398,-1.58596146415785,2.02925212189913,1.87859483828808,3.43201863782964,2.17502388105373,-2.35220127813239,0.747968076904904,1.85697290954938
2.03294390279526,2.33355117890687,2.98157943383537,-1.1561807388388,0.168901486681989,0.350863139662267,-2.40849650043298,3.60548578027352,2.06918901919891,-0.774467996641288
2.14181496010846,4.37965670836768,1.88532569083285,0.543911802073076,1.26526952818651,2.28604556216988,3.11020289662737,1.59044451611113,2.66874686470355,1.60099829841968
0.366875421569069,-1.27719378433325,-2.28648033095587,1.84409898760047,0.251323437339097,3.70722140084388,1.54448909232456,-0.823494714103904,1.20113181620574,4.55563979153029
3.01401094273941,2.48135380868336,-1.27375969745682,1.07531842530707,5.05554643991637,0.175194992907544,1.39363508284254,3.10732224881375,1.61516385677742,0.831065079233783
1.10944262847308,-1.78581651742834,4.87392513670612,4.44283833390429,2.55945231853743,-2.67357331094549,1.46574177039112,0.88930269493886,1.07707134348884,0.7939061424088
1.86992278325377,0.327881162329313,1.51515293999337,-0.507667559326964,3.51261455331905,0.74820473789144,1.817214543179,-0.478017805362891,6.48185004304822,-0.518509538365392
2.03298226018773,3.56715413471133,-1.94869651102856,-1.73246633374828,-0.0808334141277726,1.46240614349138,-1.94345736161002,0.0409162929594315,-3.46728615664306,-3.61088244824859
0.129696373868274,1.48623139948006,3.16447988204453,0.494592508311994,1.53564908856789,4.87986496249523,-1.16675227610934,1.57552185735529,2.83305487840386,3.13153935555771
0.254362732319414,0.754208408507686,-0.3301636426094,5.50478257210202,2.22561150991532,0.272386645518641,1.61636877438481,2.18952758663586,-0.929352548643602,-1.19988334526872
0.907930487020721,3.64619458343632,2.10661730012569,-3.02040435802904,4.31110527795509,2.3943442878583,-1.12249046680433,-0.343831194265882,0.777004231185904,4.14772017043321
3.36274706224038,3.91675489116015,2.36761430471281,2.78112255340745,2.48165771257437,1.27179739727882,4.05349706845751,3.16679471248151,-0.289686273930548,0.740595069176859
7.71099719853082,0.870802236652362,2.70830331213558,0.516584348052608,3.02339175126257,6.48747379254045,4.52033112403349,2.65141828804726,2.75607931406161,-0.621564557366659
2.68872751671907,2.06496176555221,-2.61181450224199,0.995244280499359,0.313036682178049,3.1149805811908,3.67402423527156,-1.06727048456405,-1.94768006457052,1.25797188614895
1.53681483962675,2.78763817706807,0.00172492558447468,1.10573091426199,0.64977598819471,0.261765241317028,-1.33518909247401,1.65696969411227,2.17507016684192,-1.48177155828827
1.42227771709083,1.30569774198998,4.07609481633567,1.80202302267362,0.97444667862093,0.528841690078122,1.36409292844729,0.83239552448163,0.887097202547269,1.96201066418759
0.243159391221096,2.12002747779142,1.4179412759482,1.26521134436733,1.77157839162298,2.25839143345382,0.582176676632723,1.89829231554275,-0.597441305970002,4.55651957695281
3.73557995297102,0.17262026712298,2.33859179559882,-0.803633315589286,-0.0226947706543663,6.83017903118512,1.44973291481694,0.335224119695147,2.5475994442629,-1.20798123751077
1.40204179942179,0.38311383596317,-1.57386893670473,4.03273472560272,-3.30924622651181,2.86741136593759,2.0932384256306,1.77344718154156,4.39680272954586,-0.797078515006577
2.38775330584412,1.41367717165622,2.33425098120482,1.57010492547383,3.59126721213971,3.13773581783638,2.14071726774963,0.647363902329228,1.7317133082777,1.55052153221225
1.55136126982505,1.26729773141092,2.2874858789287,-1.66863002664449,0.0896263824818229,0.793710469857942,2.85931323899248,1.4141692647567,1.50981080901342,2.98872219585214
1.81664637859055,4.78775386782157,3.23455465848893,5.57341401857225,3.52515013025452,1.55090896469694,3.02679175250558,2.46101552299947,2.71844942171238,2.71733776672333
2.10024976808648,-0.133775633245824,1.96710693082783,2.23424016772272,-1.84288108323589,1.48036166563496,2.36052785192787,1.40474078275759,-0.545111099197844,2.03614286770452
1.6956832157642,5.25602792827412,3.15308828477543,3.229667946864,4.81917603373721,1.93670665322329,4.06891834177364,1.24682154118408,5.17004765961754,2.12843243207383
3.88145033524083,1.65847197206761,4.62007613300682,1.20491986243176,2.90382535610535,0.692317048658788,3.41857269723225,1.07452668855807,4.0739247754262,5.33373251016048
2.76929994373567,-1.04337067090089,1.62653494064321,2.03796261929285,0.08911449117239,3.08922862186205,3.39031210041825,0.284512852514459,1.52276812989285,2.4546194160883
0.834381436003882,-0.61834245833627,1.71057298175907,0.461969009344342,-0.381152504556858,0.922521470067896,2.93363026759007,2.33940252783936,0.41815571168041,1.34719840362465
2.1853183858666,2.20048109922241,4.47133663187479,1.27958347274337,4.09728283850665,1.55196917289224,2.7278770018363,3.95292761358486,2.74580240055737,2.10129436562485
-1.46364231362905,2.41921767799769,1.65844457521967,-0.741026513445491,2.591148537616,1.48609038057124,0.198474151447103,0.836563730521108,1.94960828538347,3.62404391185826
2.49007436194404,-1.3125271474272,2.0197573703276,2.43230547416723,1.7657935448088,4.11544426638984,2.65842564866587,1.48750672701127,2.96283372934477,2.45591095717738
0.70845018609397,1.46559981045498,3.66145379827947,2.36576536453871,-0.713020565580166,4.77276616696612,3.56171126654751,0.0935941680482515,4.04677655316805,3.3525675002711
2.46853695719048,2.29419607524642,0.329922579867131,0.906412800844877,-0.952214093103147,-0.442457722885474,0.0859715939139324,-1.58920127798014,0.393684852502496,0.974278079614729
4.19260447930279,-2.3847050036797,0.895349617080134,-1.21698849099841,3.70109613404366,2.77585830435436,0.882634997971871,0.459124551374521,-0.855551567941532,-1.19325496167147
0.709537518809023,4.47136836435301,2.06157921173558,1.65730035042087,0.428851709466583,1.22106953388074,0.0813621091323806,-0.263799632814101,-1.2808530280069,0.846965449748112
0.114479745919368,1.51582450321364,-1.60625920182593,2.74563676712815,0.408511265568499,0.807145365336913,-0.200469373583789,3.41458670256921,0.867111377927241,2.65646278406927
4.52990100534461,0.0568676739013518,2.23821438097638,1.62999195005621,-2.37592899126403,1.57086650250777,2.48396015309491,-2.58455697536879,1.51909735557982,-2.13329747913329
4.77538957750943,5.06520256075199,-0.304227370182675,1.14438544687826,1.61774299165148,0.696212149619661,3.48098510352231,0.148874945763827,-1.48144770838653,5.40268528891974
0.375160741554547,0.667458183738732,1.68604688919475,0.944938588883909,4.11681981676165,2.41984342955464,0.227035283785869,-0.057200814182788,1.46214059897996,2.65060875704814
3.41959460335642,4.43908357473219,1.93181650531105,5.82636885973022,-1.35410913340821,4.13205491383664,2.70342002652593,3.33320490627344,2.16157709156263,4.4260331160165
-1.21437774566513,0.065843432580829,1.91843285269616,0.82144620652284,2.6731071219067,3.28670696088436,1.953411013859,2.29987284809006,-0.0516244639379502,3.36995791636642
5.35891364092373,1.35757938195064,1.19091128234914,2.7741585068916,2.32015421208616,1.95910398932996,-0.241640251537412,1.83673031071783,1.85497326933435,2.25037012742111
-0.96733547334902,3.54248432180136,1.41307300781342,4.00100559034798,4.05772228525646,0.795385641166414,-0.811880675753551,0.898535900913778,1.6535381348192,2.03668697812061
0.141407769673733,3.17561165482424,2.3845667834253,4.77421379481295,3.02260442464929,4.09842762261315,-0.533105923583276,2.94849693047522,1.9321283314167,2.42423661148527
-0.664489341168827,0.526859462453218,3.43384576631314,0.748170859094163,1.50179212853979,-2.45822394889424,0.835897062582481,0.0872884580915483,2.56928583100465,1.33312278817247
1.09478804357425,2.29813445386418,-1.36029385683605,3.12609585104409,2.23384241155857,1.56825883968533,4.8699569754384,1.06164363927184,-1.15742478644806,1.19935713099753
1.65005673613259,1.65454952513186,3.31350755997568,0.380592185228494,1.6238565314447,3.7469511738008,-0.471371183761547,-0.268323545248204,1.41569412684162,0.993159765672164
3.60776189624151,3.66490638737168,-0.323458890095575,-0.384790757227751,4.84009751153671,4.27418080011054,1.90901476839433,1.91269304914618,4.1541619772361,1.62144666992443
2.55121723879732,1.57608118220759,-0.397556723914667,1.78119094515563,0.0744933173408628,1.32452211337079,3.10469660703565,-1.13897013991146,1.04921538422659,3.86885093111146
0.103182774143166,1.2540673403654,1.33876487948992,-0.916757716338479,-2.17751743188205,-0.797888032098504,-2.21895474429009,-0.671842381059626,-1.32236533111318,-1.93808992269251
-2.38950491010045,1.93681476450307,3.06986954749963,1.65644165823637,1.7104365844707,2.84564112159835,1.20818935917106,-1.10905268147325,1.70818258586968,0.574131728588944
2.22696635433321,-0.854029585096781,0.777435473714454,-0.255995886444515,4.74938227008049,2.80605809962248,2.58479925982154,2.69479840492659,4.78413081157094,1.81845552569032
-1.52594294989477,-0.416520253262714,-2.08970278840129,0.568252515088727,-0.336433167178009,-0.315509730435804,0.617290232257475,-0.494770137997843,-0.483829337672083,2.5558732983612
0.246577731936265,1.70615275533578,2.68495585387728,1.28142016771255,0.553098683677938,6.81311337438386,0.34824755463438,2.49576443611735,2.52232000972282,1.08607528242322
4.96910207744281,2.3355026168626,2.29384064964486,3.58758783787736,0.999493349882252,-2.66946864277314,3.5061192706107,3.03798993863491,1.66626454420968,2.04222990154189
2.40115095883604,1.09936371127341,2.78842323029072,-0.242413317333902,1.15913447040233,2.98116399686532,2.90858279184594,3.3789766544712,1.46872994575521,1.66874698354317
3.04479180681825,4.57833982323718,0.468909073039202,6.08073707735695,4.70211990483193,1.43044415380033,1.86683761979718,2.67905934346054,3.68120338485998,1.05581384834749
-0.538757749161634,-0.546527589790047,0.982289576076832,-3.20994248698697,0.641219127982235,-0.426226216601112,-1.49141609556768,0.324369165408299,1.20754656108303,-0.464932436297708
1.55632908096624,0.184291496755952,3.56108414922074,0.632608770152276,5.60083516363005,2.81021539988126,0.0552190378868438,0.164258256129606,3.4216560819941,4.55145102734976
1.09400921735834,1.6410026775241,2.27769741052535,4.81876284881783,5.88667389474353,3.74836902010851,2.69444368713256,3.58409265079378,2.32643591813391,1.10824858696089
1.7979524995564,-0.282073555460545,2.05327326572895,4.52736013708755,1.86327400954953,-0.401864839828617,0.860746362323951,-0.593891922157274,1.03728557890624,0.136380328276204
1.6040953988701,3.95329429131794,2.78898463734057,0.544977156563942,1.00628553096151,3.06681574699908,2.30149174255666,1.7294252087356,0.183735627902948,1.62664601187823
0.610951716398073,1.74261841410078,0.76404322642374,1.47095311751299,0.0229724185401011,2.52233808129545,3.18896880890978,-0.304654913999597,1.70882230030965,2.82242743155901
3.16133929147787,-0.56044240038671,2.8909992546662,1.97713089440986,-1.1959862053995,3.24710733102485,5.36557536497128,-0.634112992618574,0.248568010508821,-1.04272396590857
1.45875674124446,4.0668371312899,4.23848440448366,2.86356204880949,2.67155488910413,2.56710270993458,2.60093094667428,2.05855832103093,3.91463010530141,-0.328848742119376
-0.249565387837133,1.90557994712275,0.531022327849259,0.23363658860968,-0.255051263785488,0.928644398744437,-2.68971144588915,-4.10611863819249,1.31902144763441,0.426845278771974
0.801261580631186,3.3716882470092,1.960866237409,-2.31526302197492,-0.210208381200239,-0.419230268788563,0.74221583653402,-1.01928688916703,2.16543189623539,0.372182632146853
-2.46822085419319,-0.0254999412000642,2.78814239641992,-1.88550123723029,1.7695306115312,-2.45874411738442,-1.0290461714841,-2.28820074878552,-1.77643658436957,-1.70159199502265
0.669894776331689,3.5695485520304,-1.14699949921016,1.15210115643918,2.01765683819876,3.88292002321067,2.43019535074507,0.750519448955097,0.905764236588372,0.375637105064913
1.5376282194282,2.13919759571443,-1.77016433422937,2.26778695888333,0.217480954097908,0.480097831760334,0.249243528534646,2.69794201058607,2.03262091461958,-0.947139750287055
-0.394470115658616,-0.119608005631136,0.125587685398946,-4.18234502715009,0.742070044655057,-1.91108644930923,-1.25061308196731,-0.878730875865984,-1.6315489059048,0.942395734968167
-1.94182073879506,0.804643434314821,0.91076753567029,1.02564047843755,1.53685095061742,-2.00385200994869,1.07568773521796,-0.0694851738930145,2.42123847526937,1.17257455667037
2.55487141032661,0.0242742427529083,3.49074877652484,0.967410633036377,3.37496147413639,0.902082496172719,-1.86765277095236,2.06686875138481,4.01444634126377,-2.22085783645855
2.72923948945073,3.48781841905649,0.557200062381011,0.529703121492233,3.12848039789738,3.3944057283716,1.73205495457513,2.53036870476718,2.30738344461935,-0.0786211734679676
2.44860956992583,-2.69106508400369,-0.179022890540965,4.55177031851836,1.51782373019626,2.00246113293878,-0.627643149474992,1.84511603354397,3.06257791947641,-0.0660152369021927
0.826629229827723,4.32975623991164,-1.0226729245607,0.314794029000283,-1.01438373835266,0.231404963397998,3.12632052733785,4.96886851266427,0.944828979550722,-0.30915551471382
0.944398426853386,1.14306492298621,-0.307148930110581,1.20799525595329,0.985981285846879,3.24514333272342,3.03645678235629,-2.35977283599917,2.26585654120848,1.3287153823011
3.43319592190436,3.0852540441708,2.02399322945776,-1.03187399315774,0.946495570297362,3.4386267163619,3.21233796855155,2.97649668138329,3.6772969186607,3.35357299508065
1.07079994583888,0.319604693179297,2.49686786037104,-0.166265656128174,0.452080475037294,2.39889043829911,2.47633082444007,-0.493163485423884,2.20018358463324,1.6055079004746
2.99062384578872,1.29178104903297,3.42987413999113,-0.886647620595656,1.77215033252969,0.838067430596212,7.52692321698929,0.959423982527962,0.993982997400518,0.380759420108856
3.20317928598833,5.17403719783383,0.21205834181785,1.60685216933194,2.24299216944189,1.07445386680009,3.93994697970676,0.973541137201205,1.35119964031437,4.7478709357711
1.87962874220711,3.24263810517035,-0.060513050896561,3.20989706543966,2.95491001522319,4.23261894651907,1.31210245489484,0.439210759279535,0.621323938497544,1.06867549083162
-1.17449763538069,-0.516791899554196,2.40555112582865,-0.186286357538463,-0.343304209497047,1.6201234715314,0.899865284298285,2.87229198359398,3.09909209361876,0.406615281879385
1.83295579674489,2.6629677633288,2.2741863497694,2.88666617924184,1.41791878016855,-0.197408335625515,1.91999818348545,0.550584326096329,1.87087144995975,1.19644371580533
2.54075733260676,1.02915236712303,-1.16232354055023,1.38793133720704,4.84032385825589,2.66324325072058,2.06049839167021,0.073621610155489,1.54235654874615,0.662687188483503
5.56466219820624,4.20368707592288,1.42592215532527,1.23381752197017,0.165600090360105,2.41842186798833,-1.09665951399311,-0.213977067990328,3.05976472935187,0.564293390065874
0.257131720262936,1.94270559908267,-0.00964457928629608,1.62088448375224,-1.17154577300527,-0.964914028488507,-2.37090474071871,1.52326920287824,-0.147880258328966,0.282249372981157
0.853871311774689,-0.167864119148903,1.68851970179619,-2.82085322473006,1.21686673634348,2.56119120876016,2.55737340780566,1.15553105623448,2.50767628783292,2.64236426957564
1.73523485459263,2.70459231683732,2.66189497937984,2.5494632032362,2.13201673899342,0.862897938391387,3.11997412024136,3.01641513041169,2.57377133614944,3.70402395703185
-0.440296334531791,0.91741366365822,2.71860554675633,2.08972006758655,1.62774570442692,1.37860917461654,-0.923544965522186,4.87724234883804,4.02987437857712,4.27706615378199
5.10669105465203,3.8836641704905,4.77073494119235,0.880498870242926,3.52035261435472,-3.79983409852848,3.69035579604131,1.08168031508827,0.349888406445277,5.53123448116396
3.4926224766228,-0.00264463934249459,2.53796482050923,2.50501178403622,4.20568359397989,2.46871880269521,1.69776552565453,2.37849740616996,0.418195352644271,-0.706882044921371
0.88483594454603,-3.05513491942382,-1.9749877591947,3.70005986875999,2.44039049991957,0.468379107504583,0.109638060850411,3.23128491456674,1.34539429909745,0.176426911993043
6.8790850172675,0.432216530641234,3.31670869728029,2.64982768906378,-1.24002616768623,5.09785504931488,4.66792317269321,2.84633186384783,4.90414644580564,1.60446259560473
1.58486787399084,-0.689428908132197,1.69244263393719,-1.1868388290479,-0.052331791838129,1.29906529826182,-0.63649703530365,1.76046605475206,0.321600168411776,0.364980472591847
5.41180790980099,-0.00619926785327785,2.05914385439348,1.74830182518396,4.95083559358354,0.576756627491305,4.34642121968146,2.96979386362964,2.96616137581677,2.92022979023964
1.83456949054649,7.32943771295064,1.39735354688031,1.75442551636455,3.03669351809896,2.11337583723147,0.212580072847347,6.09391949324193,3.69680136618581,2.06351728767156
0.854346994773902,0.300049242878983,0.837756980064004,2.55423353067414,1.82072490521815,3.4581953018004,-0.774764186082247,0.0739218781416739,2.28571317441474,4.40795976553935
-0.31515726456598,1.94224739226626,-0.199711692386956,0.431929780224157,2.23331758664305,1.06539883203783,1.30194280736209,1.53003720784747,0.976311165255374,2.04596511478961
2.78301376141025,5.25102858191,1.28842455538779,2.58074753003001,2.95829265332106,1.81751816675467,2.58731618481706,2.77017154261752,4.34720678319387,0.26365739444471
0.271859522389503,-0.481114689398521,0.783601655152807,-0.606699398133018,0.112404555091629,0.397085983362328,1.71553278152887,1.32775788996775,-1.08769462432008,-2.48598794547466
1.15392069543807,1.36329659385896,3.13808581965145,1.1033900637809,0.698258929218749,-2.56195717840635,-0.940929684075169,-0.125561435827148,5.11562543179684,1.27126785801621
-0.0931755303867545,2.48008071865496,1.01441439235317,-0.748511411281182,0.914956027124548,2.7917314580224,-1.02690289095833,0.314786031552831,0.875964822662305,-0.252337372026639
0.272639563955072,-1.33497755815238,0.629131041833,1.97981550608228,0.514139899767138,0.0187976212783821,3.0505046302821,-0.242967584580994,-1.78953551308551,2.31579060180739
3.66816269904217,4.1811781812444,0.806779275841824,1.17042984381316,3.71392706837625,2.26211286983313,2.5035414051176,3.26038911444483,1.89132990675933,3.90369048956232
2.09309528028798,0.715444575895688,2.19787150845391,3.02222219997006,3.11827329717897,1.22345390421372,1.21790177821862,3.26805673998688,-0.428907116029876,1.16956182124615
0.741278070183699,-2.21441734352444,2.67118730857889,-0.568318688815362,-1.31999699573295,1.35914914929244,1.64155120906862,1.47453019683542,-2.82091491541267,-0.256663384247106
-1.36161281527964,-5.27368023945062,1.08523768023259,-0.600274743331125,1.78719630095442,-3.64860593804947,0.728339347974911,-0.220381007470345,1.16107394456685,-1.54827067883654
-2.31932253266575,1.39861213695681,-1.38035105600081,-2.20102589485807,0.447957438543647,2.70772665114547,5.32380618342639,4.73246380138343,-0.333435334558086,-1.9654693241832
-1.56156289957842,-0.883701543886132,1.60587270195622,-0.10260913043473,1.39213135314778,0.488177723151291,1.58151552529887,1.47096423598765,-2.22147380140234,0.861030474091044
-3.52601118006846,-1.84434245614959,1.93729819186551,-0.96282104755612,3.18503874629941,0.250893586017663,-0.633114669813,1.62588295046016,0.567003955482806,-2.31138490737587
2.47912094822656,3.04572078919789,2.04945045062967,2.58683177291305,0.509206919831634,2.25214819803377,-0.408683422363475,-0.570483246422514,2.27147361938011,3.71428655536917
-1.24978129866512,-0.0653451126975186,1.07410548226299,0.631162532655288,3.27271429347159,1.10426038309482,3.64353486166242,0.722463717355702,-2.17514390559946,1.37967974695657
0.66612095754162,-2.71498893398413,1.53689466124385,-0.442478248955157,-0.098300920732959,0.934138999062978,-2.8428790306191,-1.36646744709524,3.30872420711021,-1.42019461799828
0.784571731227525,0.641801698850537,4.18304134958591,1.85982092966616,3.66440991815981,3.9902941521524,1.83397144820662,-1.01194422117237,2.02644974142429,1.97066810555934
-1.26858111011985,3.22499483542096,2.55318021066861,0.958910534510086,5.03133099691763,2.30147306059939,1.65382162862764,0.15304964957943,2.3030878867309,-0.356985868928319
0.705062336430088,2.49156651579507,3.2259992432245,-0.469344451854074,1.07641335108163,1.95317324705933,4.11686984937652,3.01854106181734,3.5776634180086,3.88215058536367
1.43767354630066,1.7580111219136,1.41783509739507,-0.148719324118872,4.39473474455361,5.17446033321901,2.11060287151242,1.64012451265607,3.94308343400748,2.41546335104561
-0.306380014841254,1.84896633001696,3.41066170595863,2.20946269579392,4.46298941755068,2.79882941071591,0.623084259133491,4.17894587834789,-0.598881045817134,0.567314868790584
-1.7414706543451,4.20531629072191,1.98937034299318,2.19606220194844,0.56427187788481,1.87165570161432,-0.0847169283353228,1.40628847256891,1.89869189257414,-0.658067193745948
-0.634345415232604,3.1963814489739,1.36297370137858,2.23130652641778,0.427675314449532,0.502648731954399,1.05235911590246,1.60640420545209,1.49893828963983,0.268580854204639
1.44507207811331,-0.970594072890684,3.53815788865605,1.67696414091576,0.235790704400693,-0.602971152302141,0.977164353436983,1.48091641593422,0.528029877755388,-0.309516676454484
-1.73053508001359,6.00251696254472,0.873030267932348,3.24992912034257,-0.580481149723303,2.29600538599039,1.16366278718458,3.20087057428,2.33924429240031,4.02549323709265
3.69822417126011,4.22864227716388,-0.0764561724549186,1.17619482612629,-0.164878605559456,4.6593584284286,4.0581065630885,2.166701197519,2.19068970848574,4.79371451027262
2.46999488384681,2.2574437681704,1.46118751027245,4.72670339601525,2.46107864775132,-0.109598990787252,-0.847160184521008,3.54648854944648,0.0125744774757928,-2.00766430096358
6.55345902535677,2.39057666354726,-0.0926743882061851,2.45761758278802,3.04618603142841,1.43510799895251,4.28203564944684,3.05498126733379,4.20887508783214,3.81029548316058
2.32128383899047,2.70293699271304,3.41254264690859,0.977447372194237,-1.61235426334184,-1.00353471553391,-0.259981195407386,2.60195418939268,-0.998847687854187,2.13457635288639
-0.428783770805082,0.972838867426793,0.577743839548825,1.45042127924995,-1.2689116314256,1.17257991526159,5.86916722716898,2.61288564949972,3.41711782484161,2.22987944999653
0.544657960961004,2.73170310438688,3.05297931540747,1.46263148913774,0.0819067102458334,2.87125810221351,1.01528139372726,-2.96667593481455,-0.645220887802536,1.29178357647886
-0.333244862270538,1.87190090681697,-0.896799563735906,1.11995359307107,-1.64797472075235,1.74356934472046,0.897709743345619,1.5464084769854,0.621760146538868,0.755280938474618
2.13375969310453,-2.17608123841713,-2.40078723723216,1.04519651670242,3.14914366759871,-1.91016187042614,-1.23342085852054,0.889171490323728,0.427149607777134,2.23968273998272
1.57169374029914,-0.997388933007983,1.34969992251369,2.75734153921961,2.84370844498642,1.57028468802274,-2.29366305218981,2.1561716393898,2.12847937460126,1.7170414822177
-1.97947043410539,1.99138093574196,-0.183571536605341,-0.140415003964236,1.06778458396854,0.233461212487152,0.323994364253521,3.38567141571487,1.56271064967642,2.11259421047548
-0.193988159357676,0.570050907794082,3.77917867579283,-2.37066534964673,-1.72974749522221,-2.27956523196484,1.68265100307556,-1.21946857808968,-0.17578603356938,0.0502472314791863
3.72642409175727,-2.47015248884827,3.5040762352205,1.69055400736045,0.738846129926497,2.31086513277257,5.11809542785265,2.95278102149364,2.17119369453795,0.745963717601852
2.23141995091329,1.68237530554674,4.60209180215751,-0.557632255398517,3.1385591287569,1.44086390127215,0.156385838093508,1.56846118657243,1.22797240423729,0.284919278791646
1.42868452951579,3.03905849727576,1.76422473146083,1.45628962797402,1.23323529452647,-0.162343923824646,0.936791102107983,2.94707650095538,-1.53018273080263,-0.62834264938966
3.46195495224198,4.97402624550694,2.54417490138467,3.23939844970219,4.66539341272875,4.61494740389648,0.692573087205009,4.45206038370636,3.1763866232928,0.776632190364341
1.53318478642331,1.17092615124724,1.46108898953538,2.87392819439626,2.80966061505901,-0.121193098960798,3.03678555825313,5.9803863036892,3.84645836067408,0.92347088847857
0.22650309300534,0.53735149661382,3.29546858096315,3.94843942163198,1.24227097381335,1.66198704879733,-0.232437631674836,-0.0288174247490884,4.03190014294571,2.80047681850694
-1.5648204664088,-3.07303667359667,-0.903668159040921,-0.806977249630318,1.93087965499567,1.93098572221874,-2.10302658066196,0.799178701059725,-1.55219894943432,-0.621421306322972
2.71420507875512,1.86777581630049,4.23887433575229,2.49857140583558,2.71582659198411,1.86678732459827,0.0674715670546555,0.949255881234812,1.22478798871748,2.44255899454446
0.176884653214275,2.86906840849618,-0.9185359584233,1.32688360250533,3.54156853190944,2.02745490503257,-3.14250120073671,2.89724917596866,2.37670218295009,-0.128103233251383
1.30356579048405,3.38267811171048,2.73338042493763,1.34743915453701,2.85256665678963,0.762772575024417,1.02169048102113,2.36815365093705,3.52186880306292,1.87497944950025
3.93297032364829,3.01559809545951,1.79249905813054,0.893422763758025,1.86518621395798,-2.15206312162027,-1.41004074957292,1.59184960649396,2.1644436051888,-1.55109513256471
4.32090799262928,3.171735262398,5.7072713306588,4.01138644601094,0.676728412924494,2.96332708383155,0.172600888045957,2.76035700176367,3.81790208481568,3.72273762809284
-1.95287100999447,-1.27706744852412,0.568046291210585,0.409378058128853,-3.58444830973582,0.473584280796682,2.61181146664113,1.63526122135383,2.95677012775347,-0.746990876679522
5.83289441429278,6.44913891873153,0.740042002052893,0.0465401649451667,4.21958765908452,4.21227058641256,0.283699593982716,5.56477327388937,4.39200385457414,4.34498872946565
2.86633602331553,0.910416073389819,5.61660561915163,-0.311067793682585,1.3661893925686,3.95656035000016,2.98839227571384,5.95252961064229,-0.408268789836891,2.26576673143793
3.76230567483415,0.0367177464505735,-2.27175399319761,-6.28128572873102,2.12270107905276,-2.4764120558509,-0.849193593853286,-0.833306228663037,-2.28365528980628,0.855576664526541
2.84189874432823,-0.78678173025984,0.18794651071084,0.944449176346349,3.33803963667774,2.56904263526731,2.15039650082944,0.984727207015789,0.780186263679364,2.63245974581207
0.928036815520624,1.2107753690157,0.495774706429777,-0.745885090021533,4.85976058335978,1.39761244810623,2.07858914830106,2.17537471246947,4.54999527276568,3.91353490263193
1.14651586236468,3.70706262659477,1.51878004427791,0.299542003208404,0.32857610566616,0.658784682564964,-2.26172257014283,0.668729577145748,1.17777434504127,2.67510185173795
2.94247314765397,1.75132992032284,2.07129582113466,6.89638386749592,-0.821518790376907,4.50148456423515,-0.975990690202736,1.3556255757116,0.100250736774917,5.48836864051682
-0.567733257997882,2.37422135519307,1.00212443158255,2.29460968055595,2.27448059556829,2.64168366476995,2.21508313596913,2.00122191945756,4.38978671430006,2.65520820177185
-0.298589017920513,2.14958092770903,2.34045991177678,3.72890845730752,1.05243233419018,1.43000209471099,2.46185686283149,1.72758908797813,-0.0575725189249103,0.810534979197044
1.34367786985639,0.51440969182924,0.633891864782874,3.26434792084729,2.84175722893864,4.39879173950394,-0.455912378322772,2.50077838052561,3.6998481241275,2.32936988542017
3.16505641641784,-0.748586040280612,0.963625643431694,2.62623421397086,1.05573545530134,-0.0484126997363949,2.7697683553454,-0.227036079511396,4.33603780039605,1.94303036879477
-1.2836601936578,-1.67537085016013,1.46153196800193,2.17812706958025,-0.541350413311093,-1.59259524804373,-0.253520551773589,0.608918058734527,1.68375610598029,-1.5213450069058
0.223508903823344,0.482396742442393,-0.238653394567006,1.39558532582568,-1.32316521521499,2.72812218014645,1.85672868633701,-0.195879643480028,-1.98908321348962,0.875267102255064
1.95079309600556,1.01303449432001,1.81665173719126,3.39866405911616,3.78466548758025,3.54348940676151,4.21186489874717,1.72406393502971,2.37964764839175,-0.795196171791996
3.24799690738614,1.86282898901936,-0.117636354142315,1.14619804454294,-1.38529265810551,1.59318961327405,2.74243221211479,1.0012211467244,-0.396634839247277,0.748573611070861
3.38949624716295,0.118760013080932,-2.81804647120104,-1.11602556740129,4.7626612623255,2.40940704805498,1.55559152819605,1.86716268964557,1.91732767419921,4.43155882688976
1.68939994924301,1.85206381999354,-0.921335722076271,1.9758583764874,2.73632933794258,4.00518174391418,3.20396445766714,3.08083881211595,2.87767703571873,4.70590673463757
2.50290454279103,2.11823176315791,2.35468646019431,4.59289656488608,2.19156065118672,1.5914542778198,2.36300844427701,-0.875330530383509,1.88342198992255,0.319039826407243
0.65089574533038,0.00108447461573014,1.79221350131612,2.15009318818006,2.56873688420036,2.65825000963147,0.259038728644314,1.11688986304408,1.12391349669598,2.99827811111623
1.78776122823691,0.923459613367047,1.90404562418482,0.0237981711104757,1.7540109312038,-1.33223807213532,0.759965675858382,-0.522728773947077,3.78777282291949,3.45519785123224
2.30694997581051,1.97209888135714,2.32394623739297,-1.5377183856012,2.27401605820805,-2.7647304160067,-2.19613558193365,-0.114867753450558,-0.525276505166792,1.76375013732431
2.82343154561459,2.55883196542689,4.27626154614176,2.50645738912897,1.28195456064586,-1.24258284425231,-0.309026887276118,1.9298345308626,3.46488217896447,4.10095951789267
0.619175563790125,3.59876626033648,2.45455143384595,-1.24040937792465,2.29729840968468,1.331014154868,1.76179398503505,-2.81623595009592,-0.0533890706498696,0.340876648154109
-2.83216215282976,0.0829861973792288,-3.6130125108568,0.965845253825076,-1.57035377805691,2.65491855051864,1.5610934920791,-0.362075310142309,-2.21399971063763,1.86065398077957
2.24331272576106,1.09219720057872,-1.71230415671697,1.82783937180251,2.06974000405149,-0.207685826046212,4.38095118904506,2.98348313393804,4.66465451068361,3.59440286454062
1.65092995528065,1.10966107739869,0.504747453132611,1.24121539893925,-0.578812217042641,2.3121576442392,2.92020630366352,0.808923579830241,2.74457546968766,1.22938624020684
0.726965553003312,2.33259203515136,3.81127526447923,-0.333114004411785,1.17133447179273,-1.06063388618553,1.66269023769031,2.71294631388958,0.32403664330737,-0.404594514835337
3.49648539254129,2.5138298653612,3.54258079629345,4.79051211361646,2.97083936628431,4.86421701461169,4.52266619665672,1.17818989664773,3.36694251196774,6.08767415879356
3.02428103581138,1.82220740566365,0.710977922452578,0.791977318450901,2.33186163050881,-0.878321397100872,-3.26196828839621,1.71453157928535,2.01128894996636,5.09686317892489
-2.56853428269936,2.72660289371554,0.67033217922333,0.128974000332886,3.28243248516505,-1.54455954030254,4.37421841044941,-2.00273459334794,2.10241806623936,-0.232724598380581
-1.51788664519959,1.4502052747474,-0.542769577000725,-0.841688192423244,-1.4983746979317,-3.59818547894375,3.01924568774391,0.586701844391435,2.01641567596485,-1.12995782676074
2.4058010915335,1.6245260929398,0.71493518933221,0.725540985269543,1.96056050627191,0.224770950906224,1.13584675996048,-0.889413580653994,0.273831784785947,2.6705849754417
0.970823283137669,-1.82237372784337,-2.88368983417886,1.48638801356175,-1.97209053597493,1.55029851803831,-0.4584064580886,-0.800820491474592,0.281103018899829,1.19223534700868
-0.405442562782907,2.11303682533008,0.905173401548657,1.50030008756734,-1.81008633575171,-0.939977131705372,2.02068531862303,3.78250751955249,-0.182917480070599,2.49104169004962
2.24396584117955,1.60736205873368,2.07423096648484,3.52682012307471,1.68291237030719,0.775817369695943,1.61378222399349,0.0393530898802894,2.6562962026124,5.3743839087049
-1.62910519854615,-0.431801534952333,0.115575877359129,1.76245250989131,0.581672370876402,1.31088325734786,-0.420253373527392,2.64083269924129,0.10436595010497,0.644369723776133
3.19598544283504,1.20028428831403,-1.96744629714284,1.08627785375676,0.16134688605185,1.71054492013028,1.92544908967442,-0.671260566484456,5.08268108390059,3.74782138226371
0.833190051472019,2.43140283390844,-1.79135693351259,-0.91955714161133,3.18590690199732,-3.22971266301444,1.22668835379534,0.372940650904273,0.281091734367288,1.87511848447566
3.31980924338328,2.55902042070222,4.81066554328296,2.50206049829924,2.64016846997371,2.84565217186165,1.93838503387892,1.11914607576062,0.815708152811164,2.0885214324437
-2.36794655626872,5.45497839116261,-0.0118813072991601,3.84776518983272,2.89445741134472,2.83817053144964,2.56139045906365,2.35207564263983,2.73989708658193,1.4932074148524
1.52510764284473,1.89566384143258,4.22645545118645,0.892025535207631,5.40587933904043,2.25094015808097,2.21352686676073,-0.0836936591526096,0.38584490331057,0.923840680897562
2.0928635787293,4.23711777467308,0.0200446812054655,2.03532109127091,4.98460464369557,4.13856828696028,2.77419392559293,1.78244939423961,5.10551850616768,3.72804994242602
2.80612174879418,1.312415851155,4.1886750628149,5.04412677925009,2.85078068784487,5.08918070491336,3.15542367263716,3.69373416383851,4.92960539188898,0.668804478272167
6.21579455680425,2.25002638760859,2.2309859915396,1.20015293756153,4.02599222553448,5.66304075495193,0.132943849781646,5.22865446058526,4.18965108114645,3.00116926504802
3.79986541221504,-0.533964700024673,0.298359224481752,-0.0372462100265385,1.19577980676422,3.52732534799539,4.79818201828348,0.626569074431435,1.28440347959816,1.52285843388301
0.25978316842824,0.163781266272879,1.28441531783757,2.94596636992481,-0.743964004972252,-0.355921074103841,1.54135739227419,0.184472737090365,1.01835468082582,0.611984942007472
0.76784714385858,2.37841003146109,1.5842502831171,-0.630669269148767,2.50679799014674,2.86346630015888,2.09060539349956,2.93897369963457,0.77098701992875,2.50671917325835
0.809652634494711,2.64018176587837,3.32216964674259,4.80184751479854,1.86711471623966,1.50768209349043,2.96616967219915,1.99260480778384,2.15118249897005,-1.64875235641784
-1.62970755098104,2.33674291252429,-1.95239836091163,-0.820580517251696,2.3941227762431,-0.0250054694887068,-1.35792980266157,-0.722892180095423,0.378525974089573,1.71195919643373
3.80259306007296,3.18826539353745,2.33541705931049,1.67261300827377,0.718954877513759,-0.533162011054131,0.665771578152392,5.57011228592558,4.60940924948402,0.595183941547726
2.93789228404434,1.49874738363065,3.36359868117988,3.20502282679571,2.24388091468855,0.59143370473875,3.86469702289742,3.51662092150116,2.73351594573803,2.60346778189201
1.56860183076967,-3.50469540020908,1.44750428179125,0.688802118989392,4.68214870146853,2.93639756674144,2.00504607788793,2.48886150779708,0.559179672263321,-0.541328274186709
2.82435702779368,4.55377238102474,0.685385680713746,3.31239082025157,2.00737695247833,0.0622173779974488,2.21819061919711,0.219631295025267,1.91846405386908,-0.400393395277009
-0.171128551746697,3.10549066103294,3.50152440355711,4.71935100571566,1.76543396908649,-0.675877545387936,1.43439707457731,0.409973391186357,0.591992965424498,3.50651035913354
4.4825372867655,0.00508998871524213,1.74294203626753,5.08624049464278,1.22743979939108,-0.282986564499319,1.65897554723313,-3.38372116966755,-1.00107235659356,3.40470157379064
2.57935787724625,2.31464679995048,0.822734568538545,4.09474598522903,0.933108605070966,3.22684419586809,3.55512873414398,2.50769039039209,-0.206647239956316,4.05283043136307
0.366401200038546,-0.172840397349572,-0.144297827070979,3.57284526195165,3.13036386309443,0.728028160493434,0.486411367182857,0.833749487673081,2.70742629450015,0.766267701870348
4.12171305826917,1.30162608243667,-0.107927048220703,-0.584471896010824,-1.48235885587395,-1.2238621058295,3.96794794642211,-0.274517404562255,0.202721693806965,3.52022428221484
3.17810943173335,-0.211439422245377,0.424374299999873,3.55175728578107,1.97883092294626,1.15257361758574,0.308325499739675,3.20257455116036,1.23192034753172,-0.810879964350437
-3.42471548798185,-1.96775714306314,1.12518230061241,2.0344791350653,-2.37303417085698,2.5193463218221,3.00649215434264,0.449483697149679,2.58895585680679,2.09017327602144
3.35163265866811,-0.894407809550459,3.83324449673331,3.42245766919687,1.94143551438859,-0.940240151652038,0.113964724019983,4.51182330369343,3.37433847440445,3.54170417851653
0.29861247089731,0.721260022008777,2.31929333908659,3.06947124147197,3.08579115095099,-0.348551236607168,4.23984018038847,2.49613152415682,-0.6437804541762,0.617928964498054
2.9948582558278,1.40705335712586,0.843589020001899,0.562367955805442,2.87933518077814,6.17276958851839,0.229747706779983,2.61072735470621,4.90178833888748,-2.03200109260801
2.01511230957593,1.30951433299897,1.79772935535733,2.32734295503396,0.264207650814055,0.850208187520039,2.14418276862182,4.68733912939148,4.36914333859699,3.68847129420394
3.37814076280942,-1.6062662706356,0.342346224568096,0.379164780545204,2.87344263360291,3.72703114485686,2.27051111635677,3.67552483438934,3.02433941871171,-0.016867504943948
3.11723109315782,0.0610773835889566,3.91017268278243,1.71878291089236,2.12728667850473,4.32821701166294,2.59910415829074,3.3873273502696,3.00453006309575,0.44403491798213
3.05379043489956,-1.72384068380674,0.711834685304956,3.78642302929328,3.51413703180549,1.68694059177401,4.02339900841197,0.70647488151875,0.662666853140474,0.795292058140365
0.0831049310793424,3.10163617131524,0.577883338996527,4.13860877445519,1.97076147148903,5.23645515265331,0.733806255920695,0.00457758678922326,2.20425982707727,3.48868113232806
1.5854280127447,1.80154958169956,1.80736532395631,2.05413607267093,4.99927294866935,0.195844710969649,-0.45339154625526,-1.46569810773963,2.70030375620246,1.84251980495751
2.22868033270147,2.45656688846757,1.82520831955782,0.96009731377841,1.20848184627855,-0.968852598753061,-0.352518405993371,1.40638597043291,2.42256841882135,3.46069415641817
2.88107242506533,5.26882621749879,4.82961690476249,4.14658104353206,2.43116757095631,4.25834950212294,2.86983166427335,2.42141736960517,0.814648456135621,1.64578883701103
2.05223434848553,2.23785345561367,0.187063234294098,-0.23067060014682,0.936846627178883,0.79632358004907,3.97370517409513,-0.76744178649881,2.12720366219709,0.732591609874215
2.62753624778557,3.11249612523619,2.76031053121524,1.59569515121167,0.780307155260531,3.78984650933726,-1.92826078275116,0.470039700617836,2.23316486773678,2.95092452315477
2.11038127323143,2.05497029165331,3.01730315844321,2.27247008958367,0.616577335211919,1.33719850803331,3.3945316966142,2.85089872257319,0.13092414018818,3.72904555456034
0.900751011807208,2.04777595543978,-0.794188753703305,3.93910918117148,2.19609239859905,1.29717216284109,0.796235021981174,3.76099643364683,0.623266811872701,4.09984685524489
3.8191137101117,0.0592932165000208,-1.25822951450726,3.3028002248052,6.48198994894636,3.75746775235865,0.149540914980256,4.0514163735017,4.17657573044722,3.71105515303525
-0.493533386230838,0.0330850514080769,3.96071243044778,-1.80025859767309,-1.38772930461953,3.97891142426551,1.30323808998133,-0.175032589535514,3.51459692395757,-0.0726408533778464
2.44517245030799,2.37073139624046,1.08249531977177,4.10189727732538,2.44197804474894,0.825853047198713,2.8023336820196,0.865625083986927,1.18411102342066,4.31860653291732
4.62528612474944,5.47545264565008,4.46555337146417,5.87728223811353,0.923450811677082,1.5433292538107,4.85160091483137,4.51736986617288,4.74028678188565,3.90227502456594
1.37566364949356,3.04836699869238,1.86386766728934,1.94709265344659,-0.507823168927352,-0.98546176927844,-1.17804710889264,1.26400270491817,2.40188776341046,3.51805134037656
4.91777653089867,2.98803394054147,0.824450578668129,3.01107145916627,-0.0413052648806573,3.26828892769524,0.597406621109349,2.31437663924519,0.702894546674522,4.00334045678723
0.295062753450328,1.89653681540256,4.13552647733672,1.24591524331554,-0.602399543097841,0.884430978013593,0.874487862005609,0.550503283622279,-0.615744557285792,1.37971088769569
1.40291379639362,2.10329638518999,2.72674187807834,4.55368021685567,1.49943082386757,1.27532618883907,-0.479687107378361,0.402020131415157,2.49009007941668,2.01475523625455
2.54732798084222,2.01134482103093,3.87919671545795,3.07463474385055,2.36329398465258,3.62388562425981,1.19428172237981,3.96948592706412,4.74477352770801,2.86555595431153
3.3173753030178,2.21329465140464,1.03291456964773,2.12927021207648,3.62788628231884,-0.710910996740088,-0.585327777746862,2.14816462443881,2.27860099758735,3.2440040849931
1.59066360946768,3.95011172780454,3.60158977017857,3.64728952109303,2.32902652638075,1.77371974429518,-0.48677156082289,-2.23520572649556,1.98445419978779,3.69329379508375
4.96090654760033,0.920680325888864,1.98113803659372,3.55168208605889,5.60418362292669,1.76876426371214,1.04674556158186,2.74628681986511,1.83112369353918,1.12473676826316
0.824045918039083,2.19829283594093,0.830004576727502,0.376627676266358,1.51425908683697,2.95965695061962,0.222417115907893,0.584765691435326,1.59934547245124,1.14829673024261
0.182464860505715,5.53011405402457,0.499317498365428,0.746366019707031,1.54190149626963,-0.406165721364956,0.265873249198331,1.32354376202164,4.28314917070301,3.66264106719326
5.07170072357596,3.77197942427152,0.456355897316946,2.24554340915654,3.46726741358126,1.61090521679923,3.0737811042596,2.12589885017499,4.55136593689022,5.08321050017684
2.15229385196923,-0.569995088543001,-0.569072874753743,0.696675415165436,3.33386655399248,1.55046920377837,1.51979309774127,2.76046712891211,0.495252194497271,2.31063858969927
2.20312714429821,1.51491076993392,4.54873664685996,-1.26423238498688,1.6314997647221,2.62321363097674,5.04840077417363,2.40012742621417,1.8869177719744,0.114924966559547
4.66736524537938,2.26135226169649,3.38650933444567,2.28758468577139,1.3302826649241,2.12747584664798,3.19038005014567,3.09529421626471,-0.075611187352119,-0.152935828214585
1.91000855237175,3.6393898906876,3.90444406804759,2.49396139421285,3.53496070790947,1.51030144605077,-3.08809504788857,1.28748796872373,0.584574806847001,4.35024707878775
1.019379438641,-0.786722150038548,0.934156154221908,1.11197677386608,1.41499162702533,-0.190679230804326,-0.517048888279722,2.07215409409949,1.90839755349602,0.638381869270068
2.43636143721241,3.54752286825977,2.63391400635468,2.39302257492857,4.77585482601107,2.14232286091108,2.22665499784703,3.33004718937784,0.79682182722774,5.0005994602363
2.10281656820867,-0.0723199464735136,0.885265055532685,0.76858229148937,1.02509194881386,2.83945454283305,4.09797296094075,2.79384205331224,0.296190065150711,1.89792202772043
4.00450579138288,3.51375130680613,5.11805528334758,2.57959024142021,2.50093854406924,2.85283650316087,0.109633155598614,5.33574136698892,0.833953567046875,2.45369185246994
0.248964531238034,1.88836864999322,2.89478627807277,1.37388501454905,2.30636120405732,0.287455080283677,1.84817174489772,1.93544385546677,3.77377931911915,-0.626912077824161
4.87546960179159,0.77441087487755,5.01650357892859,-0.0179764415375341,3.95765600491333,1.70309812044984,2.85754393998404,2.27193040036053,3.15156629100411,3.85920647655186
1.45062043966122,2.46261808873731,0.354625244772321,-1.40111083816121,2.59527730499068,-0.815808622083432,3.94113967328724,-0.724962739098967,0.232262534574465,2.04616298590955
0.842138628816783,0.448878200447093,0.215955443927671,1.58582204619266,2.15254891145732,1.04113839552557,0.310243742652661,0.507554990993853,2.38644470077125,2.61370951854609
0.550859310095558,3.3125499570834,-3.36775681118884,-0.0463647867081674,0.341452705068636,0.622197446647532,-2.14775531357522,2.02280192062306,-1.61134079176048,0.387589254172555
3.27322917001105,5.23527694855241,-1.23654201899502,-0.665260755436477,-1.794376576026,-0.65296491257423,1.65214913661277,-2.11807173760472,-0.456303422404649,1.90552826804144
2.65427931497108,2.63978490371073,1.78152912086012,3.50630537256173,2.11429285076578,0.808943537669486,2.03096108366171,3.27474379793783,0.717713532701336,3.33959528937388
1.72878592093563,1.86550786025931,4.31022749325453,2.41346422016505,3.41500665391736,0.259569103322587,3.99451816473587,2.53041598423985,3.66276825115707,1.75756371971175
3.48766482977996,0.600461097876628,1.87951741016631,1.55524856324691,1.55519665434978,1.77034518965168,3.5261074508744,3.60623091333314,-1.29946735374498,2.38295611524323
2.91371824010327,-0.761107415332701,3.25247936816683,2.32697247711064,4.14790284583884,1.55688549289959,0.631895839637254,0.296082282105331,1.47168701319618,1.35792312492257
-1.52814172782636,4.1117886581782,4.38178952894682,2.26426340685017,0.514105504931543,-1.6940793621457,1.83635720116629,2.64217240438178,3.38630536575973,2.5441912490079
2.97380401972728,6.72163658317385,2.3742911670386,6.13988434346697,3.99198506933841,1.77810351983565,4.21743849165072,0.579186632651423,4.56205513285493,4.42403193761988
1.40470107966895,2.15186913122314,4.30002415811033,3.59782054197789,3.02976400879494,1.0894710137045,0.124525256895168,0.855652416044488,3.37446899657649,2.63600604654717
-0.43500944973497,-1.66700530888058,0.540626492338938,-1.61655282568102,3.19624401566225,3.76438216798127,-3.2288592102029,2.54462229246418,-0.32122039190858,1.38193621096538
1.41222062030898,-0.22029533803308,-0.470760427969726,2.55764829188118,1.73528280327925,0.431343523634476,-0.0622573313765984,-2.10410616939119,-0.380790678397732,-1.23277089792531
0.710953817267291,0.577971153356182,0.410009777926267,2.88780575825008,3.27432148827167,-0.223969408279121,5.06995433836902,8.51255497400512,3.51071254935639,1.40544870085211
4.91607041408705,2.22311201038292,4.92157702057202,3.0015417652702,2.6278499655204,4.05325718916133,2.8088291543655,5.23781848003773,4.0328244606116,4.15412028254372
1.65019887633611,0.835005764884025,1.2361428548519,-1.25369916687032,-0.0011231811818424,-1.36902346589707,1.06551481890824,0.877734766778027,3.46626305241757,1.32455324065936
1.92911447372065,6.12503071017298,1.45032895498435,2.36918306186403,3.48960265531312,2.81871065288743,2.03077444781316,1.49292003138957,1.48980398277727,1.48018574141266
1.21666501220979,3.5014809836364,6.8481180891897,0.524900496230387,0.213484931601904,-0.121941766202018,0.0197351092214633,2.58803371883395,-0.317498750469965,2.20375454579139
3.84177543126987,2.02882942547649,2.06225729103432,1.55794774128072,2.07286102100282,0.829106970523958,0.128385494572031,3.60646607186018,3.96948007784823,-1.10176348902464
2.67734874646525,6.3193619729616,4.24724114280723,2.04739108364805,2.49521617208019,4.53681697139142,3.63916477117748,1.94924208173104,2.58414760685176,5.05036365871347
3.44413677223946,0.544850958837977,2.63694113790885,3.45330329708099,1.6031090602585,1.50806961592859,-0.403762606502964,-1.01036688559388,-3.52041348803082,-3.21886871484959
-1.67765962592697,-0.269430613007287,-2.25697270007886,3.10292739247923,2.42123241427686,-0.257225572994131,-1.84638575508707,1.66946065222264,1.87822518116141,3.69800600201226
1.09399185174122,1.17109116712208,0.562924851558285,1.29882731966251,0.753854469474323,-2.14028757239769,2.51660992846741,-3.01459256666127,2.07008602446519,-0.558648932127461
3.17039255926591,4.75602651826013,0.428764314808598,2.518146488391,-0.0902614184192712,6.14279893822994,3.05176488071466,1.00195908437869,2.00943175275373,2.46780429938297
1.88002416395569,3.23578302037741,0.0854795049772508,0.320824286144285,3.02915057089056,2.54059253502746,2.74723243171762,1.13788236237145,-0.230560555564528,2.00151902894074
-0.340301551990935,-0.276604136792285,-1.55313650871495,-1.68965850111052,0.52002719630688,-1.07504286928455,0.722351856959558,2.16490328661789,1.25291243392204,-0.273011387713872
1.03322823035427,-0.923999231761298,0.714466594054617,0.843231790811161,1.69276368942346,1.67292920204026,-0.324513077841603,-1.18117699744588,-0.592839067640214,-0.803346429386498
0.357648685913867,-1.49341461452236,0.145717662977052,1.94464331115908,1.61522322341252,0.2116804408771,4.89741860966555,1.04701035245951,-0.555765957294621,0.118809502311231
2.46198674705651,0.631302606360667,0.59017297284458,1.03697287029105,-1.5413091136859,1.014152950655,1.1436329720346,2.97587295482986,-0.819047327184574,-0.753195608771952
0.232920084323478,-0.0996426108002337,-0.251192759433986,-0.110003279895928,-2.20537061669524,0.00333092750925423,3.29138316311367,0.991317365913752,-0.94450822213553,3.28961784554326
0.828929169234826,-1.5831266804371,1.38707341142221,1.54394938942178,0.162290964294406,0.384708556343878,0.217307821256707,-0.106423221383008,-2.43560363811297,2.12847821652236
5.38920965303656,2.64863242582738,2.0970811400948,1.33254003953394,4.00055436588089,1.94518795760198,4.63048518829968,3.54924118196865,2.81930072026965,1.45755225694124
0.279839477101702,1.38588789277122,1.99393325817883,2.27683681273724,-0.432313089189022,1.48594444109209,3.63830690290952,2.24973545329869,1.3341047389159,1.5822555763302
-4.09986798243403,0.285257254856376,2.82309248026595,3.25634070560581,1.7798358752562,1.05759262449273,1.59304936576281,0.428129119320011,-1.07179166270727,2.12640073216562
3.53030031243348,0.490162620913365,2.48172749888022,3.90912375291288,1.24241308313728,1.39307701600699,2.81021650129751,3.9047310637259,0.240582033629765,2.5983347029266
-2.26687209042485,0.726761444159936,1.88826696113046,1.76266848415597,-0.308303935031204,-3.14873049066604,-1.41059619060261,1.94287762369349,-0.891051742386442,-1.13407557597488
-0.21940555818512,1.88994342753581,0.853175739715573,-0.358424799373155,2.01575233636094,1.33623591453594,-1.47008577841178,1.11181832488954,0.201429019309138,1.67483525816084
0.945702344439332,5.15462556413236,1.23759339156892,2.8171844040949,0.733186375082716,-0.774172992523576,3.68425466509365,1.49091549234543,-0.473187993458188,3.15702248216016
1.40992766419333,4.65980120859669,3.26350702513822,1.22353757518474,1.97356905283834,3.38149567041686,3.44064411678589,0.693066270503152,1.45036984896394,3.80892213296053
3.19914079989063,0.715303322330486,0.471362985813034,0.138376215603235,0.338516080502604,2.42414560589547,2.74931049436589,3.70609331077847,1.22841056704515,1.14620021240631
1.41253481889036,2.83410800800688,4.01316497500137,0.531316842578139,-2.38961718250039,1.11851013917598,1.70679596218261,-0.268915945943293,4.92197839458785,0.517154371506935
3.25084059117354,1.88840731548527,0.938494073557635,2.34901742976231,1.6036924107852,3.79362953392975,4.3657518056017,4.06104627831684,2.84789337920941,4.77057926534706
0.463897023539535,-0.216630266950784,-0.930586982534455,1.28838736181193,2.34518236022849,0.891079775467564,-0.688058409265051,0.468479527799278,1.38016419906229,-3.46392804112092
0.272127936472863,1.43350983822498,2.88300594902008,2.02520604910519,4.36092222382783,3.59041816685909,1.1718544711711,1.58511009426489,2.86251434752423,-1.12602114004851
2.52456947520784,1.90581690128899,1.97624615403209,4.25140031884186,2.19533757341102,-2.27807652063549,3.10548780108691,0.719625041021034,5.04568577472029,-0.774794089564205
2.18532268266486,3.3915845420558,4.20919922703892,-0.309318829747332,-0.0928987555330998,4.19438218112952,-0.182018324679378,3.04948009929698,-0.313535651701801,2.73171671352317
-2.63509890284903,1.48424134693984,2.12744540815536,1.92364597921671,3.42355104692558,-0.168699341344822,-1.65760464305895,1.04567642355554,2.56798674889744,4.34431906672804
2.51841463710311,-0.838176929858157,2.65730005140413,1.2274801495582,-2.34318171579228,3.48903869709904,1.53669874967622,0.509891252617268,-0.387143091941956,-0.630278165318774
2.13587837001336,4.15776440846071,1.45335718328931,3.81920580344046,1.29832612759257,-0.085123873305295,2.49548810774152,3.06606716705572,0.249158783813561,0.109616789703771
-0.249902205048836,0.999165320333164,0.0267849729449992,2.36415983055566,1.65013569768847,2.67496242752132,0.732063118761018,1.68473126713149,-0.00210620029036224,1.93777209902328
0.214849331293733,0.212563171324143,1.72260867524566,0.885197566347474,1.19261544754322,1.71374771513002,2.09782350595708,-0.932220382179628,-1.39230205199705,-2.9337863066026
4.52158278472864,0.534341034920531,2.96275699688534,-0.506265102208887,0.812774938852281,-0.495995194640707,4.47007239802923,-0.109221355779503,4.57403372153422,4.17340268132804
-0.614787192112669,0.456703669223822,-1.24730636317054,1.49550336129385,-0.420888581905357,0.806550888658311,0.41662806070126,1.05366973205275,0.200883642313945,0.137811765912055
-2.44582991275691,5.70027045831659,4.19772493896629,0.135546559228032,0.0781831382754954,2.78413002003425,1.77803800191659,2.10421001818045,1.42450209151331,2.48774671658849
1.85924919243989,1.94412705277483,0.660537455616484,2.97458414797557,2.08942787172395,-0.214200807875827,3.52140535198392,0.506613286250707,3.95750763273958,-0.245228318271166
1.50414602574371,2.36815347989519,2.7811124201552,5.50105059074314,2.91168289568769,4.33919247434648,1.03178265700611,1.3338764863602,2.97801180732407,3.79554734456507
4.37763879950775,0.489963718736673,1.60440900101271,3.3463717567464,5.73112024245555,1.29884656164121,3.03778717831728,1.22932934140859,4.44821939909866,6.77717595748471
0.963390537670551,3.12157010587056,2.02308081046226,3.27610036811156,-0.518454152053405,-0.961361791755401,-1.76325574391178,2.31637149942134,1.45595476969183,3.04435566564582
1.2446653961286,0.307081276436323,0.673613925346706,-0.347763441101331,0.0436156214982751,-0.127328847125778,-0.611568120252773,4.02421139901935,3.44158081161361,2.58248474915255
2.01474018661538,0.0534758459722644,2.99794773176817,3.94370305313178,1.4159129957288,2.63120452920689,1.90697348303996,4.05319655101049,0.724784433901904,0.597893901628108
2.79427171461052,2.94399883966676,1.95178755038367,4.32443577698066,-0.389496422205884,-0.602514576867627,2.62139298071273,-0.0929123956760032,0.793660049219873,4.90672517848535
-0.890445886762,2.26896403507673,-0.0314173006033478,1.90561956133168,6.3205571074099,2.86307720699161,2.01890543871933,6.66004405456157,2.39327054795402,-1.70612905895358
4.02167118894617,-0.30476058174825,0.334359638893193,2.38925354978429,2.35487353385145,3.16243613363901,3.46638125614358,0.974991841842025,2.59245956661098,1.91438177934668
0.346105210115544,1.63525866410693,3.71685120043366,-0.00233766410542424,1.74090159617589,2.77864813159936,1.17029989667476,0.59035399953364,3.40572008248613,0.619730627574975
4.83829685609529,-0.866052065257515,-0.801442027390112,3.25511319041587,0.545467740242015,0.146557596992846,1.57948094990549,2.74382893344785,1.33827678023651,0.149688575550215
0.916963780271712,3.38906640523124,-1.33246966049134,-0.966114359479731,-0.224994518842537,-0.922772219935008,0.282898855374415,0.329680532614136,0.893535709991275,1.13080579135046
0.744959680367259,-0.921168465730326,-1.30398066579648,-0.25939486955076,-1.66600170297473,-0.274027097454302,-2.18276138122059,-1.51218577950601,-1.1292423545803,3.93359549378013
8.4707964113347,4.22781854234229,3.46523253927019,1.53857706315144,2.58430954086193,0.676527714714301,2.3030278500526,5.22782130759465,4.09980179590398,2.74888918729112
-3.30925488024401,1.55140440428782,-0.317335438553602,2.27256469833228,2.44824643816282,3.1736187583972,0.971825188441601,1.06799146830847,-0.505724362298182,2.00400161172981
0.510229541873319,-0.347315542236254,-0.0527794024006287,0.261658144171523,-1.17466581190401,-0.383811528233931,0.0849926778855188,1.72438118553509,-2.43878055585897,-0.761477458292476
2.25619364572071,0.982199215953933,2.8764228680368,-2.19814228630586,-0.558674989481406,3.20730389569361,2.54250511986474,3.13962842867374,0.102475425664575,0.268780589446733
-0.090796882100372,2.16365017100755,1.26120389628622,1.64117442325668,0.855978377056733,1.33284487193283,2.32097524962151,-0.921511024321001,-0.35721554300214,1.1638114721481
-1.39706829903641,-0.456359700686381,1.56851256639609,-1.14726213452186,-0.670991447313693,1.83069510944931,3.37310805271916,0.755939543394001,-0.355845391977574,-0.314390526635783
1.26739097129833,2.41567508048283,0.434023917868819,1.3799064097789,1.90718092969085,-0.0658730283375875,2.73612529104372,0.486798170343078,0.644216104161464,0.550605107126329
2.56707057899215,-0.62995675812546,3.15861894727689,-0.554116556312017,1.64390186106867,1.75034121161457,2.01997095184598,2.35314616031029,2.31611950178323,4.43796868045046
1.36776488086016,0.494160968965487,-2.52575685388812,1.26605144578738,1.08225174629388,3.17132090858198,-0.103902068091152,0.893610655666748,2.93923791378268,1.20699628071129
1.59513173831342,0.832245238885368,-1.2600431877574,-0.28471691863063,-3.38133311197023,3.46687139824624,-0.280921027889202,-0.114554746690644,-1.5473677029358,1.05633589748859
0.904740618070615,0.539670007859223,1.47355858133095,0.0972015084188343,2.06094083453686,-1.24978224125567,-0.823835820019658,0.133104725131833,1.12902468747369,0.650236442176261
0.254883590298372,0.56149325586165,2.06438631630964,0.0391338669147042,4.6092646180161,2.93325793869027,-0.0645699643555886,-0.569300405732487,-0.202024128017732,1.73640037240886
1.05117171818005,-2.27849242850698,-2.23248561498192,-1.49443014170041,2.85424554958345,0.656704799408757,2.73274917351093,0.0807078101978422,0.126193324598183,-0.0101538504956447
0.955342650926122,-0.961127648581154,1.90849725216205,0.374939659039271,1.07473572261242,2.00559021002676,1.95921011904163,2.7618188091059,2.90127579022635,4.92986889928939
1.45976757822105,3.9298408850186,2.46691662091777,0.454543050712207,2.78752359633387,0.0526443758776921,-0.609651672036866,1.68957087557153,1.0353134192069,2.37180766950178
4.804178565419,3.65356125220004,3.01942900899148,3.35765689105327,2.31401529974613,2.93737900015555,1.54276614396562,3.43029749600334,3.24131556958421,3.09901141770412
1.21473358417264,1.68407876453532,2.48953932481657,4.29288271707739,1.65272633944898,0.461871925624338,5.83153294623256,2.88056197402325,0.946523322430839,4.50252483708222
2.64498839036175,3.10299837091314,4.90498126645751,3.94657559180414,3.40760692326764,2.44838043317357,2.46976026810574,0.529041676488862,4.77920263622672,0.808335064873299
0.314027327635772,4.92686389900637,2.98514830770988,0.603774970706707,1.83010264171569,1.36817945738017,1.99587437949112,1.15663886562484,2.34359558706744,2.66839027218453
0.949723663063939,2.23987901365385,3.42505841291144,1.5704545012486,3.56262604366722,-0.0480399935749123,1.68635599815895,2.51393097001413,1.44112438352925,2.61812116449634
4.68402821186409,2.34201326878992,1.93588548064366,3.56597627176214,2.40001492188056,5.10421983713307,1.66698113516199,6.85367256375017,1.48411471931304,4.42359260333164
1.375609762776,2.192322146573,4.47224755309668,4.92864267762251,2.23926269292632,2.95944843604924,1.14332465061866,-0.0745692670673188,6.0674039771295,3.66095615212724
2.59190699515932,0.126214122711962,-1.30282910311775,0.00688011032966996,-1.9021519831271,-3.1428396383361,-0.097371833622022,2.32846616626739,-1.09037922056005,-0.833760898742339
2.52605567500525,2.04748587715796,-0.171507996360332,1.68191174261536,3.21445871120003,0.657916482319239,1.54284094809108,0.327216129471621,1.90470136598993,1.22543988529041
-0.3194881336564,3.23590963984208,2.0353007648247,2.07140254459056,3.68405360198095,-1.00402683458565,1.15452832618624,3.37548427742898,3.99366105134842,2.24029218343779
2.71895816500845,1.266343435477,2.95971144349441,1.65627253507679,3.76551461508691,3.7897093996621,3.289419446966,4.35290026312343,1.5380985068954,1.44854437809224
2.06013680205671,0.766049455804226,-0.0733567527627152,-0.490289904172142,-1.31427936488944,-0.651799646342537,1.84184315570003,-0.103925860546106,-2.36034325543491,-1.07150441518235
2.83565919915091,1.22316824408753,1.94449194593583,0.215103144900798,0.230957685117943,0.382484176513766,3.06324221354549,2.05710964933453,2.13442967772456,-1.54877660132064
1.92277803584419,0.0149362742485242,0.577926592784018,6.07086494743077,1.88417269708737,1.70765080810567,-0.716976980541077,4.01264117995593,2.87912825301604,0.626612288293319
3.06521016662311,4.06258540427248,1.40856564469761,5.18144676985651,5.96976253910418,4.7313026571159,1.01887194754708,0.619280079180944,5.53108954677481,4.2524027062999
4.32259731734081,-2.1134991371018,-0.492011639906234,1.11157736038125,1.63443901389283,1.45634492043585,3.77213154194144,1.75352392362048,-1.30592372081781,-0.599339925851277
0.558346409742464,1.06716071028188,3.38981385973222,-0.184504866537945,-0.73913533465236,0.807152532214146,-1.6055539617835,1.64525819474503,4.1915221424937,2.78155364905428
2.79635684264062,2.04690358764927,3.8750631398478,1.87701922678951,-0.674531641980866,4.14992267790181,4.38527974103474,3.86544600990716,4.66503422866353,1.94821160085987
2.87615355650697,2.85054388683122,0.689721385037138,4.19489076130979,-0.979895454166344,2.9720325479334,4.46753970502835,3.95966945027941,-0.279379628688344,3.37748461766086
2.2502506935755,3.15978704336889,5.09936083563097,4.12711105973362,0.933725596429876,2.46084050305802,2.95888569439843,4.69183531201556,7.2775326239105,3.31488549952324
1.90766267575565,5.30288058940771,1.77813225539191,2.11207814678187,4.92791703030118,1.07063600382852,2.06554025241433,2.5813487348961,0.511732772629233,1.6059695069355
0.652190773467965,2.42166966247384,1.69434133378291,1.59928730161561,1.66201502782396,1.79243110324322,0.467860500323648,6.18202138186459,3.80298215365061,6.12631564090665
-0.463886937830921,-1.04792624647392,1.07388581842278,-3.07822528028963,-0.11399139980883,-0.672869695288106,-0.215045454573666,1.64218808289569,-1.5352901224151,1.75348931005739
-1.51503576773629,2.27190499971417,1.96201227960856,1.15527363605166,1.24270730616869,-0.717068315632163,1.55441930659677,3.64528814732915,0.222655515023992,1.29099013525118
0.00693614508663067,-1.34540750222387,-1.95564823701398,0.782632908864329,-0.719287951150705,3.11353614517087,2.37044186591123,1.39092930781729,0.886982909288098,-3.1727980899519
6.75486068772142,-0.596147311394587,1.74472187232595,3.32847665490337,0.226499112249485,2.50662645314874,-1.15880898130767,3.51982319538584,1.97463347769172,2.14761094835708
4.94448450954495,4.15391383646299,0.726992498916216,2.36103379025428,1.44674654138956,3.60706368312582,1.3601833120172,-0.815735189803689,4.44669481329603,3.20383638550056
3.90573670737339,4.00663534412359,3.24223821233197,-0.413386271318701,2.08165927103455,1.76512697449834,2.41309396513164,-0.140889095917003,2.37790399674467,1.40781264929716
1.97958342309344,0.799116735394082,-0.233508882228496,0.788809126324119,-0.0112216052394536,2.84536463001143,2.16897471020889,1.02685123150025,-1.18949386962463,2.98947464442024
1.26154853361689,0.838931206129136,2.02378687076706,-2.06362544855434,0.544022438206617,1.47879914963726,-0.477796162664013,0.909307062367163,-1.96835513152222,2.08576421048537
1.23629010461183,5.56539228392575,5.05635289347449,-0.385468873481502,1.90584801606406,2.32768463303331,4.68151906434562,2.79422410932113,2.82048803707262,6.67170150772258
2.74854891927131,1.08317480926155,-2.13457588279026,0.108388298272923,2.60317802653191,3.07535110951832,-1.33982791112198,2.6506085762745,0.38191546503347,2.4353562539312
0.547131332871139,1.47023431110525,-0.319552963507514,3.08120504047714,2.71583350175458,0.0518947781398037,-0.173354210753436,-0.937869422111584,0.841770626249562,2.50917327700221
1.91437865540584,3.70137816825067,0.785847170142959,0.693269177131133,-0.553653681826377,3.21589838936488,1.61199703488173,3.58666071993484,2.95745281159158,1.69926835181998
3.26557844158715,1.24216347623455,3.47095287958721,3.66039805543397,4.15212152483062,1.89449985506993,2.19041926199939,1.24899190710671,1.9096911222496,4.02504244819173
1.46233988801037,1.52986094304468,1.23035826553008,-0.367367481424597,-1.49480748417081,1.73977158079529,-2.33827067846505,3.22082918263972,-0.344961557599422,3.17302183524268
0.995201202978834,0.872906316635465,2.58185376033233,1.53786540318349,3.54337638607652,-0.751310070850743,2.04922496604051,1.27602707858394,0.774327920967292,-0.178589094316016
2.37991754133576,1.50720999925213,1.21323122949848,1.37017013172925,0.38125454954011,0.260563828973989,1.01963807318112,2.37736208728403,0.21702182303962,0.0251983793648172
2.11842284803765,-0.742826578290359,1.77679148839881,-0.834340503917564,-0.542805644917158,-1.13193298394164,1.83366732087985,-1.82104474784414,1.71431942947838,-0.607891892036705
1.54581814695133,2.67695931387005,-0.207872384582329,0.801011763574303,-0.673067011630308,0.701009917060385,2.89426293687863,4.92616182665576,0.125580117531499,0.795570317191513
4.23699125917789,3.64126599225163,1.80785714235795,3.23573114597278,0.618737597507933,2.71349690501567,-1.28776871181378,0.974651515138098,2.01237303669894,3.94253567729689
3.62640868175862,2.54364044010416,4.07213737762773,-2.25757868363627,2.23123795045945,-1.15717315802758,2.02177051607511,4.20266549280528,2.42087123544304,0.590957120568486
1.20543768581242,1.3749337647387,3.24099004972641,3.68497691986518,0.883812552407621,-2.60021181510881,1.05246916139243,1.09204441086881,2.85580068773351,2.69406373767596
3.2099389182292,2.08441041437551,0.425138695897776,1.84551101896393,3.58946334208963,3.27418544008093,3.50761505549089,1.05617469347771,1.75594679535588,1.25014076976854
2.06917844555827,0.680690144293804,5.13539685423653,-1.42303005359492,0.30846999768727,1.7965652336832,0.184823000864873,2.16350729846173,2.61932184335472,-0.420569231266709
3.644601631806,3.56476933667848,1.08066685139101,3.67157760559195,0.694272942012971,3.89582658877418,2.90520426336094,3.00739494698861,2.31297275503814,-1.30280427727276
-1.64795248454964,0.125413394762583,-0.831219945465124,-1.70474780278529,4.13688212151132,-0.178021093035801,2.77603357198158,2.12643446224289,1.72606162031679,0.862418485695128
3.58179200640315,2.83033755915239,-1.57068813882785,1.86989889046774,1.7042670232333,1.51218665772455,0.215665726809881,4.66053332762637,2.00180462111439,4.62401935369096
0.472527204527535,5.77659557064861,3.3707650433329,2.92278690889968,2.52897131829079,0.168129664529618,1.26540509904388,2.06768428540921,2.32161361738202,1.62815928276719
0.609361456545596,1.96308662408007,1.06624801951671,1.20573509485203,2.11634588321587,1.42573086620057,-4.05311400227988,1.14600377610617,2.74907931176823,-2.80334775972634
3.69430665765887,-1.98155933185248,-0.00922889067080601,2.05529847115059,0.0693149323958951,1.22288416524554,1.34804806083371,0.75730579376011,-1.32735219865545,-0.591602113507144
-2.13912930713223,3.64473289549573,-0.0376679287718813,2.00369205114343,-0.4149688231313,1.780092374075,-0.783064901298511,1.67547072218866,0.0604680487567222,0.648161861335272
2.44044885858834,4.82930403835323,1.28018183324996,3.96037760283471,1.78315882302074,2.80969768024442,3.01609893671292,3.79880836486946,2.62573083673577,1.07596868814117
2.54123694209714,3.84729086160861,1.29726205405092,-0.381112970311479,1.72894026270338,0.997092431425412,2.23007673828036,-0.369554243218754,3.61081500097955,4.66997028655213
0.98858432981686,-0.527775105711695,-0.282164574570203,3.34231804763276,-0.986956518470677,-1.28987590940479,1.35414139759169,-0.229913517773357,-0.132734992962647,-3.7875184499
2.15579478183174,-1.5699706366316,-0.889230140879163,-2.30176231353995,3.38425782964236,-0.0812821834789119,5.68742767666921,2.19128629339869,1.21944550695646,2.85266993682486
3.3360960142375,2.72670544122319,2.33285325438976,1.7770273871402,1.85464465937195,2.69447299085635,2.76886154289903,0.590399556649808,2.15818383805719,-0.56037921426841
0.821575657560412,3.99944374764993,5.13815705592535,-2.27255753095251,1.1417949936186,-0.930119931117108,2.61516820651007,-0.0680199839625897,1.78456086912861,-2.3008489212042
2.64224948730009,2.64607727888719,1.3969199251926,1.15284534413987,-3.33442025638694,2.33834524915792,0.34996013413597,-1.73585035959788,-1.10046570261712,2.57902599743086
0.113509465374615,-1.77248807808588,2.89130241105798,2.15338673091177,1.68046345665781,1.70754164820018,-0.172453259532992,2.32496946162957,1.72311539294873,1.54061802938127
3.93620447237568,0.4433283903164,2.54279270819476,1.35324452198082,-1.3818552452241,-0.997279070449258,2.37459964601827,-2.07119811409394,-0.263182200383028,0.08126105367329
6.28636175736279,2.73755071140348,3.9902444789438,3.38299409460102,4.21272470045678,6.81082419537029,3.40181054187175,3.70260903396929,3.9041431159708,4.51715242229504
2.60349140792829,1.47519871861649,-0.33169267741363,1.5742370503825,1.53251534600224,4.4162523015435,4.61230264469569,0.800536532160683,1.50329111402693,0.896764768048883
0.700477225050754,0.449613301296394,-3.10822058431297,2.28979979304757,1.97996972351588,0.557561597421804,-0.720687442987054,0.61005479890343,-0.185932278470552,-0.947751830634222
-0.511680462278893,1.99270400265737,3.21687871770564,4.49324392813351,1.40477481495001,2.91778818766291,0.719367517134435,1.27159964018512,-0.332982765815983,0.58711828417853
1.37723983889383,-1.2489198856327,0.642579945396504,2.05600453222579,2.17175512329035,0.421856960526429,2.81792409545312,1.74448739405605,2.25783536306796,1.67899385774132
1.94697829820636,1.10983600677724,5.2368639713024,3.8277364775731,2.61088475549588,0.509431206598116,0.924233094338955,-0.66521648849771,1.35689212551707,0.897525480753388
4.25645353780498,-0.409633267615964,1.2437194107623,1.65449117819742,-1.19669264199931,-0.31776403858555,-2.31310106753776,0.542265560450019,-0.981773124864165,0.750264979466375
-1.16818275938603,1.08256572300097,5.80282189467431,5.30529074597838,4.10782798918595,6.11213175232263,-0.102984983622162,2.91279738156429,-0.0355047570956737,0.256075201823009
-2.0846407276057,3.36190171059087,0.761446107198387,2.71665982354927,1.89268708066868,-0.699801726914137,-0.0921723591889367,1.92996276222368,1.54205565270355,0.211005092092829
0.318699836280955,0.366719254374963,0.839123979606922,0.216590771364189,0.748400208912229,-1.20736213140022,2.65469470997464,-1.16596222689754,-1.3396023181108,1.56241373781795
4.18258372579579,1.20320364942106,1.64612486389177,1.60455345224399,1.09293256074435,3.65993118947581,1.37843919870241,0.513731487025039,0.460929548469971,-0.473425865549383
2.61664600800542,0.509025929794042,-0.891797952955694,0.352971151329624,-0.650295689834433,1.67221379912611,0.932425753079994,0.94916577381991,2.40094972513355,0.572491914168095
3.06654283876585,0.698931163762712,2.81296061272398,5.93378221010566,2.47019308852326,5.43162544156236,1.0645403877245,1.29602929903931,2.42980094227155,4.38403450881265
4.72890573132228,3.6942555052082,-0.564725594263987,3.81925086891698,1.41794136102749,0.178906344061548,3.85958153531654,2.78072340184957,3.85917257802541,-0.711399861332889
2.84053954952732,0.527079555159385,0.779288244649022,-0.574903853874844,1.61229389141313,0.942219390514458,-1.45074044855947,-0.237818426668385,2.08500248167828,-1.23696480815964
2.10553611228515,4.67615928832867,0.454529656698374,2.9332465102963,3.82299056031846,2.64094043252245,2.53214528800305,-0.347091945392622,3.01044293088022,3.14778001526459
-0.0147493054484202,0.0754425452930293,2.14241125540234,-0.591899898024472,-0.718083990665419,1.20352098809963,-0.679104904853465,0.402176113261508,0.572530338650888,3.57953707948901
1.25136735656835,1.16269539278068,1.50054909658724,0.84780421677512,1.6869932416554,0.467508120002387,-0.00929600060718094,2.20747914279709,4.33833090062277,-2.80602119706963
2.68120138586729,2.11195941807121,-0.193569929490359,2.36045814619037,2.35004208191958,1.00481451410415,2.28201605374836,0.159230663010504,2.42105354375975,3.52596195995748
1.48542139359568,1.09502720180306,1.43823734593677,1.06590315019546,3.04197562013974,1.00911888324204,0.419785914600099,-2.88386446998549,2.37245584762229,4.55247533701181
2.28233155574184,2.70293394182542,1.60832878376032,-2.94482412238478,3.21761576479645,-2.62442521349934,0.552314370589165,0.80910991920481,0.19517614352999,-0.739944529789926
0.217183078078978,3.89859232311582,0.357811775340437,-1.43625111857621,-0.314612072551081,-1.69229497022302,1.65357663107517,1.34528407021919,2.75449172122304,0.479475214081681
1.47617930465898,2.4946652253058,5.22407057809259,3.74329893489572,5.28273042418036,4.38133547411376,1.48973608253131,-1.7881111276233,5.53629301168736,0.85142975160411
0.888903568963715,2.09937165916405,1.31370708268874,-0.141008236593283,1.9939881911818,1.90272280472012,0.511149948794804,0.604295447330837,1.54758700589806,-0.552733672950833
3.19769734498225,5.89140103060507,-0.179884946684179,4.71470075096641,3.22671792253846,5.39365842508984,3.23767264216962,3.63423387433432,1.39088490909912,5.07034788172546
1.36233000099354,2.09518732042042,-0.468298765566098,3.62478045062645,3.77087043365097,1.63042191647618,2.46879253288312,2.67708789062068,0.386618829185051,0.00225020453789648
5.99690662361753,1.58404257698085,2.71628336418627,0.460744360151974,4.75014683650339,0.680659741834073,3.20496909081438,3.75277684427425,3.68751395158632,5.93091310325942
0.177033127293609,2.98787284847466,-0.0419409182412194,-0.598477376806026,2.76643990759765,-1.04976221400147,-0.296258705628031,3.43659188241646,-1.37304512950367,0.752766686333563
4.80829520983854,1.16964428405342,4.18960700782676,-0.871366916157573,3.47942738309385,-0.640324277232311,3.47306163784705,-0.558246361588531,2.3723864522522,1.81795393091878
0.0970540049526107,5.15151584883182,3.3566357968651,1.33978999808876,5.1375636528493,3.81496373611653,2.86889811409076,1.68314490252735,0.683656908327466,1.4019501626241
-1.42439676052812,1.96439570021704,2.93863325581503,3.34913644731156,-1.20592845900411,2.01737899987305,4.99230922090233,0.683149778717794,2.52225787750081,2.35827717520832
-1.99088483954923,0.275302740686323,-0.0695858684485962,2.60097284797458,0.740566927565004,1.95358689735532,-0.964799783858902,1.25026817440515,0.0449199360628542,2.1593781887507
2.69721650731338,3.52087392490687,2.43603507495327,3.5356249694905,1.07811650726486,-0.0384198614860538,4.03354263416706,2.47997749163863,-0.0216271011984164,1.92440813830761
-1.50148464460701,1.38563083561358,0.117567881470979,-0.305329669570064,-0.194303880147793,-1.47407296966498,-0.766882191616112,0.155335927898408,-0.966715562255643,3.90135680395512
1.93566115740866,1.5075965603546,-0.726207579800524,-1.13012184341198,1.05975319305493,1.97923842866122,4.10491676939895,2.61374586404398,1.85346558456621,3.64590727522729
-2.58901977375734,1.41727181688291,0.0125567481804068,2.67429917973942,-0.432890756079753,2.96279175179908,2.10543878592041,2.0004276308426,1.54832272140552,2.38533729874465
1.96225606782141,0.420738787840192,-0.712605305511189,2.21885607320488,4.15916591689124,2.95245586248088,2.54363244399246,3.31281119374038,4.07981409312159,0.439691041724746
-1.4646547305567,3.31247473889016,4.70650767121919,1.8843405209835,4.53211413376135,4.10306963259899,-1.22328968314942,3.37698345513499,2.0326922525112,1.29031460686747
3.50439598727599,1.97660929228236,4.18419802829018,2.71915576012891,2.63005606612521,2.40741073745526,0.310357453401509,0.779465828924106,0.524642837573673,0.367959463197209
3.1783581028113,0.260232207193287,1.20467677314018,1.14329848874479,0.715769208126855,3.38819301789768,2.49753833595674,-1.18965928106817,2.83755654975783,2.83204799608846
1.25887014241391,1.05865031058243,-0.315030523833691,0.824423299827483,0.859362289770927,1.93573136432685,-0.614496510212457,1.41157068729051,0.271172162311903,-0.739955377949989
-2.25642870741188,3.93431108111895,0.565516372899566,0.548425742914387,-0.534822382009136,-0.493872228484296,2.39130035707304,1.51603584136504,2.57019496947614,0.640603000488852
1.67044201065537,1.34262635539915,1.4550596191835,-0.05988152264885,-2.42020253368712,4.32837358632945,0.11287921838108,0.532749701802799,3.55048560312972,0.492989623031021
-0.183505977064127,3.27901346075624,2.41821869000645,-0.703146722228245,-0.924169948225089,0.684636601948112,-0.132168338807054,-1.18178331742563,1.46592224684705,2.52600775714865
0.148854873142185,0.532018115145427,2.08090089672652,4.4902342538605,1.31808376973078,1.45034108541455,1.21305651068384,0.992342515075434,1.13272924033966,4.01739033941259
3.52508836339283,1.37892096291859,2.46963442522968,4.33575017569718,0.25962877557415,1.47857080917941,3.38372328674944,4.7905564526421,2.22277025968034,-0.788020362181228
2.28225900940905,3.4780905256847,1.21860774746123,1.8942964647775,3.27999904711924,0.521160540544511,5.19425038769582,3.53192299467366,2.12049809624344,-1.53935914771437
1.44088777520943,2.88200367734631,1.81965385868997,1.31733738646868,-0.438587007174263,2.58152227571167,-0.0811508886001491,2.46068706099247,5.53247990639798,-0.203840866869542
0.416142938257046,2.32412353624745,0.840224590386495,1.95798193559769,1.18653291077511,0.887658574112001,1.59324844475509,-0.70498639395202,5.49118541559411,4.18081451931636
2.15699940915989,-1.66222859268951,-0.0129126639555306,0.183218317270365,1.62088776092555,1.55046734507715,-0.435235546069957,1.23412794255043,-0.655606969667599,0.570800214397622
1.12598499810546,1.63451683317428,-0.469997743397206,1.43911075494147,1.79573603833469,-0.291674483933544,0.822116361512644,1.89928582584822,0.776255773365699,0.0807478349202764
-4.2053400892475,0.20053888026944,-0.61758270189304,1.64913088249682,2.01375902421019,1.99279324843328,2.10508785319118,-0.0101983557513194,3.47270860827323,0.80337825582002
5.30868830630262,3.70465083045326,2.7256504011179,0.49832753311764,3.07469965959937,3.6473799516351,1.90676318899817,3.59578364463107,3.53658634624146,2.21466629421638
1.03328186999382,0.227274676224749,4.74740666214475,1.65374354677152,1.26836009301929,1.81223078684715,4.7434302918388,-0.0929221447013755,2.37780611988747,1.11069501357873
-0.117206474900223,2.92616583673524,-0.173824813781221,5.22284440808861,3.69565456986929,0.19169523913594,-1.23124824953006,0.291295634219149,1.03029976466062,0.290173826038139
-1.50120853597663,-1.84833404743624,1.70642611472196,1.10762121446133,-0.783533632245739,2.3292876252362,-2.79211006271674,-1.99504456942137,-1.18925925573717,1.9731699342024
1.59274096414308,3.94688072975759,1.61508438314979,2.9496098311367,1.46426590760386,5.94460292628703,0.079321172445292,4.12993667761788,3.06350669641954,4.99818462321386
2.61004416728487,4.47554036997323,2.55000801507663,2.34101249576485,0.217316169917339,2.47711264140148,3.40987309831557,0.427876700802162,4.10758380035891,2.01843958116993
0.880310670468201,0.614484561956338,0.850732346395165,3.65703825218484,0.0202372631667271,1.9407363826615,0.734379110204628,1.54881489749991,2.31856723597745,3.51190219008486
1.15327217200129,0.968374998747625,1.60104870590601,4.30797086859885,2.33806674392539,4.70434725097076,-1.46335823086221,3.21736512806414,3.49851319763487,1.11774247814766
2.72631482366066,2.60536364519564,4.20777771589234,-0.460930482314713,2.84153875205215,2.95938808226139,4.64942232246733,1.90570179910136,0.32145182183115,4.47998538506989
1.92984321121793,-0.776675286002722,-1.85640373395888,-0.198148783734216,-0.93281946756722,0.97216512552009,-2.28139633977902,-0.721231029623408,2.54679629084103,1.89466144958684
-3.52742041435843,-0.820278416252807,1.29688276652696,4.93469214818241,4.17005274091995,3.23861503442688,-1.16661746994433,2.8033319522414,-0.456145944938441,0.634985323442612
0.780241654468977,-4.20080697446295,0.98120443735221,-3.06952916851117,-2.6237279913701,0.998450661125979,-1.48922167731909,1.08738095513213,1.12889383003273,0.795786096007446
2.97943402132601,0.279908499218206,4.39209277339271,0.767355016798182,3.57282523078086,3.44229854260688,2.45678256479511,3.0617826298771,3.76320781279498,4.08621762640799
3.31583720406626,0.955217136730685,0.0168975247387331,1.82059668808406,2.42414325831288,0.503810062156173,5.72409418973954,3.7687819011602,3.55856744322291,3.80127592712634
1.07299684056407,0.258918999342525,1.98519783386154,-1.12246994639245,1.75211201347069,0.754931658112629,-0.0700207544020393,3.11947123341272,0.17303792045845,-0.651222014302063
2.8754322383372,0.703105902569613,1.55366930314988,2.53880179707228,0.300375178457987,3.57808418968379,1.41855868826024,-0.0825728399796697,5.00133290987071,2.92293779947938
0.0796838204875159,-0.853294005545511,0.640421046520102,-0.109724341398477,1.74931828323079,2.28891253249897,-0.90127387048049,4.766869127067,-2.65723289610355,4.35117440581986
0.36891233214534,3.07449714842286,3.04091564745091,2.54225946825826,5.39887037571841,3.0102002445958,0.847741201167977,4.1809304628277,1.97417299388222,3.88569268816225
-0.501897165762909,2.34300393171431,1.29848939027323,0.78028725906754,-1.96121236279998,1.67591896424855,-0.832595471745495,1.55964634481826,0.974319655004148,2.32327226621373
1.33111603699371,5.66005901412053,1.07914312292251,3.21440380926356,3.32115039553089,1.93928896110248,4.07302796677035,2.2709298870162,1.75255628791375,2.98882317885543
-0.646887399918047,-0.32304432434478,-1.01243401226055,-0.372559521449462,1.14645160969143,-0.425844047513787,3.75507385304557,-2.36325104404381,-0.137193809011778,1.54372134935401
0.384427739523076,5.82494429514707,2.0284127971878,3.19752816225264,0.840478455993747,4.6783072649698,0.447882419267388,1.45183907228039,2.63392543487079,2.79692220737387
2.83049179033067,2.77689583844146,3.2046111883642,1.31160155487314,4.5307880325348,2.02721277138527,5.0418224327821,2.37743111805575,1.40628667066745,0.626461234068788
2.44508991210162,3.57326157493197,-1.57091208347685,1.32682914174743,-0.864955270526667,-3.47490333078802,-1.64465664173819,0.27465833389333,-0.63025371555434,1.46631713842678
3.34193593389831,2.53874759094753,1.139014454136,-0.803798573757236,1.25220461418062,2.28110184720642,0.613213902791344,-1.76300519087746,1.05063762786336,1.30110213364072
-0.599574502769384,1.08055768371648,-0.227912282686962,0.191565003740071,4.49549096046922,2.04385234799013,2.63849084158477,-0.94406059186182,0.582983684610042,2.29816633668843
1.45957508469637,-1.02062453022817,2.64922952768843,-0.00840236362672631,3.75475166973592,0.92278316485075,0.648745525444912,-0.337058583928102,0.928311230374535,-1.21726063030736
1.59401207372531,1.4633491796186,2.55287176962668,3.80914337522452,-1.21293374743119,2.65919638654278,2.36774238396594,-0.732526809948635,0.399098289171204,1.60555001763587
3.59770412994175,1.87467347182047,4.40695792302806,3.39047934298036,3.4440914735808,4.53228291146344,1.89068970781528,0.474841335952145,4.22561956944338,2.2381171641381
-0.651532032053882,2.58908161177634,3.05472107816858,0.95121855736559,1.82560401035806,2.4912831065771,-0.31352102838035,3.57278819855399,3.52462182292087,3.48018588868881
1.50239980810668,0.715890088901404,-0.91705965485405,3.05836046287911,0.898664506893101,-1.97194068128229,1.49638761294845,-1.43440592238105,-0.459949726019976,-0.14715651342601
1.37920006488461,4.70518261620565,1.81329377851168,4.80427433948278,1.98537079281037,3.04137686665246,4.1021327349178,9.24632102106535,3.57737448267288,2.64843944000231
1.2125473106918,-0.0297854008999932,0.981110248872155,0.665467926996146,2.5879229769203,4.18255392879651,1.93593032124381,1.42656748449988,4.61133936511288,2.41977123141007
4.16890515685532,1.78296731137656,0.518332239166987,0.616047015747494,-0.169033923300202,4.22716781697855,1.01509589106009,0.213902807216845,-1.88149102732053,-1.53264735007206
4.27000285039113,5.37097114284917,2.76830542763202,3.27888783147826,3.91821802137487,4.00992830332557,3.96171316410492,3.59951479733557,3.32331997990478,4.31133033213151
0.481830273398377,1.32461146566634,4.7685202586063,2.12974826215756,0.443334799630167,4.68209325610056,2.51913712634756,3.83478529798652,2.81874726351495,0.42775153945069
0.703428072556341,0.0265411074522927,2.45144905914545,0.333089362665187,-0.66190697161785,2.48444880997135,-2.97169871582434,2.34165757090287,-0.807663442057281,1.38547372999484
-0.628922178668866,4.74644528335094,1.90719506356984,1.24513688656549,2.03579192195432,5.79195984433208,2.99384646701351,1.51201252332738,1.5378762111246,0.836295864057073
2.72933241974515,0.898749820510299,-0.574270621403671,-0.047351613674413,-1.18264600006371,0.9198640334213,4.70102895298591,-0.130329012188795,1.70187902008631,2.862556095307
4.70746823989291,0.272691103399788,-1.1198932833363,-0.311521852189612,3.01655083392465,-1.76888312288509,-0.0882844851835275,1.54601196986397,2.11904846010349,-2.27939238888176
0.589519902844347,-1.85286484879398,3.21284839844806,0.364957244713691,1.09786068836371,4.16364125328553,-1.07240724119135,2.14436098425605,1.61231915119752,4.79219082807774
5.50849956227971,0.672161145270747,2.89165568262564,4.67947375578594,3.74818745855355,1.56781040113653,5.32090628807188,2.98198784130374,4.4624042543483,4.10131126915328
-0.173651249203939,2.02956958069058,2.37998675544904,2.03684844514257,2.02958636389885,0.18692912106997,1.77871318736183,2.08594468295672,1.62749891104771,1.60986871291878
0.764762028677779,0.916949969593727,4.65175774716418,-0.379537209730408,2.81413583136021,0.282431516033054,1.12260278747695,1.43931078605129,1.73129102371081,4.84915764610782
2.67854707812567,-1.09136623784117,2.01336526056392,1.50309472068102,2.09035000405103,2.87017070980841,0.28838184566814,2.88559215828584,4.90299172938155,1.09884832487963
2.65092562082743,-4.66896428824809,2.06994517192786,-1.32152439163001,3.045365110839,-0.247252743671931,0.0339391481866027,1.94005263303985,-3.39699955425052,-0.190916022044117
2.50901245814168,2.80246080284506,3.15900519140475,2.6384992792893,1.45659863609853,2.69853873634858,2.19264004114581,3.93949419535146,2.8330064563745,2.92994260611709
0.541695312491561,2.42160037189646,0.863061180178132,1.01564517167942,3.43399810076981,-4.14384724295388,-0.824004529641702,-0.628873300624316,-0.577562726951875,1.1140742603843
-1.26472912691872,2.90360654277883,-0.999419453904906,6.0308988601217,3.20097091785866,-0.972354896141562,2.20223720215392,1.05333049619089,2.21240396912769,4.36041404336426
1.86064603490916,-0.342212337723137,-0.866814440044994,-1.35426476196108,-1.65627066756314,0.948403084950028,1.95330612777451,3.99439983096828,0.0735853891463819,2.45472211752471
0.655034818379154,-0.0397070718938822,3.02592313230545,1.54381621601281,0.92214577723773,2.82291427562376,1.72682549806857,0.667859461870928,-0.579252383107049,1.54476710452725
-1.66255299441169,0.873767793341024,-0.57515581777612,1.20018177772839,3.34559737999346,1.78592578399883,1.19698533018986,1.09094590683307,2.09250171017097,1.74967935819279
3.5450175846917,1.45864695620461,2.12592773556159,2.41854011571625,5.03795983005334,0.570382833202487,5.33168515330535,3.27645991996223,2.18543959011861,1.98629963282382
0.810277922030545,-0.957889775130253,5.43038500908975,-2.76980255179419,-0.0184634145616018,-0.391919580732982,1.10584842475835,-2.51083616772105,0.501760858305145,-0.0646395742921029
0.787466289814756,2.21001657144977,0.40587791445521,1.38618747171227,3.50855043774036,2.10731087303873,0.0466734304917479,-1.73207966663745,2.5293572893486,2.33366185989981
-0.156353595680933,-0.127355641481617,3.82008428251945,3.47883305172457,2.08570667031664,-0.284411510613231,5.11893364905817,3.19664811879478,-0.240782716642332,2.58447336040283
-1.64867383816827,-1.30352468292384,1.25971409786005,0.80197173137211,-0.202851041336509,2.55819262151514,-0.921058109885507,0.601977399946283,0.519295353333835,1.34550079628061
2.33292096198832,-1.12394501142881,-0.253640206311645,2.73018847891701,0.40353516425167,2.75367178719308,1.3977710575147,-0.291364532184677,1.35712625544398,1.48912533012164
5.15549095687886,5.39799228325048,3.73982669306894,7.91306266347577,4.45718042603247,2.63151427620943,2.4616877470311,3.85098341534297,2.74338450843037,2.93870647018208
0.29269128179698,0.498200692902516,-0.197892670685671,1.2110710837617,-0.273388084317539,-1.25780911929463,-2.30727925334369,2.43201979827059,1.14473952395781,3.12075323222611
0.643537585810845,-3.24764458664086,0.062105930729646,4.70917631651256,2.63456030976796,-0.622500618848486,0.0978289967654752,1.33736236097425,-2.23051060463043,6.53640516230631
-0.101140769914303,1.09587120256101,0.716128026388572,-0.82195583068945,1.53023666669552,-0.585533870108822,-0.427685793755543,0.541474930808178,-1.63866668670252,0.612802816524563
4.84274342947315,4.43116491512384,0.529976835487458,1.02748395172437,-0.0395020498233047,2.0958111978936,3.96760710209454,-0.53721707924,1.31647834571868,2.98022591890587
4.09245663028624,0.137139220761187,1.63075891554991,2.06737924242542,-1.86790754862423,-0.191527094949876,2.00694073893372,-0.0848431041016757,-0.306990705605108,0.836178219078512
-0.535044328679745,-1.01083541850074,1.79535363046495,2.37733545737964,-2.73940116523252,4.88359305322112,0.533671464818707,2.15760072170142,0.94176288064884,0.871509303936231
5.51832784090102,2.62934097364228,2.93149678731369,1.50962852586397,-0.329646398224537,1.50713976635144,1.74924534168853,2.75679451366576,2.96475564112315,3.70047910247418
2.01565995316301,3.33826673644485,1.83668851908116,2.74570077063544,2.45879729664253,3.57021553840461,3.72707364973696,5.42541511562869,3.24042026917175,2.23048872496632
5.12399428069346,0.842109805617031,3.03465249787378,-0.34682547475244,2.32925426169729,2.81153512463521,1.41417156051848,-0.0712541153734851,1.03780534274218,2.49809404911199
2.92452658694645,1.25100700882616,1.15482969875419,0.516225756942067,0.356917298384165,3.92411513245661,3.0089651843437,-0.436758801660989,3.6112923818378,3.18358524591946
1.61554040342604,-0.413131907064552,-1.5536470658863,1.69413714876226,2.73705714636064,1.69157706910144,0.949369047748886,0.959998701651761,1.95258859065349,1.81108575481401
-0.749130908699802,4.43046955188546,5.73729225386014,1.89484244115962,6.73189709364863,0.682679899213817,1.17562426576127,-0.784886029509257,1.18045171215934,1.97812451729267
2.20355707199773,2.29259154433288,1.13935786903375,-0.50753539364759,-0.906668879137783,1.01136782771325,0.555227748890644,-0.590806543912158,1.1773420374216,-0.0114707574040507
2.11664049390869,3.42907545412829,2.1523475993471,5.35005014853424,3.32248081819282,2.52899149974478,0.394172414553508,0.337341873000925,-2.1072093137295,4.71257752576514
3.24026600764267,5.98392223584656,0.349878084083582,3.44100918303149,0.73028981981409,2.94789668731426,2.64519748443376,3.28871948840811,2.41054856653018,3.40991171429361
-0.284315800841013,1.33963434639774,2.96608570715042,1.63273375638025,5.32133493747354,0.589967209172545,2.58177745898989,2.48899519879748,1.70809419294861,-1.24268079553543
2.3752461895206,1.97233232672468,2.93295397150918,-1.32916974508563,1.4511014765146,1.98451231432172,0.198392585877986,1.69689843752557,0.154996899393964,-2.08331376338572
3.22986082917732,0.0190925792383108,-0.140649514096036,-0.99593596993125,-0.803945469601455,0.810131977912064,0.63197715423219,4.09812530259067,0.274987550936658,-1.35189119673641
-0.289173842965256,-2.06434564113314,-0.888418873328459,2.82351169778946,0.641205899789442,0.496203386185993,1.85452815729283,1.59004145713144,1.73999429115225,1.29162046608944
4.23301752065832,5.91434081150254,1.90823615550041,6.32898135770012,5.64032731788388,4.55303982746685,1.23871886317858,2.51323773934894,0.112345435071472,-0.263052772646485
-0.266619744927363,0.515267654880487,3.02245760614224,-0.939568667015583,0.278433472459519,4.06518005058486,3.75774612328219,2.64915513870387,-0.0397518111549766,-2.22101441363606
3.98419079066439,1.0822713231051,4.49136423105058,3.26665311626192,1.957005525147,-0.0373145533912171,-0.357205099560802,0.973270117568661,2.99807017119232,1.60219803914422
2.294864927741,-2.02088089155616,1.20654207214723,2.74096217337533,1.99465630545992,1.08040557086886,-3.00398670021588,2.93553052713456,5.43585776004855,3.04523379254756
2.93129986084386,5.04874181282733,1.41152149414526,2.06160975304757,0.390700692807331,1.10570016606255,0.116802869183522,2.08403617188154,2.90217111210433,-0.603063002716
-0.331621648861458,-2.47788345402149,-0.106062942180212,3.63811336658308,2.59481036320421,0.912660172520653,1.1848830142099,-0.138186463982447,0.127339865662115,1.32090598615621
0.197677418591222,3.98046698807236,0.660859224847078,2.97985519616746,2.45714191227099,2.95683805964293,3.79181682909342,-0.634671661213068,0.250157018584339,2.49577954388379
1.77801332499709,0.857826292577653,4.82962766440626,0.872789021418795,4.97264542670888,3.42335248641291,1.16196026197183,3.50038761886801,2.66344245607634,4.68993552304873
3.20507116458263,1.66300825782181,-1.99215671674122,0.468149029962216,2.90197902307823,3.66986472548685,2.28871438296205,1.66796148263742,3.75455005838649,-0.5940000180327
2.12935360840118,0.0527884377575465,2.91164118149176,-1.48920969349772,4.31742756943308,3.95288383017836,-1.39759738327071,1.5598063079528,2.67420959757199,-0.356364004992638
2.25049534837696,-1.18234575551842,-1.07103501133595,-0.845326515079775,1.34304401478092,2.05181342595999,2.95773961770085,1.10843365593668,1.02527729220018,-0.953366873434939
-1.15491967724854,2.92762398527644,2.51381574960339,-2.32896530911841,2.11002708441663,1.31495548976544,1.03775073869364,3.02888874931674,4.04009586952543,-2.29884815274777
0.0735757843575036,-0.449463720618026,1.8848228696146,2.9871725047483,4.08053158896043,0.35419380447022,2.43367801537363,2.94965130490587,3.72414220595862,-0.245931292118587
3.41534621586031,2.4146126824034,4.66386279381172,1.62486471843547,0.447153227266138,4.10857052944301,3.06980354275146,2.57222563493536,1.22587020416647,0.736067293578139
-2.75901632703366,1.08669047156523,2.5382487998819,1.9209674181459,1.32338717522563,0.955665245978187,0.559248195096068,1.61335329259127,-0.175428302692969,2.97343622486522
-0.393087171922376,4.65148279970415,1.84395985552648,1.50170557414076,1.44131901923032,0.791874443216422,4.04942309853376,0.59111095444116,1.16412541290584,0.830321429984034
2.96927142547619,4.34692022083329,-0.000555482899790682,3.21313989499243,1.72198696531031,1.35497131012944,2.40382217271288,4.54034143107901,2.83360528246282,2.01182371432307
-0.839366164555364,-3.28914838797333,-0.158022126557356,0.693303553633855,1.1502385036139,0.0393541742203771,3.6694019475262,2.08451095834438,0.165002792796941,0.239372720564195
4.80132204398772,5.47908121718118,3.97298345532643,0.888238508743315,2.94236995626839,-2.30556721413082,1.89474680853305,1.86569830724918,2.48779435257032,3.04096617283372
2.21968794248379,2.28596032770785,0.40455094946186,-0.177730847240398,2.79480506470884,0.153811491940948,2.64843838971415,2.05773742860401,-0.587197752481558,4.61572888950712
2.8759793123428,2.73419451218507,2.86336387195927,2.90155171079321,0.597449572792941,3.92141578273504,2.73991254740697,0.903208806907149,1.38405972670151,0.270424364231992
0.10394471858932,3.24602423566399,1.88879415729688,-1.20440241845454,0.612508472086705,2.6753925899143,-2.19597100393531,1.94410113643272,3.04500146083476,2.39737827300773
0.970848410150377,-0.906527681169143,3.10700635865206,-0.299342497307254,-0.0882722747519975,0.766390849431837,4.67813807413096,0.965743820162604,-1.72089803537171,-0.357279696273564
2.71971612597436,1.13222717781318,0.22281692516162,0.904725369280489,-2.77287014137313,0.804117777896041,1.21600601498805,-0.313730182556758,0.425811408125009,-1.36109310420229
1.66619708986329,2.15953761664583,0.89665551295721,-2.2731507972178,0.0760822608393614,0.371589951185061,1.49572945681963,0.710199227630253,0.105267880144501,1.56080682379326
3.32673059740195,1.99820303273027,3.21009252921669,1.19718113203553,1.90171666631304,2.46832009471343,3.04902958768332,3.21508530713126,-0.183598371867494,4.32570874416033
1.03399984445052,1.02727713554668,1.27696897868853,2.9046862915744,2.85727300461021,2.36065765063555,4.69082599008594,3.99591180108109,2.98218672485931,0.158440421121378
4.81156088495376,1.8187139011008,5.38325600816619,1.94008925351516,0.989672534405502,2.39769582804466,0.178344439801763,5.1050370119158,3.37615568585969,1.93305997758716
-2.31630828576957,2.0387485617097,3.01253984014188,-3.46743859101361,4.73266039329674,2.77250091358709,0.994280924637946,4.58008400077688,0.93146819421019,3.76281623075616
3.0135170279779,1.57347623509108,-0.116243368640252,0.326530866626837,0.88913697193729,0.933763327725835,-1.02227462358814,2.44119127666841,1.14806224493551,-2.36186391842417
4.46553054818888,1.80480324771506,0.649539126561175,2.55474216981865,2.74516402780909,4.76379732291492,1.49904216961823,3.35440273351854,2.99798942905586,-2.14191031122815
3.40792152904086,2.15000505537825,2.84639933020681,2.49046157186673,3.80375082792923,1.93697950417442,2.73725921191825,1.73314807348068,3.60549420118504,2.51748627871932
2.59032560134784,1.93341538698352,2.89171045098489,5.29871887303873,5.30284324044151,1.94326128871766,6.02314478375499,6.62574131189617,1.11194222722226,3.06462701563033
1.97216522838029,1.78903368880119,4.49147184408597,2.30439042335482,6.07760783995031,1.69475294107614,-0.0369395284912368,4.86231367063664,2.48698619395359,0.0718978579057665
-1.32521032522255,1.99083038347578,0.785039479718507,-1.69425535951846,-3.73357559791349,3.9038406181343,-0.767165493621322,1.79443065166821,-4.38018636893378,-1.08885807371138
-0.969458238423264,0.242518260235832,1.91090540565774,5.55124415781155,1.04919922839513,-0.2444097868088,-2.18571917792845,2.90873216864542,0.941729561064325,2.98759763691673
1.44558626270248,6.48470813399054,2.99049486350714,3.10293296567641,2.61485403706664,2.76120325965538,1.23952601570359,1.98857521166722,5.33615609560413,-3.016196189822
0.297613691078228,2.97873868507352,1.00251380723564,1.551268773963,2.11461122563233,4.94212408808303,2.29886396897054,1.02745417294882,2.78783488954978,1.57371314120363
-0.606078599476027,0.153558323724467,-2.08961248281266,0.30198941917844,-1.13038742906827,3.52394998449389,1.83442072723303,2.53833958811835,-0.759163727251281,3.98920332738636
2.14876794555957,-2.04481519985965,0.383545486866294,1.34514803877522,-0.300984674472924,-0.194802255458692,0.127041996569587,1.91867256539044,3.21995694414409,4.57843558510223
4.51710233115427,2.99549642238681,4.48948233315472,2.19721998979466,-0.935213611870048,2.57243119902829,1.38953932706901,1.37843094623115,3.18480118893408,2.57296797334379
0.179831719632557,0.469047544314643,-1.99715275358451,-1.3632361100219,1.95999356399033,0.891987745671535,-0.468488916459531,2.07750716565983,2.80532179470561,0.125292410696171
4.40097659033546,3.40891531378033,1.98513675206282,6.10417363321202,1.94816646900585,2.9437753224194,4.65501484969235,4.50090262739658,3.48613006196597,3.88453636749965
0.203412730479126,0.749555265506135,-0.564935873642037,0.202371733208564,0.528873794873452,1.86856344777662,-0.104224311209355,0.795147421230285,2.4562900710536,3.79613348765341
3.4906481669552,5.01192295878086,4.2950919082317,-0.406860924614083,3.62565409318008,1.88316551939193,4.49646866127602,4.40671817017011,6.14244266996161,3.96423265180272
2.96087378729545,1.23677063797802,-1.90647487394559,-0.551530326665218,-1.54773718817341,0.569496272597742,-1.84703460442625,-0.260644130797215,1.54953745170989,0.534399989275437
0.344420395363177,-1.11587123182455,3.09768812369024,2.57852663876392,-0.951683431964468,-0.40834822887062,3.35559091708423,3.28627411602103,-0.754015468505102,3.13190592094301
-0.401436829377892,-0.976798642288295,0.0817187011052659,1.22783393181684,1.50156558300221,3.56588696684961,1.70748726774484,0.535850544083437,1.65519102617869,1.85264010492656
2.13857001524712,4.72829087047825,1.26010731794615,0.43551501734063,2.80903815054529,3.03250802080683,0.683097684026797,1.61701657897754,2.79787438519913,3.15354661930935
-1.01821670913634,-1.31915046859326,-1.32857964254944,0.816552832261977,-1.52808643131369,-1.67290533864091,1.98793964202147,-0.211415785511,1.09773626124866,-0.771743879506842
-0.200688633464537,0.0372642696926906,1.3917031164704,2.53850882801177,5.00206077758771,4.26805746072141,1.34354034182561,5.26747607051034,0.178775953164515,1.66105949488813
1.44894179844331,1.23475172782693,0.880128428029234,3.01310163408466,0.537166410488769,0.957610487322603,3.30811224219626,4.42503666321903,2.0165857709852,1.95520442825602
3.28803489429958,2.89367130295029,2.25492950949419,3.52720949447643,0.581920508549992,-2.84492186268935,0.324584229924684,-0.716824459197607,3.45920090040039,-0.168975045977368
-2.82746392941064,-0.382059213548227,1.27984681132877,1.04912345522777,-1.77815767753404,-2.00641658690381,1.32041524704875,-0.105698774876031,0.806448405323435,-1.171561396151
4.48225681396619,3.27395791747853,-0.531101402489217,1.56439485218247,3.85518172146047,2.60352416652537,2.10360423985226,3.18335952390735,-0.484518247900017,1.53942052872059
3.91253843494142,-0.0374347240716748,0.60331552628434,2.22431725295794,3.0710462957673,1.04612843264928,2.48140408346545,-0.657959864311568,0.524567943596654,6.61422057589379
4.82037791218837,3.51441347217965,-0.228977559368462,3.24750027706259,1.68552827455721,1.1919152494678,5.34860936278116,4.68052994011017,4.47033036880819,5.01952808851679
3.64358539932713,5.73494282465304,1.01459151880733,2.11924706689021,0.428661095948203,2.03625120980854,1.79433328404425,-1.39938391619726,1.02876332490875,2.06339514453799
1.14006146509503,3.05496949207344,1.91112620249222,0.797312728807782,-0.409507093331829,1.03044498393569,0.214175281920804,-0.305118508684484,1.49916755264922,2.99544551390863
-0.370272417122445,0.468575903911971,2.80335917078518,3.79273530467504,3.17252413047008,4.86115414754274,1.99831885322807,-0.751234617087415,1.43839000393342,1.6999252603469
-1.36342314125031,2.19431183768344,2.70042148721346,1.70002309489129,2.93709853494376,-1.23979610044609,-0.436230853373117,1.88275677372132,1.75647202248217,3.39977917844069
1.87479051544559,0.184669013809098,-0.737098055417043,-0.442238117344738,0.177208126027276,-1.13650004959403,0.518714295945656,1.96369676658506,0.295936141953883,0.899318635438574
3.02156293549556,1.38472379494202,1.85497200638024,1.23254319195767,3.44530021101019,2.04841524919477,2.84457099079083,3.36422560370225,4.98030118410726,-0.0932386948038291
5.20401350516965,2.8058194066486,4.33485892430144,3.66391022433906,1.51415507619875,3.42835824907428,4.28794878541067,1.15509940392119,0.864510636249782,1.9496416440991
3.71150613764915,2.924087951381,-0.000648225202396047,2.3591645034827,0.116661749268629,2.66674176349594,2.40831961121576,0.815750421544783,1.67882559474678,1.03748969225496
3.17885272782503,4.68404631838618,-0.947716796714873,2.82582904599184,2.4276680376934,2.27543783576458,2.80206959364347,2.40936412383191,1.70698798405928,4.16994101343439
4.77784647864264,1.9117709251992,3.68976279954927,2.12471807214327,1.20384142109291,1.59940464103268,1.30564944633984,3.76460405921816,1.9863546808062,4.45853659389188
1.56419541540987,-0.970532249325153,2.70696874445867,1.27646741830761,2.48749082313584,4.09775068336045,-0.471010202142622,2.87640445984286,1.19387860532685,0.460789496658468
1.30304556278988,1.08090301438638,0.0862917816773272,2.64231956849181,4.28162674544479,0.954188830849622,5.11375656765952,0.407068920098673,4.00379528816698,-0.257470940630061
-0.0338492357273201,-0.148762118102232,0.412440858940361,1.29419558237412,0.252625186080389,2.4651908013505,0.657766493871061,-0.502025345964183,0.524055928967453,0.0771176769210327
3.21652363170576,-2.18683403567092,1.73037551659277,-0.426807825650908,0.0927829199577243,3.24801333256282,3.57821348218407,-1.98348846129722,-1.85354804845122,1.07600344594626
2.26966392125546,-1.43372445571989,5.14812159854154,2.90779851112929,0.238439428399231,3.23940142886632,0.154455151448186,2.61476677829557,0.130664681549119,-0.29734343345928
1.08453165915483,6.12495232352948,0.73268210684356,1.1100643295113,5.03045096969565,2.41217526837367,2.04558929181875,4.26403570623393,0.367937569580326,2.52123146614406
0.254370801567707,1.59065910527668,3.78589777278524,2.36633152085331,3.69956229613105,2.07303930733592,1.97602564618209,1.75737868328215,-0.216284940520135,0.477557756026753
0.317928137046332,0.353050893772457,-0.766134568372467,0.539846856371593,1.32911807097623,2.60008820813928,0.616246654734261,2.10178701230749,3.00268814575919,3.03073862961255
1.1108512788842,1.95945636431453,3.89867875716671,0.540028140574067,5.69438962101192,-0.751199553386238,4.63138333282022,2.24983602065547,3.99656336397916,3.06852219241218
3.66265070169245,1.22686863996129,-0.359833042231383,-0.887693484209533,-0.434083179661929,-0.220718334172229,0.934886250051801,0.666678440451225,1.46778830773109,0.956981590923199
0.867042728577212,2.19123696894792,4.61767024900114,1.2968239509684,0.617223931818067,2.45198592996012,1.86312189585571,1.52312459196631,2.20702689236234,1.30908979217288
1.76732312546788,1.252322460769,-0.0463678574397024,6.65939574060677,-0.151513337457719,1.77907976600709,-0.587211206119834,2.64161708530132,-0.631940674947164,1.60855349682139
0.196326965333369,1.30691215430974,2.59820754403608,1.5989703219244,2.75769803575018,2.63944129851069,0.986173704212925,3.49003068626522,3.82712182837859,-1.95757120784717
1.1630053271931,-2.26467583711028,-2.55776447818414,2.73448745291407,0.359479487407197,-0.292537479908343,3.12302645633131,1.88113338322642,-1.30046172920595,-0.0847859631343644
2.04999609229672,-0.990043046724703,4.81015954528974,3.64157962346183,1.32209537301428,0.61375051112986,1.13042394128003,1.14583320493085,2.14905945825933,2.44625353978721
1.21988660192017,0.439001707651498,2.16542799213085,0.34712728273225,2.95129303607654,1.06507249221105,-0.234155318077077,2.97232233304374,1.93972074110455,-1.05355433161314
3.60815528509299,2.5164142767883,-0.683487421990312,2.486016460105,2.62629962382883,2.35895886005863,4.66505362118283,4.80974664446592,2.66315152522003,0.672801144024219
2.2253633752069,4.64198693039601,-0.797816010313531,1.06176228794986,0.964340171954982,3.62828164861313,3.16297393332027,5.80398650474419,1.60352550206867,3.27094324758751
-1.18531041871229,1.26369472774346,3.25789374483994,3.93301436533091,4.43054189584617,2.92606492863368,2.52087735512327,2.54332870140076,3.7966249510557,0.668910899669476
1.23901798495405,-0.588733602255966,0.314428000269494,0.160973149347887,-0.660805328489693,3.76489447406225,4.07551523362464,4.5876604309095,-1.27940399532065,-0.0225326154342169
0.406238667490209,-1.30558012714127,0.917682627972323,2.01499525067001,0.206776790545915,-0.549251919015471,-1.7001917108895,-0.0268878203364486,-0.0123152409238037,-1.03938334346018
3.39105331115587,1.50478027714739,3.26386665977839,3.06326000910413,3.53025387187977,0.117834212644091,1.83564358086013,1.22082434730178,-0.191784175540666,0.906495895948521
0.493540388167274,2.30815752193982,-2.46310372295627,-0.209589253607303,-1.17239085392026,3.1950191691794,-1.52269619817744,0.121444446412931,2.09269163926402,-0.297173076302689
-2.52780833291082,-3.45063844824445,-0.687878153877483,-1.9968139318696,-0.623071296152686,-0.491835544937067,-2.02620938391245,0.758484766614253,-0.571336603453614,0.820404946511602
1.20399544194806,3.47297908011169,2.38176458758885,2.22587199125362,1.61219960955171,1.55186298693199,0.551719127534018,2.58856580320002,-0.852410760753577,2.12425781747342
3.28065935148123,0.875260220080428,1.3231741631308,2.40901466042936,-0.704865658344911,1.09951935024113,2.16465003874011,2.32493870484583,4.13145648814229,4.61501934825517
2.50985501568357,2.15679795246777,3.03318602560924,0.332550084067561,4.42292706591014,0.377585087955037,1.79410728983439,3.19754694312455,-0.630890594995989,1.67761433490737
1.76992470501306,-1.17989773104603,-2.24627392034268,2.95399853851441,-0.248885895399087,-1.94772760503619,1.13917092748946,-0.905513077770122,-1.99781513414972,0.985800143102066
5.98372516143693,0.243373052222721,4.25492977731531,0.437708511796676,7.3072024907479,2.86328603198447,3.36483402324644,1.87350872870087,2.72238786427375,5.8441628580021
1.65129669237031,0.707254218034638,4.83007628326614,0.21018772087097,3.90735615085593,-0.166995175858956,0.467541258911818,2.54969399607947,0.0321830911551289,-0.735183117830751
4.25020163185496,-2.15360399483986,1.77486374545026,3.04565810733034,0.275063158917564,2.33329840858097,2.56891161236952,-0.545375422584718,2.70941672037015,2.05869456566898
2.04749520934772,1.64337022551259,0.522805463802219,-2.24874881464658,5.82814312789486,4.12052339488313,1.83854937095974,2.37505111443438,0.516069700709263,5.19467796231263
3.3259082216267,0.658821910404932,4.56059354579023,0.915295313114609,1.35914865940311,0.500354388990631,-0.363164524243845,0.963104976314603,1.42890855141528,2.47837942517568
1.40468807958236,0.507667452210263,0.548390762823944,3.12189388410855,0.726727265313968,0.0240061285917231,0.839688405714238,-1.85439060916478,-1.60420731743021,0.131255128665744
3.1262383793322,0.505272976193071,1.88866700157844,3.99364927463454,1.16117022730939,1.23249514867459,5.66423521465868,2.9790378807311,4.34709178618959,3.54551212232195
1.49819151497605,-1.26801306387588,2.16026546129733,2.3069163010218,2.35213707382738,2.44164966456429,3.26645696325399,0.552187223589566,0.252411052557765,0.899665794444837
0.223470670888404,0.482007949249267,0.594639399526378,0.803778135459418,0.664591433466331,0.323311686804093,3.58795583985452,0.230646271932528,0.0403865612174541,1.47376936056467
2.87922533814046,-1.67155253835104,3.33984699827376,0.435864787852908,0.783151455957307,3.72802017892403,0.765385056330855,1.98617833004194,3.63754478885628,-2.30400551658414
2.64838146124032,1.93218233589213,4.51199488326508,3.10052378134492,2.15253512180726,3.87520367604751,-0.192089593801902,1.86204146662632,1.54261706703793,3.72763879802657
0.484199188284021,2.76248082641003,4.33323931114845,-0.144450708616461,2.65927086358947,-0.175575144699637,1.93858720566963,-1.2600154163658,2.34819059933368,1.30038755756606
1.61490082994177,1.87213811971905,0.786914928805041,-0.410309943019193,2.69120118085967,0.615376637730518,-1.29790680374095,-0.515750858881066,-0.772379938677077,1.64228081440596
3.09810115528675,1.1459354573575,2.78369502688548,2.74774070612218,5.60479285179899,3.74765995947271,2.6890118221605,1.57356275507294,4.28912996087719,4.80101517750281
1.04378945162224,2.45712139283457,0.827582084427059,2.10389343093499,1.92826663671718,0.282197133006612,-0.548556159862096,-1.58902104556058,2.51339885863316,1.46536429040081
0.0676332455574322,0.120741557424917,0.457431878597806,1.29856787052645,1.46454205454145,4.38443640949,-0.403722399968214,0.622447208359036,0.987253125520617,1.47444007621852
1.03614347069161,3.17109335291642,0.308686463737544,0.988763663256733,3.24157937817262,3.27738553288706,2.62511327959879,0.229011617530123,3.90148455140488,2.11057020413601
2.93836639926949,1.60327641925199,1.50583669812394,0.851347069629436,3.44463219073444,4.06042740192157,2.00799032400514,2.72176718552333,1.37595082380037,1.89355478747232
1.2965804447688,-0.480597253800986,0.702743928891129,3.95999233849387,2.07294422705246,3.35016783199027,1.66921937127131,3.24035525835435,2.2512785387621,1.08644261149973
2.23698452837142,1.02592663997559,2.86919058417843,3.45575097222385,2.85902531887511,1.77004737831273,2.11025798673713,1.72939571960246,0.243301757941693,1.48670170438263
4.61461864263758,0.610577123165493,2.47928670032951,-0.0513626871713151,1.01636721207579,-0.428936283101429,3.64228490331296,2.33281861147907,-0.087239006288824,3.9695867038733
1.47043340420784,3.5409466533325,2.85269591135118,-0.688285649330145,0.614401253129075,2.52341346385333,2.15285680376359,1.73043904946071,-0.945763090478656,3.53413353195932
3.91061795231833,6.2803671344685,4.63557778064329,1.3852580863212,2.50028679592818,3.95202773900277,-0.769116409403005,1.67754157020851,2.48803890644038,1.62534817296635
3.49052109827955,5.94565222427966,2.15243435614298,5.11291129989521,4.04121737577987,1.25634066413511,0.677917754478376,2.34798438842567,2.80203099289099,2.91909389456434
3.2678841842181,0.867832889932788,-0.00544863463986411,1.49673798217434,1.71276764300008,1.38324996952827,3.43683119163629,2.16999692901521,1.30818429132388,2.7648407431204
2.401170012424,2.32366136996443,1.28754341827736,1.85367095976566,0.103769742286092,4.4033103378896,3.63654223712792,0.621906569267802,2.93156134900849,4.10909188870436
0.115691568214094,1.76545644625644,3.31924850150592,-1.19800024411681,4.25968491358254,1.01653883198246,4.51970148204743,4.06682915958851,3.69620509543604,1.08717089161944
0.832867389154261,2.17859232596233,1.4941115139738,0.286347324459549,4.54045977829859,1.33051865952638,2.98369936485109,-3.37564576084208,0.713308981225552,1.69989054147767
5.40202526004978,0.654032645934614,3.04109662270403,4.26923970506962,3.57967466617458,2.15130147325203,0.807898665930455,1.71274204454985,-0.559274710746225,1.48601536578811
-0.540448474124957,-1.28776277994197,0.174561172655813,-2.25569983920768,3.02877091523934,-1.2686884211869,0.358172744754007,-1.52522022414335,0.827887875150434,1.15624285641566
2.11467926662927,0.159115295151372,1.32676157644185,3.79647698888402,2.25217779979341,4.36248918544284,0.283591309539545,-0.00417247348844452,1.27015388542342,1.64635119468813
4.07615516236402,0.665152201303675,2.20153662757004,1.52587682355464,3.2479040988373,1.3704009881187,4.55719050343081,-3.76347765908277,0.855555170640704,3.13520898796266
-0.518387133528616,0.264432737412896,-1.19699001293743,1.39194006203966,2.62746080490388,1.96579223181688,-1.28692817442399,1.77809780997605,-0.402939150640905,1.06307470138078
-0.67593451154956,2.01742730360179,3.96554772479728,3.98770888253938,2.85978253142877,3.32335942350659,1.86256935690933,5.260922710408,3.83959013313423,3.45728032527901
2.92469699047593,0.604373229320569,0.432764613218837,2.05794777463051,1.08159402517609,1.18170335680224,2.60082403746086,1.88789292905886,1.20469215473292,2.77874306568862
1.26127046127947,0.717731289562948,1.6387555091423,-0.0257468508363816,1.07537260188102,-0.0786965975865759,2.17726407771248,0.943380316730668,-0.571347529180243,1.56707449383163
3.90305595824773,0.0493680855742501,-0.442451417401862,0.736641720269894,-2.09497406425103,1.42140949153032,3.86784008706484,0.051151708506576,2.03513874149244,-1.51082285671994
0.213349085677468,2.80949589928643,2.27724018643161,3.55260098759107,1.29980139233065,2.88437880556,4.15637609505316,3.03098594413259,2.0601537117245,0.288231721585532
4.99099462516542,1.21311416296035,-0.478265558014495,4.07698185601815,5.39857036675892,1.96373444275619,2.35822722532314,0.585202753610504,3.19585841808452,0.89442551676793
1.40493535821587,6.13386582886697,1.77559599832209,2.16004025015817,6.74037174475308,4.11295249730894,3.28135748434181,3.93074527716079,-1.34541391378505,2.72814468850497
0.370391457769888,0.412311035413598,1.55848632357451,1.20651724856751,-1.27563567565651,1.16423120301329,1.30403005882807,-2.44795328346182,-2.16575900674643,2.70767945410309
-0.141198464944643,3.07276932474612,1.91518136287886,0.673922323384861,4.40535934278024,0.0716174796159538,-2.78165302878813,1.89407861338768,-0.905766036764025,1.21751072917512
1.25153880266793,2.65150376069175,-0.482401730649839,1.01175560738402,0.892835277399092,1.395533819603,1.96158682302843,1.75638653113605,0.709899570201852,2.46067564730444
2.84496888091063,6.50398709538849,-0.317064118493472,2.57706929484591,3.05693395049952,4.4890749285406,0.840871493565847,0.539176616188163,3.61410354257325,-2.10572817883145
0.385147135154823,1.51856649010243,2.73854921437507,-0.244073984135425,5.02411335728602,-0.812608701404554,1.53395253445108,3.79179277366452,1.50910315078999,2.78399562283735
0.954849570986216,3.01618200983246,1.65100868792025,1.93263635944381,-1.87321628383259,3.23663786601149,0.192192092820535,-0.212716237992301,-0.251863606783695,0.198825095326304
2.29006514007673,3.6070860758881,2.85136001151803,1.90164058746654,4.39392662398321,3.5768002653838,4.54664853589144,1.71610384066765,3.19998737111432,2.07075270744122
-1.10275028567212,-0.578712955411256,-1.22779386155795,0.862820756103918,3.2065441387191,3.13102880832678,-0.2808769276645,1.33124472931402,1.12367339549516,-0.78474388924481
1.77654746003427,0.0257147126976423,-1.01899190131405,1.84356908893185,1.8771910477323,2.05903540471836,3.79415773517741,-0.179313627246606,3.32962754038472,-0.78867029064532
3.05029592491338,3.70178359360839,2.99259665663575,2.44450641592245,4.32477183137357,6.67647669462275,3.92232973209732,1.42871300526803,3.96304470908767,2.91565453821863
1.74736156362947,-1.25514582421862,0.995516594594059,1.53667430587724,2.61490798024838,2.35177215567515,3.91393868186592,1.37618241745224,3.05319166464887,1.08215123558482
1.91326647253287,-0.539664942149774,1.98911862127997,2.59944778899823,1.82686801869222,1.2917938304887,-3.15184207347159,5.36417493984939,-0.751743290792238,1.16752940177806
0.939003840007072,-0.489145728683492,1.6787672205606,3.05770586569763,2.37319036578009,2.63999458151233,1.66419291489101,1.96818749544587,2.79374001524207,4.24726584156408
2.15938679061263,0.564428154174273,2.04500338858989,0.863172518117775,3.74959483313318,1.17307422987776,0.0549723651534451,3.94689379701722,-1.10627279158905,4.16699806612629
2.04401535965061,0.138875291388191,2.32086392098225,3.91480883164291,1.151999075798,2.9497731512006,3.201520778991,2.47510198022587,3.83247676963949,0.77965046032436
0.756523401585,4.98014029930563,6.52512367457819,3.10626597763621,7.46801557900076,1.3049241562779,1.945897416551,4.78031886260113,2.54560309366796,0.909513559303989
2.22276815981688,4.45147389260894,0.515274876844179,-1.56140334089633,5.47997872006878,0.987739591685144,2.22269364286155,1.52290964311422,3.62354895072857,2.73645552417166
4.05535545914487,0.648391359547545,4.83049790087023,3.62009545447425,6.35777044314266,3.18313077515797,0.62348145747913,3.52333584036224,3.85869394603266,1.74693271549621
2.61862674673906,5.20808922798786,7.19726760119209,2.93704591407639,5.98263751363412,1.79111640181295,2.0940462911348,1.56648790367792,2.49445999957397,3.76586792384767
-3.66087338519269,3.15418459463818,-0.954784447716016,-0.898846893998804,-1.84443819021465,-0.0742191582776129,2.26798895686866,0.354873657730622,0.338364718927438,-0.138702469424291
2.42128324389404,1.80834420645505,-1.13032217982081,2.41490305539444,-0.557831422038463,-1.0610457181281,1.00913525175823,-0.611800181930727,-0.573281139395762,7.60778751098507
0.304147867801327,3.68061145972548,4.53072501437389,-1.76761466191963,2.17829679204102,3.45505324382186,2.78353275547074,1.75664979002331,-1.44266103858665,3.28837706520058
0.80317596211016,1.24485083634275,4.44121403628925,1.23929949864321,-0.21599262384004,5.02344980906901,4.15309387690205,1.58433119783567,-0.923237020781508,1.82523997974158
1.69276373871222,2.84593877864222,4.15299908964086,2.81986025087375,1.44457474626707,2.28494752691008,1.11493683220422,4.25734833351471,2.74103988880345,4.6854243336564
2.15834536532422,0.772044477506675,3.10760963393752,0.366389192435711,-0.114057528055178,2.78045726514134,3.57688198032983,-0.642881044516553,3.02622179088731,5.63979555331357
2.27954522734762,0.853459760372833,1.49323333038686,-0.187473307550225,0.289252094627719,4.26857703161599,1.44392451102379,1.71447525319333,1.46044452510552,0.671659807668179
0.937697079209946,-1.22809435713705,2.52470691406741,2.85797189944856,3.74050441987505,0.620052109737848,-0.302282220971224,-0.327438897045902,3.52762443173507,0.235591411493106
3.82521510985654,-1.42947889061748,1.26105372023485,1.92676173563275,-1.93214788967719,2.60608775610696,3.683942329475,-0.709481814271377,1.08167884269635,0.516751303539668
2.25591292659839,5.50273770327431,-0.235295070852675,1.48113167093925,2.32477259681183,0.798370852568751,1.55625206669581,1.43138968134423,5.17147482938481,1.03746868497517
1.80865448143039,5.47052991708144,0.900959523711997,1.27373191802187,0.788928376082695,6.1176370068818,1.23170381477274,1.70900828994044,4.01921450950075,1.24596595492957
1.10748421753457,1.67441149724611,1.49022234527287,1.17566540529,-1.00360966764692,2.1214382715578,0.382012793944712,0.607715982063854,0.944844512563821,2.99864420567803
6.19576369159983,6.61212218171998,8.09963345587945,2.87687604796796,4.11552459357929,5.81442854128261,2.52802059546796,-0.337114276061723,3.71618602154991,4.33909586659404
0.360144140255635,2.00148619721577,0.380120429330792,3.7837680814655,0.980175624247119,2.20741412095777,2.48300162579143,-2.09625839473285,2.40756984383678,2.50891235097256
4.18273025878592,4.86959520292991,1.96246592899362,3.9069773960583,1.4525869500787,1.85866988852454,0.877034545727584,1.56496582274956,2.1788213834062,-2.51730253125513
1.32374974989281,-0.70890450913706,1.9226226216528,0.627073311538507,-0.222906025895821,-0.314695879424909,2.44863829358611,-0.509118321785713,-1.25274516342686,2.90989200326166
2.86333834124082,0.0859085401453852,4.96880082904685,0.146597812010423,2.76675208417518,2.7561577110385,1.51902618890272,3.57811912278226,2.4941017115252,2.28780484716473
-0.299071555339338,1.93014000083201,2.04492025833202,-1.16862896662181,-1.13889219894922,-0.576295255466394,-1.57500859483348,-0.941772890763402,-1.81781848726559,-1.14503289550169
1.24727184452786,2.06885906905226,-3.63754180160763,2.78621393558387,0.796485223868323,-1.24726768697651,2.07588694384685,-2.8673604436149,-0.780877082692136,1.35104561865697
2.31868400494343,0.3208090545408,5.18690735922976,2.45010417864436,-1.08000507030303,3.84184859553167,2.97138576342487,3.25108337956079,2.96983722127658,0.80097236302026
0.706519120836327,0.519500116824331,0.526799236831109,-1.61575470710065,1.1920760866061,-2.30481201573384,1.78527209901198,3.18423457190274,0.50011791110176,3.07933624138626
-2.53518058587127,-2.39946599280294,0.127342899905945,1.38964980752066,3.29926785590879,2.99815045429129,1.065357740691,-0.998882129042745,2.23886613625345,4.17195937931135
1.58063187338703,2.09284000313797,4.18051623754725,0.487163461071905,2.04701222472008,1.59438052545249,1.68023031741229,1.84026171615564,1.80035187686625,2.63829728638731
0.52630561426583,-0.306086725438269,2.21185332448888,1.48159346609081,5.0410138546197,2.72716625199609,1.83395405642538,-1.67827711962703,1.78259712382684,1.41043538926656
0.736135230474866,0.851956288222269,0.698101833760731,-2.3400416197112,0.816790579751061,0.10847280546773,-4.392085966681,2.4215161135027,0.737782680169711,1.65098551085855
2.24532244370266,3.12249333172755,2.12354308082065,-1.22075141111131,2.41253411054531,3.90766940743868,2.702392393418,0.203657181826754,3.25211364824953,2.07777431933975
1.09410325529429,-1.78809544237495,1.29150878103305,0.143982807100906,-0.984032722872157,-0.0538255364393287,0.716471266747916,0.571619265424924,0.143514677287011,2.81128027833255
0.773744438747071,-1.4031646035108,-0.9570909735784,-1.01731807847148,0.501688146370627,1.10713874528413,1.89258282281636,-2.07334007725208,-2.78712673239119,0.294805930578293
1.51585287180163,3.46011757630244,3.69263414908359,1.67610794240433,2.80260820834311,2.20287538670433,2.41989263483685,-1.78138313802686,4.66350306112531,2.56896112411087
0.779774068870437,1.53498998383621,1.08711276645902,5.07835144573848,-0.368653510300609,-0.242173149818258,-0.378799338882976,-1.20314914242738,-0.0846619562540356,-2.0244709833938
1.09404492719796,0.748287019421544,-0.698941399436392,4.65653483955889,0.360415348372063,-1.70215369998395,-1.70055722022725,2.66198794936637,1.20904540396119,-0.711922132459742
1.40973822920742,1.48589156828444,1.82937030065599,1.11272078328475,2.96873958539646,2.49037499159431,1.46011248930312,1.5900999276942,1.88970086386424,1.06186149923902
2.76698226133544,1.25101534281577,-0.984829101955085,1.88482460544037,-2.1006667323663,0.0582209997189112,1.53282427122239,0.847983882138971,-1.96838648711033,-1.84238167239996
2.02508968219354,6.17689088932718,0.802380079446796,0.394761314387808,-2.78260175195194,1.9041663774943,0.253794275639538,0.451539582138682,1.82244417876183,2.79801720520673
0.269200418044762,1.30683536439186,7.47331480915569,3.02547335962575,-0.0372014320225351,4.43720378221277,0.762679660813849,5.95254370113606,3.38480864772764,-0.229010677959907
4.16431216302904,2.65293885307412,2.34838433426892,1.56051761199492,2.2634821593976,3.37455217522865,1.88567278930096,2.70033542612869,4.3326328472071,5.39905131549293
0.23117161886099,2.92731798483839,5.02267098450754,1.07977357396711,1.31093869532639,2.57273898639473,-3.01400944720627,1.34362017099669,2.52296731850179,2.24393361908953
3.23141582411965,2.92446830482873,-2.2915172753405,0.723376425835448,0.650751490198612,1.67838965052618,0.733196236228436,2.24005227151706,-1.02128172941743,2.08787013278729
2.84029715384519,3.21256215111074,4.43159163561625,4.5281630692343,1.57434216080927,0.7204632558822,1.80436654116416,0.794165028258873,3.56590016123293,1.47284496497664
2.13421934765859,-0.522371451444832,1.71983449963363,4.73564749196075,1.17918316197067,2.65575202977963,2.82135360204619,5.20890003650346,0.174359934624339,0.400860962379939
0.246214022356675,2.65595611105015,1.05775266998263,2.70009268616788,-3.4223645962648,2.92129404211006,2.39025592025894,2.24284336869939,0.841753243853662,-0.00198183685927722
-0.0795728954425696,0.710028927778788,0.571401885402907,1.6949658796615,4.12063708433207,2.658961491556,4.24395052699209,2.87243939227102,-0.288798422259968,2.86672268216925
4.62652260952444,5.59137729701293,3.42379773816675,1.31682542840242,2.55329114383264,2.25442368610686,3.41258129533804,1.41206879613132,0.576932795981926,2.4556395811777
0.627467574845908,-0.0806483935384144,-0.582637794413509,-1.84707146404184,0.653782206414743,-0.502415181198356,0.876677668821686,-0.767858448881432,2.4467603072509,1.71254114377533
1.76521816436478,-1.01467184101902,1.8213009396248,1.3603701650589,0.545189268581976,3.21320319155456,-0.274866790672004,0.507150078403459,0.144596091974111,0.585529919076596
3.95424723980338,2.4317285674824,-0.506399823582132,1.49432147854226,1.48280656796828,-2.83006448226724,2.2443038740062,1.37473012625686,1.84319814585078,2.0270704427925
-1.07757089309204,2.25597988264221,2.88822812656555,3.20600637817745,1.88916405521175,0.334499471969532,2.91650799216052,5.03074553538887,1.10530911622804,3.17392467249548
0.535064509737351,1.7775509350473,-0.0761994470874088,1.24588605070003,2.85529447201786,-0.703143149119743,2.98049004131441,1.24260914422968,0.834877342861412,5.56242612985962
4.69616590457256,-2.86550567354637,2.77133511622257,1.73914163992565,0.772437614074476,0.196634359958051,2.99070622860482,1.56343958719194,2.57465772634049,3.5677574915966
1.65212663600091,1.15489241188003,2.46723586830024,0.374629016499543,0.444850721084523,0.053781021608401,0.678717617333434,0.228477541480328,3.75378833458041,1.47119751508708
-0.0890133684736854,1.76492842587496,0.940373114721387,4.17019605497968,3.05694094228061,1.98180821503728,0.582637376660079,1.79808647967393,0.0848811737538755,3.74507259349213
1.09113357806471,2.46487274100276,0.917340186587438,3.54777122141211,2.65050537285882,2.35865347306732,1.89435081508522,-0.650492718677075,1.42459361887128,1.82547628583228
-0.690950041473867,-0.542130220254461,2.10338280966514,0.202498369756223,-2.16931023991296,-4.2730750116732,0.926015380025038,1.28744526493241,0.867567992525592,-1.54280018898321
3.96307660193756,5.69735902940632,3.81883340015299,1.868080810154,4.8405105773607,-1.31918675829509,2.20865553479546,1.32333872745714,1.8369794938705,4.31536010137043
-2.91780417477729,-0.424797962397301,0.177137025105646,2.27465974018559,0.778529119965153,1.20547285842195,4.09374391600783,2.19867789122125,0.669533950324445,-1.88185422065161
4.12312008942579,0.29968786152042,0.830934358292145,3.31427368193684,3.90118193169835,-1.416602476089,3.73210619015987,1.73889838182504,1.84234651267716,2.53222797975481
2.6085512709285,1.17722534299548,1.59488105598228,-0.746072505411424,2.5043961884203,-0.828549024663013,0.654379719730647,-1.23495782829541,2.49225211273152,1.35838191581644
1.44366835208957,3.22232838219753,0.293591924974133,2.60531614888096,3.4526903030522,1.6192059628641,3.65538406855424,-0.410334030286283,4.27139416293988,1.53851652874552
-3.56314184357874,2.28691798005866,1.4412299541448,-0.70537274464806,0.891840548797482,-3.54522651926221,-0.476382082301447,-0.910408289046928,1.88436731835876,-0.489141751526746
2.30522675209258,-0.131640517718617,2.0297160821924,-0.454923109214924,0.39815582555347,3.73832281210118,0.356277618774187,6.70235526524737,-0.155265242139378,0.293605760119271
1.1653171655645,0.895311756759984,0.40148790969224,3.66101396590534,0.283408637510444,2.76904402167404,0.851165632265388,0.753271985783881,1.56473979111758,2.29915111911548
0.703078007175634,-0.178729735860995,4.07638345062549,-0.788884339317696,-1.16652984205638,0.193875996181585,1.06269647997278,-1.38262156267229,0.840034307377708,3.05941112201987
3.41327405514824,3.85760428466936,1.13828858976338,2.29413351979343,5.05064244510313,3.82674717677888,2.8202366802326,3.01105537824896,0.46222442142074,-2.87068819554032
-3.99116661676954,2.46430488041206,0.761466084992716,-0.166270578933888,-0.103215205223496,3.55283292298685,2.0268147207524,-0.307362511454363,0.143597850190503,-1.02024301868306
0.147940215529058,-0.38305389822274,-0.23642849334964,0.647037383163234,1.17679390685233,1.80801838697574,1.05326014813705,2.28074115675364,1.59279617943249,0.477913769136637
1.53296454732279,2.78208624804746,2.79722405171275,4.08914830790289,2.46449706633458,1.652300608319,3.74580228617162,1.13658823583229,5.02272806473854,3.85830226771349
2.03983444657564,0.595597035533967,2.3998115490482,2.17218938466735,-0.724203305930176,4.82272284159093,2.39761335471728,0.402056206047782,-0.124015043603276,-0.113672740012517
1.76798810570444,4.32924540641706,4.1742310267438,4.66674288300176,2.07685147511204,0.940316141407259,4.89932406632875,3.84647005550918,4.52073965173127,3.11270306867648
3.00281476212332,3.79000924819907,1.94269475485309,3.55106993559502,3.83269803479037,2.75968485015179,1.51401620256053,3.29300072556534,3.38573447718496,2.23861583125145
2.59618122775046,3.37288113110471,2.67473594087478,0.162313500046234,3.98083465123672,1.6666268217189,1.86588505476516,4.97119858017071,-0.236389252689357,0.99553405240401
3.07705257005482,1.09992694125696,-0.0561530006906956,1.87405300395437,-0.672678325670417,0.534866302652741,0.727115567762613,-2.33455981158061,-0.440142186523761,2.60349364422483
-0.488257262046742,2.28303937749907,-0.268582109658942,3.73866640820523,1.8945560224212,1.76107293326992,4.63607340944269,5.04066911827371,2.15575081489419,1.39617378289359
-0.776847145662336,2.70822826145893,0.433930335391026,2.24828232081539,4.17628537118261,1.29653695122287,3.10255423561198,0.149023620428517,1.12624084702066,0.736478947717705
2.2806816979579,2.92290771128307,-0.877845657569405,-1.25415927128888,1.44930092099386,3.04104618112679,4.96811791000279,0.624630050196484,3.39540935384307,3.64465684864288
3.80181970921662,-0.718336401649556,0.00363448508548914,2.60594083177327,2.16016737292104,3.12795013041524,1.54341102179643,1.38012416222411,2.47669250482608,-0.201044974218699
1.263638153137,1.93006664999111,-1.02596730844692,1.70527558917884,-1.86271320873266,0.715911682308348,-0.263400830558053,-0.0257408369882144,0.269041017674775,0.531579426560585
5.0748504747991,4.14237300012689,-1.00613632645245,0.126703392862956,5.02097110802758,0.397393548235112,1.79978252723057,0.653134038125342,0.637661457459751,-1.25273283361586
4.98904048017818,1.92795028656028,4.02720846814647,1.48443662741381,1.43338252290116,5.28197304828622,3.06731444025222,3.38484399830692,-0.471729910348079,1.95901805526251
1.81484668857234,1.68716989716859,0.242225836693507,0.286727747425307,4.20025372304748,2.43369296127459,2.1349098271732,0.566540700973625,0.245798882650031,1.59056804360665
2.97077725638113,4.25932012633726,2.06383027875935,3.7432726126057,1.05711289564132,3.23567567429568,1.10341914257382,3.21954698815564,2.29819511604002,5.16891828158877
1.0427356508949,2.04238425896221,1.56968612490283,-1.15362995716597,-3.0289200708377,0.218990519766395,-1.09043609787922,0.114923497917415,0.470252781886609,1.2859470038278
2.52184195336496,3.69728131678391,3.01164202756758,0.924663524276101,2.25874668125566,4.13945251210393,5.20274553053499,1.12064879422462,6.3939546795393,5.95267950626888
1.86103896443026,1.27921495221295,-1.51630974939956,1.34415543634712,1.33774197633116,-1.37396127094961,-1.57063591661887,1.53593029121596,1.45059106759607,3.18018575864885
0.327764139095283,-2.55330209987235,1.58747162060903,-2.24017722641231,0.850000180564522,1.20320793065234,0.0266332226885286,1.15832393806323,-0.445442530500198,1.31983971817752
-0.384864326776309,-1.64313000799902,1.78273265566982,1.57608389561341,0.288736576526072,-0.964539429864715,0.586714619717742,-0.00677573667666956,-0.906557828644302,1.34980363930754
1.18939115667819,1.7355210997322,1.09273760954922,1.25556127306133,1.71564726239235,6.61895005530971,1.47704824922392,2.85314255859977,1.36862719464763,-1.53077093882827
3.7548764631009,0.392783996108378,-0.859747669509847,2.26352239096831,-1.08910801864139,-0.50651017255036,-0.616336059632787,-1.69494896413022,-0.569687745041643,3.74571722729851
-0.763812262903078,-0.492982915452334,-1.85692848788613,3.01088575445282,4.32075808200715,4.21307408026254,1.66398231539795,2.0324267140747,-0.571889614073998,3.32270150534382
2.03054646736662,2.37594886511912,0.161896083634163,-1.21999759926873,2.47767381580895,2.181208678862,2.24150317810185,-1.44187549475418,3.75325263391385,2.54659130131136
-2.75785387379897,-0.851470747573364,0.575702453847785,0.537224986131634,-1.80891648856726,2.68969237472925,-1.13754766110243,-0.118534319287549,-0.315662556463597,0.311407220161407
1.27068577864048,2.48224762878307,4.08671075738728,-0.382893424065771,1.68581767473539,2.96677274298192,0.388746537326823,1.08651427291841,1.3161283153682,1.89134455982626
0.507284946487622,2.86910362461533,0.277141293983132,-0.584414208881225,2.0227953080469,0.399826707197588,4.63262712531843,4.48962560794257,0.817830881020741,-0.922456324511674
-0.548487495921847,2.87079026907824,1.71293763627053,3.81371484255575,0.108854528682726,2.89352430091228,1.54444925888548,1.8674357988026,3.48383168638791,2.66655150471846
0.495672208622099,0.521560902481514,0.700482795798838,2.1482609778248,2.64207493973357,2.11579072651435,-0.795844867714657,2.65890155307973,3.22346278299373,2.06590893425949
-2.13094115262363,0.892646261302285,0.451267984280847,-0.514788082546472,2.54757639055307,-2.35167702504428,-0.349835487893442,1.67529507179119,2.90677888817296,0.745309371914639
2.00868628753224,3.21706029391825,2.98763081951423,0.592003225600031,-0.445115083631707,-1.68905027128154,-1.8358200463722,-0.709584098211965,-1.12661510838052,-0.762002086032756
-1.25450448326421,5.13495937121957,-2.07174057724366,-0.337447036747136,-3.33891174556368,3.34192268694677,0.489788674567927,2.72802804842159,0.616859936253017,2.32892072917414
2.72842518600356,1.77936165445611,1.70807986641452,-0.774539256504918,2.82532120046407,0.625467772315071,1.18323484625932,2.32321288889752,2.22598167216063,4.50982002734509
-1.41748105444353,-1.43265830521726,-0.954082831728615,-2.66483630562072,-1.22406973605163,-1.5557320401729,-0.691332580686049,2.53431340422077,-0.07318549205217,0.0127173988447375
2.40547534155522,4.17963869713309,3.60413067839847,3.00961901405295,3.93408502562636,1.85673597970885,1.23129470252408,2.14468722574851,2.68622526733306,2.15681654851144
2.19454311631124,0.892043478573889,1.21224498353296,1.07128792976917,1.49006015370286,1.5973273502245,3.96720850848952,2.4112784878313,0.537853748341504,-1.41812654420079
0.545091002187299,1.26197290641569,0.530778397524119,3.07917021247746,0.388438233603075,-0.600460089529434,-2.64545272338487,0.0285191972242158,-0.59282915693509,1.77341575904931
2.18912530076484,0.673094212751266,0.939494922917927,2.24594814122037,2.33234889474929,5.72665857186403,2.29198136181611,-2.58291039545957,-0.381310234771542,1.33339210123738
0.304897655600685,0.890350868518654,1.04431368547991,0.465137141179919,-0.83901891035704,2.1222408046081,-0.288203808761927,-1.67398438701339,0.385669386775053,0.693628282485592
0.793056675236786,0.392534432252201,0.154338880177253,3.53308544204874,1.02914914905545,-0.0592033157920169,-0.0837039477950969,-0.376208271375704,1.40579216178666,2.11829797627241
1.53869484539634,0.176097723177342,1.68540337838348,1.38190416082096,1.23661744471705,1.80429553686489,1.62696991387325,-0.811301142930123,1.69961743830461,0.779174004608743
2.61828910848638,3.66197710916086,2.09864934282272,4.39876233982873,0.915700349014426,-1.76884307969443,1.12454969201075,3.93099800617752,2.50166245039051,1.2489410639276
2.41047346248072,-0.61679149785737,-2.15673314124797,2.24230239868023,2.16781573080857,0.044487476727927,1.8060135489885,1.34256217086894,0.143542594885217,4.31340499289631
4.32951005407806,0.60101882802324,3.50631959777626,2.09296609579127,0.472183424742942,0.719577678070714,2.22078070895288,-0.0602961964243947,-0.665166622692003,1.04022927242071
0.19130985873292,3.17671726873042,4.54082074480461,1.98113394145809,2.64477570027043,0.622867570432377,-0.94219779944054,2.71229885912728,2.39692157613019,1.53656624266781
-2.44494742970847,2.32389771577153,3.64924139168877,-0.540415161700281,2.85789970030514,-0.439941262956987,-1.29638379470218,0.848417203592913,2.18715521582714,-1.59037443853892
4.27871987105453,3.6228628964746,2.65049497455617,2.92480164259774,4.9008595523842,3.25553381458418,1.78453863615189,4.65352104963318,4.09774940908707,1.89265417265596
2.41373625998273,3.70328240080328,-0.00278800141343316,3.01749755620237,2.31144824275289,3.38802072431597,0.56338991877069,-0.424427133391586,1.9068004053558,1.21505354287324
0.199049213180028,3.23021359304197,1.39627620735357,3.41570118472028,-0.98203246545699,4.40720504896951,-1.16906709880012,2.49116552482017,3.85884082820427,1.62916531664931
2.61298335437001,0.343536761135484,2.00885812310709,0.98372375166684,-0.674240139451237,2.75488122342979,-0.0896154534690599,0.430427547500865,-0.0278734781535546,-1.44921878414364
4.44485234175582,3.44865825459032,0.969599778891191,5.67844631206078,3.28801063222191,1.30991146214536,-0.192165826063141,1.71085460601904,1.14769992835645,4.87873471005165
2.90071764641294,2.55033883487889,3.97633035792499,2.27432809431777,1.53035581041972,2.81751436647166,3.26942013812982,1.06104004691317,4.90133643288563,0.928608403563892
-0.663941165829489,-0.962814963862592,-0.163650506130144,0.542015973550863,-0.298650350480111,0.814552139455173,-1.04520831163981,3.40891096281429,-0.7001188538045,-0.131515646730019
-1.29746927084634,-2.13470121208425,1.75209689961901,-1.67679839208892,1.64197367965037,2.80690665160044,4.35071475580263,2.30465257241835,1.42664791479221,1.09651261417648
2.22599732651379,3.86703358079154,2.2763320543508,4.26516505359844,0.314883819759457,-1.76541457474215,2.15215873133812,0.838264151417505,0.595738128328876,2.76906422940628
2.80884507511519,0.941506978603823,4.63454715825563,1.80782693699859,-0.122031947182734,-0.582982157606843,0.971104659402053,-0.0476807729658277,1.44976394664638,-0.134539148608053
0.666369431547285,2.55944643254063,0.754365337491581,-0.150526698722067,4.40531503633062,1.84306250360007,1.09804439297597,-2.65043297389336,1.31473792443549,4.44805515077304
0.342870516591131,5.5599046618072,2.2050168509524,-0.074309741949226,4.32112226338691,-0.756262336264936,3.13933637798474,0.254585861527714,1.35604215650188,2.71688833845739
1.52193629515308,1.84489327074766,2.18186425990767,0.522184816891077,2.43530723905094,1.25650093967928,2.70172967551807,1.80088285245892,0.37560500989388,0.610018194280104
3.89341535255452,0.297753846970052,1.30410779538071,0.49229215058271,-0.512006916275731,0.5062137177051,0.836974573128504,0.746127765578614,-0.281319394960592,-0.548929620250943
-0.346881614777788,2.94570639714809,0.723492791289865,-3.29918793161621,0.807030903457758,2.35285854545338,3.29798680167996,0.749207650940616,2.83003351136056,3.91402677312798
-0.255353967126454,1.60946503812915,3.07462038679965,2.74113529474058,0.610164722775821,3.12302617055308,1.12475280532888,4.19609300351882,2.60401945796264,-3.30185510052798
1.55841416117309,2.95122983451419,4.25361760423395,1.49140033219722,1.0433407295657,1.76502038437561,0.0721938518340904,3.19009009192313,4.07718031541381,0.512948367820339
1.17328844834469,5.24887653535125,2.30070916795425,1.090316407222,-0.703818702618648,2.02197291138975,2.49567115317765,2.03660490994993,1.42455188572422,-0.222811419693123
3.83227447961773,0.487453145083504,-0.986044640676501,4.06256017524274,1.01615938720477,1.96760433026734,2.09228402600649,0.859057402965359,-0.169649991426789,-0.0930770627663167
-2.12899706096571,2.32558620461463,1.85652703640397,0.3513810174997,-1.54720572989476,0.989057209202455,-1.11829058914226,0.298858066275303,0.267381548870471,0.334868470543313
-0.142751500287935,3.11888022532426,-0.890720001078323,-0.807033125408219,3.13631491223936,3.98775429468412,2.57303335158164,0.889793725733653,-0.929785701866854,0.0267258091675914
3.17149354269844,3.57381339147563,5.75108485402436,2.38005268660242,0.350124537278489,4.56094577590109,2.9669253288222,3.72851831474744,0.66185946100812,1.83334261940586
-0.00119409852850572,3.28184508364125,1.6156935672102,-0.191038319559561,3.12072666664843,0.710428595119037,5.17726218269214,3.22054458040801,0.0953999168943904,1.91475354191366
3.99024598390639,1.65424852056485,4.41370463350374,5.81752111248637,3.48267883655704,2.90545093810329,2.94257881940159,0.24755496741798,3.27920255257527,2.26956150512916
3.07283158350712,1.83050811487002,0.180279598106234,1.26553298341431,2.66305303734304,2.97495609063891,3.71900909342226,4.66537393870905,3.8640770965407,3.85584943472005
0.553214507631806,1.641136653276,-1.82970079136314,-0.565364308960618,0.514688269619315,3.02606284628795,-0.631666299349959,-1.18813856338405,3.02473928002494,1.67734858465317
-0.379876811854386,1.66191446227878,1.86274409002539,0.10522570214433,2.9416438994575,1.64607419113389,-0.564259089413708,-1.08856222430163,1.91887642055693,1.13516209025556
3.5331556325886,2.51818082233695,-0.806145464141328,2.99827826284537,2.00600095358863,1.94494201881628,1.07932143149522,3.2990297766343,4.0205174527434,2.89139545002814
1.42576883052575,-0.273197198568201,1.64353528617108,2.20704927352553,2.72659640824959,-0.69274199685961,-0.860041057675355,-2.07164552932392,4.4733034481361,2.84387017733135
0.276417378886253,3.56697530138036,1.74995884361888,0.942201029745549,3.0524414591567,1.16280204790765,0.377920111290674,0.549306016450128,2.10621214953699,1.86292064390337
1.35170215704039,3.68749547609239,2.28461811063675,0.294811803176038,0.463269088007134,2.86094726147538,0.869399518184143,1.85706485502723,2.05512722710406,0.741522551137328
0.812305988145238,2.27688327194415,1.61504877909853,1.3943695500049,-0.214696306912061,1.63810147082732,-1.06884540722492,1.24095566101041,2.54343427518965,2.39699189724548
0.213006584688846,3.01906901019049,-0.470322832745066,0.150735654125605,1.21920785712532,5.05444060152402,2.3722979621927,-2.05522617280005,1.25691010455913,0.507496261000862
6.05795290451671,1.19346447533284,2.41338683468096,4.44074727776037,2.80344111730336,3.9384558589518,3.2053200028664,4.06838150176109,2.06304092608873,4.75592406953826
3.156867581116,-0.451640425278806,-0.407351767107287,0.579829608151808,4.17229758273892,0.976561822237341,2.84260872722166,-0.194208201274281,2.35793232314158,2.39295957741679
-0.300050622579108,3.13011416030606,1.46119277979202,1.71375250140054,0.815050784664915,0.892079152069325,1.89268658867441,3.31479074408605,0.752266854062077,0.955146024265344
0.860928181000479,0.357710932133748,3.35985830333475,-1.25716409828743,1.13654185771616,2.87905145695548,-0.762021809068398,3.29068544337082,-1.14833073761206,-0.641607336322108
1.98426842940971,3.28732667359133,1.14606028905813,2.34072681010352,4.48597182995044,2.15441420732981,1.8496437752342,0.3933665380414,-1.22814151438432,4.75506545997877
-0.333315990879908,-0.186698179141386,3.64392843927469,1.11352831719257,-0.42790274381158,0.360539406351398,-0.410153220286477,-1.0088268332466,-0.951284934422854,0.865644840237441
3.63208266324057,-1.61798797481273,0.969828330243792,0.441699948303925,0.0465878646028672,2.25976109078538,2.74858295413975,1.94549633267169,2.27629900615627,-2.61771753126922
2.67234537054884,2.53860043764545,4.31505819553153,0.634134608368004,0.993608447130306,2.62878084656073,0.251864987901266,2.62628485455266,5.78033081430007,1.34287802093316
0.448876887581718,0.295250644461076,-4.04790416138842,2.51697592712628,-2.29127501265189,1.14347159909375,1.28601980072264,-1.11238995821728,0.224661282212276,0.579804605783704
3.40112181495978,-1.48537403228682,3.52815973520947,2.87465124092787,3.25698068142572,2.60913900605098,5.08119503907972,2.58963509466059,0.483928891217477,0.551592095312896
1.99498883362131,0.0433895500733269,-1.09928452672269,0.442130703190867,0.242930151306669,-3.31554935722076,-1.13330746383321,2.66895049985554,-5.14693183367396,0.743808526151148
2.42682634433932,0.724840022330358,3.71856761224667,1.02072251716392,1.73195720070344,0.920401504461986,1.86687439978771,3.08086883189861,0.887278824591685,2.18676108573734
4.83481059235803,4.91029277838472,3.19389098166228,3.31308191343783,2.8108651442073,0.50505897904591,2.50547732950636,4.95440176528434,4.75837214005075,3.25544284329264
-1.49347464846856,-1.27440033445035,0.381646006371906,3.35689587597925,2.73920859918376,1.45611109848687,2.7112488011554,0.886254797756429,-0.621041758721645,3.05255291151244
1.47304985922948,0.963444162189945,-0.130492081760897,1.04388677653459,0.654015390503299,3.82029446922745,3.50208017598718,2.55709046735406,0.440741568355406,-1.06532333554668
0.818141589980069,4.36446491516313,0.448659355547601,1.27180815116654,1.0073239165416,0.658995579384305,-2.21166907698294,-1.81731414731419,1.5996576601935,1.0176435419597
1.43727081896545,2.75174866504591,-0.922164719996488,2.76779662951805,2.71509184116863,3.60756342053802,2.85544422860629,-0.815455079154352,2.64324308390772,-0.948086129533117
-0.617516915272416,2.67855138566364,3.30691118297199,-3.1245847241006,0.930805505536713,-2.27610964191825,2.47853137462776,-0.0876233631217791,2.24652758813657,-1.73560709966603
-1.13232807329471,1.10458300454229,3.94252277261024,0.258025550003753,0.845235329348279,3.95387506388786,1.37888616464748,1.80627502204994,2.1740810166177,2.59407227461535
1.64120339437416,0.268479085781623,-0.287145694087023,1.49346108280407,-0.384869468748051,0.84259135039302,0.0484945042193651,0.540318845061814,0.453312444701052,3.58256625847413
-4.81509640105762,-0.188966633893195,-0.761126283876348,-1.37163029959829,-0.0947492274958617,-1.08836873642495,-0.670885269538474,3.94218271058532,-2.29320133666735,0.498149518721172
2.15059675411187,3.03904101021637,4.13717964539054,1.41484950382317,3.32578199646731,4.07670663732163,2.59785573814709,3.01993448339354,0.890394063351644,4.13372847199844
2.65087156437388,-3.63151716700115,1.19035564429334,0.0691952951153473,-1.68273103507261,1.38189866464017,2.2319599122803,2.74574190939602,-0.0140938443308301,1.48990918686269
0.60468563586174,-2.63935173455207,2.99001631629547e-05,1.83833851738381,2.59486330056886,5.08150992702066,-3.09894593823304,2.45964910424638,-0.427755999118919,-4.2200157222777
4.20467165555075,0.694186088621306,4.90175496146367,3.16645884330456,1.09022784099095,3.34281838119487,2.82076879797094,2.01102395208641,6.28811361426667,5.59288070618117
1.31871624580023,1.47623760936611,3.40247733224444,0.544336080785656,2.10494821026195,-1.0685109666844,-1.22120827360734,0.0790738773589493,4.9485383144716,-0.397156164424522
0.232196286070069,-1.10609318905533,1.43863701954586,1.1715568349484,2.86210010867707,0.0825113484586311,2.09979575092585,2.18988710782901,0.89678026995385,0.359727518300776
-0.87777140221916,-0.772238907976877,2.87613858139724,4.37874783009336,1.34294765253305,0.827713563324773,0.0544616442540733,2.59741308137511,1.45749871819007,1.87389922917247
3.22835796416618,1.8611394842845,2.11892245950083,3.63137274900204,1.36787016081795,3.802222014302,3.20701401447186,0.541747804105327,1.22619160989221,1.17271093404795
2.19630595771228,0.179290317599391,1.86205294819319,0.613417057899871,0.448266427451499,0.577575246403272,2.04422874005754,-2.70680248281507,0.397460904456131,1.37561605488213
-0.602722976615993,0.50329209420123,-1.92286430038161,0.158006696535081,4.43907812089281,4.13207129868105,3.06509253872908,-0.182076168023393,3.0577526493996,-2.67978552561051
-0.833230384141101,3.39137503544196,-0.200957016427443,1.70676507205563,6.16884863904695,-0.875175802214517,1.03696438710081,-0.52418456422304,-3.51351195691116,-0.194031084950887
1.48260277470637,-1.46976542279522,0.930162578785421,0.916346530851299,2.28576492418228,-0.431471478344898,0.338218176406957,2.91824584197836,0.78548195898837,2.4996927445264
0.465090802144545,-1.89998146734464,2.08405601052293,0.311776664099163,-0.339909692821662,1.97657445724596,3.40911051264458,2.81571446940092,2.82728182866877,3.74979349595616
3.41475307084654,1.86700003225441,3.09107393532946,-0.287556326139494,4.39615997451699,3.78665802656942,2.37618461109144,0.295085462941119,2.10539845818367,1.48077906794439
-0.0573301534702406,2.53513255041103,0.606132073609589,1.7433460844592,1.72314675207829,2.30887095409188,0.790623298135324,3.16663610190041,2.44883006795561,0.121442833543945
-0.507405580833268,3.60028377861169,3.96812745609807,4.52030519703571,1.89767302144368,2.31670295472217,2.87094498797645,3.06750351193398,4.76188226818837,3.53539549620118
1.5313151987425,-1.3333397770398,3.21022431900508,0.102758441639821,0.403778089520456,0.779849926477698,2.83894853923299,-0.470571494937679,0.902393669661602,4.1395899227499
1.04655352815419,-0.868747294740752,1.36616646718526,2.44342634283362,1.50216491009159,0.828513635777277,1.53580115361994,1.5161246960631,3.26511179132493,3.94284054324046
3.08288447052473,1.84012460260898,0.606572719008449,2.97947674952503,0.461325034729349,2.02451343569594,-2.26809688416958,0.394035952710253,-1.98213534814976,0.769632192237164
2.87829905839958,1.17937555585207,2.5095964368049,2.25496118107785,2.82211188708912,0.596776163777582,0.787540544331367,3.84037093006393,2.57060466914555,2.32447331759672
6.60628204427282,0.847535061991577,3.10085390619383,3.50069682200535,2.31565924757888,1.95547289462383,0.779566473178267,1.99532492418453,1.99669539823655,2.12545470308226
2.342992474402,-0.21617362519658,0.919929637729093,2.60182612976898,0.481383721900007,1.59064690277758,5.01272816347309,1.03796391195943,0.887737201309746,-1.15526961837108
-1.06476352146647,-1.32127814492014,-1.89817211120086,-0.370161666477181,1.34577035805016,-1.12482043705514,-0.23302226716116,0.979916194455377,-0.795780175688797,-0.541485840681541
-0.208458347828005,0.13683232055263,5.90436456307296,-1.64760172342448,0.168359682529219,-0.652836490569086,3.97118136892142,3.51609960574598,5.65233202435055,1.80009379003278
3.11110744425209,1.00941698639694,3.31487872294143,2.55295376089556,1.16443993134543,1.59512960621922,-1.73395622217397,0.523930696654714,0.683940855843244,0.838721259046624
0.647807092333775,1.68573086804292,1.42828239390131,1.31851903955587,2.4515149072095,2.25229159478032,-0.247595209001345,1.96263825427495,1.99290022202944,1.81230146787095
-0.428442280093582,1.52787159779696,0.839954200873007,0.841309686207308,-0.472427812709816,2.82103118987476,-1.04297919686498,-2.0728170337623,3.09888271872702,3.22259923649365
2.71694589714027,1.4902552335036,2.20406083509397,-0.914976964896046,5.67733115785599,1.45181832833312,0.704888709334417,-1.47474006181619,2.52318804991467,4.608546932829
-1.69467697048425,1.03010336445784,1.95643069339213,-1.60920797982409,1.44951205828748,0.847471245736853,-0.0581828624031829,-1.86167603142915,-2.52514397431791,-1.42060493286165
0.629789814810872,2.30546033689247,2.40209542028112,-0.210223574167206,1.81454693100667,2.83157255989757,1.66588471136213,0.751879792184182,1.79087877133297,1.32317569248714
1.85156210207217,3.67084310260304,3.84343153659756,3.17840743836366,2.78558055442984,0.166333292878147,5.28858920588629,4.14519892222057,5.09094111831665,0.790065004938884
1.09745995865715,-1.28529765580172,-0.682972043777967,2.63757025705306,-1.351218855723,2.18526892665255,-1.13685554602827,1.61262060608221,1.86267108588462,-0.960299129563936
1.15858500442096,3.44456241244145,1.21351044532013,2.79650182371581,3.23124636125104,3.74262990177004,1.52087545788206,2.62426593262427,5.37777363369633,3.35681470019371
2.68767122341926,-0.299455133871317,-1.14295591779064,1.3158621062128,4.00475659671877,-0.99732695095821,-0.451229791055024,-2.48747122230197,-2.6223566422481,2.38263952438067
1.5289581822646,-1.03610283204213,0.791384916516954,0.909937226469147,2.49405162248109,1.04003826585715,3.93192800446584,1.12716276768102,2.35536719559058,-1.8122123888402
2.46088209992058,-0.0415126217087347,1.0428936578763,6.11192829620372,2.12997077326108,0.498193365370547,-1.0619863124413,0.373783860368749,1.07879284120855,1.02260255941423
-1.62276190526332,3.21484179912732,1.99063525463138,0.385983141177807,4.4318488484971,2.68747688784388,1.94947414748596,2.94879131845358,1.11455493651453,1.21030424648835
-0.756314494666058,-1.02911582669785,2.8428430407415,2.70642097224346,-0.195380068525102,-0.39879972468999,-0.23516301881513,-1.78574204094232,1.91552552222202,1.5754998500405
-4.00558120893527,1.96231712968649,0.237842728976018,4.9844474098855,1.37865306823548,2.68190777100975,2.30483725828621,0.971524035149663,0.607791391605796,-0.00663232788827184
3.13649305083365,2.82211453449746,2.2485714611321,4.14055057535408,3.78175566095921,0.375857042001702,0.793153260210366,1.1177872561565,1.50158223953673,3.5126076084921
2.81920733604591,4.49429337811213,-1.35835753681002,-0.835335205786727,-0.280390222475579,0.96892896346962,-0.368271345776028,2.08092451868387,0.684053521716598,1.14216754205396
4.09338696386417,2.78904377579265,1.52936983317385,4.24735304907171,3.01025496896895,2.46117294112099,-0.55815072815997,1.13697920199127,-0.658078467742443,3.86084510523295
1.71266554978777,2.38260302115015,3.43493697737694,2.10304949148954,5.61788563285855,1.42636017076715,5.07503672397392,2.9636086432722,1.79408160877542,5.11835462746825
0.685143149046506,-1.05108436622355,2.64309578339905,-2.28127929102518,4.06484354119234,-3.36041628174055,0.589024760665205,0.406339255582653,-0.703123424701831,-4.0009063806986
0.792080980852216,-0.818617695001511,3.49357076842318,0.705058787897562,1.9444535332702,4.12011564818826,0.570612057620796,1.30761858673196,2.22336464496045,0.000810418849263028
2.23231735575943,2.49406706755271,2.322000146443,3.94018768654921,1.85391544044963,3.64367690613325,-0.0131353195621395,3.30658833261237,-0.19375080538174,0.0176743320158452
3.80423515579138,1.9342041463548,2.95430044075484,1.55686229755125,1.54081815270623,-0.857450337431046,1.56800000696583,1.0731518182163,-2.10235915085216,1.49762003498406
0.532091836273157,2.69440523545147,1.86685691792804,1.22081163687734,0.436015628470963,2.03651698929174,3.16176528521914,0.898777704861103,4.01703305511943,-1.29950353538533
0.895277940878808,2.17871397772334,0.32693242728994,2.48345812129209,-0.177640873866886,-0.230977750846317,1.23333630384261,0.0489462659167117,-0.697686199170668,-0.532883129505093
2.87931729917567,0.171893940682306,4.75036627056978,0.200515800610478,2.08390018962366,4.07976333741703,0.992047956302756,1.10388513011728,1.7686006285167,2.26091305670917
0.278252385033094,0.993688140849529,-0.999090889824937,1.30911822803335,2.33799677574679,1.19533223297187,0.529421231310349,3.69328129668867,1.74070996635503,0.0958155788155456
-1.31758881922255,-0.0372311603775041,-0.753444208510511,0.515198100962096,1.00439744179554,-2.05785014938392,-1.89569017978922,-4.46588504047181,-1.67983692072215,0.338206174219208
0.43308447359127,-0.671664270916875,-1.03850699318314,1.96583511340401,1.30019954980322,1.93219589171066,0.597667290039462,2.95099952119262,2.72169094071539,0.1435639457351
3.01362133999878,3.79034958712472,3.62522295502541,2.34883588050988,1.33070722699408,2.08374378047938,2.24035728977276,1.5479030812252,2.00749711833082,2.01355526647171
1.94076126759637,1.13330184682737,2.99835920488344,1.95315927777542,2.69887337801264,0.894985384448874,2.19332525392085,1.8315472392224,-0.483394834278615,1.86161026954336
-0.363591266281307,0.348438005364571,-0.474950400349389,1.58517661013922,1.5192549773256,-2.67856713901159,2.30207636136346,-1.38580801202574,0.566846863290131,2.47746087311072
2.72874207831604,-1.63595754522225,1.27082450598601,2.25552659878271,1.34780252394718,-0.384844621633441,1.04667841754286,-0.0131679169479542,-1.44328886560194,3.83354858863381
5.17851891437131,2.63189477201456,0.962362604079444,0.778776199164748,0.885037834588188,0.554507359839976,1.6112173257578,1.00989447340486,2.28881455626473,4.32541336566457
0.187691199239121,-2.04232626403771,4.15545528236887,3.4701509210215,0.0989257188044705,-0.0013444784574983,4.27307770552517,2.59784705765711,2.46092397470425,1.02558084510117
-0.083671525007545,1.66516617886264,3.80565340735907,2.26778052635514,3.99837932900222,-0.603731788445657,4.46737505884126,-0.19691824886735,2.49145758394226,1.39847016669017
0.920614451236701,-0.243102319595693,1.16942254889938,3.40244656455607,2.10643224692681,0.771566336293558,-0.770929071570995,-1.17308243593917,-0.666404814898792,2.22344818106798
0.985582648797592,0.908616758358572,-1.28946219197025,2.85925335041312,0.865030487159966,3.40344504657111,0.624194090821611,1.58428648643444,-2.14171345012222,-2.56013332122841
5.78193030195524,0.744398331007441,-0.0499537206573204,4.96517971041195,3.74604891601508,-1.13087164958521,1.5718082540826,1.18267328524025,0.115496330603993,-2.0406102869187
3.09847015906555,1.79644555513935,3.13730197347237,6.42290477261096,0.108484301542032,0.719383548984834,1.95369487593588,4.93255273349271,1.18418865106547,-1.01840796358644
0.66556124886044,-2.52061128910697,-0.245671050914562,0.865103573141165,0.788897227688858,1.91554990396596,-2.2847716078401,-1.59373636276643,-1.00640958507378,3.45358836524911
-1.39415274659521,1.98900603218514,0.0523296766745733,1.64516283574122,-0.0964131788941087,0.583203617815303,-0.587249343988396,0.480901440291315,2.30980567962794,2.3089813307499
-0.0683580074927606,1.24937370939382,1.67310938649441,5.06512271200599,1.74731999152501,1.77459526023127,2.88868557540262,1.08630006463113,5.67137873411187,6.30184775089868
2.63163662714364,-1.04997906201926,3.71885415045248,-2.20024773386703,-0.554569800576108,-0.638696394059052,2.12468399402304,2.4163666608507,1.59210155828518,0.551681891369007
1.36821119187131,1.63274688855301,-0.762882551160905,2.87084034669685,0.0363162580649169,2.88505035700711,-1.05443689680735,0.863772707696689,1.89174018971874,-1.81001142696236
3.20346729859783,-1.22741444806915,-0.273199702268051,-0.376760288032986,-0.545632634126666,3.75442378395939,3.81288969211031,0.463224739437018,0.152763497655785,1.16461782371261
-0.517737600416332,2.44854963692887,-1.26252173369054,0.626037210135917,-1.87009811250632,-1.39195326910574,0.965592226079666,0.916799206200992,-1.43013392188357,1.79334091135058
-0.675465163750089,2.88725901683386,1.17792003644846,-1.51675001258979,-1.43939901148043,-0.220418458088735,3.58024815521506,-0.078157212087277,-0.641330446670538,-1.96924159134673
-1.27616622987076,-0.0509101038927982,-0.119986866398066,-1.15796713857569,1.2138875839815,-4.64024201668811,-0.28847343875524,0.576910658556153,-1.19390858404756,-0.459221147462409
2.73718027153565,-0.205500357617631,-0.543178287683273,0.250411319145898,3.59464845640912,0.541215365890602,-0.612896545825198,1.649050847129,1.43463025411653,-2.38189016236417
4.37128834786577,1.34299386977881,3.5018567386952,-0.493878846155585,3.31058993686809,2.7557447293767,3.57543120750328,2.64790906579609,-1.03757114082331,3.21523073086333
0.135194189034201,0.755604930002021,0.832986453468333,2.19219173405672,3.48849370120715,0.482559809546475,-3.72238685869393,1.84538044375443,-0.680039932641797,1.19097593338437
3.28425555604772,2.18426599001118,1.58971481653703,4.54255222491676,2.43150359814915,0.156922910010074,1.85286548598512,4.38493317680208,0.522506196730993,4.38387580638231
1.94572051607741,-1.41286053376377,0.914019565995362,-1.08448327434862,3.03775235644714,2.77301681391627,0.497886541810045,0.398379071515102,1.97432360477389,1.18473996171868
1.24491010014293,3.33871249246624,1.20788188944132,3.21783259013694,4.2975579466072,1.49432128721129,0.0502340782524566,2.72166599198162,2.37617323987827,1.41515444848069
1.36766470581277,1.3046697048109,2.07595768147081,1.20363759115998,2.06829397328359,-0.429917147247221,1.79612007434193,2.21802949107011,2.54643732887914,-0.36452399260817
1.32403348609793,-0.14400547720632,2.30413534546547,1.69899436576605,3.80637883812427,2.6905879297984,0.828372098832907,4.03759235828288,3.4481107046547,2.45306353170242
1.01101302495158,4.71587092255256,3.55855102751409,1.78151730523959,4.72066870561569,1.27171178009811,5.55691839755439,-0.215327465360073,4.00974405714071,2.59391260054157
1.57039917604942,1.59391771891142,1.09954958051282,3.8172111580357,-4.81787542114873,0.661566514307291,2.48951912212923,3.26001315798702,-0.32532814921828,2.01568602654857
-0.941927670143551,4.15065035253605,-0.295571243825755,-2.33694578024035,3.67968618605657,-0.586968677827246,1.11563629393455,3.85661749548206,1.21628764071092,-0.819672358929205
-0.546299554517043,1.20389236624045,0.287844931821075,1.83649008406076,0.498831408435686,1.02544010297255,4.81111396076361,1.59568176534644,3.54977131433135,2.83223354818261
4.42150241046032,0.566277108142788,4.72550653893843,3.28061695131877,-0.93100316039713,2.62234586249571,5.55352495387227,1.27616293615663,6.11182294271961,0.498406386157924
0.617770856282862,-0.125096929453518,0.285473019498919,-2.07037956094667,1.97574547849122,1.71427119663688,3.33632583911349,2.19404179746724,-0.559316073470618,0.77469950514202
-0.480331802915269,2.08527787823521,2.75699646614606,2.70264950257265,0.435563194092662,0.924732761878769,-0.677068616427483,0.444167034880569,4.32599620550222,2.31764054840182
0.156575110273749,0.75166654379216,-4.06023494726963,1.54378475222055,3.08779315357332,0.795628333650299,-2.1181669266791,1.04645198224453,0.740078248760567,1.67841703267627
4.63236241156172,2.29778047308488,0.456527970323691,3.96562375247251,1.67878260724465,4.16492333836993,3.82871175700458,0.778353932448602,0.27097347408016,0.608740963697246
-1.1463677144597,-0.705510970278755,-0.628260721125476,5.43142746167567,0.922536480552651,2.71919141800467,1.06174972798335,1.24589553256418,2.48627438640723,0.918725687688568
3.28732248026007,2.86561144926467,4.78327514362481,5.53977353747379,4.52858473223039,4.52676811368613,5.69757819187521,6.74168886310818,1.28813897693998,7.44866288654188
3.0573458407264,1.05223953237826,1.69521447958714,-0.377943805356726,-0.986610259632909,-1.8920393103905,2.79660425564177,-0.0456637858509557,2.2085206869859,-0.242493993822277
1.90629546761205,0.621604592790227,0.688378272758488,1.29986190869848,0.309081813354563,0.0455356725965208,-5.14902718560122,0.558305855888547,0.755620328369874,-0.384679727626056
4.01244008255919,1.45062214999427,0.951191767673774,3.44447588134924,1.26817696502354,-1.02772171489109,3.05059194024751,-0.359726482035847,1.57605143574562,2.39533034331219
3.30178706799795,4.41524157546973,1.05533135822104,3.11945111254719,-0.966804347912276,1.26155052590789,-2.7621159970374,0.693593124103716,0.798994188479701,2.85820446435436
0.288887695210243,4.48069821265156,-0.349029508633036,3.20901104088555,3.17991025086779,6.22534019446962,2.7195121015218,5.46247345890598,4.67242466410284,4.71345910204956
-0.750688433633097,1.93886763800333,-1.90733412167597,1.88020127044799,-1.60544390812491,-1.50893171328234,-1.31075102114392,-0.230001395859018,-0.504037369745598,4.2016227980716
0.819510369047672,3.70225662345861,-0.531216411621301,2.03258675943352,1.00290615550149,-1.74621029993611,2.87531361162254,-0.172583352843858,0.930814614627505,4.13162861257832
0.372526928139274,2.54991229746259,2.54555054138178,3.52095120910526,2.41481055435198,2.90585141613141,1.53469427016388,4.769564083791,1.48748040337804,4.38372815542677
1.59410082583969,2.01946494849276,0.0645908039157853,0.39217142559091,2.68940407690657,0.53229515473535,1.47303049783131,0.200901371971586,-0.510540823019765,0.0334254146766719
0.771897291099195,2.51067562837543,0.439789912647183,-0.765226840764511,1.93430952866947,0.362088852905897,-2.72909309005885,-0.202787169806916,3.14795085549014,1.68581016134741
0.202463738400315,1.29223294883206,1.03999797656495,0.629100872898606,-1.66301632804269,0.876575922855448,3.23878670896977,-1.64306200752472,-3.75397018591135,0.671753668819679
0.562495064087622,4.7835505367433,1.40070944336958,1.70935158844647,-1.98510160325525,1.12505272743988,1.94109959816937,1.93386930834393,3.34026382778133,-1.34768019219286
-0.0416695501410902,-0.270552121725361,-0.577965731677316,0.920050397340131,0.885250794588687,3.8414744014496,5.39874748078981,-0.0139044719054358,0.0630878001611123,0.973103036503572
3.27104736045687,2.80535429592699,7.54666529990009,-1.53702402685184,3.09929770749023,5.82352471639394,4.29204404740859,5.59939780745117,0.0774148358216409,-0.267772345617327
6.25765737675723,1.82312106141352,-0.171334097163324,1.36762953032135,3.3240672235544,0.00675239248059389,0.749952457586121,3.17431136922688,1.32028115213574,3.78111785158661
-0.440667242042593,1.15548957347401,-0.256471115514338,1.2286005374971,2.5831918030289,0.917613636076481,0.0941951810758757,1.39135619346564,-0.686356543433564,2.19632110008595
1.6540274851091,0.396542875326793,2.66737904102776,2.67827216853472,0.272687083185998,1.74399713067822,1.33727255463136,1.1031560333919,1.25169870086632,-1.8028469073664
1.43655983435838,1.48101446099367,0.629854545364847,1.13577234612805,0.216608987830936,1.03011421986254,1.25857168847313,1.51682829663449,-1.40079702781932,4.83637125408769
0.558609065698352,3.19244251326778,1.09291560035956,0.197691866275641,1.40641657444172,0.0370543136417078,-3.15223555157083,2.44189316292337,-0.368197309668506,-0.110692715896123
3.69645423622039,3.73801362244789,4.64485921432618,6.28474164374535,7.74816066659496,2.93157402998561,6.76646524604592,4.80660692298007,0.537074526060355,5.13709063862143
1.71812336917797,-0.177974153453775,3.26221348384636,1.17747553102998,0.939074339879498,-1.64438394361162,-1.1255710412021,0.192015797740166,1.73550840410999,-0.518551361912499
-0.22246821046861,7.13664507499286,1.27216138747413,-1.34616796722644,0.419143627920833,0.578858025917977,0.984374175574105,-1.04626086489174,-2.61167374213323,3.68598958973154
1.90513320802007,-1.27182539528968,-2.17818957612089,-0.650379410730184,-1.04390504362764,1.6248909198235,-0.283919685220614,2.512889912877,2.06903792538113,2.92997746920811
-0.350397685313968,-0.93892163348621,0.233033075527711,0.913639111072326,0.432759633482756,4.27907176877314,0.834323494939715,0.721828491645069,0.445063079048445,0.128167177903404
2.39332722233357,1.60143401081716,1.77736095399495,2.45500233284046,1.53033404388342,2.07674161770877,3.60228963486344,1.06595584427892,3.26182306905686,1.11178811960908
5.43653800715169,3.39486766636094,1.33436476845396,4.28937623311997,0.202642597479124,2.69624012108856,2.00955074375089,5.48158341189693,0.471684636577563,2.99337742420337
1.80461202318311,6.73121193412986,2.14142148817096,0.45228138800182,4.39354468207639,2.6575321708326,3.32505449292315,4.47222640321392,3.25419497505891,0.360354405923268
-1.2149820090657,5.40333333615127,-1.64537180631479,0.0691449795024417,0.436263854768758,2.55846913701038,1.0303100146553,1.5388924396731,-0.339956317721753,3.35542611620646
-1.15842686991937,2.45249093271686,2.05466228308772,5.40656528192016,3.2361185775768,1.38551426910833,0.614249202071222,1.83267473399101,-0.394238466684835,3.74002125137264
0.60181042049655,2.1802237259213,-0.467549108855378,1.82366137136483,2.28301434033646,1.50038475636445,1.33398881393161,3.85371928819609,1.07702145078698,-1.53544747820267
-0.761077884700385,1.13110837105647,0.814346169936032,2.42786648670283,-1.68696445082728,2.55832912380275,-0.403605797296194,0.994247566390918,-2.91171732830675,-0.759991281255025
0.362219800615336,-1.924317146257,2.81590262007617,-3.34683924737093,0.157165536198737,-2.94654775091441,1.44324528659503,-1.56323500760293,-0.89786908206134,-1.75184674128484
3.46135983088325,2.77501083292313,-0.391291147456888,0.468357126572766,1.0253574936447,2.364741097407,2.09911057359746,1.085837558233,2.37390948213157,-0.864696631543883
4.55877103050537,3.98477029115591,2.23443877785446,0.400542128701049,2.15132853560035,3.17362920179753,1.30037015643507,1.55992938586768,0.306615711478947,2.78247653357075
0.947238518050359,0.671338604078407,-0.255012897269985,0.040044486814023,-2.04239468330362,0.309545212590638,0.257109503727405,-2.87861069034753,-3.56651276041932,0.161611327972518
5.042269605586,2.37137737911123,0.519731586468595,-1.12724493452889,-0.669109963487128,1.96044046296884,1.11057498594228,2.52977148897073,1.30856053252786,1.53753978440011
-0.927898281210952,-1.64334646779214,-2.19950929672028,-1.76970282606495,3.7084916813653,1.50364481408525,1.58152756926586,-1.25891663318401,-0.703841506990153,0.575110191705547
2.36450867985446,1.86775192248133,2.71175134110916,0.702954199777539,0.51666105225989,-1.22490591840405,-0.0680780575486164,1.04608019958269,0.171626513157948,5.4329213967023
-2.51091459024912,-0.0740895082407958,-0.883962612227848,-0.0507558763225712,-2.5093858529056,1.00190141418961,-0.247660479999738,0.962687677509732,1.68567628956041,-1.60551464035779
1.96504166607659,0.457418356416097,6.78203458157139,3.59974049036182,5.36178213007976,3.20644910725639,2.5562202070042,-0.0278280188714293,0.471333743763718,4.68784915842147
0.040532785041519,5.39920396354579,1.11791503788564,-2.08782610742222,-0.0036473120099676,-0.0133399569884318,2.03397303961109,1.68671943516611,-0.338081518514531,-0.58679014346597
0.799854988037527,1.76617816313108,2.46350049997491,4.19794556180204,3.47624573605938,-0.417978814788162,2.0578600120243,2.33950863707839,-0.805645594798866,2.85964369950667
2.01024459164388,1.36434739036591,3.06250665140815,2.65314902026129,0.0195539871071021,2.03634811859391,-1.2841604803905,0.206836849639226,-0.191777222862191,-3.0803398492691
2.71979751774432,2.10059676833576,0.779478952009504,0.859004820242526,0.518818710595184,4.82904140872214,4.81998250572837,0.516611911650343,3.09621752854293,3.00435536669342
2.1533011899044,1.15479256187208,0.167516164488288,-0.142470049979958,-2.20639931595244,-1.3097910394093,-1.06168316894098,1.35847051599018,2.14784194795631,-1.80699824473413
5.84270854637758,3.53327818086177,-0.772097140149437,6.70958523011625,4.17280976053283,3.40723247646475,3.49440209737733,-1.50629772315832,2.53271726746411,0.478942164825402
1.60876449930709,3.16822840675653,4.19299666671574,-2.08885840402986,1.56888551656083,1.99790253430016,1.88813677539537,5.91247191712953,3.58564136520639,1.24096665402508
2.17103983275252,0.785411380357986,-1.18128706159418,0.0633887193069845,3.11632616469317,3.7472163340391,3.06619102951839,1.67087463863781,1.36609513517272,0.725212274515775
1.27595699836213,0.333047833420937,2.96581475257908,0.0411830590817037,2.18085245425709,-0.0224034351044433,4.60008355653316,2.65319800351975,1.29337764625587,2.61351722732864
2.19931093126426,2.27254122619174,1.1316469288076,1.8831092685489,0.91901888686545,2.72914218254595,1.05545860004705,3.01133629717607,-0.0634749537011445,1.13056518448563
4.57558988117423,0.336065155056678,3.3355565473954,-0.401325405748922,1.13194491529086,1.37256537905867,2.763087058971,0.76841561670678,3.47046069109256,3.66921832149841
-3.1172917213257,-1.75741284562777,1.0409022563636,0.321311023453038,-1.22032060790918,-0.0705819765464626,-0.796295834913846,0.560958534547233,1.81099157972203,-4.7195836816154
3.08486901902271,0.988033849940562,3.59360426360719,0.45158652080355,2.66216502641647,0.58636590732507,3.14109883319229,4.13260702245239,-2.39931474068337,3.98083072570816
0.493955673002905,4.12449980182768,-2.76596150028828,0.287314474304382,1.12126555892042,0.136515464769463,3.71900770409115,-0.830359737744821,2.54090992727875,-1.88955426907846
2.36748684873665,-0.564253563540573,1.8961545400576,-2.14266388799069,-1.09754873210134,3.67396930676001,-1.26441737429042,1.77678058864715,-0.48522123428585,2.58641256269653
4.9267091960786,2.77155603528425,3.74727782723966,2.69086604041695,4.24143963653021,0.101946854315097,4.48372492639355,3.79075438019481,3.25822925000866,3.64351196085028
3.86809968653966,1.06126344545801,0.22366163744588,1.00764345339938,0.571315128735089,2.4282427256215,0.913819624337348,0.293075615006933,0.507689184089941,-2.08088015948167
-0.0239359257070286,1.0229422070894,2.66007775541383,-0.507671895505397,2.24254634946629,6.80316891542187,0.25393629809389,2.03503177629919,3.30136966218863,0.194109896024925
1.68149342319166,1.82487526119976,1.02485504135357,-3.1755217378866,-2.3689086886526,-1.50367919306839,2.95851738026715,1.62223116241681,2.40442289044629,-0.236710931118862
-2.59674459119924,-1.87646741030365,1.2934618475033,0.302202759516817,3.69673995716988,-3.01986355347897,-0.538600664084163,2.75790585502157,-1.99318853948994,0.861868077750135
1.26768628926494,0.483297432430517,-1.32035645541564,1.83442638749917,2.57367983131866,0.511994340844483,1.47777833169234,2.73974996825547,-0.0143200893784643,2.42430237701607
0.992761727831923,1.04747426062632,-1.30122221057579,-0.0173269478637716,2.08541530060794,0.271383250554126,1.19758207511142,0.349131776423736,0.4341118680587,0.353377127640664
1.96180931813591,1.19894058626492,-2.64488406655708,-0.722692024014572,-1.50262072277157,1.53703703130306,2.78708488117137,0.801814559712837,0.153437009625986,0.893070216968301
3.5852519308656,3.35598805318143,3.62477652525312,4.04453809678168,-1.97588376518355,3.66909034541728,2.8200765932574,2.87220934259602,1.53661552834983,1.45285654482648
1.2436708808387,-1.36475004823865,0.70548880755928,1.45981695249487,1.96446143053991,2.42848526173459,4.46193189194935,3.86654438525962,3.90895581181882,-0.478350201751313
1.97186038142652,3.3596278513621,-0.997202473360097,4.9699220693301,4.23557386004199,1.17262125086809,2.74030462916026,4.34752831772211,-0.95236001734113,4.38348897546969
4.36423377344717,4.67724918199858,1.13788140421071,2.21764341265324,3.23112746177424,3.16142230090661,2.74522121723166,0.998540042581103,1.43402735266539,-0.45636596599394
2.89122299191812,6.11063014790161,4.53875796436275,2.14887206890893,-0.761617452036971,1.27208560653353,2.64253681289491,1.09760139872742,2.78583335500615,2.75400130963502
0.444570495437119,1.79253817636169,0.235555101842413,-0.584839834994559,-0.743661521263355,-0.117980930682774,-1.12350864880344,0.169696289198074,1.1773912057256,0.102686594106494
3.63042192905634,3.51131568340463,0.46806294804999,1.52079956167248,0.00274920481383423,0.275639514716846,0.00116744464588314,1.84437869206333,3.97515376951455,0.363847459854355
-1.02359085580326,1.43207046656903,-0.152156639740157,1.69958011553445,-0.966714888862554,1.12810382521821,-0.857751393406135,0.616908765662072,1.02314580357256,0.907341203979853
0.833881162956223,3.03399597119018,3.24451797928836,0.211347490813017,0.818449972890382,-0.779491540501323,3.91635168910142,-0.344310061494564,2.98242374436938,-0.512348688614457
4.10808900124313,2.14954160045229,3.81419589311879,3.23739569733921,5.44748625745264,1.30577644617214,4.89079103814834,4.00090664908309,6.4991266526768,4.02099124478797
-1.70747194578666,-1.73745219893816,1.21379354933294,-0.181163485101037,1.89899836098772,1.3340980781891,0.264480854550983,0.188147439031591,1.33844643211019,1.32046953238438
-0.31433804565846,5.08756173400604,3.19780744075118,-0.181905863395016,3.40542451752871,1.59675034227849,1.36444824972597,6.67975110619203,2.25604791871816,1.73193485732175
4.1748311953189,3.10428724735357,0.621870450518133,2.87252973830339,0.0470361083926534,3.78487749819895,3.69872022850422,3.27298406185463,3.23938415329564,3.85196784901312
2.23528772500639,2.36203946753238,-2.33762580029709,-1.02708722529212,-0.74147035516281,0.473897847852199,-1.41558983148847,-2.29564722127166,-0.896078505922206,2.30341474987234
-0.23287294360289,-1.40652620160284,-0.538572820992402,0.982162681639839,0.662833102264402,-1.27738309933837,1.32971562965998,0.286583587564552,3.1601942465957,-0.893189523917322
0.159175805740413,2.39261585569416,2.34176371972548,0.600403236753662,2.37181637881312,-0.272973874241676,-1.41403494106625,2.91102251047601,0.546170809980126,4.84943487236473
1.73854500135455,4.47159620704115,3.06995517284595,-0.74698289279251,0.385201252125981,3.96814305348752,0.725025469300546,4.03475505072677,2.69735308577189,0.143324992814736
3.6603950009997,2.14734564987908,-0.198936969658326,4.31769306878063,4.38388077674327,3.49907671818491,3.5629820116624,0.309768208043111,3.68283537458814,3.44777029528911
-3.15829477703865,-1.45157446761653,-0.596094708747734,2.10827425710971,2.36884862314962,1.42719071204803,-1.4300183716944,-0.762968395081866,-2.52620863241608,1.90007870447315
-1.89523743297796,0.493129264989671,5.97729812868725,3.32710693098294,1.91413879309995,-0.635932915802403,1.56286288411174,1.96727371600063,0.830209955810851,-2.7466707116934
5.71859483100879,2.14036131606835,0.154437065626456,3.12842649734046,1.16185794682784,1.22207364421006,0.518197450007934,2.70840782771924,3.59015684655252,1.34835033674674
5.11809688400425,5.40799161057353,3.49243690243991,1.2372370641898,1.3755073820759,1.77026675839579,1.89974766728775,2.09970945993359,2.56273815718447,3.32070171269309
1.48819992693661,3.24408808660211,6.12873305677976,2.49223644835454,3.87090008512177,0.659735977780068,3.64571849971383,-0.326269814900864,1.31501386719058,1.97117005212602
-0.599211806080025,3.38597292256,-0.0803812429377115,-2.04411856650349,1.38451593957732,2.3186982517134,1.51028847219869,1.65317907529631,0.202240999992435,0.517811993833162
6.11309093236977,3.90691809176947,0.470440454799675,2.74721015076372,0.23029073915883,1.8010699353583,3.31023588250769,0.859425194074003,4.85152269171911,1.61603535387912
-0.21175264601372,2.77117339651922,4.09364581373486,0.550964613661105,2.42544501717612,6.94363215312483,4.42212423412074,3.64905943696514,3.74191272315875,3.28809672216552
1.51049318411184,-0.466131730553422,1.16458059677767,2.80665296437537,-1.08409697612305,0.549118847484998,0.843719932595438,1.61415936597325,-2.05863752595345,-1.03343426319054
-0.00101008925542436,-0.235464168527316,1.95842530928741,-0.0406631786668843,-3.28428542567359,1.06298479183864,-3.03025647916314,1.30191141457611,-0.73102468696115,3.12246270751441
2.24642951922157,5.13763582826404,-0.240404019684315,4.09271535121561,2.71557945390273,3.73486214591546,1.51233143705879,2.26022415610668,4.7212298008444,2.44665541648883
0.34713498341356,0.866111753131467,1.94035009338723,1.39756069028227,0.337351514670397,1.71276706288597,-0.132931047185373,4.15503659838202,2.40682707117402,1.59779639929301
1.51821862227578,2.11435588483921,-1.7123449214029,2.23898614412584,2.40663273189662,1.20000187745341,0.545215696354467,1.39514149887333,-2.14888905521984,0.553535646738036
1.22086123306622,3.65705870414845,-1.27076434587899,1.77072674471868,2.57398140070518,0.159827968618171,0.671516781920961,-0.528522977651101,4.13444844052758,2.7888461761652
0.764585576148606,2.34093256082819,-1.24301040218186,2.22023422065362,1.70251718965132,3.07593632620067,-0.171478160221796,0.150826165740828,-2.16375834177221,1.97976380722317
-0.0178161799897911,3.16216417285146,2.28274237481148,0.616843834405723,-4.00507126166285,-0.751015398493417,0.57566524216584,-3.4309933121617,1.72280405130937,2.053486727165
0.107551608900281,-0.415777839115985,0.897266969488541,-2.15686137985818,-3.4696961855952,1.95920650855353,0.87922930009761,1.09746558995985,-2.89455140642193,3.34484950089938
0.692570901532935,-1.25413666633407,0.0128114166484989,1.45462279189542,0.259410789335112,2.14173073595925,0.0224936248540476,1.02342805953773,-3.07615467968466,1.89524356149499
-1.07249083945148,2.4578882820928,0.723564571976832,0.344731790575809,0.565643632037705,4.0324473983766,0.149676029246328,4.1985756732892,-0.559364867498818,0.167654098464508
0.942052909021696,3.46290763633004,3.76801628494651,0.960919997499344,4.14110984803732,4.77659042001214,-0.198241811977904,2.78033532330618,-0.145878838093679,0.87347217726705
4.35457117376119,0.59505131724536,-0.530570696003135,2.51905488759097,2.07708673599658,0.206581532682627,-0.226453223126743,2.45999913525129,2.70355137889599,-0.388250605663896
1.20887694156954,3.49078586806457,3.42182570335368,2.9558134149073,1.14736934666435,3.66967651807127,2.88225205189639,3.58746041320902,0.360774260574756,1.87848535761294
5.44950223435298,3.21614643874217,-0.348113045849693,3.98069821239246,5.19471190263211,3.4667635348366,2.99303704033354,-0.309589026365918,3.554398679861,2.20950316989839
2.40054606440098,3.66309673712916,4.82694424054567,3.01656766274917,1.8594721921916,0.856556697469407,0.870794565672673,0.568645085014891,1.1325677746433,1.96753798290894
4.91370730090644,-0.758846321943202,2.81840118757042,5.76087905802274,2.40455127209111,2.14847726484073,1.26757386786171,0.635304345756844,0.870519021323536,0.937899596500026
1.209495712772,4.05665412689451,3.15973783780115,-1.13971278678865,1.19703656661161,4.64504529712079,0.357333291000859,4.43660457145524,3.17192705212807,2.09550889452907
2.69633481909646,1.36049685970867,-0.727413405684517,6.26693098644619,2.37944945279512,2.09396083071941,4.22806347308822,0.336502780659003,2.01325015035174,4.41744614833581
2.26478142369387,-0.925708874350457,1.41061560805613,2.15764260855032,2.22046090200516,0.806913308546514,2.42408359241804,-2.87920083251238,1.85568390309499,-0.906848223143444
1.99958878956994,2.01955320998136,1.6498592904634,3.37002729112408,0.782042446979998,3.47805380440816,2.7542576063001,1.6543065325079,0.0745924167096093,3.24939968701391
1.8585707875402,0.512683231199791,0.551380851784229,0.558781410398714,2.10068459864809,0.323515294244082,1.78858192778588,1.3003683366356,4.37094818556021,0.956521540926246
1.67695371373749,1.37794481412323,-3.07086933998485,-1.56311292232523,-2.6752887497214,-2.92578143564868,-1.1611037170598,-1.98717978568303,-0.0303977790536129,0.744587655474125
0.504491365033472,1.84497760730967,0.940300323718854,1.47918863291266,3.89503016307287,4.60690495404519,3.52643585109196,2.59111467404968,1.56861345980637,3.53356872987164
0.507759843577093,3.46612270411058,3.57999291089775,-0.87023244281701,0.565597758344102,0.347234604584704,0.3185684490928,-1.13891843445378,3.24847794911478,1.28282914318865
4.82043179606869,-0.337594547469056,4.01114959766492,6.35931405670252,0.696575674505465,-0.151491635086504,3.59367689664615,0.543587573245639,3.8737501910076,3.29861504897875
1.75814321489138,2.85991439683394,0.37164463615443,2.01963963141594,3.37352331659128,1.55751269629832,1.33339225899233,-0.207491861219363,-0.358565469065013,0.229046839569096
0.442374803890434,-1.4416333569702,-0.767570410351224,0.379094977042509,2.57460728599629,-1.25525035923124,-1.36864821225452,0.829046429490683,1.91913940325494,4.28296248389313
2.58516797455746,2.32075365015951,2.52348524264999,5.23656332992951,4.88384337094983,6.30214528403789,1.77614307038085,2.88835316318255,3.34911996802802,4.09566097718239
0.300070445785696,0.827658751428716,2.75646649591167,-0.00680748233651385,1.38540884111445,1.42513877106348,-0.0561216633405344,0.182697699201825,2.07608448500271,3.55398977102784
1.24121025827984,3.41131198685026,2.52364202765715,0.187246165652879,1.97404480762887,0.39418301667162,2.03675682263142,-0.26803535147913,0.807168279440726,1.10027051989795
-0.329735048458621,-0.0349276318687659,1.47835430717526,4.03034397072051,-0.776744233938799,3.79674493289202,-1.11488517915761,2.66114308564549,1.85400823564794,0.0613095279535871
3.43167834809759,0.0849632627173198,2.74409622992454,1.4906144068552,0.395947118367904,1.50707939548208,2.32640483527776,2.61108965906161,2.40235901415665,0.560874611018457
2.93333561017112,1.62181771113253,2.47563247669006,2.52258173656903,2.45044716182403,2.7038783521889,1.78641565739363,2.75393759099669,0.209347971812722,-1.11126315823225
0.357807358455821,-0.734895190623633,1.15491695157903,0.435864113925379,1.5335038015678,0.333511976968139,-0.654718458645463,1.57416962668923,2.01694578311198,-0.467883865767628
0.414535545090638,-1.73205708702078,0.981592693386185,-2.6181946216985,0.206949990816885,2.72338575946544,-1.41154863931319,-0.165487330006178,-0.223777366034108,2.3552700676024
0.314311781219226,0.759484859091966,1.80841231733025,1.31261944912074,0.75106639164745,-0.950341076684046,2.62563602755307,-1.72338160967102,-0.28861707085442,-0.634657993106603
3.34331384499727,-3.49820519021315,0.534246953739442,-2.08787980661201,-0.413390133858401,2.35099186516602,2.5725410597459,-1.26732227037881,-2.86341083396456,-4.58619174650756
4.35171186781995,1.82651815757901,1.10747864052056,4.00628522723572,3.37884039917184,4.44757570171157,0.745900059164843,2.75827802123704,1.772833794131,3.64435202284323
-1.31836174924572,0.356859322407946,2.72138647200107,1.63638063801636,3.24293877531763,0.356558312887549,2.93672979654004,0.751687553740782,1.39783361062548,0.925071973058397
0.22243325627227,1.85326410597926,-0.487567269367384,1.42377728720716,1.66938509452586,-0.417566673350425,0.624749104699654,1.8750097001237,0.387855569089005,-1.32224817734772
0.486262103388457,3.73947374336433,1.03081312762111,6.20380432541794,2.82456320659758,1.0482468869571,7.96269681643166,3.67984087201366,2.9690215199209,3.77019597816597
-3.63150951940112,-0.270048263436043,0.997647193824582,-0.846134675132169,-1.92711457328491,0.918586978844146,-0.314462733920545,-0.989183145384133,-0.520072549906571,-2.5398827164687
3.5968975545642,2.17682023049484,1.81911947562591,2.63622167889044,0.155091473977243,5.87093262320634,0.736479279080139,1.364641419685,4.2666569253464,3.67506584981966
3.39788621081034,-2.28013576269307,2.47028860951346,0.294919986583054,0.726025540882876,0.100023085298597,3.60195075503499,-1.00683503711049,-0.17154167064385,4.88670133968193
5.76669257664155,2.75251424852798,1.29648191584495,3.16596963841467,3.98037763148751,0.718831872816808,1.4787023446712,-0.633076263483621,4.08285045860295,4.03213797396083
-0.121059572978088,-1.37139306650971,0.0920771475470275,0.159306051242201,-0.858261811973926,0.541307766505206,-0.124282744480829,-3.18402152373072,1.92746064703204,-0.165270617832085
0.963223093805054,2.74987375107686,3.68481371742856,0.978175926507419,1.41689659455518,1.25825551746008,1.05198858794878,2.97361196592151,0.26546347849994,0.542728938677957
2.76390836023244,1.95187964959052,-1.37578038802871,1.70698691155975,-0.913686030820947,-0.117396494849587,3.31640560957663,2.59110910601371,2.81221517839852,2.8893710776
5.13487023499454,2.56187336799777,2.53301336679172,1.48444711972363,1.68641887690246,-1.83658228468873,4.66673565848203,1.33138727571808,-0.155789137506002,4.74650004063568
2.15096535631287,0.343784016181843,-1.99177353748806,0.378600464938485,1.14855511417811,1.19802719435714,1.29117620254065,1.55987141253785,-0.0747049199995387,-1.83467263931582
2.96210516141577,3.76809779225219,0.63191751991839,3.88101282332712,4.41781080101887,-1.3036317950077,-1.08831957557264,-0.436493989503831,-0.589249524104688,-0.821095786820854
-1.31080929571836,-0.28068939901123,2.3084577747658,-1.46540282040566,2.40169249952415,0.909727167457869,-0.133561112920874,0.248635706047822,2.45564002732064,-1.23083184963542
-1.40910570135804,1.57960097012185,1.65860985388865,2.94723492877043,3.84072544364652,0.202002527273507,0.838243081235027,2.18784661878285,-0.213966181746776,2.76139603221143
1.07623343007783,4.41881942486734,3.42288057053158,3.40754303303934,3.36296260785565,4.31757479840417,-0.143389025459843,1.65750724243352,1.72563708151276,0.7143643214011
2.56908143508025,5.17655107605903,3.43382118105195,3.29679639574554,0.587956913055955,3.53081408053076,2.48835968587002,3.88341351669972,3.88309332548813,5.881793779818
-2.30275654397954,-0.0830360740798231,5.87843273347348,1.34916751347476,4.44479243916263,1.36488845778062,3.26654105515612,-0.119851695832098,3.42268097275679,4.67851164479669
2.56502208242414,2.01298154206475,2.23137357670484,0.792663915013907,0.907960678147421,-0.413206881441539,-0.321278180700231,3.05562378247071,-0.328909055008673,1.17778376096311
1.47900941135321,-1.33246275218729,0.109998883367255,-3.11863529068666,3.4566299613584,2.08428304300786,-1.65619299350581,-1.21280584943197,1.13325702759731,-0.196350367445193
1.90644065399846,1.90334078494421,0.422132111075381,0.746842085239952,0.0905921798450999,-0.486358257066789,0.608077913713254,3.31448277611634,1.60243366783881,1.18184886286455
-0.159514200985373,2.21306090779575,0.290243084417482,3.60677781936132,2.7634663070746,-0.426817408929199,3.59761500563669,4.16448760293116,3.25789602924813,0.673495068503429
1.40460174770902,3.44290120071565,1.29186043797161,0.508231092966733,-0.403657586215152,-0.807070829770469,-2.59276104003571,-1.96042866549054,1.11234927570346,-1.41161238778971
1.14871393895017,0.783514390034269,0.140462876312369,0.591659344707896,2.78396562822463,3.13030276376866,0.822568622134269,3.13823412998244,0.251760704346246,2.6392017289235
-0.155216031409109,-0.679247387881332,-2.30092418038745,2.24563650454834,2.86556663084649,1.32975851044403,1.18902449043393,0.91021416830244,0.870048868099882,0.886778966269575
3.20673789040352,1.16844519555995,3.04515483528088,4.50800734266395,2.15772904983135,2.06926001487407,-1.33856273207079,0.519714775577958,6.14765250970177,5.35173704777191
3.99632509538434,1.83275084190938,1.47974494377887,2.44844787184074,2.33292968581553,3.71567629967072,1.84219608608114,3.75018290797361,3.86984806270007,1.44858472847102
3.10802271055681,1.6440970367329,3.01229769281164,2.02851948989242,1.72600081596577,4.37617226345304,1.87341915726156,1.94826096806869,3.91723497015594,1.55918799233787
3.18617664296276,-1.20783929639901,-1.66939847711799,4.07619093588796,0.519370512564537,-0.736270168839956,2.57654523134606,2.41773853838382,0.847330311795754,0.698658666900909
0.565537869354455,-0.584619898305458,-3.6048215415648,0.672938157431227,0.375002709562297,1.60877468093597,2.81801714665254,-0.633055158958796,-0.179598072378388,2.28709025490631
1.63596839589624,4.4088866296314,-0.267108222665621,3.10719467837815,1.66240943305955,4.46286935841487,5.42076064755579,4.51491293011116,5.87062781567531,2.18864970893633
2.47427183568354,3.62097348728627,0.136197832933711,1.63102679498508,0.499689076672456,0.635051997423373,2.87839889013779,0.105804708305174,-1.19381930754281,1.93155960669115
1.90970345537162,-0.798369388187553,2.25792889949028,1.41420572385035,-3.48177406281286,-2.03570786321269,-0.237771791486842,-0.0313728562343914,0.441271665556716,2.36692388576608
-0.368060649014689,1.82860001311624,1.15015719681099,5.01735636371992,0.409038927598826,4.61864601609673,4.31681159543052,4.49238924965455,3.78401805752618,3.46726307397528
0.559833731855801,1.14303964346615,0.743823101706957,2.47936317698693,-1.69769283662705,-0.00912241210103137,0.845570948236176,-0.59329715640948,3.08495902127219,0.853853191887371
3.10462485485999,1.60480034799159,1.36178271803704,-0.406315359334148,-0.697350098735061,0.369132763782352,1.69472716475053,1.49142023063032,4.1098315764096,2.47354232967401
3.63073999137905,3.940968454779,2.96065937513979,0.851348734411332,3.55044574787793,3.49145709424334,4.47560079541936,1.27108425987424,5.8600996958385,5.12519417476935
2.12087690251216,0.751602478783411,1.6897117311391,4.97092109194928,4.70874297606395,1.85732448286771,0.398502662092315,1.42729671144078,3.01867589543749,0.779173631674204
4.3036232468912,4.07183900801789,0.448970834369562,1.46327371363647,1.3937769809754,0.117719816149279,2.65009027872685,2.05823411599864,1.58794837131806,0.863371477753718
3.81640484373037,1.22537933323277,5.88905056877487,0.873483812601657,1.50538492673288,2.8069892021075,1.90461862757459,4.96503122564647,2.13795324624859,-0.942208390468981
-1.28649398276438,-1.38453353629107,1.94353516925028,1.28604232280305,-0.153051287302349,-2.75443837382594,1.51337127666209,1.38240133088109,0.457104266032625,4.17471565902494
2.07273088265231,1.81742566938298,0.0895617161119145,-1.17640928210614,2.46859170837934,1.08291895765654,2.66134201652397,-0.941214412478566,-1.39613415802705,-0.0487156727937643
2.25377060951199,5.90433768729733,3.79487915149575,2.14965102323294,1.30685627934571,1.33091226954534,3.73566978236196,-3.13175569622045,2.29389207151237,5.54079301577538
0.250775120801406,1.7506944121453,0.731884763706472,-0.0437937044834695,-2.47424297343127,-2.05024888731283,2.29450040187068,-1.16906148885948,0.87166221814885,2.08217784096475
1.29087251307235,-0.140165606456205,2.00768157140836,1.56651409833865,-1.34837648776066,1.68370897001862,-0.514410651206003,1.94744717922113,-3.52706467965091,-1.805141871148
3.29437179603875,2.02533137785497,2.88337678986442,1.92930444838595,1.96089862615769,3.97845348193996,6.06262706647099,2.10184854046796,6.50793466242616,4.91266783616405
-0.0424665118187382,1.91435690477093,3.98346944745198,2.41073262199711,1.31726595719888,1.00472345024099,-0.245385110020207,-0.232729848815755,5.55773346558713,5.56687821674932
3.87080913149631,1.02210650938078,0.830279125759837,0.79525445349263,3.45940422192856,3.66536593453319,6.74470265372932,3.77595274495506,1.6071417152465,-0.736700634494786
3.95327718402557,-1.27468904762605,-0.668639326384475,0.704308270373026,-0.387647831510258,0.31349638492591,-1.09823289257769,2.98048093376959,1.22119947460666,-0.0208635955915253
3.39801490376024,2.22995532987844,4.77691343512224,2.11373324574598,1.7776596995965,2.98490193432859,1.05980425774144,4.52981764109411,-0.332005321777405,0.644041569592491
-0.461537253591117,0.629468832877776,0.751651923981164,1.61518645924408,0.307228538132725,1.38284306999979,0.862958778193226,1.17520831790857,3.77822229852527,3.44337771156651
3.84265562036607,-0.00757130517213467,1.19640249329888,5.14565037193011,1.9662636067048,2.22951790780028,-1.31362442126349,3.02492038037493,1.64571953440351,1.67956539015235
3.44256970475434,3.38079583596546,0.341063314733716,3.24697831969563,2.52751184554858,1.61795938854128,4.57200348980043,1.97509308340999,3.48293896260891,-1.50598258528729
-2.78249444827882,3.79228425569175,2.08035907662824,-0.434767902224217,2.0917003647768,1.39594038138377,0.287044657870209,1.77098403058845,0.773466574838213,0.287883107128316
2.31573410188975,3.69612761269475,1.60663377020843,2.5297165692164,2.47062765470306,1.95627589312374,2.58655120774694,3.43286533828985,4.21902275508587,1.81528481651603
-0.217971585922278,-0.452954277564379,0.606922790614053,1.37388821021272,0.537411452140782,0.314825173770073,-1.35068775902072,2.71671120914814,0.884276845631457,1.41555247956225
2.05050058157455,-1.29397003394523,-0.343568644852799,1.00002154845109,0.753431360066465,1.3964155534752,0.918582812379704,0.418580419807626,2.4584746686172,-0.122355630476584
0.158666446651115,1.89548556649568,1.26525682519217,-0.333624418147612,0.955009599056564,-1.76497186206729,0.0631472444641339,2.61620571271114,0.365300502690596,0.578021078304342
2.10989396217844,0.355434851055931,3.05220769564077,1.68746594427438,-3.23565392418013,2.25245129271201,0.700570583152545,2.85851172232814,-0.789732895697664,0.0357449259104948
-1.93881999171358,1.91506090722347,4.91564537466299,0.712798487730094,-1.05773985431113,2.06360499451802,-1.92154659680152,-3.2995237407604,0.683717703569247,-1.36856108901083
1.65279419591565,3.51620948013185,2.24898374531722,2.03799021337195,4.69976473933484,0.988366126849172,0.458359561908607,-0.0759360019033088,2.7967553763457,-0.754763796178575
2.41007814881966,4.46948187122653,2.66858954502466,3.42629288358572,3.6791157932762,1.43899050170533,1.95867419149777,2.67564651704945,4.95109433217163,-0.77723567181666
2.39765087451211,-1.22827424076536,1.46128468651116,1.85590012373905,-1.46561847252345,-2.98328921100971,2.14081041762881,3.95001499538419,1.7131152800288,0.295150665433238
1.07048591421312,1.76609484218106,5.38124631615792,3.49120727995611,-1.60840417120998,0.582236291605434,-0.504451521336871,-0.281463441879605,2.86572959168533,3.88588247692681
3.12530286688868,4.18136375866928,5.12198184065632,0.863276310515936,-0.0787996496867889,3.28395746732605,1.27052564439317,1.69125098384568,1.19770659870481,0.674051531706357
1.40457209583868,2.7464730660344,1.1731250835877,0.745248889885743,1.62733382017423,0.543041954043559,0.190411929190197,-1.95988520788449,2.71437160040757,2.82785226723207
2.98272706808822,1.66630145051289,1.22995189689651,4.03836709892405,-2.7226904038468,2.2447883961254,0.156997515540388,3.04144884620164,-0.521627719520936,-1.90223164105803
-2.80081811912805,0.173196698454132,1.62310549276083,-0.407736185150752,0.642110026856046,0.709100247746473,-0.82021742503041,0.168486069554531,-0.543003587527855,0.448830555846968
2.48370075524324,5.66107582106695,4.98278954345528,2.654296621437,3.75530868372654,2.7990744262289,4.31240688385237,0.320963030260773,3.73146983175908,1.02176158276302
1.71448471275109,0.556699858818767,-0.5706011223736,-0.857783024403509,2.11107202192058,3.65322383621522,3.24634562105289,1.06834065285878,0.953726565602739,-1.3154156065852
0.620760036942347,1.18998019539097,3.37358874009046,-0.266614682222157,0.427121963068229,3.43577860647183,-0.551730349968446,4.46957730859231,1.5743190362829,0.90900593315833
-0.149744244228147,0.930756003609884,-1.92008702075087,-0.538026739549763,-1.02326982370451,-1.28268045644355,-1.62601565269351,1.93255696497076,1.22644952360476,-0.0526106939936257
2.50025653168668,-0.68472188500878,-2.21448047493373,-0.901046394723237,0.898080648073521,4.79798537159784,2.49725807091242,1.19969514452545,2.93327382651902,0.517546878057152
6.01800829878054,-0.142874526075648,-0.198515927048067,3.91471916952108,3.13533520289644,2.23132086401913,3.24290058860735,4.7109543037183,3.10311570215445,2.77231927676737
-0.426310588847082,1.20271755697218,0.0810878966274453,1.36575434389049,2.08603049456289,1.05289423819019,2.29731826602941,1.86345407073661,1.7850507375894,3.52738226582384
3.88492290917533,3.69094285023413,0.187064660517733,2.97658446574783,3.5967845665503,3.21341269211367,5.42010026725715,3.51522949127923,4.17652962440834,1.36268884461386
0.548061997733349,-0.279159437022285,2.03555563010857,0.212435182242315,-1.45527779848822,0.339891670842576,-2.41890986407009,-0.456973672270851,-0.76322737869215,0.612208802858741
2.22891341100981,0.722432266731851,3.81133569459891,2.14069721533475,1.00944854110082,4.57347494154969,-0.461176083353069,0.324701323573604,2.60517740436247,2.9450840492334
5.30534785911424,3.42868690460034,3.9490719378848,0.509572219113867,1.12251776739086,3.2894282122109,-0.0429555580403647,3.68120101868438,1.15192327811125,0.901339825460921
0.783918366692412,2.64781750585164,3.47678609876451,1.88695978813855,2.52031650327256,2.11797418617217,3.22948419451687,2.22232368057488,3.11911903500865,0.832740893506137
3.02802501634399,3.75276780179781,1.92132610326811,-0.971970484408181,0.685465640081752,2.80539464797914,1.25363769457942,5.47967938718861,1.93952681673035,5.2197555475688
2.24574925491974,0.650300140895004,0.960166045966058,1.65246020220437,-0.427134037848465,-0.0815113818127351,1.33675736906731,3.74702109236958,0.712032362103689,2.3271725912781
0.429835091124688,2.70212198643104,0.00592601794581338,-1.84246412140677,2.21033516610354,-1.09752738119094,1.23286096461266,-1.89650443376139,2.20815629901417,0.638381096523315
-3.46061017194921,-0.516797420796692,0.328395471994628,-2.31064388148295,-0.923679417589117,0.225328864631579,-0.526935024698349,0.826281884470797,-0.773528468589682,0.449565686070609
0.369482403626571,3.23940375253083,1.36509594889479,0.563039148621982,-0.664749616287631,-1.14858519806108,3.75698759768464,2.62277764480875,3.08345701375249,1.22286576089367
-1.37713982208129,-1.59531413330361,2.45925531777262,0.54466721209521,-0.934060841655238,2.08856975736304,0.777771311454126,-0.726123340172122,4.50212207235371,3.841053475104
-0.240754212958822,0.3431790725735,-1.14304778946587,-1.10273615006213,4.4498432300314,3.11171595570073,1.46795260768867,1.61303288757159,2.40657794078217,4.90942733309116
-1.15273785335813,4.01551443853013,1.75043039297157,0.983423334216848,3.01808338825975,2.43038413958015,1.76896337903185,2.44507969417764,2.8663826658126,3.21873201029399
2.01139487356647,-0.81199204596837,-0.338568045012755,-1.09189471585692,3.78852143700914,3.25957335816098,-0.258891090125288,-0.378041506865987,0.687735610868613,-0.357287676335565
6.0005404750776,1.17853115153379,0.644091417108516,0.627176451335324,-1.8501240579185,1.95645681692575,2.65061920814737,3.20490365659604,-1.29520212279688,-0.0247442025469344
3.65323173695694,2.34855166265534,3.63159282396882,4.19423101322451,2.11113805499155,2.31180237493096,-1.54587040819864,-0.170881177356209,2.91603262874162,2.3139992356702
0.61105131963352,3.96515534985417,-0.310522000071703,0.92486642942672,1.92189097541377,-0.715189746351431,1.46545024507541,0.737656365996249,0.44367621225732,1.77193818391522
0.616665366406819,1.81018656198011,1.32106968989738,-0.158004323780318,-1.63314767298912,-2.7520069723589,0.0748579446443859,-2.40539000251393,-2.87896446329354,0.223207061762981
6.00603381944088,-2.10785186292923,0.456259009406536,3.371533418164,2.30839915626955,1.7831545295203,3.45708933527007,-0.118517028854123,0.853007956722483,5.34803091252738
3.20586790107745,-0.731199095972261,-1.27071931728917,3.38948140555725,-1.49201875841016,1.2166673132712,0.284201887607561,-1.52227217893636,-0.575926223543949,-0.80185721369737
3.95133013554019,5.79721583187758,1.0372141232068,-1.38904179397822,1.91558834417476,4.64637885430023,1.0113467070359,3.16441693524693,4.62189307450379,2.90745538636729
2.03157906572756,2.06197961563904,6.32610708692926,2.34962467315416,3.87248107395463,0.767836825609265,5.072588838364,2.0648978958141,0.947686364806541,2.59251859312526
2.81422145535837,-0.978116401719546,1.9341767999683,4.31167288876065,3.35464762789668,3.78201220265045,0.256322718165098,2.48191840821968,2.61589567605587,1.49321617841632
1.3476402499745,0.533732485606673,1.58953701857584,5.14934537151158,4.77509659505813,4.17671531592934,2.38454866689752,3.30196779065639,2.73232227411751,6.13299505991448
-2.58569014970283,3.43950538516845,2.35629989543558,1.04710236869498,-3.62376275148904,1.55891736101501,-1.24251221092096,-2.71911131976206,0.0236083439549948,-1.8108381555215
1.01398503143144,0.796721033505027,-0.96535065145688,3.64486108011904,-1.29111997891642,2.20242945197732,1.73451096245339,2.93503291901202,-0.0040158879456702,2.04276385767587
-1.69679910759547,3.34409082126434,4.181503140786,2.26518171576933,2.59539011947974,0.829566531823784,-2.90451898732386,-0.0643902076775902,0.810835825743443,1.32838669113704
3.24060905778648,3.65107451777406,0.913098684475396,2.74170893344741,-0.237721216592214,3.99104069654617,0.764207049644769,-1.19280040304892,1.96957082816306,-2.23146171075097
1.52079325152979,3.14366666079994,2.11379342284194,0.873742607261205,4.16107676316895,-1.05572838991023,0.498122280525375,1.35892171539637,0.797151208674479,1.12611014324803
1.89503291731861,3.30682483580705,5.24156336424119,5.20844791755649,3.88779973419046,3.79084850829984,2.16938939495901,1.52440197602098,6.19684186356691,5.70760588664709
2.86153677159855,2.35669239508275,3.62861014121224,-0.291377789366552,-2.49373367246204,-0.733231933286654,2.03675877278875,0.243516844297827,-0.565902452999123,1.30638685381477
1.72281151580156,2.72028703550294,2.99307976873703,1.53174253932739,-0.362121345663549,2.22866872546247,4.2064271133,4.57340076429004,-0.634801114107842,2.52712981438039
1.08919682597897,-0.669949171506178,3.66139348091741,0.0799647895405416,2.7616410593181,1.15161769390862,-1.07189469639763,0.365288743290834,3.6585789623238,-1.37788415580578
3.65923047229964,3.945160247669,1.15288261660836,5.14314802041704,2.44941258205654,1.80559687440035,0.312490160296449,0.50517394626635,1.66768468796112,3.10686704978188
1.91780951236626,2.3956983538172,-0.294837652429861,1.08878165414902,0.202681632763892,2.83604034138589,3.87441361359027,1.20906433379949,1.27399316052491,-0.420147439301889
0.309526754148253,2.65566443504497,2.48730198288326,3.64589577701196,2.70564206252145,2.41009936946651,4.63386764207796,0.454183402300264,-2.05624902698765,4.37094526896699
3.77125405973364,3.26688637738251,4.78752956534273,4.56059045236899,1.62092612007559,1.3315412643626,1.31676873820467,1.99953443825433,2.54682786766884,2.03992569821189
2.3822323689767,2.36750519719994,3.07659186362049,4.4556061257282,3.86236684058338,4.50575191007643,7.08123199766008,3.26876072702538,2.03920261764043,2.28744440667967
4.16107979586337,1.40660200866507,6.759527049958,1.40112159220358,1.21809915145654,2.80421518235044,4.46018823271781,1.99029153729191,0.924261600066476,3.64390635219881
1.11148778086671,1.40695542890641,3.43635463401386,1.34984168698067,0.650517939985544,0.114126687307642,2.16712499727125,3.16490033056758,-0.871152927022363,0.850360046612924
-2.17102268095863,2.39005712216141,1.06063685899659,2.39000941882545,1.42668819249532,-0.222975847611722,2.24612244476292,0.775685241463688,-1.67643273578391,4.02950808443109
2.26836222017528,0.560262788184994,1.27265152807683,3.21320781909736,1.78247894488542,2.60474867676413,1.26966934854659,5.34515175698394,5.60493489306018,2.90027688018464
0.393339037490934,2.69345190265414,1.25346203149061,2.0271247392434,2.26370696781947,1.01491267628228,2.41579585576046,2.16831277652351,0.692121398269273,2.6870755193072
6.54912949360357,1.89807980272562,3.58654537538982,1.89701026539252,4.3494131658592,4.08530065837552,-0.0737675769218278,5.766082535359,4.34887829754139,-0.46080797883672
3.19874445339736,2.38357167030049,1.00228542390564,2.77146221707394,2.50083307453983,2.72852637302607,1.89887265609705,1.04512705007182,0.577043482566339,4.32188245048168
0.31116741777492,5.36207504479895,2.26030957999153,6.11889599704261,1.37517664257961,2.90425288221829,3.58054770965151,1.51896033283219,3.98370666861322,4.28010744101166
-0.909561450367078,-2.13941403220747,-1.66658244759846,2.75328648310812,1.89523525409384,0.00749973270734239,0.876676002619423,-0.14642493789595,-0.233428475316681,-1.45605945291898
-0.421392313880213,2.20051501462906,3.05205465904295,-2.26910154277848,1.45996889585155,2.35252603447884,-2.07996044855794,0.66229610691948,-0.347869242194198,0.975322922524917
-0.634768686837327,4.60910905202307,0.992765192577411,2.32928607012632,1.33453941093686,1.2156313231259,-0.815098155739178,-4.23015366916393,0.106647399299383,-0.599828699967109
0.543345062707285,-1.19577432237955,-0.817484740991024,2.99473847866234,1.86176328732715,3.01561606761609,3.45417816963992,2.09607194712297,3.07472554353275,4.07491184628221
-0.458067679357364,0.585222211147074,-0.39905729224633,2.61303102424132,-0.496562542941003,3.41530472393476,0.803706629538754,2.95836251243613,-0.100260460792409,-0.251592902929907
0.576520579741483,2.26841373034387,1.72385899593585,-2.21113106165211,-1.19881505518765,-0.329260781057437,1.23897370630877,-1.47557045032912,1.77699096821748,0.982831612926983
2.29206891503589,5.31331923061321,3.16483967671091,3.04592112873781,0.765198452192897,-0.00899791063485278,4.45042491097226,3.2767137742247,3.89033715211614,1.80636804655457
3.3673825707223,3.38618193664491,3.43789547516585,2.54817617148778,1.30348141106187,-0.121521481617824,3.26566288395412,3.58899262860811,0.380737258871124,-0.0739101320000941
5.04682499725688,-0.513622488996225,3.57844826502608,0.408115639432008,0.110759020359204,2.34108400014078,0.123255231648119,3.66216384809532,4.91230852986515,0.327657041225816
1.99590901775901,2.88779548204399,1.7364100328351,1.99680721343301,4.28582923720503,2.634427595577,5.330202548987,0.620802310611865,6.49486949591208,4.11309583984567
1.95866392180843,2.3881746599898,3.69306405578342,4.14712719440759,2.81013529685683,5.9973740135871,4.28859987417132,2.42233677543733,0.0904745075670217,2.64473528681979
0.637985368210929,0.370645961292678,0.142201000284665,0.412025040719095,0.925617411301302,2.9177690153897,2.76287144994677,-0.81779276748687,0.125896922829292,-0.546022440458765
1.52258024385279,1.6433092011318,4.45215258787337,3.44353600600295,1.03816894014166,0.566064650018622,3.47437998579947,1.77881217389435,2.32772712412539,1.12571854544184
1.97885030729731,3.87882612909633,2.73962631687935,2.74726370674482,0.519128759478385,2.04041317949051,3.2431444223298,0.588328227371084,-1.20158578571991,0.041850091376319
3.17356386640388,0.908698300549115,-0.313164699421715,2.58272832791707,-0.953166515939037,2.13928709256226,2.15752828133066,1.49692865536472,-0.0240229035946729,-0.662664055256713
4.23213064275106,3.33040844162604,3.77987558099291,1.05190035979142,2.63260958684287,1.73362909132958,1.12612546942797,4.0791458239436,1.38812801512179,4.72237409119338
1.07908059101108,1.37313886589818,2.3430407423959,-2.16951504354181,3.06111549926141,1.40351795627478,1.44219500027341,5.30107155671534,2.19741663892567,1.69853076444892
3.14436122579759,1.25826836202121,2.29378977471547,1.05898116426181,3.70753967896313,1.62609639608175,3.77698376907045,1.06933872994962,2.13920296082308,0.956529445894292
-0.0350498443244771,3.46655942228819,0.223115026746699,1.59117038562992,0.344428488229661,2.94040439649148,2.15882507970273,-0.442973780846837,-0.801709070792091,2.3582358038731
1.69820231746611,2.82840845909033,2.41212037453489,-1.47347258198895,2.85997427369079,-0.675131577245574,1.86502492384222,2.95326826544759,0.51902119908264,2.3032890268455
1.86015320584117,5.27802876995945,1.26588579131256,4.66334341656625,5.73458577247462,5.19109644055431,4.35029697814546,2.37275041658357,2.46941401623948,3.42979145618492
-0.113972485242033,-0.205325094437226,3.94634827308128,1.27591351503461,0.771333475063957,1.53112359573076,2.80525128937111,0.456493259765482,2.26679705914618,1.07345143111019
0.737416336429852,0.141815923012013,2.05854405877831,1.12034986873384,2.09882342236054,-3.13255164462312,3.9182802023779,-1.02034939266175,1.70422027768557,0.717246452118462
-3.05402236543701,-1.36724754164762,0.390758456940758,2.37710097360361,0.551723655656867,-0.166357874961042,1.30841141432557,2.57069844320003,0.239265956202796,-1.87582986693647
2.26322262855408,0.944952598882267,1.04132653053016,1.68859206619579,4.36754848216478,1.68285148032011,3.83587162388759,2.89919840171527,3.04500206805286,4.96347891343272
0.75283981339193,0.121107392157037,6.07535391561807,-0.794496412930571,1.93941388634298,-1.52948380292943,-1.56617957844983,3.24887709540584,-0.839148557815607,2.19464055392326
1.26599982459186,1.68922600086794,2.36295991146544,2.20526386034019,0.302365474935574,3.77779693303353,3.94382720889719,1.42351123942616,2.29802171240692,-0.06326441188767
0.978162613599757,0.0322913840406063,1.35798934282235,4.70760520272456,0.939372856964421,2.058438811308,4.91557187082808,-2.45933520280422,2.33967120053297,4.90212670742071
3.15110753208259,1.72138892248439,3.80350475213829,2.40269208271108,-0.194082573483838,1.5706048955508,2.07585769496443,1.85271487386268,5.28903110553622,2.64048150220219
2.46964033709019,1.17385693524114,2.27171796882071,0.127408509808923,1.32041284800763,-4.73102668953791,-1.4089650060728,1.32664758698972,0.800703860316126,0.999995817768352
4.04427106239258,-1.2866003397397,2.45617832236801,0.742378830479451,0.0907441593554115,2.61645887697704,3.29754153947823,3.13679967613493,1.43908832026732,3.95891066237108
3.22888023269009,-1.84521091975314,2.20059731133726,1.08641019543787,2.29095719981399,2.32926114025234,3.64391603419805,1.41143547411803,4.28886756879218,4.0697404044499
2.02937199656977,-2.00036746758732,2.51658290393675,1.22327315852294,1.47969270322893,0.0526306023451278,-0.29919592493752,0.602509236843054,2.46299099749258,-0.0160252754597727
3.24649983779674,-0.840945665595209,-1.85223841210096,1.27243271202945,0.0200483266373492,0.413350236668804,2.47309980429798,0.00521065832192158,2.87027134186766,2.62302041785302
0.703631619874687,0.98049476890519,0.404906002727738,1.15483414017713,0.0195970218621432,0.92743397495649,0.0256639886949979,2.11673967681787,1.90413605768139,-2.06243038739456
2.45048958667935,2.63338429419087,-1.01926066965751,-3.28347484585259,2.57020079911689,3.53030971916388,-0.910686211220976,0.839720649633783,2.25574449464366,3.59152717487851
2.32990135205102,4.6066372605106,2.18328727026264,2.14995142479442,1.23874434268358,0.94575052161582,3.81502743599555,2.7410826670601,2.29857928082077,0.626268488255328
-0.00612475022957648,6.33618700204716,1.46212947565741,4.51408471702345,4.17259941401538,5.58494920836011,4.88887188615367,4.85502656455562,3.85263758783378,3.42495083904038
-3.79420139830481,-0.143300110180173,-0.00294836278885637,-1.97006688476741,-1.82511114658073,1.20784162949204,0.924287845185234,-0.0243290130278405,-0.893916601779717,0.716053747573967
1.04239275629272,0.916595816629673,-0.173226126286277,-2.39901011355203,0.764419258961497,0.29582055704965,-0.410486531939017,1.44955699311762,2.57911845138244,0.834161929426659
3.53781796058843,-0.0432669488255368,-0.874117459209167,0.848608186712076,0.648924053922141,2.38663869416912,2.38863993840432,1.10212711194746,3.46454055111128,-2.46628524708644
2.04985521807382,0.626543680965572,3.22053184466615,0.425493587093277,0.156838102957111,0.97939764133091,4.60036644396406,-0.0832493617778427,0.675448530537426,-0.456224709348715
-0.118932685125183,6.13648309820543,0.220944584401567,0.0548127025095396,1.66984733217554,2.43718426177934,-0.66161305803279,0.562145709626623,-0.193940179716105,2.86167809600671
4.64023528142211,-0.496332306254779,-1.46552036003404,-0.684396119780112,2.68010524876175,4.95192989613163,4.6803389635684,1.92659932045254,0.921090279839772,0.821245948874016
3.26685598146067,0.802027540746919,2.8750417087374,1.49293375849671,0.334700769026671,1.36805997478963,1.20379576511489,-2.50218875373506,0.975416503937902,5.09936616422546
3.18968479237739,1.79863895215303,-0.432826157652543,3.75515203386388,3.43250036446264,-1.10939336795717,-2.0095151865812,-0.514434383745926,1.99371606625813,3.06425351750522
-0.741223486854672,2.52719445984282,2.7216468873881,1.75943632964328,0.0038332135776703,4.51247262574586,-0.817052099883175,-0.186479906448914,2.80389507915606,-2.12017017692638
1.0198306437992,5.55158832845436,0.8512896310113,1.73628072672815,-0.502868101833824,-0.834825162140449,5.51599789009865,4.1486396029921,2.29864042177232,2.61373917465035
-0.0963293364419724,3.61429085598306,2.53784535240916,2.12652802952655,2.81898440512344,-0.368649644857928,2.70270535237525,2.38781766959277,1.86930843415636,2.67461128432382
2.32422698562664,4.36132641382759,1.44220552645688,-0.589333696087284,0.141474780786608,3.25652168286644,3.26931278617351,0.9590812129552,-2.89155043923583,1.69423758257858
-0.616704049550884,-1.45518732419909,0.484376194096016,1.03577947128518,-0.136022574100197,3.74144146013611,-0.124993292382748,-1.17898971798941,-2.27685695762063,1.44145311915487
-1.99882637551336,-1.39149994728268,3.1434186612008,-0.00539663415040614,2.84196551919533,0.897098168257168,1.87986150051163,0.561990317055497,-2.91652881427623,1.43958955255727
3.37083146695207,0.731160497871022,3.22205572624528,2.53498452847546,0.985871358943458,-1.28332329280302,2.17057975436752,-0.985957774736366,4.26363429382478,3.49063274280707
2.16817209046318,0.576559444829646,-1.42900133207051,0.409297936101102,3.0722422537054,1.04868566313559,4.53443501228108,3.15082931871049,-1.18646134681677,0.842106762283721
1.37562493464959,1.64194504033157,4.5938949249305,5.53097908549205,4.00523053525524,0.794791973151656,1.60603413610868,5.09807975026166,2.59863508102204,3.20472628227881
3.19813339820636,2.37586147036042,-0.247797964649901,1.68073049888025,-0.404001528155014,5.45639236157099,2.52353686973891,2.55527211059305,0.177801680772835,2.24914259599901
1.70994436387851,2.02041488150958,-0.84252997012397,-2.37938228925424,-1.09154411306299,1.93372651241384,1.97785671735209,0.389779466285531,2.55913577927586,1.25704596837004
1.56604113863961,1.93776561480143,6.41836880610426,-0.754890290287557,2.19147580526112,-0.505378133012953,2.20483219862748,-0.628198370013335,-1.89248879224497,-3.18075851462985
1.76788100590421,1.17674632430131,2.24556721408064,3.43161644625558,3.43440629502929,1.25127135325908,1.26413527623551,1.26796720967703,2.23115925137845,2.45371760147966
-1.42403366142212,4.01591619449623,2.25489778462123,0.0429548086798588,2.99793615498352,2.34618249338481,2.02757711937236,2.37285222070254,-2.38116773623382,0.428121534536309
-1.30029412342428,-0.869904205217993,3.16545491250425,0.761362471188544,1.6236747252283,-0.742187773152669,3.38049408849225,-2.47961276377365,-2.48999140269163,-1.17311685749562
4.63970496517841,2.35226379388967,3.34067278071615,-0.512175723955184,2.61720247463356,5.30211353250167,3.0336114674722,0.975662978266385,5.91064293788247,1.63125379706263
1.818546288984,-0.379959507099189,-0.0490351253328192,-2.44031797208255,-2.76008796406051,0.606600314619357,-0.597582188426851,-1.0820991183679,-3.67235376857716,2.51475907255966
-3.21971446636942,-0.05716258075586,-0.816417337803703,0.545879075087469,1.31415147791997,1.54960756880251,-2.50258968386299,0.924467162985103,0.277743175507109,0.95589808653263
1.35224606491386,-0.095626929541913,0.823983917004536,-0.0880749790155764,2.06193637962846,-0.448979352380295,1.56337283196449,-0.376274127903019,-0.373384641501146,-0.279841151274967
5.13528039434216,2.65331223320561,4.1564236680186,4.24686498439137,-0.453438626624564,3.38339996192426,-1.19496181423479,1.93749829991633,4.99091479206436,2.34676699443597
1.37208250996987,0.925322431149081,1.7930540404171,-1.93456641015931,3.67203824016846,1.5995659415299,3.23008492568002,0.198007775998611,1.33697275787529,-0.0135508516777461
-2.83128074051033,-0.808339430410249,3.13460235671765,-0.287650418764001,-1.369230390118,-0.237655709711415,0.299692219768031,1.67907510504166,0.845965943226455,-0.917293287806946
1.48704533547142,3.77642295017815,4.80387236183972,4.22933503941692,3.946454914239,-0.246810546069141,4.89360119612175,4.54957275787466,2.60098822039456,1.40046445413027
4.22795344591952,0.937052819380377,4.48786909367489,-0.617583023468447,2.85770985063731,3.65130167816215,3.96792041117485,3.33577418242989,1.82375872227756,0.311162644878618
0.858190612783001,2.12536222035726,0.898692043757371,-0.21167869024791,1.01270590681258,1.06590058022252,0.148865993522138,2.71974352806644,3.98066171492861,-1.48113189381322
0.773309896404062,2.72351430554595,-2.77339451905163,1.65038891341161,1.73297804170146,1.92745907389911,1.69312437670246,1.71278620566523,3.15820280376405,0.511709107929214
3.54110108093656,1.05784443196411,5.15254863971565,2.04014440325515,3.61478557784108,2.32568643642443,3.8983045912245,2.73014609924661,1.43741708019913,0.431403034929964
1.50836823529272,-1.52646202615181,0.720412806701796,-0.489881817347496,-0.964004679999749,-0.416579838117403,-0.189807315520583,2.3826946740136,5.09125312329416,1.66250767114554
0.584145446786956,-1.35958766772722,0.138766725505995,4.42140538696788,1.79448474970165,-0.797508188562897,2.70871922587326,0.185787965045893,2.46209283193789,1.92905057733453
1.66741262686618,0.971576056634569,-0.721047694061948,0.25650201546361,0.0479110209043557,2.30715320819174,0.485159265825572,3.58922314925972,1.73524792398825,0.100359254102054
0.29247944419277,-0.417538031455224,-0.312056270412028,1.87472431281438,0.884663599859308,0.612770351149766,0.72039311280542,0.079941372163336,1.04488997779027,2.84728628483352
3.82330001831942,0.280325364556406,1.78327016515287,1.64388774174563,1.07175363435737,2.68454686016674,-0.552565871656063,-0.0526980391811001,1.36511825511074,1.11494909801143
0.53794430592622,4.05340017133833,0.67222027706356,3.48606613687623,3.92145408863827,1.77451268771536,2.56381483155607,1.23391421135549,0.584960336123056,1.77830884529773
3.9441521425615,0.587113594732492,-1.51897161369668,1.20446506827663,1.72114040598008,0.910022515921082,1.16366407451235,-0.951591444240639,-1.68939221358838,-0.965770882404726
1.98672463465182,2.95052588477764,1.44911500916591,-0.0752373942481059,-0.682793034405515,0.934383686323129,-1.39419989500527,1.10485327825381,2.70347534776703,-0.259735188315944
-0.0967535293663828,-0.366028254883993,4.59272358194244,-2.10219649844484,0.845539997786509,-0.303698941927343,0.0653877671128688,-2.2965716610929,0.277846760597441,2.71836008852754
1.4051585663199,2.45284384563484,5.41894488478041,1.25589510892801,-0.906182960774362,-0.84561732327936,3.15545262413249,1.6237264169984,0.64308150699653,2.92586241293702
0.179603097896865,4.13479173761283,1.04398421818359,3.00307811093352,-0.847983938739669,3.64469073525083,2.11326406501559,0.920797421207778,0.375277801382939,1.89999817721841
1.83109957894876,-1.02878911875646,5.26462106325218,2.8736243499725,-0.583436494277077,0.586799240829335,-2.12608566329856,3.84816040732251,-0.0155138344542731,1.51092282865409
-0.435813723732014,3.40022394388697,1.62211583432294,4.20152449951185,2.61433342985905,3.44374524417767,1.88607694983788,-0.14321280460283,-0.357134693549558,2.10171634006025
3.38644654232235,3.35544080419795,2.10925666937181,1.86153959227911,-0.670577901360374,-0.223312101089381,3.01360880232788,1.4120204359249,1.02903563569934,-0.952269035986691
2.05184850649074,0.720489636414374,-1.30798939434763,5.75675696211129,2.10098887726072,0.0765037139939032,0.541541916345853,1.31707950645676,3.42513520029361,-0.384220512044555
-1.49781076154376,2.45794889399998,-1.00115850570422,4.13116358360542,3.68485560509697,0.908429976335015,-0.465642621402935,2.57357562677289,3.83096955072282,2.80543677595746
1.83382356883527,-1.66610635502057,2.47013225746738,1.99240169355827,1.52948671383815,2.12026904887245,1.84563195152482,0.588888887805112,0.964917037639031,2.34051772848218
-0.555404724946502,-1.67461597377442,-3.41851280166332,0.558460485139532,1.15182178846934,2.57430972826843,1.88537305636377,1.61516183787343,2.60060477936987,0.03241415541155
6.05163066888693,0.496078765803522,2.36961806489651,2.86191950802539,2.95082541960949,2.54820053375923,1.82006568459461,3.5513147272471,2.03528921742169,1.75162236901702
-0.679977226399385,-2.00176627300877,1.3415544618056,1.08518684804581,-2.29882258291883,-0.0490330528866061,3.66463382858124,0.751081477442341,0.991335553372665,-1.03422328172693
1.63178210811949,1.93364163650461,2.49522613810654,2.96419425933263,-1.63183402946926,2.2864630075649,2.3265958951976,-0.034344034615942,0.948415055145174,0.311452916828599
2.86356468066074,4.08696255777965,2.43624044251206,2.43823837391229,0.703641847856172,-0.58796875473057,1.63262843643524,5.04349283099663,1.32171521571484,-0.00548119095762489
0.715801287445151,0.64110649555315,0.505834732236931,-1.7905464863664,3.76849713891899,2.3121483574282,2.45944219577665,0.412088143899747,0.369241784054421,0.408594432650933
1.24582295082291,-0.886010026450723,1.98440991705412,2.53187987775336,0.353821390608761,1.62529899790249,-0.302848247577453,2.61594791717592,2.5320111464618,1.79065626560121
-0.149883546561142,0.184437756130708,0.823542158938206,3.89635347635561,0.981817661374365,0.741726126963835,3.45197159741334,-0.522409122791515,1.70057265168791,-0.337791994007981
-1.77685705314652,3.56807378585548,-0.581455628088339,3.56865666193767,-2.40754066773203,0.513889513517453,-2.7039872754476,-2.08364075300076,2.25491630208762,-0.94694498022611
2.88681575472676,-0.0925642336080494,-0.361366719156807,-0.072431164831032,-0.0678163387160149,0.822413098404659,-2.11587001847495,0.91841255640473,-1.4445624727699,-1.13573831286199
2.50550463237602,3.00274630031965,2.61884990767655,4.05746759280873,3.30321796269254,-0.0284234597504276,-0.420344476910634,-2.32373431417609,1.41950994666228,2.72008700767002
3.69801417120781,1.44662705632135,2.04126011061078,5.45148087531756,0.758713501429154,-0.161365636995299,1.66391449107754,2.45209154277632,0.350479780204863,0.0514219624395114
0.0652717606632057,2.87385632201139,-1.21562947971928,-1.20778917690473,-0.976062884614845,0.239596494572732,-3.37585180888712,1.10767135182682,-0.89077148070921,0.743494545210951
2.52728076955652,1.62373864449787,3.2575865150873,3.59157610904833,-0.339776918129732,5.25974718919466,4.01757538650044,5.66060919608026,0.241284269183476,2.42229538112564
0.263302141076816,3.12394479374964,0.651417208390181,-0.336348449838891,-0.47560218901793,-2.16849574696165,0.510019288349983,1.95988638379465,-0.465520596041457,-2.07350606720078
-1.85836621710504,-0.450746812011497,2.58249294091055,-1.00840316812607,1.56013138926305,-1.50433696967726,-2.76567779636023,3.34342071738986,4.72174085645857,-0.793608231036505
2.0215264019634,1.28445316985501,-0.322473119790365,0.76478257758693,2.69052219967099,1.16076800940919,1.6853281876128,0.769493996108915,-1.61270308661066,1.63861764439003
2.40017232402423,1.45710702135746,-0.722119204479206,2.89339519894533,1.26275346392509,0.394540030078994,5.48524104271735,3.0374499757102,1.94620778569131,3.2157141145225
-2.96145620294053,1.20345510439182,-0.331703522568758,2.69117885531982,2.83227600506111,1.95092592595396,-1.78004342447356,-3.08729282509599,-2.70717061168559,2.6744256203794
-0.818786757003974,3.02005791076231,2.22729872140761,-0.314727236616153,4.58018891528616,2.75899896485937,5.02858916420388,2.61992690790776,3.69851468321231,4.964362209922
0.260334012113798,0.375316254241247,-0.934960076192548,-0.431886457367648,1.69366717480612,2.47339019159036,0.598715740395133,0.467688340699779,0.488085028725759,1.15857516654219
-0.300779714651096,-1.57803105749759,-0.196757585906438,-0.269772789208081,-2.24069926513212,0.7267040320369,0.694106080778061,-0.0411309591119327,0.52028551865807,-0.0159012950214761
0.359217576920659,0.0859747507437068,-3.10211989996938,0.953609238568457,0.787144574571892,-0.61520931945196,0.804665078784831,-1.42861162070584,-1.39655365284271,-1.18430015342006
1.09194214832228,2.39120483446853,-2.41562834102658,-1.66885026318815,-0.926729029467545,0.845930731764379,2.82638046222619,3.77317860193678,1.38184413699956,0.923162056020494
3.03945095510936,1.8240809342931,1.45853481176034,-0.982244945767523,2.21078159925143,1.13667662769755,-0.0589562093468299,0.824646572448923,0.502564502802857,3.11341164808201
-0.573637462245324,2.82362662544395,2.04809756382795,3.91221011638371,4.09389413830342,1.84771515529059,4.99502929101019,2.30846011102982,-1.03656775221172,0.893184135980905
0.696825046025755,-2.02906338085121,-1.74767660624015,-1.91816509181132,-2.77047619080846,-0.0418811388058464,3.46760648171725,0.978622484346451,0.46525392419993,-4.08967168493562
-1.50996027174305,-1.07581633894782,0.98563659080279,-0.394802140060434,-0.460914234878982,-1.68783232419496,1.7985836019493,0.67454642290322,2.13201862724758,3.23504679007516
-1.89160227666974,-2.17959900990841,0.937335559276137,1.54376666504792,-0.747090976357175,0.377635329851654,0.781062963059902,1.26919465542388,1.84970048716968,0.290851351941521
-0.923809170323182,-0.103954813553634,0.264488962476701,0.380632319500542,-0.439500625797822,2.91420070819927,0.854698708859333,-0.108200401289499,1.1648667282925,2.94940519120197
3.3186295034136,-0.827254770864747,4.24756204048899,1.38842435695279,3.62846727335287,3.58410366727467,-0.762543984306745,3.58205900250971,2.94684147067168,0.701304843808152
-1.76859274445213,2.18152466464048,1.87993594631791,3.88240377972524,6.74865673086002,2.66108729710283,4.18886879307487,2.28941141249717,-1.60075576383966,1.53879027893948
2.90823873763536,2.34073372933099,-0.394938920071184,1.43338478326925,1.11746339655985,4.77997046407493,3.1248738606854,-0.950166876732441,-0.955809627856185,1.6884305580506
-0.0272197970784218,-1.62958863024106,1.37396796750951,1.62125852446323,3.27925373796281,1.05496916246058,-1.93257365992401,0.669309970748182,0.70466488727617,-0.0897306893467322
2.32678337983682,-2.25902251222519,2.392153394281,2.54130418131391,-0.865590160292137,2.59203544824001,0.134093790417778,1.58475287789573,3.37688979828163,1.34822336763345
1.12402537805287,3.12185205945718,-1.26465225713857,-0.044115884754854,1.92967342879413,5.41412965450246,3.55331932660909,2.62476847513244,1.8304706626279,1.02908070857859
1.32768952440034,3.86392285032752,3.98698134228956,2.74803244543271,5.87186953056318,3.66798726942474,6.13305110299249,1.25695475122567,0.532688432960937,1.72019033782233
1.9982367683655,2.07299877968196,2.52176602777283,0.65091889673963,-0.440510200648105,5.35847126136823,-0.532909542096627,1.45785175933386,0.865094383936093,1.35898725346168
2.64038563004465,3.34521784582991,0.899689982045839,2.35326764780446,0.723428034487886,2.32811889285489,0.323244973414715,6.33415652108336,0.996646284844337,0.17906269038126
2.1332591588656,2.27625858105298,2.63591650933047,6.77964783269094,0.948900046275121,4.207164168169,4.13240630005732,1.30243897530384,6.00606561014538,1.74368149377153
0.815672141543583,-1.08517996087301,-0.906335562632756,0.406282520004316,1.99068171310593,0.381638024776332,1.6702130952716,0.368751477565494,-2.16035641059578,3.39834748867188
2.32104083182074,3.33444108184875,-1.17454147264974,2.25231472231377,0.346613230549226,0.910063120731656,1.50659157776161,3.22192498806104,0.11401266283816,-1.41332410590156
-0.270852882276758,0.505194030288794,-3.38198041080303,-0.846683860506187,-1.21047036634109,-0.25981770173797,-0.989217512055262,1.91949175283905,1.80362953876384,1.21007888302998
2.01331676689242,3.82398337137499,0.971601683597308,4.2201930411645,-0.464658131261186,4.85679382354358,2.8947479917929,0.650722487352608,3.95203209978827,0.501494361956738
0.593259695578514,6.73969033043417,1.86705988594706,0.279418537182055,0.809813447459697,2.30980813206191,2.34375924480989,3.09033206621976,2.06672750891837,3.5835547353197
2.98859515251572,2.33481390996334,4.33842495156171,1.85719556574981,3.5225370391863,0.593718644537476,1.35320083505585,-1.15186369745829,-0.171594936162256,0.530115767562687
0.158489780070272,-0.548078643050812,1.00003649094901,1.12597712126783,-1.43576281429857,0.887424808561473,2.63507221854968,-0.491488008900886,1.10504553531603,1.57576481858227
1.94718753097821,3.84828683393631,0.136829913484976,2.45227545847741,3.60151319827473,3.744554124055,2.58371018661175,1.45763359311089,-1.01234204784477,0.957955749249776
1.84864718974661,1.41151666354115,1.83488850548471,3.63060608157268,0.188562866459891,0.996867248992672,1.14338028427631,4.74088851129568,0.157879326348666,1.54631261859966
1.54125817996658,-0.869977636095556,3.03213658660004,2.27623230566245,2.66657683855233,-2.11479244110991,2.82686700642384,-0.734564754108525,-1.31367566931437,3.37205416602495
-2.03633729314348,2.89868110388916,-1.30839302092341,-0.389598042294886,2.54613776616156,-1.17236239809789,-1.9089231402195,1.96987556651183,0.48906414094556,1.34189686044972
-0.834172044955536,1.02833755674974,1.17482665990024,0.0956938869543397,-0.399463098827699,-0.773325400973875,0.635894585825959,-1.11766581614827,2.90103239288806,-0.173527384866468
2.78388000921044,1.11527573193072,3.24674608525873,1.25446792818318,2.13470500266237,1.0107239079676,1.10677405273116,-0.609539967061053,2.83650430932547,1.63710447769825
1.21643057290667,-0.392724468934302,0.437669721795451,1.15289634371305,-3.90851051120684,-1.36041862936839,2.70286310567033,-0.50161469352901,3.82574688925085,-2.5171303318276
3.109999856116,0.160049009289481,2.37550770150313,2.35134263313678,3.09169027996737,2.85618177660768,3.41196977519959,2.75652591688262,0.218582501986322,2.46394161378536
1.99252594314769,0.261904486454486,1.04948320674356,1.50435341445295,3.36956952357379,1.59663437032752,1.89154771523073,1.07599074307583,1.75585344239516,4.89866264972905
1.5242755975547,3.61232089700991,1.76264006255193,4.17283449535331,5.73074217883689,3.55966721729698,-1.0883622299865,3.10423419356583,1.22842484576106,2.39986761393486
0.770882575674494,-0.47547095653046,-0.214845997967115,1.559921002614,1.08359537402398,3.09286376206276,2.09264559218928,2.22766307863023,-1.180491142005,0.551044997141027
3.28470522846928,2.03884981429493,0.66525884710914,3.2099345158247,3.01626319697983,1.90226974531593,2.93227547825927,6.2635778360776,3.5267692061089,2.20726081543535
-1.9571318604131,1.15498333729146,-1.35476261530856,-1.31785160493774,-1.30140026506853,-1.64588228012919,2.21830842378157,1.2769045001315,-1.04678874507646,0.179153310398823
-2.9083649550691,-0.883708903023807,-2.5238600358675,-0.169693158089524,0.350953311808541,-2.20433975640306,-0.548092293390895,-1.55585230232484,-1.92133969210198,0.841885952914322
3.72790848547378,6.60342288160611,1.43371628790846,1.36900856619024,2.97979951606234,1.9471106949587,3.31203666832535,5.6825638041585,2.84852336541465,4.42177039293621
1.12551080607262,-2.10827312009553,2.41128035822644,-1.87043231032029,2.05724609947796,0.708975888960451,3.64755657606884,0.493106422780849,0.142198961354074,0.523010413702728
0.385182429275618,3.14745098752245,4.11494298434642,2.89934187295164,-1.92743285068635,3.44477706024732,1.64468520791769,2.36364631065966,2.9777755184881,1.05950912966859
1.51054840503582,2.96757921215287,3.17068011113625,0.933627582343284,-0.756018528137264,2.47682292391739,3.24477175818658,-0.814822289168807,1.13999782741541,4.22596546308869
0.40366415176582,1.16855834102969,4.70394928825252,-0.701163748313072,5.17823675587074,0.90168867012774,1.16140517213657,1.63792280579995,2.14305873007723,1.88651933304134
2.44638377428347,2.8115346213989,2.27830862238119,2.30451560701061,1.01137884684194,-0.975847238004039,1.06538988273465,3.19451273143526,3.50238388034392,3.11264906710633
0.0251434061671158,3.5482930113367,1.22240710989169,0.139994242064183,0.0965665196923137,1.3236845552876,-2.69495220924464,-0.995897003208986,-2.16633758672295,0.326514243039594
2.70653785539363,3.54362137512913,0.921164362134735,0.148514502958188,3.5817860923885,-0.343420263069204,3.73590720696036,1.90867448604228,0.157904559096547,0.568126587226137
2.79934014682992,-0.6127657558962,3.696178296212,3.81900043073132,2.28685121712068,2.38343559106539,0.558287811321712,1.05833685808174,3.28354612177766,6.01939749659406
-0.751686301989826,-0.35686153405084,0.648618646751987,1.50998352264623,0.817125040630614,-1.4596392339621,-1.52644287433287,0.726726832489407,3.51516855974014,3.35167562589126
3.73214253250344,2.07933907348864,0.0415002777499076,1.33969437087624,2.09744847803722,0.928786312064361,3.52574021458032,6.3041516444124,1.5409659974521,-0.287601512093201
0.263269968717401,4.21186066801993,-0.284291873005595,3.69293199503668,3.63923365962366,2.76539751080033,2.18014896177896,1.65988979411944,2.02672936100638,-1.42352005207923
1.60259135897778,-2.32144081706943,-1.95437517090286,-0.442615983607787,-1.55868642207538,0.200532798073542,-1.23423624685303,-0.865944169304107,-0.945990105140548,-0.918555456949164
3.10083889905152,1.21212140861974,2.27244091589424,2.27054953741618,3.64671776444463,2.56310463143676,2.28397095330351,-0.482863494301348,3.0548625620104,1.28856686152672
3.63296685555835,3.40962912587096,-2.04557971054175,0.536564326359342,-1.0634503900775,2.96252778314482,-2.03532109295904,0.595980687388994,-1.7274217713169,-1.14255477746042
1.55879965931194,1.45696459442252,0.212264393880148,1.07277736335816,1.07890242159536,2.50190846403051,2.87647228217865,-1.71671742755345,2.56221125427597,0.231969829920889
2.39959453030208,2.9000848217998,2.65628159390245,3.49834860364204,2.03562178141952,1.34142753202483,-0.104475005337951,3.2713412754371,1.0303843291872,-0.626374329272421
3.36884334412556,1.60577523949221,1.83624871091659,4.12938460666922,4.0695856985523,-0.717863142783854,3.42254731763299,5.58973758970652,3.22171342403927,3.95056304964885
4.74126077937955,3.31274035129106,2.4622562831176,2.53419586897467,4.71453794092743,2.50543184034479,3.215691868256,2.81881549868565,3.08394675580561,2.21602618355924
0.608069448663915,3.07618550231925,1.88431329334236,1.7159091735832,2.483277518141,2.77542353636006,1.897954740248,0.419235800339591,4.4882586697398,3.00925646472161
4.33768666742062,2.00809791562532,3.54984608359259,2.94282977408677,1.70189687911591,3.26508872171438,1.08862761222389,0.75378563568516,2.10550759866113,1.94973291477883
4.83083306316693,1.81212920376849,2.22120036072429,-0.318183352100213,2.14434272485595,-0.710523388668284,2.82701115798065,1.85832168490067,4.28687611623671,4.29424019779365
-0.686346415488625,-0.0432677420104404,4.81904194710099,-1.54722151762965,-1.28981479739244,3.14524379403467,-0.778396513322082,-2.02258645672652,1.98579190506422,-2.18181918539706
1.677838623005,3.71363357905985,3.2405259908315,1.40992197849748,1.81203293692782,1.96052592329295,1.01991188422309,1.17068363966407,4.55050882456635,1.93510677559294
4.33920278818479,1.85681487657122,2.79491560932207,2.11882031690467,3.23638443949997,2.51120872261288,6.42142019360841,5.49798650091972,2.45259416964236,3.99378004440944
4.70205362206793,1.13066008053248,0.982373639983273,1.66773092707043,1.39682642880234,1.98382701474774,0.527668478243691,-1.46946344963852,1.6605341601011,1.13535433983938
-1.89441202873727,3.52602333776019,1.9143557276696,2.37796687267427,-2.06120082228224,-2.74571513023419,3.40208925600991,-0.291140452113587,0.389573905182402,0.544905989989602
0.685603507971967,1.8334560889986,5.33511490452142,2.90889431780635,2.1281975990532,4.10353098619938,-0.286382166188805,-2.47510409094582,-0.0559818985275042,3.32079367366349
3.21272424979564,0.54639869102852,0.837109068954092,3.75927303668055,-0.786715915381204,-0.234942241824734,1.03646429020267,3.09252531673399,0.333124060470377,1.99870458860934
5.87817001315426,1.36270516867924,3.55430245450786,3.70459154389312,4.33615022085122,1.85826279634411,3.04148044156023,0.100799570262625,4.93788610274863,4.10017273221212
-2.40584315712885,1.93650235924704,-0.508331582852569,-0.439468676254165,1.6267939434203,2.91029714020943,-0.529723913280647,-0.129005967956198,2.04384560049025,-2.11686582992346
2.73033135137377,4.01612928505254,2.88946333854508,1.11114851745896,1.76211704461772,4.10719709336401,1.93793807189389,-2.05546460676222,2.13674775455028,0.661589519979772
0.992097352832239,-1.13476727566784,-1.20773030180472,-0.936076355234298,0.878426660438233,2.69232439528271,1.85469922303338,-0.952594083763175,0.899304104231636,-1.62964490066099
3.17839602744174,1.08156987047563,0.512010351238172,1.76734262799515,1.86983510760872,2.90808964461215,2.19338550192233,-0.0570221360841581,1.30808543246986,1.32044221817089
1.79587277093075,-0.820456480727539,4.96897775982791,1.73682803426606,4.81704499510318,1.87841960014143,1.4045820685716,3.75947573670553,0.791716714715544,2.93672931887834
0.242448194289089,3.54367835419667,1.31724961796873,1.21400821274681,0.824394445612062,0.0469744333388221,0.0733577394359467,0.918743711359294,-0.12158354185044,1.19262935443021
-3.01805920032432,-0.578478997059245,1.30098503122447,0.910220947910618,3.23943890717944,3.31596149458114,1.61153746638499,1.90747773348795,4.19461220976642,0.504186175588208
0.0430177122990097,2.34239614798094,-0.285843082257659,1.74823303068672,1.02583767819156,2.97921127587964,1.51418922968548,1.268662169632,0.144074439194006,2.53582967567595
4.1836505583042,2.32925651650069,-1.84564704285479,2.74377250700591,2.38750415152814,-0.655231332215631,2.52352449307899,4.37114695839823,0.780962254420708,4.89306452944714
2.34428081827739,1.21988938149899,-0.256616771644707,2.96319920203577,-0.847874328461838,1.53092556780559,1.19649216811855,-1.1853909338132,1.62261077016958,-1.92724974826216
3.074663014492,3.06440120865853,1.47098235902928,3.08219059858625,2.30400344359802,2.24547516290961,-0.888642832027712,2.2551473951442,0.720059919072969,4.77595580683514
3.04163373316291,0.746532463740712,3.24326720971202,5.8154243542502,2.66386042034654,1.30453930822933,2.38093796516497,0.0561285108919525,-1.41587563809031,2.23926682178598
2.10434505747429,2.47553500325266,2.46212540979095,1.33327800400729,3.21870869105555,0.645107499505226,-0.89342678393204,1.26550827293221,2.64572107422851,1.25680682622663
2.10889640912622,-0.483142663585807,-0.182267844889756,-1.09127747612032,0.0448306631296011,-0.56868882986991,-0.508017985686053,2.36203036648717,-0.287989624715678,-3.47108477904918
0.400280642887862,-0.997632602233391,3.70663301629056,1.48495749721746,-1.47708763420063,1.08320941458611,0.749935372804004,0.853518017362492,0.0308557019347823,0.790974539938053
1.18088237860101,2.22254694310505,3.0174438573843,2.38728611381372,0.188586771609811,4.32794780739452,3.84301525252069,4.9710363919718,3.65264867034722,1.36365459312822
0.693995165275706,-1.05025484879851,2.77424856827981,2.99428840262562,0.295536030004899,2.47849801190572,1.80935304266981,3.36831699168648,1.77171633438693,-1.58146134676548
0.121240373184203,0.954584785957894,-0.681310697220612,0.174793458963295,3.77537010581114,4.01613339797413,2.9749644078125,4.17496149982691,5.59216909160693,3.02928443109725
0.0639787796648436,0.41207811208705,0.259469353088934,3.4442608003176,-0.199619687833597,-0.738779061640077,2.56806918910812,-0.135396226227299,2.28063634786789,2.64707540041924
3.62148282298713,1.96218945527211,1.68572436018966,6.47892355747978,0.280766976816881,5.47051297549992,0.0705305372662701,0.306738363995249,2.24529080227155,2.46505074317624
3.65901330273539,4.45668526691794,0.744524146909711,1.94032297403283,5.88190473968553,-0.266546157537209,5.22828866150286,5.51802981305741,4.14161718877862,1.27378992210516
4.19440767409205,2.21642609234322,5.66783266309307,5.05017832292732,4.26743608509565,0.431332835112272,1.07070909445645,1.43087882939606,2.92415630016031,2.00818289978447
-0.23814769797723,1.10677012959199,1.43348404471442,-3.01503046801161,0.514803808976182,-3.18200405638283,3.5085996110091,1.18102125438159,2.0776584807421,0.734764996233349
-0.585249859977537,0.224920773302331,2.08250927326908,-0.245664806900374,0.0323457266297707,-0.0252797740786009,0.638850115103103,4.92956783296442,1.73609441311497,-2.28866414066449
2.97661290244445,-1.23563295358478,0.00438737857072402,1.8548109080441,2.29476752196154,-0.575680903621071,2.06795530683341,1.84703115287831,2.15725996754259,4.18017408865798
2.04342756125265,0.783300940626323,-0.0972553027666683,1.85048971657321,5.14858132373529,0.869141739499425,1.81982991116315,-1.34059541894036,-2.84336949126624,0.485883962884998
0.699898820722945,2.5506739991276,1.98043963104282,0.801749523548281,-1.22901259832162,0.374151379784848,3.56830423361725,-0.985096243717638,-2.36751327804621,1.14900785444274
0.688666374126698,2.99131894834443,0.98417593597512,4.34960548606762,0.371369742932139,-0.899215349728544,0.0129071729825998,3.27065680541515,-2.361975875518,0.271251199271373
1.22428520375467,1.24504664106299,3.49195189699538,3.49746723429281,-0.839132789153819,2.49931379281945,2.66414086154364,1.1851386532249,3.51604683087794,4.440475711504
1.88633245131767,-1.56703836104593,4.33288061120772,3.09107012978947,4.17685415293143,-2.57273355270248,3.0352704319688,4.14263198434194,-0.950794215329222,5.99757493501767
3.47356085163997,2.05808336753888,5.42835240893231,2.17480468787875,4.03415343848916,2.54649047389458,2.67983435410968,5.3206970163966,4.24517498762329,3.8126535742088
3.41114525116413,1.73776066422641,2.12313145471209,3.02171790692741,2.57287842433648,3.11761177328054,0.685813761675385,0.121056359777647,-1.81211217557054,-2.01176991767257
3.07329080147542,5.31310160553675,2.86052485404639,4.56551690840641,2.69402238905261,-0.114220232103919,1.2113138294667,1.47402294771934,-0.522122225679652,3.85540892940789
0.358050047013252,2.54057225432796,-3.69207688876995,1.29364946139867,0.875219207074475,1.1360999126942,1.91495035492997,1.77293062585462,-0.392355790405337,2.13234224942575
2.29091412395478,-1.32245994353688,2.59365442841833,1.02914228336921,0.242002455731392,1.89556680180081,2.50811481551172,-0.734225886618605,-0.172997535582983,1.81460973675789
3.45835524690112,4.27853676331556,0.681849969991052,5.00141013183105,4.75945575171722,3.06665779335366,2.82176547611149,2.19318477481884,4.56657895755046,3.29040468703024
-1.77890816841518,-0.843750135209254,3.40094083482532,1.10512749430967,1.40072040663171,0.305337551649814,1.95539479004719,-0.270043439313037,1.4570133142443,0.335690466125385
3.05141013877293,3.02532453596988,1.83533609175194,1.62270403647373,-0.792187352898023,3.22642600936017,-2.21251009620198,3.15949289979789,4.75202295787683,0.533625903039326
6.32068306426476,-0.0816205344786707,1.41693887030769,0.738097356246407,-0.922745661265094,0.700334180575466,3.66396813580183,1.02769510498743,2.05869013472022,2.79103460809681
1.40493883580932,-1.44860849787749,1.43414911212408,2.72030041915699,0.647227604070298,-1.25865172072454,1.13133329525787,1.34093213433794,1.12052588928044,-1.07786172268931
1.84462095883202,6.74068327588975,1.54876712996895,1.50574677636683,-0.565358042611983,2.69069036881626,2.39496910526404,2.90192783009118,0.870226915384385,0.332592970007573
0.671016955224086,-1.77524376071787,0.963796635442285,0.147084972130199,-1.56720970579856,-0.339490222495666,-1.93233801091941,1.71925117276239,2.29373367967998,0.609901997344297
3.93022748437913,4.45066198173758,-0.63591382297983,-0.728190454357507,1.76453551073873,0.425601305819773,1.79729059950677,2.46432972573506,1.18011877578037,2.85125773742203
1.93342398356264,1.34517501554337,2.56412210415506,1.38566634386933,2.79728249078367,2.02455418813065,3.68873174155831,-0.403092170847226,1.74649245118167,0.707701694082884
2.94275802843862,2.88083034950106,3.17247359101506,1.25815305298456,2.8222441970099,2.79916706765233,3.69605545949832,2.66937988748203,1.03613496615305,2.34334710307635
-1.93103256219878,2.68641869690386,4.94429424237422,2.80945168527864,1.19807139917753,0.722654297543801,1.61005667920361,1.42590541961616,1.31850258818376,1.51706331959426
-0.326611511652644,1.13470982887009,0.312651967595199,1.12339772173601,2.74299656069399,2.25054048370009,1.45389523563193,-0.882374333412455,1.21788212583019,2.48758632730409
0.248973885656145,5.13395714900823,0.61160390788247,2.22908932906978,2.50749037961269,4.22464097294009,3.15430561132145,2.81534239292744,3.71230232925071,1.68908943867152
3.37232563360415,6.51612024385778,6.86164880647383,5.04433104908705,1.15928211568745,3.64856555159948,0.780538531539444,0.172658567642287,4.87469526858758,1.29343672275501
0.539483486298015,0.0681141328547167,3.98041380477384,0.763590525212363,1.94339911293319,0.795437386088567,-3.27451837409194,0.0533737053317849,-0.059677045251203,-0.535878413733312
4.14756491047605,1.12827844748737,0.867274473827303,3.10973267235084,-1.05645976801524,3.20027362801427,2.1029830487824,0.504457695480986,-1.32966416372812,3.66154712568125
4.76417586368576,1.46241371102654,2.2121485737046,-0.38342909143365,2.811009665666,2.78173534269588,-0.157941642083414,2.17759034070038,2.8452643759822,3.75353552497871
3.95495758386388,3.2931245529357,-1.1748171586837,3.35311338464576,4.17146613324715,-2.31457917532453,2.40980068527218,2.60484344462066,1.81189695920966,3.34207321831566
-1.98597068003749,2.90964983072602,-1.68059229330805,3.02295014845502,3.17167280098908,0.768057488820644,3.90101636625389,3.17546905136015,3.7362245421642,3.98365171016269
-1.52942537887779,0.992762411641717,1.14302240483642,-0.138769088558673,-2.971534675234,0.499116592881236,-1.183423050993,1.05669681248664,-0.872025788216915,-0.111062175312516
1.3779956522121,1.95665643955322,-1.85583896429608,1.65665965380179,2.48583046765273,3.30697367398969,-1.10808994178625,1.28841148509741,3.92978038486352,-1.85998002522372
-3.26758907219993,-2.34797963520057,-0.596037024261493,-0.137419380719765,0.497054490437538,-1.13479495307718,2.92593349453616,-2.94630932248472,0.653056543469449,-0.133815316732095
-1.26453660400464,2.60911200094982,-2.05166596447042,0.800834359810531,-2.68973137684189,0.165079914420529,1.81307715093998,-1.43544672409901,2.35456582807128,-1.36141082611859
3.1127722626345,2.94990158673623,2.45474300907805,0.660139554734685,2.86703779159861,2.9038061821268,2.60927472148369,1.55462510279006,3.58350229463349,4.08213781407479
-0.459413266431796,2.77426643176415,1.95712749136637,2.98996792602699,2.703485286444,0.322176931002061,3.83189887372353,3.00686496170362,1.54800454582983,0.540708356621839
1.9752013038292,1.14407598674385,-1.5791826795791,3.46624059798999,2.92626930693638,0.0878392454410886,2.95729655973375,2.71235375060815,0.154466129803387,0.920555474004662
-2.76535432567492,-0.389811686720376,-1.23255760436005,0.25339849610583,-4.28269937218855,-0.0306987246191097,0.121885653852576,-0.671176658291167,2.54850792861003,-1.10394811569357
1.79947669549763,2.56034635618542,-1.38575248394659,2.2935233379973,-0.240034037936539,-0.79900198926022,1.10563283580204,2.80465854525174,2.09593293214332,0.834674065316266
1.74334697899116,3.10982440210887,4.71262830951818,4.02098151797228,2.11666416426525,3.89638932439767,0.668564624493852,2.57035493207546,0.955393197560662,-1.04361910193686
5.55195612975311,-1.80455846268363,5.12595567214551,2.57852563573768,1.05809350053548,2.16171484884775,2.48829114682758,3.2568177195574,2.8454425978564,1.86529374190635
-0.600145890632648,4.62480323794047,0.724790009866157,1.04297431633893,3.37368616260861,0.846043806330939,0.157067835630746,0.0199652983901553,2.50294919419056,0.990125589914593
-1.96174097271726,-1.10884671282187,-2.2320466764092,0.132291832656244,0.705839063301247,-0.906580545077468,-0.579601940228073,1.81841727165726,-0.858124904241452,-2.47079483284083
-1.74827325013264,2.10961391287726,1.19686307114439,-0.328091193022344,1.46131120736533,0.334056149125595,-1.84593394645133,0.776934573984598,-0.906296355052057,3.76444866009433
2.7500291800441,3.46682829651203,2.62041209665966,1.33859465469432,1.90274780975195,1.27308678017121,1.41001163204053,-0.228389247216949,3.2616932671881,1.84525525564671
2.06523956657408,4.68093022851037,3.50668376985962,1.84361399972205,1.76975292271035,0.927877860377137,0.613497636870437,1.04281274933352,0.968818875740773,0.531422257772571
0.79276405608602,-0.367207255835968,1.67496375260834,2.86543373956829,0.598845044052247,0.583280761030126,2.96035851800975,0.762876415696764,4.34255028963101,2.29570626155268
2.92651876868293,2.16296892034108,4.57622579823593,1.87588004672127,0.119450268185501,2.84591516502617,4.93572888212939,-0.852001797296284,1.50499836776729,-2.82115299126728
0.573714440476726,2.30956273933737,-0.82655964956651,1.54263769242682,0.584520495880965,3.36234009219419,1.2659206903388,0.445190046643215,3.75215306214756,0.851185972580336
2.26932389380754,1.188314548924,1.36146748220627,1.40739228382501,2.27969053838619,1.95904765917674,-0.212464528996043,5.44184591938941,1.23985710324881,1.45842843182182
0.240967320438793,0.924681782390263,0.0556457335183793,1.18868552073836,2.74311538983927,2.1821477562778,4.71096329920698,1.91359570567663,3.17197212813538,3.93676040390629
0.0702390159362123,3.35188091801421,1.00222954427544,1.60042949075955,1.30922892519316,0.233711900206282,2.50794430739864,1.16585776317787,1.39436638829789,-0.656123665954063
-1.13710951061514,-0.195523045778444,1.07187548475461,1.40624759341899,3.89469829340929,1.86478368858232,0.680845330917552,2.19992482731341,2.1206689241319,0.188756788107589
4.67433867836114,2.26151334822127,0.588524259257313,2.56860024790027,-0.766251020239936,1.73389461946589,1.08347139572694,-1.23164492913017,-0.765236473861672,-0.145273823006559
0.779924797431976,0.904941616349337,-1.64620245643866,3.77737538652854,0.684832466826931,1.86442742759612,-0.984406468185971,-0.296242709389571,1.19809243696135,-1.00432316294418
-1.77288315253965,0.294543123087867,1.71493398005653,0.220944567601747,-0.549407681458439,4.62894204947848,3.06239184738762,1.58043049114394,0.454055815718992,2.17175022103326
2.04337998402656,2.42365141423982,2.1091590194586,2.8150907821297,0.413221893812079,5.95498620198043,2.56612890237743,4.20223718096136,2.28554808900032,0.213467999626437
2.20147372102168,3.62988139200046,2.48860592473177,1.38423331896068,3.61014880163714,2.56099731106691,-0.831331710626409,0.365594204271205,3.23065557027649,2.44512877314122
0.329961391291694,-0.524019016450933,3.17002061131562,1.45106164228891,0.913196342518602,0.946317257226889,1.62203518716023,-1.21875905858675,0.381358092159686,-0.831516231483183
2.45248466565218,4.10918553304509,2.35000403309567,3.23375501730215,4.16138465352487,3.54367027843098,3.06963135241197,1.23727095984754,2.84255155918546,-0.588212971085088
0.0450625767243854,1.9940935742341,-1.25910362082653,4.26992123481012,4.10184226540987,0.35676045765605,2.2903773368535,-2.5088569422323,3.15555298656971,1.9839616971902
-1.28685230341926,-0.964904379586519,-1.48784055261682,-0.499366483413118,0.0863017133977664,3.77494895275735,2.41005811487537,0.18026748872618,2.97489089017436,4.73109055215654
-1.43069402824454,1.1969517753919,-0.371175084890946,-1.23139402872881,-1.28542435461346,1.19828088876356,1.69310602579642,1.37731086577355,2.16517557361848,2.73989205101413
1.07694072380867,-1.23503673552856,2.41243246445808,3.22550903761515,1.64256325654132,-0.31900671602401,1.03173217578313,0.659201534552582,-2.73057411078114,0.443769203615647
2.67048425754684,2.91027882557412,4.00727321485038,1.14117358216005,2.18814236456175,1.72359510700798,0.590078128981333,0.307157295086038,0.509084390201901,0.764716938011073
3.17311883794883,5.5431572334579,0.554486158005298,2.92281107509917,1.4060688756475,1.47630250479509,4.46885136588204,3.11308012220557,1.0408727549168,0.513212792060157
2.09207884797417,2.32072250272947,2.83664519264373,0.789421584511599,-0.331730119896406,0.933428449763266,0.938121834037866,0.923707660074772,0.347548880742469,1.10758486941444
-1.78535222249476,0.995901323660087,-2.28025656426575,2.30487139813382,0.748684955778742,2.49602540837696,-0.0202130593663836,1.4612164969972,-2.1398162589612,0.569872243303902
2.50160771646443,2.7853798702133,-0.056663324148452,1.01724306234594,2.49710541229558,3.96140927101614,3.34364684610833,0.55815745545008,4.89212098886121,3.18069595353858
3.85786818967736,4.2044652531458,-0.0329508206825704,0.926312216751123,-0.876272902938962,4.06293977117272,3.98674605056469,3.82387988803778,0.925004875648609,0.0998256514417559
3.68994072682636,3.77716610812857,1.92576555876744,1.06883245179174,4.37698524025043,1.6437049630634,5.72299199063498,2.50774712308427,3.94664203260858,2.02561914730638
1.80030025251021,-0.590955219117091,1.20297830929392,-1.22696010140671,1.36699185338202,0.79663611934619,-1.6730886997961,2.8611128796275,3.7405137972728,-0.577183257111946
2.14236924018737,1.75783651546649,2.94271768907731,1.18793571305471,3.95437791021956,0.967093282342027,0.84343782432833,-0.0963944289559096,4.27659246207382,4.9476542131553
-2.65270862312085,4.24641691172473,0.0834213713080473,-0.42080063040794,-0.371228012718391,-0.454631971205734,0.0812567388121049,0.922389627389367,0.566980999679576,0.948767893442509
-0.404041951661267,0.636481630574636,1.38508209102005,-0.43765762537726,-0.254626046748282,2.00436195972312,3.4527467444888,2.68628623895228,1.92716196912392,1.84382436522075
1.18969981992298,2.00909164491136,3.25820888265734,3.95836213748909,2.19074123079836,0.78749131248405,-0.0859879228756739,4.45803007018717,3.42044188174817,-0.268938271071172
0.813204369942781,1.71227962451955,0.403270529382335,0.874952531052683,1.09311134989388,2.82914567661502,0.153033559800984,2.02552796298138,1.76213953510755,2.45962876443225
0.784660878897157,0.0499285004706921,-0.946397342271974,-0.458708607382542,-0.635522028964565,1.01177847117126,1.4685561933471,2.25716854668443,-0.0824648786631549,0.246298368777234
2.44502806033473,0.982898972692324,2.93943059612861,2.94863729620175,0.167613510472882,3.7183102640552,0.935095516995559,-2.53443703142294,2.39574533057083,1.31221339888838
2.72480466782145,1.47919455492054,3.77822873172783,3.10776619819321,0.409497663648975,1.13047908246613,0.700685695709751,-0.053068238524594,2.12568537965669,3.11554180854599
1.65896729749873,2.22155988547892,-1.07264683999974,2.3092206799607,0.848389141053899,1.51709646897335,0.883320134113876,0.500533018325563,2.36880962280959,3.02786555251078
2.00372613408383,1.36443322854327,-0.315348235392741,1.06654132264275,0.897320152110993,4.37275949256339,2.53614667769289,0.825428007092984,1.85722401988312,2.60146095696965
1.83999826918684,1.44291443034423,1.12772525792211,-0.236626974279615,4.41125583521465,1.32693686176012,2.0550680296781,2.21535427704475,2.12161977095473,0.154382385814092
2.59330401332161,1.57466815810111,1.71231834563757,2.15505886374953,1.13963506760136,2.67118138997068,0.687920200923427,5.93646194308419,4.27552733948846,0.757626032072802
4.94750700610186,1.67643238255875,1.64781057712503,3.29775298982655,2.55074723738823,3.07974461585515,3.97251278900048,-0.560239963066664,1.47913016702277,3.3426860717779
2.62123787010215,1.4269624632023,5.62706952940283,-3.28770729130212,0.298305845549196,-0.309956402577005,-2.3066269478338,2.08706615493015,3.8407121597898,2.65289512832077
1.8774866244815,2.04091007601117,4.93997375892217,2.49926805371665,-0.987990717356624,1.9469044821919,0.15544185300798,0.334696615486435,5.709869508667,4.1135156382346
-2.18891537343686,-1.83408198643439,-1.70597810998704,4.23955010264849,-2.43153573911665,-0.163008735307697,0.586302723786201,0.950212292029826,4.18294262137938,0.727386818413157
-0.685755829324836,-2.09021900798142,2.59496408480989,-1.58388340456159,-0.77852797040598,0.700460725752621,3.42709633539558,1.73484766650583,2.53470959566588,0.166031946292837
1.67954537016343,1.98290215435033,3.49596110856052,2.34210464577888,-1.8867376535362,-0.171064290584066,0.644591848762951,1.73641448138521,-1.05691362415119,-0.361172823714268
1.58447867431923,-2.72833633704987,0.0257944579327977,2.39749731883509,-1.2982075024622,-3.14574299079745,0.593717420685292,0.0742890767061064,1.9349371371723,0.350786666135022
3.55798419574967,0.845700538199242,-0.616535887912108,2.3372431737725,-0.620051536355801,-1.51405556278063,2.16604390933243,4.26518390776903,3.00991932301315,2.6454195150477
2.15911412179736,1.79097749154434,1.20214133394142,-0.0857054783583691,3.55817455514148,-1.17151490523775,0.74773580910273,3.43186898861262,2.45024611126813,1.69601492570119
-2.22163604493116,1.66603425973076,1.05588470147264,2.89258322008014,1.77102431796404,0.349286505618049,-0.989613847599777,0.579213881912259,1.11300836706413,2.15181122450806
-2.64198167901298,0.37864419498217,-2.11214281636725,1.40952237270146,0.0777655260908469,-2.01080410732132,-0.262877109305528,0.533055584427918,-1.44846537270556,3.23315685314593
4.69111897223485,3.98984498059812,1.31797615172329,1.74105873665511,2.07837546796751,2.52546538420965,3.08566020792837,1.75159607479336,1.04638265615107,5.35696133825985
0.691349779004807,0.75790294264338,0.21939665555065,-1.70200269550809,-0.223655354203285,3.1275962659126,2.69772349821558,2.41982547617506,2.06323741029581,0.657083778251479
0.885119074362602,1.74156120995322,2.09809348605058,5.23742557566937,1.18688553744655,1.22841399344763,-0.373695991886124,2.28598757746901,4.43497284676531,4.24464380852605
4.15935538644403,3.19279152166907,0.798275562135922,-1.40619600133737,4.22126534367804,3.04205059573407,2.14724548518787,3.30963770483631,1.03736971706427,1.9240352517762
2.68750750920298,1.16165811040759,2.754659087693,3.9504537888032,0.426754386510694,2.28247941289576,1.85417440412294,2.97531234764828,-2.08864673922047,1.28447198129865
0.430285975311164,0.98754162558198,5.53172895000974,2.42199680500821,2.18887228136225,3.36884126300871,2.51786909402112,2.29278270490053,4.17528385216737,1.3010868123929
2.73130135118725,1.700956906877,1.90758515192806,2.37731211689182,3.88854935303587,2.44384897408846,3.62859841076584,0.331609807588305,1.42312342294238,0.567663330749534
1.19136312925681,2.55102262396947,1.72643454513533,1.15765365932153,0.200315540852875,0.611752370839454,1.86279125068089,-2.42921652158108,0.682216354959344,2.73942494858639
1.40343681052442,2.9547201822184,3.32828096857473,2.39368241865335,0.726298583427397,5.43672073081817,3.18992606508231,0.987465507507271,1.116721490409,0.630877590399137
3.98473074362607,5.29545364451263,0.704508050439441,0.274362321473687,0.527399487046168,0.148232512408109,2.43387842437537,1.05815277822099,2.35171351887395,4.11752308218288
-2.18973286994653,0.333924205918529,-2.13734061085511,3.16862669077955,-0.105101479181347,-1.03392749094521,2.26182749774118,-1.52345630415945,0.574382397770073,0.59433159573683
-3.32805429293624,-0.656972984295187,2.717119718426,0.401888798535614,1.74365729190981,-0.768718387121361,0.410248395154318,-1.20172445274011,-4.23605742872394,2.10461425125283
-0.159983717567264,3.79077946930055,-0.618685667153084,0.520946235818028,4.64439173137379,1.69097793786909,4.26589661556958,2.05633877193311,5.66531623347875,-1.89119131211577
4.05604790398329,1.3925392167497,2.20212909171065,6.86266986934686,6.25856197764848,2.37319581088303,4.04092898324475,1.75949155763383,2.24651654724198,3.5375003455747
1.25214460644948,2.66680676242994,-0.394576273486597,2.59060318325159,-0.652869622710372,2.72503406316182,1.17852688523697,-0.361347868379694,1.43556625016139,0.800444162359499
1.02780327004724,-0.724025269595109,1.58245256538194,-1.64825814071351,0.44663555521943,2.21683890457432,3.07634612352683,0.616274842366352,-0.0206287719957579,1.24852502604088
3.14755467070418,-1.05130303855005,0.0284920004624045,-0.939245870541666,2.435858810575,-2.77917402179453,-1.30891338433002,-1.88675146948752,2.82506356982353,4.75497079560961
3.54623708699148,6.07665883001316,4.062104709211,2.85623162990863,4.6478848029845,5.46530034162368,0.544996130152274,3.60242324652279,1.7961921759805,6.29188384513722
3.73179159541595,-0.584935890831862,2.7993396358282,2.07456257167744,1.48007907631174,1.99861065764694,3.94423861171627,4.56123940372755,4.63215164808507,5.13674031449261
2.11693716897499,1.03529521817009,0.442878363211501,1.08977088327222,-1.77243061959888,2.25022366719789,0.135299083142241,3.04971047876748,2.00224946724892,2.5347809983813
-0.767463453616498,-1.42889663384847,3.34413471306888,-1.26456203650724,2.76871098253625,3.50585313663355,-1.16864195788361,4.37180114385983,-0.00270955390987071,1.75582181448267
2.48489396837903,1.66127006220578,1.57113923283352,2.40408193732261,2.92871319159777,3.12931210672711,-0.00152863564971684,4.96264717090086,3.49587151394114,8.66704209834884
2.38133410951745,3.30975058892422,-0.217810812282735,0.244849334989245,1.58481400933174,-1.45427463266419,-0.921687766667411,0.618330526305173,1.74849906976604,-0.010737291678049
2.54739456036301,1.85047838831596,4.88023381303478,2.77436858522751,5.84740793861734,4.7858508860928,5.29231400928244,2.52901609179613,2.49065421426521,4.11566883670982
1.37566046375202,1.14394802792866,0.706979846009709,-1.89160049549117,-1.7156302410768,4.2946397861753,0.724318721077347,1.72873694803134,0.494359169846152,2.09946452736734
-0.0742691413567833,4.90479662854433,1.71754992146819,1.88700335909819,0.976527580093637,3.49455743515096,1.59576682788337,2.97676591648373,1.42742584133002,1.80274264483738
1.01287393851064,4.26119373649157,4.45320590865582,0.687275221105237,5.70773554651924,3.25684089829593,1.11648942853003,3.06391486869089,1.22568118897872,1.53980706729775
1.15294033032604,-0.0464303314181221,0.0505881346619029,-0.614941025222044,-0.399941304441247,-0.0908833256471937,-1.07285938522243,0.497115493584387,-2.57813250573875,2.13497450608299
-2.31909329709575,0.161239180337577,-4.94991886583526,1.22403218352018,-2.49435894242102,0.57045735540223,-0.46514979420015,-2.70276445014188,-0.711533905064045,0.647910632908708
0.93664813204214,0.367799744780065,4.04789023107423,4.73369855577507,1.40550698170457,1.29760697005823,-2.00517133520119,3.46024918718825,3.84405680032906,3.98168831415608
2.12660414467869,3.02402375117464,2.8094007829765,2.35218738239576,2.93886868945286,2.84509024602946,0.368834684350048,3.42925504164515,2.56782442569956,2.05537235094203
0.131213128552023,0.359310478072058,-2.08069175468468,2.84081615936142,1.26468410232229,1.40421202345918,-0.702772252457067,2.71318021153051,0.553636114398284,-0.130954121587805
3.33548941419365,3.83574189827381,2.91234762062129,-0.873935606310942,2.60988723472395,4.16110391771461,1.70890744963991,2.1641582370123,3.76380564740405,2.59362348356148
0.645396584077489,2.2181292549599,3.16301096604293,2.96312810492926,6.93781693057666,4.27163217375896,1.05432040390006,4.49725668239239,2.32756123921103,-2.76919622663716
0.752134322769763,1.11848996792382,6.18364660923041,1.89244529162172,3.77996061677486,-2.03717959186032,3.43668647373587,0.0611456781728292,0.470275226184524,3.81053774712782
3.10793482180691,0.257792047738433,3.9478568292896,2.62366524567945,-1.04420744112873,0.504387162001051,3.1628526139421,4.87196721341674,3.74630839791553,3.23877612198402
1.79805016593445,2.59302983563177,1.59015352261688,4.52035997951964,3.38893980006699,1.4136960302137,3.46949977320795,3.97189749997973,0.317011599819661,1.22525075162459
2.19400310136311,2.4528983435443,-0.913032317460572,-1.42124763530019,0.569408126877204,0.762684777086241,-1.54556476678191,-1.32878011039707,0.552076004290963,-1.76278051033841
-2.04531920280871,0.23207926683087,1.63816500454901,2.10502815837305,1.4788760762641,0.951743636538249,0.812712501615572,2.57891610639522,0.45992445407271,-0.117958281784257
-1.41118964672509,3.04714865802817,-0.435812044466893,-1.45546373982538,2.51390620582381,2.73658816627825,0.595283235522679,5.12760143539634,3.3755691361558,-2.55604227624642
0.224834044267583,1.44223724175235,-0.860854841791799,0.942577656619743,0.420203536606567,3.79186995674946,0.292478260985138,1.98369079232573,2.06925660825109,1.36170417055822
0.448233919896938,2.12185302516964,2.61860223422228,1.66961381509613,1.51302924691021,2.80207964319662,0.298963871810658,-1.14167480171261,4.08019574586446,0.568092165187205
1.08086585669168,2.53333643764226,2.34555913725371,0.0789161191711163,2.61714122925521,3.38921847702009,2.19134992348931,-0.786385376438583,0.787703506546632,2.35595868233581
0.285851094478908,0.830260958958035,4.05908359388173,1.33850912090797,4.45602309108247,0.608125359047418,0.430828291661635,3.633037470411,1.2631077080118,-2.16577070339834
3.78101717138238,3.66080346119837,1.9302907429403,2.091968895587,1.23566652227272,3.10486978716308,-0.523027296479381,-0.739221973974376,1.97624419174116,0.897478358633762
5.29219964641786,3.62037684822465,2.66824745108525,2.42928008132288,0.12590004777025,1.42729593626725,0.135369866384759,2.88241536715907,1.18731972813812,2.93524967999956
1.57966614219262,-0.408698889671343,0.608565452274032,2.40370916931961,-0.507989440009737,0.918932960079779,0.152143672378729,3.49041160220687,1.51129035363678,2.69302422903858
0.282925433274657,-0.14545132288226,0.608836861609604,0.913909858650862,4.03410345760467,4.03993199366142,4.46444421693503,5.27735131297352,0.845255745762355,1.53609952938475
2.08285967352514,1.7823062903827,-0.9682551530578,0.957707658153173,3.89213810550361,1.06174768692828,2.2266065631392,0.677081595222718,2.1056441460791,2.8714598871081
3.54799190540006,-0.199429727945247,5.40938024457799,4.28528601134637,1.64746628144737,2.73315858741964,1.89025733615636,4.61504073456144,0.111658590531845,1.60970845400347
1.76860934212846,1.94328627152582,4.49167323648299,1.64810127346511,-0.466068109865413,2.94079897285391,3.18828613429217,1.74251394406897,1.64257776491957,2.23219626207349
0.242871310589164,-1.43856347875675,1.55766691285225,-0.714649297034834,2.60876577495855,1.32542675817215,3.25088941597228,4.135849444726,-0.271213478477294,-0.737388334083802
0.469736398211043,0.618609811740495,1.48288731285846,4.10041269906604,-0.932580647165819,0.471093677851747,2.25628944049607,2.63862750712127,-1.65094568842457,-1.1129061890041
1.79094426786627,1.2631111033129,4.42812756215456,3.86831000539216,3.70376709387974,0.518694185217735,0.302518327070009,1.63288590175489,2.26296156943523,2.29458583395083
-0.172277324448615,1.14562395061311,-0.436227153543807,1.55335773282358,1.01873288038037,2.09574283664027,3.12011915683135,-1.9427666880617,0.276904142772997,1.99888389279538
3.16467466137908,1.32056774896274,2.86876740072765,-0.151970657975073,3.51481021090742,1.94800627050912,1.23777079009827,0.909389467049309,-0.662552333619649,1.88589051629935
6.04545405890866,3.35780975161753,3.77017472435655,0.743590049878473,4.77807903572165,-0.22973818383496,1.71043421854404,2.38148566123181,-0.0617026229055666,-0.111933778043379
5.81895481996255,1.84797412878334,2.63547713092649,-2.92809480748933,3.80862136720424,2.50072462265326,3.58836499900262,2.33913596866806,1.40837648919313,2.59683734689898
3.97335260738344,2.17068860652852,0.28771927461511,2.17616611620498,1.17520143280201,2.55744452669725,1.6756616688558,3.39500899897406,4.17221596632919,1.22230877791064
-0.180238782931069,-0.821014653055445,1.99683142969927,-1.09163056095847,3.67181400627024,0.735395007858165,0.498571524645542,-1.15437132544591,1.65841864148787,4.90267552025522
-1.05418026746531,2.85698145997184,4.66367315768597,5.02645770115476,2.68702538600736,0.561726854805206,5.46455729669745,1.379453617481,2.82395654257231,1.63634078007941
1.99461884585553,0.349268568816901,1.61456344004129,0.310694622710776,2.98903273241101,-2.19782573113088,0.503485036462932,-3.92625044649293,-0.21815159279095,0.784789162634566
0.996632431990232,0.551124065379369,-0.352617771360527,1.55294791817669,1.5208652936061,0.528306152337633,-1.81475462452923,-0.488969868250706,1.63090532128303,2.06349913878346
1.72778262922461,2.66552592289041,0.405428100068535,0.937598722139756,0.478050261427782,4.66477737685909,3.19605542185595,2.70363718210581,1.69723401178851,3.43150346098015
-0.218006858694908,-1.2921232129624,-2.4172371012045,2.90372139747988,0.0449451562120868,-0.531041541117509,0.0466775947595002,-2.20040392376336,1.06331087997799,-0.823790045809816
3.38995980194868,3.1317332205838,2.46572113672026,5.15114643586423,5.08468103319368,3.32273377044374,2.38518383014004,-0.419134429617118,0.036611461623612,-1.65706049411745
1.47484026413583,-0.391481516426146,-1.17625267576767,4.09993888632956,0.641155615592487,-0.259905204585698,3.59482946533283,3.52085785458118,2.74185315448675,4.28225571716043
-1.05932082341857,2.6380455116685,0.0568920428841009,-0.0883889989087807,0.567545131144604,2.35597662086703,-0.557510868817232,2.89668548750697,3.20260940470296,3.60257441487345
-1.52022662613641,0.289724244307211,2.49396027161667,0.205065696500262,0.498228225590154,1.49260075822307,-1.99819932011851,1.13215139354248,-0.900050858051426,0.218279889743639
0.961558263441407,2.10357822698561,-1.21201500729648,0.58677424194524,2.10767227332094,4.65188986142836,3.45115071259239,3.74581891655368,0.832277667970733,0.542033043171017
2.09303834062215,3.24832312266713,1.128687279736,2.56042668311562,2.00176615023577,2.31916906050893,1.62532343099282,-0.881757571384502,0.952689094561991,1.7490561537272
4.6293400888089,4.64465250294728,1.36940584519267,0.669783221734349,1.58115237003119,3.25106443136942,3.02279331298968,0.0806628477429254,1.97124799605675,4.99669414303506
1.3682834339453,-0.208769586253844,0.757408176324624,-1.55414834115102,0.113971066051374,1.13152206989195,-1.06933175506456,1.8943735459007,-0.946939282144251,-1.13579942891013
-0.512351992805802,0.890584372978665,-0.595920832393458,1.19870401904255,0.113099429937922,2.1777904217192,2.13197251469837,-0.733922436058421,-1.7470594904156,1.7906889276731
5.57538988589149,2.63195020875887,1.24196174035316,3.51113641704282,3.8378483737722,3.01119207292387,5.19965501505812,1.47101076064515,0.886829011557322,3.35495088049017
-3.11724923209368,1.412962516712,-0.0681243183444221,-0.998396120010122,0.548329793968357,1.64561303789505,-0.928434351605512,0.621815810517496,4.27758045778905,-0.720993199107276
0.0210863932142406,2.23694158488391,4.40154971574491,-0.150661718361707,1.13863621076262,2.50897288872416,4.35305969612016,0.935302661299738,0.569891985116033,-2.36991557815733
2.73999923368535,4.04145416761298,3.57338281423038,2.06986213643265,2.75069921500253,1.1372148956061,3.74845540778952,5.04018586696157,1.33894201362306,2.43583529619816
1.17962824795066,1.48190492965022,1.17318523939134,2.5471233158505,4.05386190308031,3.11886696325684,0.806155731767495,4.01465868954901,1.9705771028398,2.57829719536484
1.77077847018568,5.16622507988833,-1.01805538350194,3.64324203998088,1.33299274827329,2.62648831255298,1.54689729301628,0.187773031036493,3.2395927316873,5.20457561447518
1.32850109829457,2.59305415598374,4.98275434656396,0.836409288342091,2.95804460356634,5.67949844637288,0.315778257913877,1.36172126156565,1.27229700307194,0.672277052264771
1.59950658531743,3.23432182675033,3.98909547511972,3.05424450973789,2.21499272976216,3.79404584282211,3.58201478508417,1.81871041800313,0.98844406829659,3.06236176779198
1.07330699809753,3.85514309287736,2.19990402149905,3.90489620934138,1.61659370179634,4.30820720773728,2.36937594457449,5.47460992949565,3.82695947894104,0.697988723168213
4.80244034239189,-0.930600312627941,1.40364336354785,4.9149590001592,6.42994526511035,2.51511161260467,3.9044951916505,0.707779326105637,6.19322255684928,4.18094199523995
0.825036823786287,0.960779915300431,5.16787957283642,0.518466253966574,0.749593145203409,1.51815360182644,1.38019511624189,2.55503265467477,0.256635603847013,-0.380437582772275
4.55197130236694,-0.606624458124413,2.52868397806378,3.2228077735035,4.00080963490173,-0.642712086977328,4.41758491367238,4.4558742542541,2.15663808843112,1.52011792376613
1.8339879358953,3.53505120922864,2.77984667437211,2.53299673899582,3.59736026958996,2.75988318858892,1.73650310504129,3.66132454448988,3.20423475095814,2.64944509412216
-1.29421064423194,0.0299657459507542,2.49000600160248,-1.92503048140873,3.14108994118732,3.02876462016347,-2.88636121088203,1.49663150047946,0.397738956120987,-1.40336948720695
0.785074684404532,1.5238999693459,1.03609247308669,0.0558472150932748,-2.51095756935973,1.53786705504284,-0.0436996384970587,3.56445097356781,3.84899446157756,1.46484470857598
0.588834656318314,-0.825908327814873,-1.00163445313694,-0.424218818604014,-0.24955021188954,-1.03187566840493,-1.68448739787591,-1.03298385477215,-0.903038995644289,-0.568130396163865
-1.29957902411715,0.576906945900856,-1.49876042719421,-2.05272343455898,-1.60242164223296,-1.44935952121649,0.919353879940017,-1.23049548780917,-0.617282905460177,-4.50207431062405
0.830332843985351,0.574580735367148,0.11350885084057,1.22185099972314,3.17334047554962,-0.244658675731072,2.39867894863302,0.0934825897752583,3.07675508077089,2.42157735983369
-0.417296683554988,-0.356270468037268,-1.34378556280332,1.78549028962829,0.219195092161106,1.40810264848013,-0.152759578446397,-0.854900908483326,-1.29108411398549,0.445276047203772
4.29005396059776,3.48298863013357,5.87913749112828,3.57764874146457,3.30140242922672,1.2837372760034,2.2219446200987,2.47806850940213,2.08289780082575,-0.252488899680731
-0.0604956834134107,1.40160407620899,0.483844315356801,1.14528159760208,1.7306619038001,1.1477083760875,3.20148716277852,3.44492407199957,1.66285176438318,1.17767138695853
2.16393939308282,1.77974144743528,4.02398486699068,3.5284349171135,1.76738016959147,1.85048583267614,1.12661512022273,4.50525827652386,4.3293001301401,5.26021471435331
4.45838272071323,2.41445060496297,1.68351372898179,5.37001128110444,1.90452034576692,0.833407055020731,3.7434851050911,0.785754421303245,-0.829801098803364,1.62856818017572
2.87272862025375,0.0361234471920252,1.78983932460509,-1.04606273122236,-2.23111045402932,-2.50804820276221,-0.165608943963043,1.37206883922769,1.29880872993629,1.85806502380952
2.07295221953816,1.14323069890815,0.654018781339165,3.65962254515107,2.91999144359238,0.61632205486347,2.66197805192997,0.19552356418998,1.18122929634334,-1.12037255838897
2.80745885901196,0.48078689277679,-2.85485993398006,1.60312539716931,0.946686602186241,-0.195883345662452,0.147597856608735,3.10181020898694,3.71894527422864,-1.86103890377639
1.69052621731121,-0.742323562095984,2.2542594892916,0.83000373092272,0.132159933454159,0.560191976785967,6.33933251364359,2.4031435571398,3.19865040867117,1.94062827738635
4.29564896238882,-0.415689382967985,-0.141972662439072,0.208654403753619,2.90419395087153,4.56492267340617,0.520931263599435,2.64976395332475,1.04000136803224,-0.73560013682902
1.95191069099336,3.7006983536082,6.00628592150824,4.68901900726566,4.28529259454247,4.42863714496877,2.77850781799385,4.66426678928094,3.16771862175094,3.50866455116428
0.444647434354514,1.89062501889019,0.644286493018942,2.55552775356673,-0.262411927607475,0.181081954045998,3.17520477428369,1.68512126958351,-0.152113311028609,-0.860453066284726
0.655516288200411,3.33446102235158,3.15719818359209,3.21533773104325,-0.220646015221569,2.81455984642879,1.46598864909576,2.68636759621218,-0.471036129405874,1.29966766230133
0.359239116256613,2.22739257175149,5.57066864740188,1.64553747497974,1.3259582573381,5.71369644795758,5.06424538812718,4.59510009766905,1.81803872598536,3.88549906470082
1.10786353400303,1.85552848059598,-0.058242879255707,2.21258918434833,1.22830844747623,-3.37366466697746,1.55890612513751,-0.53445991287261,0.270682510255319,1.40277424954103
0.439471967725757,2.10749970900424,2.43535550040624,3.36429006830909,1.65020125115397,3.18126750444117,-0.506233600396262,-1.75344705167495,-1.68146848142969,-0.883875806306883
1.33338836199705,-0.724846462926559,3.2541916142204,3.25651602109869,3.10820011019125,0.105432158670333,-1.82448859823449,0.000346992044877314,-1.1216350054356,1.06396348755478
-0.150218149139204,-0.383293520985227,-0.555629183775027,1.28319151550209,-0.27121087092892,-0.094766714487827,2.40788969213131,2.02893007570381,2.34899941896867,0.52539631660208
2.64303012531667,3.95032065816149,2.69684020458476,1.76879917470235,0.653863336778729,3.87741069532658,1.99739461441039,1.92501607710416,5.52595349385614,7.09145475208189
2.88531119175786,2.25117367734096,4.10706248957748,3.991011696001,1.63036051722948,0.630653293126779,4.56983067180794,-0.0199261298691438,1.2126155754078,3.32093438152737
0.0195863694809038,1.54107499762225,-1.64878770400857,1.51283053213579,3.76402129533057,3.46922315968096,0.250036763027108,-1.06191661745339,-0.990317469173142,2.8368851536727
-3.48848516834555,3.33400679047908,3.74616833698696,1.60518946720838,2.72217567960468,1.14208171509396,1.22847733024153,6.7711625758342,0.71535937364925,1.72276381111849
1.08962914253064,5.08481878488892,4.17136175773676,2.42242255548346,3.19888355065551,5.51535466188755,0.662720528817001,3.01594289848042,3.35820513685949,0.323787169030366
2.82772585106651,4.00878702195737,2.50472589087459,3.91085590188019,0.242637163590638,1.18384834644683,-1.86979686767076,0.481977656549352,0.53474071413654,2.36376930155736
4.86980165517616,-0.903309215893652,0.89997849713176,2.5207703877034,2.05139682517819,0.505778040919692,-1.01085536209899,3.01049405070568,1.2340572854886,1.88168799512239
-2.34096650678472,0.157611766964661,-0.370383217661833,1.5542610204667,2.39338586187168,0.290940333627693,0.720550911657183,2.911100008453,-0.180610348939582,2.97439427359954
-0.987046748853357,0.401434298390935,3.28630420392358,0.270883502821185,1.81370407814762,0.644531387593503,0.10753661438944,-0.323254894474725,0.358902625307739,4.40829819437946
1.07275275434987,0.466354974235369,-1.0755795549858,-0.68539778930225,3.39261514350532,2.31143783606129,1.55922454185201,-0.206951510463152,0.971332787414009,1.86279386464497
1.05670859461545,-1.02872075905027,0.816211213542389,-0.0219347997252084,3.08255458019368,4.53071307674792,0.394250476586415,-0.963662954658114,1.49723603936714,0.467614420116017
0.259751267462001,3.73802116803947,1.30156000432415,1.70521002359201,2.5216768279542,4.0657777585235,2.72398408769102,0.870014953034163,1.57002017800069,2.40797405532185
-1.58711964760843,-0.0490331435556195,3.31601636663582,1.42154321441883,3.07633266561553,0.937298607452871,1.80234229165814,1.54102325070745,1.65126123891573,1.92327839898874
3.48359929063213,1.66659962241852,3.27185674108548,0.00022962641814761,2.97323846027592,0.484803903646334,1.3883625064504,2.3185000793699,1.79422679605655,4.82264897799021
1.56263107836647,1.8901036060297,0.915948456024535,-2.66545668835316,3.90382843773869,1.85180401698245,0.85707155816129,2.16759162715332,-1.69030430905385,-0.193739429374201
1.66085970166251,5.03972374261751,6.09040376487137,2.62777941617107,-2.86737065714121,2.49352569249889,1.96628738173312,3.67681956290656,2.98951781785758,1.78074618013215
2.80286700229906,3.31088997837018,2.20588972319717,-0.80687893443334,0.738279729552242,1.27433705473417,0.632833461889125,3.03844400449738,2.40275408522394,5.32499548027789
3.61331095886494,-0.0554559792230336,1.06002861554354,2.20236897445016,-0.167201223894659,2.22242982469629,0.0281741502956603,0.0218126419055801,-0.589871366061499,2.74314816362272
1.93657558060657,0.932823481706686,0.758732650086131,1.01433008041464,0.235208777850974,1.52028629339228,-4.09154612436021,1.51948654409488,1.68503009809365,-0.95678060777481
0.648504222786894,-3.03057950432447,0.64460726446138,-0.617728640942682,2.03656672969738,-1.94801283754895,-3.11264181888473,1.08055833303762,1.08883263628246,3.7553036192753
4.03212673354908,0.405139523368419,2.67802138813998,1.37095898491265,3.88483863121923,2.87842102403081,0.241510608190136,4.22193280026907,-0.610474015506272,2.03302304251989
3.42878944854142,1.256410376624,4.05569366049292,-2.27474885839711,3.80731133167041,0.184746470462261,0.913372026077091,1.91442254879901,2.36323878037796,0.0645588963466699
1.90640240760599,2.54229717109832,3.85195386061898,1.5143312378183,-2.11403659409307,-3.75800523590092,2.12782976711675,-0.40258296449165,2.93327859145725,0.502455856198279
2.15637663852306,2.94827189861088,-1.3186521754185,2.98998525840564,2.13687166084268,0.954562758656573,4.05021245809223,4.42836001012606,-0.312162415364043,4.56627912258907
-1.14157142126674,2.35423702998861,1.43785145248089,1.8088270882713,1.82619666427685,1.37466248280211,1.93006647276393,2.99623466037473,2.03983873784428,4.41358060634292
1.48767032844352,1.743180836292,2.8250905519916,3.23596694775202,-2.33996040386698,3.19613451510755,2.58958340087048,1.60505040698522,-0.0593549404787117,0.573726395895853
4.2553792407513,4.59620182071973,0.656733663047025,3.96579084278177,3.09360681953426,5.01284226407322,3.99716142661556,2.80419864009712,2.15113189369725,4.81665720336344
2.44607778693057,2.13168146086637,1.88706800512722,1.53170889014052,3.285877804536,1.92263451742927,2.16601712661336,1.43003605115981,0.243288482871725,1.47508358653139
1.63166188060358,0.0452104349889777,2.41234962634884,1.71579984253031,-0.0437339238686518,2.53598497801205,1.82959022671235,2.1915320206781,1.06773940925923,1.26891902275818
1.13105735940496,-1.55701122132939,0.210529248299768,0.568296812967003,1.28411771294878,2.50072145541455,-0.638321343050969,0.244186911135757,0.444891869098656,-0.683270191839662
1.77766010196371,1.1862986574025,4.92293151555119,2.27453120522956,3.13487297353392,2.23693932069326,0.653207577048471,-1.08688284880864,1.27798428016814,0.821440296582807
0.678445416006487,1.02041226419467,2.96253988671323,1.41984305394757,1.96561323519996,0.313431978718708,2.14519517358651,1.38041942654599,-0.584383808483308,3.29578491734282
3.98839034361531,2.34363517737093,1.19057753913774,0.566479446268779,1.36343146478912,0.37399419179168,1.08342802130154,0.299455283276526,2.18059858123923,2.15612691916454
3.46988761277086,0.599412219355668,2.20046344264726,3.2851730878873,2.07313309560245,0.626546091659474,-0.941746227792414,2.539160742646,2.26178259025604,3.10533838468162
3.63915459465894,5.69069299450465,0.371329302433974,2.76304099093129,4.17434520693658,0.615941102185572,0.225823615605488,4.10600845653587,4.16979764453111,2.69512112126849
0.861242123722288,3.51523057154983,1.56003560452285,-0.0125979142708226,1.70021767071763,2.70708593706177,3.6751068225969,3.50671948182503,2.03407202981476,0.713962487251076
2.8717174265064,2.42309725371191,1.27190044244155,1.97502923596524,0.87826379519116,3.62887277835336,2.53169052140159,1.59129152299083,-0.806374244735774,0.634722086271482
4.38047534948731,2.97024629256163,-0.564517457097196,3.03566481501687,0.0266004887916087,0.313049355416013,2.32579298026309,0.743462336453488,3.78016126773012,-0.305273545895131
2.85281142218311,2.10642763976216,2.04472982889669,2.54314940098779,6.61344677726923,3.25845739073728,0.353695714987029,3.43840195718604,2.408234682534,0.264845721388151
2.11607823661127,7.00867403992252,1.7283914919547,2.08502638104858,-0.0247539760819504,2.29549490080965,2.55456359974367,1.52216804412018,2.83769594176918,-1.04145504977361
1.16365402651984,0.817851427767612,0.751169669005907,-0.149528726567214,0.420224037608301,2.34452443489643,-1.69307522364361,1.23216097980474,0.776839036733102,2.78722847308339
-0.299342399655595,0.959593314825947,-1.07542121950495,2.01994209333701,2.80193141412513,2.7332307403623,-2.22442389588226,2.32904028107371,1.44482783384957,3.72258727678949
1.97536486001175,5.81525658252356,3.2877793134798,1.13053577229303,8.17993455170061,2.72870119172988,2.32567681135738,2.72149660492414,0.634251162773659,4.93331594816805
0.471330450239501,0.318173885438435,-1.49049773990837,-1.08684176644974,2.10281230321285,2.18637665121752,4.3027860621892,2.49964141898838,0.170624995241259,0.0252169766938373
1.25811970038259,3.88674645982086,0.736042056586201,-1.0466849632568,-0.254126703641183,2.99341287327269,-3.18369829015666,1.46466416800288,0.355180087255917,1.23221389148852
0.235630435468917,5.04343456672151,5.36650220945862,2.83995189926664,2.25555820221282,0.176279953276817,5.98108293715496,3.71636252108807,2.36254262050572,-0.112868849782268
-1.45486947221647,4.18710726522019,3.84281833378064,3.02828929330287,-0.188187625466019,1.38933786099869,-1.01642181817072,0.275828232293984,3.14388148671411,2.41172481699509
-0.281412439633106,2.6642589163546,-1.33854824135055,0.425568627955692,1.03578661810971,-1.70501378987789,1.27237488582985,0.86357692555758,0.0743511400518422,0.0141407287763486
-0.82820684194572,1.40933284033577,0.884725774866118,-2.88539050823079,0.00155859697695077,4.38708974153543,-2.5107488501937,0.361662772976306,-2.64796513336647,3.14494587428597
-0.523211728133627,-1.97632700599084,1.71408899952133,2.53064561717456,4.3242427388835,0.663086548469184,3.13061194618594,0.602077384505547,-0.396966478661625,2.48110638396462
3.06889634207251,4.0027387463988,1.29316042341574,2.04745939504953,0.336473839594864,1.48131904684239,0.232361357537453,0.599811481548885,2.45084295501302,8.34043968856748
0.659826136069991,2.60189139345371,2.98226951368216,3.20182865020565,1.90499344480564,1.75181023106824,4.12031966900694,0.66113856155857,3.17762684591126,1.04190321555109
-0.203101421438965,0.254420676398319,2.50296982506914,0.476968332522897,0.378578703358977,0.646771601510029,3.72748054261631,1.93416272896682,3.22969168378531,2.26625943779033
1.81658540598291,-0.723204454440002,-0.347968807587973,3.3308561521007,1.07304086109317,3.55547244094808,0.810054650416096,1.05139605628939,1.44714187133188,2.55550817385812
1.01943429825864,-0.876674005584832,-0.109880566714803,0.811962348902757,-1.2483747276138,0.288329856546253,-0.591610741002806,0.593944983154537,0.979478869266416,2.90758877567751
2.14131514681449,-0.493876521667264,0.309615434826765,2.64640661794188,-1.55125170639001,0.808999699854693,1.30165280417153,1.11983402836882,1.42495857417761,2.18976476183101
3.24064961962212,0.17315612043005,2.52735537679013,1.16168228371922,-1.15067365003684,2.8244369447235,0.407199799369317,3.95216294939966,1.87099842551739,1.46553838411454
-1.16807240197662,-1.86447962837201,-1.78808841462616,-0.268182529403304,-1.97529977859351,2.70247251159662,-1.98525901904333,-1.96641986994391,-2.62709922139978,-2.61047353169225
0.823838037118943,0.36331501699573,-0.756999567982449,0.522981442522747,-0.386275428201806,1.36627787792652,-2.33860139051619,0.102344177110403,0.157251514213668,0.238886223783593
1.45638567582188,-0.967649731330746,1.85740280803655,2.66852380030413,2.46851939204007,2.93243725634499,1.5485048553859,0.263687472264345,-1.10643022808337,-1.6465445000921
5.2212129911686,0.164893043091783,4.34258532360835,-0.0426997441706716,1.94548742626466,3.72441514593059,2.80978689938347,3.91667648687985,1.19202080358888,5.44563317121451
3.22348987147479,0.571536150976908,1.47009879083209,1.42222616502785,3.79464808858415,2.36703678328878,5.32660345002385,3.85150308192327,2.93380469840323,2.36219205316314
6.4349766416803,0.368202344325983,2.51407864064563,-0.667869600098958,-0.745050053387804,-0.488167747853977,2.09314010739712,2.58484299103427,4.63546531621112,1.70237334864188
2.8730968351236,5.9255899627671,5.89198155008477,2.39094238665781,4.26599447732884,1.70067713763454,2.7855462497577,2.71570475807256,4.20743363899912,3.55505540622751
-2.06825815996916,0.0252853413303409,0.510022931335508,3.38064417996099,4.33262646798539,2.05831382066754,1.05140801413047,3.56225311859981,-0.557514729379898,0.425555018388708
-1.25302690933616,-2.42988428764885,1.21553930949284,-1.24950372393981,3.21958395882378,1.48142917891826,-0.499534684398543,1.95443159090025,0.564237642411502,-2.50215962767796
2.03743477057641,3.437482796037,3.1706195745815,2.02812325056254,-0.304551767097401,2.5320510436669,2.43340260705943,3.35157735858097,4.46001974178431,2.62871087800013
1.66202477264142,0.833049205575062,0.742871826656945,0.511414797651631,1.73971216218306,0.673487884142846,3.11432911335638,1.78479328689516,-1.32145825057104,0.992261986966413
1.31486327766276,2.28780768709946,1.11141601161691,0.186724074525634,0.194773471943454,3.98683051370396,0.461205461139319,-0.955865779789143,3.56251582473562,2.00477933871996
2.18643424632325,-0.358789923119419,0.852696885699774,0.0576554307919168,-0.00469873464526316,1.48312376034544,2.02186312953547,0.0900999814950099,3.49103825508351,-0.264849743419841
3.44887894486773,0.932690908323313,3.92304820701902,1.26898500606007,-0.191418299213634,5.4016603242827,1.725803476337,2.7466777212205,-2.72163486287128,2.34237022788456
2.79302820124251,1.95624960247737,4.42850006283325,2.78135422436222,3.57943313483375,0.418402508588604,2.14141969060342,2.56429280583155,1.15465675778268,2.51082299792168
1.17675406022023,0.482856782863629,-0.360582522321614,0.0917271263957119,-1.90260593489721,-1.71637077699522,-1.90131705159214,-2.01595916403714,2.61077107299696,-0.0154014668457568
0.0364639985570694,0.314521736336457,5.62750030338748,-0.981480514428766,-0.157142219572417,3.41044368198162,1.32315298784122,0.993459598015298,1.89367738671185,1.79424678148569
2.10991983246326,3.59817443465901,3.93865375502464,-0.197788788778817,6.58002611083719,-1.33901291091684,2.99259671216737,1.18344634690354,-0.158031145182874,2.47596399116534
1.3519988649274,2.73341439359984,1.32708678902475,0.275449082881722,2.30721295858152,1.12318690648711,1.13621806979983,1.65585563557102,1.50804612212709,1.69886914879374
2.95798245571345,4.02302355282082,2.22384152004277,2.89566965477423,1.75678655136993,3.37749916845642,4.2239850537452,2.36901461656904,0.872634049080596,4.02135974743146
1.49660025291955,3.55972938869227,5.75665010169269,3.96738858063087,3.66169279575724,5.31743258028307,2.73105095114361,-0.120752224820244,2.45943192378426,1.39537232969702
0.437361573401178,-0.346768249450876,1.76040172573768,0.435942005862195,-0.0538212267100956,2.13918323641746,-0.783975634771848,-0.660344275174722,0.533194101694189,-0.344891412805978
3.47588719239072,1.79144077926119,1.51480874477735,1.89963591010331,1.34379450598259,4.16546068392928,1.84914029943582,1.62204248772779,0.226327624196461,-1.17161729349989
6.52074434781316,2.37493119847262,0.305351046566035,1.15507290856349,3.47854351714575,1.62807703107372,1.44752267130866,3.34508971562505,1.00148326816615,1.49179387725939
2.05498693875629,1.07069718960176,0.0112430697908775,-0.079573897548461,-3.19204228557061,1.81932248545924,0.768890697554782,3.41024111940041,-0.491154052495354,-0.484622280422712
2.26819728175628,3.93748502796477,1.81549096693738,3.26329895333422,-0.4688192772533,1.63998315514626,2.92514592584275,2.01030444925836,4.3016943061878,1.06394910469356
3.77253718337395,2.78334532177154,3.46938803541505,1.77343174577633,2.80276590475712,1.45102716770726,4.38420890017655,4.42670256327494,2.99142347550832,5.64791212762654
0.933603905218143,1.93614589463047,2.86430911337878,2.56613283146734,1.22461451315147,4.27573814248755,1.98225197596546,2.36797591461757,0.391165884161626,5.22208478225272
0.249334319812707,1.19874854555617,1.8397524516906,-0.0246689561137754,-1.95623540767835,-0.636329131833291,0.986084045432512,2.02666386061677,1.01291765477722,0.577004887622346
4.50043270084448,1.24746198519649,0.611002818948692,1.13178760969431,-0.705758376971634,2.16505721906494,0.616479230232015,1.6902616178233,0.950264849536661,3.36246089589801
-0.250215899138156,2.47406417487894,5.01526650344818,0.291694844344406,1.10834437147459,2.84997233775223,0.819351279585222,2.01783119644264,0.490150892628154,-2.07692284319251
1.44287401471119,5.03677429180725,-0.661042839710653,-1.38952678491012,0.929998638687495,3.17429650331185,0.949469872340388,-0.613535566827072,0.10674286303482,0.847474499474577
-1.06699484382212,-0.504642614165787,-0.302333662862338,3.21821343744342,0.0478897933104344,-0.933329663370891,3.32330380064988,0.511673927940593,1.42834707952121,2.34167057908462
2.67749021713278,1.69600176894062,3.58366224423387,2.01430726299829,2.5139113940608,-0.431679563135451,3.5206266349217,1.88042167746588,2.4759668149105,2.74558749870819
0.881563396663278,0.0543134600079984,3.13186108839989,1.92037571422607,4.3956602827136,2.68332447208611,4.08455318757092,1.15504506773093,3.24954740362401,3.81367746637418
3.65540917194191,1.92288879391249,-1.05151091828018,0.33972021526478,2.45701620479639,-2.22931667508741,2.70052977287785,3.34292193115333,-0.244976127280891,2.33609722551319
2.20095402066938,2.82072234340142,1.56727297020147,1.41093653186247,0.573652872054091,2.03090763153652,3.8676398340516,2.55330046164626,4.92629015480843,2.42281261558368
6.7854248534262,2.33557513316981,1.16867716831839,2.5456806073652,4.38247331374853,3.37514092700838,2.86186411860011,4.60921130031467,6.12693415848153,4.13666705189255
1.06712097971422,2.82263554846563,4.16657929727414,-0.549279356003678,0.220337304058397,0.700343502028449,0.296768755548444,2.03667997339568,2.07695523936123,4.93999850900362
-1.37697756238384,0.87331522945406,4.26312130681933,2.63740195310998,3.70342562785819,3.39114486210059,4.5942287559209,3.22396416007149,1.65927038616721,2.4748427036839
3.02945899014826,1.07030968404205,-0.429642482012255,-1.21441003668374,0.157290817284163,1.97096217729833,3.17844232369805,-0.83997244390978,1.01338315620791,-0.972187084097313
3.72038145702448,0.506330426100043,1.47173696216848,3.79007659504316,3.21685100375551,2.81348700982739,3.26733560288807,1.0440074958771,2.25932828708106,0.690893772484207
0.355765335335708,0.365397430848624,1.18265474888054,-2.05674703554792,0.214184468634473,1.60349375523264,-0.172898107258201,0.751062541899753,-1.90176187863742,-1.64504874375967
2.43058453327116,2.96106053086133,-0.282452196905966,2.22341304776429,4.57107883808017,6.74291283528243,0.628221131353594,-0.414526852665703,3.74404317834425,0.712347083695276
1.82693150900058,0.502045856397019,4.31021105208629,-1.10753767459865,1.2884981120002,1.99858715920757,1.84059819148081,2.82757039536855,1.16981722333301,1.3194367578105
3.03761538283731,0.32584726227165,1.15724837305438,2.49478281056374,1.26241820567663,3.36557688531413,2.74920614096455,0.652302934792983,2.27620741567873,2.51824059380026
3.62443413883915,2.59913992686172,1.32658690133396,2.02300712023882,3.65218896722952,0.904325118729253,2.09367416670065,2.8890693403739,1.52693844616107,-0.700975578051874
2.65682310960011,3.84056972280754,-0.0254743078236923,2.58727564598787,0.84497424941595,2.90326858582786,0.631851228569161,5.43162839664608,2.774459800958,2.1155793038561
0.677255386001559,1.2434181058652,2.2099388957731,3.96772967117702,0.0346109261426215,3.14283617910754,-1.43525529286404,-0.718665522953503,-2.82353145531625,2.48817185184631
0.619441602427769,0.308985874187761,0.0532876820034323,0.7488466025958,-0.98014561646468,3.30752374613437,1.59126205619501,-0.32798715768011,1.92288375923732,1.27364259021253
1.3047795794487,4.43804491424507,4.90194820956031,1.79521344788205,1.49323080372791,5.29790850791419,6.16560702879397,4.7593492910002,3.69271244767564,2.15236269126342
3.7763359512464,-0.393867111726456,5.25862145447543,4.40024296229291,1.37615814578198,1.66201027412612,2.32436828942097,5.77389498163948,2.34601976895651,1.79591880854258
1.8109137425851,1.22839306886349,3.16757496461428,4.31037529968012,-1.15882256003809,2.24537919075648,-0.207986340997825,2.55079792446618,0.51758389179516,-0.341106501524323
0.895622355208168,-0.920946975499083,0.163407817784877,2.61635451590297,-1.99002351766535,-0.284946181535169,0.59176370340021,-1.56015335343005,-4.20925693879789,-3.09640158269915
2.61844474329501,2.22882380081648,2.23028213463594,0.418943672507824,-0.57955650859338,1.5893409960031,4.82225644008531,3.74519789067944,0.669648450032494,-0.606904470046204
2.00658910922678,3.28465294510919,-1.27336553404776,2.42752477381743,0.387470387257184,4.0283457326287,2.17790808195751,2.35084087491764,3.19613686536213,2.42582727110157
0.654334692540343,-1.62750465711632,3.89318907983532,3.91530127003869,3.36108270849053,1.30109569620735,-1.07657727946135,-1.5232982646603,0.594673642162061,-1.24511077932884
4.33704243222457,5.48795400937553,-1.11350220556096,4.7554187234234,6.38876898450303,2.12282800968118,4.84997477898204,4.33174744876355,5.92129547172605,1.66954461022422
0.682044298443306,-0.427982916635982,1.50895580683094,-1.48446339155697,-1.32298061705791,-0.226708528418516,-1.97478306037996,-1.7646447383657,0.90158310729354,0.514283241049887
1.85344442271144,-2.47360206069638,1.66597497384949,-1.1297965534466,-0.373522078424643,-0.473836478601463,3.76560907587913,-0.952138242147465,-0.622467623911806,-2.17927235470482
5.00627032844352,4.74940409847329,0.787583884875065,2.40371259947968,-2.85591919373924,0.0859555440484683,1.56323369966494,1.89151815602885,2.02141106440602,0.921652492415388
1.52555523960904,4.2670183913066,-1.14329353563995,3.14428606154085,2.65594492044483,3.97973734458574,-0.40295951416671,1.98383465068226,2.45537801249118,5.38687803658083
7.42332759166593,2.89174950379135,1.52944304321502,1.65466999732926,0.380214432260225,0.731951031630863,1.53828047928108,2.81252769417818,3.07489039653613,2.6851497592332
-2.12345819274902,-0.805474499297299,2.51460952699076,-1.48615248081994,1.04286733869115,1.6104849220686,0.324388351749074,4.72320261885699,-0.0882348252358081,1.08392888875983
0.832207952657536,-0.771703701842522,-0.0096612289031874,2.66379850883355,0.223806863511754,1.45834130167022,0.429791026212631,0.00425509786915789,-1.80525042544644,1.44589293037567
-1.90562264971332,-0.137038862346541,-0.121805544297489,2.09846909246961,-0.00847733591053304,1.40118684533674,1.2429706722382,-1.7528153367097,1.73224367098862,2.49633716621535
2.9022411446096,1.40143641712031,0.545348879922551,3.5877073780589,4.57935073651554,1.07301023298007,2.16166507310454,1.40578494677628,0.458934943619175,2.61006316688592
-0.204607349633952,-0.608722240806515,-0.249384258407271,1.72903993746071,1.49725820743134,2.43989044096849,0.145559026184819,0.274213995955922,2.56906176318144,3.07505178172607
5.06874577217733,2.02830321047232,2.08893633425743,1.24239139419692,-0.72675940952585,2.12392124900668,3.47415267124894,-0.853177863910805,2.3469486779175,0.515504286646126
4.75600390612347,2.15003534972293,1.87679984196953,4.97862854017711,0.367797877042678,1.75727351224898,3.72041891748435,4.27082049186853,2.29178587093873,4.20307246608484
2.4028246137379,4.14014472100263,1.32383948362291,1.82828916602682,4.75878178324545,3.83585440537451,3.18746846083815,2.88356268874669,2.96052633794187,4.23171673907415
2.64752425200783,3.38258904832732,5.86612074253029,2.53423940964603,1.84265365268415,6.28020395431812,6.63788405636021,0.932213474566933,0.55142836850665,1.01384056062832
0.973219857837307,-0.945130948554341,2.17415047226261,-0.747482753055694,1.22221189091112,4.20966991033569,0.632628213593631,1.17070546670989,-0.48447713020814,0.991656364221193
4.3774994812595,1.31977736434827,1.8031956649109,1.85686940181254,1.83682398288798,2.06697421312902,1.36536521772034,-1.54379307274605,2.41154008601124,1.00373738429945
3.73923701486553,0.267154750554365,1.64115158588329,2.00982996722841,5.29848891081805,-0.341497502440448,0.450544798556261,0.30321735645596,1.5887662758817,3.03761121936486
2.8846639837887,1.89858080285885,0.0749599662123057,2.52315801027749,-0.672922349388959,2.50214883785712,1.92847826080078,2.01415531866537,1.95064690251781,2.9401126803937
2.05522972107788,3.03708519428174,1.78799614173285,-0.359875251492777,2.04608174598159,3.64555449673429,3.46281934983442,2.87222003358246,3.54693185293007,3.75416049717365
0.665155432557146,5.74395013060085,2.60255407928937,-0.291012632191368,1.71189257915661,0.921381370858014,2.74036286769518,-0.650705141030636,1.09314278149527,2.25315811667518
3.0635172810769,0.932427727454031,1.99597297485703,1.35635385442334,1.80783126549931,0.986100753174907,-0.650937856851519,0.952389964754057,1.0087716962939,-0.682213443052138
0.126908102914544,0.40068505124521,3.80057774364821,1.4156468398244,0.639592291533319,3.55423908321296,0.60984030438253,2.27511852980873,1.61338577485527,1.44986851908432
0.484017625614841,-0.917116758047464,0.480207843899732,3.07140079925317,0.600683817735045,-0.122622438572434,6.02195135088815,0.761341294101203,0.717413998409361,1.52649226436684
0.369304233515186,-0.87171336150856,-1.1100206436481,-0.494717557720724,-2.3742577818703,-1.01616195303161,-1.45959196298556,1.65788224029106,0.564204603542149,0.532803702219028
2.8678874082769,-2.7746444158216,-1.60764921723079,4.08865434113666,3.46401264586825,2.23767306411303,2.6746458751831,2.53202238026278,1.04500153613948,-0.312664681069611
3.05612548738112,0.938917560515306,2.18286320161918,3.06790828054563,0.242738415005791,4.66175685193286,1.57888488960638,-0.231302225064636,5.45650993379915,4.40727371896317
0.114745613766183,-0.94720112832508,-0.49452433001462,-0.24764408259106,-2.64996043248445,-0.412621398720319,-0.463829741529286,2.39855045538728,3.3239545163485,3.10899566683254
2.41081930036129,2.20863920259418,0.730464493100419,3.01663674236921,0.213510653452144,0.537265924025228,0.501170049298562,4.81302644452699,-1.24214217544447,3.05171325991256
-0.430306064076655,1.35801915727542,3.44361788249021,-1.47634504929782,1.62348937711648,-0.324300375943423,-1.65954327891337,-0.677500474750657,2.00508506810158,-1.07170736914304
2.75698297512145,0.321137092245882,0.068129108281296,1.21519054222833,1.28398663975245,-0.258071448061025,3.61576372008551,3.61808807341121,2.59797017933898,1.53970113875446
0.876465243262896,1.72385088638924,5.15622851868296,4.33429780695114,3.16182221093475,1.63269018859287,4.78131212791947,2.86486554666416,1.22034258601332,0.830861571393835
2.50961463429424,3.91535411225063,3.56185512795018,0.90819053885781,-0.120735964387719,5.05015194648648,3.21527637696045,0.676068833353333,3.96003728772408,3.57854192895588
1.82906634788008,1.28184270467293,-3.30687979136032,-0.306490088758196,0.137125671385948,2.52843666715758,1.74712549882941,-0.302690215929539,3.71028875483751,2.2750201563492
2.08289747469568,0.0872647595677758,2.16832898605537,-0.50676116981043,1.08581300643412,1.755240330946,1.50256935851065,0.369636580775634,-0.487884405175617,2.67463339162357
3.09622238847009,-0.676418481830469,-1.84450277894749,0.439707243132004,0.319771885718385,1.09282387294017,-0.390462586171518,0.0310682159945271,3.0387340964267,5.03573041157203
3.07498568102416,3.33183953678311,3.5930792537752,1.93727801928483,3.61880285622604,3.92283122792143,2.97352637100793,4.38809250895707,3.20784049923006,4.97326156062965
0.551747831642337,1.57609373834438,0.240473205518935,0.61071112906781,0.109553244513506,2.6191663030757,3.30743714025879,-2.20666314765282,0.668185887131235,1.49808801602884
3.79839361436085,2.17927734994133,1.3486462570346,3.5937505270351,2.01937901340879,3.03286416692147,-0.292475400383954,1.48028877856933,0.956705918840859,-0.478858795668323
0.819461262456756,3.45310274614197,3.4950886333347,3.04009609335378,1.28558927586347,4.03878419844884,1.96554769288648,-0.0211562819490698,1.76956503404337,0.351176826221292
1.81694214512508,2.41666984644351,1.58921988555792,1.2708154695544,-0.754571214175201,2.99565303743566,1.71085104596482,1.35204480610193,0.573356562030621,-1.27843986899968
1.48903917657,0.268521043496572,1.73962492771617,2.37721697100203,1.06013024404423,1.99727327457028,3.26700600923614,1.49147915070627,2.98863939409029,2.82278099130839
2.65596510538033,1.58855945884507,1.92414837647486,1.13753208890477,1.33777202573446,3.29253041073485,0.580051716031043,1.33713373132649,3.28862840609126,0.330060599527225
1.22750416248616,-0.254064540230211,2.16969576773184,1.73559999688656,1.06901353922644,3.02098600947682,2.39050390481537,2.86192630384256,1.51684400996889,1.25838571531394
1.91101776429487,-0.472271143284354,0.282484797191199,2.89213688957503,2.92659966002609,2.14213970984077,1.63368086343094,1.34445922545991,1.45838576964944,2.55226122326326
-1.34390146493369,2.37935134431856,1.63080332110715,0.447685833566589,4.33367283821152,-1.75303467567699,2.6142592072807,1.46370612565001,0.426334192723278,1.70160634616603
1.66370470905859,2.30162906258887,1.30031320031162,1.46520867570504,0.853056374546553,0.7849854131336,1.13480514671906,0.423843718477041,0.320400916552365,0.539215124096581
3.48736389932698,4.34670405288721,0.203398363981329,2.69253189050891,2.67087400039549,0.0600781742292531,-1.00093625573338,0.451516573143974,5.40799413226094,2.33070497595327
0.84140882110138,-2.49554657685421,0.196318883648892,-0.649979751940681,-0.296969954874936,0.644334739981819,-1.83509054244189,3.36684483861454,-0.752563572285879,1.9532785675583
3.36010640158275,-2.05867344827789,1.09840381288909,1.17823155630039,3.18670910908218,1.04868110171769,-0.508405223615454,-0.444692022839104,4.72039265180677,3.02486393193181
2.07249398672177,-0.505610001934838,1.28249847302102,1.75497908816322,-0.756044324261343,-1.39920533438926,1.63086548263082,-0.998773636136054,1.30932830921164,-0.553032916716621
0.578439591081552,1.54904862299179,5.02300586195011,0.573790750981398,3.62271288419142,-0.31999575523455,2.08695522508553,-0.247905632897965,3.53589530613695,0.676173494634692
2.09932504819822,0.367175901173154,0.11083346239281,2.13864868320429,0.580137842638558,0.748948359083593,-0.821007118746371,-0.879231402465418,1.20510637881424,-1.5592295530599
0.347644129849076,-1.21531078510411,-0.0521816479089319,0.133134039994713,2.20748121224487,1.75068435325979,1.38602693316468,-1.88454991243627,3.20165241520589,0.266584563040153
1.53658278501545,5.29354329129018,6.1957551033251,0.629935558135795,3.45108383991565,6.20320787966396,2.05768842753497,4.6997381084997,-0.201755254168103,1.68716373467395
-0.354173020443117,3.15161673419337,3.76467211045436,0.788279676379729,1.85513970389901,-1.11096488837171,-0.176946062239584,0.250480277544948,1.08918378128899,1.89343412907012
3.52491916176687,3.00380115831522,5.20407256103625,1.49447756236773,3.35607237643386,1.10543853900248,2.49699601659537,3.64614390654125,1.83225731820763,1.13477794298597
0.655814013422401,2.33290827665209,1.23446138807638,2.05081197811355,4.03017983630408,2.23525515673577,-0.442574961741679,0.444297090108429,0.749880102022039,-0.59405021941657
2.48214455592821,0.848796790153593,2.84197958613392,1.12638607331386,0.948046228439359,1.59999103530518,2.2488031237386,2.16095322467158,-0.385523247463666,2.49718394645626
1.71296211452313,2.89282263398488,3.55645957285641,6.20783664570333,4.35955824069532,3.58642577215148,4.24312870103143,5.87469772700888,6.06786030757045,2.03694337804648
2.67253207418984,1.10525149558743,0.946474494853917,2.85783907318015,3.34188068198638,1.02428932145236,-0.872771611057048,2.90853203141625,2.44191733917419,1.21894841735461
1.55009969863826,0.93120906339483,-0.370085479479096,6.32810921370304,0.753797489187995,-1.95622341268809,2.16981699600342,2.047409735703,1.10199381349969,0.0267355368654749
1.3010981367897,4.03916863272483,-2.08930028922882,2.11403489300087,-0.0670486173184155,-1.5533864633688,2.22483658077868,2.56660753045723,0.362847936359368,1.26390201915044
2.97128915620378,2.5529903226251,2.09438805191224,-0.964697315818274,5.74910481695354,3.09853067593872,4.41437490771786,1.86801944780501,1.00591292205964,1.74886673987547
1.84522782325786,1.18386915515196,1.03221988449494,1.80447573427133,0.739366932211768,1.32283900602356,1.87277083947803,-1.91758126345808,1.981009307571,-0.214173090830092
3.69180619491299,0.0785424244550165,-0.274059743625952,-1.15897686812465,-2.50705137383984,0.0679389436546514,1.44819978494762,0.128186129223791,-0.122787358180738,-0.79674678070041
1.58286860064805,-0.790033958736113,-2.26614007078315,-0.00562649635013068,1.09597168417644,0.378756760582845,2.15888038851374,1.76560558599347,2.90500881020536,1.83301442705557
3.68250110155614,5.29725177575185,2.87794293670312,1.83798534797413,1.91511284198239,-0.529898637662084,0.277181983280448,1.75507044270617,0.0124806121545655,2.19351851768089
-0.162572411292313,0.35398055360574,0.403339121332748,3.27124739914045,1.32888998917438,1.32675948073105,2.51672946396007,0.847632770215429,2.02888549685966,3.1832557870965
1.5827676331854,2.37962819407893,0.429472586935246,1.13876594156556,1.52580051694802,1.70438725543928,-1.20654996494548,0.405946256343165,-2.09361745146353,1.46681331864519
2.61117437561683,0.280756389617539,1.03858496180114,3.59235666247781,4.52158114565074,-0.0425146764590556,0.446081159831855,4.21809532094043,5.25168087305924,2.44808321144634
1.81038496473257,2.09390126114821,-1.06385897742985,4.35636517240522,1.48258369548156,2.67218202595216,4.01615594817639,2.13979669836876,2.7210586403019,2.34347467741011
4.1534674194659,2.61770999469407,0.401037688572425,2.52600166750306,3.3540309799516,-0.598869602862445,-0.165925465018931,4.42710286119006,-0.584772581124838,0.483141643365021
-1.59609610470003,1.91408996428071,-0.135971946804317,2.23123309658545,1.9298198961573,0.240651804488749,1.46574168240356,0.28351816407921,-0.219669907835997,-1.46658146859181
4.84757482741615,2.25123671567499,1.48110877669874,4.64917727587727,4.36527966303216,3.59455248920358,4.8424919369905,2.09646665334924,2.27222601706848,2.95804182082751
2.48009737899903,-0.688707835954143,2.0432716979982,2.19526394138494,0.700090332803883,-1.75503393498328,4.02286955441893,0.11770722509222,-1.11561858904093,3.03708759953843
2.9676430374755,-0.884858767815962,2.80911861286221,3.82536412008857,0.954867478711447,-1.83722627138838,0.072640525038924,3.04614232252672,1.97244383127856,0.743660327679087
1.97128991478663,1.2132383824732,1.15367790726473,0.00418452334044428,4.68160670649027,2.25128170576904,2.10839668972623,2.18843042533198,-0.213368039502547,2.06324504215256
3.72965673119747,0.813976092569484,-0.97009856996972,5.99401647051155,1.30246692682093,2.7032357336024,0.261856705825132,2.89088717305449,2.83643382117857,2.0449178673472
2.32628780550786,2.28015122015297,2.79436263247324,1.51014700609394,2.67595749166261,3.84660493866186,3.24228555959957,3.19911567034317,1.27919760158904,1.42809821967472
0.656265654915556,2.4187635202423,0.657405256643785,-0.19005226910853,-2.06795902870262,-0.295513040106015,-0.884190891835468,0.628412593231904,4.32097159874034,1.50758069042773
3.73030526087684,0.821753630942861,1.92701246369686,4.55829675446849,0.405283891083949,5.34285328969785,-0.118518091552772,3.0011723828727,2.11762960812978,0.465709927195761
1.40217571718901,4.37271540497692,0.20595998309267,2.67542639688709,2.53090281322378,1.49234464628898,0.181296808403908,0.255329940062687,1.28505662109498,2.98054915876815
0.0952041703974074,-1.8176230228919,2.18124542413625,-0.476298782443942,-0.1720348596366,-0.72472181335411,-0.415885038083408,0.647071314897414,2.51224033134666,2.02772333859251
3.57847379974853,2.6710824763017,2.23224030356806,-1.22455874554597,1.7865086965199,2.54095326937405,1.41980813010127,3.84930243487927,3.15602425702896,2.47627497438877
1.28209726683691,4.007665850743,5.09193082268203,-0.116249102610283,4.09537485366052,0.832856672675009,4.41931201773784,3.06780496184098,4.1429491540138,4.86927713469203
3.71524610228241,4.65205017374202,2.1401080028703,3.62935014119672,0.303622523272263,-0.222012795695668,2.32969016452135,-1.12194671692782,2.35812952942942,1.40056924383967
3.40487849874474,2.09341107157423,4.01057319225042,1.9604408282954,1.88049830305969,0.394652823109039,0.513933809940079,-0.00429712944765681,4.58446841225374,4.17273800209908
-1.68537647516669,-2.00582437495106,-0.894814681840361,-0.993610685890489,-1.03686985628622,1.48075471308562,1.68483665632929,-3.58740103377578,-2.89562863204932,0.278870025310671
5.59502049490058,2.7772859850459,2.95037344011152,1.22324226504909,0.548177921367879,2.04367618496943,1.2275767993609,3.39736070903378,3.85778996762649,2.57695683792699
1.82170159305675,1.15868695889759,5.16435277784342,1.11428892968755,0.596280708185339,0.291181956765504,-1.93575969025514,2.29318816914277,4.35269544695446,2.31037623212461
-1.23870143651017,-0.753209568860942,-1.4966383924002,3.28587533425803,4.27315815548245,2.06729844161315,-3.16853306244528,-0.49519427262911,2.28358770417892,-0.871647473275275
2.76252056277121,2.12711844384142,1.71190829960749,2.45292506398273,1.87027419095633,6.31040145354546,6.14094647041248,1.64591654057279,4.44148585962739,2.08313166670685
4.8951126830691,3.33539065755918,2.15829480928782,3.84643868491458,3.64344625043076,4.2438478639122,2.6494626063004,3.28005789723445,2.1339824078197,2.96387415048912
2.47603167466471,0.842270547848547,-1.66642726648411,0.187690339257346,-2.04747207958206,-1.50061639801706,0.406652260900441,0.201273536182167,-0.807440967482941,2.14748372196228
1.2262435101101,1.11089513829392,3.42964497443075,-0.948278854207485,1.06269340728894,-1.923389513434,2.36493979736493,0.601363737849752,0.209905858697554,-0.658369306551324
1.05187471442248,-1.67114811877059,-0.244933790850302,-2.44468642527734,2.4752354758762,0.489034945717965,0.265785303673172,-0.0716232817917395,1.96939287626035,3.01133495086723
0.576902571692593,3.95498208533355,0.0797189645328484,0.280015121036609,2.24049404506254,0.0837261045875592,3.94754457139763,-2.30999189507203,2.32025226107108,-2.55639797786253
-0.481736816186237,0.790129763546491,2.13899738776556,2.97437339057262,1.21433064488609,5.71668556416174,1.82645993612394,2.62085873770783,2.19806046467863,3.60232371022793
-1.6047891554011,-1.17933834400341,-0.846047126991001,1.2187468025728,-1.36525189668241,-0.950358619895796,-1.40370047629749,0.0688476418790119,-1.69284979904591,0.476836190132095
2.00572278832733,1.01830057599393,3.6070952265405,2.80682450119951,2.51028597035544,1.26304005798029,3.1831472772526,2.0015126353334,4.45611340024597,2.2656089964844
-0.26578793796962,0.251566033699103,0.52166775714333,2.75102909399905,2.6986215367696,0.580104842325036,1.80747810100964,2.22146586699777,1.72511529033696,2.20094043837543
0.971930440263799,2.31952880836031,2.23663105530159,2.59016155372003,-0.362427025488189,-0.0888182716667014,3.6413290418056,-0.77707903036847,4.3653892618558,4.46914775382984
0.474427634666161,1.37860178452626,0.521031692353115,-0.481620880969573,0.0173583235401708,-0.500392439857417,-1.64668651292079,3.44029305989631,-3.35475585734188,1.93381726343438
-0.400767517153499,2.87944192267091,0.412839513491595,1.31393804593081,3.21400569157838,0.523447612148545,1.01386309084906,0.551248834829824,0.0796328971525203,0.401295561293588
2.33955547165672,0.958236004699355,1.28201343224965,1.29268629589867,2.4073522481446,3.44073563090626,2.37402013095109,4.32685902165586,0.8721906366295,2.66154440480066
1.44805579409784,1.5590715469487,1.89632418707231,0.274419416802088,1.97736488928446,3.97209103968708,2.92830679054827,0.329550592088921,0.857756248663831,-0.533599666302042
0.373717478639274,0.170496217575049,-1.14206688016083,-0.0225908024347422,1.13697691681365,0.884745610106599,3.13783364774797,1.52529237625093,-0.613792164842214,-0.707686354503746
-1.0354801150002,-0.450859126422787,-1.12076033817103,2.68886506805544,-0.169167134897171,-1.72487033209273,0.327043494713546,2.1040278878461,-2.20917581277738,1.21497235713039
-1.25097811501511,4.25548414933813,0.641852287913501,-1.01817801989006,2.96762276493044,0.450870468092149,-0.0249906559702955,2.0541190373251,1.10973410936897,1.48319668000409
-0.479827545749167,0.377879662608779,-0.00128444324980048,1.04667755378025,-0.752013370820783,3.87126724057734,1.87772959627533,2.67896983155976,3.10035898328178,0.808451026338886
-3.23569393683495,-2.22639508522703,3.42203471688263,-0.207337233831254,0.910634284405355,0.89604547024967,2.56161883914411,1.03689553534353,0.283664933318127,0.354960998600901
1.51130016004196,1.89150952904875,2.22925104877394,3.0801110960026,0.568602749177839,4.04540526651414,5.07009216050939,2.98605961624559,0.0912305259216035,2.00598275289238
-2.35336943924322,-0.719807278856075,4.19115405800488,-0.181692971388107,2.02137844993426,2.2132646072653,3.91785730592926,3.14309409625482,-0.394065913412505,2.10549823051865
0.582065452246028,0.428804164200116,1.81973236119793,-1.63884935630172,-1.52099722871189,-2.32490415171152,-2.6895676681668,0.988579346450595,3.13624287309576,0.163735639353079
-0.790538947017856,4.3259447063612,-0.963518130028741,2.06211544973219,-2.36576180459162,0.689201560766267,-0.566931129696873,0.51993925019551,0.243345343288499,0.849178620196873
1.24421436674485,0.165603235717758,-0.719030615079107,1.87491673482518,2.76176887601259,1.55907726613195,2.26702183824714,-1.07769141379398,0.822187485560841,-0.560732077481961
1.18151307131035,3.62554972763196,1.06812526967364,2.06623224458163,-1.0270686579655,-0.821364250759672,-1.09031451577379,1.08156971133168,-0.171343664896155,-0.342818854271422
-1.4842804322927,3.65580445772088,0.722190305236402,1.01151687097362,4.16975345443814,-0.914507977054061,0.113563946053688,4.14616984914345,-0.67643401923239,1.39796134448429
1.54736346046725,1.23838363444093,1.89017422899147,1.72774640806321,-0.843820446335966,2.81722085013173,3.41041653192612,-0.39267536234463,-1.26728705249031,1.28712704645323
-3.36905439854992,-3.1826907751941,1.24928047080301,1.39930046851433,0.649907090081968,2.12072148386457,0.0518166555959317,-0.237058989689489,-0.254133882997589,2.14015760431837
2.88257411704006,3.54788880679644,-0.0515310196827294,-2.06018334110179,1.74434243961646,3.22683950412614,2.03905858979181,1.48009815537911,2.31444957112032,0.267636503109947
2.60399800013718,1.76545932806168,1.30669380399006,3.08893854228212,1.21358896785289,1.38779122561367,3.31423307970042,3.34515198866006,3.33275685670571,1.23928415953813
0.865192622418629,2.46892400571277,-2.74437901401516,-2.60744147110867,0.947568220544097,-1.4616664478763,-0.491049868267241,0.274555310698289,0.852558150852002,0.595417115340649
0.759549508760764,3.28830943946826,2.99015486171169,4.29759675825812,1.25710980039389,1.59782048555035,2.05947961357748,3.25310362656356,4.68826454707284,-0.610744181622022
1.41867973848395,3.38631825502108,1.8443854580389,-1.54724687698818,-0.335634833082201,2.536655019867,-2.96592631597289,2.46552403793579,-0.792126164249798,4.52057612854039
1.98518543140451,3.17522093984931,1.43419376290695,-0.698221762508733,1.92553727199963,-0.655329824276885,0.509614314178887,-1.93848516647453,0.398893814754303,2.75608503436567
-2.1813164719706,6.16256491724234,1.99195214038253,2.95586938765529,-1.60496037439212,4.49375301969816,3.00587972523234,2.63716425443793,2.94442117538749,-0.268175929153845
-0.590938648547034,0.80095533955336,-2.19700029610057,0.478906245914173,3.12818439167282,1.1092048257524,0.167133340720956,2.41916858625057,1.46899590557054,3.122490399937
-0.326696886465118,-1.02752735065197,2.46833591684736,0.909258796369024,-0.349941617264041,-0.971379847556456,1.82091709554888,2.58143419377717,-0.861326322247886,-2.9934462311145
-0.511659563908334,1.09736881370348,1.81098990735027,0.935402799195292,3.10701258806929,-0.323395755287708,2.66708487797887,5.53401171851216,2.35491892193234,1.22818865277215
-1.42681732731617,0.738696061299585,-1.19476444507419,-0.518937096830291,1.07280053505587,-1.69198491066061,-1.19749342701497,-1.39649827026623,1.39503387147421,2.3212512966313
5.31489557716579,2.95584143895278,2.65370895426338,2.45375964265174,-0.287151124700817,1.53214114977107,1.9984122550707,-0.849405990859653,3.71907341170886,0.00640088218111745
4.98724926034965,5.16118339020963,0.257842513179615,3.55615766764826,4.16438270951547,4.88259720500971,6.26023142157621,3.51766132164511,2.11499901463904,4.57336852448793
1.13091233492213,0.196372341024225,2.8519864724274,1.79038957588448,5.44636464996595,6.63762968620974,3.64174722462913,3.95357741189363,1.73657866911345,-0.348449808900488
2.9351097970732,0.148811177895869,3.11133924781154,-0.963349457876813,6.09777143955444,-0.442690870076709,2.32210812029803,3.63160866620832,4.77861758912623,0.572441015789503
1.16455766959171,0.0922375408156459,2.8096396597254,0.613534738495951,1.15346375051867,4.71758031802926,1.88869796513607,2.18402238502426,-2.96466378655624,0.801861381341829
1.75008168820402,1.35976754894811,4.7600278137021,4.60637775140942,1.6741536046445,-1.07986599945378,2.10394493329065,3.18613930360776,0.628754737537594,3.37200195921298
2.65013568091768,4.22600490676707,5.05065043025393,2.59522357961399,3.90828028796036,1.71817396526621,2.68168454558166,3.93236262616826,2.14043234051446,3.93291041080011
1.72899886770688,2.527864707564,0.800393415811253,0.900190696841491,1.63700639324606,-0.119470025363864,1.46216390091011,1.07382606794315,1.7574724460765,1.81271039251592
0.980110422134649,0.789906892918227,-0.48232764031966,1.31148716265325,0.696841969455949,0.662659255806473,-0.13163507375083,-3.02216756649972,0.724229154380369,1.34323364462365
-0.862362841688436,3.1944186005336,-2.39620740883156,1.09614519831138,1.78312139445022,0.82638580480266,-0.777619393108134,-0.437927552897504,1.36902576174787,3.52101880161968
5.99407251523257,6.69900117358878,2.69437571521197,3.1543632801783,5.67696230111981,5.27892600760837,4.29213468739588,2.16753673691016,3.39858496267293,0.713324903029338
2.49029078759522,0.958170774841909,1.71198206512441,1.74176800130039,1.04148641852871,-0.274429001605095,-0.928244391851379,1.88885531432252,0.67448408204157,2.11713888556448
0.815534551502981,2.80920554188745,6.45958404719533,0.49933833374201,0.274216849598234,1.13484132187331,-2.13308797738733,0.281504590540446,1.5575837705991,3.51006919628229
4.75615833303627,1.53805748004596,2.44624035013149,6.64085842764984,2.26574833318293,5.70259050164898,2.25694477472378,5.66692366890251,5.97151509763164,2.77134381416185
3.2712105409006,3.49871452889743,1.33764026769852,1.49296945944446,4.47234141568233,1.50310301580955,0.799767379144164,2.26472901360946,3.80228912874003,2.78432082996655
-0.118893956718791,1.14281777960538,0.0491686314316034,3.11715389188082,-0.966867018066629,1.18903679976456,-0.702641363105023,0.523248281834732,0.867999458270368,2.69658558481552
1.81328462433865,3.25497447161097,0.600576122842803,-2.83935965774201,0.693977748252637,2.15235230628676,0.173103042960947,-4.59945422256525,-0.585345127557064,2.92440661564302
0.846998103553678,1.30344056444909,4.14141867651335,0.626915702464749,0.148890608362941,1.2315230366506,3.52081690173018,3.89783674603996,2.05012102280587,2.99629593140186
-1.47779241564125,-0.395106248985181,2.22676740689976,-1.02286730442919,-0.960037163275617,1.63187736972181,2.56963717621314,-2.15066771102407,0.554217012818351,1.68703648072128
0.178062773682199,1.40465570831573,1.9074049454018,1.4190745399651,1.9470171759147,3.27086305282999,0.188614781889824,1.78604405251667,0.0206936261612825,0.297055137159239
4.35217588866465,0.341672219370097,1.76549824396229,-1.51256103816219,0.278330711198055,5.19392215299054,-0.430471369882524,2.26532821233802,1.88679509879711,3.08955081305763
1.3197903102937,1.87250489282285,1.97223475438404,-0.442023956324608,-3.32967303625404,2.15706880942198,0.575106322284559,-1.12591329019297,4.64922264586871,0.486699710111968
4.52168663515245,3.12105982555312,3.29136068080931,0.310351204381895,5.81337788917831,2.33782293477941,4.91389051063238,2.16200007495423,4.59697392216229,2.57467146785672
0.100169316377031,0.399899195474374,-3.52602272058065,2.8895744516169,1.15325594677241,0.001331293619522,1.39551316382234,1.25090768128155,0.442211083210735,3.62092181846908
0.253253042535247,-0.960811307330005,4.08434469604421,0.415538565941165,-0.687253703558748,-0.066853654475743,1.20341712045073,1.94929992048924,0.645926803584797,-1.7432318480605
1.12385600501529,0.830971728025082,1.81679346184681,1.58900355261412,0.706386807902524,0.424266257682766,3.32290008083033,0.714192673520494,2.49117796213643,-0.605662953023792
-0.142581883309002,2.30109750422973,-1.97177619012332,-0.0572840001944181,-0.765094069204301,0.709743306690946,-0.504714438455904,0.612128180432376,1.91434790390109,1.71110254640833
1.27497894387604,0.935306792073104,4.1652976667327,2.03307278040588,3.57144761508617,2.61157818968977,5.19595906318679,-0.642189075371126,3.61555479110625,3.51679737188855
0.209339716830626,0.659501595627715,-3.13251429295094,-0.976440327607726,3.17674467828199,0.161228771731051,6.08606359579525,1.92839552371845,1.84581487709015,1.58454830795146
0.518538079917402,-1.0826271127593,2.42219851528006,1.82127868490534,0.795453095762268,1.31607124525705,4.31737443271834,0.54610397434816,2.76637755583571,-0.711986891054353
0.23723255753322,3.19583830535341,3.04401446712735,3.29978437100951,1.50430151605871,1.63957695234493,1.51022318481306,1.02459812285987,2.10285178268027,3.36979466178539
2.41874374529626,1.07316215594476,2.46448010919344,4.43087226321586,0.304502857793738,3.48944467302114,5.18112687982687,3.28114771065149,-0.0473718802485616,2.15756642130131
3.21331823216599,4.2717889732626,2.28111310355391,3.49314442501711,1.62720915483458,1.29038106850684,6.19551576428244,1.10162674396922,0.174632674531063,2.5980118709408
4.61304397872972,-1.49158669460548,1.12902859106416,5.56921672649504,2.81155321802632,6.95479942427048,6.26584415939459,6.27769293041808,5.89106048661251,3.063595773095
0.856782187403705,3.34614201002844,0.00650235248653697,1.94297040780685,-0.124893676352162,5.18379996179033,-0.0760738783126818,1.37076098777916,-0.846786632889963,0.256266104930639
6.559416212036,0.818016380661121,3.0442977811933,6.05006429132878,0.481217955877904,3.09788612821158,1.13655578616165,2.12948342016953,3.15408112755725,5.42559563332285
0.499284278776759,1.83185604156017,0.124510195754641,0.477924508579733,1.20995249171267,1.73645303368344,3.24528743932952,1.10719136899723,-1.11797956282895,2.346830613946
0.526145739002578,1.04871625917428,3.33243277888613,4.38321526814891,3.10410791399096,-0.200197051777947,2.9011568231598,-0.792520963599607,1.87650238646842,1.14013040938315
-0.301003233557996,2.14427071036197,-2.02485721231052,4.45493995482957,3.69184933472474,0.846974232847978,2.52400586221468,3.11201733422499,2.32977255168064,1.85623388540982
2.91079368064234,1.50404623169027,4.50219143306751,3.50004509400075,2.04648058447567,5.37524740675545,6.2193480182794,-1.75438702513076,2.89117979920578,-0.376683925699565
1.19918715600171,0.93828524010387,0.56572374955774,0.931192982138937,0.992155745717124,0.858432886880472,-0.201648999170171,1.49903041685076,1.57219505455112,-0.185437714765322
-1.07033918582893,0.130487057122856,-1.08074720700057,0.999775260170397,0.537853719884695,2.07767251985336,-1.24945644177585,-1.93704718266255,-1.50468194033207,1.03721593759335
-1.03552261114308,0.0910153150599868,1.73345935232799,0.589567534028487,2.18590020849945,-1.80067298266217,2.7495916314735,-0.235356161194296,3.03870483478006,0.204385531089764
1.40371632352201,1.33247943999761,-0.256762814427089,3.17379218552618,3.46362656528255,3.24583532901111,2.86908198505834,1.0965026230084,2.43448713761462,-0.0407524744381171
3.0845144719568,6.74435803422848,3.40217899373994,2.8280571675044,-0.60973293021603,-0.648491613153079,2.37899151193191,6.77860908783357,-0.02496653326584,1.44814139868593
3.06024360643239,2.55682291819265,3.42253822468786,1.02268899117599,1.03312329341593,3.56159830681366,3.50202255656829,0.507726116974375,2.01278752641975,0.645402504865052
-1.35105158063597,-0.854904677321909,-0.328103364774315,2.5772672681231,2.78496890505516,-1.26908487041722,-0.0438041848762396,-1.07744206091007,1.05643017573548,-0.172154529259678
-0.474146405022343,0.515936796238195,1.02721681442006,0.971774012905225,0.634163157424274,-0.143114497541601,2.17247941979895,-0.988934559763775,-0.474787634041527,0.66202380379701
3.19452572026275,0.218384523008755,1.58807763435414,2.3971430039311,-1.3301728408697,3.14248121871686,2.22303374253628,3.35877446048657,3.79431354216935,4.63788635545038
-0.0204646854521076,1.9707269033107,1.10705275192451,-0.454346369705705,3.56914880380016,1.74767826262211,5.40601693813914,0.0709842903229045,5.25643904599564,1.0227962651425
3.90593048742767,2.38662358366789,-1.23299924119954,1.54500658039974,-3.6025935371563,-3.30618206680751,0.434846425622224,0.474865731569317,1.85898584535799,0.954674419765128
3.12538266884514,1.65042450051883,-4.94268483729217,2.03916211326353,-0.942666420796056,0.228631273268045,-0.623859330629576,0.471556399466945,0.447090496115706,2.32789511913214
1.54010225671328,-0.431553113816369,-0.571747894034189,-0.362050687168413,0.345991018201448,0.261463345044099,3.2831409768946,2.73501085832112,3.13200408455042,-1.25119360127292
-0.668624615035452,0.561316725085504,1.35103439573316,0.102625158374553,3.93034217463002,5.56757213775353,0.595305904104811,1.50330455416084,1.75927181873344,1.5035745426935
4.64436909588988,3.12584297447165,-0.951029426151477,-0.837071944637561,1.78832428941273,1.54337776385111,3.65963648138657,4.02448226311606,-0.944505042439105,0.827617858881151
-0.657756731232434,5.09099394173648,2.401517851844,1.34066843526947,0.526482821224031,-0.450013264460873,1.31122788188039,-0.915871868267215,6.72197486794108,-0.967593646414171
-0.132181289142079,0.599070843523818,-1.26210945857542,-0.646551144290661,1.04440468894285,-0.965373636907344,-0.602339150253347,0.539485719352522,-0.160864618151555,0.268158549519589
1.3834982538444,-0.277480910413768,-0.450637166301028,2.6417780768522,-0.395522822664697,0.932697804348726,3.61475635916171,2.09325887074019,0.926982239510791,-1.49136191408446
3.43938493193623,0.747196219867146,-3.46131465403521,1.25501225596075,-0.217911353017999,-2.81412090103689,-0.326541619232859,1.93730662759342,2.20035058554909,-1.30943724421119
-0.537898339803299,1.73569067402785,1.54229612188777,-0.816495041725914,-0.717025997891013,0.360849274827439,0.539622688362074,0.641053958941974,-0.381702872439113,-1.53842214710424
2.41762684873208,2.2524631472396,2.88456594760694,1.34254787364335,-2.4698704513952,0.0516909400458953,0.46750212728939,2.20485785967192,0.379893336815217,2.30947253448107
1.43034065723769,1.20231845320247,5.96936325693222,0.865685875476079,3.23329504875542,1.06772550118881,1.26528116110499,2.34029454596181,2.18878033304158,1.91150504574539
3.02431604091706,0.936463422224012,1.17894303102959,-0.837179166648692,-0.835784966494165,0.692519193284805,-0.813158958819258,-0.756925220849963,3.3527954592136,1.45527559234681
3.89161882632952,2.80555224261305,-1.45001513929944,0.0208750032504271,-2.22575546625684,3.34366839456117,-1.02327882600457,0.737352792354887,1.95398526610444,1.69024127445001
6.2207326298723,5.09610938590494,1.70398553022111,-0.781375071384159,3.91391733081878,0.671266463816831,1.79576782889696,4.97515870921294,3.61618417452239,3.12942976322011
0.466273527728148,-3.61220641868063,0.608899524356873,0.390330822423849,-0.261727531284211,4.29840841145728,-0.0729284939614385,0.138012164262255,1.05048188183149,1.46290928317834
0.355692580062565,0.91515179629889,0.392677265263675,0.859702506632306,2.07800275955693,4.12568504061444,5.18853385934641,3.45348846653451,2.61655121671556,3.27226146155663
-1.52606638267395,-1.10151487038127,0.0216637324075306,3.77743217344805,-0.948428263389172,-1.97415321417371,-2.34375083298894,-1.96369427028165,0.0829959151365246,0.160530973934954
2.87784540620407,-0.814668197367276,2.66048550731926,0.0394927598579329,2.72815505330975,1.54376415905448,1.02130179433933,4.05283515190829,3.09118510056908,4.74044985200405
-2.68338882413577,1.44410092950592,-0.221915917205326,4.3320420159291,3.76351974879497,1.66763426840695,1.88209603239636,4.28822921131537,1.44826578091603,-0.193603604450996
-0.804727383761339,-0.503114644983932,0.256455202466149,1.17832948555667,-1.22332185173224,-0.091534483178349,-1.3476806180445,0.983385583911437,2.34343483361267,1.00339721862241
5.66276566083808,1.69907518629862,0.608523327029956,4.72209592104205,-0.698585611515437,2.71513752348409,2.99227780822846,1.04767100967842,2.90039439955033,2.57323082993582
0.784477656559523,4.57644886126406,3.0699431339192,2.82333925514086,-2.84660919523897,4.07714741350752,2.16230492454061,3.55987081462538,2.04591483865151,4.06760831067053
2.93162661844203,0.381466392159912,0.879935903189005,-0.236153370102176,-3.47522356913454,-0.54758780493813,0.468236814054758,0.421962990319782,0.849375127256647,2.08136341238754
0.313669708727792,0.924548481426614,-1.54856898667966,0.0938164097655455,-2.01380882814871,-1.47976071052525,1.27162672681738,0.378776803721301,0.322079438499886,1.62239472637847
-1.30482243263655,0.39934524148699,0.678806877788178,2.58671005289459,2.21484987638789,3.06191507381871,5.58110592561219,3.32053902333893,2.27556841500964,-0.234087317558495
1.34041109558229,3.92244582479573,1.90769781174229,2.50892473058749,2.68832411883261,0.847634526825901,6.64502034304314,2.11428036074397,-0.617053472768179,1.13413814570925
1.85334993696946,1.44098127582168,5.16040872564318,-0.0265880483180321,1.35813326677034,1.97729645536241,-1.96554674014458,2.94886427432993,2.0008139728889,1.43682213241299
-0.0912743001194545,4.34645530755819,1.87755523449679,3.05656092685831,0.2583982664904,4.34067515461601,1.81608993528784,3.04301754968096,2.81626784992734,2.61775395201377
2.48436604433349,0.642074496336917,0.945779037618742,0.756306214074346,-0.216169709271473,1.23838854414513,3.43748329339754,-0.645495275860665,-0.696497232710648,2.56796287906248
0.600512598580341,-0.299573638322886,2.59090373141481,0.484262119695945,2.12339737204716,0.710280775615686,1.05286449927374,1.01765762434539,1.25769356730606,-0.209411477232337
3.09213264577951,3.43485913022408,1.95970989853456,2.66384955791479,0.262366815431941,2.74036390586535,0.122521367218556,1.53937620324526,3.74867144993833,0.483847895190826
5.29547256919635,1.40397784049171,-1.41628226796451,2.04943180614929,0.674589571579921,3.58566797682232,2.60150731493074,3.18595425398742,-0.979719821413364,2.15949289205464
-1.9102362740286,-0.800465361764267,0.309762332824212,1.4896942663658,0.70943707825089,-3.16206651089715,0.826294615966513,0.973327931371678,-1.85609526615358,0.109096521063769
-0.78879118945379,-1.61095364986958,0.517451320190017,0.647253162429528,-1.55628967053757,2.36834239747739,-0.837692788091416,-1.21523699198131,-0.381268347113765,2.28283965655406
1.18036189263138,2.49367242740151,2.54915439705971,6.12398581251666,4.17728868467505,2.27746706180231,3.57723202056852,1.20832839962388,1.83600331936391,4.34884990932361
-1.75912382268307,2.101646920616,3.28732372526412,3.08878096748664,1.08339035427903,1.16253068066681,4.03909662642076,5.04161077936437,4.19266859705126,3.00282578630239
2.42152088560458,0.0464151417135543,2.31529382617502,0.169739707573572,2.19322013998631,1.27577934663617,3.59319620431628,5.50312745718148,2.78434369732719,2.16306996049253
-1.86100858488839,-1.4060288735121,2.11051458600348,3.94301973413492,3.25779045145857,0.735677680940417,2.09548653042269,3.60822769902081,2.15271438246274,1.75564016580998
4.55109750255663,2.28159716428772,2.93624088143421,4.49419037792225,3.88988651829504,1.88618638250694,3.64363408273221,4.84599179503835,3.04957214877757,4.50421758853027
2.60557265174289,2.58034898697589,0.735605774937573,-0.438598237843216,-0.343148289103493,0.497343490734415,1.06469813034297,0.593566795295084,0.377779130771132,1.72388786717661
2.77499161032581,6.40052177381457,9.36579651498271,1.92778845098939,0.0287061544197873,4.11187954608326,5.2696063407817,-2.08804105518175,1.04302919949787,4.40266205310307
0.493984254144832,-0.487637649585885,1.636727588901,4.36079495114488,4.03133661182589,3.04738149558623,3.00934617781046,4.3520339385367,2.45212233622748,4.75774651792137
0.773368326334619,1.641591381963,1.61110490257568,1.04665285888169,1.1241630540201,-0.708377962927803,2.88997380657355,4.32143616672302,2.76401497261387,1.33780806335254
3.51119793150852,2.3028592943844,1.12256842683727,1.77660175687041,0.693465786274171,0.656379222841596,4.18497855687346,2.91684139895091,0.32902251336998,3.59747525391551
3.52455121799623,2.61829393278291,2.10315340629751,3.89535933376384,0.671455188191162,6.53853892317298,1.60882212821441,4.82597196262525,3.45520342292167,4.12572279874103
0.637500122198034,-0.0149119004317377,4.83086933265556,4.43022633296816,1.69937344925917,3.64807761107,-0.352204249657201,2.52647139193208,2.37029818131012,0.223440268405933
0.256121416162749,2.21532698632375,2.37271159373376,2.14246214033253,0.742742643779734,-2.2736397582125,-0.343943098114481,2.24087464234584,2.01471645936157,0.942128540415005
6.14946965835949,1.16102950248731,-0.228193282187666,1.02236044711157,-3.03059722196356,1.42173080235905,0.0288076425984696,2.14493838632973,2.0814674523607,2.08098988830176
2.08043112337462,-0.935454289296388,2.70846312988987,4.69811938707371,2.71757658525389,4.62521089460921,1.28394321947101,5.24147327711874,3.69748643386808,4.22433773433345
0.514718797886449,3.15584187283559,-1.65636227806156,2.67030096855335,4.27747302562678,2.37261308138309,0.804487720259724,4.41057556129912,1.96006902923806,-0.878355034848012
1.56356466219513,2.77790416906212,1.51363898380449,2.76944540296353,1.98197265375907,1.68881310926685,3.69957105521917,4.91173841193987,0.293673971910254,4.6816369144385
3.47540710435016,3.86668560252325,0.818296603552401,3.32855043908447,1.61185167436284,0.265567552447172,3.25246778651718,1.53752439822772,3.68100245818457,1.94184787643026
3.5900069106041,0.162909396406704,5.788381070052,2.87745741203198,5.22219316836729,2.46282549447935,2.45498996721584,5.09950214090177,4.84613578170595,0.841860243058792
1.97981355760584,1.20266610728636,1.31413216908032,-0.470267682351452,-0.832240621532881,-1.33696778836628,4.73746945635916,-1.96951387568918,1.9120658489739,2.04853868697492
2.79819746140659,-0.222596523912221,1.8897770322994,-0.0703615547349647,4.22051499892136,4.25641870627013,-0.748675901829905,3.7090763470308,2.84448085939617,0.350123274613529
2.05392407227842,4.58111391359927,0.554195553531667,3.221413801344,4.63764560455303,3.82821342735477,-1.41444076183442,0.993929444295258,0.864912891648127,2.80134068427903
4.27367855114166,1.68782481087189,-2.58461176087552,-0.351866314731976,-0.737794729982305,4.56067616148666,-0.866938513315668,0.0854925358110502,-0.999410423566612,-0.557601792221054
2.57820304652231,3.03761542438875,2.48700576401314,4.47621976361688,1.69145847933072,2.96038142166281,3.38952965928246,1.55422166524677,2.53284539459719,3.3107295752079
1.31433646810862,-2.25572068572064,1.54787722520421,1.86385148821671,0.441411943135639,1.37428067573228,1.99403306946827,4.55603243395373,3.31393681917394,5.14796710454852
1.35428898124165,0.765720582829721,-2.31353665701113,2.01472266718388,1.45268187439855,-0.0609206774074411,0.396356950063669,-0.343956564593691,3.56936423948925,-1.05771977327492
2.87614966715617,1.29490585287279,2.68843395012833,5.26715995355657,3.91252701189458,-0.35872155946717,1.54705340570991,5.19330554869235,2.36410538632019,0.686248493532392
0.252171527796469,0.0257446007993432,6.30486323871872,0.714692533635239,1.8468782517897,0.485426724183861,1.85539699163795,3.13972088660763,5.06340989905063,3.34592810551156
2.24388572428292,3.04281850101938,0.562490803289094,-1.30625852011464,1.78654587108692,-2.03002090979826,3.25118787410126,-0.890048112604552,-0.138352873014645,-0.771810112095831
3.01953623405983,0.537852280895313,-2.36343701277101,0.126849456964924,-0.520799798050317,-1.6701741326062,0.626965291965813,-1.01871624369092,-2.15322810614168,-3.10523867703484
1.36237019565025,0.870180760334744,3.31026409730225,2.82006713728193,2.22820790708743,-0.476740413312839,-0.439519996759138,1.88042306274051,2.99288088482632,0.923330346692733
2.19461654207537,5.81381466642206,2.9728860325274,2.33714079344711,5.7334316613153,5.09062353948995,2.52490947630143,3.96347114413115,1.74925844298607,0.941979462704626
-0.410650679968894,-1.53379979077617,-0.351096965672052,0.865678794030808,1.91844082556902,1.39047330199391,0.198121619074656,-0.345974085675312,0.813759771079609,3.01059690021504
3.05859050080702,-0.156745103285814,-0.303696104170623,-1.58869821018026,-0.0666903826878118,0.207268437258882,1.51500817587479,1.6241302921567,0.15430295379437,-1.20979154634497
2.98997579432497,0.624678415507391,3.14386473672902,3.93215520525523,4.39867508778377,3.97597891270767,1.43197057238314,3.25201545350123,-0.357154042795845,2.36175357694148
0.0836995877024613,1.47650539533873,-0.0775683445525919,3.65443107178965,1.95003977156382,1.80737586245312,0.868894857068695,-0.164956034669586,-1.7029119345498,1.61791586033931
1.49817315150289,-0.0490667923932859,1.26606164372014,1.38940789916912,6.79435949128948,4.2040298944065,1.53916359935934,0.213782290300621,3.23880052243938,2.22436693290801
3.53506756861739,1.17985013018007,0.745102180772535,0.682264643144629,-1.53186033081089,2.1658779301475,2.89056345556488,1.56244587790097,2.24044092689508,0.697451044931519
2.7106145939637,1.56966369223026,0.256494209513297,-0.164014941342601,0.38643347242228,-1.50972668870934,-0.35879306674429,-3.47100948884309,-1.42976250349321,2.00623928049198
2.31429330364281,-1.9149251181985,1.39339165687138,-0.323013795430184,2.17537087205718,0.566895615798634,-0.247887956102797,0.87398831911379,0.795755618469009,-2.61007411359867
-0.691751366753707,-1.7772190793072,0.0209951751624603,-0.296522379830135,-0.555412666466167,1.82170567616092,0.247492936833425,1.06086963120357,0.363974802183815,-1.83519375233338
-1.28396663854936,1.97771811047887,1.32683159581954,2.21912205357568,0.629651222819814,-1.23330209490261,1.03928731550507,-1.45399763795594,1.89591963951478,2.05542773191444
3.18519398012476,0.996551579087313,1.36784849935897,-0.923611220255858,3.04377786579914,1.21527955304861,4.30361208189079,-1.3335079926063,-1.82200249665561,0.310396085212917
1.30145135925082,1.2160133834001,1.55417067784674,-1.17415539829121,1.3021762586972,1.91562977788344,2.54914781538442,0.8163550719143,4.37999693664611,5.89651912537889
1.81244856052643,-2.95239987900839,-1.08083999113017,-2.57224615434578,-2.16286527302731,-3.58652755850856,0.480562640356558,1.33353928799586,-1.12630856894039,-3.25806324744426
1.84558348321315,1.698345618212,2.29940875814146,1.20824279130832,0.738284281459537,0.254448660424719,3.18139037670528,0.725374200350297,4.37578476606259,2.115187476064
1.56531410790565,0.0384891726329686,-1.9103897853148,0.0373216613205403,-3.60817689861774,2.37492950746791,-2.04199306226919,1.16852783408053,1.06021921842632,1.0116932071171
3.61584243935518,-0.334138817753814,-1.35241600017959,-0.0748953907935062,-1.14095494924821,2.32481785769197,-0.698691888718266,1.37994746833857,1.56667225054396,-1.9845991588176
2.45697090361476,0.669113425719703,1.89161194579963,1.6538519876646,-0.474813477122412,2.65520742754699,1.72909147683739,5.64084416434572,1.07747141575016,2.59420119356047
2.27365471477928,4.67363322957182,-0.493531015300923,0.323828041033921,1.63333315451962,0.372418516865484,5.72145576010871,0.0843320369003071,2.51186054577372,0.777675790082023
-0.739593900956503,1.97281213599941,2.29377485751609,1.31602359772961,2.02145719439082,2.1862012832757,2.5477543187528,3.08082233169001,2.23675324796321,0.601485351263829
2.15304596742192,-0.697487552643769,-0.381052574586661,0.0701915216662905,-0.0801966754582888,-0.287410007064034,2.14974847321272,-1.89665736013626,3.37884057166076,-0.133252970866045
0.335362313328949,1.74445942848043,0.257903796463027,3.41835241207288,2.36527412101521,1.03768697165675,-0.449815025910783,5.20164256833025,2.14553614313249,4.1804910890526
3.9011835907404,1.5455279319211,1.36855313188864,1.59033183321821,4.06582880375627,1.49852096055363,2.73230323816723,4.96186968628878,-0.969350092442108,5.14955751548349
4.20584621365631,5.74116672722015,5.54694107325101,2.5251067580949,5.63549505704386,1.06098221342053,3.30768161768942,3.56016201151893,3.0473456945774,5.33605288831861
-2.48114587253212,0.606476823262058,-3.62362892128215,0.490769651514519,0.17707464414682,0.556101129414833,-2.90094280823729,0.708428297914629,1.14776873720413,0.267806117657137
0.551147912612215,5.16985616760334,3.27805386062679,3.86381267094419,6.20828415628252,5.4968135980412,3.65913015646823,3.70702578172292,1.40787822166445,1.38053152035866
4.28943660016006,1.63926329437029,1.58325632128206,-1.91232662256274,0.326429698354186,3.62408241938424,2.01447708939756,1.05794004989936,2.03113340706023,0.529356923522009
1.16338970481705,-1.63346387267565,-2.22787802007013,-1.56866499853629,2.4211570969068,0.289575914154611,-2.27705877105018,2.37025091165882,-2.64701630652901,-0.940504333493493
4.93996210470361,2.64049007540378,3.59621007118941,3.52079627147455,-0.939666343813941,1.63928634490988,3.32150470959793,4.13657445982675,4.61341094071053,3.23919359099378
-0.182405384470427,2.76126530980611,-0.793616130940969,2.70281182886028,0.0586532566807809,-0.248559387489342,0.75783069771739,2.54088061674204,0.751864213904465,-1.60863451323614
0.576950810188974,1.42992720669068,4.33139274360502,1.3151640940297,-1.56967143542449,1.82223469416844,1.31173811020148,0.625703475626072,0.746879343231936,0.366209945228745
1.98968888306789,-0.634395200343241,-0.377231478344842,3.04447907268767,-0.00322642918126648,0.14266719827322,0.907034337760478,0.786572681082524,2.67330507876938,0.2002798350116
3.07611861800688,1.922547488697,-1.35356152442546,0.0839774214041509,4.84669434843677,3.05138163066511,-0.0703755196519973,2.14689369015849,-4.9393706695431,-1.64043628185198
4.40852743858521,1.6499996089717,0.252998526684595,3.46241681877157,0.655126352995639,4.29620226894755,3.36834370911824,3.3426384485917,3.25351537705844,2.14330316268372
-0.361377252409017,-0.33334920107366,3.58575342577582,1.09750809268668,0.838971583849142,5.02978219725207,4.23208974227126,3.1324301355661,2.96803975857896,0.107208412197296
4.2575704552081,1.57894896418756,2.01069053843213,4.33092919678516,3.4888440375727,2.20485011837633,2.44506182729115,-0.0766648140544657,0.0504789967948622,0.461968966143235
2.64296884872004,2.29066337171131,-3.06655254892332,-0.197205113491687,0.675141032923259,0.574640817163732,0.105573433568212,-0.307309115089846,2.84429401579819,-0.0798149849279313
3.93982972299608,0.64242651380181,2.05676834029962,2.80852700296776,0.716105446392403,2.69027908179125,1.22692544016337,3.65970963577438,0.892678002971991,2.50803298614903
3.38628071217849,4.42626180038624,0.43793243674568,2.0507175580518,-1.10509089347905,1.16448520031782,-0.238248402847989,1.70537006531741,0.0212699013625508,1.2200542579734
2.11699509297431,1.72692800678014,3.76797215519534,3.47157050296723,3.61997583350103,3.0630163253039,0.345460607253262,0.391032413645447,4.00822099970781,4.15631106497232
2.54415243810801,2.10499216918831,3.59076763231625,2.57327248547508,1.35749547648652,0.864785103624272,-2.08627300213203,2.0397786114877,0.639383674848395,-0.395142658902505
2.05772865757862,-0.350669802301599,-0.812832581033151,5.78130914621761,-0.413575304900544,3.17499063089841,1.36435424663609,0.135524196722762,1.15223644348837,0.159104800366698
4.444675265697,1.53436882444204,-0.549126331919707,0.745559539652732,2.22998134431872,3.8163106853817,4.41072691098035,2.794138148578,1.57547226946167,4.33635886365373
-1.51630123980576,4.30969614030216,-0.292493370580454,1.31844640306441,0.0834758572188845,-0.881368533070838,2.5580686365878,-0.408896451231693,-1.86503261675834,1.25304290650376
-0.466571075803193,-0.477673053395969,-2.19916501921392,-1.49506070943518,-0.292327759739295,-0.596055756289078,1.54985789459049,3.8295915185946,-1.88702491315013,1.57687291054724
-0.443730106903973,2.67462345900332,0.945060058757048,2.60234963262316,0.193906488650511,5.58211604976431,2.62634384726844,1.8014906882485,2.39858168068028,2.07607407932616
4.53948186215525,0.948281698066253,0.322844035778639,4.99989183632755,4.27745297071563,2.34705100001423,2.8399166442551,3.89235266410278,4.54650327030754,-0.170792818884911
-0.967590719727569,-0.0845307397035731,4.09123413151739,0.36166586505669,2.34515652789022,2.52845673688932,2.751355847879,-0.183946775296258,1.16237474907909,0.493524567218182
3.91218446108914,1.5026684289727,3.25968473668135,1.04844746764052,2.82206351385499,0.667945740039248,2.23405724114199,-1.71094764910783,2.14504629069735,2.26761986236845
3.3892517992881,0.544207144037731,0.452528948400086,1.97245156711937,1.19312927338332,2.6521125028195,3.02437435749985,2.19515899196093,3.2477218182077,-0.647575422010143
0.302687356953433,3.17219219459857,0.376115867984846,0.944628721458724,1.33497076486141,2.97623753294871,-0.836637686081209,0.916487532284517,0.269411707056021,2.58007422299293
2.51844977312391,1.32879708443487,-0.268010553556339,0.00878809564202077,1.80480076438367,2.90482336969868,-0.0644624991203955,-2.45633591647102,2.79743650712355,1.26490949556036
-0.217960925445927,-0.841081943471171,0.306316155800853,-0.866393358207338,0.248495607414571,0.981071662989544,0.798935102102305,-2.47854882387908,-0.157363271698178,1.10616398341152
6.23045513564679,4.07345733787274,1.96959384271287,5.105362659775,3.82600461854893,1.27043303138192,1.22793217499186,4.2122554701488,7.14389951874385,3.15381649223819
1.93294866148933,3.99066863159543,5.37941851797126,0.379313802579882,-0.134548916521861,-0.175177610414032,1.28214362538705,0.350840308013843,4.10839097490701,1.4751645575857
0.383585680050682,-0.00481360420587272,0.938169034232225,-0.0582960256675881,0.597690406776018,-2.69726199465347,-1.30380948551014,-2.06836302326513,-4.08522743978233,-0.875075304297488
-0.00782793969408746,1.37637331913873,0.950872731138873,2.1484028901427,-0.267566632222803,1.00181278937352,-2.14684007432189,6.06243000642006,2.20224413001921,-2.37772922816621
3.00131880218704,1.43089675920016,0.910406358797554,-0.368562346277941,3.3329271019619,0.848913951424485,0.392244144671963,1.71519968519291,-0.163710169812866,0.909083923539089
2.05225032989848,-2.86204603743254,1.34147281907797,1.27728313111778,6.65695345163184,-1.3756346640956,-0.0370366972887528,1.14463237252075,0.658779527176097,-1.03194750397599
4.94628214360183,-1.08714307608517,1.63684260793336,0.297466085250017,1.43251669981948,-0.61580591615589,2.27146417544694,1.12637402349376,2.95529892960888,2.25628204734435
4.4111908768157,-1.65802588271246,1.93156971980535,2.15451283045478,0.812721534077211,-0.890882308999997,-0.00431524533156891,3.42286815754785,1.54858988412576,4.06125992235214
2.07391421636205,3.63444982922197,1.92717128042845,5.05596307186123,4.67688692735289,-0.120819487422801,2.0011098987212,2.01478386458103,4.47220542731996,7.21706792652621
1.84819598138389,0.359949250281756,1.04388234220269,1.59071258118615,0.402892201591029,-0.578083205566569,1.12821273840709,1.7175918754141,-0.0919270385588251,-2.58208547600942
-2.57305239410414,-1.02565515659291,2.97254656515024,3.6191596335064,2.66902915744724,2.48888569619205,0.828175878121629,0.751313528235257,-0.840142055517617,-3.37351923131415
0.798132371858972,2.66379619346974,0.894689511062567,2.01010754288874,-0.369106335123866,2.96388475427317,3.99047170246167,2.93227525477085,0.754072989263884,2.37017193476459
-0.607730306831657,1.25673456348765,1.84019514153856,2.66190989796276,2.10891109067376,0.0557189871212993,1.95232514652054,1.87448849924362,1.57688958414075,2.2932243648125
-0.598626764396004,1.90701852983591,1.49630383011513,2.73364396577891,3.49416934992959,2.96171499182588,2.06630810002526,0.880562101751506,2.70568031385746,0.542240227920354
4.42865700349103,3.25952151509462,-1.19055297368168,1.69668206544154,2.18301963497211,0.94853905708489,1.89874121394879,0.0651860665102021,1.89053653095834,-0.132132881848136
-2.06954127771476,2.66287482152464,1.540439621932,0.212046341607745,-1.64618199546738,0.303782632105986,-2.33187062004667,4.11804892917776,1.91951170792585,-2.48376951041455
3.71379172757524,3.41546464139265,0.620786594238338,1.89903194832946,1.07622892543038,1.00112378626389,3.56778427203568,2.34243194182696,-2.66289016657632,1.28329625623102
0.0618955712569824,-1.30050040909399,-0.840742930712208,-0.186338989114016,1.38237524626969,-0.322987050828031,-0.853166378037747,1.32312595797197,0.459210264656873,-0.961592470986637
-0.682389729399317,2.34388090575494,-3.66543167989097,-0.712660550016126,-1.6358667828883,-0.977059405498399,-1.9250862450496,-2.45081697775681,1.97313457069774,4.03330594775231
-0.218216556888889,2.89061971388277,-0.116795006381688,-0.502441862497099,-3.77351083024839,1.42316550085007,0.783996274355039,2.26672520528877,1.78695068344613,0.86506624989471
1.4798868942596,2.08058183028956,-1.07368832224955,0.680301702439075,0.365526312637298,2.33081693689715,-0.0512336072580448,2.44048764500045,1.00955254254133,-0.114926235242226
-0.717469019642577,2.52785802988183,-0.553954609713221,0.0140067960606779,0.92655736656846,-0.757107862303671,0.987615678713969,2.04752540426326,0.600828447498079,0.085828794538536
0.586633333404876,1.09773576800365,-0.721098439813683,2.2138051845817,-0.64688646196977,0.599112394919017,0.639676176455743,0.284401287667682,0.120022498411038,1.4022348191049
0.566541534773914,0.267566807837983,1.81512974882054,3.11409238200479,0.635460367599566,2.40902633148407,6.17076416994819,3.85550430708957,4.06456692860823,1.96365560794889
2.42062640761663,1.34712216407817,-2.21253403867372,2.62911443833259,2.85522898583469,-0.186951726217246,1.29137607591661,1.7003767046162,3.13417011688546,3.1264701526937
-2.41030891793964,-2.60879982383621,-1.53788016063622,-0.484013937544415,1.91288877211907,-3.44690361495008,-1.52211560878269,-4.4262664108051,1.94850898694824,3.15639162799068
4.79175359859895,0.503190448237378,1.51679651121471,3.67288065453134,3.93359647957858,1.18695452419746,2.90960199859058,1.49989725789927,-2.81545561218697,1.26545585687635
2.16317643718506,-0.440602249708313,1.63009970578138,0.031152911272747,2.65211420111734,2.35249526024844,0.389306835319268,-2.26917542021424,3.7768950176638,1.04205253977037
2.79320232201786,0.269207209511685,-2.1577403254144,2.26567955131514,0.843617820339687,1.78413475426994,-1.26660235902656,-1.1312967389296,-0.96868310504501,0.954219822279215
1.7856649342695,2.78642353348972,-0.027360583624036,3.18508232190559,3.84229333918313,4.74821030040861,2.52328090586304,1.69598493361782,3.47117433856188,1.79469321486472
3.35985049163261,2.14627105969881,-2.69898462106792,3.78037702798292,-0.0167664740983331,1.30309418349271,1.7439574075045,1.48329446632363,0.395353313794268,-2.03710900060542
2.95065698129162,3.10417919165734,2.37718790716858,1.00037462209002,5.69341918871912,1.49999702463548,-2.03584263088355,1.17733356119805,2.81862370119723,-3.0849596213836
0.804422260199288,-0.531778333845761,0.160112466956771,1.40831591509508,1.39905875036977,0.175189768431291,1.07349014269128,-0.383200668174663,1.85559512088396,-1.52321877175958
2.59931847590957,2.52704958006005,2.38813156425369,-1.05365918980077,-1.96808882146598,-0.117260251143986,1.23620461014741,1.95259803849597,1.29454454997505,-0.702595530130215
4.04440819743859,4.21039561119805,1.68528628755067,-0.125806430070249,4.71654240244036,0.0163097088237958,3.07469441694725,2.0553883805607,0.923898895202969,1.47919373049177
-0.986253869828833,-0.371183451769178,0.0206800514891246,4.19176885162499,1.52069456653832,4.44315330418905,4.46273120648003,4.36530267967274,4.99365660415677,5.58142940477216
-0.682932628251984,0.768141803295951,-1.58717399571849,2.07685585553132,0.267361722597576,0.448132454274064,2.88634620626503,1.64910446987937,-0.786643616106824,1.68983089279885
4.0640641195373,1.51560024083321,-0.560587002478906,1.88045524986261,3.14362990725754,4.5124769915141,1.9937130882364,0.780037261428592,3.17326370116977,-0.58298230921958
0.517202228216475,0.471839576978841,0.682420699603953,-0.322905413460317,4.35594353022754,2.14410801819855,-1.40495737927894,0.379186511627681,0.350506831201446,2.59512502183371
3.0107748436432,-1.84785452785815,-0.47434845573994,1.11931446319061,5.12168978345376,0.0753247109504502,3.24330933256067,-1.97102692608823,1.5096470697771,2.72852359523921
1.04566030524687,1.52190293217302,0.26938683673142,3.32939149232281,0.377309084498388,2.6564768268442,0.937875463969657,4.26932953563868,3.44200416534905,2.26062833826314
-0.429048150591876,1.11392222692179,2.86610943304691,1.21566091677237,2.13462168725207,-1.24544266546375,-3.04927171479289,0.35047125012025,4.5718936754622,0.974563851031379
1.69910680162168,0.344104651796742,3.46447760288629,1.13910539837523,2.30250761523343,0.356890843217477,-0.280133487837386,2.44560000836875,-3.26215972594864,1.99502417529412
1.07275398424588,3.33785964711495,0.768091554976912,-0.364872057242408,-0.233952277711066,0.646495150142928,0.575164471179069,-0.0887293214535099,-1.69567187157827,0.759978135352647
1.52645495911848,-1.50190967977078,1.8149917311404,-3.29832649885972,1.59347809052464,1.99295765747106,-1.41655548990708,3.02299162270122,-0.0487414571657361,2.10831769187226
6.71781987015669,4.00591032096196,2.54352781680169,3.24969197745508,5.38181216634364,3.10846642847194,1.82740006627762,0.756302435612809,3.37086185823299,4.99034375562903
-0.127711266494296,1.34062488625094,1.71326924016927,-2.22785875830655,-1.16388032722938,-0.900829901751989,1.29682105093038,0.480798161241141,1.13375391168664,0.159889757701874
-0.0503889707332201,3.55217817197043,-2.25046832276296,-0.362190850874197,0.809940059917214,1.82806606465026,2.86706708022059,-0.222756586422619,0.0511785312955516,-0.773591128145259
2.33014111947502,-0.888263329943257,0.116000181851947,4.80157195989977,0.68996156643018,2.29406984921172,-1.02149908821732,4.32992233145436,3.78753445290108,2.74101694564816
3.85643001215057,2.09131978772067,3.64828944584252,3.4445873616811,4.65811187935817,-0.119210353142866,2.52981858291889,3.45133622311078,2.59385821824042,6.5662886763643
5.33427811640758,2.57218563308061,2.17959773392664,2.81021338065442,2.78050735454574,3.16410420267832,5.60512543858262,4.34234337930829,4.10627553662853,3.22596131759939
3.44840635636264,1.46691011825033,-0.882828173870686,3.32230118265987,4.35568291211134,3.99074876275055,1.2076694986226,3.51292849666346,4.26448215091299,3.27766956625934
-1.65532599005906,2.31461420423642,-0.538017554904473,0.373978988074685,1.51827025163692,-0.892844690918212,-0.17698291970599,1.29645919745919,-1.47524623315199,1.85260178482498
1.19404104326028,-1.55405604520818,-0.130464506217007,2.04991155642955,0.896802523423647,-2.19963342398362,1.6792018177991,1.00282240412405,2.13872843199731,1.3704042318819
2.1439776100561,1.63338255944801,2.97022262234416,2.97135746059819,4.5883547624761,0.0872442313623045,-1.65381559106028,2.10436874035239,2.88596823396319,-0.196850344067719
-0.134636886541982,3.67988751140955,0.256079392364946,1.20278904942478,3.97363373397632,1.15770834131631,1.74106365429142,2.30288580862505,1.8528066721914,2.54846373875549
4.84800170674816,4.88630366090412,2.33636320166691,1.04770751658199,3.66938573916947,0.81892059835967,0.608933417044258,0.541541571983576,1.39680764293948,-0.080500975596169
1.15900146381587,1.55631225550741,-0.675341616061375,0.751166947468395,-2.82003226529618,0.452399172661876,-0.31177849715408,-1.06662174809007,0.573212296761953,-1.02328780207042
2.94976761572706,5.86137992976311,4.42729977960872,3.84193179526728,2.68953848535755,0.352117466928552,2.8461174266984,3.7623366422017,2.10117076250689,2.53544263496917
1.68772352988439,2.27577747011542,2.22387329346755,3.74339564467712,2.20179642689493,2.1201862031122,3.04258678123127,0.0936631827247003,1.65982410004927,0.532354312860222
3.91519161662329,4.28649635161661,3.21314750831548,4.45134249653116,4.13984084975298,1.37393245626871,-0.946883068397435,2.22554088776188,5.01442858020371,0.782490317301732
-0.103394199338243,0.833450791805932,-1.0600882511491,1.36505716595328,1.99470059877367,1.38032497927256,0.349303988362647,-1.02805132817776,2.98852155596605,2.49509896000045
0.868742907813545,5.24252131833781,3.48236382066211,1.97474707383765,2.75840103324811,3.6061194173522,2.08851271160843,-0.00183524768529475,0.615213681868038,4.26731283806493
-1.84870546402943,-1.27359620257582,0.0793159857770765,-0.566401113772989,-0.43005543447441,-2.35678004978656,0.676770688290618,-1.84425936507199,2.12575495145433,2.1539815331645
1.15739953773025,1.78445923198711,3.54577556760086,2.57668505954459,4.01607975774079,1.78846785552611,2.19290322220217,-0.968152722730357,3.24245231922237,3.54000008975962
0.264637727510298,-1.28395241587065,1.57762364121614,-0.820340868332095,3.78820651591809,2.07158369449169,3.36486828743466,-0.0667764860616054,1.89716546891009,0.84392757973775
-1.0754064279419,0.465062067944262,2.28066140460828,-1.33645293870411,-0.252653982862851,-3.33858109574075,0.506589406175105,0.372575670760247,0.53490750056073,0.318625106925907
-0.671904413449663,3.02305198062487,1.98536879445236,-2.11746762464317,0.85982296788792,0.335480351603302,-0.626127975225492,-1.20337392729379,-0.0052197263172804,0.416859121575744
0.160747758016773,3.59238504733757,1.16086589004916,-0.0891538388634459,2.92259161871122,1.52773361204014,0.504383867495479,1.80196789871937,6.15580339725114,3.01250846660591
3.67384917985479,0.125921435635258,1.28574154842931,-1.66749032174409,2.11303008130242,1.81024650893702,2.61277511543726,2.11891696873514,1.19615467206576,3.75129915265606
1.59755720987803,2.05296429690165,0.667692824531338,2.92906444625313,-1.57971760969647,3.51235267919312,3.05171785351758,0.412745986703613,1.6956825440396,1.24361415855585
-0.557070104800042,0.404052158039581,-2.99021177823815,2.15133607740911,-0.215915054248491,1.65167280533343,-1.50487779305235,-0.248656813644712,-0.0173227446486586,1.5421699546422
5.24577702652524,2.27915497736809,0.777797490628763,6.53191882767003,2.69700305396761,2.59964593546344,2.01011326727695,3.42672059790676,1.60665473951982,3.76445518349867
1.76432910375444,0.148750257865048,-0.726325286146935,-0.349305754716148,-0.186348303702882,2.54917755832282,2.54713575946947,-1.91065566539191,2.35231162437877,0.689334797194402
3.39537317715889,1.30330166864089,1.36537078006369,3.02034320430971,2.67347831841921,0.443971842607573,0.843508567044905,-0.672058925219732,1.97333223980132,1.90157888199793
3.29565191875332,2.68712592618228,3.39028432092702,-0.21717198881681,0.354865101260381,0.138804122828279,1.61675720809392,1.98838462341516,2.28230342189425,3.82476356059081
3.14404238436418,1.52589703712335,1.76835869070937,4.43268538153981,3.35703968200189,4.09436568030361,0.877722275629121,4.24302802233406,6.78297370634304,2.47282112228702
1.56368432636328,0.171572065542108,0.913523394424964,-0.0634964134639422,3.16355757784203,-0.906904562686467,1.7842194880228,3.42109826566931,0.467599850423286,3.30802922431537
-1.43509365923194,1.31364012042129,0.693757533440574,1.99140769185168,3.09888764674607,1.12178546812561,3.09227615700141,1.64497637236866,2.09501539365237,1.18095961600997
2.03418677794982,3.12337096115243,0.980826965642942,0.220359264863447,2.70925941844621,4.49512672593204,2.610176982767,2.30882966033885,-0.629691984192698,2.94686023330834
0.137535871286206,3.39881324086397,2.12475268402639,2.36399459474271,1.69267320572379,2.39810236670959,-0.231979941383225,1.16599491755518,2.86106597512087,4.95725712627098
3.02694331632044,1.59817025492552,4.0777848959224,0.850144191384126,4.48058913834818,-0.345539246082289,0.457218095630849,2.21427524046102,2.92440479698241,1.03402088024317
0.195558104486569,-0.372213405863693,1.56958949459105,-1.44101918728544,-1.27417054810779,-0.0463006520956172,-2.51757943153409,0.885120055968207,-1.69342502427988,0.105236445315132
-0.986073499572159,3.62879270239677,0.540863959156744,1.89600436735213,1.31151570105435,0.240872431786121,3.11139087586363,1.49494383388657,1.56351330499727,-0.206853085291481
4.59701472103266,1.99801767464323,3.22921802190314,-1.35784720685287,-0.251425158042672,0.725742628515887,4.07752813930088,0.593487314570729,1.07856495138578,2.36550690926004
4.27632350372563,3.22477479755947,2.14127237579041,1.58519343404391,-0.978697553543459,3.05959500966424,4.07812441332641,1.11460360847007,0.764163023246864,1.16792356336986
1.35770159091131,1.75477222876188,1.80777633965218,2.21479275381773,-1.58886494193031,4.25514279328958,2.90282653741265,4.77546095285457,5.90492430441165,2.30765995061567
-0.714283802934256,2.91972355761734,-0.17723306414603,-3.08587947010736,1.56372916140684,1.10291196365507,-0.450202503318416,0.0888452420899107,-0.914265207377095,-1.71022207883753
2.2967822045894,1.2270098620458,1.71828835409759,2.28211205954926,3.65042031899852,5.20448910871084,5.45730047003501,2.26789560582022,4.45265406415358,1.15030921397204
6.15027846005717,1.26973053226154,2.64788635764284,4.39909719956692,1.74885665267955,1.76975212568742,3.80011747498181,5.134550756492,3.80767080979547,0.736438831013224
2.5130337504706,-0.00273945364066064,-0.13375603490472,-0.0120373994345986,5.69620082416427,0.143650360215394,-1.0995060057655,3.09486783622354,0.581016450763207,3.50145068288984
0.927574413865781,1.55578930777741,2.21078279249774,0.890960937372786,3.04915312077496,1.50915767209364,1.11294118038878,0.980090147690785,3.54615319690757,1.29549023987877
-1.24353348821973,3.88674550145819,2.17000475714561,2.12190064658766,0.11142272496412,-1.87434951544538,-0.150486832153218,1.23559938538415,-0.336745858738709,-1.7097525147622
4.18253054716677,0.39160259275233,1.59874064002637,1.77144210679297,2.27447941765633,-1.04391901366537,0.128468005698213,1.11450552916309,0.879840640888532,-0.896011761606768
2.66411255764989,3.97326305483362,1.50334316222265,-2.02831321379138,2.43491031694834,0.00338340926544545,1.75712960514699,-0.0808520181911123,3.35399777999196,1.64460686394299
3.82518768594182,-1.50539736437986,0.701781457060327,-0.744984622407652,0.67436660012273,-1.86925202424309,-0.176656052394417,-2.01243405529597,-4.59558188694138,0.330753048715381
3.20464974721649,1.08382534611164,1.97031543846594,0.0324026603404661,3.0255365485787,3.1998229903336,1.57564369465116,2.84680629774953,1.18668810097542,0.77627900784585
-0.407065276196961,0.949142070441773,2.63848804786303,-0.262127819694914,1.75308115079281,0.651781007553499,3.518011868166,2.89708539174962,-0.791379027935438,4.51013748429283
3.9506275648674,2.89846404169585,2.69734932242156,1.96651989649224,1.98949892859373,-0.352924792763335,0.394871521507514,4.04689148134213,1.91945070478387,3.65870977838715
1.51676267950306,1.53741609323635,0.199908991879363,0.370154218821978,2.04792255624707,-0.451876981855368,0.35432304915446,0.591615006788835,-0.153797400720699,1.10373871668864
3.14090459960526,3.81007051678369,4.86082653478266,3.6913429513726,1.25642699386598,3.31374526900409,4.41205026645209,-0.6884865353681,1.37397474367428,1.21880698001125
1.99378490096617,-1.247259595645,-0.488342630332225,-1.32006596347101,-1.40963110628655,0.14925435081381,-1.60397109720544,-0.455063433529701,2.42720860076101,0.837155731691346
-5.58052797983898,-0.91426791476315,-3.46330743000587,-3.57507884297717,-0.620572797056082,1.05274145751192,-2.93509361755681,-0.647006777876149,-2.06694417349317,1.9704185445104
1.93267465370337,2.03697810488406,2.35116809002862,1.21896406798482,1.77503168444546,-0.638586458171305,2.94428471624065,4.40395989604416,3.96973816863094,1.71345820070328
2.37036187707992,-1.17506646138011,3.33119134888543,5.76658760241324,1.61563097723027,2.85241377401018,-1.11193408551008,1.82225462119371,2.19588400740721,6.68159997104084
3.93895282280446,-1.577878284092,4.42585651409899,1.39786889175355,3.11519043414188,4.56649247065486,3.64714233884344,4.14689941462897,0.0570348983492737,1.06291380519983
1.12639527120718,0.062648309483084,1.61175476806722,-0.223710966704044,-0.97514894934144,-0.0510131793798789,-0.820904186563044,1.94132877073826,-0.0760022271849823,2.15648874160735
4.36340977700029,1.96534512322897,6.4342610327804,1.70135108857468,2.66530368701204,3.44861442775744,4.59076368864269,4.63499767170011,4.22204300596662,3.09430571635713
-3.10343133437874,-0.830500320315924,-1.0876408972835,-2.41777681857852,2.47246641415932,-1.34206384395121,1.19950206205569,2.50086832662917,-2.06696722667584,0.385966948981604
3.37680159851149,-0.298970886171775,2.35953989106019,1.0473860430571,-0.0696000404687958,2.72504565345369,2.88116767964038,3.69477830540975,0.88543124967011,2.96271073914778
2.21691901189981,0.311799836313528,0.290358603467077,-0.716140117692353,2.22464664963813,-2.59129293587595,4.60845888813235,0.401092333311938,0.0375941106694939,1.68422386249362
2.91977002701522,4.6085055430594,-0.699988089375431,4.35446227596646,-0.000209905442500435,4.66680445800225,-0.0984267606308831,3.68374987952444,2.34248978996915,0.922989680145382
0.743475781453428,0.58907983695647,4.42868416705728,2.35704581066894,0.757149885887162,4.54934670799408,4.04979317786432,2.31224118722843,3.3185342711132,1.32840801971236
-0.0935962365622857,-1.16265237936644,0.686851267663643,-1.22100936999779,-0.0406848544462756,1.59416611779027,-1.74077077361064,2.35665532106994,-4.24516154186616,0.292784218350922
1.01225739684801,-0.30615448105292,-1.47544570542731,1.62990928478187,1.25751162672557,0.176256395809724,0.0591982024796415,0.846879772187246,-0.0965080977940747,-1.91041901338715
3.09221239199646,2.0666421680483,2.9172435655291,4.39943054925197,4.24258367477197,0.846373183479034,3.26560325533263,-0.29515263789698,2.86417940059248,4.5878635967336
-0.330688192997715,-0.285409233463704,-2.32346479005816,-3.13522118444579,0.881925675681411,1.67741860980473,-0.313988728930217,-1.23466990680582,-2.31639173351441,-1.12679571356455
4.49505195677048,-0.223112295012156,-0.819533450919944,2.78555930577839,-1.51498685863254,-0.215809019340142,2.70054682673289,-0.135475105844986,-1.34813830721591,1.88257530480654
5.26236259752108,-0.485421319469286,0.425595261320847,-0.734511344351542,1.87532937177279,-1.19485561155108,2.22683960307968,2.56575509486205,-3.47061376246069,0.0183525651398656
0.692603260614046,0.89318307393845,0.471751861539562,3.57281083466515,4.35701019875046,-1.71661028251153,0.827239785130466,-0.87329337320793,2.32509704120532,0.807112887421064
2.70664848019499,2.86870895157997,1.0091953961802,4.16970126669498,0.475919195923936,1.51966648932362,0.65135653810684,3.23905154275553,2.12985089154352,2.94335599136611
2.6151090125989,3.43910175266155,3.02308854305813,2.26585174116482,2.68394903057525,3.19323984647522,3.13145957968969,3.22714323968928,3.48819192802149,5.57941442134703
2.66032822424283,4.59791657054724,-1.35322730237935,0.485263269133928,2.44396845254705,-0.682745703169997,2.16465479953831,-0.571491722111217,0.87946024910538,4.05195999364621
2.68993126433865,2.29272701910863,2.49787818235055,5.23825621819533,0.32620849866181,2.95532621588255,-0.458079071391125,4.65515592485924,4.92528530479001,2.07926185141294
2.86575102474161,4.02253731536989,3.81665357539441,5.64307120296909,4.44438406516356,2.47797854539448,3.31323024201179,3.29307270144655,1.5003746365898,5.42812849811232
3.88721656687399,5.95236194589115,5.8211478689941,4.17004470562948,3.41042380954714,2.24513041674736,2.64704843518674,1.41113715090535,1.88277344685075,1.4548254613757
3.81242448410912,4.23014483668655,0.562424329249694,0.423494655350219,3.10499323199352,2.21524469110609,0.876522763470307,3.54010865116666,0.383190958025823,2.04928365579246
3.30749335352494,4.69446572079559,5.44725798100253,5.937216883314,4.13277418994099,1.63999605071778,5.76430385266861,2.78920096099185,1.35973319505362,2.03477739885344
1.85262740955293,-0.459438260844114,3.6037830408039,1.09301176336458,-0.33840608374502,0.741792465401351,-0.0354059454884206,1.81309012564361,0.983619833304981,-0.635475169315141
1.66029490553404,0.549446535399425,-1.68978195359067,2.54926033711197,-0.358210566346206,-2.41306264399717,-0.770868875788313,0.410441207636043,0.117822948782761,3.30685952774709
1.6300559667783,3.42057493159022,2.06785133394464,-0.161120826776042,2.80712950342939,4.32960601492833,2.81984751090363,-0.0276002269842983,2.0396022852334,0.967284670645425
4.53989688078384,3.33767722736212,1.19304739734136,0.528790380642443,7.18550740114081,1.37731870744822,0.899458655037991,1.33456208449532,3.42763827996296,3.76136460711574
-0.682759782204981,1.47203879785807,2.99297773152331,-0.450572895429748,2.58124592296068,-0.0759132175020039,0.250469292550619,3.18932992645282,0.476850480869458,-1.24735613022946
2.26742254641742,4.2303090220308,-0.156819493703155,2.89511312740898,2.02139881981551,3.5407002314525,3.42066481676381,3.96279251446466,3.43771181335994,-1.32400888879929
0.906181786430508,0.681391907268887,4.79887683551252,2.02921161329328,1.17079333508185,1.46125655525671,0.219104122005427,2.35178616941802,4.84741842097682,0.510411462003174
4.3409166802418,2.85375306958006,7.49796641505757,2.3716927016242,1.01662118267845,0.249393125111371,2.50944087915805,1.8740509203575,2.89015221888738,-0.160869403485659
3.44413861336065,3.23779576620767,2.70079569148379,2.59995134249651,0.20295947094957,1.18453443657653,-0.352284353784566,-0.699669411700062,2.08353890585291,-1.66548787162357
1.6736940874446,-0.923492759140769,1.21856554136167,-0.419672502188761,3.92537358033563,3.85934051610151,3.6836939521915,-0.60721830785752,3.0747760556164,1.8792081778033
0.202190775595115,2.57944353467184,2.51284759858335,3.20373444990924,2.03185514814963,3.43963516026412,-0.137304667818438,3.80382912114256,1.81015582325417,1.16905893958993
4.56485920872696,1.56819896891905,0.508359877702196,2.64379997516813,-0.116124939742433,0.662448524566098,1.43515535722875,4.52724439114813,4.52252175286537,2.70913759662338
4.14049893867987,2.05010554257807,1.34046663035696,0.895915163747426,2.70768623365895,4.24388676957212,-0.58501592865006,2.98889803793766,4.23923818844857,1.51890529120767
0.317115942537772,4.93639535617529,-0.105866905227121,1.05312648838749,3.0289591358508,3.49922507586618,3.12398760841059,-0.0309390739458797,1.1250457310022,0.853579779277893
4.20539636516826,0.281416166503814,0.500028274794093,3.29963261777428,2.04465480110886,1.81754407872582,-0.779599410635322,1.92688740386395,1.45840315392289,2.36720142082829
-0.295128012057817,0.51497803751097,2.41661900341435,0.924471776106346,2.65238069772462,1.26619915249604,1.38636376137262,2.79307398585442,1.28245080130383,3.80636754322763
5.56467942309535,1.06642701193515,2.6317010991138,-0.569764152730913,3.36775591811433,3.69383553123635,1.39325351773443,5.07743789423893,3.70958742702683,4.2922543122064
-0.177735718873157,1.93273229023977,3.67878941008746,0.272824065341263,-0.64251885403934,0.665634136591486,-0.832241181068616,0.956040682660297,1.25857156065358,0.694131694664377
0.0566553581490474,1.09663185782286,2.69241069734016,-0.0873948554018393,4.37616154225108,-0.398141618443523,2.64291026176636,3.61677455629165,1.48594896356387,3.27917654048622
2.57546889018187,1.57384496003549,1.96052744062605,5.94190166994963,3.40020292339195,6.11068971773619,-0.172030456917736,3.15345578351609,4.04644500113048,2.30390019871889
2.50846950258374,-0.0472985051864794,0.633261436232541,-2.63207803949991,2.31015807811081,2.0476482011848,0.326879463944882,1.12362555524336,1.885178956457,3.53494243041433
4.55223247717382,1.18851815421321,-0.567581524676224,0.00114069474501921,4.1726581221897,1.54575155258994,0.0202590058689824,4.20860721029473,1.9392323045994,1.0805116742277
1.92693495031454,4.32791656905839,3.13031050786331,0.720646151954311,1.96405800535679,2.34064443733054,5.01155488221783,2.12839194484445,3.56876618326037,4.85183541567287
1.79222376190534,0.674192759795438,1.24093203136616,2.60749103131762,3.21966220272674,2.02286506682859,4.21011023261248,0.787697832930284,-0.994988314266598,2.65005842394851
1.04167965200197,0.171418398294203,1.23593361940747,-0.0581261198853044,2.53396458653714,2.039015824649,2.90579025395635,1.07046177065514,-1.32610791356813,2.14699714757094
2.66823530130756,2.41900765700019,0.775968609959157,0.468890026314795,-0.797041860893984,-0.943898690291317,4.95654322023524,1.22232437669634,2.09086059763125,-0.59361510444517
2.00732014819953,3.32032906641922,0.248428352737589,-0.250701878500448,-1.06079553997075,3.20383564232582,4.03128242775584,4.2157823602605,4.00909629453661,4.16684075859188
3.48294594063812,2.97828204179095,2.61347046013897,1.12892467602703,4.10731695007594,3.30569022064213,1.79504518609215,4.45443607337653,2.93763125224989,3.79978316230161
0.408651259091227,0.724411546811093,-1.956887081234,-0.677385579960889,3.11966363312138,0.388017476048752,4.51800180576923,0.42614106744653,3.59894767436267,1.80753026314237
2.36757910269539,4.35566606566457,1.48845627481502,2.59954912160141,0.0334825640872882,4.24735470795452,3.5163674416151,0.615049424341255,0.146542260808755,4.34942808841352
0.420820773641249,3.90704837874694,3.24245053205323,4.9806936075807,5.19115252724572,4.09508814023678,1.10674761812195,4.76085397688629,2.74900044060365,1.6251601525339
2.65853600201856,2.34270076570462,2.28052928727929,2.66133250084614,6.31474872869843,0.470178618665472,2.45149452209789,1.49787083987444,-0.301621130172585,0.268785124619591
0.988739768216762,-0.0576630198331218,2.51805739101335,1.87715978441622,2.45673123324903,3.04443791527284,3.19590690490287,0.710578355008579,1.5911894077914,1.61136527422692
-1.54437846979272,-0.211676318722009,1.34483113889807,1.21695616818574,0.364732658222484,4.24149430974277,1.58228561250771,2.16928141773492,2.8866702930497,2.09806186537007
3.6497996930818,4.19256639897806,4.04827573374818,4.02575670522741,4.04452544194463,1.71009742504596,4.70443289743546,-0.742664129410707,1.20009318583519,3.24741723884567
2.81376083820532,-0.0703687446897217,-0.342874828855607,0.092971910375512,1.3410160759921,-0.836425394833049,0.442832145915258,2.6529956873832,1.44085694126601,1.9710514779602
-0.861923837449674,2.06449154356096,3.90371074971236,1.315684881226,1.19267915869034,-0.601492441533801,3.94866902985515,0.804257912230576,-0.361273297473261,0.212167568247134
-0.0104128723891805,3.46604071029302,2.3080498908447,3.24545857866784,4.14974971972271,2.99935532615546,3.74840889047332,-0.0944949882275576,3.31331370647929,3.91671223622595
3.71379421280758,0.960116486742372,4.56163559557873,3.17363020417295,3.04782118945109,1.7889285149329,2.11175251399744,1.05571761962832,2.09372435474714,1.40909903109161
5.35834908162542,2.6686339305336,1.71157173311498,2.83285173426412,1.41913523903826,2.89744004132335,2.69582767461551,4.72511816779966,4.41157364635112,2.10124008941023
1.70317697370347,1.59168445386419,1.82812927918528,1.96407880813307,2.43949786440787,3.53270422132271,3.04327020540038,1.82727677163078,5.04007699257565,1.26899105228539
-2.11512816961402,1.84349309551389,-1.9706895624733,0.335749763291825,3.48379471161437,0.34826739057803,-0.984527373867888,3.76547123080648,3.2964008254277,-1.46189809362325
1.34721899542068,1.09929539103852,1.07201615105736,2.52986626219383,-0.439690460227669,-0.223939556544051,3.12472429215713,-1.72494259401717,1.45638529103506,-0.622391877390539
-1.05324020597879,2.65938279242899,2.39558999009878,0.853517232095071,1.45984460311525,3.26612192716277,3.52931247036195,5.30653472753165,-0.0985061731508869,5.01130967083012
-1.84043485597481,2.28910550171331,2.49680630098756,3.91759960825618,5.03718883226471,3.08781225389849,1.23525227832268,5.4856185994793,1.27183352475528,3.01781600540499
3.78864998322134,-0.219278893838009,1.03590747938422,-0.0384265081270501,-0.888505195723662,1.67070045515848,4.07617236565227,0.423679558858994,2.43337091797622,1.04152351164644
1.10700450620204,0.81541459726835,3.06847652751206,2.641985208738,2.07392798296865,1.30689194145091,2.68821418752592,2.12026439365366,1.7615954008819,4.0631714346658
8.37021601041133,2.08795983780128,1.43866511878575,3.87781947367225,2.83865849374135,3.33030889779492,3.14042308875499,2.51991428720412,1.98291378232419,-0.405366852901581
0.830565367125582,-0.118684195018916,0.755429565656283,0.763011470196872,-0.621086179851499,-1.19162536553044,2.65420319311963,0.184981130294887,-1.07015856139544,0.768957585588246
-1.25220710037941,2.9264950339311,0.376068112887565,0.621026571847276,1.28584981458625,-0.987439409511494,0.291277727496677,0.966419612043471,-1.20729641498452,1.91386254976043
6.791304251939,0.51891728485378,0.491839496815698,5.3503697676259,0.663598625557017,0.656987517980363,4.45516697405269,1.81350649830274,0.224742738751992,3.1455530615065
8.31194496791715,3.31675520153193,2.92613928472809,-0.384431912631267,4.30660093990001,2.94098837216647,2.88500493145367,-0.47088467800523,3.23139783636751,3.68010897182399
2.48976154353044,2.20276287475457,0.0611267911317033,1.84192496907235,0.566052546022907,3.98521308495966,0.313109512579734,1.7691006151249,4.26816731483872,2.29793624577278
2.55391897877527,1.97666778405485,1.29779350884383,4.663454896153,-0.636263398335883,5.74686996065601,3.98482832240544,1.40921031305691,0.26681446365926,0.437186278123019
1.96377700771545,-1.90846825143193,-0.0158539616350246,2.08228976693485,0.229555540529564,0.293031011006132,1.56545642164974,0.10207570466513,1.23326775319693,1.10025035979306
-1.76513577585947,-2.3158538122763,0.632356814344099,-0.359422039520288,0.772884748695586,-3.10230719645531,1.52239197048223,1.99811875452589,-1.16745707663564,0.707848490373973
2.34700474396454,1.83363377013217,2.97371741149675,1.77176563417908,5.90247103816343,4.04638012242694,7.21044033757599,4.26303724235946,4.70197898411785,4.15499194161653
0.533250548253589,3.27849399471696,0.935606144177198,-1.60605617692782,-1.3916738729734,1.63793061223295,1.79596077275223,1.63769178855883,1.49528803344059,-1.00949777153347
1.76382964036458,0.458750735561858,-1.82517481980382,1.22976664325601,-0.212812574675524,0.490247273115268,-2.09957744304086,2.02651493787091,1.0696425432654,-2.22938864664558
0.656683181600765,3.57226884258511,1.85891580879725,-0.0832759170456308,3.53594388314454,2.54721816977183,0.953932984688393,-1.27508874901843,0.022393276318134,0.0778378388523193
2.04774288467563,0.869075152570752,2.86337203351721,2.8128435624304,2.47699883436935,3.32278479176441,1.75812858730205,4.49341815052231,4.24015025917458,-1.0256513324679
5.2938045038736,1.15129435375251,3.25223641386349,4.6699762251225,5.6453646708471,4.16608475946973,4.49527357418016,1.6450077216781,1.86776497241358,1.47263942975444
3.68977144829804,1.37736664627922,3.87693183434633,-1.16798577355899,1.81558496131166,2.57611761967476,-0.683211599926261,2.89196582012227,0.668862950877769,3.79201211593301
4.72389506429563,-0.543570570156461,-1.48604958971851,2.45522919674831,-0.273263972369521,1.29352662050969,-2.31844642572908,3.29216421058003,2.01046844512895,-2.89923653719826
0.408368058862264,-0.401343843994866,1.23309027317236,0.155961258555727,0.717082137098281,-1.20316695975197,5.09030587890354,1.8096227033696,2.76958107556766,2.90301798224734
0.66509719058779,0.430021858136956,3.71497106549465,1.44519610170481,2.01828921855731,-4.33592344284748,-0.754721695427508,2.58870464630329,0.922416740837402,-0.00679033718382893
2.48449989775616,-2.12156609469872,-0.524993848009,1.65900217482681,-2.24512250471669,2.67618376118768,-0.751541511268139,0.263363780649407,0.746924373866524,2.17362427218554
-1.0815380633719,-0.79588639552212,3.42994398789128,3.92472720618606,1.31344044669279,0.315722830899396,1.66940528164526,-1.62555661583885,2.31423004489294,-1.00550030287551
4.73490885253668,-0.492611808724284,1.60314195265917,2.17445152826251,2.38346555850785,0.713759070476027,1.36826118950139,-0.828832433730969,1.91719782132837,-1.39673415523415
1.72757788313331,1.10498109536473,2.52332889344079,2.42564533978183,-0.0380840681766141,-1.6141488516493,1.82468390644557,1.00594429176015,-1.73071510643233,4.39620535321419
0.423315148017007,-0.671618054258032,-1.16668710805674,4.06782188656209,1.03434086469168,-0.322578671245108,2.64121417730288,3.4165963824808,2.93449378489851,0.482357883567691
0.605324920444256,3.19911118226552,5.65005751997077,1.72374197598583,0.684942864294436,0.645911675243999,3.05026388748509,-1.03577440425945,-0.788884253178304,2.20837521391404
1.27629027170116,4.18535716875131,3.71986978181583,2.90204340402114,4.76448811655534,3.42867907616095,5.03678861086014,4.44392376833302,1.14859967243706,2.76550612447868
3.79363169592579,-0.972173713711185,2.50497321528123,2.11333381247166,3.92494845504258,0.102880126106794,4.47785705096531,1.19306478714969,3.30566799149673,2.03256925772562
3.33775418434629,-0.860042034692864,6.10192191461098,2.54986794316371,4.0893049253032,2.2597095184808,0.619844318733095,-2.2629232049612,2.93042486257878,2.09224335896826
1.48614907187374,-0.170471594956311,-1.1941438753579,-1.00296773495042,3.48049498127194,4.22899947500303,-0.338937688329127,0.347111111412509,3.06925080288481,4.15129053413001
-0.246640437266591,1.64879739943458,-3.99572820703847,-1.46381720693855,3.64218814177238,-0.456054123299597,0.0884295680204575,-1.57365895763641,0.946839710895626,1.29202347721954
0.144679046483895,0.354732101767944,1.02298728896908,2.06709459367354,3.4521285289743,2.39306552428604,-0.55073857189926,0.678922348790693,4.02047168646275,4.76818360588946
5.47609514815499,1.39982450433789,2.31878777722378,4.05164324484719,1.47597220822374,0.677722040691571,3.43040140316456,-1.50252582710199,1.34720162707571,1.94437402622732
0.291949495693473,4.86482335660917,3.45517670691706,1.64322484875012,5.11301408037784,2.36485442635203,4.65634562712296,-0.358751980608325,2.7593780546535,-2.19981880030635
3.15552845722201,1.93936938811413,-1.53097090520694,1.99770935838207,2.64991041104259,2.05175256451257,2.25274092349691,0.499948555514335,2.38096486459975,-1.53980766075221
-0.162091171336973,2.72618798125603,2.08424666026944,1.73362971915659,4.11939009328575,2.72453758924025,1.07858773343106,1.20272838732071,2.33291647145771,2.9956506624694
1.86789013457292,1.54561314349067,2.90685737053596,1.30632629330547,3.83448805691194,-1.02032622386282,3.74701322884039,-0.612273579746905,0.4366680057915,-0.628738840365272
-0.705323782958592,2.85236432137759,0.684885297328727,1.52119874005164,-1.81783868141383,4.46864578921133,0.627558614786399,1.30081102633176,3.28347890959013,0.262604786474399
2.32054339548391,1.87918498716329,2.46828092223315,1.98496413753899,4.30051731348524,1.8174974405234,-3.03211178188826,-2.03261115892512,1.20294908238578,3.88034654606637
0.698093766558247,2.33253720602818,3.13886305681931,3.63655112473222,1.63143602874955,1.57895294231767,0.389144331135566,1.04719475305807,-1.02159854520575,5.42711549372427
0.836716057507922,1.40916596331291,2.32071853330501,1.076616256464,2.35916118656703,3.22693586669878,0.113420235056525,1.55697588293934,0.457223549310762,1.29883665872369
1.54781868431071,-2.23764184074079,4.36279002487728,2.50649311675343,3.94383937672245,4.24809629889052,5.63870226957672,2.34574507118937,3.93312408436868,-1.55614612123929
3.8431617193447,4.52974579874471,2.2746047566102,-0.333694142879954,1.66611694507672,1.63911754130367,2.07279400499395,2.12917633234624,2.23445620644884,0.698764738092307
5.21328683864926,-0.793495130802149,3.85963782974896,-0.644369272143913,4.77374047796351,3.4642478486741,1.41122223237912,3.21445109971422,4.38183648117943,3.65934238815114
-0.702956266427616,1.7270681352756,0.386241756315951,0.671116361705001,0.604964536706913,4.13558869941346,1.75684232719781,-1.69529822193176,1.34576681228614,3.18351009117397
1.31659385215403,-1.66413899164667,1.8387642787653,-1.68085461034128,3.67117993515181,0.863037954758165,0.903333665827555,1.55024542998249,1.53017147759573,0.401470870002574
3.5972526047313,2.88122297476775,-1.46280697014421,2.01105378023029,2.68885432732176,0.850376335320174,1.97574419284473,3.15072677543092,0.602914855931098,1.12701687949712
-1.77624071940535,1.57286451456016,1.64070559723849,3.12387297727733,1.04535674331378,-1.83552168603432,0.515928260560674,-1.80910151716537,1.49626137972943,0.352124132303358
5.40074878171309,4.36172481006118,3.60848369798565,3.2372576789629,1.88648941617088,3.27520732493071,1.55644176167212,3.1733085826784,2.5138604735152,1.12550991177039
0.826642313305928,0.680679394422616,1.37985435027376,1.54924326774417,1.20877789119149,1.41903491682232,2.52598607828575,-2.8610787966633,1.50139034585553,-0.96506959930455
2.48652255379782,-0.117808136571457,0.141316710975394,5.17530857860646,1.03286405662206,-0.0523544948944168,2.77373286820346,1.70237507588543,1.70730689793588,4.29968014720933
4.50924622081225,2.35651597165206,2.63766205027119,3.24461735710085,1.71236243089153,0.982099052153907,2.92243725173021,4.07709776742014,0.537732655774861,6.52693172020485
1.50049243854839,-1.20563199350462,-0.562005669996642,0.33793761862447,0.00297619785891312,0.751369462362659,0.50722368281434,4.47410748140017,-0.0551760230511587,3.11126446330391
1.66491892950563,3.81279201911821,1.72602839029668,0.991032540262911,3.2700111068853,3.03000239244248,1.82514365752589,4.70916451757755,0.564630630955433,4.75235982251566
-0.368149832792782,2.34103846753722,1.68315604381196,1.15697051478896,2.5741533807949,-0.544771068069736,1.03325422035059,-4.04155224505193,1.99407013248546,-2.52424104692479
2.14783779883597,2.2724354786878,1.651682840966,-0.407734071669023,2.19170000002925,-0.296533166334512,1.49363494707894,1.20925053859714,2.27936768638512,-1.09320969569186
0.995953829482974,2.51987382221356,-1.36104898034935,1.18289668709863,2.65272900379288,1.95158171323271,6.05424858537351,0.747126865728997,3.62252795764964,2.17474200144498
-1.93973309484788,-0.624621413990244,0.134725882265173,0.309332352336794,0.92434288884098,-1.72453934944502,0.88793933050189,1.25504275538685,4.49551289520026,1.27518449780478
3.16971486654214,0.921694761101075,1.39422338862828,3.15358229302056,3.21612574396612,3.98685661068941,-0.0822039507804835,5.75057030125986,0.128219660151055,2.25162130665178
0.252872336641625,4.02720112808059,-0.320288250578546,0.968909817748297,2.05497984035934,3.03518160694796,-2.44268946118992,0.307808985358289,3.29034446966148,0.746989860056371
2.36250817507086,3.5924278945929,1.44717084353174,3.99281404792245,1.11886717205295,3.37448789789478,2.10451434495544,2.84874209646079,2.00756439876951,3.52037612286054
2.4883018814505,0.925548712735638,4.64080908347079,-3.17205043011247,3.35866805672376,2.31591751507983,6.4648854697311,0.314453115307455,3.120565216968,2.76038667682189
-1.45711602557644,0.366899420588078,0.656151329848451,6.24416544890135,-0.855432440464085,0.864253898194776,-0.357841642959163,2.43957219824582,-1.59182069858175,2.15978995995196
-0.35060192766508,0.31322419999167,2.6383273791481,-0.269302497762816,-0.884453629047003,1.50201032757893,2.29942892231529,1.06004769039343,-0.541807909112494,1.24394041159915
5.86119239104365,1.3845848484084,3.77856213097306,4.01537694595147,0.807557575130603,5.79400791421479,2.46094314647462,3.18537232843748,3.81613825007925,1.21748444689236
1.14269256977236,-0.312101227299887,1.65298624854935,-0.533888809115339,0.650435936240528,3.78042389773204,1.66893362852891,2.85732330810429,-1.88232448918873,0.614633516839204
3.56260578978704,2.3008776276825,4.47766586663831,2.77050305043607,0.905417728843991,5.25033606108074,0.149300780287846,0.480738044628205,2.97659324815223,0.181139066698047
1.87564073232119,3.62218544189293,2.48259623909248,-0.920898288939896,-0.611554941651885,-0.737898793402462,2.73231966867633,0.580459587910323,-1.51683281271899,2.35712921879662
1.38390365734557,2.32300254377556,2.80488876462115,1.61999516521162,0.823900865100382,-1.10866096733812,0.537691582987868,0.57995854952583,4.08145698606743,4.07822671387495
2.12126630123206,-0.38571602507144,0.973156143865705,5.18966200203124,-0.34928330313667,-0.635536543785274,3.6265170275765,-0.942988953513802,0.815897654710337,1.9164077816973
-0.288557892835733,-1.519210632131,-1.69271853597996,-0.102754563919828,3.20238402471509,-1.0867544542657,-0.313423212680531,0.84339267245521,-0.512952564908438,1.96303738651063
2.84718247770044,0.499012967049254,0.0946320127456215,1.63688956453807,0.758540278755223,-0.836138539050832,2.56096595809651,3.41005701207991,2.95289729948032,-0.633537180876041
1.19669998532366,-0.265534849290743,1.9874542081357,-1.19489420243707,-0.261787551385075,0.315975197297203,0.927029609346807,-0.810315798719118,0.316512180973806,1.11792783401546
1.23340021263737,-0.49927462572232,1.48541831926796,2.59960827412253,2.55181795985657,0.474800734561256,-0.996782406152833,-0.0472320673664166,1.87825630153808,1.18011011465433
0.135237608105544,1.37444044199216,0.587186593147556,-0.580485469447018,2.65388845440387,0.449527714492575,0.531424837073296,-0.755840121942603,0.92279621225084,-0.82735229539916
3.1155297197686,3.88700312839454,4.18593675930027,3.14995407333457,-0.766764695783209,1.13173391327908,3.8575789604099,4.92206806750177,-2.8466804371254,4.51801227733234
0.908505473478987,2.38319444509789,-1.91756999319572,1.50309681554151,2.68972845643338,3.09434920514217,1.36747823845971,2.84573088586914,2.15282554574561,1.02045612872887
2.19345084697263,2.01278673614733,1.30975527564799,3.32729874597223,-0.0110280289880329,1.85376814348147,2.19274193965172,-0.960543508107277,-2.1068493379906,2.5195869952636
-1.53365758825392,-1.90231355926681,1.03561388195917,0.434792116595373,2.36711475969395,0.389152013421677,2.71710574369128,-0.298925201263719,4.33262758467092,1.47523785606563
-0.674069103903199,0.728192286856967,0.324348020306446,1.91231761408954,0.553798305315753,-0.400424760455939,0.349559738556257,-2.43421751182587,0.734260922755876,-0.00327995327825984
3.16057475114275,0.127992396262525,2.39285396361141,0.0155944517761823,1.40707913850347,-1.64162147929444,-0.244443232604055,2.68262823632111,-0.585567451556637,1.06299375030647
-1.25728476544412,-0.41082147538459,0.608921602756297,4.02545913797069,3.33644038023241,2.92914928225653,2.62218292257499,-0.126526165088607,4.02258480672128,3.63147882047265
1.09640394312841,4.6815251771039,1.97477353199976,0.824443997138261,-1.01408101318243,2.9752635605602,1.3273761696412,-3.70608566807877,1.87545523561978,0.0202503671402341
4.14575284080163,1.39853834643677,2.39853730292451,2.60608461079295,0.785071635409953,-0.806357158416885,2.71473060778102,1.08077601716347,1.28640014042923,3.00766983749033
0.373882649695555,3.27634829813191,-0.357702295581563,1.45531446619081,-0.842647413644801,2.20301325538889,0.0893925203096181,-1.3792180000799,1.24983139679002,3.71121525521201
0.183822844170623,2.89848823439583,-3.39138710555677,-0.577878943250012,-0.726100924458964,-1.92149144344349,-3.84478729328709,-0.44493206696552,-1.93791623723525,-0.386705454867753
-2.57928470794991,0.691546305621121,-2.47885919418727,-1.97657416987629,-0.495760001429115,1.82791233718404,0.418100162883664,-2.76489307159088,1.24368614391533,0.133792329068338
3.34409929068954,2.71575664388164,3.77037786415427,3.97621112777144,3.92681975504591,1.33637897993192,-0.295802123113304,5.38226409948417,3.35002149035922,4.38898363097084
3.51594051176146,3.11576980571426,4.36741441692299,-0.950776142557319,2.69561951910821,2.93597233640207,5.16953328615173,1.52049538456192,3.13638354521591,1.11781670101692
1.38103102689744,1.00658207298857,-1.20950370269765,-0.37797595731248,0.375585963696286,0.731090871300373,2.91700378219943,0.460055617025174,-0.62867855915274,4.33816940839522
-0.69288604575187,1.91314784251285,2.62267836928754,1.09230433489367,1.36293752101392,0.62366373786923,1.8670876677616,2.8580090468515,2.32103297122875,0.0209522100651718
1.90303022784549,1.49101433954699,-0.120345321527429,3.38952144214032,0.156656777709162,0.54013089780153,-2.48405437541811,2.28078897940749,2.41148662494034,1.89105236562133
1.78733296325251,-2.50514478657256,0.949391282697654,-1.85914248930948,1.86366645514681,-0.70380036238811,1.08546994969297,0.617525647986343,1.6425331807086,-1.6367950590789
0.299059423944025,-2.4459211862991,-2.57334850593323,1.27631654398955,0.827096361864603,3.61436103603607,0.283751524633021,3.03555090677689,3.79264368793774,0.786659116120883
-0.0362744120952823,0.718695322893101,-1.42326842541988,-2.0986919740726,2.84187760895991,-1.19690266205963,0.961304021651866,2.69528219462266,-0.520654244838546,-0.334442328846022
2.95023409498923,-0.552531021529424,-0.559270668516582,-1.04428086387928,-2.41209376437167,0.60458673473549,1.04278745221036,2.30827349806282,1.65060372365465,1.05977140197225
1.80565833155475,4.05393813175162,1.58813676869457,1.63239603695965,3.62895865286395,3.37725902475622,2.25133171118693,1.58715546647993,-0.0855887405728573,4.0185253559301
2.97612691760515,6.02406503037831,3.09061237344455,4.81316587416003,2.68229239277868,3.29932024088744,0.159920101483674,0.873121593605906,-1.28357784860723,2.56503471005263
1.38166178531042,1.14270662864432,-0.0110442241982789,2.72937099807372,1.27889630823319,-2.00174516644704,0.399268558978149,-1.07123815719394,-0.698423838923955,-1.24767846805377
4.08365653636622,3.57121322052343,6.26503596423228,4.2137914754871,7.10794723554643,2.58248592430141,2.06432216119947,0.0889880254141082,1.69596803184077,4.63252153932625
1.43414332970403,4.76349095863454,-0.352914713423215,-0.77164021695033,2.62545889062389,2.87709995036935,2.46020159889631,-0.588320930688271,-0.222952475283234,3.84106548411548
0.679716459690969,3.16924854231691,-0.260214404730404,2.01225839669052,2.66346467123639,4.15610219338125,3.14575015486719,2.40482848586547,5.57509875653227,-0.116944635266005
2.85053330654076,1.060613472664,3.33631796171368,2.03861974206651,0.18744664928655,1.75366876354187,-0.0889197479288286,0.667954409818221,1.66945876977069,1.73606367382062
-1.35838600666573,1.84530645090231,1.34479780664182,0.437271802431416,2.57382117577906,4.90080213318295,1.78045393502401,-2.2679024596731,0.0137624966426692,1.48543104957626
2.31350992732886,-2.08086583675023,0.708139238572185,1.67399350937048,-0.920883143640539,0.706023867066708,3.72579827170842,-1.08476549102147,0.0616433144120581,-1.33628278310041
1.27583926229496,0.750364949856825,1.19087965916183,-0.901010210999925,3.57431929321934,-0.221901166810232,4.19913725416371,1.8131544463245,-2.09406341124331,3.12660586475371
1.93292710093231,-1.417179034166,-1.20896120393196,2.40880691417936,2.50717306488265,-0.177639749861769,-0.132591330997192,0.42748630794863,-0.866091298578167,3.40301469520166
2.54173428340438,3.59091001284928,-0.244195298836881,0.0249551177458904,2.9173909024448,1.21239980288464,1.73504773114661,5.92100016904716,2.78583287464581,3.93656627501802
-2.45046563212029,1.8290196729777,0.596078199918911,0.526564528345871,1.51981931047649,-0.423766270587288,1.0567351055637,1.38555092069827,-0.259372442914516,0.522521064848656
5.55834009647305,-3.69319718979159,-1.45796620357506,-2.14606080564099,1.19217145509599,0.347746297470528,2.04458164839984,2.13715487862506,-0.0214953620132784,0.334903600307005
3.19219081936472,0.616275626305828,2.73109866440354,2.54486363257335,5.11953629080408,-0.188771019443998,3.33711652235535,1.14843063272441,2.49000284446581,0.533333119946876
2.57065189621573,2.0225842435821,2.71492379343687,2.19601569632251,2.83135010945596,3.44885638941047,-0.90734925541624,2.9103730007745,2.51807189350977,-1.93679376534124
1.05148470623204,3.1763234251222,2.29567409221977,1.63594570425562,1.2919844317689,0.527183851747258,2.07758951385653,2.96997560755537,4.10326074977515,-0.492341667817011
2.97487231412429,3.31627077290662,-1.46202390535588,-1.05777113703471,2.73159281308276,1.84922681486917,-2.51814303667716,1.62154116571401,1.1662557333545,0.976400021989033
1.13395666672851,2.41015138589206,0.41376220497282,3.68554633844474,3.6424991190372,2.29918885071265,0.110060475815865,2.55549952900379,1.54456600482957,2.7417490908882
3.95073351664371,1.32929635402193,-0.673822458006125,1.98562763065106,1.71592026189387,0.0697850947897629,4.53086720690644,3.72823010765056,1.81691863133842,-1.40870984472106
-0.557285204414018,-0.412687150936978,-1.8002224446417,1.9917169816075,2.84694543663644,0.158218866699732,1.08835936720636,0.0144660697515756,-1.41626570841978,1.72171377129241
3.22289346893012,1.14326837709431,2.47671253975727,2.7832503852967,1.2198553253069,4.41281255561088,2.00909441156209,0.623935147793476,1.95816948634423,-0.237182643605284
1.52960073613198,1.18413169560697,0.608275707160656,-0.870745959528634,1.5876104433113,3.02701092713191,0.791438820686253,1.49477285300571,0.192744139589495,-0.757875270473585
5.12624737861353,0.404067308658714,-1.86520027870205,4.59227899346182,0.895747274189068,-0.477587116688698,0.34091769177335,2.38448278918833,0.335151094934536,0.821095943225096
2.55117060431745,2.33592854755449,4.59688507238816,-0.317666595955295,4.53314239209434,0.624087793779351,0.549525926592608,2.57984812501766,0.286632103389185,-0.548986601462861
1.09277661546439,3.94952482022963,1.55377659592918,0.253000571084972,2.66097805922808,2.22437406280586,4.31550241637083,1.8592481679508,1.64272230812355,1.4643933471901
1.7753756002821,0.39114977329308,0.393085523404149,3.8632873566661,-0.263052636675181,3.48308645007235,0.535580213512932,0.0834854393047681,1.09675298623241,-0.848844212217837
-0.405236363787208,1.84083782635543,2.78452099815706,-0.615837031587257,0.428468186138386,2.77624803078945,0.344393237165462,-1.54571544385544,2.54232352434326,-0.104625559412234
4.236788313722,-0.609303172199767,1.42186477836238,2.5385276616582,2.20679147269823,1.35440107411676,4.7178806202837,4.01235937155288,3.86447321000075,-1.25237520659652
1.74601125028862,-0.702046858471177,-0.316890375407967,0.925064791988695,0.896827492846475,-0.800633521809307,3.40763120910392,2.81638747874609,1.50645704608203,2.68422820223467
2.48336613234104,-0.158726113426396,3.46771434587764,-1.30474422966021,0.961361668311431,0.937565469668651,4.69119336991819,-0.0504533081565928,4.02315803575664,-0.315042963247167
-0.0099840186673215,0.218349331404939,1.28886038918724,1.13380324938601,-0.432035961741736,0.0405741234128451,-0.926990789639978,-0.891957247238943,-1.25251608541121,-2.30817248959258
-1.85426779834885,1.72905637803318,1.30682276040083,4.50501186357794,3.3472967411157,1.30576086547766,-0.933285857877361,3.11765659533523,5.9446929865064,3.90262904908503
2.52208036203516,3.43373402238047,2.12652055664904,1.72102963556633,2.18419215257471,1.52114900490591,2.44685240165587,1.60859839338034,3.70147149778864,4.91750812911276
4.17354981978743,0.429439615056521,2.37065464165856,3.80359992559056,-0.875446660621416,3.16834188290242,1.5461142943887,2.03048312501436,4.15004606911038,3.7722241718777
0.574223044173651,-2.30555751062426,1.22088059920926,-0.308071081398467,-0.154114580785949,1.52963443512449,-0.805973665679351,-0.389673102855479,2.46132989660835,-2.04592697945147
1.84545252993768,2.68703246259194,2.6036355890636,1.26895645863731,1.35908791347923,2.52403489798192,1.30023852585433,0.384786999531192,1.0114948901582,2.04984552311747
1.34875233169869,2.50621044411597,0.970818088458196,2.00335682092046,3.52505418341384,0.613302084062637,3.25466945206393,3.92803985557481,3.52805939152099,0.910084901793738
-1.08330993103312,-0.121925883004079,1.54714573982672,3.05857759744198,4.19511971631472,0.294243853183201,4.2938020318128,1.92099065652212,3.47516947240201,1.5510421524084
0.775883808616959,3.30436697999589,3.64122217161666,4.48670452261962,2.43934360476126,3.40973143351877,2.97801820184809,3.45700675263627,4.91809042750917,5.13803497767829
0.992694373113392,-0.178769175128748,3.48131572310268,1.64173838115435,-1.73175684163007,-0.588441037590375,0.318205807830485,4.11705404142999,0.664164546026168,1.01312218402067
0.681279773821294,1.19723409489663,0.82495742389382,-0.323597326379677,0.237837728509696,0.484794219788376,0.592868487743214,-1.38260620160252,0.402767209340694,3.88119479294846
-1.94212909694906,1.72244087198569,0.16141061568881,6.41590797183428,0.116934598742219,0.14777042367199,2.13318544366335,2.43257440685094,2.58949735172409,-1.73840368447816
-0.990043678438566,-0.661955468151906,1.94148786315829,0.449478949565055,-1.41645954221361,1.26796337571251,1.51985292406931,-0.5554932474789,-0.875112740768212,0.671755916336683
3.04157587339643,2.39715727760835,3.68478919497441,1.37501566470248,0.175565535927105,0.0432459821823314,2.61582084619754,1.39621361767978,2.86425758670102,4.31540895047264
2.15175740098021,1.73475817104151,1.56172303718143,-0.578967226817668,0.5182392465148,6.15917730627177,0.922897613530624,-0.132267039037395,-0.458635397368316,2.15191403127785
-0.309279241973939,-0.33930616914327,-0.802545382210962,1.13524978858997,-1.38908875365,1.40659124820219,1.68008318773067,0.131187240738155,-0.163263522217191,1.22551424172333
2.14569847750658,2.63265402834113,0.672585576942565,2.0927451181034,3.59056336642393,2.03479347842713,5.02391154346247,5.21995231826218,1.20264506882175,2.63838993499895
2.27036659923576,6.02610221837821,2.15748184813957,7.66921132036396,2.52989490775214,3.76423372158947,1.39133800207601,3.22907651355994,3.31323241852533,1.32365047028709
0.068467055884729,-2.66544588651178,-0.525834450538287,-3.69427252401417,1.36622042772764,1.63091163238064,-0.698702576290951,1.8707415560369,-1.55183703719848,1.57145686130037
1.51995298837478,3.76914289544748,1.4893045050909,1.55814770387841,1.11295819146607,3.46916895749427,0.301219207115842,2.5985984981585,2.72049124392491,0.0642417284926844
-2.07415560314472,-1.11369346761276,1.27285304268523,-0.0221016153988562,0.242190231506194,-0.956577491678707,-0.708232166619611,-0.122719150463686,0.524419184066981,2.76820731301599
2.97911243645321,1.51141624194651,2.29145763778374,-0.510275694492026,3.49802185466619,2.61240264890047,4.43813486010716,2.92781303347102,0.945071511907614,1.47885788064256
-0.84453564156806,1.37327152744931,1.04336938316564,0.689341262810997,2.17666264000426,4.69557234622012,4.89459802092966,1.1572826847486,2.56160108038063,3.81789872489895
-1.01862395137491,-0.331526186331027,0.367890622744374,-3.4807613424068,2.02995271772367,-0.316076552613799,0.085086237488114,2.73530848794146,-2.27485968960839,0.285330576343638
2.81603200600461,4.16742882236231,1.22680921388238,0.637835905939415,2.97757005238268,-2.03345015016795,1.42410009821233,2.19989605980976,2.38689456581833,2.59831399991491
2.58874995054312,1.34150923242852,0.873721347372396,0.885212209973237,1.44473552371878,0.933405485503988,-1.19828482783244,-0.420272455719462,2.70771388368682,3.25310203848969
-0.455899731371544,3.62842536167393,4.62512258042763,2.82603789691948,0.621258470850801,3.36841078911991,0.231020646945478,4.01123665511039,0.263260844908557,4.01322397995443
3.94752084503485,-1.70398485649997,-0.875132380095066,0.170192545752025,0.994114637891133,-0.51010710793937,-0.604768482673766,1.35966640970998,2.59922018933308,5.78644214347251
0.405634428227684,1.21221382167272,2.39625730577824,2.47096521917924,2.69298201699343,0.396415397840783,-2.5277685737084,-0.156616275731635,-1.20062336314255,-2.28776909904236
0.773090526265803,1.06351916462495,-1.17288876224922,2.26917361093573,2.57079457935509,0.358805739995591,0.54852034576797,2.78552532346735,0.202543800426658,1.52654036559355
1.3808662911787,2.95706623290256,2.19189691708421,2.42339717821693,0.846002344099176,2.93432350676738,-0.44558950601047,2.01129941757203,0.798598079304497,3.20284397335655
2.58545551631266,2.93163999822918,3.23826810692334,1.74443005127759,-0.109824307001615,3.16978295698927,0.0966709751041666,-1.319712423056,3.75513384331612,0.49393684574521
3.30241786580213,2.98359313742158,4.83234467192299,1.77646746610369,1.3101659863178,-0.707925155983018,1.26416714897291,1.59326516713491,-0.466327699162902,3.20238941078607
2.47039159346797,0.201483541586358,2.31491825368794,3.27852586768624,4.31002176187076,3.76288522751806,2.92791101043459,2.0160968876456,2.03171158005605,3.48647875786249
-0.552458279511751,-0.46743258773635,1.21845313477705,-2.64843688944798,0.397297325910165,3.75087421367207,1.92935897426499,0.0229893011471188,1.86207305563294,0.878492173596812
1.31197243066399,1.98744257315199,1.95827630185265,-0.181333447866963,-1.20573258948819,1.89529248001512,1.38363646594638,2.04098293205216,5.39441783363501,5.17206093096675
-1.28986032401219,-2.32482034950409,2.09138177087109,-2.03623237213224,-1.04472799946797,-3.16492307127909,1.17062488903743,-1.08517069136032,1.90672148152189,-0.733336919450187
1.78900427032396,2.95434236961673,0.611056971181628,0.71589711077216,2.24146279909058,1.55479923173789,2.41019436217134,2.71679928010416,3.08986978391139,0.26960467395794
1.27654003929376,0.812961636789651,0.0613909219379409,-0.987395998396414,-0.252890839938666,-1.44832221306374,-0.522501890815464,4.35707858708416,1.56164066180915,-0.147290379854377
3.86157770333428,0.279935281654098,2.58407336446415,1.84697243685681,5.09792856758899,3.34828451780536,5.48481345721024,1.00734190210948,3.61726169990026,4.16217401272892
-4.28229333751105,0.144996139453794,2.86331075505818,-1.73448665090212,-2.04488126729329,-1.84146458675185,-0.388863679426724,-2.16856128836525,0.504391306176517,-0.564579836043404
4.89824926900068,-0.191183194226214,2.4560929879728,3.55478958429371,3.21587673399048,3.70519022729799,4.0871969617263,1.34987190142467,6.3706247724495,2.42284429780945
2.9324499826858,2.71632841952127,4.31586259724284,-1.58910365512399,5.31617785853251,-0.00515426649432382,1.36283631293521,-0.499351727213475,1.98774669892161,2.19683392436364
0.744843251685556,2.82609854290109,3.40127676467289,2.08844777401279,1.85515217410234,3.20759294898735,4.53723685086347,1.64725008495423,3.11378171126917,1.92744712986214
1.39280513787571,3.46602658459165,-0.732889359763089,2.23965460627221,1.67498064711175,1.46583714777154,1.44822068960705,2.68052851791476,-1.19761739738962,1.78836348619748
-0.12668458659691,1.61707421651337,2.68444813990711,0.38509148673359,1.78505035278819,1.97609473609431,3.71148288468033,-0.447696119857603,0.536653779222938,4.58907582695302
1.83340867325396,0.902769224411955,4.89584313005043,0.452394772666284,1.813924526217,2.55149262669704,2.25766513004401,1.58078129120895,2.35021586789291,2.87296955990708
1.21566228240024,2.56945591802476,-1.2523617056547,0.0065105617486152,2.67597377842667,5.49692519174121,0.681535772380462,1.7843468080611,1.72399362845522,2.20697106437671
0.72706057365768,1.02626809335741,-0.788804019314097,2.69447517303852,3.36493847380006,2.9878595113358,-0.509724538730036,0.0217297475347419,-1.67910916090093,0.695724161941719
3.92879493333983,1.96984564099046,3.53045657494192,3.26622210650572,4.29649935350578,7.24377205275271,4.31663494829133,3.65845959787235,4.06668219780923,3.83353547881933
3.08202238317617,-0.403066824380132,2.23959989158374,2.20550838736091,4.46901200475127,2.44436410735375,-0.341890122854615,0.495658619533226,2.41922846731523,5.67042283020288
-0.322055236743911,1.70943318873139,0.327068999436168,1.07118498641672,1.89618655540941,-0.800531247954048,3.43096768003454,2.72614760921297,0.338540150134153,-0.719190045610133
5.20065044477307,2.17002870952766,5.14835204652081,3.61412234401376,3.12807179511416,4.71165372091407,7.29054498205349,1.72915395558278,3.71580369108471,7.3643560407501
2.15140575324448,-0.462088489642503,-0.467810951253003,0.378651994131453,-0.130439398723282,2.50751182141553,2.03699336354177,0.700909205573318,-0.633833372327253,1.03799824640366
0.7956319526668,1.75338866583685,3.87184682444931,-2.68096938674464,4.99079038843015,2.27094508871228,5.49633240834575,2.79454531153485,2.0045910465172,0.731543358762685
5.12558565296135,-0.549397357437887,1.39321087977879,-1.90024062904928,1.86219746894492,-2.88410472073399,1.0665440888855,0.580294569324706,-3.09897446828483,1.88970156049497
-1.76818285634746,1.28296582844369,1.10661145914619,3.49835140741626,0.873607898151223,4.26531314289835,0.739528214678905,-0.438143091728288,0.361575664075458,3.9350986310721
0.990307799883961,0.803834776500725,-0.783099694456045,1.04605066952322,0.770139912842767,-0.332740857361513,-1.11679895342923,0.502649580220874,2.32685636915111,1.29625929228826
-0.599874388285392,2.4755810668013,-1.21396885399362,-1.06359834928356,2.18745760806754,-0.849255714265598,2.34163437875832,1.07262472769303,-4.76131456422898,-0.809396607975538
6.38914568772066,4.5405035509982,6.55987539193955,1.57249476352965,3.95332025507358,1.72636794655909,2.47090397677326,2.80036552118591,1.29373804267518,4.41210299879413
4.48598339135236,-0.387465336946969,5.43027619026023,1.91070931782428,6.29863765092104,3.67712206832429,0.929721536986592,0.143133534987897,5.59352848755565,0.598000814155479
4.58100630420772,4.0684724948219,1.85839068041568,1.29903131770281,1.77074234759451,1.65278634503284,2.21430840429172,-1.30831353705153,1.25536969864759,4.9315873552441
2.02055100885703,2.26532368423559,-0.367891876244009,1.79849464844502,5.58265295070107,1.78230818581762,2.97219859699014,3.56795335024477,3.03679187849698,1.98155891596815
0.232302566626652,1.77588010519699,0.762635257746227,1.72813344367624,2.12014788365099,1.83474889830129,2.49861738303415,3.85115140592893,-0.697587702784633,0.996383667122118
-0.207446665869383,2.72093622446121,1.24761767162562,3.27730630549066,0.718470967141695,4.15754766871046,0.870943305535005,1.54630177026676,-1.99535086955048,2.20561614780541
0.633489278160247,0.26339485095563,-2.36544195721447,2.30278638364004,2.47537489686711,-2.3161596524212,-2.50656324260464,1.52803880594468,0.992133631474727,1.23360125820089
-0.290917378864931,3.57636169741751,3.60751444678476,2.61311865825434,0.465503841874888,-3.50391047421199,2.37618459144391,0.739286481925365,1.15260282061523,2.14338289702957
0.912753863747949,0.891843424271175,-1.25215811740256,1.35709700697972,0.550165375288207,4.10737527895368,0.64836527369061,-1.79317660258592,1.67964538057391,2.45796162448025
1.30687335269675,-1.6440843146857,0.12703183321864,0.708654090665298,1.69928001313141,0.313236372205532,2.72799190276746,4.80065367681602,-0.712189812624092,-0.0673970204820504
1.07099273472757,3.34481760783161,-0.513282248982478,3.09621360429594,2.44074513010619,3.65328541703467,-0.761129800048126,2.32029582539458,4.14648973492176,2.49604212539142
2.1057538302849,-0.380364662734012,1.30997227236749,1.87304348050321,2.296422512298,3.31498351723819,0.806910422155795,4.27835109150351,4.19733573619951,-0.874255248987896
5.15102789800272,3.77036029186937,3.89221528103849,-1.45731126162131,1.82903608679131,1.61369303579404,2.49963676546176,3.58747360408415,-1.25768365417356,3.1844480341794
0.894548306682868,0.699711831394185,1.52341322758253,1.02060842099069,2.15681616290236,1.61683751332954,1.56081871182454,1.50715075359566,1.70531176668484,3.30644019751052
0.414046301927765,-0.391270091670187,1.5825438881403,0.0840674017092639,-0.449992759320031,2.01613710761334,1.22500251266358,-0.436587958695238,-0.284783076241869,0.359414037065526
-0.253330467851637,1.07442421835197,2.3132746655203,1.44208791426941,1.20200966955743,1.12846976456409,-0.830667569366228,3.97848029001165,0.193492074413518,0.122293854508825
1.39425636115876,0.599539188367724,1.29209549209432,4.67595502050402,0.309849278106583,3.4675028098614,2.31196433912005,0.279917728659009,0.174823154245468,2.2902026502217
0.299734988075187,-0.594064208856267,-3.04809162914718,-2.58734939169859,-1.16960725111998,0.70855636032521,2.64225826246726,-0.645541542076925,0.195724785402862,0.597856124173304
-1.46659871426229,4.21640637047326,-1.74091031974644,1.27554148378276,1.65149657265719,0.64463953626822,0.920320524428441,2.34894675514557,4.01500402457879,1.96352045755694
1.42546878332467,2.79871397112661,0.840284029574623,1.33857333774637,-1.00395094477279,3.20629840082247,1.62015298241289,-1.40893113384418,3.98945645508291,1.7119446192171
-1.2939835204286,1.06659726813904,2.73787708051453,0.265573326315355,2.05827556789042,1.34875093528819,-2.02526606046233,0.185939320308997,1.93682025507918,-0.0697827008142117
3.85903477267792,2.99248757338944,0.938033751932617,2.30523809177441,-0.832260377066792,0.55759604266883,1.71607182466621,1.60964897593446,1.48787811610532,2.42291266833141
3.41334324912073,3.91979521386521,0.035703390060724,2.90234683896753,5.30594433900812,3.36318837677128,4.62894186801951,3.88525064136531,4.44123982992851,2.437561367873
1.64195559201508,4.82255499862257,3.67659301442795,2.9336383285629,-1.43553615090742,5.68498802370151,2.1270574213317,2.04117939528311,4.00385251374079,5.42002037578712
2.77187659674722,3.32776683891873,4.81242373750106,5.94462655175055,3.37827764571327,-1.10725452506549,2.02200278247002,5.19758342453386,4.57816868019892,2.0340677096205
-0.687416599298112,-1.49339567419279,0.681819136143459,-1.44011982611763,4.20129865135577,-0.0201732355914108,-0.677735407283688,1.17311568041244,0.92902108257478,0.978257014153389
1.56685611967898,0.441800290958636,0.79561237229295,2.47987146882716,4.14088819236963,1.77473055883358,-0.474772169448532,1.1880724440519,0.169097207426533,0.211550252651781
-1.25170345272084,1.00695445998537,0.481512168606451,1.81835859881543,2.27638709917391,-0.660499497572116,1.71901470031016,2.10606120294659,0.963166652263057,3.08571683283939
1.85917583425033,1.65083885485532,4.10721273804872,3.12642712912361,0.35573928389947,5.45833024128138,4.51409332322491,0.862178350793634,6.61427503491553,4.27365908613833
2.86613961668424,4.21361624604605,1.4394654190535,3.91502085676589,1.64644612494652,-1.77881839140704,2.45156925137945,0.918338259392262,-1.85342483375559,-0.608718636105178
-1.31763854430998,1.90452219123714,0.166048372690931,2.45964100397197,-0.527612451141659,0.672064370140579,2.16745695848805,-0.795199681382602,0.0248379027860646,1.40864760082471
1.94331098333051,2.1625591670378,5.01738617349878,2.18072651045455,1.84884157917239,0.838620560404445,0.146090915470031,4.00879595501264,3.49394070594914,3.41365895942551
3.26090073537318,1.52928833259747,-0.0594781706631042,0.984045822458898,1.81675388296287,2.56404750908652,-0.164463867844463,0.341909745702061,1.58857302725526,2.47498276977077
0.831039929656809,2.35913444373954,2.65198350795011,1.04263972967022,3.93754867412556,5.04630989849517,0.0456342976854147,5.18108303984404,1.53817962297965,2.07434687432132
2.76360011435054,2.50988257102705,0.433228594918948,0.516139153953328,-1.25974093665292,-3.43720292639549,1.89452793778716,-2.37849452822077,3.70887455199326,-1.27767970584442
2.04364423003022,0.0716958725990973,0.10818465386681,0.14558263386705,2.20454470710772,1.52041629798883,3.4658529984371,3.705042001892,-0.151202876127259,0.594135609126368
1.73104034303426,3.50024792540936,2.92010117947572,1.2803274441303,1.15243627799734,1.02528691806632,1.06554137623744,1.4090064880201,0.285932442830921,0.856571197877005
3.34787426539007,5.34099983123212,1.867801816811,1.52221601610545,5.94876137521905,2.65682326482483,1.36466704980371,0.925649640824455,2.84944800524157,-1.23384662483736
6.66068524852608,-0.665275189575524,1.36991991483898,1.5533336747656,2.04216577801807,5.29903258442137,-0.0263760357063356,1.19213953267639,2.00637064240467,0.696634412303763
1.69164891490734,3.72034487772221,0.0666769166427341,-0.357459043608777,1.83227908265238,1.51876507457685,4.81828323332655,2.14134720686008,0.843088505442446,3.5666449947187
3.68842731298302,1.45973925726207,-1.01387991476419,-0.266641644939536,1.19853133696584,-1.48558827785304,3.92903446708889,2.99208881898005,0.273920280430777,1.29022746228701
1.98450929575917,4.88849325320301,4.66209131765928,2.34282389959269,2.33441575678309,5.33789593789878,3.07515669045453,0.183129460672908,1.51517661056694,-0.449988873054754
2.67355223238474,1.19021456566243,1.04537684298955,-1.28798597626549,0.145425873392338,0.0411324618704654,1.47587338591078,3.10328981116819,1.00121594173184,0.890982948691377
1.3314990263342,3.02218671790643,0.541916632231242,2.58936963331036,3.42020988310154,2.57217237818905,3.97070546159023,1.71155471761035,1.70187755144403,0.570958305857002
1.75834634816749,0.236862135518077,3.03010144908966,3.18010388844007,-1.38214218643207,-0.386608195464628,3.4164757578967,1.98832812251838,-2.48031504462033,-0.870712264075614
5.20891271561584,0.92094282276399,1.97466268017302,2.4205170593767,3.94840156582407,4.20490917930211,4.59772810144584,2.12293008295997,2.1238951923123,-1.19329540468218
-2.54070672660164,2.81381494285278,0.877543552265898,2.66858107995112,1.60123237151558,1.3961319282213,0.543489805750692,-0.117965699755247,0.524506400681475,-3.33800587342479
-0.695745397215823,1.69652021778575,-0.26637279143426,2.63445247110878,-1.20508739975711,6.23680373742686,0.935431456985881,4.55178065757055,-0.779540107828173,0.984336590366211
3.1321178898706,-0.697643572428401,1.11993064424839,2.66237081360653,4.95566022369245,3.40172826898332,0.499608189557585,4.12131124017457,1.96530210710591,1.56403031139829
3.67373624101693,2.42659208498916,-0.153970593847734,-0.0842447019407215,1.82124984867443,-0.579104452144614,3.83385079243056,1.94107580925173,4.34542489467926,1.10965727237945
5.74849132436941,3.96516664685065,-0.095491397028042,3.58051842875198,0.325052102304125,3.53520841756618,3.37805077154032,0.141738663615932,2.10674465332035,1.49031941950343
0.504096527266716,2.75977738843166,1.1078861462691,0.623790503290893,2.11000708821725,1.81342559597231,3.63437274659599,2.00936034562648,1.0815003352334,-0.034930074412707
4.71307262246214,-0.50952158282659,2.82724927431624,2.51941329682905,1.76861518984079,2.01432028535478,3.02653275396107,2.44479755391123,1.33996629158508,1.44504728107535
2.65125583269675,-0.070245791878401,-1.55647631921205,4.22887913738634,4.96846783732155,2.22234353961053,1.71190992020912,3.95356708870873,-0.620140931239929,1.93123508273968
1.12782044827462,1.3975055287554,-0.186898544899986,0.28346545459757,-0.0628440322495039,-1.69015570700041,1.22095503606941,1.31083270833601,3.08704733659197,3.42700653143441
1.03416227874629,2.41368226571487,6.79663183423879,1.87589242000631,2.62305777760235,7.99480299918734,0.514233505739204,2.24758815327881,2.62946249967893,4.8475687411615
0.0285980878468508,0.638012324319121,2.09481278055415,4.67028180337549,2.56437514699767,1.46820314615669,2.51129682252477,2.01520880556074,1.02685762947786,2.32482986731095
1.85100509701005,1.34014239623557,2.7923913815135,-0.922209585451388,-0.915341588934502,2.72059043408138,1.31948645853229,3.56655987198294,4.29703282676397,2.18328069269264
0.175528883633244,-1.43475904658195,1.29386333437806,1.27196990789892,-0.328052066627251,2.81442912113502,1.93755098405706,0.927495386345036,-0.630121995189219,0.595409190850583
-1.11749415211771,0.992704413824591,4.05995535960248,3.93859309038296,3.74961972753519,2.34785129704707,-0.385709004171974,2.17917135570201,-1.51555022588098,3.1145675847935
2.52359154797646,-2.24076223251183,1.42931058270155,2.28267580192257,1.62435421956547,3.37212968218889,1.91182529924553,5.71016529434036,2.12026332301076,0.667111634685015
0.67917991171848,1.46892881619632,-1.2951667793443,3.85869677865215,-0.929661088355345,1.26273498514371,0.557858912686821,-0.121799550476152,0.827159054389937,2.88517566744151
3.91416132489532,2.87739374016723,3.38312941713408,3.27346687800634,4.42036051948193,1.7765628227301,0.314705987660389,1.56081290750951,3.1144672164077,3.35694858240643
-2.07879497674827,0.738130193815528,0.868370576465234,-3.09384454070842,-2.33636528937252,-0.180752227133082,-0.915790458870687,-1.08426582260649,-1.02175302780812,0.798342768771584
2.01521711600839,1.63611683834827,-0.11678144380967,4.05062455584706,3.66974133904284,-1.05023668777911,1.91760041042279,1.38719041579448,2.3877503645256,0.183114251760194
4.93910365579292,2.18545898725683,0.706676567560277,2.99091793016254,2.31841124304589,7.2051238345412,2.79777460700971,2.30193104634486,5.71544861544926,1.04121832068373
0.664385482830655,1.98770113909783,1.47221473465945,-0.230152199254968,-0.870033206644032,0.250742477607106,0.482152035625351,-0.18313811600708,0.19863617890068,4.80018261034868
2.42454902305857,1.32080378454206,5.23015172897408,1.72288997794189,1.69182075796101,3.38329788298133,3.72383299738604,1.47601910176103,1.93899682302421,-0.392607231754994
2.19932305499545,1.20082902476349,-0.719745829416372,1.81561879941463,0.707892222424732,0.495651516846734,-0.125862549824794,2.44582772597516,2.75360559788664,1.4035778434734
2.20775459634412,1.63467075968318,-0.911345017622456,-0.31122958838912,0.616626695995445,1.55482091724492,1.11949281368701,0.554832163515915,1.91624285564327,1.42798476750485
0.917222037615559,1.34969637196214,-0.363344481577427,1.52050881679954,-0.34768129762373,-1.14610852383704,-2.42334782094597,2.50740461924585,2.24086244243686,-0.0478544559364456
0.603599638326699,1.26616611920738,-1.51470838823066,-0.470359394017278,0.307011180093826,1.14776389407441,-0.652798588969121,0.231365346123136,-0.946821212817954,-0.568194743160239
0.389572891998521,-0.981515646665163,0.921769258636236,1.0266252396674,1.50334556234082,1.5946013090133,5.12425452232212,1.26818302910852,2.49829141136043,1.91589650651185
-0.174924495259912,-0.918720555395554,-0.0156026210228241,0.422267490264892,-0.297913568015541,0.293669080867644,3.83434177408194,-1.66007068954434,0.874786696123228,1.71853719864286
3.77527517244267,1.49278142326953,1.84292921908857,0.143759216209767,1.68786818065566,2.11096631257724,1.47873166025263,3.01612281239361,2.8386452426468,0.938513300629494
1.79994165646431,2.10389353589675,-0.576147825920678,3.54498559038475,3.60285227469539,4.92747254110717,3.5910075951776,2.1654192500134,4.30510353987452,0.266088438029186
2.40180118141248,-1.41292608395905,0.362291962903887,2.91873837246925,-0.121490813118621,-1.13605089254273,-0.360227876424793,0.856836424827626,1.33247830957602,-1.88827980767154
1.26393996861327,1.56115727762788,1.29663851915069,3.96223330295924,1.70225950575192,1.5499777482729,2.30869102501006,2.8186625750219,-0.407963976959178,5.81729356030514
0.229834907880193,2.0442503357438,0.62541600615091,4.42525941406191,0.241964153873384,-1.45103870557478,0.899452592868155,1.86870539592478,3.50827327948516,0.318072588932025
2.68369214991513,1.46850057948888,0.128319363913809,0.477402997868583,1.39332247910759,-0.398851914267199,3.25775632143865,1.36535855655477,0.945319801834549,0.859692311274239
0.524788822419463,1.03576622242008,1.40963847867319,-1.33391211724702,-1.91023526066703,1.79794856973465,-1.73387659757866,-1.6398835971746,0.165550833578759,0.833575829073263
1.06164268342205,-1.69155401097523,-0.140247968657221,-1.48036578035631,0.756927014498804,-0.238367050009258,1.35543710667302,1.92595399588761,-1.38348863632022,-0.984306151120684
2.82412570053085,0.0932902731096544,0.98798268074933,3.23555827865325,-0.866743182241802,5.82279069867832,-0.519158660324404,1.50800651262865,2.04542476598722,1.33374649937558
3.80573613821757,4.43188205118157,1.42030648169966,1.87002627950007,5.78955083476576,4.47249927047104,3.68423013917639,0.937610973363751,4.11912658070642,2.58456138664303
2.85013467717224,3.24777755098468,1.65082751939711,4.38769380605404,0.826184003089855,3.5602696616061,0.807283162715453,3.74276020803988,1.8623979276763,-0.559554969579319
1.93418763351733,2.4369994324262,3.45440511469392,4.16191199189838,1.87425500732648,-1.01493709899282,0.379643236620915,1.24218976681703,1.52503237858071,1.72802995214169
2.12406656327792,2.8997154934265,1.75272950364775,0.0470844844945257,2.12993345342306,3.76738119956931,0.224152699982935,2.92586717950734,-0.70671225894087,0.775660030948814
0.307533599133587,-0.0943908759246388,0.877033328840294,2.45936575608822,1.35554616470986,1.72610363186634,4.01463041734023,1.7825941144008,2.94470319338797,0.874815151923813
2.52746082906475,1.61349696617344,1.3421135209479,-0.195752190814002,3.1787023645899,2.74652325652151,1.32061861351611,2.75706755466205,2.49831460713546,1.75270780534632
-0.268035598082315,-2.59795892718755,1.97303795103375,-1.15101449355581,-1.6970711555261,2.66194466569169,3.63269467765079,0.411039718258976,3.32686280503269,-0.69566921349018
4.99406166216216,4.75112990865084,1.45409203961967,2.78225862423808,4.17439123144119,2.74258442951564,1.85177422479578,0.0847680335553118,1.59173359048055,3.36135768339824
-2.37858466898561,0.288079337170933,1.21426062824687,0.287476469643034,-3.81228974202649,1.5717533291704,0.445878342616779,1.2431075694278,-0.980290228832844,0.062146120800753
-3.61788826775604,3.28394690372686,-2.30293014484764,1.81018845747311,2.58656874769485,-0.431297436748443,3.18922113503419,2.36310944215912,1.78224884220765,3.12191129430168
3.66288083964877,4.05964320651725,4.32758793380816,0.0851918418713078,2.38301910619108,0.51619658121216,3.4596188328401,3.67720079344871,-0.384779986309928,2.01918708142542
0.756887858022984,4.28445692697522,4.39202787187877,0.789434090490877,4.20030512976621,-1.17516923185071,3.42350431767693,2.84661825046894,2.09415062720735,4.09193389953038
2.60385824985649,-2.05138280006192,1.69150813684722,1.15963856266768,1.53765170705872,1.73724923783762,1.63416195574215,-2.94474765131083,0.116847568083507,0.511228069644839
-0.463674654008118,3.25672812419761,2.37135994995774,2.05887456993514,0.537041439981674,1.1324332440404,3.68511447155511,1.28906467143008,1.2102724666769,2.99649783167602
3.92420076270691,-1.20473145661498,4.32780797545887,2.83451411243833,3.60809530777076,3.82376232619082,2.36295879286008,-0.295235014530938,1.94748472405207,0.993362509251191
1.96248955952406,1.6471428994165,5.9125521458399,3.26190890438944,1.1422311707748,0.994194773479816,3.7016285005729,3.07058941223957,4.912761970775,3.32988803776544
-0.505185643338772,1.69810059850537,-1.60442595208462,-0.00954947505633608,0.744712287535125,0.728094482072007,0.908595680659077,2.08443234271969,0.609921344535398,0.569487614949628
4.05941627890182,2.7140191605873,1.77455818237408,0.48404524020487,-0.392112836350745,-1.12933270309985,1.97344129062541,3.31419986157443,0.869233354406242,2.1763848780452
0.19388224139813,-0.142552293725422,1.04233733928002,2.01457250257914,0.169975670486908,2.18964721081192,-0.711216599893659,1.23258123948436,1.67970886102397,0.354152565437082
5.50616888156765,1.50725100930781,5.49143687616082,1.58689675645521,4.89407109481383,0.610575739937674,2.05485426051548,4.12894220674609,3.93840814030391,2.70238409130117
3.19756889948178,4.14661370230128,-0.353932903325406,1.30807340990305,-1.04143587055157,-2.17460949969605,2.61402725869048,4.05265041247107,-1.91271197995816,-0.547073604776557
1.67411108183796,2.89982532315306,1.13128438676885,5.46948961289298,3.77420568815081,3.88235349676659,3.79669128598565,2.39158431458606,3.39448840821796,3.84744051204622
-0.550968532228493,1.23095738905966,5.91977942224258,3.39917143704326,3.03780166667363,-0.101882652279137,3.52187489902797,2.17856287475423,1.4371095532065,4.3404748068534
0.49375852554593,-1.68521383955075,3.80325180652232,1.07777044870681,0.658618406909937,3.71396968068495,2.97923559734335,3.42385204410032,0.269587715892978,0.383192675030129
-3.26984562569471,-0.858538333079036,-0.274892816151215,0.0223394690097276,3.79682202453385,-0.488556111140239,2.22969026398614,-2.06883968228894,-0.437506963375778,-1.62154278937249
7.08073433542777,1.14931215435643,0.978111362527954,2.69512988958412,3.4911461710958,1.12210145281275,3.05574103996884,2.33628694450776,2.24621587354864,2.78107770774315
-2.47866505140471,5.09508464047521,2.74545087577329,3.29938764419825,4.76489093842332,2.33943805180481,1.00512421501036,1.77287541247584,-1.56648304556772,5.59423103099669
3.47041882105847,-0.609278240730438,1.33286226959312,2.64836856997881,0.849352953419944,3.18497292782688,0.515292629281362,2.20177356045313,0.296058109990909,3.46316543976345
0.335531238499594,2.27364786200869,1.88325802255474,1.219820688127,1.97065093578683,-1.26308778138261,-0.317913686458491,1.37107393694512,0.710105421083424,0.0815510214228593
4.0356009518354,0.972841385097535,0.583240054477023,4.27684638228012,1.16045994870236,-1.69848779218028,2.79063695904482,1.30208567439799,0.73392587959775,2.16845320706977
0.548322246156565,4.35237935601302,2.97643291084196,0.798579441392365,2.68008267420333,3.01504911883078,4.75762612925812,4.00867428506407,1.19125697725853,1.10480314039924
0.289150088043245,2.58963743553548,1.09501870528919,2.12855160708913,1.77239008354212,1.01016598701148,1.42895851476562,3.20723224709613,3.39762990444182,-1.28902535798467
1.46209725991554,-0.49763073499726,3.58576340195641,2.06264325101923,2.92777127978295,-0.429300605795307,1.73088275362273,2.03031377648996,-3.48277905163588,1.54308046647682
2.42818275480681,1.75700854572602,4.02438362801,2.55437005850477,2.59171194358093,-0.248346251546644,1.73534357255187,1.68081880266839,0.429979994023091,-1.14866275567882
-0.93205547677559,1.2656073760122,3.18316237034786,1.58815835761057,3.27598743801036,3.08962669237083,-0.0816122333843616,1.90262183361728,1.05098196844381,1.78375409628068
1.84136753322711,-0.935395690752103,3.54133679059886,5.39050796943861,2.84338842859313,2.90001392990773,-0.894866231200212,4.85392721350421,4.98003406374291,5.30022759297753
-1.00841236650722,3.55928634782978,4.31179459575748,3.19801201389634,2.17846640813195,3.38550386975325,3.37781245446899,-0.327619474198698,3.56467697115515,1.92218373982129
1.77965654758197,1.48811247432268,2.55907573415968,5.01324890644913,4.15484776798629,0.213567387912358,0.0641222674434823,2.21860939974813,4.60103742604849,-0.0397633077672452
-2.57097665805288,2.1754270345664,-0.833395798037193,0.853316232025354,1.27832533061645,0.557791394058212,1.28501377788046,2.39200917228545,1.93755171022096,0.412819046185576
-0.199635392211016,4.89713901610155,-0.766313931730713,3.1646120307975,2.58221937105213,1.53477649122969,-0.454570547230641,-0.169778986086461,0.678624897571809,1.05024569128036
0.589116062636553,-0.519992273104842,-1.96130057924443,0.487335684295279,-3.15782020927446,-0.939341360024043,1.5248082113506,1.51378110997218,-0.361410036379271,3.56944700296243
3.35770750967374,0.635319123101843,2.72451787488393,3.66476732741608,5.75423697752161,1.69960130333764,6.130223255763,0.532357867612612,4.36708647001196,3.60787963660935
-0.0398167833735323,-1.429314237304,0.500724064553817,3.09536556876092,3.08479827529483,0.358376840375702,2.43176727587732,-0.177916285446832,1.15287861178266,-0.573665996903837
1.4238794338581,0.750611104025947,0.276417458924029,1.95309900396075,0.581756682684694,1.06731428171049,2.82648342013434,0.406898259378106,0.281144914775599,0.572593273163865
-0.733845555984739,1.44250678055241,-0.931868378575283,-1.13662795422826,-0.591227792905395,2.22887090158213,1.71079903198993,2.26211783635446,-0.450736829350652,1.41691571778687
3.52077175339112,3.11014157054283,-1.76399831035042,3.50120867049458,4.02237251935632,2.50034966097427,0.338767299355063,3.7727768166616,3.25673437599201,4.66102044241163
0.471785095268903,-0.0320073334598228,0.156808375251437,1.6297047648497,1.82074250453292,1.79585599540983,-2.64682539135973,4.34058443885975,0.0148477931287163,2.75882398751106
0.487744973648369,1.97494465058214,1.26616939838965,1.04371716655882,3.01948503295123,3.37906722162273,0.729402680966508,4.17749898262838,1.8840790324749,2.35940707822751
2.38591876558755,1.29088565125765,1.03516094952877,1.37239671349778,3.48270095241506,1.35314145880983,1.79040771758657,2.40378619100238,0.226273343502057,1.4837395583007
0.039344268776524,1.68061748696769,2.76568154324874,-0.562497621191487,3.71321814577352,2.46201951793894,1.75168341166644,2.56715367841447,3.89636017294989,4.22656622638519
6.02925495666405,4.28262767148595,1.56087339035568,3.01469090475576,3.05654091277219,0.350503669051856,7.22444482770294,2.34837897870502,1.92851942657876,3.33959554680942
2.55685751146541,1.58791331109911,-0.345732896425724,-0.673121194455023,1.12176407910046,-0.29821809039475,3.4140852087616,3.794233542121,0.699660728184749,-0.01415370527251
0.3544870378231,3.29442075527059,2.33880852905444,0.823264303799446,3.44605713587105,1.85776642679195,4.77064941269921,3.15848438820459,1.14697237988084,-1.35895087692436
1.42879606871171,-0.202157521552088,1.86884901397663,1.46139525935019,-0.68190450812805,-1.04611763801159,2.92941355874589,2.97846884028809,-0.512021629000178,0.555157405950395
1.59180343104031,-1.34663546773171,-3.43533491862925,0.129038787764046,3.25953870184757,1.04830394688871,2.9147315165789,2.14190117412252,1.84603072982626,0.78234225985423
1.82281772353369,1.52918669927462,2.1101162436253,5.05800372562882,1.79703314962186,1.84428702290499,4.51258839317073,7.34750911528122,2.50731017568066,6.39666022583114
0.688411461240029,0.856588226426622,2.17785401481961,3.4706769694541,2.41571466809441,4.22330878114558,1.47879125283119,1.52069833833553,0.758367324174633,2.08397513754959
1.26196859523786,2.76147009144202,0.448122400106389,2.80509835632413,1.66977407582609,5.07779242158211,1.75295798422848,1.30983627546354,3.46916923200053,0.814283619276575
3.05902495464267,-0.159844044759906,0.925494084230784,2.23639230264741,-0.507595860121901,-0.763502360321786,0.161782194220224,4.47640338158802,0.0198654339532861,3.01881128897413
2.00525915026649,-0.263418781501056,1.20793181193715,2.60451359941098,0.761984492929635,1.03460732605912,1.26301006614477,3.24381366812426,-0.982307352995389,0.681113978848278
2.65384307254244,-0.374925628600135,2.92281664356705,3.16092474546111,2.98063299495915,1.40194332261397,3.96963689104869,0.0574477237333084,2.47879998968488,3.8905606585516
1.45507043391907,2.79957672477104,2.13768750711969,-0.611881878527509,-0.343714457547499,2.21089725854747,1.51141607263253,2.92194299524912,0.674785768925036,1.816418637633
1.42180481511723,0.497929338109895,-1.05168035502483,0.246639648751026,0.20370992542785,2.32086692464606,-0.472397361195502,1.80299466262122,1.28194658579428,-0.051086783665502
-1.67438283353993,-1.28869163072826,0.723135326880268,-0.539788603727911,1.1079936278743,-0.0339438678727519,-0.308735151838448,3.85514942968939,-1.36377569397034,1.58741545485646
3.15274383862153,2.17645411959336,0.897088255434793,0.479098221426712,1.0402980458985,2.67507289838049,-2.33494107712303,-0.397218363338263,-3.18716856975245,2.03517783737751
2.55148796837149,2.232155337002,2.28781535931917,2.71511254470598,3.94080677179055,0.87243877936518,2.32839714627803,0.224386040854156,0.317483358885002,3.24793934446241
2.28317162409132,2.01853815007448,2.73654248603651,3.52341316559524,1.51367376934442,3.74750802374947,1.86445427368766,0.21016434262228,2.24211494021569,3.69871354420356
3.06935594799232,1.95963400203581,-0.442205152671801,3.58112337529151,3.47974110348148,2.94974555338864,0.495193487828827,-1.88030367709587,1.66587590265668,6.14277596621841
5.17566267538308,5.09134930764047,1.38248818388716,3.39775039167908,2.18552009096038,2.51780685468308,6.75956699354013,3.04557977984015,3.46260853361158,5.66449876699771
2.74864540872703,3.59553932664975,1.71648799669302,2.87270032493906,1.34323913363959,1.52086660754033,1.32126413308853,1.87195827706672,3.04685507736247,-0.672647907789463
1.18876138912024,1.41667145656899,0.560199673834278,2.4824933715914,3.7560580636748,3.83744531820853,0.767273926689964,5.64656217460092,2.69836073252814,1.09505371578216
1.88039253659583,1.10060759097314,1.37772368249549,2.01094987411761,2.9418029166239,1.7532394707462,2.49913935041538,4.24974333040743,1.27029495989792,4.03915871303972
2.84584967356809,2.72587608325879,2.94832604131835,0.838781552773098,5.50970364619912,7.2565432140631,4.60863914726298,4.38047113049799,2.48104738368821,6.37788382611597
1.6936449258249,-0.320532011056938,0.442994011814264,0.528596753038724,0.345566564268942,-0.326774243359127,2.18600555642173,1.28592287372093,1.80125524821512,-1.37075951110602
1.01225358171252,3.55324040744685,3.99510909800993,4.06126202447206,-0.454708448559777,3.20191734660086,2.07882481637093,2.02083905885242,4.49294275093106,3.71155928631007
4.18301901279023,1.37359417436308,5.11324687368332,2.15817882581647,3.46253718939301,2.72227092462684,2.44175317553364,1.5277537978774,1.35749434185989,3.21576282271328
2.43295295569368,4.53876946106573,3.29652072261753,3.48147188890337,1.62724516968933,2.94798288527236,5.07779702254361,3.73791673407448,1.49600674127486,0.896719128415438
0.0451151966301343,-1.30682627708935,-0.710458582606647,-0.930762540753522,-1.39956020217206,-1.65984795388288,-0.0262573338216905,-1.15127873523562,0.969767475253385,-1.45398223387633
0.927682711282281,1.83052708239777,3.69173343055553,1.88801054272199,0.924007319577932,3.58693873183925,4.99634687630759,1.08374501994297,3.65837359508262,6.17659128604036
2.33627541839978,0.150979201601684,5.33789683585204,0.189336136671387,6.28685584865152,-0.463325470162242,2.75766682709985,1.92079510456059,1.11766109425894,4.31377745881913
4.58541272952724,2.48908233476793,1.7273588735703,-0.240859543970988,-0.688855765369657,0.406413293268915,2.86932384461734,0.411666171964689,-0.634815706242036,0.542972532666855
2.60732241103407,1.92340734659731,3.41566375368398,1.26188197444429,2.16509791465848,-1.06240602257799,0.549225517269884,2.12464210155281,-1.6995515086998,-0.812229322652291
-0.0760826924118492,2.39318810435077,-0.72768591972791,1.48405808841611,3.96839533086976,1.4950428411167,3.93229187572919,0.277960614339859,1.64845860879108,2.24347660141905
0.377500256415768,-1.61020665563594,0.0495821892712404,-2.66782679356132,0.966478197538554,-0.762945123518228,2.7621885671259,-0.855770597193905,-0.339940059591363,-1.91578570461493
-1.09081121628723,1.71455435165723,3.84960711972994,0.546290160734243,-0.459956074398522,0.438382041413075,0.966503934020368,4.26420897133087,1.30893263449705,0.407547515437973
3.70410284023373,3.41178912136156,1.08716807579752,3.55736097261376,3.44706826714717,2.14665464141346,7.1820052683554,3.41979621123998,5.14485100562838,0.955987294788302
0.153300226969005,3.73427605687086,1.32662298625872,-1.03004395028759,-1.37812038788902,0.975173305993395,1.2715902946929,1.63634046874513,0.17341501741261,0.377587336939603
2.82169560361659,1.35913975096943,1.98795376711862,2.05496239212701,-1.50066233276434,4.01709981538889,4.558046134622,3.73157966696408,2.05238873827458,2.58658680723263
0.360400639743705,-0.909749556800978,-1.83929121065758,1.73392195550884,-1.44009200156888,1.86061971481339,-0.674270486316612,1.24694107562617,1.82977695535836,2.04420423385092
2.50950335620371,3.09197623040391,-1.03939108166414,-0.120607812599178,1.69973980913298,4.17898479941214,1.11202881801771,2.85896896968599,1.81601739520743,2.70571433783096
2.48240184772848,-0.759784540698794,4.21043660745775,2.15516911493861,3.90339783224303,2.11857047416727,0.252954864287907,1.46736702022204,1.94540655117761,1.29355927445338
0.783386778102634,2.71978187055066,1.67623427694118,-1.33378858926083,2.30425695798052,2.63653831567058,-0.804822366420433,1.3026197090485,1.16459245924253,0.187702667427431
2.95293711044243,2.96150487618793,1.56836689544576,1.18658249768239,1.69553703024165,0.133798923515282,0.883910647750262,2.17908497791197,0.963725639277518,1.57734036867501
3.29601542546087,2.56939997665477,0.835882904036498,1.05591398286293,3.78696014301456,0.750284475759611,-0.242443285070335,0.0262038164071285,1.85319615471051,2.30440058777584
0.645833053975698,-0.126671099351077,0.363104960876505,2.34896625753011,1.28465648999083,0.974391159827277,-0.48124099981036,0.476704678628979,1.08683580718277,-3.1060937267049
1.96061523740791,2.68950723021816,0.176515147021847,3.79779570407506,1.14783023485046,1.84113960227124,4.44071799699207,-0.421012291997899,0.36120550568942,-0.78896929897054
0.341219625900774,3.35849009530751,1.90031320252749,-0.897122389261758,-1.29929088413115,2.82701981339752,1.51657192144357,1.14276803363126,2.88934972347936,4.55090647467087
0.926182731398292,0.661631029381904,3.30705300248298,-1.09055106243588,0.15056897277456,-2.09248971914989,2.08119443048764,-0.839176065107933,-0.127764163352597,1.64861689034422
-1.30345819447459,-2.17210020277291,-0.354843231574764,-2.24781408138112,2.28357444905342,2.4742483978674,-0.969063560760147,0.199887493364231,0.58496894312409,0.017315293359826
0.752642594961508,0.216396904073677,-0.943644463525167,0.128769402837792,-0.189625624603993,1.35014267066079,2.09235129347319,-2.01010023450843,-2.40455456716878,2.12096600428135
0.136713599777616,-1.53889247558482,-2.65082703042135,1.73939736158437,2.68751427069089,1.10204883156431,-1.26923607132337,1.8954542967959,1.49065139026693,-0.129816981254809
0.573245915076113,2.78880789084822,-1.25790752003363,3.28747962493672,1.44618083599359,-0.0600415681686108,-1.46050997361493,1.0854176450334,0.514420568168843,1.13298581660686
0.0215165299056608,-2.7144955341281,3.11807546143321,-1.31328671498063,2.67281440665233,0.681475598739273,3.1854989612361,4.60520581548207,2.21512852850842,-0.937678897653714
1.32839670444962,0.822066393842115,2.78380957517521,-1.90397937783045,-1.45383829996446,0.0966396133893306,0.87326722517989,2.55052002545113,-1.65351981095276,1.00725858341066
3.30124682896876,5.28851425399552,-0.137506253938748,2.58293688809686,1.80938770255691,5.02474093813565,1.28939500507232,1.66681738189057,3.81778574586219,4.80013083334504
1.97157958601398,1.78094750652156,2.52325470550785,2.22111892629177,0.913527187482392,0.159693785544677,1.67151705051315,1.9842493993747,-3.36684100027716,-0.835649086300984
0.20676915449201,-0.631925369285491,-0.521518752119108,-0.472921489839509,-0.342743493276141,-1.58297412076645,-1.17584360321867,2.33526208322774,1.17822466224546,-0.61496590673099
-0.63202471132123,1.68751512632246,1.74899905649889,3.18205572276222,0.119720136736514,-3.20822590742887,1.32891630337903,0.371680482895053,0.462948760840159,-1.15428586556467
0.337941557281095,2.26415451347577,2.41139328352058,1.941148460939,-0.304281527695919,3.19719037098484,0.509111876294178,3.3738178720328,1.35990819647584,-0.288561068233078
1.74460978442418,2.29785074509548,1.11150566507387,1.09460833502354,3.19809745428442,1.50876198274057,3.69032327474692,3.79947877382832,2.34629802476607,-1.80533123243129
2.99080387971956,0.479400224340644,-2.55052372400295,1.71649131569947,1.6693740269632,1.96033220994235,-1.15012882837349,-0.521233843050029,1.4080567699232,2.11483467910948
2.33377780884243,2.0740260072322,1.37350725850911,0.165620902662614,1.15083289851981,2.85501411524478,2.23247637689651,-1.20587979880935,1.45262727929641,3.48234405603522
-0.985291840033866,1.2881907873426,2.49827450821196,3.27690793862612,-1.33659494356016,0.725643991967043,2.59641570596596,1.49802203742168,1.86716890862985,0.870959213630557
0.213133552959779,-0.827197348279011,-3.58063213392745,-0.6983156689767,1.58568980105811,1.88558276308346,-0.710735532832459,0.164199750388855,-1.51414650395714,-1.30115135835366
-2.86390506905775,-3.17236409375151,-0.0418165049951215,0.959678164470345,-0.0784804407488522,3.87423407157132,-0.256840492696287,0.535265118378098,0.0835833459017466,1.32778419276258
4.56796603121672,2.77593042656677,3.06375261774392,-3.40772978247262,0.757900473036281,0.530939307712138,0.215365427684494,0.391582887690471,-2.34535335710002,0.188859523675974
0.34415415728397,-0.0307168027179217,0.503517961612876,1.05244291551715,-2.02250093172271,-1.0937158817167,3.48245379161104,-1.16426271415931,1.85748078102965,3.87371067458863
0.602874753822775,4.44725335261241,-0.217132557684578,3.13597288740224,3.28228991230913,2.29003261693421,0.889461128144792,1.12019945184699,0.689698474188101,2.77133358434219
-0.81396161015254,0.816345052109039,2.54549954171691,2.23329490835113,4.18717634464328,1.42618364677387,1.84527643981395,1.33156664409786,3.23763905900009,0.075586609332444
0.735125083936804,3.1505426161914,3.49099906434573,5.82852920464703,2.97187105056573,2.95757668870755,-0.0196627836296202,2.12169547865833,3.76697494959591,2.17990868941741
0.34278385476609,1.00469235239646,1.02568968033244,4.43439355339869,2.30809249751315,1.81559655508086,-1.45004993802287,1.672540323965,0.259808372536965,0.928313246598044
1.75889787467248,3.16461386839519,5.62843066838937,3.445742408855,3.32005803205974,1.26991780409831,1.98804816299939,2.96237692071998,1.23027532575496,2.66489870128636
1.24632769192592,3.10490794235123,0.0949258249769859,1.78686258941784,-0.107108898187752,-1.05629664970274,-0.44627187664435,-0.481124335973067,-0.140309092765781,0.939939632577363
1.3747908434739,-0.327891977595791,-0.956760435396343,2.60957173341712,1.92798481265547,0.589142957689456,4.31677670443142,1.41229237352505,1.45066195873899,0.708878095405672
0.0043574653914159,-0.401809813698038,2.85764231326737,3.24714514352215,0.521313641755044,0.572205196157134,-0.503149903559556,2.11105131752812,1.436107953883,-0.678816822680811
-0.724283594767978,0.251625273350146,0.407376580776528,-0.315211123380187,-4.86209283617384,-1.09694575642785,-1.2277624817404,2.60947350431599,-0.527313840269614,2.65173529933142
1.92132338287639,0.633054491321911,4.70794673556209,-0.62477307547033,0.852290033598758,2.04426390041399,-0.768993450331995,-2.95474167810552,-0.317228303730783,1.88686960180592
-1.14335173316051,0.95660733510021,3.88453982837608,-1.45306059121274,1.02444878243902,3.96034044714972,2.87837933386093,0.612597338276707,2.38337963933105,1.07882961357197
1.57564652926116,0.593915974750324,1.45599312193235,0.316956519777129,0.328472429016621,-0.629326131517906,1.98681897848126,0.827147194332464,3.11874414570621,3.74845615459813
5.46695942596905,3.22643372684838,-0.58374006523271,3.84479895873729,3.05503029169788,3.53013004212053,3.43653000207902,2.87924796492035,2.57767434418643,1.49100361449674
-2.17564147873613,0.06168822376365,5.30593632391085,2.80267984640878,0.510777059651485,-1.95753265137751,0.837048421132465,-0.187647891215234,0.947237834731297,2.28021694743196
1.36503851033622,2.66122340443903,2.84723213647742,-1.44098225495901,-0.426717947523783,3.10137520035356,1.941813016311,1.91966865117046,0.210987618491647,1.41398449692668
-0.81305082976237,-1.14949183118712,0.0395239925095119,-3.13558884574304,-2.89440936300225,-0.0493499472436895,-0.580009555299638,-1.95694407507272,2.77546958596999,-0.556735454245594
0.18836945798773,2.85721096916961,3.89904567994589,-0.825222544144576,0.869711741779546,2.97459050980838,3.33854715178452,6.32517184089438,4.104498954578,0.790776150660961
0.310797147950131,0.756091458059478,0.103328865453699,-2.50528000987128,-1.16097793984423,-1.46569441571363,1.85335298551089,-0.942443287104396,1.25231762667783,-0.336017476920979
-1.87277520055111,-0.764736268043713,2.41511136063179,0.127260913560534,0.751296198265448,1.96377598349586,0.929346537605754,2.43324508035864,0.6031606279082,-2.08506073303762
-0.346791103351523,0.616166533999057,1.97072847339236,2.3134489024145,3.19581596616396,-1.58512532339746,0.691731705948574,1.5927447517018,2.61665237562369,-1.21776353644744
-0.295317676375633,1.90978903170391,1.3184540330374,1.77989704637288,-0.474878683391719,1.53355971891439,0.298416208792661,-1.25047543753411,1.30113972543478,-0.329667033198809
0.778539500464377,2.76719230068532,-0.352254140281101,-0.222574870125474,0.511742730104675,0.538981283741603,3.26028633035859,0.447163087527232,2.77981750753781,3.01677394187778
0.595008369077236,0.328753245565275,2.48048061761216,0.682701922365218,2.98055168056761,4.32775466570098,2.28881688510363,3.87686029955819,-0.0886575343852143,0.352930550467098
-1.07219308501579,2.36965195328773,1.4682430225732,3.26062493213198,0.300534774269695,1.49870839261414,-4.5671357417162,1.3469305902784,-1.88800336848156,2.13403327684437
3.71939736606012,3.36961640173802,-0.316641608306509,3.95230198413853,-1.06498732504924,-0.880185241621497,2.15285932059169,-3.53976505959144,0.909384705109834,-2.19933621629405
0.741300938375657,-2.36677764088212,0.892274864726587,0.925820187228264,2.12554472213441,1.81115116273908,1.09735621483178,1.28140463449997,1.94637100279909,0.422170412960965
-0.825550787198114,0.683480673139067,2.39302538396987,-1.04262774067931,0.943835818399133,2.44159475257563,-0.592287919060923,1.14705475750282,-1.1312715549745,1.1584454791047
3.53610875990358,-0.180452246650251,1.81981158107978,0.569949120136895,2.49432711914612,0.694683989630515,3.87655550442039,0.985338100173739,1.14714011735726,0.854143502556197
0.750319768904235,1.14035975618342,2.90345163417894,1.28984079795965,0.225760226410751,-1.24344700769871,1.23574463280757,0.713496331357161,-0.652131643755125,1.19375873486174
-1.04764694624408,0.802110992899855,1.68156410035563,2.20414172052356,3.26995824543944,2.80378364523796,2.62413864313561,4.34196831690432,-3.59132322323893,-2.99692591273006
0.572712575992079,-1.18709093326843,1.69532977004517,2.76248572926322,-0.726509556431333,1.54428389571493,2.21751097772982,1.61528832967655,2.7661062088354,2.37527071078228
-2.50310657235662,3.8472037048055,-2.63992067241871,4.86120412948774,-0.281397463661841,2.17391238435689,1.97575961649304,-0.0264145426202482,1.45042067998466,0.574124263099757
2.15737754381903,0.343607539615212,2.26201761683365,1.97769362113176,2.9883024055932,0.839681393989604,3.96623918681862,4.54182893816371,0.110546864492829,3.87942823557306
1.25260555030185,0.671991268477091,1.90087914428014,1.13843215544353,0.82231937383763,2.04206365647869,1.6425253649399,2.86120943634589,5.9057913009499,-2.47972643336007
3.25860494015584,-0.109627557387165,-1.26188449019325,3.98558056280036,2.20685271358743,-1.68673296833876,3.83476087090478,3.95352041100911,3.78728042626546,1.43893478475858
-0.12786058368133,2.24976478958741,1.13839335345799,1.89438305386516,4.38480288336808,0.157515616216131,0.801055138249242,-1.78164533974686,0.359410825483397,-0.0686116162524801
3.21082209837234,0.290164523076319,-1.34904890062145,1.29560133583958,2.76286107351776,-1.48330093764129,2.73815019692352,3.09748681656823,0.36484972850287,1.41331456346133
3.04152706471019,1.60349991372557,2.07005951675808,2.02925916441865,5.40331898931201,-0.62099073492726,1.28554557650743,3.67568965738392,3.30947633602359,3.70406743694793
2.88836739583882,3.17707174880928,2.79146722672054,-0.940947258199312,2.13897602346771,3.82507594251331,1.5302745141815,-0.087562801490467,0.323056632602361,2.89649258471419
3.09485682092825,3.38252621174274,1.21526354881923,7.02445618713402,1.26004229275737,0.338539732485627,-2.06219806451275,2.7918601021831,5.78264009315868,2.93824530418281
1.06418107515921,-0.444273666692372,0.837580145323839,0.974888034820125,-1.26521139478042,0.110278761706165,2.34684915086866,0.576162659776542,2.82235117241974,2.16918333900084
-0.354531714189609,0.0486444555634182,1.23355550130938,-1.86992654046118,-2.58588168714856,2.95392590497335,1.86725320787371,2.67012207043589,0.685503831512796,-0.0406299083318613
3.4014693073518,0.403389487003393,-0.235248839915949,2.91411628194913,1.22465723990754,-1.65006118997192,1.44023343566631,2.60299585148898,0.46131897906366,1.66382646189596
4.29800047830216,1.2239028184046,0.335340164539245,2.34440254758177,0.404773094470048,-0.953509372505286,0.196877045762377,0.611410255701306,0.890717715828453,0.0576464656809752
0.189935755822048,1.65869037697318,2.53590875351659,2.44742744736374,2.40871164596266,-0.0763156701527365,0.909320292117635,2.30251430219904,1.23646954262329,0.261341084173335
0.157082163118272,0.569088159706357,2.85216641880022,-0.937201739110202,0.885444764711231,-0.522209169060628,3.01113051319088,4.12574728064449,2.92265432477392,1.42565847675945
1.16143009241609,3.30337886142979,4.83466938602399,4.62773044213103,1.0223896676971,4.09327642559297,1.67362434225132,2.09406727681665,-0.0214920805515151,6.65870377731729
1.91941286440956,-3.3383326126946,-1.0711819783281,1.88275139036332,-1.25778056989036,-1.45324819452558,0.708803306725901,-0.945991372951397,1.36559164180636,0.918269667067367
2.83341716570302,0.593006587715217,2.56316271941177,-0.709171568006804,-0.394368291241447,0.857477509271226,3.13943549662742,-0.369354994286592,0.614579412871334,-2.48529059769187
3.86700269623279,2.60910497885155,2.60035656675519,2.13720918338283,2.37470071905209,2.22966408425928,-0.431474556760731,5.29446659881279,-0.983170751783871,1.72809543938423
0.890617169862004,3.34770063966852,3.62222218678248,4.07744444726058,0.593729901458147,3.26680075566651,4.57403186337452,5.47624459334854,4.31430318497661,3.28348273144242
4.2907630558791,3.52810193956032,4.80608456378418,1.09535107389771,1.95004177049525,2.88273316836763,5.29478117784999,2.00189875365619,3.86119761931495,5.88326379490618
1.9002027493378,-3.35693573482367,-1.43594670019614,3.60504790808907,-2.3866066173623,1.16138516150225,0.488130052229987,0.761490571288217,-1.0839648578997,1.32695946345289
1.35188356915568,0.477862791871168,1.28194504774223,2.97157669283866,0.787052506934077,-0.220769501205798,-2.1104898232352,1.52344315101067,4.73303339325917,-0.797377907510512
0.895416546936327,2.9521801357623,-0.288761568516828,2.6684440386362,-0.997485073957741,3.37328495083767,0.515156013271871,0.18698290649072,1.39858202936991,-0.954235431357112
4.11187765300291,1.30682399603417,-0.164473485151091,-2.73087515229194,3.86748438473804,2.56360354549521,2.46386876935433,4.49555392780644,-0.91691222364953,4.56836134127146
2.61724393579641,0.309785612933306,1.60680839409911,0.434948068010548,-0.432487732476841,1.48097184499552,1.60414181377217,-0.243725516148109,3.95946888530991,0.0939092325809034
1.37573903108161,0.73345929268018,1.71503471583681,3.56519188430072,-0.536404917015077,1.46291819718562,1.47443206369389,0.974306021247769,0.914940949980678,1.31452246852931
-0.0665747901762397,-1.02646939207341,-0.513736311054046,-0.15477025648944,1.0117612851877,-0.378647840358912,2.60202012728556,-2.35892847072642,2.06040971922634,0.503451926837684
2.97689204446876,0.144908172182631,1.01742233657519,0.536929114438376,-0.93784791659485,-0.441347930975554,2.24077199626885,-2.1245688508897,-1.6876646825477,0.970973134188563
2.8930414279655,2.19982746623013,0.952173594271371,4.65849694072322,1.49385510234581,1.71573110053117,2.96724985559205,3.14717384930672,5.67244180857343,2.83384804666214
4.00057877788185,2.82701768843741,1.99158156798869,2.08683959005702,3.74922996782686,2.25857873230605,6.17715748043655,4.94152861238912,0.84377542080265,2.23186506032531
4.10780490141369,3.35252207915765,5.4176130962486,1.91825251692511,2.99228044782495,1.07721329435337,0.836788765291183,2.98948205205097,2.70288681950675,1.50538618462681
1.07663399697672,2.40763266878996,2.21631085958891,5.17276533275531,3.43974029575167,2.30712824497535,3.11999046627962,2.21398310398042,2.36515806287555,1.26721752720294
0.186905994401092,2.47961136370498,2.28179667282638,2.3310204259599,-0.610484246837291,1.38422586219905,-0.158872895838395,4.70178086799275,4.56473291951017,3.12273868545095
-0.0049851420742042,0.268530851313165,2.60059631104657,1.52721178715295,3.84780840087386,2.09625368733191,-0.524918054922695,0.723113895769883,0.45111452193822,-0.340189471142281
-0.346648427642673,4.67764082629079,5.6786926226188,3.94369692270021,2.19785454173061,0.438161717171221,4.50319566858639,3.77593913298423,2.20535354564261,2.63815499085147
0.79949489027251,1.28313703029741,1.3608640465214,0.0676358510888528,1.18061976780898,0.0770857037924074,3.10282819116708,-0.184407457017744,0.641497333087572,0.601177241962934
1.73931494072393,-0.660898495198408,-0.293265502226844,-1.25551214795644,1.29113793492364,-1.42435945878379,3.3655835671904,1.18068569852468,3.19502544266292,0.520668521805035
-0.516786153552599,-0.0772420242668503,3.92731318817938,0.533434930031553,0.963401415551562,-0.152250376041845,-1.20092768872639,-1.92137290331211,-0.919074591752078,-0.314375545924404
0.96506594717617,1.32646865898226,0.842359390958698,1.2429787951775,-0.0158235505447062,-1.00572803687395,1.5384494155707,2.66486550999077,0.160985595530401,1.98252445921364
2.54436879697044,2.30416081742288,0.512476009057352,-1.21504767585169,-0.33984547160193,-1.77021455520558,3.81108757274568,0.696792692454497,0.729022866674987,0.749666753461021
2.41943994851147,6.09882232621377,1.87305957613031,0.0532059745528728,-1.35806733277201,4.40121517363529,2.46817755970421,0.0029837327899993,0.201645246521264,3.17195463855881
1.59654417690379,1.33279981618856,2.31487341302284,1.68223879294186,2.20083551954477,1.33703084955803,1.88474028177049,1.5394632843569,1.08641299212327,1.61892044778966
-0.758713019424279,3.49553758001222,-1.20566815901737,0.116680085371197,1.42551349736078,-3.12685447210982,1.7034143063526,-0.630194595592003,-0.365238299724084,-1.3770262653988
2.81912717597674,0.719990454798264,1.97645990234026,0.724679112718955,3.57951237925455,-0.0132386032499952,-1.01355297054516,2.34540607320437,0.390812403054831,2.00724258512354
1.82519385971922,3.86980866702041,-0.581090012685105,-0.260677693065443,0.173261760254688,1.27972236599432,2.89167087855528,2.69249891969608,0.821245128752703,1.39665895972868
0.465981825288173,3.27364076447376,-0.254417881331483,-2.46566378202593,2.42089705953534,-0.266699230755416,2.93461724243136,-0.0298799014869396,-0.339124798331366,-0.789213922803513
0.185221329099011,0.492566582994998,-2.98514011189168,4.42426253535252,3.71473355501496,2.19979755811574,0.0536165885863261,2.38193792093008,3.59853057804787,4.24851816065672
2.13805893048045,-1.66277329627632,3.37514421257725,1.35318123417551,1.01440496536896,-0.21057673382416,-2.5921306041333,-1.78034542294772,-0.330489285695155,0.924142445862089
0.617759043288538,-1.82082767987107,0.896079283706791,-0.691300468902009,-3.42013887402413,-1.48515725131452,0.783653127401415,-2.87423714884064,0.31967482110605,1.83734457453777
-2.09929424106643,-0.726049971655739,-2.11911492348851,0.0367494147641181,-0.598555542508802,-0.435129378924284,-1.19382267192467,1.30650214373751,-0.714423728262878,-0.422159485518105
2.90968736728917,2.93125288578857,6.84611718762435,3.39964217124625,1.16628870977706,1.31208280141495,-2.31031089722505,-0.883935262737975,0.303221296023591,0.791255420188831
-0.870538425345724,0.914359275334788,1.11349182315212,1.38197800832819,2.5432230787608,0.804148899026861,2.22214736734728,4.93175101279166,0.756174219621965,-1.35459799936738
1.24951773905835,-0.355547925297492,0.449604566024531,0.687855652437681,5.87691575052815,2.27133472371535,-0.122162891706232,-0.240637848883934,1.86266420116541,0.698151645199462
4.33531079476072,2.51769055822688,3.79704307198707,1.9337213370528,2.30046260186545,2.09517642640677,3.80558067150585,0.744670070396728,2.06765888548796,4.06981603500851
-0.221991911861289,-1.41093439443784,0.896393049969755,1.95059644400351,1.62240569065112,3.6629847108588,-0.132238443943962,1.98255681874629,3.13262568458593,0.504924325372766
1.07740463377741,0.989744571060217,0.502174612615982,1.08062986401968,0.932143415277653,0.474284160544975,-1.35654313096562,0.475133634864292,0.578491817840062,3.55785037292529
-0.0970958981093712,1.27725477799555,0.49718549989704,3.43665992843439,2.54585369712001,-0.107909961059352,3.30294005973094,1.42687113181922,2.09077585421309,-1.15177144195102
0.42012377198288,1.90818759691014,1.81293262204986,0.161523278978889,1.56389376207228,1.81269705315217,0.432039474606174,0.85418718015718,2.6117271059535,3.9916375724931
1.00679429876656,1.11563963871445,-1.0266451625706,1.23131315668461,-1.18088203236939,2.76412167201332,-0.31761011657553,0.158594349699809,-0.938901385415104,-0.937023360683429
2.39215565592345,3.50253429747094,4.1027972552536,5.93962904985901,3.3479553030524,4.56758120610219,2.35861729590508,5.46093730313184,4.09407262070115,2.97283651241916
2.84549428023492,1.64325039906808,1.48539745791398,-0.209493670445891,0.264194884692441,-0.683794339105463,1.93109705167306,2.20722695714138,1.21194106888075,-0.503743174885351
4.48296959925003,4.80330376557869,2.83129829084518,0.862213195442224,3.53102704047081,3.32265873699883,1.07038836107465,4.38498026441961,3.09959517358714,1.56637383152057
-2.36486211867939,2.98134038710381,1.42243698492861,2.93809943354883,3.04741762282786,3.28589109966195,0.870822470214859,-1.11980187643046,0.634307647934968,2.15415137125704
2.64657667348476,-1.31357901214681,3.39370043326926,0.965728640635,-1.52423832828685,0.438548805200798,1.76140255760214,1.1281015599979,1.83876098773079,1.28055895246115
1.89342830373517,1.3712978596906,0.441716724318055,1.71836033741213,4.3625665585295,0.505413530179983,-1.12727310152992,1.95928818055917,3.37989000152959,2.27181421996525
1.80400236183416,2.88142946494028,-1.96378073336177,0.707275055657194,-2.32219544988632,-3.28546525883073,1.78240770305462,-1.06049200660368,0.274343592835221,-1.18122129465313
1.55916182335657,2.14951062958805,2.49502958463146,-3.43086600718942,-2.19016852779295,3.48635813309362,-1.13281263679601,-0.751367369067385,3.75572215134305,4.24274108658458
0.688926104729725,1.92949261007456,1.35362394467067,1.89337555834011,-0.210586276925115,0.941429048092156,-1.41270038008301,1.73586243109224,2.55811770609708,-0.283610473823606
-0.500137485596594,3.24530325006646,2.5261085363806,4.83931721918604,3.66415359848575,4.51821746417704,4.36180588089127,1.61101016336142,3.6714949200609,1.49440205245427
0.22282618816888,3.65644068911184,2.47031813640633,0.911446344088413,2.04861784067325,3.04875305313789,1.03469207275206,2.82307204352649,3.33911318299601,1.57999695936795
4.7522432430351,1.81530871924935,1.45070125088072,2.14740384961101,0.0953996035650877,3.0042534147357,4.00570607281714,3.52314664238745,6.72332687216629,3.87404498275368
2.47616819053554,4.30828663253858,0.943687358438302,1.64244251561855,2.68061251878465,0.839410469897275,0.0739049127205686,4.36625265932806,3.51428487010087,4.78421686725099
2.51123414935318,3.83996491149652,3.15996505430823,1.95298927624334,3.07922321159162,-0.354222176737628,1.47159858617506,4.84939109684109,-0.325743633630669,6.05459348416167
0.637707711623001,0.1248542036183,-0.351472170446238,2.95638467573399,0.497106211242808,1.57380571423675,3.62292276622421,2.3328374708891,2.1212231450281,1.13883974531018
1.79222916126324,-0.111158265880554,3.58557371300959,-0.586033655470318,-0.580617154909034,5.06017342072811,4.27135036660056,1.94503337319387,4.65261654215741,0.609871853631768
1.32166624529558,-0.0129566090474309,0.967279414807079,0.427082062274793,-1.16451164400282,1.36036873533254,-0.14336006275829,-0.355861493993984,-2.25364388970669,3.33368422652916
1.47332755334897,4.36126565920749,-1.97659589333623,0.348675818381257,4.10528455484446,3.21158272888308,0.389947108792821,2.95339770047576,3.2995608566282,5.75546940297561
2.44169709661994,-1.43058170847421,2.27617089324098,2.23742261295615,3.69003504204053,1.94229874307293,1.73161390048745,2.3210940257554,2.73239138745556,0.550160389264162
1.16962599600832,0.922148098492249,-1.63822648879502,0.0723131697833468,-1.19411368569822,-0.872919187300628,1.95778528406258,1.81302789559313,-0.659591739532676,4.79296047174238
2.94719009301734,2.9107529610429,-0.792105348430036,3.68193151909718,2.10377040424043,0.857890295171776,-0.601963346332977,2.05492688787962,-0.208548672083994,1.25715723705344
3.66582022914688,4.83425148625221,2.67224821641915,1.38286527231001,7.09592262524959,2.53804330411448,2.60981101085857,3.2220079472604,2.90145238446494,1.78372906410106
1.71130656472172,2.84887146240204,1.46576554344169,-1.21897587957661,3.07705635446896,1.80881239309567,2.13242613093329,2.7718926377608,2.53722289803043,2.23827784823683
-2.51545793914388,1.51435076758357,2.71506613681315,-0.967079387040536,-1.71820505649627,1.57867169360915,2.97100239120071,-0.555501229880392,0.521912651992867,1.19294611647584
0.0409055164762289,0.677282688640598,1.28522252980048,-0.707940226616663,3.54865016958251,2.91942577254071,0.34540994222529,0.923908340942397,4.71959213748913,-0.494118292684175
-1.18043975598205,-2.54496117152565,2.16321501534922,2.20958733959193,2.92667969893038,3.2948123468397,3.65031474353029,-1.14701187932365,1.90159697947377,3.37189274749831
1.73255315323898,1.62396945400596,1.16776352402796,3.14874566862379,2.5037803635486,1.42135889798982,-0.841694251428294,3.80960419889573,2.11023787769891,0.674442054752379
-1.34183752174977,3.93522653016523,2.83975661324896,1.53614749444131,3.62358625959867,2.92418014116445,4.38558138424186,1.27541723548011,5.60988575104543,2.27488599445382
-1.17295916294407,1.95935960329921,0.648337081109396,-0.832492907591849,0.331508112706181,1.3712746441371,0.828348911623751,0.781949925358289,0.422693990900538,4.35170150717395
1.50779458190956,4.36262674617357,1.50772311161799,1.19323406469045,2.03595637847429,4.37480568651615,1.21514035051827,3.35000344639474,0.182405711831291,1.31694935343636
0.9023425203909,0.858854233451571,2.87911026945383,-0.51620091051561,3.17522915800839,1.11526453522116,2.27629035221204,0.114514009304473,-0.310870467827791,-0.777713293077934
-0.118877216332317,4.03374878205859,1.30437368018985,-2.91580647882401,1.41506667747333,0.172401775690834,1.15488486142278,2.59399508315063,2.59262954613623,-1.73532683337354
0.947601035133996,3.74638411963455,3.13386909931667,0.993553323621723,4.73425508973482,1.84121944351765,2.58137271498485,0.582502732651567,2.20185878587072,2.79080384895567
3.13218205256005,-1.14083943494411,-0.133517046119325,1.12121916849326,1.20685837367008,-0.189597800720818,-0.928826814740865,0.353023560031553,2.02257719478431,1.68602701521311
4.95965976220372,0.0633782223685704,0.534902543686433,3.12995364068377,1.34963945969732,4.92112778195983,2.7138775602862,4.26954572112912,4.84764767782699,0.55395855727796
2.7352155528392,2.34356434514063,1.89601265671377,1.57461058238375,2.7570628902585,0.762240452966429,-0.524565586647246,0.173827094030736,0.881380535289419,-2.64208883701809
5.40581907908798,2.67710011913615,2.26726818033633,4.2234852482759,1.85610405646863,2.3693452717295,4.3846118662408,2.32010914671209,1.11459853398941,1.56785447063993
0.979607858390491,4.43870096061077,2.53096438763644,1.53777798276561,-0.360186786833816,0.426219582198953,2.02281903555503,0.536091205211142,0.911470801478209,0.428203808622963
3.99714028478884,1.81642380122199,1.99871076416911,1.97095528484273,3.1849552922257,0.206270103518025,-0.343990797294747,1.96890635044161,1.2663778227583,1.07377512278156
1.15394869903943,0.854572877006132,1.40255970397916,1.25181068636089,2.0770245336051,2.36036947027215,4.56514419441979,1.77330587191079,2.5249868480565,1.64965670218333
3.81977478342892,6.37822070729104,3.9006991550936,2.88876161364559,3.83302329509365,2.11957077802341,1.83465816248301,1.03177394836141,4.25259688185503,3.49456765305288
2.77280295216194,3.65189919345809,4.19046365564316,1.0532344383265,0.163846464608949,3.29052366834808,0.143696317154014,4.78307529750444,4.28762901986509,3.32623685891748
-0.782394435154232,2.04912867495816,0.313509662320821,1.72305856720799,3.59831605072844,1.90641519609495,1.88538172824367,-0.976786965386107,-1.37415149976514,-0.590484046163933
1.0498709748826,4.82733275115609,1.56106665115005,-0.712064278492636,2.02656454549817,-2.2971310207815,0.752167940675522,-2.87667478874292,-0.0243489082743602,-0.705008747890856
1.37427807574311,-1.11672859724616,-3.25166112743544,1.01837574186499,0.745950207660915,3.5395390108123,1.62246830085111,3.34498540203804,2.34810758769499,0.0956710393437233
1.64474596484786,4.68663163810502,-0.940132733100825,1.57011316147267,4.06407559088833,1.5616332982395,-1.31716167025414,1.81568141488589,2.24187607818744,0.595646187656006
2.83197221303942,1.10864009425264,-0.746463329139788,1.78205112177983,0.370987983226201,-0.041418291456758,2.22724483947878,1.08538009648572,1.11707491843689,1.91487803134372
0.258853936913092,-0.263118220344992,5.55625854882837,7.82745035389499,3.13831785027303,2.23025810363892,2.48218436297102,3.01778453002739,2.54682842162162,-2.32884082594888
4.23476095416735,1.15803522359391,2.10946371944041,2.94046661331801,4.83591124060919,2.73714870775883,0.330589905158484,-0.1263042075128,0.295980060079343,2.33738999823628
0.633610014211299,-2.14608888918032,-2.08953649099667,-0.439164150666823,-2.85476627418096,1.53152579350057,-0.441154613503984,-0.222760244879511,2.07875626175147,-0.0715846818003817
2.40555944797344,-0.268548504548075,2.44105837823688,-0.513187617166115,-0.895491688291177,0.632708234310153,-1.79530946214707,-3.48637568841663,0.262734604507509,-5.19688576559237
3.06425677537018,1.44339797666643,3.22168622207208,3.05630570503186,3.44160449887931,2.14028443487087,2.09743957799434,2.07211118560305,0.279543876725946,2.34214173667634
4.93599108462812,-1.77727857356053,4.66369074545053,1.55860084143776,3.31092633827907,1.19862157951154,0.596820047153959,3.71272463525194,1.25475344030012,0.836243979748504
1.93577326095578,1.11894605080781,-0.000833973968831034,0.198018893255857,2.55592155042436,-2.39874108938417,3.16426576131357,-3.19116609687149,0.493487875656262,-0.799762486741955
0.971750978588874,1.25323611572921,1.49218328616157,-1.59833199132793,-0.541263624140217,3.42452037040194,-0.359631874631189,1.12792767217245,0.30225965857095,-0.413131555636959
1.8683276110811,4.63821034409576,1.60075552825052,0.458489494986469,2.63178566907618,5.16484826325269,2.54726843359272,2.59498040306457,2.84118083661535,1.03861889115097
2.23278802190936,3.55017850048109,2.66257317860911,5.08295426454772,6.0661441368095,7.98714768386143,1.50915343097769,2.66538792605576,-1.34604907938359,1.63027392650744
-0.661866822233781,0.185732498303066,1.90180640892965,5.58695056447,1.15309683962521,0.867821070572021,1.75217168456009,2.71696683989491,1.8321822005406,-2.42750939193226
2.00317120631655,3.50579448343863,2.18410490687085,0.685790959142508,2.9214370200714,3.93694297420634,3.65387249525711,2.7554405537205,4.99394009407778,4.79691682025661
2.74295791987715,3.56381229921542,1.79447092087499,3.6723760904045,3.97407934053047,-0.251304935950588,3.77960332623432,0.371823011532592,3.04019995884752,0.745703316985907
0.0203031830846734,0.404427726685626,-1.17419303289781,0.43895959589119,0.0885190784623262,-0.603681580636892,-1.32273763479164,2.21904761047975,2.608430640129,1.00749790857512
-1.57315462389819,-2.48552699037582,-1.39064558321287,-0.420607101832208,-3.97923214930843,3.16065488783056,0.412720161862855,0.489331575829098,-0.232486831490237,1.34226575791091
-0.816876865558766,-1.0200640859016,0.315995778409912,2.68554167294373,-0.474389394901752,3.80834883919813,2.23551149313499,-0.669932599907868,1.32357927595435,4.0807664323059
-0.582967729940949,2.92657588877328,-0.472155868137604,1.18289461545289,2.24219179872352,-1.5876691164634,4.44635265536042,5.51448955967463,1.38647537927974,2.82497284629493
0.686088797260274,1.34250120447707,-1.54362424968234,3.40063165525467,1.32635743215303,0.455809460222134,-0.485741501812281,2.44984258595278,-1.9748461512338,-1.835142952044
0.589359201607279,1.81483563571034,1.98399971503703,2.40291436143716,2.14070038223229,3.19048793594217,2.99360200100625,2.37875744510098,2.60868319145636,2.76174769074594
4.66675151366969,5.37300051355799,3.00757688462192,2.12108047000755,0.72537725782972,0.227454291752862,3.03760693573702,0.96975434447821,0.932794640539128,2.44595459256442
2.66368724782151,0.0821026734211414,2.80561795787392,0.543615567270396,1.22629466660187,3.32134905304551,2.75394781868131,0.059897253772355,1.59970683515421,0.366738496330356
3.20476535481767,4.0237247220762,2.1999264597722,6.38399328363164,3.73547589612795,3.14164644779369,3.21312584285149,4.01836684962009,2.02849848953865,3.89139844564771
1.12677541747431,0.909975539448737,4.53865411430244,3.18835486466588,-0.0971046888019234,1.54993462607423,-1.31789061993594,3.535289844773,1.40480526757356,4.37469254856416
0.418939708511741,0.235428274669302,-1.22880132481898,0.300796858064606,1.28507840423081,4.10089133834855,1.13880548371383,2.62945392821174,2.12611163948701,1.25868070868795
0.313553878114641,1.90999435002003,0.232967251534424,3.04732629093556,3.79384676016232,1.04519119940048,-1.6451810963371,5.21215471859314,-2.38724605178661,0.526837951652848
1.389932236288,2.83053986908343,1.84942539381711,1.42831802408856,1.64370832933114,2.39302779705343,-0.921206614128831,2.84274046810557,2.36195269019811,0.298132344208951
-3.25948635577977,-0.0731481501348471,-0.838672887814896,-1.77464673005181,-1.34078421827099,-1.49062916482896,-0.187946339487548,1.59169917308617,1.46388846391062,0.538343542274032
3.38689127274472,1.09532341767421,5.40889761753005,-0.573291613713534,1.11740897585881,1.24879494543269,3.01643057010535,-0.168453634635563,2.86462265773986,2.73485190741908
3.03535228417662,4.3997520236888,3.89215043295923,3.09608036474769,5.8479044794159,2.58672425764988,3.97339238555383,1.65553184462354,2.91215834600975,3.41318245047387
7.05310614952206,2.67330669047861,3.367479806554,3.11932123189295,0.760822404867997,0.922391192975493,0.607170950468386,1.74776497351944,2.626246134228,5.26594289686316
0.172053479021222,1.07506862897624,2.58032979245207,1.55158229961696,-0.538844830345194,2.62264686476485,1.12049611077229,4.11347810677833,3.83702032847807,2.57618826543839
5.62992721842519,7.21992177543765,4.91258660967282,4.62575510150515,2.70196237030183,3.38079324380305,4.42107401659468,3.7599494956887,3.67865524672538,4.93123650492102
0.965177553580379,2.41745730758879,1.55145533733063,4.35499316320751,0.0344001841743016,2.37954468896446,-0.163856709540264,0.538843049000155,4.52456849196685,0.618006542160362
-0.229804084883472,2.27265978494537,0.704716271621395,-0.388899987876587,0.761312328641555,-2.09079544216777,-0.881268430029425,1.56598249096555,-0.792783494709199,0.161395900401892
-0.837658499448389,0.822293272127109,1.0687798849262,2.28780589003627,-1.94127306666101,1.23950819772463,1.1632238219417,2.64138057068911,1.0236292161701,-2.22518090251114
-1.35843883556239,-1.09741680809666,4.24974309295006,0.879153028210805,-0.571255079929145,3.22791282759078,-1.52228042673578,1.72574446143082,-0.51336367462031,-2.24799335156802
0.4144576772058,0.713566697662843,0.195922137026575,-0.0403187744179818,0.619104999554788,2.55303258114361,1.90315615663215,-1.95334908050037,-0.395836603087242,1.55522358751725
1.18770190418071,1.96150062248488,1.20439146439181,1.14807011660529,2.79919612907057,1.48564135928772,0.514768973370741,1.2887526087971,3.87507995198858,1.55740098564987
2.68368516515839,3.62056906349147,3.59257229368779,3.95332895860852,4.78836072114493,4.21133280053269,4.03764601546164,1.86396327529999,4.29727359013708,1.63230074852803
6.02040788202661,1.80786810939524,3.09223787141934,3.90848392835239,4.58159303618644,2.86371737916487,0.83113526234931,3.6081224235841,-2.42648711767993,4.95572480796864
-1.69150088810785,5.98982299577918,-0.619540119985156,0.719339998193148,3.43078056189183,2.75175422872926,1.80415580826977,2.78831818093303,0.277714158041829,3.26489014215562
2.59423736712465,2.21892271849078,0.712297172678984,0.928184219866127,0.477164628861142,1.0836990317403,-0.293578427087544,2.88520161577375,-0.334923672180326,1.20322465798229
0.62375179400721,0.743594939373412,4.20058406676937,-1.84251884563165,0.280698398566787,1.21330270863693,1.72592794767782,3.68810793762828,2.77040919286466,4.58586326096342
0.385649138436585,1.56323096216586,1.06807331766591,0.0130249274772856,3.02121421355585,3.86768496817722,2.86047857008424,2.07138697241093,1.14735498258323,0.116850729133442
-2.29884368083724,-0.320539097311812,-1.32148066416704,-0.100099567949811,-0.868834894934122,-0.455905315680469,2.94761089108395,-2.00607890803886,0.558009704667564,-1.45785892416743
3.72241812466304,0.913888948967869,1.71674809686016,3.38943479795607,1.6649419080395,3.19999151654211,0.10446157710535,0.337471212009417,3.58266301772051,2.50034214702652
4.115515723894,-0.771741953509989,0.386539075704518,1.60587883576746,4.6437522746189,-0.116119322421841,3.0293087177236,2.27287402280603,3.3260928087915,-0.00959189186821785
1.40390290477434,1.43423471194441,1.39145305287026,3.09156537428329,3.71952202578939,2.30427613598756,2.87237578949929,1.74433202675868,1.85644495554875,3.78293317637191
6.85423492012722,3.04050113117687,2.64878653229707,3.33097567457009,-1.87151632400109,0.399469536319984,1.49181927802565,1.15124419941668,5.82635884940467,3.63211842311167
0.318477631162872,2.77902171566946,1.46615142646604,3.78925815589774,4.03259286036059,3.50736637546966,1.30225189640137,3.3611573813799,5.88003210439919,1.10807090135356
2.21884064622015,4.9021524055322,2.7162397087637,1.08414519667263,5.3218819071726,2.89139660297183,1.82086321765985,2.76742166417711,1.21694136349215,0.645452704653555
-0.535383328027665,-0.557034675520526,2.03101171290717,3.35257503803726,2.79806780866024,0.500750421487199,3.26491714739905,3.12292900990578,2.85878286878154,-1.15567599840869
2.74734780471318,0.528784305648117,-0.556307007608961,-1.06437182261672,0.168121908363492,4.50491812635097,2.34125988736457,1.06698039856739,-0.00321918517870423,-0.158340121113274
0.833599323747514,0.371481667832703,2.53046590774216,0.928259822139074,0.818498430710924,0.291969460147268,0.484800373712853,1.99883597051433,3.86720104024964,3.57564942334694
1.33172400267536,1.63644700419516,2.73881796485471,1.448712064769,3.49596296884668,4.28470398338715,0.925976371644644,2.25244199617136,-2.5062160609042,-1.27470357910298
1.75911337139887,0.830855262657974,2.68541611371082,1.11636045511207,1.07858402296976,2.09036668372709,3.81990035556018,0.416935872031951,1.82335979205116,0.3536980837508
4.67255917016379,1.32093370154124,1.77970920215742,1.05399660679042,0.874255666906098,1.35878946621548,1.69536257194996,-0.870485274477339,0.341364507042452,0.422808216833248
2.82842550049869,-0.318348417094809,-1.44409895716649,0.676294075166777,-1.78070738534043,0.756682849168788,0.940519918009018,2.28951573246609,1.45776653982299,-0.660712277512777
3.48078688243788,3.57172493910758,5.13998230481353,1.79293877188679,2.72085913191201,-0.630807074605796,1.59961598646748,1.84269296861299,0.682263860147676,2.82683673490117
1.54362370302307,-3.00257196489807,0.00653093408949148,2.81183956311855,1.29987161406492,-0.902532252998313,0.901199985882389,-1.23558441339506,2.63598102710921,-2.05719061061717
5.52300485633677,5.93950903447776,0.296035888072786,1.54269354520677,4.74339192528302,1.97898876597543,2.40129274455543,3.43050901635957,2.5208786342826,5.55677758133013
4.3776919277343,2.69519212505051,2.71285307001481,0.614605709627257,-1.20716735663377,2.86734091535594,1.60529939753673,4.27242577012581,1.39943884634243,2.01968310896635
-1.38703504059972,3.73139745972872,2.48202537003546,0.565008500991759,0.117475780362946,3.7848788957089,0.29292015519374,4.07256348327596,3.35041700139286,1.81623420193601
5.49481974755043,-0.981732307269707,4.11318370926493,1.07081669809525,-1.45972882965437,-0.0737810268870647,2.03972781119621,-1.43780396423816,1.27333712476411,-1.82264691145219
5.38928027984995,-1.94207731596643,0.274289951541157,1.29534037914678,3.28884703167046,2.90699659237994,2.4823713333487,-2.03551819110079,2.50914955941352,-0.340557310871067
3.01298548582236,-0.699071391034932,2.068625452434,0.277333104776867,3.6482257889069,1.74052582245697,3.6386255849343,1.32310224082515,1.24771641850905,4.16884920582268
4.07213717090192,0.16801853007999,2.78502643377722,3.3573603392029,-0.550292009950101,1.20494297445555,4.58810260912338,1.2095408027813,1.01524290521157,1.45623696727268
-2.19382809028563,3.08201023441801,4.603931502583,-0.352874545211466,2.02791848339374,4.30237659704591,2.5363913623693,2.09352417148602,2.92024176322249,-3.16047668988892
4.91059184680311,3.55862249143563,3.40081670088188,0.680518868819327,0.742463275042258,1.56132891576192,2.10102708948998,1.69817755243848,1.00564476090909,1.06111849343417
-2.39579669071604,0.31604358759241,2.46014976199917,0.775535298649334,1.48844720491315,4.87286611534995,2.61753179929293,0.599011626769396,2.43952034948867,1.82080607207539
-1.19665058409827,1.56414105285439,1.40031440570887,0.216534591105601,-0.652577798875007,2.24536410899178,0.28846798362039,2.88827425034202,-1.07306098275386,-0.26900112263406
2.08477680280527,2.37752716378004,3.18718584643207,4.04117269094855,2.27865245211349,5.15968403295961,3.52419630112395,5.25512753827961,3.19793476199113,2.09609269586653
2.97640669245573,3.25442916146454,2.66011700830047,4.20545320486423,0.666143205116316,0.147036464635406,2.49535720370609,3.9374548394893,3.45202400079866,2.20882077892055
0.969574695343994,0.214010289941041,-0.56962701011551,0.605807074688499,0.159059026758109,-1.16391103054711,1.09594210407683,-1.36554513683088,2.36620508615813,1.60895976743776
4.26721049429288,1.64229241651777,0.755642952701003,2.96180114139706,1.81134408804006,2.56880663215709,1.27732984658008,4.90730170460129,3.5091864213314,2.04236439604174
-1.10972593396689,0.513918090119765,0.704013344842789,-1.29523973034282,-0.137287529417873,0.283769783190829,-0.0533644137385043,1.87391938064524,3.33045570202715,-1.43530103479317
-0.945007486324909,1.17099513749663,1.92561082941654,-0.536465346527789,-0.442735756900948,0.889228252601988,1.57890076446904,0.585595248107188,4.55672514225361,2.06855174246811
0.872683527637516,0.930264126393744,-0.50227414661341,1.82864318961774,-0.678913690361224,2.56356992537107,3.23503140050056,-0.377340806842943,3.10451034075668,1.67187141017812
0.795628928399764,-0.659363409055477,-0.865613627001216,2.8506793228737,-0.958301530296403,1.70483213351905,3.64043292909652,0.81435746375986,2.10756159994904,0.866477524226818
2.79699875448753,0.0182741095807488,0.245553610676332,-1.39900941806513,-1.08258363273664,-2.14593524006223,1.49501443791458,3.17170946189966,-0.213730206810612,2.80090227008065
2.56775911253282,1.72968011646943,0.759336278410937,-0.267697833374512,3.182679698791,-0.275045799566404,3.1999242116677,-2.33035127610363,-0.395787898217409,0.594543178336243
2.38657027898384,5.45896633665322,1.38985431104434,4.03740677265206,1.56335266026092,3.2840162527765,3.24437866391968,0.250076749040617,1.51953491354207,-1.24134691588976
1.80717288598139,-1.18266766442167,3.71299395414128,5.4434217158982,-0.667246704349982,2.81619305171972,5.21678097813281,3.46262561008656,0.659357412811918,1.71644660496166
3.95701045279157,2.82799270718787,6.52785697746435,3.77010869305379,1.94655326689616,3.95835419627759,1.47075209253685,2.67066633927778,1.29882909320187,1.5220801275652
2.18286984290983,-3.95566683893516,1.15204065211366,-1.58937194084333,-3.14708212017247,0.664763597846579,0.463300530813303,2.15347159732125,0.687014548873283,-2.0760989018204
2.7667147686331,-2.89112042861002,-0.256879926714199,-0.394112421954276,1.13943913525368,1.48936220319864,-1.12702712890524,4.76913885231777,0.84421704336999,2.32512925880349
1.99571748869534,4.10699122981512,3.89014346987266,4.23193661696181,0.574196443301723,1.69239542282733,-0.630814925524888,4.23360679368296,-1.36223538547791,-0.011878983159177
0.901447667668886,3.66608876833266,2.52455094397897,2.56464866666924,1.88360963377192,2.46142856146243,2.04045614460341,2.00293714046432,0.5508814066711,5.29172451567571
1.24592098351903,1.44503530328236,2.82743270677871,2.43312424405869,0.230034613239889,4.47631087796913,0.212079587884503,0.0453806660803246,4.41677849312905,4.20675074182081
1.32490065630648,2.21197268326869,3.34604063166331,3.51814767695218,3.7643518854949,0.161592325970701,-1.02453473244932,2.14431103035143,-1.2742342714099,0.938547200054558
-0.758752818542123,-0.992980523513959,-2.76287252949462,1.69423708137365,0.170752256018633,-4.14355459202195,1.01277427010953,3.40241821310411,-0.187101949615043,-1.68262860494054
2.36511302064868,3.45396255219151,2.52952423223689,-1.10853360307589,0.363694131084398,1.3436398368275,3.14767308351841,1.61304790495311,-0.365856793945474,1.78768999722683
0.743850388841333,1.09596654088316,-1.41861106894294,1.53999041305895,1.92667623402219,5.44452097541945,1.83239509114546,0.354075119145337,-0.206693280348586,1.45902477848884
1.40151060576509,4.23705061435088,1.23192934233387,3.51872058651033,3.6516665658167,-1.70311250074221,2.09562068395653,1.22274728593045,3.54814688100644,5.83160263825323
2.33279983322316,4.48587773279776,-1.58691870452189,1.5411631333769,1.42226958536143,2.02160677335286,2.16017505317561,1.88019809481399,-0.0391701624390417,1.27164594627726
0.765721950032394,2.19660932416339,1.74607880227237,2.87510541698979,3.06524027989993,4.82130769441696,2.88603508190724,1.74135826461671,3.65630148826828,3.02260215626376
2.53699362749537,3.41658325640392,-0.687499145944241,-2.31478011204159,0.812204141189858,-0.176427594560348,1.1572028757249,0.250564347908792,4.29548955650566,-0.212159479295602
1.12823353032074,0.684727876102953,-1.21089929165472,-0.695602977380745,0.652228265239828,-0.741601439178835,-0.138653836463331,3.5236455814339,-0.0481664501875489,1.27739091926039
1.49737238789677,0.767396627059102,-1.62908959903351,2.63002318344647,-1.39894889492583,3.76138147085812,0.406025741588063,1.63990994310774,2.18273582086172,2.70040282104767
-0.165975316946029,1.91056713530763,2.00203843860674,2.69976518808663,3.28050862355268,0.349899571932473,-0.841672079584896,-2.04145168969225,2.65224073102043,0.0113933265931481
0.0687219404919057,-1.09059356666719,0.33023750230365,0.616552296959444,1.27416503486332,-3.29114078385839,-2.30613475427343,2.13227929947771,2.80532440913445,-0.523952043543639
0.224197376754318,0.855059664713048,0.304146725356245,0.0576396082300608,0.834952031598027,-0.0575806172163565,-0.351221741935147,3.41571531974566,0.313075632486292,0.227419315213297
-1.34878966624036,2.0145843454156,0.775690697232047,-0.169958993401593,1.45439847401607,2.12744169851155,1.97605085214061,0.646528294674039,1.95166634764787,2.69845406147942
1.03489228218684,1.11165459598475,0.518825907551076,0.506340316948982,5.10673656235798,2.02310639068274,0.18818855600864,-1.11222465251259,2.11921720402676,0.524191614726333
1.15207457057583,1.73249042503428,5.36835782234813,2.50011991493441,2.42119824927479,-1.2941365121138,-1.34005424754187,1.07872184887558,-0.387664440953363,2.40840181928244
2.2197097256371,2.24854601052392,-0.421698684537104,2.61128360470078,3.08539020986698,2.443681749902,1.77912605547151,-1.06216643778642,2.61385229805811,1.57705427255098
6.07601995510963,0.750373507337336,-0.116858148252216,1.72775132673154,1.14522058053408,4.51157157634249,1.2981566398722,-0.271555229823295,3.02888769240207,0.56336079275154
1.65462995913228,0.180803439520345,2.46833681082108,4.08582921530497,2.21046344999173,3.64231517995705,2.87293538211907,-0.880357082649927,3.20253500392815,1.52467466447029
2.42494858321739,1.77353894070193,3.3316926394781,4.1974467182279,2.36007131115079,2.70041970062264,1.06310962124842,1.18807473752663,1.76392247224978,4.77093823715551
3.73412138564726,3.53196314795903,3.1990359115293,4.20207184737958,1.76031462410242,4.55300295013387,2.84706608903305,2.38899919924706,5.80841578730365,0.584248018416972
1.54525809231992,-1.9064718437914,1.20063888105253,1.40635024587075,1.6628841582122,1.46987478529367,2.69165596737739,2.47460359309811,-2.20341487429443,2.82523699181735
-0.582083334482804,-2.34935920289785,1.72946496570449,-0.0507952895171886,1.58398213127637,1.62175038418412,2.94037818100985,2.37374453185913,3.15959785137539,2.10157882601998
1.1656629019737,3.22103032303307,2.47568181517087,0.187862732224078,1.76641370585618,3.13699421244861,1.9708274225766,-1.49719303685777,6.73137371661684,-0.585287809035549
1.53787246638834,1.41676875892732,3.33825366507782,2.06213157112357,1.42488614397603,2.00668158052988,0.591530370071008,3.54321086329971,1.85591823685449,1.69827543197672
1.30049495496678,4.3312930625762,2.90857876975049,1.86894488447114,3.03638989497281,3.09898757685482,1.57376253595673,3.44555657781777,0.308335317346427,3.65452576657966
-0.170833097072688,-0.234103068512679,2.89911573086311,1.31792954133301,-0.436728570085611,-2.78001161261531,0.309268046885991,2.31393762579304,-1.5243393888411,0.620118650148458
0.0345567156169246,5.22492575055744,0.505730526379348,2.46405949455858,2.77315054738441,2.01661029014411,0.610062844069722,1.51323103143861,1.86954384224138,4.25031002654991
1.41475571068382,1.65555306576461,2.20777977707556,-0.782754578257555,3.24410918609114,1.21144718528821,2.57167155159194,4.54396077491105,3.16688558698324,4.5847112603534
0.423519166872518,0.628528659054735,0.778792381214592,3.85698498815021,1.69343474355499,0.781187547703562,4.86859688844097,3.74185996637267,0.842037894557774,0.786180397764915
3.56097875911984,2.98037605976116,1.72344018021025,3.71338862768333,4.03747652417966,1.09682945328901,1.45716268234541,6.89374382032497,6.73184245025147,2.5768874256541
-1.94279771475214,2.64137882225906,-0.26083304816183,3.33521558208958,4.17551750964821,-0.694056881494858,1.07145067643817,1.22117233728739,0.700830706307981,4.21405373821728
-0.454764317611545,3.48618918908761,2.46669622367976,2.41177747479933,2.41885084387055,3.16193877300127,2.20383184482175,0.244388756618605,2.02193164673704,2.41974303536553
-1.47351531964083,3.34669261488744,5.56983495396078,1.95515038055404,1.15060714356515,2.23744869874312,-0.469409319728085,-2.48691316941549,0.308815380577209,-2.32451136156725
1.44272724627126,2.04776244191904,2.13213544561877,0.65707312645205,-3.75213497161804,-2.5602724881849,-0.108810546682216,5.50053224504584,1.93131131513048,-0.432832733981298
1.54817775071499,4.06377841074741,2.06312954931993,1.7653789268452,1.48043271877445,-2.37997715890399,-0.530867985298516,2.37901740616919,-0.309134604635375,-0.854360531975216
2.13632542084426,0.257701967138256,0.772855692077319,-1.0024292477362,2.16370374343952,0.348436447296792,1.88148287232558,-0.642167629107954,2.8698378311642,-2.16291841980643
4.38983407942968,0.24716148039987,0.621092776920023,2.05655876065881,1.73581677941046,-0.502965684618717,4.46856144726867,1.06168384961471,2.98727622146781,3.79846020627549
2.52903973456498,2.94105570968311,1.5378438653352,-0.100172059309986,-1.5333781658875,0.680480243411585,2.64396634555812,2.92259530619892,2.24893553700388,2.01424366734049
1.25311266815553,-1.98024298580615,2.26680755059615,6.73891140347704,-1.69965061338535,0.250819245222237,0.689921449261726,0.730386855994634,1.31974103987592,2.21192158788157
1.4853038633111,0.73342781291997,-1.77321123629105,0.318560471128069,3.86260775167461,2.90216999829488,1.09212066500806,2.07979904291382,3.07058826698154,2.13374065867499
1.76689153643077,0.948130650585583,5.42485435510063,3.61047936135311,1.81592392264575,2.46658353688359,-0.674730409173409,3.04656762839906,-0.11823625039373,2.06131553802679
1.75850456447754,3.97692561654888,2.7004748712163,1.44929102593572,0.841575922050837,3.44026423697287,2.93578325633711,2.54065901948601,5.68993949402892,2.84756149392868
-0.213514661693091,1.97793339741335,6.14024715527669,1.60426464315009,-1.08842484476797,4.70453629026497,0.533186237544356,0.640277420077089,1.07104807646001,4.49818849310845
-1.27702184448385,-0.678919506707862,0.595368721264305,1.95286481131113,-1.26268883147559,0.550440383237236,1.86695824941457,-1.22198658511052,2.31608379094615,2.94895983314326
0.984517963949125,-0.125994449082397,1.13644990178958,1.73374556522869,-0.405850714949856,0.827836285552618,-0.643525753450314,2.54321523830473,-0.119511249431741,-0.702597268283324
-0.622879234432824,-1.23328639182208,-0.943729248400146,2.49908721112744,-0.390791415702675,2.73017002361687,3.62943852976312,-0.303488853720644,1.4462975328325,1.06333772251235
5.25261520565593,2.58080466537074,0.213350858675345,5.77289179613113,4.80275274349182,3.67074726016228,1.69085852314358,3.4982051300804,7.10280583339789,2.0811172607142
0.920227361464307,-0.570843688589975,2.20108536267059,2.74821601040585,2.2665672012368,-0.657512198750952,1.59244387359124,1.59984149087784,1.76096781564187,-1.4129995014423
2.30323257730493,4.27729883175082,-1.01442418181426,-1.0274152415637,3.23182999192436,-0.437035962121743,-0.140689128271147,1.57532861214545,3.30963087206384,1.47699811555206
4.14424697134846,2.39482748889197,-0.214668158330944,-0.299433202687034,1.53613436925791,3.83683511753771,4.27377540514817,1.67264334244812,1.22388739730737,-0.264292320298569
0.154154358653935,1.69370917563804,-2.03884544518773,1.2018744784395,-3.49059996415477,-1.29393047074147,1.87387496778342,0.254747163946482,0.787708960952539,1.40635155501514
0.794304907336542,1.02052372999024,1.96113973567294,1.12895454891837,1.01128760314525,0.99122780465017,2.84619746656867,3.1380926181375,1.54745356161172,1.07186924346131
0.048430177036292,4.58263533085129,1.47725862754012,3.24667324555399,2.7679815908772,1.80861736318606,3.00238989024749,-0.819597265533894,3.3647792790104,4.05058793773755
2.89493495467757,3.98006488961158,-0.11116491729629,1.7342838937266,0.450849070243308,1.39837149762908,0.655643122077576,1.71163589866203,3.63111704006678,-0.879433079260592
0.650851046579026,-1.22849567358199,2.91445642433598,3.00950133853627,1.86834665982564,-2.10897329440588,4.60407093541605,5.66178493182275,0.732993981275016,0.658423021962983
-1.68857015169906,-0.194597917260542,0.266165772273008,1.03692923512512,-2.84325934387118,6.25842176601149,-2.63423920898131,2.31573480074821,-0.73359311741227,2.19670081457052
3.96437279367657,1.65453932752755,1.34003597601392,2.31078823594566,4.68542103096427,7.80447912303584,5.1185936955773,4.13541038271031,4.25992584466054,3.55928808553152
0.705352926348002,0.826261375305531,-0.192291338224041,3.05683235553993,1.11392994481883,1.04976814865243,0.998691128865361,0.360742755953899,1.07331071562228,2.07923819911115
5.40260464531585,-0.196274168713023,0.770608138576589,0.984978108150409,5.57124188271244,2.29000071174716,1.17319765762953,3.26299684093857,2.70941173142877,0.677343341861861
3.54369845981501,3.46614043480724,1.3845481005554,0.732571437787516,3.42731831046675,2.08959768214591,2.50551926322157,3.41627415284286,1.67265625702013,1.12020949836441
2.74933706088561,2.01627921043864,2.96343989950537,1.20269242490539,3.36292449694256,0.909511088832527,1.4457048152874,2.90746919981671,3.19797173970309,0.709887670242195
-1.43421192694507,0.70491316888346,0.338000627971276,3.29970248200463,4.71261371422784,0.332600512095983,7.33952362594933,4.19138449013862,-2.10174495847299,2.65798751165272
0.148368757261394,-4.89048493552238,-0.722855574442894,1.88781329925097,2.79327603213249,0.645719927755902,-0.851111555457154,-2.52374623862546,1.49538265570579,-0.496712013354924
2.55398885239512,7.6379214491215,0.555410613662767,3.73512401265879,2.39061668067701,4.11438713363577,4.29637810054016,3.35497358931954,1.86899498266605,2.53882122367431
0.640189790528829,2.20868522537296,-0.294776132210157,2.55071131938886,3.09360714734977,1.3262286881059,2.35608536550575,0.491692815402014,2.13162984975547,2.41926008522863
4.389642461366,2.52807710413213,2.12348274964132,0.0361447711431768,2.71023437757638,-0.177180219417121,4.04273547358581,-2.50631567899631,0.16819456991209,1.28591437400065
0.462986456282148,2.52360772464872,2.97427448480002,1.35525763704206,1.05867687053559,1.99480984279642,1.92986116611866,0.846152621281729,5.4833485969929,3.37858415746678
3.51086201884611,-0.849477197651841,-2.11168087480941,1.38331608342435,1.05249784079318,2.41685334120995,0.0385673127828089,2.99306572290813,0.158146941387512,1.19153271311014
1.3699146482127,-2.25158503945517,-1.39208654598001,1.54990683150481,0.986694725612202,0.301863987520492,1.20105313925492,-1.64733648897297,2.86349261421006,-0.771788693373355
1.90037096279497,3.05356662208223,3.39494475954927,0.910862413759354,-1.12024033670272,1.62799593471103,2.69982902362451,2.6214761524989,1.52167803077245,-0.104499657408172
0.168746666768429,2.30140927759928,1.57819036976033,1.1171081214594,1.5661050393308,2.81922384764567,1.21877678823023,-1.49339025478756,1.65597626657153,-0.218672971361767
1.1475862641511,2.32983517816255,0.371051957229409,-1.67567958559546,1.57410586725113,2.2022357387512,0.270178810807557,4.55479243958915,-0.128509338474539,3.74376532024259
1.87859712527686,1.93914298214961,1.40438120500668,-2.05687162393251,-0.718682468235921,0.504125444318926,-0.676595659950298,1.90894787492473,2.14120803881057,0.301849064445475
1.83077994731334,0.0129262915992442,-0.27322799843593,0.334723831902173,0.832025326669345,0.682811268718819,-0.185644048844658,0.771531453965968,2.99063802399543,1.91318558965284
3.38570940586357,2.0899170795498,1.5385043689276,-0.80300458965715,1.11687542967238,0.248244767834859,3.27022357679697,0.337448674294142,0.347894875843406,4.92667429146505
3.01103305767494,2.51814744288848,3.92617557864123,0.0671768604935466,0.307114913583272,-2.24680413663303,-3.37134585920268,-0.132015820158744,0.774694070361434,1.43007549169437
1.75248257976879,3.28457201724849,0.521203055725323,2.10004271026783,1.19205571638782,4.01594255670067,1.80251250205339,0.821374853519258,3.06792803183567,1.28641083877129
0.707877722434249,4.27430347510578,1.39958718324776,1.21470347881871,0.378542717345559,1.05213396643328,-0.706072660921907,-1.20892013820795,2.96205635573874,1.49684686588368
0.587780082655119,4.18666617404097,0.558736787095935,-1.43630119247221,0.243057854032571,-0.572771913342226,1.08148377952687,0.999576010064861,1.52257847153049,1.2759964785695
3.03869217761166,5.21381111411774,-0.596236782113782,1.81337295901214,2.94277370522509,5.10048206280069,3.86183107203068,-1.31178956219541,1.8140935179341,3.68674328879265
0.980176143652185,4.59749094132551,1.42591899946773,0.351187658577411,1.25034900798239,1.55926020349829,3.49097569681474,2.87594755945506,3.05840807393091,3.68429762880973
1.99095224592484,-0.377377478079031,0.604669303518824,-1.02981853338497,1.5806169389841,-2.04472270992107,-0.442246398676444,0.393500764621317,-0.788026062856586,0.42798337884307
5.10493061395518,2.83376941312908,-0.400966469564696,-0.956327148269766,2.04997823515333,1.64000161502109,-1.59073469754416,1.22076651125107,4.90585106792285,-0.248906625404706
0.1102290278945,-1.90569557851722,0.45703873345475,5.11901009915149,2.38015760619492,1.25668496385367,-0.290009840777062,0.397858432328453,0.331964244941743,-1.68628482915581
2.71355401341647,6.29322056831952,0.0185859494604457,1.62983621533709,-0.171991704526706,2.89731303770815,-0.180663600589859,0.913288666711676,1.65494397157808,-0.00111622806391587
-1.81512057672406,1.85951953192071,5.11049766400926,2.10738056850556,4.55060627418534,-0.791698282231067,0.836558967498884,5.08067086065606,0.348767952782286,-0.24717877758217
1.11310153937145,0.585976951072726,2.19090530155882,1.33389812217413,0.547018476376363,2.28128593742423,0.731898038490263,-0.20802643647334,-0.0640010871634287,2.9462065929538
-0.487369289835585,-0.74753104228143,1.39571925693277,1.85337693724795,-2.61961300027093,-0.994394332148459,-1.25882507919678,0.447279411683096,-1.50147653609793,1.90501215221811
-0.824797549462581,1.04704118256586,0.928338551009115,2.66997715707358,0.928247498281272,2.45196876766058,0.646538122974391,2.97646151287291,-0.968851307125244,-0.626282492332439
4.11729299149684,2.3581899254237,3.86289843598777,3.06270778893142,4.796164020319,1.13192627007597,0.205086410515694,2.94460496005808,-0.809947541133442,-0.168804081896532
1.44649508405351,2.13451499055905,4.09115447437421,2.31683472550756,0.559579211806358,3.22515947419406,-0.419572685393709,-1.46842415059774,4.41130706881381,1.78655935313829
-0.134419630264272,3.44937957375457,3.74318746939532,2.42663734258077,2.66949215440704,4.33846391884232,2.85809368987288,0.161916257918254,-1.22965051145294,2.96041012237922
3.03653001694276,0.886210601809637,0.656316183319885,0.336365064956377,2.06760866178029,1.24600982400958,0.100074915075519,3.72604336826139,-0.107050638671041,0.00681140431809668
0.368851354674639,2.23342539907517,1.71149201029315,0.391736750384002,2.3883082150855,3.31491169064638,2.61686599671681,0.317336631061759,-0.788736351684439,4.48753740911742
4.90046424832196,2.48591079120463,-0.201547857481719,2.62547869773131,3.80114002215558,3.12009465282663,3.5931303132358,0.816153605382515,2.72151073907868,2.73239590153081
0.621842659750669,0.595835371075367,-0.191452079455312,-2.23462447656833,2.76142078079872,-1.90040802386683,-4.45762326932448,2.61636161923015,1.17854071234999,-2.0523721101066
2.80831095942937,-0.183171747498036,-0.0988938769292049,2.8018051757302,1.50699425494356,3.20955168171932,-1.88234468646854,-1.4582839167287,-2.87396431938864,2.16837978778422
-0.846788640798182,2.99746765645321,-1.04818326286108,0.276447363973582,1.71212834885611,-1.06323611917614,-0.030012727300001,-0.49646966068856,-1.48102190469344,-1.35800228223903
2.58726732955608,0.574348259396047,1.1082210442153,-1.59576182305541,5.53068469633286,2.6511039494167,1.66154249580994,-0.267301946487765,-0.0472216873656643,5.36916525833948
1.22707408029299,1.16070386001703,1.25733890242998,0.623477936954617,2.0876393213211,4.8915912232033,1.93402184840791,3.13621398107199,3.68033196030156,2.26293819926776
3.24076308880268,1.14252013505399,2.58523436736785,1.92791696945706,-0.610569817414316,1.8416822938941,-0.970345234818929,3.59295727248918,2.20793232507738,3.15998602200413
-3.32702645949064,0.649356878490628,-2.46326035987372,1.34207941063886,1.53290184600822,0.106970449498024,0.746726194589524,0.733084186238487,-4.31225856263116,-0.241029475201447
1.61659812767503,0.281290394350193,2.70430992291597,0.144215354354019,2.3588156775452,4.08562141329244,2.49992183358876,-2.08455286525148,1.9337177271661,-1.98902828171713
-2.62102520695325,0.980592935076654,1.4917106841315,2.29078575697348,0.0303812550688758,1.44662071904317,-0.227185893009134,0.299334935208396,0.667544745690015,-2.92458748043945
6.29878863435515,1.92221965100998,2.28374063065659,3.85465693355859,4.20302434923864,5.40223160807973,2.38404587321032,3.77029220412571,6.80398015439225,2.01340759567668
4.05385957544437,4.95994112321666,2.1117632254615,1.11635219751204,0.964276857177031,3.82177326042337,-1.01833454852837,3.87979288868766,1.33108644889839,3.28513164241251
0.850975176676214,0.733364743161499,2.45383854633002,1.87952440978708,0.513651503190625,-1.47247251798843,2.31962891968318,1.02321901954707,-1.57197907136838,2.13856408705266
4.02151486468402,2.10787106403252,1.00391908577414,5.92478486988625,4.85298929162766,4.95523339714587,4.67093434442347,-0.0806083231279584,4.00568646799333,1.28297998806741
-3.00868736214487,1.00725652731051,0.466673042131594,1.69805201000666,1.71942013094243,-0.150707458539196,-1.40016778745107,0.113611080364824,1.18004470478446,0.614633599835366
1.59036559606841,-1.41313553873838,0.927239452137343,2.98661725878381,0.321875931089497,3.68636446727688,1.17489759410688,2.44292865861653,1.32885515927443,0.568745038145417
2.85662013776109,-0.436818642345871,4.07684553851777,0.643044394314487,2.48162082941395,-1.52397551804393,1.31759373510897,2.80345532883357,-2.12108839265931,0.220786915735536
2.49757334225792,1.82539656033071,1.15479158308366,-0.337835090124233,0.686614930580412,0.893411845221183,1.45311385012707,0.534936868771569,2.04453091663666,1.60814686415099
-0.839557812643809,-1.18499073547898,1.50086093692314,-1.03499368383137,2.64796941889106,-1.68526848910556,0.885036376237855,0.251706566793811,-1.70334861071219,1.15932789976117
3.25293136623457,0.180118718109461,3.26657927953625,0.42133242861558,1.36154495575386,2.16028430460603,-0.190785751633591,1.69124448403383,2.63772547679722,1.58060893138991
1.68993942010753,3.07486902342874,0.439002842834278,1.10897838565837,1.73323241201289,-0.813229637243166,2.1416963380541,0.74724579921486,5.26807646991564,1.47533248985909
5.13394956494608,-0.555344280790223,1.61137395849653,2.02235877489372,2.4823954027982,3.72651313232838,3.70915535742278,-1.20523579872527,-0.686424390345794,1.4314444178276
1.55928091117723,1.49642251873251,0.630641156610063,-0.548667436225622,1.01937865121845,2.97210706665409,0.126452365388279,1.60109792512336,1.44893691805874,2.21623798124597
1.20277064439385,-0.101916420446578,3.6570798445211,1.68392522459792,0.951977515262573,2.19432713936004,3.51772151484669,0.948761648296178,-0.357999294000533,0.216868228860759
1.34695113622797,1.31618962728119,3.37028903100619,-1.00242234565411,-0.23293329234108,1.71768464532912,1.21703954810715,1.27652004858756,-0.00389497284997531,0.92153354840462
1.81898700601885,0.35189568680659,-0.705546463893069,4.55371206624552,-1.1005975252206,0.708157034687944,0.299564970817774,-1.13829140251519,1.1166293271647,1.22691988773801
1.01757013760587,2.88280161089796,6.1697654060685,-1.02772678713262,0.746619442173144,3.71824021987637,2.11151178425188,1.85934278653779,1.72045310074585,2.69305898674183
1.30801684450791,3.88147553844903,0.311107647558118,5.18985155052836,-1.31377303865635,5.57084191634318,0.0958737110222525,2.40782108656158,0.15660718148668,3.22672277280331
4.51878284031374,2.70833296417374,2.44919199758277,0.85824066065808,2.06367204608445,2.95688206771487,3.14696793224861,4.56654057953714,2.62890393127903,0.0637070031333475
1.73988223253196,0.946285790713387,-2.33065303729104,-1.1125228468959,3.77806058630856,-1.04181566823955,3.11347713092065,0.559755997250425,0.371025835231327,0.371431109610815
3.21038863460662,4.31863853231782,2.31175225436696,2.99038716274815,2.10731602591384,2.2120271962115,1.71344751179235,5.62908805766206,2.27277373120774,3.8471567744381
1.53353838415372,0.382641363996457,2.39763121267166,-0.734141966895865,3.47921757913664,1.66297842024753,3.15556064720318,0.481387267499582,-0.512127855256162,4.93662157186523
3.90846226059513,-2.36866456626589,1.53530565515836,1.35034968360945,2.49212151398461,-0.909518401584026,0.612106534784784,1.99626286937703,2.26923572130008,-0.0733776028642843
2.30510686509038,0.778425444120318,3.32750782961688,1.18453911147581,3.84467974605655,5.40844829288104,2.97934220866964,3.42099352163588,3.05760645260007,3.70631944428467
1.50811604871895,2.17570948276569,-2.29072233164173,2.59219136869489,0.288662204940113,3.48271898435572,-0.456254342222138,2.99526095936396,1.73574040795771,1.01061765439339
2.09978858787456,7.79489045969811,2.18303087945045,0.771001455468798,1.49217888206973,-0.519555224802179,1.02577892600278,2.17914502225846,5.581001183071,0.42374652892898
0.980148882908039,2.69440980655027,-0.721219755603576,0.0122312562231013,3.3395738230211,0.104725483849033,3.16094228786238,0.264294206898093,-1.84042141921098,0.189165118229067
1.4696149499456,0.698480103684665,-2.23538548810101,-0.0440121317779406,0.935981142547452,-2.32986345316428,-1.9696972580483,2.77106982827305,-1.26488894431014,0.497608427146706
-0.141593885070043,0.199399938776038,0.302926567517636,-1.16867857558741,0.296162186269224,-0.890941523501185,-0.850352110658976,3.045704558739,2.55115074883279,-2.34535554982698
4.15531647814582,1.45127852089879,2.84016801096508,2.50315469036395,2.27533627382044,-1.31675943693169,1.83736910906953,0.793884127586443,3.0787125280191,2.45721159079932
2.72740564933844,2.49094183033196,4.36982907373467,1.57525028998929,1.07616836540018,3.93956614780916,0.624827769813863,3.17466679818887,2.47801803869709,1.9660196489556
-0.62413515092748,-1.83158083327198,-0.042641155479371,1.11215125499407,-0.15261520628256,1.88842936558849,-1.79839369888937,-2.74537578863043,-1.47549702938931,-0.226444538509439
3.27058084934275,3.32539593382817,2.0599277846209,2.59577028032932,-0.546669236916052,0.0305328947655972,2.28962210039542,4.25447762829157,-0.372052712549575,-0.507480845424668
0.260690228087964,2.98572334277773,3.62071724717254,-1.62313357522785,0.260887123251776,4.01913502376402,1.96017159663831,0.680820260827746,-0.818557976209909,0.682309716735158
4.28517235875578,3.13844200128121,1.03600114251854,4.25285873241143,3.50609905861594,4.60554094980873,1.75720629392439,3.43374705237423,1.38170516392507,4.83453088083924
1.40674604066139,-3.75055327731805,-2.66860211485479,1.47021552895545,1.35008388020233,-1.67867186063295,2.82599878446674,-0.566017930768748,-2.28852404777911,0.945052352881688
3.48006846879676,2.59665691653978,1.65655701379658,1.11529039411686,-0.272282964422678,0.818916217669354,3.13845478483663,0.974090884024921,2.33995716779789,1.1766412278609
-2.46610645240491,2.32642303956641,2.05550373271105,3.43882375409962,0.162795915247568,1.02113574868477,2.63844410097287,0.947624133732715,1.1983626416638,0.824043343102113
1.43655684430683,-1.76791596187447,1.88233087759024,-0.455528744227787,2.65148773563325,1.04296103289409,3.02144234864759,-1.36926757682225,1.19076150879705,-0.893431689515876
-0.831966605602801,2.02908625499723,6.06469394640603,4.58404425158517,1.01233193780359,2.26034236293915,-1.18709607594922,-1.98967757257446,0.594603304803284,-1.92439027189282
2.31860913016062,-3.28213378951132,3.04225930968998,1.57432810622153,-0.796939238188983,0.439489608484308,-2.09417410950281,-0.172044165839027,-1.27254434249793,4.15313106860627
-0.347769531988803,0.794733381682093,-1.15909587872053,1.94677035618364,0.670462665671507,3.80643798443857,-1.65687156617675,0.938534717154088,0.474636455382993,-0.0397166518304322
5.09617905595217,4.20798728591677,0.0343915867763946,2.96704606871694,-0.658017557745522,1.66946722575444,2.55734809671145,4.3719051155855,1.16121507037383,1.86112761837243
1.83092797000628,4.16142989970164,-1.0236695161194,0.0517731302257438,2.43000331870007,3.4384203204815,1.62820711120588,1.51426910779673,2.60149393618881,-1.16514261248135
2.8824584855018,0.502934795084678,-3.01810164568762,4.32104857884438,1.38848246326537,4.50327761297205,1.09223681606052,1.81533633555353,0.958960821785974,-0.0152456688804719
6.55377317589738,4.61855514624947,1.37679122205324,2.57525893976685,0.970643844793933,1.79741751225726,1.61676867409868,2.59263802387686,2.90148903224784,4.40792564768776
-1.31477893982057,2.28250026114924,4.09300476409783,2.19444526335007,4.18145836957943,3.35470940991709,3.49575871202395,-0.0613700288058627,2.76295564448962,3.10472080864735
-1.20446122686372,-0.930731090924172,1.40608852016929,0.524697281271529,-1.35309998903133,1.71963595601971,3.08028577536613,-1.070122857028,-1.41766971775217,-1.93881000573007
2.92696867063722,2.3962238752031,0.545069015643438,3.25459798018737,2.87149984252223,-0.892225637568052,2.80356361945114,2.61270342613969,1.44980823256711,5.70844866298221
2.46253543254934,2.54051916237638,5.54517052279835,7.32756418356566,3.15593184877421,1.70667868908654,1.56236685776996,-0.751066494776133,2.74945591496052,2.38782017222509
